word,hiragana,romaji,pos,category,domain,source
肋骨,あばらぼね,abarabone,普通名詞,動物-部位,,juman
あばら家,あばらや,abaraya,普通名詞,場所-施設,,juman
虻,あぶ,abu,普通名詞,動物,,juman
油,あぶら,abura,普通名詞,自然物,,juman
油揚げ,あぶらあげ,aburaage,普通名詞,人工物-食べ物,料理・食事,juman
脂汗,あぶらあせ,aburaase,普通名詞,自然物,健康・医学,juman
油絵,あぶらえ,aburae,普通名詞,人工物-その他;抽象物,文化・芸術,juman
脂身,あぶらみ,aburami,普通名詞,動物-部位;人工物-食べ物,料理・食事,juman
油虫,あぶらむし,aburamushi,普通名詞,動物,,juman
油菜,あぶらな,aburana,普通名詞,植物,料理・食事,juman
油売り,あぶらうり,aburauri,サ変名詞,人,,juman
油蝉,あぶらぜみ,aburazemi,普通名詞,動物,,juman
上り口,あがりぐち,agariguchi,普通名詞,場所-施設部位,,juman
揚げ羽蝶,あげはちょう,agehacho,普通名詞,動物,,juman
揚げ物,あげもの,agemono,普通名詞,人工物-食べ物,料理・食事,juman
上げ潮,あげしお,ageshio,普通名詞,抽象物,,juman
間,あいだ,aida,時相名詞,場所-機能;時間,,juman
愛読,あいどく,aidoku,サ変名詞,抽象物,レクリエーション,juman
愛育,あいいく,aiiku,サ変名詞,抽象物,家庭・暮らし,juman
愛飲,あいいん,aiin,サ変名詞,抽象物,料理・食事,juman
藍色,あいいろ,aiiro,普通名詞,色,,juman
愛情,あいじょう,aijo,普通名詞,抽象物,,manual
合い鍵,あいかぎ,aikagi,普通名詞,人工物-その他,家庭・暮らし,juman
相方,あいかた,aikata,普通名詞,人,,juman
愛犬,あいけん,aiken,普通名詞,動物,,juman
合い言葉,あいことば,aikotoba,普通名詞,抽象物,,juman
合い口,あいくち,aikuchi,普通名詞,人工物-その他,,juman
間の手,あいのて,ainote,普通名詞,抽象物,文化・芸術;レクリエーション,juman
愛妻,あいさい,aisai,普通名詞,人,家庭・暮らし,juman
挨拶,あいさつ,aisatsu,サ変名詞,抽象物,,manual
愛車,あいしゃ,aisha,普通名詞,人工物-乗り物,交通,juman
相手,あいて,aite,普通名詞,人,,juman
相手方,あいてかた,aitekata,普通名詞,人;場所-機能,,juman
鰺,あじ,aji,普通名詞,動物;人工物-食べ物,料理・食事,juman
味見,あじみ,ajimi,サ変名詞,抽象物,料理・食事,juman
紫陽花,あじさい,ajisai,普通名詞,植物,,juman
味付け,あじつけ,ajitsuke,サ変名詞,抽象物,料理・食事,juman
赤,あか,aka,普通名詞,色,,juman
赤ちゃん,あかちゃん,akachan,普通名詞,人,家庭・暮らし,juman
赤米,あかごめ,akagome,普通名詞,人工物-食べ物,料理・食事,juman
赤色,あかいろ,akairo,普通名詞,色,,juman
赤松,あかまつ,akamatsu,普通名詞,植物,,juman
赤虫,あかむし,akamushi,普通名詞,動物,,juman
赤ん坊,あかんぼう,akanbo,普通名詞,人,家庭・暮らし,juman
茜,あかね,akane,普通名詞,植物,,juman
茜色,あかねいろ,akaneiro,普通名詞,色,,juman
亜寒帯,あかんたい,akantai,普通名詞,場所-その他,,juman
赤ら顔,あからがお,akaragao,普通名詞,動物-部位,,juman
明かり取り,あかりとり,akaritori,普通名詞,場所-施設部位,家庭・暮らし,juman
赤錆び,あかさび,akasabi,普通名詞,自然物,,juman
赤土,あかつち,akatsuchi,普通名詞,自然物,,juman
暁,あかつき,akatsuki,普通名詞,時間,,juman
曙,あけぼの,akebono,普通名詞,時間,,juman
明け方,あけがた,akegata,時相名詞,時間,,juman
明けの明星,あけのみょうじょう,akenomyojo,普通名詞,自然物,,juman
秋,あき,aki,時相名詞,時間,,juman
空き箱,あきばこ,akibako,普通名詞,人工物-その他,,juman
秋晴れ,あきばれ,akibare,普通名詞,抽象物,,juman
空き瓶,あきびん,akibin,普通名詞,人工物-その他,,juman
空き地,あきち,akichi,普通名詞,場所-その他,,juman
秋口,あきぐち,akiguchi,時相名詞,時間,,juman
空き缶,あきかん,akikan,普通名詞,人工物-その他,,juman
秋草,あきくさ,akikusa,普通名詞,植物,,juman
空き巣,あきす,akisu,普通名詞,人;抽象物,家庭・暮らし,juman
空き家,あきや,akiya,普通名詞,場所-施設,,juman
悪漢,あっかん,akkan,普通名詞,人,,juman
あくび,あくび,akubi,普通名詞,抽象物,,juman
悪弊,あくへい,akuhei,普通名詞,人工物-その他,,juman
悪女,あくじょ,akujo,普通名詞,人,,juman
悪夢,あくむ,akumu,普通名詞,抽象物,,manual
悪人,あくにん,akunin,普通名詞,人,,juman
握手,あくしゅ,akushu,サ変名詞,抽象物,,manual
悪役,あくやく,akuyaku,普通名詞,抽象物,文化・芸術,juman
尼,あま,ama,普通名詞,人,文化・芸術,juman
雨垂れ,あまだれ,amadare,普通名詞,自然物,,juman
尼寺,あまでら,amadera,普通名詞,場所-施設,文化・芸術,juman
雨蛙,あまがえる,amagaeru,普通名詞,動物,,juman
雨傘,あまがさ,amagasa,普通名詞,人工物-その他,家庭・暮らし,juman
雨乞い,あまごい,amagoi,サ変名詞,抽象物,家庭・暮らし,juman
雨具,あまぐ,amagu,普通名詞,人工物-衣類,家庭・暮らし,juman
雨雲,あまぐも,amagumo,普通名詞,自然物,,juman
雨靴,あまぐつ,amagutsu,普通名詞,人工物-衣類,家庭・暮らし,juman
甘口,あまくち,amakuchi,普通名詞,抽象物,料理・食事,juman
雨水,あまみず,amamizu,普通名詞,自然物,,juman
雨漏り,あまもり,amamori,サ変名詞,抽象物,,juman
天の川,あまのがわ,amanogawa,普通名詞,抽象物,,juman
天邪鬼,あまのじゃく,amanojaku,普通名詞,人,,juman
甘党,あまとう,amato,普通名詞,人,料理・食事,juman
雨宿り,あまやどり,amayadori,サ変名詞,抽象物,家庭・暮らし,juman
甘酒,あまざけ,amazake,普通名詞,人工物-食べ物,料理・食事,juman
飴,あめ,ame,普通名詞,人工物-食べ物,料理・食事,juman
雨上がり,あめあがり,ameagari,普通名詞,抽象物;時間,,juman
雨降,あめふらし,amefurashi,普通名詞,動物,,juman
飴色,あめいろ,ameiro,普通名詞,色,,juman
あめんぼ,あめんぼ,amenbo,普通名詞,動物,,juman
網,あみ,ami,普通名詞,人工物-その他,,juman
網棚,あみだな,amidana,普通名詞,場所-施設部位,交通,juman
網戸,あみど,amido,普通名詞,人工物-その他,家庭・暮らし,juman
網目,あみめ,amime,普通名詞,人工物-その他;形・模様,,juman
編み物,あみもの,amimono,普通名詞,人工物-その他,レクリエーション;家庭・暮らし,juman
網元,あみもと,amimoto,普通名詞,人,,juman
穴,あな,ana,普通名詞,場所-自然;抽象物,,juman
穴子,あなご,anago,普通名詞,動物;人工物-食べ物,料理・食事,juman
穴熊,あなぐま,anaguma,普通名詞,動物,,juman
穴蔵,あなぐら,anagura,普通名詞,場所-その他,,juman
あなた,あなた,anata,普通名詞,人,,juman
穴埋め,あなうめ,anaume,サ変名詞,抽象物,,juman
鞍馬,あんば,anba,普通名詞,抽象物,スポーツ,juman
行灯,あんどん,andon,普通名詞,人工物-その他,,juman
姉,あね,ane,普通名詞,人,家庭・暮らし,juman
亜熱帯,あねったい,anettai,普通名詞,場所-その他,,juman
兄,あに,ani,普通名詞,人,家庭・暮らし,juman
兄貴,あにき,aniki,普通名詞,人,家庭・暮らし,juman
兄嫁,あによめ,aniyome,普通名詞,人,家庭・暮らし,juman
暗幕,あんまく,anmaku,普通名詞,人工物-その他,,juman
安眠,あんみん,anmin,サ変名詞,抽象物,家庭・暮らし,juman
案内,あんない,annai,サ変名詞,抽象物,,manual
あの世,あのよ,anoyo,普通名詞,場所-その他,文化・芸術,juman
あんさん,あんさん,ansan,普通名詞,人,,juman
暗室,あんしつ,anshitsu,普通名詞,場所-施設,文化・芸術;科学・技術,juman
暗礁,あんしょう,ansho,普通名詞,自然物,,juman
安息,あんそく,ansoku,サ変名詞,抽象物,家庭・暮らし,juman
安息日,あんそくび,ansokubi,普通名詞,時間,,juman
暗雲,あんうん,anun,普通名詞,自然物,,juman
安山岩,あんざんがん,anzangan,普通名詞,自然物,,juman
杏,あんず,anzu,普通名詞,植物;人工物-食べ物,料理・食事,juman
青大将,あおだいしょう,aodaisho,普通名詞,動物,,juman
葵,あおい,aoi,普通名詞,植物,,juman
青黴,あおかび,aokabi,普通名詞,植物,,juman
青物,あおもの,aomono,普通名詞,植物;人工物-食べ物,料理・食事,juman
仰向け,あおむけ,aomuke,普通名詞,抽象物,,juman
青虫,あおむし,aomushi,普通名詞,動物,,juman
青海苔,あおのり,aonori,普通名詞,植物;人工物-食べ物,料理・食事,juman
青田,あおた,aota,普通名詞,場所-その他,,juman
荒行,あらぎょう,aragyo,普通名詞,抽象物,文化・芸術,juman
洗い場,あらいば,araiba,普通名詞,場所-施設部位,家庭・暮らし,juman
荒巻き,あらまき,aramaki,普通名詞,人工物-食べ物,料理・食事,juman
荒物,あらもの,aramono,普通名詞,人工物-その他,家庭・暮らし,juman
嵐,あらし,arashi,普通名詞,抽象物,,manual
粗筋,あらすじ,arasuji,普通名詞,抽象物,文化・芸術,juman
新手,あらて,arate,普通名詞,人,,juman
荒海,あらうみ,araumi,普通名詞,場所-その他,,juman
荒れ地,あれち,arechi,普通名詞,場所-その他,,juman
荒れ野,あれの,areno,普通名詞,場所-自然,,juman
蟻,あり,ari,普通名詞,動物,,juman
有り金,ありがね,arigane,普通名詞,人工物-金銭,,juman
在りか,ありか,arika,普通名詞,場所-その他,,juman
在りし日,ありしひ,arishihi,時相名詞,時間,,juman
主人,あるじ,aruji,普通名詞,人,家庭・暮らし,juman
麻,あさ,asa,普通名詞,植物,,juman
朝晩,あさばん,asaban,時相名詞,時間,,juman
朝顔,あさがお,asagao,普通名詞,植物,,juman
朝方,あさがた,asagata,時相名詞,時間,,juman
朝げ,あさげ,asage,普通名詞,人工物-食べ物,料理・食事,juman
朝霧,あさぎり,asagiri,普通名詞,抽象物,,manual
朝市,あさいち,asaichi,普通名詞,場所-その他,家庭・暮らし,juman
朝飯,あさめし,asameshi,普通名詞,人工物-食べ物,,juman
浅緑,あさみどり,asamidori,普通名詞,色,,juman
朝な夕な,あさなゆうな,asanayuna,時相名詞,時間,,juman
朝起き,あさおき,asaoki,サ変名詞,抽象物,家庭・暮らし,juman
朝っぱら,あさっぱら,asappara,時相名詞,時間,,juman
あさり,あさり,asari,普通名詞,動物;人工物-食べ物,料理・食事,juman
朝露,あさつゆ,asatsuyu,普通名詞,自然物,,juman
明後日,あさって,asatte,時相名詞,時間,,juman
朝焼け,あさやけ,asayake,普通名詞,抽象物,,juman
朝夕,あさゆう,asayu,時相名詞,時間,,juman
汗,あせ,ase,普通名詞,自然物,,juman
汗水,あせみず,asemizu,普通名詞,自然物,健康・医学,juman
汗疹,あせも,asemo,普通名詞,動物,健康・医学,juman
芦,あし,ashi,普通名詞,植物,,juman
足跡,あしあと,ashiato,普通名詞,人工物-その他,,juman
足踏み,あしぶみ,ashibumi,サ変名詞,抽象物,,juman
足代,あしだい,ashidai,普通名詞,人工物-金銭,,juman
足止め,あしどめ,ashidome,サ変名詞,抽象物,,juman
足掛かり,あしがかり,ashigakari,普通名詞,場所-その他,,juman
足型,あしがた,ashigata,普通名詞,人工物-その他,,juman
海驢,あしか,ashika,普通名詞,動物,,juman
足枷,あしかせ,ashikase,普通名詞,人工物-その他,,juman
足腰,あしこし,ashikoshi,普通名詞,動物-部位,,juman
足首,あしくび,ashikubi,普通名詞,動物-部位,,juman
足下,あしもと,ashimoto,普通名詞,場所-その他,,juman
足音,あしおと,ashioto,普通名詞,抽象物,,manual
足先,あしさき,ashisaki,普通名詞,動物-部位,,juman
明日葉,あしたば,ashitaba,普通名詞,植物;人工物-食べ物,料理・食事,juman
足技,あしわざ,ashiwaza,普通名詞,抽象物,スポーツ,juman
遊び場,あそびば,asobiba,普通名詞,場所-その他,レクリエーション,juman
頭,あたま,atama,普通名詞,動物-部位,,juman
頭金,あたまきん,atamakin,普通名詞,人工物-金銭,家庭・暮らし;ビジネス,juman
当たり年,あたりどし,ataridoshi,普通名詞,時間,,juman
当たり役,あたりやく,atariyaku,普通名詞,抽象物,文化・芸術,juman
宛て先,あてさき,atesaki,普通名詞,場所-その他,,juman
後,あと,ato,時相名詞,場所-機能;時間,,juman
後足,あとあし,atoashi,普通名詞,動物-部位,,juman
後々,あとあと,atoato,時相名詞,時間,,juman
後書き,あとがき,atogaki,普通名詞,抽象物,文化・芸術;メディア,juman
後追い,あとおい,atoi,サ変名詞,抽象物,,juman
後戻り,あともどり,atomodori,サ変名詞,抽象物,,juman
後先,あとさき,atosaki,普通名詞,時間,,juman
後押し,あとおし,atoshi,サ変名詞,抽象物,,juman
跡取り,あととり,atotori,普通名詞,人,家庭・暮らし,juman
跡継ぎ,あとつぎ,atotsugi,普通名詞,人,家庭・暮らし,juman
厚紙,あつがみ,atsugami,普通名詞,人工物-その他,,juman
厚地,あつじ,atsuji,普通名詞,人工物-その他,,juman
泡,あわ,awa,普通名詞,自然物;抽象物,,juman
あわび,あわび,awabi,普通名詞,動物;人工物-食べ物,料理・食事,juman
泡盛,あわもり,awamori,普通名詞,人工物-食べ物,料理・食事,juman
菖蒲,あやめ,ayame,普通名詞,植物,,juman
鮎,あゆ,ayu,普通名詞,動物;人工物-食べ物,料理・食事,juman
あざらし,あざらし,azarashi,普通名詞,動物,,juman
校倉,あぜくら,azekura,普通名詞,場所-施設,,juman
畦道,あぜみち,azemichi,普通名詞,場所-施設,,juman
小豆,あずき,azuki,普通名詞,植物,料理・食事,juman
婆ちゃん,ばあちゃん,baachan,普通名詞,人,家庭・暮らし,juman
馬具,ばぐ,bagu,普通名詞,人工物-その他,,juman
煤煙,ばいえん,baien,普通名詞,自然物,,juman
売薬,ばいやく,baiyaku,普通名詞,人工物-その他,健康・医学,juman
馬術,ばじゅつ,bajutsu,普通名詞,抽象物,スポーツ,juman
化け物,ばけもの,bakemono,普通名詞,抽象物,,juman
麦芽,ばくが,bakuga,普通名詞,人工物-食べ物,料理・食事,juman
幕末,ばくまつ,bakumatsu,普通名詞,時間,,juman
爆笑,ばくしょう,bakusho,サ変名詞,抽象物,,manual
麦酒,ばくしゅ,bakushu,普通名詞,人工物-食べ物,料理・食事,juman
番茶,ばんちゃ,bancha,普通名詞,人工物-食べ物,料理・食事,juman
馬肉,ばにく,baniku,普通名詞,動物-部位;人工物-食べ物,料理・食事,juman
板状,ばんじょう,banjo,普通名詞,形・模様,,juman
番犬,ばんけん,banken,普通名詞,動物,,juman
万国,ばんこく,bankoku,普通名詞,場所-その他,,juman
万人,ばんにん,bannin,普通名詞,人,,juman
晩酌,ばんしゃく,banshaku,サ変名詞,抽象物,料理・食事,juman
晩秋,ばんしゅう,banshu,時相名詞,時間,,juman
晩春,ばんしゅん,banshun,時相名詞,時間,,juman
絆創膏,ばんそうこう,bansoko,普通名詞,人工物-その他,健康・医学;家庭・暮らし,juman
番手,ばんて,bante,普通名詞,人,,juman
番付,ばんづけ,banzuke,普通名詞,抽象物,スポーツ;メディア,juman
薔薇色,ばらいろ,barairo,普通名詞,色,,juman
ばれいしょ,ばれいしょ,bareisho,普通名詞,植物;人工物-食べ物,料理・食事,juman
馬車,ばしゃ,basha,普通名詞,人工物-乗り物,交通,juman
場末,ばすえ,basue,普通名詞,場所-その他,,juman
飛蝗,ばった,batta,普通名詞,動物,,juman
貝独楽,べいごま,beigoma,普通名詞,人工物-その他,レクリエーション,juman
米飯,べいはん,beihan,普通名詞,人工物-食べ物,料理・食事,juman
米人,べいじん,beijin,普通名詞,人,,juman
米寿,べいじゅ,beiju,普通名詞,時間,家庭・暮らし,juman
米貨,べいか,beika,普通名詞,人工物-金銭,,juman
米穀,べいこく,beikoku,普通名詞,人工物-食べ物,料理・食事,juman
米食,べいしょく,beishoku,普通名詞,抽象物,料理・食事,juman
勉学,べんがく,bengaku,サ変名詞,抽象物,教育・学習,juman
紅,べに,beni,普通名詞,色,,juman
紅花,べにばな,benibana,普通名詞,植物,家庭・暮らし;料理・食事,juman
弁当,べんとう,bento,普通名詞,人工物-食べ物,料理・食事,juman
べろ,べろ,bero,普通名詞,動物-部位,,juman
別冊,べっさつ,bessatsu,普通名詞,人工物-その他;抽象物,文化・芸術,juman
別室,べっしつ,besshitsu,普通名詞,場所-施設,,juman
別荘,べっそう,besso,普通名詞,場所-施設,,juman
別院,べついん,betsuin,普通名詞,場所-施設,文化・芸術,juman
別人,べつじん,betsujin,普通名詞,人,,juman
別棟,べつむね,betsumune,普通名詞,場所-施設,,juman
別刷り,べつずり,betsuzuri,サ変名詞,人工物-その他;抽象物,文化・芸術;科学・技術;メディア,juman
美人,びじん,bijin,普通名詞,人,,juman
美術,びじゅつ,bijutsu,普通名詞,抽象物,文化・芸術,juman
美男,びなん,binan,普通名詞,人,,juman
便箋,びんせん,binsen,普通名詞,人工物-その他,家庭・暮らし,juman
瓶詰め,びんづめ,binzume,サ変名詞,人工物-食べ物,料理・食事,juman
美食,びしょく,bishoku,サ変名詞,抽象物,料理・食事,juman
美容院,びよういん,biyoin,普通名詞,場所-施設,家庭・暮らし,juman
尾翼,びよく,biyoku,普通名詞,人工物-その他,,juman
菩提樹,ぼだいじゅ,bodaiju,普通名詞,植物,,juman
孑々,ぼうふら,bofura,普通名詞,動物,,juman
防風林,ぼうふうりん,bofurin,普通名詞,場所-その他,,juman
防波堤,ぼうはてい,bohatei,普通名詞,場所-施設,,juman
棒切れ,ぼうきれ,bokire,普通名詞,植物-部位;人工物-その他,,juman
墨汁,ぼくじゅう,bokuju,普通名詞,人工物-その他,文化・芸術,juman
牧師,ぼくし,bokushi,普通名詞,人,文化・芸術,juman
牧草,ぼくそう,bokuso,普通名詞,植物,,juman
ぼんぼり,ぼんぼり,bonbori,普通名詞,抽象物,文化・芸術,juman
盆地,ぼんち,bonchi,普通名詞,場所-自然,,juman
凡打,ぼんだ,bonda,サ変名詞,抽象物,スポーツ,juman
凡人,ぼんじん,bonjin,普通名詞,人,,juman
煩悩,ぼんのう,bonno,普通名詞,抽象物,文化・芸術,juman
盆踊り,ぼんおどり,bonodori,普通名詞,抽象物,文化・芸術;レクリエーション,juman
凡夫,ぼんぷ,bonpu,普通名詞,人,,juman
盆栽,ぼんさい,bonsai,普通名詞,植物,レクリエーション,juman
梵鐘,ぼんしょう,bonsho,普通名詞,人工物-その他,文化・芸術,juman
亡霊,ぼうれい,borei,普通名詞,人,文化・芸術,juman
菩薩,ぼさつ,bosatsu,普通名詞,人,文化・芸術,juman
母船,ぼせん,bosen,普通名詞,人工物-乗り物,交通,juman
棒高跳び,ぼうたかとび,botakatobi,普通名詞,抽象物,スポーツ,juman
牡丹餅,ぼたもち,botamochi,普通名詞,人工物-食べ物,料理・食事,juman
坊っちゃん,ぼっちゃん,botchan,普通名詞,人,家庭・暮らし,juman
没後,ぼつご,botsugo,普通名詞,時間,,juman
坊や,ぼうや,boya,普通名詞,人,家庭・暮らし,juman
坊主,ぼうず,bozu,普通名詞,人,文化・芸術,juman
武芸,ぶげい,bugei,普通名詞,抽象物,文化・芸術,juman
奉行,ぶぎょう,bugyo,普通名詞,人,,juman
部員,ぶいん,buin,普通名詞,人,スポーツ;教育・学習,juman
武術,ぶじゅつ,bujutsu,普通名詞,抽象物,文化・芸術,juman
仏閣,ぶっかく,bukkaku,普通名詞,場所-施設,文化・芸術,juman
物件,ぶっけん,bukken,普通名詞,人工物-その他;場所-その他,家庭・暮らし;ビジネス,juman
仏教,ぶっきょう,bukkyo,普通名詞,抽象物,文化・芸術,juman
文房具,ぶんぼうぐ,bunbogu,普通名詞,人工物-その他,家庭・暮らし;教育・学習;ビジネス,juman
文物,ぶんぶつ,bunbutsu,普通名詞,抽象物,文化・芸術,juman
文鎮,ぶんちん,bunchin,普通名詞,人工物-その他,文化・芸術,juman
文鳥,ぶんちょう,buncho,普通名詞,動物,,juman
分度器,ぶんどき,bundoki,普通名詞,人工物-その他,教育・学習,juman
文学,ぶんがく,bungaku,普通名詞,抽象物,文化・芸術;教育・学習,juman
文芸,ぶんげい,bungei,普通名詞,抽象物,文化・芸術,juman
文具,ぶんぐ,bungu,普通名詞,人工物-その他,家庭・暮らし;教育・学習;ビジネス,juman
分館,ぶんかん,bunkan,普通名詞,場所-施設,,juman
文庫,ぶんこ,bunko,普通名詞,場所-施設,文化・芸術,juman
分教場,ぶんきょうじょう,bunkyojo,普通名詞,場所-その他,教育・学習,juman
文筆,ぶんぴつ,bunpitsu,普通名詞,抽象物,文化・芸術,juman
文楽,ぶんらく,bunraku,普通名詞,抽象物,文化・芸術,juman
分流,ぶんりゅう,bunryu,サ変名詞,抽象物,教育・学習,juman
分身,ぶんしん,bunshin,普通名詞,動物,,juman
分室,ぶんしつ,bunshitsu,普通名詞,場所-施設,,juman
分水嶺,ぶんすいれい,bunsuirei,普通名詞,場所-自然,,juman
文通,ぶんつう,buntsu,サ変名詞,抽象物,レクリエーション,juman
物品,ぶっぴん,buppin,普通名詞,人工物-その他,,juman
鰤,ぶり,buri,普通名詞,動物;人工物-食べ物,料理・食事,juman
部室,ぶしつ,bushitsu,普通名詞,場所-施設,スポーツ;教育・学習,juman
武将,ぶしょう,busho,普通名詞,人,,juman
物産,ぶっさん,bussan,普通名詞,人工物-その他,家庭・暮らし,juman
仏師,ぶっし,busshi,普通名詞,人,文化・芸術,juman
物質,ぶっしつ,busshitsu,普通名詞,自然物,,juman
豚,ぶた,buta,普通名詞,動物,料理・食事,juman
舞台,ぶたい,butai,普通名詞,場所-施設,文化・芸術,juman
豚肉,ぶたにく,butaniku,普通名詞,動物-部位;人工物-食べ物,料理・食事,juman
仏頂面,ぶっちょうづら,butchozura,普通名詞,動物-部位,,juman
仏陀,ぶつだ,butsuda,普通名詞,人,文化・芸術,juman
仏壇,ぶつだん,butsudan,普通名詞,人工物-その他,文化・芸術;家庭・暮らし,juman
仏具,ぶつぐ,butsugu,普通名詞,人工物-その他,文化・芸術,juman
仏間,ぶつま,butsuma,普通名詞,場所-施設,文化・芸術;家庭・暮らし,juman
仏滅,ぶつめつ,butsumetsu,普通名詞,時間,家庭・暮らし,juman
仏門,ぶつもん,butsumon,普通名詞,抽象物,文化・芸術,juman
物理,ぶつり,butsuri,普通名詞,抽象物,教育・学習;科学・技術,juman
仏前,ぶつぜん,butsuzen,普通名詞,場所-その他,文化・芸術,juman
仏像,ぶつぞう,butsuzo,普通名詞,人工物-その他,文化・芸術,juman
仏典,ぶってん,butten,普通名詞,抽象物,文化・芸術,juman
仏塔,ぶっとう,butto,普通名詞,場所-施設,文化・芸術,juman
蚋,ぶよ,buyo,普通名詞,動物,,juman
白虎,びゃっこ,byakko,普通名詞,動物,,juman
屏風,びょうぶ,byobu,普通名詞,人工物-その他,,juman
描写,びょうしゃ,byosha,サ変名詞,抽象物,文化・芸術,juman
秒針,びょうしん,byoshin,普通名詞,人工物-その他,,juman
秒読み,びょうよみ,byoyomi,普通名詞,時間,,juman
茶,ちゃ,cha,普通名詞,人工物-食べ物,料理・食事,manual
茶柱,ちゃばしら,chabashira,普通名詞,植物-部位;人工物-食べ物,料理・食事,juman
茶畑,ちゃばたけ,chabatake,普通名詞,場所-その他,,juman
ちゃぶ台,ちゃぶだい,chabudai,普通名詞,人工物-その他,料理・食事,juman
茶箪笥,ちゃだんす,chadansu,普通名詞,人工物-その他,家庭・暮らし,juman
茶所,ちゃどころ,chadokoro,普通名詞,場所-機能,,juman
茶釜,ちゃがま,chagama,普通名詞,人工物-その他,料理・食事,juman
茶色,ちゃいろ,chairo,普通名詞,色,,juman
茶器,ちゃき,chaki,普通名詞,人工物-その他,料理・食事,juman
茶漉し,ちゃこし,chakoshi,普通名詞,人工物-その他,料理・食事,juman
着帽,ちゃくぼう,chakubo,普通名詞,抽象物,家庭・暮らし,juman
着服,ちゃくふく,chakufuku,サ変名詞,抽象物,家庭・暮らし;政治,juman
着岸,ちゃくがん,chakugan,サ変名詞,抽象物,交通,juman
着衣,ちゃくい,chakui,サ変名詞,人工物-衣類,家庭・暮らし,juman
着陸,ちゃくりく,chakuriku,サ変名詞,抽象物,交通,juman
嫡子,ちゃくし,chakushi,普通名詞,人,家庭・暮らし,juman
着用,ちゃくよう,chakuyo,サ変名詞,抽象物,家庭・暮らし,juman
茶店,ちゃみせ,chamise,普通名詞,場所-施設,料理・食事,juman
茶の間,ちゃのま,chanoma,普通名詞,場所-施設,家庭・暮らし,juman
茶の湯,ちゃのゆ,chanoyu,普通名詞,抽象物,文化・芸術;料理・食事,juman
ちゃんぽん,ちゃんぽん,chanpon,サ変名詞,人工物-食べ物;抽象物,料理・食事,juman
茶髪,ちゃぱつ,chapatsu,普通名詞,動物-部位,,juman
茶匙,ちゃさじ,chasaji,普通名詞,人工物-その他,料理・食事,juman
茶室,ちゃしつ,chashitsu,普通名詞,場所-施設,文化・芸術,juman
茶托,ちゃたく,chataku,普通名詞,人工物-その他,料理・食事,juman
茶碗,ちゃわん,chawan,普通名詞,人工物-その他,料理・食事,juman
茶筒,ちゃづつ,chazutsu,普通名詞,人工物-その他,料理・食事,juman
ちびっ子,ちびっこ,chibikko,普通名詞,人,家庭・暮らし,juman
父,ちち,chichi,普通名詞,人,家庭・暮らし,juman
父方,ちちかた,chichikata,普通名詞,抽象物,家庭・暮らし,juman
父親,ちちおや,chichioya,普通名詞,人,家庭・暮らし,juman
父上,ちちうえ,chichiue,普通名詞,人,家庭・暮らし,juman
千鳥,ちどり,chidori,普通名詞,動物,,juman
知恵,ちえ,chie,普通名詞,抽象物,,manual
違い棚,ちがいだな,chigaidana,普通名詞,場所-施設部位,家庭・暮らし,juman
地学,ちがく,chigaku,普通名詞,抽象物,教育・学習;科学・技術,juman
千草,ちぐさ,chigusa,普通名詞,植物,,juman
稚魚,ちぎょ,chigyo,普通名詞,動物,料理・食事,juman
地表面,ちひょうめん,chihyomen,普通名詞,場所-その他,,juman
地域,ちいき,chiiki,普通名詞,場所-その他,,juman
地衣類,ちいるい,chiirui,普通名詞,植物,,juman
地軸,ちじく,chijiku,普通名詞,場所-その他,,juman
近場,ちかば,chikaba,普通名詞,場所-その他,,juman
近頃,ちかごろ,chikagoro,時相名詞,時間,,juman
地階,ちかい,chikai,普通名詞,場所-施設部位,,juman
地下茎,ちかけい,chikakei,普通名詞,植物-部位,,juman
地核,ちかく,chikaku,普通名詞,場所-自然,,juman
近道,ちかみち,chikamichi,サ変名詞,場所-その他,交通,juman
力,ちから,chikara,普通名詞,抽象物,,juman
地下鉄,ちかてつ,chikatetsu,普通名詞,人工物-乗り物,交通,juman
遅刻,ちこく,chikoku,サ変名詞,抽象物,,manual
築港,ちくこう,chikuko,サ変名詞,抽象物,交通,juman
蓄音機,ちくおんき,chikuonki,普通名詞,人工物-その他,文化・芸術,juman
畜生,ちくしょう,chikusho,普通名詞,人;動物,,juman
竹輪,ちくわ,chikuwa,普通名詞,人工物-食べ物,料理・食事,juman
地球,ちきゅう,chikyu,普通名詞,自然物,,juman
地球儀,ちきゅうぎ,chikyugi,普通名詞,人工物-その他,,juman
粽,ちまき,chimaki,普通名詞,人工物-食べ物,料理・食事,juman
巷,ちまた,chimata,普通名詞,場所-その他,,juman
鎮守,ちんじゅ,chinju,サ変名詞,抽象物,文化・芸術,juman
鎮魂,ちんこん,chinkon,サ変名詞,抽象物,文化・芸術,juman
珍客,ちんきゃく,chinkyaku,普通名詞,人,,juman
珍味,ちんみ,chinmi,普通名詞,人工物-食べ物,料理・食事,juman
乳飲み子,ちのみご,chinomigo,普通名詞,人,家庭・暮らし,juman
珍品,ちんぴん,chinpin,普通名詞,人工物-その他,,juman
賃貸,ちんたい,chintai,サ変名詞,抽象物,家庭・暮らし;ビジネス,juman
鎮座,ちんざ,chinza,サ変名詞,抽象物,文化・芸術,juman
塵,ちり,chiri,普通名詞,人工物-その他,,juman
塵紙,ちりがみ,chirigami,普通名詞,人工物-その他,家庭・暮らし,juman
縮緬,ちりめん,chirimen,普通名詞,人工物-その他,,juman
地政学,ちせいがく,chiseigaku,普通名詞,抽象物,教育・学習;政治,juman
地層,ちそう,chiso,普通名詞,場所-自然,,juman
窒素,ちっそ,chisso,普通名詞,自然物,,juman
地底,ちてい,chitei,普通名詞,場所-自然,,juman
千代紙,ちよがみ,chiyogami,普通名詞,人工物-その他,レクリエーション,juman
地図,ちず,chizu,普通名詞,人工物-その他;抽象物,交通,juman
蝶,ちょう,cho,普通名詞,動物,,juman
帳場,ちょうば,choba,普通名詞,場所-その他,,juman
懲罰,ちょうばつ,chobatsu,サ変名詞,抽象物,教育・学習;ビジネス;政治,juman
弔文,ちょうぶん,chobun,普通名詞,抽象物,家庭・暮らし,juman
貯蓄,ちょちく,chochiku,サ変名詞,抽象物,家庭・暮らし;ビジネス,juman
提灯,ちょうちん,chochin,普通名詞,人工物-その他,家庭・暮らし,juman
ちょうちょ,ちょうちょ,chocho,普通名詞,動物,,juman
弔電,ちょうでん,choden,普通名詞,人工物-その他;抽象物,家庭・暮らし,juman
調度,ちょうど,chodo,普通名詞,人工物-その他,,juman
長髪,ちょうはつ,chohatsu,普通名詞,動物-部位,,juman
長方形,ちょうほうけい,chohokei,普通名詞,形・模様,,juman
張本人,ちょうほんにん,chohonnin,普通名詞,人,,juman
弔慰,ちょうい,choi,サ変名詞,抽象物,家庭・暮らし,juman
超人,ちょうじん,chojin,普通名詞,人,,juman
鳥獣,ちょうじゅう,choju,普通名詞,動物,,juman
著述,ちょじゅつ,chojutsu,サ変名詞,抽象物,文化・芸術;科学・技術;メディア,juman
長兄,ちょうけい,chokei,普通名詞,人,家庭・暮らし,juman
帳消し,ちょうけし,chokeshi,サ変名詞,抽象物,,juman
直下,ちょっか,chokka,サ変名詞,場所-機能,,juman
直角,ちょっかく,chokkaku,普通名詞,場所-その他,,juman
直近,ちょっきん,chokkin,普通名詞,場所-機能,,juman
直球,ちょっきゅう,chokkyu,普通名詞,抽象物,スポーツ,juman
彫刻,ちょうこく,chokoku,サ変名詞,人工物-その他;抽象物,文化・芸術,juman
直腸,ちょくちょう,chokucho,普通名詞,動物-部位,健康・医学,juman
直後,ちょくご,chokugo,時相名詞,時間,,juman
直方体,ちょくほうたい,chokuhotai,普通名詞,形・模様,,juman
直線,ちょくせん,chokusen,普通名詞,形・模様,,juman
直進,ちょくしん,chokushin,サ変名詞,抽象物,交通,juman
直訳,ちょくやく,chokuyaku,サ変名詞,抽象物,文化・芸術,juman
直前,ちょくぜん,chokuzen,時相名詞,時間,,juman
調味料,ちょうみりょう,chomiryo,普通名詞,人工物-食べ物,料理・食事,juman
弔問,ちょうもん,chomon,サ変名詞,抽象物,家庭・暮らし,juman
町内会,ちょうないかい,chonaikai,普通名詞,組織・団体,家庭・暮らし;政治,juman
長男,ちょうなん,chonan,普通名詞,人,家庭・暮らし,juman
丁髷,ちょんまげ,chonmage,普通名詞,動物-部位,,juman
調理場,ちょうりば,choriba,普通名詞,場所-施設,料理・食事,juman
町立,ちょうりつ,choritsu,普通名詞,抽象物,教育・学習;ビジネス;政治,juman
鳥類,ちょうるい,chorui,普通名詞,動物,,juman
著作,ちょさく,chosaku,サ変名詞,抽象物,文化・芸術;メディア,juman
長石,ちょうせき,choseki,普通名詞,自然物,,juman
調子,ちょうし,choshi,普通名詞,抽象物,,manual
長針,ちょうしん,choshin,普通名詞,人工物-その他,,juman
聴診器,ちょうしんき,choshinki,普通名詞,人工物-その他,健康・医学,juman
朝食,ちょうしょく,choshoku,普通名詞,人工物-食べ物,料理・食事,juman
貯水槽,ちょすいそう,chosuiso,普通名詞,場所-施設,家庭・暮らし,juman
蝶番い,ちょうつがい,chotsugai,普通名詞,人工物-その他,,juman
虫媒花,ちゅうばいか,chubaika,普通名詞,植物,,juman
中火,ちゅうび,chubi,普通名詞,自然物,料理・食事,juman
中段,ちゅうだん,chudan,普通名詞,場所-機能,,juman
中腹,ちゅうふく,chufuku,普通名詞,場所-自然,,juman
宙返り,ちゅうがえり,chugaeri,サ変名詞,抽象物,,juman
中学校,ちゅうがっこう,chugakko,普通名詞,場所-施設,教育・学習,juman
中学生,ちゅうがくせい,chugakusei,普通名詞,人,教育・学習,juman
注意書き,ちゅういがき,chuigaki,普通名詞,人工物-その他,,juman
中旬,ちゅうじゅん,chujun,時相名詞,時間,,juman
駐機場,ちゅうきじょう,chukijo,普通名詞,場所-その他,交通,juman
中高年,ちゅうこうねん,chukonen,普通名詞,人,,juman
中空,ちゅうくう,chuku,普通名詞,場所-自然,,juman
中二階,ちゅうにかい,chunikai,普通名詞,場所-施設部位,,juman
中央,ちゅうおう,chuo,普通名詞,場所-機能,,juman
駐輪場,ちゅうりんじょう,churinjo,普通名詞,場所-その他,交通,juman
中世,ちゅうせい,chusei,時相名詞,時間,,juman
中心,ちゅうしん,chushin,普通名詞,場所-機能,,juman
昼食,ちゅうしょく,chushoku,普通名詞,人工物-食べ物,料理・食事,juman
仲秋,ちゅうしゅう,chushu,時相名詞,時間,,juman
中天,ちゅうてん,chuten,普通名詞,場所-自然,,juman
中和,ちゅうわ,chuwa,サ変名詞,抽象物,教育・学習;科学・技術,juman
中葉,ちゅうよう,chuyo,時相名詞,動物-部位;時間,,juman
駄賃,だちん,dachin,普通名詞,人工物-金銭,家庭・暮らし,juman
駄々っ子,だだっこ,dadakko,普通名詞,人,家庭・暮らし,juman
楕円,だえん,daen,普通名詞,形・模様,,juman
打楽器,だがっき,dagakki,普通名詞,人工物-その他,文化・芸術,juman
駄菓子,だがし,dagashi,普通名詞,人工物-食べ物,料理・食事,juman
打撃,だげき,dageki,普通名詞,抽象物,スポーツ,juman
台秤,だいばかり,daibakari,普通名詞,人工物-その他,,juman
大仏,だいぶつ,daibutsu,普通名詞,抽象物,文化・芸術,juman
代打,だいだ,daida,サ変名詞,抽象物,スポーツ,juman
橙,だいだい,daidai,普通名詞,植物;人工物-食べ物,,juman
橙色,だいだいいろ,daidaiiro,普通名詞,人工物-衣類,,juman
大道芸,だいどうげい,daidogei,普通名詞,抽象物,文化・芸術,juman
台所,だいどころ,daidokoro,普通名詞,場所-施設,料理・食事,juman
大学,だいがく,daigaku,普通名詞,場所-施設,教育・学習,juman
大学院,だいがくいん,daigakuin,普通名詞,場所-施設,教育・学習;科学・技術,juman
大学生,だいがくせい,daigakusei,普通名詞,人,教育・学習,juman
台形,だいけい,daikei,普通名詞,形・模様,,juman
大根,だいこん,daikon,普通名詞,植物;人工物-食べ物,料理・食事,juman
題目,だいもく,daimoku,普通名詞,抽象物,文化・芸術;科学・技術,juman
大名,だいみょう,daimyo,普通名詞,人,,juman
大納言,だいなごん,dainagon,普通名詞,人,料理・食事,juman
大脳,だいのう,daino,普通名詞,動物-部位,健康・医学,juman
大王,だいおう,daio,普通名詞,人,,juman
代理人,だいりにん,dairinin,普通名詞,人,,juman
大理石,だいりせき,dairiseki,普通名詞,自然物,,juman
第三者,だいさんしゃ,daisansha,普通名詞,人,,juman
台紙,だいし,daishi,普通名詞,人工物-その他,,juman
大卒,だいそつ,daisotsu,普通名詞,抽象物,教育・学習;ビジネス,juman
大腿部,だいたいぶ,daitaibu,普通名詞,動物-部位,健康・医学,juman
代役,だいやく,daiyaku,普通名詞,抽象物,文化・芸術,juman
大豆,だいず,daizu,普通名詞,植物;人工物-食べ物,料理・食事,juman
打順,だじゅん,dajun,普通名詞,抽象物,スポーツ,juman
濁流,だくりゅう,dakuryu,普通名詞,自然物,,juman
惰眠,だみん,damin,普通名詞,抽象物,家庭・暮らし,juman
団地,だんち,danchi,普通名詞,場所-施設,家庭・暮らし,juman
段取り,だんどり,dandori,普通名詞,抽象物,,juman
断崖,だんがい,dangai,普通名詞,場所-自然,,juman
男児,だんじ,danji,普通名詞,人,,juman
断食,だんじき,danjiki,サ変名詞,抽象物,料理・食事,juman
段丘,だんきゅう,dankyu,普通名詞,場所-自然,,juman
旦那,だんな,danna,普通名詞,人,家庭・暮らし,juman
断髪,だんぱつ,danpatsu,サ変名詞,抽象物,スポーツ,juman
段落,だんらく,danraku,普通名詞,場所-その他,,juman
団欒,だんらん,danran,サ変名詞,抽象物,家庭・暮らし,juman
暖炉,だんろ,danro,普通名詞,人工物-その他,家庭・暮らし,juman
暖色,だんしょく,danshoku,普通名詞,色,,juman
達磨,だるま,daruma,普通名詞,人工物-その他,,juman
打力,だりょく,daryoku,普通名詞,抽象物,スポーツ,juman
脱線,だっせん,dassen,サ変名詞,抽象物,交通,juman
脱脂綿,だっしめん,dasshimen,普通名詞,人工物-その他,健康・医学,juman
伊達巻き,だてまき,datemaki,普通名詞,人工物-食べ物,料理・食事,juman
脱衣,だつい,datsui,サ変名詞,抽象物,家庭・暮らし,juman
脱輪,だつりん,datsurin,サ変名詞,抽象物,交通,juman
出刃,でば,deba,普通名詞,人工物-その他,料理・食事,juman
出船,でふね,defune,普通名詞,抽象物,交通,juman
出掛け,でがけ,degake,普通名詞,時間,,juman
出涸らし,でがらし,degarashi,普通名詞,抽象物,料理・食事,juman
出口,でぐち,deguchi,普通名詞,場所-施設部位,,juman
泥岩,でいがん,deigan,普通名詞,自然物,,juman
出入り,でいり,deiri,サ変名詞,抽象物,,juman
出入り口,でいりぐち,deiriguchi,普通名詞,場所-施設部位,,juman
泥水,でいすい,deisui,普通名詞,自然物,,juman
出稼ぎ,でかせぎ,dekasegi,サ変名詞,抽象物,家庭・暮らし,juman
出来物,できもの,dekimono,普通名詞,動物-部位,健康・医学,juman
木偶の坊,でくのぼう,dekunobo,普通名詞,人,,juman
出窓,でまど,demado,普通名詞,場所-施設部位,家庭・暮らし,juman
出前,でまえ,demae,サ変名詞,抽象物,家庭・暮らし,juman
田園,でんえん,denen,普通名詞,場所-その他,,juman
田楽,でんがく,dengaku,普通名詞,人工物-食べ物;抽象物,文化・芸術;料理・食事,juman
電源,でんげん,dengen,普通名詞,人工物-その他,,juman
電器,でんき,denki,普通名詞,人工物-その他,,juman
電光石火,でんこうせっか,denkosekka,普通名詞,時間,,juman
澱粉,でんぷん,denpun,普通名詞,自然物,料理・食事,juman
伝説,でんせつ,densetsu,普通名詞,抽象物,,manual
電車,でんしゃ,densha,普通名詞,人工物-乗り物,交通,juman
伝書鳩,でんしょばと,denshobato,普通名詞,動物,,juman
電飾,でんしょく,denshoku,普通名詞,人工物-その他,,juman
電卓,でんたく,dentaku,普通名詞,人工物-その他,家庭・暮らし;ビジネス,juman
電鉄,でんてつ,dentetsu,普通名詞,人工物-乗り物,交通,juman
電話,でんわ,denwa,サ変名詞,人工物-その他,家庭・暮らし,juman
出盛り,でさかり,desakari,普通名詞,時間,料理・食事,juman
出先,でさき,desaki,普通名詞,場所-その他,交通,juman
弟子入り,でしいり,deshiiri,サ変名詞,抽象物,文化・芸術,juman
胴上げ,どうあげ,doage,サ変名詞,抽象物,スポーツ,juman
銅版画,どうばんが,dobanga,普通名詞,抽象物,文化・芸術,juman
動物,どうぶつ,dobutsu,普通名詞,動物,,juman
土着,どちゃく,dochaku,サ変名詞,抽象物,家庭・暮らし,juman
どちら,どちら,dochira,普通名詞,場所-機能,,juman
堂々巡り,どうどうめぐり,dodomeguri,サ変名詞,抽象物,,juman
度肝,どぎも,dogimo,普通名詞,動物-部位,,juman
同輩,どうはい,dohai,普通名詞,人,,juman
道標,どうひょう,dohyo,普通名詞,人工物-その他,交通,juman
土俵際,どひょうぎわ,dohyogiwa,普通名詞,場所-その他,スポーツ,juman
同時,どうじ,doji,普通名詞,時間,,juman
同日,どうじつ,dojitsu,時相名詞,時間,,juman
導火線,どうかせん,dokasen,普通名詞,人工物-その他,,juman
道交法,どうこうほう,dokoho,普通名詞,抽象物,交通;政治,juman
独文,どくぶん,dokubun,普通名詞,抽象物,文化・芸術;教育・学習,juman
どくだみ,どくだみ,dokudami,普通名詞,植物,料理・食事,juman
独壇場,どくだんじょう,dokudanjo,普通名詞,場所-その他,,juman
独学,どくがく,dokugaku,サ変名詞,抽象物,教育・学習,juman
読後,どくご,dokugo,普通名詞,時間,,juman
読者,どくしゃ,dokusha,普通名詞,人,文化・芸術;メディア,juman
独身,どくしん,dokushin,普通名詞,抽象物,家庭・暮らし,juman
読書,どくしょ,dokusho,サ変名詞,抽象物,文化・芸術,juman
独習,どくしゅう,dokushu,サ変名詞,抽象物,教育・学習,juman
洞窟,どうくつ,dokutsu,普通名詞,場所-自然,,juman
土間,どま,doma,普通名詞,場所-施設部位,,juman
ど真ん中,どまんなか,domannaka,普通名詞,場所-機能,,juman
動脈,どうみゃく,domyaku,普通名詞,動物-部位,健康・医学,juman
動脈瘤,どうみゃくりゅう,domyakuryu,普通名詞,動物-部位,健康・医学,juman
どなた,どなた,donata,普通名詞,人,,juman
丼,どんぶり,donburi,普通名詞,人工物-その他,料理・食事,juman
どんぐり,どんぐり,donguri,普通名詞,植物-部位,,juman
鈍角,どんかく,donkaku,普通名詞,場所-その他,,juman
鈍行,どんこう,donko,普通名詞,人工物-乗り物,交通,juman
どん底,どんぞこ,donzoko,普通名詞,場所-機能,,juman
同列,どうれつ,doretsu,サ変名詞,場所-その他,,juman
動輪,どうりん,dorin,普通名詞,人工物-その他,交通,juman
泥,どろ,doro,普通名詞,自然物,,juman
泥海,どろうみ,doromi,普通名詞,場所-その他,,juman
泥沼,どろぬま,doronuma,普通名詞,場所-自然,,juman
努力,どりょく,doryoku,サ変名詞,抽象物,,manual
土星,どせい,dosei,普通名詞,自然物,,juman
土砂,どしゃ,dosha,普通名詞,自然物,,juman
土砂降り,どしゃぶり,doshaburi,普通名詞,抽象物,,juman
同室,どうしつ,doshitsu,サ変名詞,場所-施設,,juman
土手,どて,dote,普通名詞,場所-自然,,juman
どてら,どてら,dotera,普通名詞,人工物-衣類,,juman
度忘れ,どわすれ,dowasure,サ変名詞,抽象物,,juman
土曜日,どようび,doyobi,時相名詞,時間,,juman
銅山,どうざん,dozan,普通名詞,場所-自然,,juman
同族,どうぞく,dozoku,普通名詞,抽象物,家庭・暮らし;ビジネス,juman
えびせん,えびせん,ebisen,普通名詞,人工物-食べ物,料理・食事,juman
烏帽子,えぼし,eboshi,普通名詞,人工物-衣類,,juman
枝,えだ,eda,普通名詞,植物-部位,,juman
枝葉,えだは,edaha,普通名詞,植物-部位,,juman
枝豆,えだまめ,edamame,普通名詞,植物;人工物-食べ物,料理・食事,juman
枝分かれ,えだわかれ,edawakare,サ変名詞,抽象物,,juman
江戸っ子,えどっこ,edokko,普通名詞,人,,juman
江戸前,えどまえ,edomae,普通名詞,抽象物,料理・食事,juman
絵筆,えふで,efude,普通名詞,人工物-その他,文化・芸術;教育・学習,juman
笑顔,えがお,egao,普通名詞,動物-部位,,juman
絵柄,えがら,egara,普通名詞,形・模様,,juman
絵本,えほん,ehon,普通名詞,人工物-その他;抽象物,文化・芸術;教育・学習,juman
映画,えいが,eiga,普通名詞,抽象物,文化・芸術,juman
泳法,えいほう,eiho,普通名詞,抽象物,スポーツ,juman
英会話,えいかいわ,eikaiwa,普通名詞,抽象物,教育・学習;ビジネス,juman
永久歯,えいきゅうし,eikyushi,普通名詞,動物-部位,,juman
英雄,えいゆう,eiyu,普通名詞,人,,juman
永続,えいぞく,eizoku,サ変名詞,時間,,juman
絵描き,えかき,ekaki,普通名詞,人,文化・芸術,juman
駅弁,えきべん,ekiben,普通名詞,人工物-食べ物,料理・食事;交通,juman
益虫,えきちゅう,ekichu,普通名詞,動物,,juman
役牛,えきぎゅう,ekigyu,普通名詞,動物,,juman
駅員,えきいん,ekiin,普通名詞,人,交通,juman
駅前,えきまえ,ekimae,普通名詞,場所-その他,,juman
駅名,えきめい,ekimei,普通名詞,抽象物,交通,juman
駅務,えきむ,ekimu,普通名詞,抽象物,交通,juman
易者,えきしゃ,ekisha,普通名詞,人,文化・芸術,juman
液体,えきたい,ekitai,普通名詞,自然物,,juman
駅頭,えきとう,ekito,普通名詞,場所-施設部位,交通,juman
回向,えこう,eko,サ変名詞,抽象物,文化・芸術,juman
えこひいき,えこひいき,ekohiiki,サ変名詞,抽象物,,juman
靨,えくぼ,ekubo,普通名詞,動物-部位,,juman
絵巻物,えまきもの,emakimono,普通名詞,人工物-その他;抽象物,文化・芸術,juman
衣紋掛,えもんかけ,emonkake,普通名詞,人工物-その他,家庭・暮らし,juman
獲物,えもの,emono,普通名詞,動物,,juman
燕尾服,えんびふく,enbifuku,普通名詞,人工物-衣類,家庭・暮らし,juman
円柱,えんちゅう,enchu,普通名詞,人工物-その他,,juman
縁台,えんだい,endai,普通名詞,人工物-その他,家庭・暮らし,juman
塩田,えんでん,enden,普通名詞,場所-その他,,juman
沿岸,えんがん,engan,普通名詞,場所-自然,,juman
縁側,えんがわ,engawa,普通名詞,場所-施設部位,家庭・暮らし,juman
園芸,えんげい,engei,普通名詞,抽象物,文化・芸術,juman
演劇,えんげき,engeki,普通名詞,抽象物,文化・芸術,juman
縁起物,えんぎもの,engimono,普通名詞,人工物-その他,文化・芸術,juman
縁組み,えんぐみ,engumi,サ変名詞,抽象物,家庭・暮らし,juman
園児,えんじ,enji,普通名詞,人,教育・学習,juman
演歌,えんか,enka,普通名詞,抽象物,文化・芸術,juman
演目,えんもく,enmoku,普通名詞,抽象物,文化・芸術,juman
縁日,えんにち,ennichi,普通名詞,時間,文化・芸術;レクリエーション,juman
絵の具,えのぐ,enogu,普通名詞,人工物-その他,文化・芸術;教育・学習,juman
鉛筆,えんぴつ,enpitsu,普通名詞,人工物-その他,,juman
縁先,えんさき,ensaki,普通名詞,場所-施設部位,家庭・暮らし,juman
園舎,えんしゃ,ensha,普通名詞,場所-施設,教育・学習,juman
演出,えんしゅつ,enshutsu,サ変名詞,抽象物,文化・芸術,juman
塩素,えんそ,enso,普通名詞,自然物,,juman
円卓,えんたく,entaku,普通名詞,人工物-その他,家庭・暮らし;料理・食事,juman
煙突,えんとつ,entotsu,普通名詞,場所-施設部位,,juman
園遊会,えんゆうかい,enyukai,普通名詞,抽象物,レクリエーション,juman
延髄,えんずい,enzui,普通名詞,動物-部位,健康・医学,juman
襟,えり,eri,普通名詞,人工物-その他,,juman
選り好み,えりごのみ,erigonomi,サ変名詞,抽象物,,juman
襟ぐり,えりぐり,eriguri,普通名詞,人工物-その他,,juman
襟首,えりくび,erikubi,普通名詞,動物-部位,,juman
襟巻き,えりまき,erimaki,普通名詞,人工物-衣類,家庭・暮らし,juman
餌,えさ,esa,普通名詞,人工物-食べ物,,juman
餌付け,えづけ,ezuke,サ変名詞,抽象物,,juman
吹雪,ふぶき,fubuki,普通名詞,抽象物,,manual
風物詩,ふうぶつし,fubutsushi,普通名詞,抽象物,文化・芸術,juman
淵,ふち,fuchi,普通名詞,場所-自然,,juman
札,ふだ,fuda,普通名詞,人工物-その他,,juman
普段,ふだん,fudan,普通名詞,時間,,juman
普段着,ふだんぎ,fudangi,普通名詞,人工物-衣類,家庭・暮らし,juman
札所,ふだしょ,fudasho,普通名詞,場所-施設,文化・芸術,juman
筆,ふで,fude,普通名詞,人工物-その他,文化・芸術,juman
筆箱,ふでばこ,fudebako,普通名詞,人工物-その他,家庭・暮らし;教育・学習,juman
筆遣い,ふでづかい,fudezukai,普通名詞,抽象物,文化・芸術,juman
不動産,ふどうさん,fudosan,普通名詞,人工物-金銭,家庭・暮らし,juman
笛,ふえ,fue,普通名詞,人工物-その他,文化・芸術,juman
笛吹き,ふえふき,fuefuki,普通名詞,人,文化・芸術,juman
風月,ふうげつ,fugetsu,普通名詞,抽象物,文化・芸術,juman
鞴,ふいご,fuigo,普通名詞,人工物-その他,,juman
不意打ち,ふいうち,fuiuchi,サ変名詞,抽象物,,juman
藤,ふじ,fuji,普通名詞,植物,,juman
藤袴,ふじばかま,fujibakama,普通名詞,植物,,juman
不時着,ふじちゃく,fujichaku,サ変名詞,抽象物,交通,juman
封じ手,ふうじて,fujite,普通名詞,抽象物,レクリエーション;スポーツ,juman
富士壷,ふじつぼ,fujitsubo,普通名詞,動物,,juman
婦女子,ふじょし,fujoshi,普通名詞,人,,juman
鱶,ふか,fuka,普通名詞,動物,,juman
深入り,ふかいり,fukairi,サ変名詞,抽象物,,juman
婦警,ふけい,fukei,普通名詞,人,,juman
蕗,ふき,fuki,普通名詞,植物;人工物-食べ物,料理・食事,juman
吹き溜まり,ふきだまり,fukidamari,普通名詞,場所-その他,,juman
吹き出物,ふきでもの,fukidemono,普通名詞,動物,健康・医学,juman
復活,ふっかつ,fukkatsu,サ変名詞,抽象物,,manual
腹筋,ふっきん,fukkin,普通名詞,動物-部位,スポーツ;健康・医学,juman
腹腔,ふっこう,fukko,普通名詞,動物-部位,健康・医学,juman
服,ふく,fuku,普通名詞,人工物-衣類,家庭・暮らし,juman
福引き,ふくびき,fukubiki,普通名詞,人工物-その他,レクリエーション,juman
腹部,ふくぶ,fukubu,普通名詞,動物-部位,,juman
福袋,ふくぶくろ,fukubukuro,普通名詞,人工物-その他,家庭・暮らし,juman
副題,ふくだい,fukudai,普通名詞,抽象物,文化・芸術;科学・技術,juman
復学,ふくがく,fukugaku,サ変名詞,抽象物,教育・学習,juman
腹壁,ふくへき,fukuheki,普通名詞,動物-部位,健康・医学,juman
副本,ふくほん,fukuhon,普通名詞,人工物-その他,,juman
服地,ふくじ,fukuji,普通名詞,人工物-その他,家庭・暮らし,juman
福寿草,ふくじゅそう,fukujuso,普通名詞,植物,,juman
脹ら脛,ふくらはぎ,fukurahagi,普通名詞,動物-部位,,juman
梟,ふくろう,fukuro,普通名詞,動物,,juman
袋小路,ふくろこうじ,fukurokoji,普通名詞,場所-その他,,juman
伏流水,ふくりゅうすい,fukuryusui,普通名詞,自然物,,juman
複線,ふくせん,fukusen,普通名詞,抽象物;色,交通,juman
伏射,ふくしゃ,fukusha,サ変名詞,抽象物,スポーツ,juman
腹心,ふくしん,fukushin,普通名詞,人,,juman
副将,ふくしょう,fukusho,普通名詞,人,スポーツ,juman
副食,ふくしょく,fukushoku,普通名詞,人工物-食べ物,料理・食事,juman
復習,ふくしゅう,fukushu,サ変名詞,抽象物,教育・学習,juman
腹水,ふくすい,fukusui,普通名詞,自然物,健康・医学,juman
踏み場,ふみば,fumiba,普通名詞,場所-その他,,juman
踏み台,ふみだい,fumidai,普通名詞,人工物-その他,,juman
踏み石,ふみいし,fumiishi,普通名詞,自然物,,juman
踏切,ふみきり,fumikiri,サ変名詞,場所-施設,交通,juman
文月,ふみづき,fumizuki,時相名詞,時間,,juman
麓,ふもと,fumoto,普通名詞,場所-自然,,juman
船端,ふなばた,funabata,普通名詞,場所-その他,,juman
船縁,ふなべり,funaberi,普通名詞,人工物-その他,,juman
船便,ふなびん,funabin,普通名詞,抽象物,交通,juman
船賃,ふなちん,funachin,普通名詞,人工物-金銭,交通,juman
船出,ふなで,funade,サ変名詞,抽象物,交通,juman
船虫,ふなむし,funamushi,普通名詞,動物,,juman
船乗り,ふなのり,funanori,普通名詞,人,交通,juman
船旅,ふなたび,funatabi,普通名詞,抽象物,レクリエーション;交通,juman
舟歌,ふなうた,funauta,普通名詞,抽象物,文化・芸術,juman
船宿,ふなやど,funayado,普通名詞,場所-施設,,juman
船底,ふなぞこ,funazoko,普通名詞,場所-その他,,juman
船積み,ふなづみ,funazumi,サ変名詞,抽象物,交通,juman
分銅,ふんどう,fundo,普通名詞,人工物-その他,教育・学習,juman
褌,ふんどし,fundoshi,普通名詞,人工物-衣類,家庭・暮らし,juman
船,ふね,fune,普通名詞,人工物-乗り物,交通,juman
噴煙,ふんえん,funen,普通名詞,自然物,,juman
粉塵,ふんじん,funjin,普通名詞,人工物-その他,,juman
粉末,ふんまつ,funmatsu,普通名詞,人工物-その他,料理・食事,juman
噴霧器,ふんむき,funmuki,普通名詞,人工物-その他,,juman
粉乳,ふんにゅう,funnyu,普通名詞,人工物-食べ物;自然物,料理・食事,juman
布海苔,ふのり,funori,普通名詞,植物;人工物-その他,料理・食事,juman
分針,ふんしん,funshin,普通名詞,人工物-その他,,juman
噴水,ふんすい,funsui,普通名詞,人工物-その他,,juman
風来坊,ふうらいぼう,furaibo,普通名詞,人,,juman
孵卵器,ふらんき,furanki,普通名詞,人工物-その他,,juman
振り駒,ふりごま,furigoma,普通名詞,抽象物,レクリエーション;スポーツ,juman
振り子,ふりこ,furiko,普通名詞,人工物-その他,,juman
風鈴,ふうりん,furin,普通名詞,人工物-その他,レクリエーション,juman
振り袖,ふりそで,furisode,普通名詞,人工物-衣類,家庭・暮らし,juman
府立,ふりつ,furitsu,普通名詞,抽象物,教育・学習;ビジネス;政治,juman
振付,ふりつけ,furitsuke,普通名詞,抽象物,文化・芸術,juman
付録,ふろく,furoku,普通名詞,人工物-その他,,juman
風呂敷,ふろしき,furoshiki,普通名詞,人工物-その他,家庭・暮らし,juman
古顔,ふるがお,furugao,普通名詞,人,,juman
古着,ふるぎ,furugi,普通名詞,人工物-衣類,家庭・暮らし,juman
古本,ふるほん,furuhon,普通名詞,人工物-その他,文化・芸術,juman
古井,ふるい,furui,普通名詞,場所-施設,,juman
古里,ふるさと,furusato,普通名詞,場所-その他,,juman
古巣,ふるす,furusu,普通名詞,場所-自然,,juman
古手,ふるて,furute,普通名詞,人,,juman
房,ふさ,fusa,普通名詞,植物-部位;人工物-その他;抽象物,,juman
敷設,ふせつ,fusetsu,サ変名詞,抽象物,交通;科学・技術,juman
節,ふし,fushi,普通名詞,場所-機能;時間,,juman
節穴,ふしあな,fushiana,普通名詞,植物-部位,,juman
節々,ふしぶし,fushibushi,普通名詞,動物-部位,健康・医学,juman
節目,ふしめ,fushime,普通名詞,植物-部位;場所-その他,,juman
襖,ふすま,fusuma,普通名詞,場所-施設部位,家庭・暮らし,juman
二葉,ふたば,futaba,普通名詞,植物-部位,,juman
双子,ふたご,futago,普通名詞,人,,juman
二親,ふたおや,futaoya,普通名詞,人,家庭・暮らし,juman
封筒,ふうとう,futo,普通名詞,人工物-その他,,juman
懐,ふところ,futokoro,普通名詞,場所-その他,,juman
太股,ふともも,futomomo,普通名詞,動物-部位,,juman
布団,ふとん,futon,普通名詞,人工物-その他,家庭・暮らし,juman
仏文,ふつぶん,futsubun,普通名詞,抽象物,文化・芸術;教育・学習,juman
不惑,ふわく,fuwaku,普通名詞,時間,,juman
腐葉土,ふようど,fuyodo,普通名詞,自然物,,juman
冬,ふゆ,fuyu,時相名詞,時間,,juman
冬場,ふゆば,fuyuba,時相名詞,時間,,juman
冬枯れ,ふゆがれ,fuyugare,サ変名詞,抽象物,,juman
冬物,ふゆもの,fuyumono,普通名詞,人工物-衣類,家庭・暮らし,juman
冬山,ふゆやま,fuyuyama,普通名詞,場所-自然,,juman
画鋲,がびょう,gabyo,普通名詞,人工物-その他,,juman
がちょう,がちょう,gacho,普通名詞,動物,,juman
画伯,がはく,gahaku,普通名詞,人,文化・芸術,juman
外部,がいぶ,gaibu,普通名詞,場所-機能,,juman
害鳥,がいちょう,gaicho,普通名詞,動物,,juman
外伝,がいでん,gaiden,普通名詞,抽象物,文化・芸術,juman
外泊,がいはく,gaihaku,サ変名詞,抽象物,家庭・暮らし,juman
外壁,がいへき,gaiheki,普通名詞,場所-施設部位,,juman
外海,がいかい,gaikai,普通名詞,場所-自然,,juman
外郭,がいかく,gaikaku,普通名詞,場所-施設部位,,juman
外気,がいき,gaiki,普通名詞,自然物,,juman
外輪山,がいりんざん,gairinzan,普通名詞,場所-自然,,juman
外車,がいしゃ,gaisha,普通名詞,人工物-乗り物,交通,juman
外食,がいしょく,gaishoku,サ変名詞,人工物-食べ物,料理・食事,juman
外敵,がいてき,gaiteki,普通名詞,人,,juman
外套,がいとう,gaito,普通名詞,人工物-衣類,家庭・暮らし,juman
外野,がいや,gaiya,普通名詞,場所-その他,スポーツ,juman
外野手,がいやしゅ,gaiyashu,普通名詞,人,スポーツ,juman
牙城,がじょう,gajo,普通名詞,場所-施設,,juman
崖,がけ,gake,普通名詞,場所-自然,,juman
崖っ縁,がけっぷち,gakeppuchi,普通名詞,場所-自然,,juman
がき大将,がきだいしょう,gakidaisho,普通名詞,人,家庭・暮らし,juman
学校,がっこう,gakko,普通名詞,場所-施設,教育・学習,juman
楽曲,がっきょく,gakkyoku,普通名詞,抽象物,文化・芸術,juman
額縁,がくぶち,gakubuchi,普通名詞,人工物-その他,文化・芸術,juman
学長,がくちょう,gakucho,普通名詞,人,教育・学習,juman
楽譜,がくふ,gakufu,普通名詞,人工物-その他;抽象物,文化・芸術,juman
学芸,がくげい,gakugei,普通名詞,抽象物,文化・芸術;教育・学習,juman
学費,がくひ,gakuhi,普通名詞,人工物-金銭,教育・学習,juman
学術,がくじゅつ,gakujutsu,普通名詞,抽象物,教育・学習;科学・技術,juman
学問,がくもん,gakumon,サ変名詞,抽象物,教育・学習,juman
学年,がくねん,gakunen,普通名詞,時間,教育・学習,juman
学生,がくせい,gakusei,普通名詞,人,教育・学習,juman
学資,がくし,gakushi,普通名詞,人工物-金銭,教育・学習,juman
楽章,がくしょう,gakusho,普通名詞,抽象物,文化・芸術,juman
学習,がくしゅう,gakushu,サ変名詞,抽象物,教育・学習,juman
学卒,がくそつ,gakusotsu,普通名詞,抽象物,教育・学習;ビジネス,juman
学徒,がくと,gakuto,普通名詞,人,教育・学習,juman
楽屋,がくや,gakuya,普通名詞,場所-施設,文化・芸術,juman
蒲,がま,gama,普通名詞,植物,,juman
蝦蟇口,がまぐち,gamaguchi,普通名詞,人工物-その他,家庭・暮らし,juman
雁,がん,gan,普通名詞,動物,,juman
岩盤,がんばん,ganban,普通名詞,自然物,,juman
眼中,がんちゅう,ganchu,普通名詞,場所-その他,,juman
岩塩,がんえん,ganen,普通名詞,人工物-食べ物;自然物,料理・食事,juman
雁木,がんぎ,gangi,普通名詞,人工物-その他,,juman
元日,がんじつ,ganjitsu,時相名詞,時間,,juman
岩窟,がんくつ,gankutsu,普通名詞,場所-自然,,juman
元年,がんねん,gannen,時相名詞,時間,,juman
岸壁,がんぺき,ganpeki,普通名詞,場所-自然,,juman
顔料,がんりょう,ganryo,普通名詞,自然物,,juman
贋作,がんさく,gansaku,サ変名詞,人工物-その他;抽象物,文化・芸術,juman
岩石,がんせき,ganseki,普通名詞,自然物,,juman
眼帯,がんたい,gantai,普通名詞,人工物-その他,健康・医学,juman
丸薬,がんやく,ganyaku,普通名詞,人工物-その他,健康・医学,juman
柄,がら,gara,普通名詞,抽象物,,juman
がらくた,がらくた,garakuta,普通名詞,人工物-その他,,juman
伽藍,がらん,garan,普通名詞,場所-施設,文化・芸術,juman
画集,がしゅう,gashu,普通名詞,人工物-その他,文化・芸術,juman
合唱,がっしょう,gassho,サ変名詞,抽象物,文化・芸術;レクリエーション;教育・学習,juman
合宿,がっしゅく,gasshuku,サ変名詞,抽象物,教育・学習,juman
画用紙,がようし,gayoshi,普通名詞,人工物-その他,レクリエーション;教育・学習,juman
下馬評,げばひょう,gebahyo,普通名詞,抽象物,スポーツ;政治,juman
解脱,げだつ,gedatsu,サ変名詞,抽象物,文化・芸術,juman
芸,げい,gei,普通名詞,抽象物,文化・芸術,manual
芸談,げいだん,geidan,普通名詞,抽象物,文化・芸術,juman
芸風,げいふう,geifu,普通名詞,抽象物,文化・芸術,juman
芸事,げいごと,geigoto,普通名詞,抽象物,文化・芸術,juman
芸術,げいじゅつ,geijutsu,普通名詞,抽象物,文化・芸術,juman
芸子,げいこ,geiko,普通名詞,人,文化・芸術,juman
芸人,げいにん,geinin,普通名詞,人,文化・芸術;メディア,juman
迎春,げいしゅん,geishun,普通名詞,抽象物,家庭・暮らし,juman
げじげじ,げじげじ,gejigeji,普通名詞,動物,,juman
下巻,げかん,gekan,普通名詞,人工物-その他,文化・芸術,juman
劇物,げきぶつ,gekibutsu,普通名詞,人工物-その他,健康・医学,juman
劇中,げきちゅう,gekichu,普通名詞,抽象物,文化・芸術,juman
劇場,げきじょう,gekijo,普通名詞,場所-施設,文化・芸術,juman
劇化,げきか,gekika,サ変名詞,抽象物,文化・芸術,juman
激流,げきりゅう,gekiryu,普通名詞,場所-自然,,juman
劇作,げきさく,gekisaku,サ変名詞,抽象物,文化・芸術,juman
劇作家,げきさくか,gekisakuka,普通名詞,人,文化・芸術,juman
劇薬,げきやく,gekiyaku,普通名詞,人工物-その他,健康・医学,juman
月間,げっかん,gekkan,時相名詞,時間,,juman
月桂樹,げっけいじゅ,gekkeiju,普通名詞,植物,,juman
月桂冠,げっけいかん,gekkeikan,普通名詞,人工物-衣類,,juman
原簿,げんぼ,genbo,普通名詞,人工物-その他,,juman
原木,げんぼく,genboku,普通名詞,植物,,juman
現物,げんぶつ,genbutsu,普通名詞,人工物-その他,,juman
現地,げんち,genchi,普通名詞,場所-その他,,juman
原液,げんえき,geneki,普通名詞,自然物,,juman
弦楽器,げんがっき,gengakki,普通名詞,人工物-その他,文化・芸術,juman
弦楽,げんがく,gengaku,普通名詞,抽象物,文化・芸術,juman
源五郎,げんごろう,gengoro,普通名詞,動物,,juman
原人,げんじん,genjin,普通名詞,人,,juman
原住民,げんじゅうみん,genjumin,普通名詞,人,,juman
原形,げんけい,genkei,普通名詞,形・模様,,juman
玄米,げんまい,genmai,普通名詞,植物;人工物-食べ物,料理・食事,juman
現生,げんなま,gennama,普通名詞,人工物-金銭,,juman
原本,げんぽん,genpon,普通名詞,人工物-その他,,juman
原作,げんさく,gensaku,普通名詞,抽象物,文化・芸術,juman
現世,げんせ,gense,普通名詞,時間,文化・芸術,juman
原石,げんせき,genseki,普通名詞,自然物,,juman
源泉,げんせん,gensen,普通名詞,場所-自然,,juman
玄室,げんしつ,genshitsu,普通名詞,場所-施設,文化・芸術,juman
原初,げんしょ,gensho,普通名詞,時間,,juman
原色,げんしょく,genshoku,普通名詞,色,,juman
原付き,げんつき,gentsuki,普通名詞,人工物-乗り物,交通,juman
原野,げんや,genya,普通名詞,場所-自然,,juman
原図,げんず,genzu,普通名詞,人工物-その他,,juman
月賦,げっぷ,geppu,普通名詞,抽象物,家庭・暮らし;ビジネス,juman
戯作者,げさくしゃ,gesakusha,普通名詞,人,文化・芸術,juman
下船,げせん,gesen,サ変名詞,抽象物,交通,juman
下車,げしゃ,gesha,サ変名詞,抽象物,交通,juman
下宿,げしゅく,geshuku,サ変名詞,抽象物,家庭・暮らし,juman
下手人,げしゅにん,geshunin,普通名詞,人,,juman
下足,げそく,gesoku,普通名詞,人工物-衣類,家庭・暮らし,juman
下水,げすい,gesui,普通名詞,人工物-その他,,juman
下駄,げた,geta,普通名詞,人工物-衣類,家庭・暮らし,juman
月面,げつめん,getsumen,普通名詞,場所-その他,,juman
月曜,げつよう,getsuyo,時相名詞,時間,,juman
月曜日,げつようび,getsuyobi,時相名詞,時間,,juman
下剤,げざい,gezai,普通名詞,人工物-食べ物,健康・医学,juman
義太夫,ぎだゆう,gidayu,普通名詞,抽象物,文化・芸術,juman
義父,ぎふ,gifu,普通名詞,人,家庭・暮らし,juman
犠飛,ぎひ,gihi,普通名詞,抽象物,スポーツ,juman
義兄,ぎけい,gikei,普通名詞,人,家庭・暮らし,juman
技巧,ぎこう,giko,普通名詞,抽象物,文化・芸術,juman
戯曲,ぎきょく,gikyoku,普通名詞,抽象物,文化・芸術,juman
義妹,ぎまい,gimai,普通名詞,人,家庭・暮らし,juman
銀,ぎん,gin,普通名詞,自然物,,manual
銀河,ぎんが,ginga,普通名詞,場所-自然,,juman
銀幕,ぎんまく,ginmaku,普通名詞,人工物-その他,文化・芸術,juman
銀杏,ぎんなん,ginnan,普通名詞,植物-部位;人工物-食べ物,,juman
銀杯,ぎんぱい,ginpai,普通名詞,人工物-その他,,juman
銀箔,ぎんぱく,ginpaku,普通名詞,自然物,,juman
儀式,ぎしき,gishiki,普通名詞,抽象物,文化・芸術,juman
碁盤,ごばん,goban,普通名詞,人工物-その他,レクリエーション;スポーツ,juman
牛蒡,ごぼう,gobo,普通名詞,植物;人工物-食べ物,料理・食事,juman
ごぼう抜き,ごぼうぬき,gobonuki,サ変名詞,抽象物,スポーツ,juman
御馳走,ごちそう,gochiso,サ変名詞,人工物-食べ物,料理・食事,juman
碁石,ごいし,goishi,普通名詞,自然物,レクリエーション;スポーツ,juman
後日,ごじつ,gojitsu,時相名詞,時間,,juman
五重塔,ごじゅうのとう,gojunoto,普通名詞,場所-施設,文化・芸術,juman
豪華版,ごうかばん,gokaban,普通名詞,人工物-その他,,juman
御家人,ごけにん,gokenin,普通名詞,人,,juman
豪傑,ごうけつ,goketsu,普通名詞,人,,juman
ごきぶり,ごきぶり,gokiburi,普通名詞,動物,,juman
合金,ごうきん,gokin,普通名詞,自然物,,juman
五穀,ごこく,gokoku,普通名詞,植物,料理・食事,juman
極楽,ごくらく,gokuraku,普通名詞,場所-その他,文化・芸術,juman
号泣,ごうきゅう,gokyu,サ変名詞,抽象物,,manual
胡麻油,ごまあぶら,gomaabura,普通名詞,人工物-食べ物;自然物,料理・食事,juman
塵箱,ごみばこ,gomibako,普通名詞,人工物-その他,家庭・暮らし,juman
権化,ごんげ,gonge,普通名詞,抽象物,文化・芸術,juman
権現,ごんげん,gongen,普通名詞,人,文化・芸術,juman
娯楽,ごらく,goraku,普通名詞,抽象物,レクリエーション,juman
御利益,ごりやく,goriyaku,普通名詞,抽象物,文化・芸術,juman
ごろつき,ごろつき,gorotsuki,普通名詞,人,,juman
後妻,ごさい,gosai,普通名詞,人,家庭・暮らし,juman
五線紙,ごせんし,gosenshi,普通名詞,人工物-その他,文化・芸術,juman
五色,ごしき,goshiki,普通名詞,色,,juman
茣蓙,ござ,goza,普通名詞,人工物-その他,,juman
午前,ごぜん,gozen,時相名詞,時間,,juman
軍配,ぐんばい,gunbai,サ変名詞,人工物-その他;抽象物,スポーツ,juman
軍医,ぐんい,guni,普通名詞,人,健康・医学;政治,juman
群青色,ぐんじょういろ,gunjoiro,普通名詞,色,,juman
群衆,ぐんしゅう,gunshu,普通名詞,人,,juman
軍手,ぐんて,gunte,普通名詞,人工物-衣類,,juman
群雄,ぐんゆう,gunyu,普通名詞,人,,juman
偶像,ぐうぞう,guzo,普通名詞,抽象物,文化・芸術,juman
御苑,ぎょえん,gyoen,普通名詞,場所-施設,,juman
漁具,ぎょぐ,gyogu,普通名詞,人工物-その他,,juman
行司,ぎょうじ,gyoji,普通名詞,人,スポーツ,juman
魚介,ぎょかい,gyokai,普通名詞,動物;人工物-食べ物,料理・食事,juman
漁港,ぎょこう,gyoko,普通名詞,場所-施設,,juman
玉露,ぎょくろ,gyokuro,普通名詞,人工物-食べ物,料理・食事,juman
玉石,ぎょくせき,gyokuseki,普通名詞,自然物,,juman
漁民,ぎょみん,gyomin,普通名詞,人,,juman
魚肉,ぎょにく,gyoniku,普通名詞,人工物-食べ物,料理・食事,juman
行列,ぎょうれつ,gyoretsu,サ変名詞,形・模様,,juman
魚類,ぎょるい,gyorui,普通名詞,動物,,juman
漁船,ぎょせん,gyosen,普通名詞,人工物-乗り物,,juman
餃子,ぎょーざ,gyoza,普通名詞,人工物-食べ物,料理・食事,juman
牛肉,ぎゅうにく,gyuniku,普通名詞,人工物-食べ物,料理・食事,juman
牛乳,ぎゅうにゅう,gyunyu,普通名詞,人工物-食べ物;自然物,料理・食事,juman
牛車,ぎゅうしゃ,gyusha,普通名詞,人工物-乗り物,,juman
牛刀,ぎゅうとう,gyuto,普通名詞,人工物-その他,料理・食事,juman
幅,はば,haba,普通名詞,場所-機能;抽象物,,juman
幅跳び,はばとび,habatobi,普通名詞,抽象物,スポーツ,juman
羽二重,はぶたえ,habutae,普通名詞,人工物-その他,,juman
蜂,はち,hachi,普通名詞,動物,,juman
鉢合わせ,はちあわせ,hachiawase,サ変名詞,抽象物,,juman
蜂鳥,はちどり,hachidori,普通名詞,動物,,juman
鉢巻き,はちまき,hachimaki,サ変名詞,人工物-衣類,スポーツ;家庭・暮らし,juman
蜂蜜,はちみつ,hachimitsu,普通名詞,人工物-食べ物;自然物,料理・食事,juman
鉢植え,はちうえ,hachiue,普通名詞,植物,,juman
爬虫類,はちゅうるい,hachurui,普通名詞,動物,,juman
肌,はだ,hada,普通名詞,動物-部位,,juman
肌着,はだぎ,hadagi,普通名詞,人工物-衣類,家庭・暮らし,juman
肌色,はだいろ,hadairo,普通名詞,色,,juman
肌触り,はだざわり,hadazawari,普通名詞,抽象物,,juman
蠅,はえ,hae,普通名詞,動物,,juman
生え際,はえぎわ,haegiwa,普通名詞,場所-その他,,juman
延縄,はえなわ,haenawa,普通名詞,人工物-その他,,juman
生え抜き,はえぬき,haenuki,普通名詞,抽象物,家庭・暮らし;ビジネス,juman
歯形,はがた,hagata,普通名詞,形・模様,健康・医学,juman
萩,はぎ,hagi,普通名詞,植物,,juman
端切れ,はぎれ,hagire,普通名詞,人工物-その他,,juman
羽子板,はごいた,hagoita,普通名詞,人工物-その他,レクリエーション,juman
羽衣,はごろも,hagoromo,普通名詞,人工物-衣類,,juman
歯応え,はごたえ,hagotae,普通名詞,抽象物,料理・食事,juman
歯茎,はぐき,haguki,普通名詞,動物-部位,健康・医学,juman
歯車,はぐるま,haguruma,普通名詞,人工物-その他,,juman
母,はは,haha,普通名詞,人,家庭・暮らし,juman
母方,ははかた,hahakata,普通名詞,抽象物,家庭・暮らし,juman
母子草,ははこぐさ,hahakogusa,普通名詞,植物,料理・食事,juman
母親,ははおや,hahaoya,普通名詞,人,家庭・暮らし,juman
母上,ははうえ,hahaue,普通名詞,人,家庭・暮らし,juman
破片,はへん,hahen,普通名詞,人工物-その他,,juman
灰,はい,hai,普通名詞,自然物,,juman
敗北,はいぼく,haiboku,サ変名詞,抽象物,スポーツ;政治,juman
廃物,はいぶつ,haibutsu,普通名詞,人工物-その他,,juman
灰色,はいいろ,haiiro,普通名詞,色,,juman
灰石,はいいし,haiishi,普通名詞,自然物,,juman
俳人,はいじん,haijin,普通名詞,人,文化・芸術,juman
配下,はいか,haika,普通名詞,人,,juman
拝観,はいかん,haikan,サ変名詞,抽象物,文化・芸術,juman
肺門,はいもん,haimon,普通名詞,動物-部位,健康・医学,juman
胚乳,はいにゅう,hainyu,普通名詞,植物-部位,,juman
廃屋,はいおく,haioku,普通名詞,場所-施設,,juman
廃船,はいせん,haisen,普通名詞,人工物-乗り物,交通,juman
敗色,はいしょく,haishoku,普通名詞,抽象物,スポーツ,juman
排水溝,はいすいこう,haisuiko,普通名詞,場所-施設,家庭・暮らし,juman
配役,はいやく,haiyaku,普通名詞,抽象物,文化・芸術,juman
俳優,はいゆう,haiyu,普通名詞,人,文化・芸術,juman
廃材,はいざい,haizai,普通名詞,人工物-その他,,juman
灰皿,はいざら,haizara,普通名詞,人工物-その他,家庭・暮らし,juman
肺臓,はいぞう,haizo,普通名詞,動物-部位,健康・医学,juman
恥,はじ,haji,普通名詞,抽象物,,juman
初め,はじめ,hajime,時相名詞,時間,,juman
袴,はかま,hakama,普通名詞,人工物-衣類,家庭・暮らし,juman
掃き溜め,はきだめ,hakidame,普通名詞,場所-その他,,juman
履き物,はきもの,hakimono,普通名詞,人工物-衣類,家庭・暮らし,juman
白球,はっきゅう,hakkyu,普通名詞,人工物-その他,スポーツ,juman
箱,はこ,hako,普通名詞,人工物-その他,,juman
繁縷,はこべ,hakobe,普通名詞,植物,料理・食事,juman
方舟,はこぶね,hakobune,普通名詞,人工物-乗り物,交通,juman
箱庭,はこにわ,hakoniwa,普通名詞,人工物-その他,健康・医学,juman
箱詰め,はこづめ,hakozume,サ変名詞,抽象物,,juman
箔,はく,haku,普通名詞,自然物,,juman
白墨,はくぼく,hakuboku,普通名詞,人工物-その他,教育・学習,juman
博物,はくぶつ,hakubutsu,普通名詞,人工物-その他,,juman
白鳥,はくちょう,hakucho,普通名詞,動物,,juman
白昼,はくちゅう,hakuchu,時相名詞,時間,,juman
白煙,はくえん,hakuen,普通名詞,自然物,,juman
博学,はくがく,hakugaku,普通名詞,抽象物,教育・学習;科学・技術,juman
白銀,はくぎん,hakugin,普通名詞,自然物,,juman
白鳳,はくほう,hakuho,普通名詞,動物,,juman
白衣,はくい,hakui,普通名詞,人工物-衣類,健康・医学;料理・食事,juman
白磁,はくじ,hakuji,普通名詞,人工物-その他,料理・食事,juman
白日,はくじつ,hakujitsu,普通名詞,自然物,,juman
白米,はくまい,hakumai,普通名詞,植物;人工物-食べ物,料理・食事,juman
薄膜,はくまく,hakumaku,普通名詞,人工物-その他,,juman
白菜,はくさい,hakusai,普通名詞,植物;人工物-食べ物,料理・食事,juman
剥製,はくせい,hakusei,普通名詞,人工物-その他,,juman
白線,はくせん,hakusen,普通名詞,人工物-その他,,juman
白雪,はくせつ,hakusetsu,普通名詞,自然物,,juman
白紙,はくし,hakushi,普通名詞,人工物-その他,,juman
迫真,はくしん,hakushin,普通名詞,抽象物,文化・芸術,juman
白色,はくしょく,hakushoku,普通名詞,色,,juman
拍手,はくしゅ,hakushu,サ変名詞,抽象物,,manual
浜,はま,hama,普通名詞,場所-自然,,juman
浜辺,はまべ,hamabe,普通名詞,場所-自然,,juman
はまち,はまち,hamachi,普通名詞,動物;人工物-食べ物,料理・食事,juman
蛤,はまぐり,hamaguri,普通名詞,動物;人工物-食べ物,料理・食事,juman
葉巻,はまき,hamaki,普通名詞,人工物-その他,料理・食事,juman
破魔矢,はまや,hamaya,普通名詞,人工物-その他,文化・芸術,juman
羽目板,はめいた,hameita,普通名詞,人工物-その他,,juman
歯磨き,はみがき,hamigaki,普通名詞,抽象物,家庭・暮らし,juman
波紋,はもん,hamon,普通名詞,形・模様,,juman
刃物,はもの,hamono,普通名詞,人工物-その他,家庭・暮らし,juman
花,はな,hana,普通名詞,植物,,juman
花畑,はなばたけ,hanabatake,普通名詞,場所-その他,,juman
花火,はなび,hanabi,普通名詞,人工物-その他,レクリエーション,juman
花冷え,はなびえ,hanabie,サ変名詞,抽象物,,juman
花びら,はなびら,hanabira,普通名詞,植物-部位,,juman
花房,はなぶさ,hanabusa,普通名詞,植物-部位,,juman
花便り,はなだより,hanadayori,普通名詞,抽象物,文化・芸術,juman
花時,はなどき,hanadoki,普通名詞,時間,,juman
花柄,はながら,hanagara,普通名詞,形・模様,,juman
花形,はながた,hanagata,普通名詞,人,,juman
花暦,はなごよみ,hanagoyomi,普通名詞,時間,,juman
花曇り,はなぐもり,hanagumori,普通名詞,抽象物,,juman
鼻汁,はなじる,hanajiru,普通名詞,自然物,健康・医学,juman
花丸,はなまる,hanamaru,普通名詞,形・模様,,juman
花道,はなみち,hanamichi,普通名詞,場所-施設部位,文化・芸術,juman
鼻水,はなみず,hanamizu,普通名詞,自然物,,juman
花婿,はなむこ,hanamuko,普通名詞,人,家庭・暮らし,juman
離れ島,はなれじま,hanarejima,普通名詞,場所-自然,,juman
鼻先,はなさき,hanasaki,普通名詞,動物-部位;場所-その他,,juman
話,はなし,hanashi,サ変名詞,抽象物,,juman
放し飼い,はなしがい,hanashigai,サ変名詞,抽象物,,juman
話し声,はなしごえ,hanashigoe,普通名詞,抽象物,,juman
花菖蒲,はなしょうぶ,hanashobu,普通名詞,植物,,juman
鼻筋,はなすじ,hanasuji,普通名詞,形・模様,,juman
花束,はなたば,hanataba,普通名詞,人工物-その他,,juman
鼻歌,はなうた,hanauta,普通名詞,抽象物,レクリエーション,juman
塙,はなわ,hanawa,普通名詞,場所-自然,,juman
花嫁,はなよめ,hanayome,普通名詞,人,家庭・暮らし,juman
花盛り,はなざかり,hanazakari,普通名詞,抽象物,,juman
花園,はなぞの,hanazono,普通名詞,場所-その他,,juman
鼻面,はなづら,hanazura,普通名詞,動物-部位,,juman
羽根突,はねつき,hanetsuki,サ変名詞,抽象物,レクリエーション,juman
版画,はんが,hanga,普通名詞,人工物-その他;抽象物,文化・芸術,juman
半月,はんげつ,hangetsu,普通名詞,自然物,,juman
はにかみ屋,はにかみや,hanikamiya,普通名詞,人,,juman
半熟,はんじゅく,hanjuku,普通名詞,抽象物,料理・食事,juman
繁華街,はんかがい,hankagai,普通名詞,場所-その他,,juman
半規管,はんきかん,hankikan,普通名詞,動物-部位,健康・医学,juman
半日,はんにち,hannichi,時相名詞,時間,,juman
般若,はんにゃ,hannya,普通名詞,抽象物,文化・芸術,juman
半片,はんぺん,hanpen,普通名詞,人工物-食べ物,料理・食事,juman
反省,はんせい,hansei,サ変名詞,抽象物,,manual
半身,はんしん,hanshin,普通名詞,動物-部位,,juman
半袖,はんそで,hansode,普通名詞,人工物-衣類,家庭・暮らし,juman
半島,はんとう,hanto,普通名詞,場所-自然,,juman
半時,はんとき,hantoki,時相名詞,時間,,juman
半透明,はんとうめい,hantomei,普通名詞,色,,juman
半年,はんとし,hantoshi,時相名詞,時間,,juman
半月,はんつき,hantsuki,時相名詞,時間,,juman
羽織,はおり,haori,普通名詞,人工物-衣類,家庭・暮らし,juman
法被,はっぴ,happi,普通名詞,人工物-衣類,家庭・暮らし,juman
発表,はっぴょう,happyo,サ変名詞,抽象物,,manual
原,はら,hara,普通名詞,場所-自然,,juman
腹這,はらばい,harabai,普通名詞,抽象物,家庭・暮らし,juman
腹鰭,はらびれ,harabire,普通名詞,動物-部位,,juman
腹違い,はらちがい,harachigai,普通名詞,抽象物,家庭・暮らし,juman
腹掛け,はらがけ,haragake,普通名詞,人工物-衣類,,juman
払い腰,はらいごし,haraigoshi,普通名詞,抽象物,スポーツ,juman
原っぱ,はらっぱ,harappa,普通名詞,場所-自然,,juman
はらわた,はらわた,harawata,普通名詞,動物-部位,,juman
晴れ着,はれぎ,haregi,普通名詞,人工物-衣類,家庭・暮らし,juman
晴れ間,はれま,harema,普通名詞,抽象物;時間,,juman
腫れ物,はれもの,haremono,普通名詞,動物-部位,健康・医学,juman
針,はり,hari,普通名詞,人工物-その他,家庭・暮らし;健康・医学,juman
張り紙,はりがみ,harigami,普通名詞,人工物-その他,,juman
針金,はりがね,harigane,普通名詞,人工物-その他,,juman
張り子,はりこ,hariko,普通名詞,人工物-その他,文化・芸術,juman
春,はる,haru,時相名詞,時間,,juman
春先,はるさき,harusaki,時相名詞,時間,,juman
春雨,はるさめ,harusame,普通名詞,抽象物,料理・食事,juman
鋏,はさみ,hasami,普通名詞,人工物-その他,家庭・暮らし,juman
挟み撃ち,はさみうち,hasamiuchi,サ変名詞,抽象物,,juman
橋,はし,hashi,普通名詞,場所-施設,交通,juman
端々,はしばし,hashibashi,普通名詞,場所-その他,,juman
橋桁,はしげた,hashigeta,普通名詞,人工物-その他,交通,juman
梯子,はしご,hashigo,普通名詞,人工物-その他,家庭・暮らし,juman
艀,はしけ,hashike,普通名詞,人工物-乗り物,交通,juman
端くれ,はしくれ,hashikure,普通名詞,人;人工物-その他,,juman
柱,はしら,hashira,普通名詞,人工物-その他,,juman
発進,はっしん,hasshin,サ変名詞,抽象物,交通,juman
蓮,はす,hasu,普通名詞,植物;人工物-食べ物,,juman
斜交い,はすかい,hasukai,普通名詞,場所-機能,,juman
斜向かい,はすむかい,hasumukai,普通名詞,場所-機能,,juman
旗,はた,hata,普通名詞,人工物-その他,,juman
畑地,はたち,hatachi,普通名詞,場所-その他,,juman
畑,はたけ,hatake,普通名詞,場所-その他,,juman
旗本,はたもと,hatamoto,普通名詞,人,,juman
破綻,はたん,hatan,サ変名詞,抽象物,ビジネス;家庭・暮らし,juman
機織り,はたおり,hataori,普通名詞,抽象物,家庭・暮らし,juman
発着,はっちゃく,hatchaku,サ変名詞,抽象物,交通,juman
鳩,はと,hato,普通名詞,動物,,juman
波止場,はとば,hatoba,普通名詞,場所-その他,交通,juman
初,はつ,hatsu,普通名詞,時間,,juman
初釜,はつがま,hatsugama,普通名詞,抽象物,文化・芸術,juman
初恋,はつこい,hatsukoi,普通名詞,抽象物,家庭・暮らし,juman
初午,はつうま,hatsuma,普通名詞,時間,,juman
初孫,はつまご,hatsumago,普通名詞,人,家庭・暮らし,juman
初参り,はつまいり,hatsumairi,サ変名詞,抽象物,家庭・暮らし,juman
初詣で,はつもうで,hatsumode,サ変名詞,抽象物,家庭・暮らし,juman
初物,はつもの,hatsumono,普通名詞,人工物-食べ物,,juman
初乗り,はつのり,hatsunori,サ変名詞,抽象物,交通,juman
初役,はつやく,hatsuyaku,普通名詞,抽象物,文化・芸術,juman
初夢,はつゆめ,hatsuyume,普通名詞,抽象物,家庭・暮らし,juman
早場米,はやばまい,hayabamai,普通名詞,植物;人工物-食べ物,料理・食事,juman
早引け,はやびけ,hayabike,サ変名詞,抽象物,家庭・暮らし;教育・学習;ビジネス,juman
隼,はやぶさ,hayabusa,普通名詞,動物,,juman
早変わり,はやがわり,hayagawari,サ変名詞,抽象物,,juman
早く,はやく,hayaku,普通名詞,時間,,juman
早見表,はやみひょう,hayamihyo,普通名詞,人工物-その他,,juman
早起き,はやおき,hayaoki,サ変名詞,抽象物,家庭・暮らし,juman
早瀬,はやせ,hayase,普通名詞,場所-自然;場所-その他,,juman
林,はやし,hayashi,普通名詞,場所-自然,,juman
早生まれ,はやうまれ,hayaumare,普通名詞,抽象物,家庭・暮らし;教育・学習,juman
端境期,はざかいき,hazakaiki,時相名詞,時間,,juman
葉桜,はざくら,hazakura,普通名詞,植物,,juman
蛇,へび,hebi,普通名詞,動物,,juman
天糸瓜,へちま,hechima,普通名詞,植物,家庭・暮らし;料理・食事,juman
へどろ,へどろ,hedoro,普通名詞,人工物-その他,,juman
平地,へいち,heichi,普通名詞,場所-その他,,juman
平服,へいふく,heifuku,普通名詞,人工物-衣類,家庭・暮らし,juman
平原,へいげん,heigen,普通名詞,場所-自然,,juman
平日,へいじつ,heijitsu,普通名詞,時間,,juman
閉幕,へいまく,heimaku,サ変名詞,抽象物,文化・芸術;スポーツ,juman
並走,へいそう,heiso,サ変名詞,抽象物,スポーツ;交通,juman
平野,へいや,heiya,普通名詞,場所-自然,,juman
僻地,へきち,hekichi,普通名詞,場所-その他,,juman
壁画,へきが,hekiga,普通名詞,人工物-その他;抽象物,文化・芸術,juman
壁面,へきめん,hekimen,普通名詞,場所-その他,,juman
返事,へんじ,henji,サ変名詞,抽象物,,manual
辺境,へんきょう,henkyo,普通名詞,場所-その他,,juman
編曲,へんきょく,henkyoku,サ変名詞,抽象物,文化・芸術,juman
返品,へんぴん,henpin,サ変名詞,抽象物,家庭・暮らし;ビジネス,juman
遍路,へんろ,henro,普通名詞,抽象物,文化・芸術,juman
編纂,へんさん,hensan,サ変名詞,抽象物,文化・芸術,juman
変成岩,へんせいがん,henseigan,普通名詞,自然物,,juman
返信,へんしん,henshin,サ変名詞,人工物-その他,,juman
偏食,へんしょく,henshoku,サ変名詞,抽象物,料理・食事,juman
変速,へんそく,hensoku,サ変名詞,抽象物,交通,juman
変奏曲,へんそうきょく,hensokyoku,普通名詞,抽象物,文化・芸術,juman
扁桃腺,へんとうせん,hentosen,普通名詞,動物-部位,健康・医学,juman
臍繰り,へそくり,hesokuri,普通名詞,人工物-金銭,家庭・暮らし,juman
へその緒,へそのお,hesono,普通名詞,動物-部位,健康・医学;家庭・暮らし,juman
部屋,へや,heya,普通名詞,場所-施設,家庭・暮らし,juman
火遊び,ひあそび,hiasobi,普通名詞,抽象物,家庭・暮らし,juman
日当たり,ひあたり,hiatari,普通名詞,抽象物,,juman
火鉢,ひばち,hibachi,普通名詞,人工物-その他,,juman
火花,ひばな,hibana,普通名詞,自然物,,juman
火箸,ひばし,hibashi,普通名詞,人工物-その他,,juman
日干し,ひぼし,hiboshi,普通名詞,抽象物,家庭・暮らし,juman
火蓋,ひぶた,hibuta,普通名詞,人工物-その他,,juman
秘仏,ひぶつ,hibutsu,普通名詞,人工物-その他,文化・芸術,juman
篳篥,ひちりき,hichiriki,普通名詞,人工物-その他,文化・芸術,juman
襞,ひだ,hida,普通名詞,人工物-衣類,,juman
日溜まり,ひだまり,hidamari,普通名詞,場所-その他,,juman
火種,ひだね,hidane,普通名詞,自然物,,juman
左,ひだり,hidari,普通名詞,場所-機能,,juman
左利き,ひだりきき,hidarikiki,普通名詞,抽象物,,juman
左手,ひだりて,hidarite,普通名詞,動物-部位,,juman
日時計,ひどけい,hidokei,普通名詞,人工物-その他,,juman
被服,ひふく,hifuku,普通名詞,人工物-衣類,家庭・暮らし,juman
日帰り,ひがえり,higaeri,サ変名詞,抽象物,レクリエーション,juman
彼岸,ひがん,higan,普通名詞,時間,文化・芸術,juman
彼岸花,ひがんばな,higanbana,普通名詞,植物,,juman
日傘,ひがさ,higasa,普通名詞,人工物-その他,家庭・暮らし,juman
干菓子,ひがし,higashi,普通名詞,人工物-食べ物,料理・食事,juman
髭根,ひげね,higene,普通名詞,植物-部位,,juman
緋鯉,ひごい,higoi,普通名詞,動物,,juman
日ごと,ひごと,higoto,普通名詞,時間,,juman
ひぐま,ひぐま,higuma,普通名詞,動物,,juman
ひぐらし,ひぐらし,higurashi,普通名詞,動物,,juman
日暮れ,ひぐれ,higure,普通名詞,抽象物;時間,,juman
ひいき,ひいき,hiiki,サ変名詞,抽象物,,juman
ひいおばあさん,ひいおばあさん,hiiobaasan,普通名詞,人,家庭・暮らし,juman
ひいおじいさん,ひいおじいさん,hiiojiisan,普通名詞,人,家庭・暮らし,juman
柊,ひいらぎ,hiiragi,普通名詞,植物,,juman
ひじき,ひじき,hijiki,普通名詞,植物;人工物-食べ物,料理・食事,juman
非常口,ひじょうぐち,hijoguchi,普通名詞,場所-施設部位,,juman
日影,ひかげ,hikage,普通名詞,場所-自然,,juman
光,ひかり,hikari,普通名詞,抽象物,,juman
引き出物,ひきでもの,hikidemono,普通名詞,人工物-その他,家庭・暮らし,juman
引き戸,ひきど,hikido,普通名詞,場所-施設,家庭・暮らし,juman
蟇蛙,ひきがえる,hikigaeru,普通名詞,動物,,juman
引き金,ひきがね,hikigane,普通名詞,人工物-その他,,juman
弾き語り,ひきがたり,hikigatari,普通名詞,抽象物,文化・芸術,juman
悲喜劇,ひきげき,hikigeki,普通名詞,抽象物,文化・芸術,juman
引き際,ひきぎわ,hikigiwa,普通名詞,時間,,juman
轢き逃げ,ひきにげ,hikinige,サ変名詞,抽象物,交通;政治,juman
挽き肉,ひきにく,hikiniku,普通名詞,人工物-食べ物,料理・食事,juman
引き潮,ひきしお,hikishio,普通名詞,抽象物,,juman
引き手,ひきて,hikite,普通名詞,場所-施設部位,,juman
引き取り手,ひきとりて,hikitorite,普通名詞,人,,juman
挽き臼,ひきうす,hikiusu,普通名詞,人工物-その他,,juman
引分,ひきわけ,hikiwake,普通名詞,抽象物,スポーツ,juman
引き算,ひきざん,hikizan,サ変名詞,抽象物,教育・学習,juman
引き綱,ひきづな,hikizuna,普通名詞,人工物-その他,,juman
引越,ひっこし,hikkoshi,サ変名詞,抽象物,家庭・暮らし,juman
彦星,ひこぼし,hikoboshi,普通名詞,自然物,,juman
ひこ孫,ひこまご,hikomago,普通名詞,人,家庭・暮らし,juman
飛脚,ひきゃく,hikyaku,普通名詞,人,,juman
ひ孫,ひまご,himago,普通名詞,人,家庭・暮らし,juman
被膜,ひまく,himaku,普通名詞,動物-部位,,juman
ひまわり,ひまわり,himawari,普通名詞,植物,,juman
姫,ひめ,hime,普通名詞,人,,juman
姫君,ひめぎみ,himegimi,普通名詞,人,,juman
姫ゆり,ひめゆり,himeyuri,普通名詞,植物,,juman
日持ち,ひもち,himochi,サ変名詞,抽象物,料理・食事,juman
氷室,ひむろ,himuro,普通名詞,人工物-その他,,juman
雛,ひな,hina,普通名詞,動物,,juman
雛鳥,ひなどり,hinadori,普通名詞,動物,,juman
雛菊,ひなぎく,hinagiku,普通名詞,植物,,juman
雛人形,ひなにんぎょう,hinaningyo,普通名詞,人工物-その他,文化・芸術;家庭・暮らし,juman
日なた,ひなた,hinata,普通名詞,場所-自然,,juman
牝馬,ひんば,hinba,普通名詞,動物,,juman
ひねもす,ひねもす,hinemosu,時相名詞,時間,,juman
賓客,ひんきゃく,hinkyaku,普通名詞,人,,juman
丙午,ひのえうま,hinoeuma,普通名詞,時間,,juman
日の入り,ひのいり,hinoiri,普通名詞,抽象物,,juman
檜,ひのき,hinoki,普通名詞,植物,,juman
火の元,ひのもと,hinomoto,普通名詞,場所-その他,,juman
火の用心,ひのようじん,hinoyojin,普通名詞,抽象物,家庭・暮らし,juman
平,ひら,hira,普通名詞,抽象物,,juman
開き戸,ひらきど,hirakido,普通名詞,場所-施設,家庭・暮らし,juman
平幕,ひらまく,hiramaku,普通名詞,人,スポーツ,juman
ひらめ,ひらめ,hirame,普通名詞,動物;人工物-食べ物,料理・食事,juman
平泳ぎ,ひらおよぎ,hiraoyogi,普通名詞,抽象物,スポーツ,juman
平屋,ひらや,hiraya,普通名詞,場所-施設,家庭・暮らし,juman
平屋建て,ひらやだて,hirayadate,普通名詞,場所-施設,家庭・暮らし,juman
広場,ひろば,hiroba,普通名詞,場所-施設,,juman
披露宴,ひろうえん,hiroen,普通名詞,抽象物,家庭・暮らし,juman
拾い物,ひろいもの,hiroimono,普通名詞,人工物-その他,,juman
拾い読み,ひろいよみ,hiroiyomi,サ変名詞,抽象物,,juman
広小路,ひろこうじ,hirokoji,普通名詞,場所-その他,交通,juman
昼,ひる,hiru,時相名詞,時間,,juman
昼時,ひるどき,hirudoki,時相名詞,時間,,juman
昼顔,ひるがお,hirugao,普通名詞,植物,,juman
昼げ,ひるげ,hiruge,普通名詞,人工物-食べ物,料理・食事,juman
昼日中,ひるひなか,hiruhinaka,時相名詞,時間,,juman
昼下がり,ひるさがり,hirusagari,時相名詞,時間,,juman
肥料,ひりょう,hiryo,普通名詞,人工物-その他,,juman
庇,ひさし,hisashi,普通名詞,場所-施設部位,,juman
柄杓,ひしゃく,hishaku,普通名詞,人工物-その他,料理・食事,juman
被写体,ひしゃたい,hishatai,普通名詞,抽象物,文化・芸術,juman
菱形,ひしがた,hishigata,普通名詞,形・模様,,juman
菱餅,ひしもち,hishimochi,普通名詞,人工物-食べ物,家庭・暮らし;料理・食事,juman
皮質,ひしつ,hishitsu,普通名詞,動物-部位,健康・医学,juman
筆算,ひっさん,hissan,サ変名詞,抽象物,教育・学習,juman
筆者,ひっしゃ,hissha,普通名詞,人,文化・芸術;科学・技術;メディア,juman
飛天,ひてん,hiten,普通名詞,人,文化・芸術,juman
人,ひと,hito,普通名詞,人,,juman
一汗,ひとあせ,hitoase,普通名詞,自然物,,juman
一晩,ひとばん,hitoban,時相名詞,時間,,juman
人々,ひとびと,hitobito,普通名詞,人,,juman
人違い,ひとちがい,hitochigai,サ変名詞,抽象物,,juman
人魂,ひとだま,hitodama,普通名詞,自然物,文化・芸術,juman
人助け,ひとだすけ,hitodasuke,サ変名詞,抽象物,,juman
海星,ひとで,hitode,普通名詞,動物,,juman
人通り,ひとどおり,hitodori,普通名詞,抽象物,,juman
人込み,ひとごみ,hitogomi,普通名詞,抽象物,,juman
他人事,ひとごと,hitogoto,普通名詞,人,,juman
一息,ひといき,hitoiki,普通名詞,抽象物;時間,,juman
人影,ひとかげ,hitokage,普通名詞,抽象物;形・模様,,juman
一頃,ひところ,hitokoro,時相名詞,時間,,juman
人前,ひとまえ,hitomae,普通名詞,場所-その他,,juman
一幕,ひとまく,hitomaku,普通名詞,抽象物,文化・芸術,juman
一回り,ひとまわり,hitomawari,サ変名詞,抽象物,,juman
瞳,ひとみ,hitomi,普通名詞,動物-部位,,juman
一寝入り,ひとねいり,hitoneiri,サ変名詞,抽象物,家庭・暮らし,juman
独り言,ひとりごと,hitorigoto,普通名詞,抽象物,,juman
独り占め,ひとりじめ,hitorijime,サ変名詞,抽象物,,juman
一人っ子,ひとりっこ,hitorikko,普通名詞,抽象物,家庭・暮らし,juman
人様,ひとさま,hitosama,普通名詞,人,,juman
一時,ひととき,hitotoki,普通名詞,時間,,juman
一休み,ひとやすみ,hitoyasumi,サ変名詞,抽象物,,juman
人里,ひとざと,hitozato,普通名詞,場所-その他,,juman
人妻,ひとづま,hitozuma,普通名詞,人,家庭・暮らし,juman
羊,ひつじ,hitsuji,普通名詞,動物,,juman
羊飼い,ひつじかい,hitsujikai,普通名詞,人,,juman
筆名,ひつめい,hitsumei,普通名詞,抽象物,文化・芸術;メディア,juman
火打ち石,ひうちいし,hiuchiishi,普通名詞,自然物,,juman
冷や汗,ひやあせ,hiyaase,普通名詞,自然物,,juman
日焼け,ひやけ,hiyake,サ変名詞,抽象物,,juman
冷や奴,ひややっこ,hiyayakko,普通名詞,人工物-食べ物,料理・食事,juman
鵯,ひよどり,hiyodori,普通名詞,動物,,juman
ひよこ,ひよこ,hiyoko,普通名詞,動物,,juman
日盛り,ひざかり,hizakari,普通名詞,時間,,juman
膝小僧,ひざこぞう,hizakozo,普通名詞,動物-部位,,juman
膝元,ひざもと,hizamoto,普通名詞,場所-その他,,juman
日差し,ひざし,hizashi,普通名詞,抽象物,,juman
秘蔵っ子,ひぞっこ,hizokko,普通名詞,人,,juman
蹄,ひづめ,hizume,普通名詞,動物-部位,,juman
奉安,ほうあん,hoan,サ変名詞,抽象物,文化・芸術,juman
帆柱,ほばしら,hobashira,普通名詞,人工物-その他,,juman
放物線,ほうぶつせん,hobutsusen,普通名詞,形・模様,,juman
補聴器,ほちょうき,hochoki,普通名詞,人工物-その他,健康・医学,juman
捕虫網,ほちゅうあみ,hochuami,普通名詞,人工物-その他,レクリエーション,juman
邦画,ほうが,hoga,普通名詞,抽象物,文化・芸術,juman
方角,ほうがく,hogaku,普通名詞,場所-機能,,juman
砲丸投げ,ほうがんなげ,hogannage,普通名詞,抽象物,スポーツ,juman
方眼紙,ほうがんし,hoganshi,普通名詞,人工物-その他,,juman
宝玉,ほうぎょく,hogyoku,普通名詞,自然物,,juman
保育,ほいく,hoiku,サ変名詞,抽象物,家庭・暮らし,juman
邦人,ほうじん,hojin,普通名詞,人,,juman
頬白,ほおじろ,hojiro,普通名詞,動物,,juman
頬被り,ほおかぶり,hokaburi,サ変名詞,人工物-衣類,家庭・暮らし,juman
放課後,ほうかご,hokago,時相名詞,時間,教育・学習,juman
方解石,ほうかいせき,hokaiseki,普通名詞,自然物,,juman
帆掛け船,ほかけぶね,hokakebune,普通名詞,人工物-乗り物,交通,juman
補欠,ほけつ,hoketsu,普通名詞,人;抽象物,スポーツ;教育・学習,juman
箒星,ほうきぼし,hokiboshi,普通名詞,自然物,,juman
北海,ほっかい,hokkai,普通名詞,場所-その他,,juman
ほっけ,ほっけ,hokke,普通名詞,動物;人工物-食べ物,料理・食事,juman
発起人,ほっきにん,hokkinin,普通名詞,人,,juman
北極,ほっきょく,hokkyoku,普通名詞,場所-その他,,juman
ほこら,ほこら,hokora,普通名詞,場所-施設,,juman
埃,ほこり,hokori,普通名詞,自然物,,juman
矛先,ほこさき,hokosaki,普通名詞,場所-その他,,juman
北部,ほくぶ,hokubu,普通名詞,場所-機能,,juman
ほくろ,ほくろ,hokuro,普通名詞,動物-部位,,juman
北西,ほくせい,hokusei,普通名詞,場所-その他,,juman
北端,ほくたん,hokutan,普通名詞,場所-機能,,juman
帆前船,ほまえせん,homaesen,普通名詞,人工物-乗り物,交通,juman
訪問着,ほうもんぎ,homongi,普通名詞,人工物-衣類,家庭・暮らし,juman
本箱,ほんばこ,honbako,普通名詞,人工物-その他,家庭・暮らし,juman
本棚,ほんだな,hondana,普通名詞,人工物-その他;場所-施設部位,,juman
骨,ほね,hone,普通名詞,動物-部位,,juman
骨組み,ほねぐみ,honegumi,普通名詞,抽象物,,juman
骨身,ほねみ,honemi,普通名詞,動物-部位,,juman
芳年,ほうねん,honen,普通名詞,時間,,juman
骨付き,ほねつき,honetsuki,普通名詞,抽象物,料理・食事,juman
骨休め,ほねやすめ,honeyasume,サ変名詞,抽象物,,juman
本国,ほんごく,hongoku,普通名詞,場所-その他,,juman
本日,ほんじつ,honjitsu,時相名詞,時間,,juman
本館,ほんかん,honkan,普通名詞,場所-施設,,juman
本丸,ほんまる,honmaru,普通名詞,場所-施設部位,,juman
本命,ほんめい,honmei,普通名詞,人,,juman
本名,ほんみょう,honmyo,普通名詞,抽象物,文化・芸術;メディア,juman
本人,ほんにん,honnin,普通名詞,人,,juman
炎,ほのお,hono,普通名詞,抽象物,,juman
本塁,ほんるい,honrui,普通名詞,場所-その他,スポーツ,juman
本籍,ほんせき,honseki,普通名詞,抽象物,家庭・暮らし;政治,juman
本線,ほんせん,honsen,普通名詞,場所-施設,交通,juman
翻訳,ほんやく,honyaku,サ変名詞,抽象物,文化・芸術,juman
ほっぺた,ほっぺた,hoppeta,普通名詞,動物-部位,,juman
北方,ほっぽう,hoppo,普通名詞,場所-機能,,juman
法螺吹き,ほらふき,horafuki,普通名詞,人,,juman
法螺貝,ほらがい,horagai,普通名詞,動物,,juman
法蓮草,ほうれんそう,horenso,普通名詞,植物;人工物-食べ物,料理・食事,juman
堀,ほり,hori,普通名詞,場所-施設,,juman
堀端,ほりばた,horibata,普通名詞,場所-その他,,juman
彫り物,ほりもの,horimono,普通名詞,人工物-その他,文化・芸術,juman
彫り師,ほりし,horishi,普通名詞,人,文化・芸術,juman
掘り割り,ほりわり,horiwari,普通名詞,場所-施設,,juman
ほろ酔い,ほろよい,horoyoi,普通名詞,抽象物,料理・食事,juman
穂先,ほさき,hosaki,普通名詞,植物-部位,,juman
鳳仙花,ほうせんか,hosenka,普通名詞,植物,,juman
星,ほし,hoshi,普通名詞,自然物,,juman
干し柿,ほしがき,hoshigaki,普通名詞,人工物-食べ物,料理・食事,juman
干し草,ほしくさ,hoshikusa,普通名詞,植物,,juman
干し物,ほしもの,hoshimono,普通名詞,抽象物,家庭・暮らし;料理・食事,juman
星取,ほしとり,hoshitori,普通名詞,抽象物,スポーツ,juman
星空,ほしぞら,hoshizora,普通名詞,場所-自然,,juman
補色,ほしょく,hoshoku,普通名詞,色,,juman
保証人,ほしょうにん,hoshonin,普通名詞,人,家庭・暮らし;ビジネス;政治,juman
細引き,ほそびき,hosobiki,普通名詞,人工物-その他,,juman
細腕,ほそうで,hosode,普通名詞,動物-部位,,juman
細道,ほそみち,hosomichi,普通名詞,場所-その他,交通,juman
蛍,ほたる,hotaru,普通名詞,動物,,juman
帆立,ほたて,hotate,普通名詞,動物;人工物-食べ物,料理・食事,juman
仏,ほとけ,hotoke,普通名詞,人,文化・芸術,juman
ほとけのざ,ほとけのざ,hotokenoza,普通名詞,植物,料理・食事,juman
仏様,ほとけさま,hotokesama,普通名詞,人,文化・芸術,juman
ほとり,ほとり,hotori,普通名詞,場所-自然,,juman
ほととぎす,ほととぎす,hototogisu,普通名詞,動物,,juman
発願,ほつがん,hotsugan,サ変名詞,抽象物,文化・芸術,juman
酸漿,ほおずき,hozuki,普通名詞,植物,,juman
帆綱,ほづな,hozuna,普通名詞,人工物-その他,,juman
百花,ひゃっか,hyakka,普通名詞,植物,,juman
百姓,ひゃくしょう,hyakusho,普通名詞,人,,juman
豹,ひょう,hyo,普通名詞,動物,,juman
氷柱,ひょうちゅう,hyochu,普通名詞,自然物,,juman
表土,ひょうど,hyodo,普通名詞,場所-自然,,juman
氷河,ひょうが,hyoga,普通名詞,自然物,,juman
氷原,ひょうげん,hyogen,普通名詞,場所-その他,,juman
漂白,ひょうはく,hyohaku,サ変名詞,抽象物,家庭・暮らし,juman
表皮,ひょうひ,hyohi,普通名詞,動物-部位;植物-部位,,juman
表札,ひょうさつ,hyosatsu,普通名詞,人工物-その他,家庭・暮らし,juman
剽窃,ひょうせつ,hyosetsu,サ変名詞,抽象物,文化・芸術,juman
拍子木,ひょうしぎ,hyoshigi,普通名詞,人工物-その他,文化・芸術,juman
標識,ひょうしき,hyoshiki,普通名詞,人工物-その他,,juman
拍子抜け,ひょうしぬけ,hyoshinuke,サ変名詞,抽象物,,juman
標的,ひょうてき,hyoteki,普通名詞,人工物-その他,,juman
ひょっとこ,ひょっとこ,hyottoko,普通名詞,人;人工物-その他,,juman
氷山,ひょうざん,hyozan,普通名詞,自然物,,juman
茨,いばら,ibara,普通名詞,植物,,juman
居場所,いばしょ,ibasho,普通名詞,場所-その他,,juman
胃袋,いぶくろ,ibukuro,普通名詞,動物-部位,健康・医学;料理・食事,juman
燻し銀,いぶしぎん,ibushigin,普通名詞,人工物-その他;色,,juman
異物,いぶつ,ibutsu,普通名詞,人工物-その他,,juman
苺,いちご,ichigo,普通名詞,植物;人工物-食べ物,料理・食事,juman
一員,いちいん,ichiin,普通名詞,人,,juman
一時,いちじ,ichiji,時相名詞,時間,,juman
無花果,いちじく,ichijiku,普通名詞,植物;人工物-食べ物,料理・食事,juman
一枚岩,いちまいいわ,ichimaiiwa,普通名詞,自然物,,juman
市松,いちまつ,ichimatsu,普通名詞,形・模様,,juman
一男,いちなん,ichinan,普通名詞,人,,juman
一年中,いちねんじゅう,ichinenju,時相名詞,時間,,juman
一年草,いちねんそう,ichinenso,普通名詞,植物,,juman
一里塚,いちりづか,ichirizuka,普通名詞,場所-その他,,juman
一夜,いちや,ichiya,時相名詞,時間,,juman
一夜漬け,いちやづけ,ichiyazuke,サ変名詞,人工物-食べ物,教育・学習,juman
銀杏,いちょう,icho,普通名詞,植物,,juman
韋駄天,いだてん,idaten,普通名詞,人,文化・芸術;スポーツ,juman
遺伝子,いでんし,idenshi,普通名詞,自然物,健康・医学;科学・技術,juman
井戸端,いどばた,idobata,普通名詞,場所-その他,,juman
居所,いどころ,idokoro,普通名詞,場所-その他,,juman
井戸水,いどみず,idomizu,普通名詞,人工物-食べ物;自然物,家庭・暮らし;料理・食事,juman
家出,いえで,iede,サ変名詞,抽象物,家庭・暮らし,juman
家柄,いえがら,iegara,普通名詞,抽象物,家庭・暮らし,juman
家中,いえじゅう,ieju,普通名詞,場所-その他,家庭・暮らし,juman
胃液,いえき,ieki,普通名詞,自然物,健康・医学,juman
家元,いえもと,iemoto,普通名詞,人;場所-施設,文化・芸術,juman
家並み,いえなみ,ienami,普通名詞,抽象物,,juman
衣服,いふく,ifuku,普通名詞,人工物-衣類,家庭・暮らし,juman
鋳型,いがた,igata,普通名詞,人工物-その他,,juman
藺草,いぐさ,igusa,普通名詞,植物,,juman
位牌,いはい,ihai,普通名詞,人工物-その他,文化・芸術;家庭・暮らし,juman
許嫁,いいなずけ,iinazuke,普通名詞,人,家庭・暮らし,juman
言い訳,いいわけ,iiwake,サ変名詞,抽象物,,juman
苛めっ子,いじめっこ,ijimekko,普通名詞,人,家庭・暮らし,juman
偉人,いじん,ijin,普通名詞,人,,juman
筏,いかだ,ikada,普通名詞,人工物-乗り物,交通,juman
錨,いかり,ikari,普通名詞,人工物-その他,交通,juman
池,いけ,ike,普通名詞,場所-自然,,juman
生け花,いけばな,ikebana,普通名詞,抽象物,文化・芸術,juman
生け垣,いけがき,ikegaki,普通名詞,場所-施設部位,,juman
意見,いけん,iken,サ変名詞,抽象物,,manual
生け簀,いけす,ikesu,普通名詞,場所-施設,料理・食事,juman
息,いき,iki,普通名詞,抽象物,,juman
生き仏,いきぼとけ,ikibotoke,普通名詞,人,文化・芸術,juman
行き止まり,いきどまり,ikidomari,普通名詞,抽象物,交通,juman
生き餌,いきえ,ikie,普通名詞,人工物-食べ物,,juman
生きがい,いきがい,ikigai,普通名詞,抽象物,,juman
行き掛け,いきがけ,ikigake,普通名詞,抽象物,交通,juman
生き字引,いきじびき,ikijibiki,普通名詞,人,,juman
生き物,いきもの,ikimono,普通名詞,動物;植物,,juman
息抜き,いきぬき,ikinuki,サ変名詞,抽象物,,juman
いきれ,いきれ,ikire,普通名詞,自然物,,juman
行き先,いきさき,ikisaki,普通名詞,場所-その他,交通,juman
息継ぎ,いきつぎ,ikitsugi,サ変名詞,抽象物,,juman
一軒家,いっけんや,ikkenya,普通名詞,場所-施設,家庭・暮らし,juman
一戸建て,いっこだて,ikkodate,普通名詞,場所-施設,家庭・暮らし,juman
異国,いこく,ikoku,普通名詞,場所-その他,,juman
育児,いくじ,ikuji,サ変名詞,抽象物,家庭・暮らし,juman
行く先,いくさき,ikusaki,普通名詞,場所-その他;時間,交通,juman
医局,いきょく,ikyoku,普通名詞,場所-施設,健康・医学,juman
異教徒,いきょうと,ikyoto,普通名詞,人,文化・芸術,juman
今,いま,ima,時相名詞,時間,,juman
今どき,いまどき,imadoki,普通名詞,時間,,juman
今頃,いまごろ,imagoro,時相名詞,時間,,juman
芋,いも,imo,普通名詞,植物;人工物-食べ物,料理・食事,juman
芋虫,いもむし,imomushi,普通名詞,動物,,juman
井守,いもり,imori,普通名詞,動物,,juman
妹,いもうと,imoto,普通名詞,人,家庭・暮らし,juman
芋蔓,いもづる,imozuru,普通名詞,植物-部位,,juman
否,いな,ina,普通名詞,抽象物,,juman
稲光,いなびかり,inabikari,普通名詞,抽象物,,manual
稲穂,いなほ,inaho,普通名詞,植物-部位,,juman
稲叢,いなむら,inamura,普通名詞,人工物-その他,,juman
稲束,いなたば,inataba,普通名詞,人工物-その他,,juman
稲妻,いなずま,inazuma,普通名詞,抽象物,,manual
韻文,いんぶん,inbun,普通名詞,抽象物,文化・芸術,juman
稲,いね,ine,普通名詞,植物,,juman
稲刈り,いねかり,inekari,サ変名詞,抽象物,,juman
印画紙,いんがし,ingashi,普通名詞,人工物-その他,,juman
隠元,いんげん,ingen,普通名詞,植物;人工物-食べ物,料理・食事,juman
隠元豆,いんげんまめ,ingenmame,普通名詞,植物;人工物-食べ物,料理・食事,juman
古,いにしえ,inishie,普通名詞,時間,,juman
印鑑,いんかん,inkan,普通名詞,人工物-その他,家庭・暮らし;ビジネス,juman
命,いのち,inochi,普通名詞,抽象物,健康・医学;家庭・暮らし,juman
命綱,いのちづな,inochizuna,普通名詞,人工物-その他,,juman
猪,いのしし,inoshishi,普通名詞,動物,,juman
陰暦,いんれき,inreki,普通名詞,時間,,juman
韻律,いんりつ,inritsu,普通名詞,抽象物,文化・芸術,juman
印篭,いんろう,inro,普通名詞,人工物-その他,,juman
飲料,いんりょう,inryo,普通名詞,人工物-食べ物,料理・食事,juman
院生,いんせい,insei,普通名詞,人,教育・学習;科学・技術,juman
飲食,いんしょく,inshoku,サ変名詞,抽象物,料理・食事,juman
因習,いんしゅう,inshu,普通名詞,抽象物,文化・芸術,juman
引率,いんそつ,insotsu,サ変名詞,抽象物,教育・学習,juman
隠遁,いんとん,inton,サ変名詞,抽象物,家庭・暮らし,juman
犬,いぬ,inu,普通名詞,動物,,juman
犬橇,いぬぞり,inuzori,普通名詞,人工物-乗り物;人工物-その他,,juman
逸品,いっぴん,ippin,普通名詞,人工物-その他,,juman
一本背負い,いっぽんぜおい,ipponzeoi,普通名詞,抽象物,スポーツ,juman
入れ歯,いれば,ireba,普通名詞,人工物-その他,健康・医学,juman
入れ違い,いれちがい,irechigai,サ変名詞,抽象物,,juman
入れ物,いれもの,iremono,普通名詞,人工物-その他,,juman
入れ墨,いれずみ,irezumi,サ変名詞,動物-部位,,juman
入り口,いりぐち,iriguchi,普通名詞,場所-その他,,juman
入り日,いりひ,irihi,普通名詞,自然物,,juman
入り海,いりうみ,iriumi,普通名詞,場所-自然,,juman
色,いろ,iro,普通名詞,色,,juman
いろは,いろは,iroha,普通名詞,抽象物,,juman
色町,いろまち,iromachi,普通名詞,場所-その他,,juman
色分け,いろわけ,irowake,サ変名詞,抽象物,,juman
衣類,いるい,irui,普通名詞,人工物-衣類,家庭・暮らし,juman
海豚,いるか,iruka,普通名詞,動物,,juman
居留守,いるす,irusu,サ変名詞,抽象物,家庭・暮らし,juman
衣料,いりょう,iryo,普通名詞,人工物-衣類,家庭・暮らし,juman
遺作,いさく,isaku,普通名詞,抽象物,文化・芸術;メディア,juman
胃酸,いさん,isan,普通名詞,自然物,健康・医学,juman
漁り火,いさりび,isaribi,普通名詞,人工物-その他,,juman
遺跡,いせき,iseki,普通名詞,場所-その他,文化・芸術,juman
慰謝料,いしゃりょう,isharyo,普通名詞,人工物-金銭,家庭・暮らし;ビジネス,juman
石,いし,ishi,普通名詞,自然物,,juman
石橋,いしばし,ishibashi,普通名詞,場所-施設,交通,juman
石段,いしだん,ishidan,普通名詞,場所-施設,,juman
石畳,いしだたみ,ishidatami,普通名詞,場所-その他,,juman
石灯篭,いしどうろう,ishidoro,普通名詞,人工物-その他,文化・芸術,juman
石垣,いしがき,ishigaki,普通名詞,場所-施設部位,,juman
石ころ,いしころ,ishikoro,普通名詞,自然物,,juman
石おの,いしおの,ishiono,普通名詞,人工物-その他,,juman
石臼,いしうす,ishiusu,普通名詞,人工物-その他,,juman
礎,いしずえ,ishizue,普通名詞,自然物,,juman
石突き,いしづき,ishizuki,普通名詞,植物-部位;人工物-その他,,juman
衣食,いしょく,ishoku,普通名詞,抽象物,家庭・暮らし,juman
衣食住,いしょくじゅう,ishokuju,普通名詞,抽象物,家庭・暮らし,juman
磯,いそ,iso,普通名詞,場所-自然,,juman
磯松,いそまつ,isomatsu,普通名詞,植物,,juman
居候,いそうろう,isoro,サ変名詞,人,家庭・暮らし,juman
一昨年,いっさくねん,issakunen,時相名詞,時間,,juman
一夕,いっせき,isseki,時相名詞,時間,,juman
一線,いっせん,issen,普通名詞,形・模様,,juman
一線級,いっせんきゅう,issenkyu,普通名詞,抽象物,スポーツ,juman
一節,いっせつ,issetsu,普通名詞,抽象物,文化・芸術,juman
一身,いっしん,isshin,普通名詞,動物,,juman
一神教,いっしんきょう,isshinkyo,普通名詞,抽象物,文化・芸術,juman
一室,いっしつ,isshitsu,普通名詞,場所-施設,,juman
一生涯,いっしょうがい,isshogai,時相名詞,抽象物,家庭・暮らし,juman
一周忌,いっしゅうき,isshuki,普通名詞,抽象物,文化・芸術;家庭・暮らし,juman
一睡,いっすい,issui,サ変名詞,抽象物,家庭・暮らし,juman
板,いた,ita,普通名詞,人工物-その他,,juman
いたち,いたち,itachi,普通名詞,動物,,juman
板壁,いたかべ,itakabe,普通名詞,場所-施設部位,,juman
板前,いたまえ,itamae,普通名詞,人,料理・食事,juman
板の間,いたのま,itanoma,普通名詞,場所-施設,,juman
悪戯,いたずら,itazura,サ変名詞,抽象物,レクリエーション,juman
一直線,いっちょくせん,itchokusen,普通名詞,形・模様,,juman
一昼夜,いっちゅうや,itchuya,時相名詞,時間,,juman
糸,いと,ito,普通名詞,人工物-その他,,juman
糸切り歯,いときりば,itokiriba,普通名詞,動物-部位,,juman
いつ,いつ,itsu,時相名詞,時間,,juman
何時頃,いつごろ,itsugoro,時相名詞,時間,,juman
逸材,いつざい,itsuzai,普通名詞,人,,juman
一帯,いったい,ittai,普通名詞,場所-その他,,juman
岩,いわ,iwa,普通名詞,自然物,,juman
岩肌,いわはだ,iwahada,普通名詞,場所-その他,,juman
岩魚,いわな,iwana,普通名詞,動物;人工物-食べ物,料理・食事,juman
鰯,いわし,iwashi,普通名詞,動物;人工物-食べ物,料理・食事,juman
岩山,いわやま,iwayama,普通名詞,場所-自然,,juman
居酒屋,いざかや,izakaya,普通名詞,場所-施設,料理・食事,juman
十六夜,いざよい,izayoi,普通名詞,時間,,juman
いずこ,いずこ,izuko,普通名詞,場所-機能,,juman
居住居,いずまい,izumai,普通名詞,抽象物,家庭・暮らし,juman
泉,いずみ,izumi,普通名詞,場所-自然,,juman
じゃが芋,じゃがいも,jagaimo,普通名詞,植物;人工物-食べ物,料理・食事,juman
蛇口,じゃぐち,jaguchi,普通名詞,人工物-その他,家庭・暮らし,juman
若輩,じゃくはい,jakuhai,普通名詞,人,,juman
弱者,じゃくしゃ,jakusha,普通名詞,人,,juman
蛇の目,じゃのめ,janome,普通名詞,形・模様,,juman
字余り,じあまり,jiamari,普通名詞,抽象物,文化・芸術,juman
地べた,じべた,jibeta,普通名詞,場所-その他,,juman
地引き網,じびきあみ,jibikiami,普通名詞,人工物-その他,,juman
時分,じぶん,jibun,時相名詞,時間,,juman
時代,じだい,jidai,時相名詞,時間,,juman
児童,じどう,jido,普通名詞,人,教育・学習,juman
自動車,じどうしゃ,jidosha,普通名詞,人工物-乗り物,交通,juman
地金,じがね,jigane,普通名詞,自然物,,juman
時限,じげん,jigen,普通名詞,時間,,juman
治具,じぐ,jigu,普通名詞,人工物-その他,,juman
地肌,じはだ,jihada,普通名詞,動物-部位,,juman
自販機,じはんき,jihanki,普通名詞,人工物-その他,家庭・暮らし,juman
地響き,じひびき,jihibiki,サ変名詞,抽象物,,juman
爺ちゃん,じいちゃん,jiichan,普通名詞,人,家庭・暮らし,juman
爺さん,じいさん,jiisan,普通名詞,人,家庭・暮らし,juman
時日,じじつ,jijitsu,普通名詞,時間,,juman
自叙伝,じじょでん,jijoden,普通名詞,抽象物,文化・芸術,juman
自家,じか,jika,普通名詞,場所-施設,,juman
時系列,じけいれつ,jikeiretsu,普通名詞,時間,,juman
実兄,じっけい,jikkei,普通名詞,人,家庭・暮らし,juman
時刻,じこく,jikoku,時相名詞,時間,,juman
軸足,じくあし,jikuashi,普通名詞,動物-部位,,juman
持久走,じきゅうそう,jikyuso,普通名詞,抽象物,スポーツ;教育・学習,juman
自慢,じまん,jiman,サ変名詞,抽象物,,manual
地元,じもと,jimoto,普通名詞,場所-その他,,juman
地鳴り,じなり,jinari,サ変名詞,抽象物,,juman
陣羽織,じんばおり,jinbaori,普通名詞,人工物-衣類,,juman
人物,じんぶつ,jinbutsu,普通名詞,人,,juman
人畜,じんちく,jinchiku,普通名詞,人;動物,,juman
沈丁花,じんちょうげ,jinchoge,普通名詞,植物,,juman
神宮,じんぐう,jingu,普通名詞,場所-施設,文化・芸術,juman
神宮寺,じんぐうじ,jinguji,普通名詞,場所-施設,文化・芸術,juman
人家,じんか,jinka,普通名詞,場所-施設,,juman
人骨,じんこつ,jinkotsu,普通名詞,動物-部位,,juman
人民,じんみん,jinmin,普通名詞,人,,juman
人肉,じんにく,jinniku,普通名詞,動物-部位,,juman
人力車,じんりきしゃ,jinrikisha,普通名詞,人工物-乗り物,,juman
人類,じんるい,jinrui,普通名詞,人,,juman
人体,じんたい,jintai,普通名詞,動物,,juman
地主,じぬし,jinushi,普通名詞,人,,juman
腎臓,じんぞう,jinzo,普通名詞,動物-部位,健康・医学,juman
神通力,じんずうりき,jinzuriki,普通名詞,抽象物,文化・芸術,juman
時節,じせつ,jisetsu,普通名詞,時間,,juman
磁石,じしゃく,jishaku,普通名詞,人工物-その他,,juman
地神,じしん,jishin,普通名詞,人,文化・芸術,juman
自室,じしつ,jishitsu,普通名詞,場所-施設,,juman
次週,じしゅう,jishu,時相名詞,時間,,juman
実作,じっさく,jissaku,サ変名詞,抽象物,文化・芸術,juman
実線,じっせん,jissen,普通名詞,形・模様,,juman
十指,じっし,jisshi,普通名詞,動物-部位,,juman
地滑り,じすべり,jisuberi,サ変名詞,抽象物,,juman
自炊,じすい,jisui,サ変名詞,抽象物,料理・食事,juman
自宅,じたく,jitaku,普通名詞,場所-施設,家庭・暮らし,juman
実地,じっち,jitchi,普通名詞,場所-その他,,juman
自転車,じてんしゃ,jitensha,普通名詞,人工物-乗り物,交通,juman
実母,じつぼ,jitsubo,普通名詞,人,家庭・暮らし,juman
実物,じつぶつ,jitsubutsu,普通名詞,人工物-その他,,juman
実印,じついん,jitsuin,普通名詞,人工物-その他,家庭・暮らし;政治,juman
実像,じつぞう,jitsuzo,普通名詞,形・模様,,juman
実存,じつぞん,jitsuzon,サ変名詞,抽象物,教育・学習;科学・技術,juman
十手,じって,jitte,普通名詞,人工物-その他,,juman
地割れ,じわれ,jiware,サ変名詞,抽象物,,juman
自由形,じゆうがた,jiyugata,普通名詞,抽象物,スポーツ,juman
地酒,じざけ,jizake,普通名詞,人工物-食べ物,料理・食事,juman
成仏,じょうぶつ,jobutsu,サ変名詞,抽象物,文化・芸術,juman
嬢ちゃん,じょうちゃん,jochan,普通名詞,人,家庭・暮らし,juman
上段,じょうだん,jodan,普通名詞,場所-機能,,juman
女学校,じょがっこう,jogakko,普通名詞,場所-施設,教育・学習,juman
定規,じょうぎ,jogi,普通名詞,人工物-その他,,juman
上白糖,じょうはくとう,johakuto,普通名詞,人工物-食べ物,料理・食事,juman
上半身,じょうはんしん,johanshin,普通名詞,動物-部位,,juman
城壁,じょうへき,joheki,普通名詞,場所-施設部位,,juman
上方,じょうほう,joho,普通名詞,場所-機能,,juman
叙事詩,じょじし,jojishi,普通名詞,抽象物,文化・芸術,juman
上旬,じょうじゅん,jojun,時相名詞,時間,,juman
城郭,じょうかく,jokaku,普通名詞,場所-施設,,juman
城下町,じょうかまち,jokamachi,普通名詞,場所-その他,,juman
叙景詩,じょけいし,jokeishi,普通名詞,抽象物,文化・芸術,juman
乗客,じょうきゃく,jokyaku,普通名詞,人,交通,juman
助教授,じょきょうじゅ,jokyoju,普通名詞,人,教育・学習,juman
序曲,じょきょく,jokyoku,普通名詞,抽象物,文化・芸術,juman
静脈,じょうみゃく,jomyaku,普通名詞,動物-部位,健康・医学,juman
情熱,じょうねつ,jonetsu,普通名詞,抽象物,,manual
常連,じょうれん,joren,普通名詞,人,,juman
浄瑠璃,じょうるり,joruri,普通名詞,抽象物,文化・芸術,juman
助産婦,じょさんぷ,josanpu,普通名詞,人,健康・医学,juman
状差し,じょうさし,josashi,普通名詞,人工物-その他,家庭・暮らし,juman
女生徒,じょせいと,joseito,普通名詞,人,教育・学習,juman
除雪,じょせつ,josetsu,サ変名詞,抽象物,家庭・暮らし,juman
常識,じょうしき,joshiki,普通名詞,抽象物,,manual
常食,じょうしょく,joshoku,サ変名詞,人工物-食べ物,料理・食事,juman
上体,じょうたい,jotai,普通名詞,動物-部位,,juman
上達,じょうたつ,jotatsu,サ変名詞,抽象物,,manual
定宿,じょうやど,joyado,普通名詞,場所-施設,レクリエーション,juman
乗用車,じょうようしゃ,joyosha,普通名詞,人工物-乗り物,交通,juman
女優,じょゆう,joyu,普通名詞,人,文化・芸術,juman
重箱,じゅうばこ,jubako,普通名詞,人工物-その他,料理・食事,juman
重鎮,じゅうちん,juchin,普通名詞,人,,juman
樹液,じゅえき,jueki,普通名詞,自然物,,juman
儒学,じゅがく,jugaku,普通名詞,抽象物,文化・芸術;科学・技術,juman
十五夜,じゅうごや,jugoya,普通名詞,時間,家庭・暮らし,juman
樹皮,じゅひ,juhi,普通名詞,植物-部位,,juman
獣医,じゅうい,jui,普通名詞,人,健康・医学,juman
十字架,じゅうじか,jujika,普通名詞,抽象物,文化・芸術,juman
柔術,じゅうじゅつ,jujutsu,普通名詞,抽象物,スポーツ,juman
樹海,じゅかい,jukai,普通名詞,場所-自然;場所-機能,,juman
受験,じゅけん,juken,サ変名詞,抽象物,教育・学習,juman
塾長,じゅくちょう,jukucho,普通名詞,人,教育・学習,juman
熟年,じゅくねん,jukunen,普通名詞,人;時間,,juman
塾生,じゅくせい,jukusei,普通名詞,人,教育・学習,juman
熟睡,じゅくすい,jukusui,サ変名詞,抽象物,家庭・暮らし,juman
住居,じゅうきょ,jukyo,普通名詞,場所-施設,家庭・暮らし,juman
樹木,じゅもく,jumoku,普通名詞,植物,,juman
呪文,じゅもん,jumon,普通名詞,抽象物,,manual
十文字,じゅうもんじ,jumonji,普通名詞,形・模様,,juman
順番,じゅんばん,junban,普通名詞,抽象物,,manual
準備,じゅんび,junbi,サ変名詞,抽象物,,manual
巡業,じゅんぎょう,jungyo,サ変名詞,抽象物,文化・芸術,juman
十二単,じゅうにひとえ,junihitoe,普通名詞,人工物-衣類,,juman
住人,じゅうにん,junin,普通名詞,人,家庭・暮らし,juman
十二支,じゅうにし,junishi,普通名詞,場所-機能;時間,,juman
十二指腸,じゅうにしちょう,junishicho,普通名詞,動物-部位,健康・医学,juman
純金,じゅんきん,junkin,普通名詞,人工物-金銭,,juman
準急,じゅんきゅう,junkyu,普通名詞,人工物-乗り物,交通,juman
純米酒,じゅんまいしゅ,junmaishu,普通名詞,人工物-食べ物,料理・食事,juman
純毛,じゅんもう,junmo,普通名詞,人工物-その他,,juman
巡礼,じゅんれい,junrei,サ変名詞,抽象物,文化・芸術,juman
巡査,じゅんさ,junsa,普通名詞,人,,juman
重量挙げ,じゅうりょうあげ,juryoage,普通名詞,抽象物,スポーツ,juman
十三回忌,じゅうさんかいき,jusankaiki,普通名詞,抽象物,文化・芸術;家庭・暮らし,juman
十姉妹,じゅうしまつ,jushimatsu,普通名詞,動物,,juman
住職,じゅうしょく,jushoku,普通名詞,人,文化・芸術,juman
重曹,じゅうそう,juso,普通名詞,自然物,家庭・暮らし;料理・食事,juman
絨毯,じゅうたん,jutan,普通名詞,人工物-その他,家庭・暮らし,juman
術中,じゅっちゅう,jutchu,普通名詞,場所-その他,健康・医学,juman
術後,じゅつご,jutsugo,時相名詞,時間,健康・医学,juman
受話器,じゅわき,juwaki,普通名詞,人工物-その他,家庭・暮らし,juman
数珠玉,じゅずだま,juzudama,普通名詞,植物,,juman
母ちゃん,かあちゃん,kaachan,普通名詞,人,家庭・暮らし,juman
母さん,かあさん,kaasan,普通名詞,人,家庭・暮らし,juman
蒲焼き,かばやき,kabayaki,普通名詞,人工物-食べ物,料理・食事,juman
壁,かべ,kabe,普通名詞,場所-施設部位,,juman
壁紙,かべがみ,kabegami,普通名詞,人工物-その他,,juman
壁板,かべいた,kabeita,普通名詞,人工物-その他,,juman
壁掛け,かべかけ,kabekake,普通名詞,人工物-その他,,juman
壁土,かべつち,kabetsuchi,普通名詞,自然物,,juman
南瓜,かぼちゃ,kabocha,普通名詞,植物;人工物-食べ物,料理・食事,juman
蕪,かぶ,kabu,普通名詞,植物;人工物-食べ物,料理・食事,juman
歌舞伎,かぶき,kabuki,普通名詞,抽象物,文化・芸術,juman
かぶら,かぶら,kabura,普通名詞,植物;人工物-食べ物,料理・食事,juman
被り物,かぶりもの,kaburimono,普通名詞,人工物-衣類,家庭・暮らし,juman
兜,かぶと,kabuto,普通名詞,人工物-衣類,文化・芸術,juman
兜蟹,かぶとがに,kabutogani,普通名詞,動物,,juman
株分け,かぶわけ,kabuwake,サ変名詞,抽象物,,juman
勝ち星,かちぼし,kachiboshi,普通名詞,抽象物,スポーツ,juman
家畜,かちく,kachiku,普通名詞,動物,家庭・暮らし,juman
勝ち負け,かちまけ,kachimake,普通名詞,抽象物,スポーツ,juman
渦中,かちゅう,kachu,普通名詞,場所-その他,,juman
角,かど,kado,普通名詞,場所-機能,,juman
門口,かどぐち,kadoguchi,普通名詞,場所-施設部位,家庭・暮らし,juman
門松,かどまつ,kadomatsu,普通名詞,人工物-その他,家庭・暮らし,juman
替え玉,かえだま,kaedama,普通名詞,人;人工物-その他,料理・食事;教育・学習,juman
楓,かえで,kaede,普通名詞,植物,,juman
帰り掛け,かえりがけ,kaerigake,時相名詞,場所-その他;時間,,juman
帰り際,かえりぎわ,kaerigiwa,普通名詞,時間,家庭・暮らし,juman
帰り道,かえりみち,kaerimichi,普通名詞,場所-その他,交通,juman
蛙,かえる,kaeru,普通名詞,動物,,juman
下腹部,かふくぶ,kafukubu,普通名詞,動物-部位,健康・医学,juman
花粉,かふん,kafun,普通名詞,自然物,,juman
鏡,かがみ,kagami,普通名詞,人工物-その他,家庭・暮らし,juman
鏡抜き,かがみぬき,kagaminuki,普通名詞,抽象物,家庭・暮らし,juman
篝火,かがりび,kagaribi,普通名詞,自然物,,juman
影,かげ,kage,普通名詞,抽象物,,juman
陰干し,かげぼし,kageboshi,サ変名詞,抽象物,家庭・暮らし,juman
影絵,かげえ,kagee,普通名詞,人工物-その他,文化・芸術,juman
かぎの手,かぎのて,kaginote,普通名詞,人工物-その他,,juman
下半身,かはんしん,kahanshin,普通名詞,動物-部位,,juman
貝,かい,kai,普通名詞,動物,料理・食事,juman
海馬,かいば,kaiba,普通名詞,動物;動物-部位,,juman
貝柱,かいばしら,kaibashira,普通名詞,動物-部位;人工物-食べ物,料理・食事,juman
回文,かいぶん,kaibun,普通名詞,人工物-その他,,juman
怪物,かいぶつ,kaibutsu,普通名詞,動物,,juman
開闢,かいびゃく,kaibyaku,普通名詞,抽象物,文化・芸術,juman
回虫,かいちゅう,kaichu,普通名詞,動物,健康・医学,juman
買い溜め,かいだめ,kaidame,サ変名詞,抽象物,家庭・暮らし,juman
回復,かいふく,kaifuku,サ変名詞,抽象物,,manual
開学,かいがく,kaigaku,サ変名詞,抽象物,教育・学習,juman
海岸,かいがん,kaigan,普通名詞,場所-自然,,juman
貝殻,かいがら,kaigara,普通名詞,動物-部位,,juman
会議,かいぎ,kaigi,サ変名詞,抽象物,,manual
海浜,かいひん,kaihin,普通名詞,場所-自然,,juman
海域,かいいき,kaiiki,普通名詞,場所-その他,,juman
飼い犬,かいいぬ,kaiinu,普通名詞,動物,家庭・暮らし,juman
怪獣,かいじゅう,kaiju,普通名詞,動物,,juman
解決,かいけつ,kaiketsu,サ変名詞,抽象物,,manual
蚕,かいこ,kaiko,普通名詞,動物,,juman
海国,かいこく,kaikoku,普通名詞,場所-その他,,juman
海峡,かいきょう,kaikyo,普通名詞,場所-自然,,juman
開幕,かいまく,kaimaku,サ変名詞,抽象物,文化・芸術;スポーツ,juman
海綿,かいめん,kaimen,普通名詞,動物,,juman
買い物,かいもの,kaimono,サ変名詞,抽象物,家庭・暮らし,juman
飼い主,かいぬし,kainushi,普通名詞,人,家庭・暮らし,juman
快音,かいおん,kaion,普通名詞,抽象物,スポーツ,juman
海王星,かいおうせい,kaiosei,普通名詞,自然物,,juman
戒律,かいりつ,kairitsu,普通名詞,抽象物,文化・芸術,juman
改作,かいさく,kaisaku,サ変名詞,抽象物,文化・芸術,juman
改札,かいさつ,kaisatsu,サ変名詞,場所-施設部位,交通,juman
会席,かいせき,kaiseki,普通名詞,人工物-食べ物;場所-その他,料理・食事,juman
解説,かいせつ,kaisetsu,サ変名詞,抽象物,,manual
会食,かいしょく,kaishoku,サ変名詞,抽象物,料理・食事,juman
快速,かいそく,kaisoku,普通名詞,人工物-乗り物,交通,juman
海水,かいすい,kaisui,普通名詞,自然物,,juman
海底,かいてい,kaitei,普通名詞,場所-自然,,juman
開通,かいつう,kaitsu,サ変名詞,抽象物,交通;科学・技術,juman
界隈,かいわい,kaiwai,普通名詞,場所-その他,,juman
海賊,かいぞく,kaizoku,普通名詞,人,,juman
貝塚,かいづか,kaizuka,普通名詞,場所-自然,,juman
家人,かじん,kajin,普通名詞,人,家庭・暮らし,juman
舵取り,かじとり,kajitori,サ変名詞,抽象物,交通,juman
過日,かじつ,kajitsu,時相名詞,時間,,juman
箇条書き,かじょうがき,kajogaki,サ変名詞,抽象物,,juman
係,かかり,kakari,普通名詞,抽象物,,juman
案山子,かかし,kakashi,普通名詞,人工物-その他,,juman
駆け足,かけあし,kakeashi,サ変名詞,抽象物,,juman
掛け布団,かけぶとん,kakebuton,普通名詞,人工物-その他,家庭・暮らし,juman
掛け声,かけごえ,kakegoe,普通名詞,抽象物,,juman
懸け橋,かけはし,kakehashi,普通名詞,場所-施設,,juman
駆け引き,かけひき,kakehiki,サ変名詞,抽象物,,juman
掛け軸,かけじく,kakejiku,普通名詞,抽象物,文化・芸術,juman
掛け金,かけきん,kakekin,普通名詞,人工物-金銭,,juman
駆けっこ,かけっこ,kakekko,サ変名詞,抽象物,レクリエーション,juman
掛け持ち,かけもち,kakemochi,サ変名詞,抽象物,,juman
掛け物,かけもの,kakemono,普通名詞,人工物-その他,,juman
駆け落ち,かけおち,kakeochi,サ変名詞,抽象物,家庭・暮らし,juman
かけら,かけら,kakera,普通名詞,人工物-その他,,juman
柿,かき,kaki,普通名詞,植物,料理・食事,juman
欠き氷,かきごおり,kakigori,普通名詞,人工物-食べ物,料理・食事,juman
書き置き,かきおき,kakioki,サ変名詞,人工物-その他,家庭・暮らし,juman
書き初め,かきぞめ,kakizome,普通名詞,抽象物,文化・芸術;家庭・暮らし;教育・学習,juman
活火山,かっかざん,kakkazan,普通名詞,場所-自然,,juman
活気,かっき,kakki,普通名詞,抽象物,,manual
葛根,かっこん,kakkon,普通名詞,植物-部位;人工物-食べ物,健康・医学,juman
花崗岩,かこうがん,kakogan,普通名詞,自然物,,juman
火口原,かこうげん,kakogen,普通名詞,場所-その他,,juman
河口堰,かこうぜき,kakozeki,普通名詞,場所-施設,,juman
画引き,かくびき,kakubiki,サ変名詞,抽象物,教育・学習,juman
各地,かくち,kakuchi,普通名詞,場所-その他,,juman
角柱,かくちゅう,kakuchu,普通名詞,人工物-その他,,juman
各駅,かくえき,kakueki,普通名詞,人工物-乗り物,交通,juman
拡幅,かくふく,kakufuku,サ変名詞,抽象物,交通,juman
格言,かくげん,kakugen,普通名詞,抽象物,文化・芸術,juman
隔月,かくげつ,kakugetsu,普通名詞,時間,,juman
覚悟,かくご,kakugo,サ変名詞,抽象物,,manual
攪拌,かくはん,kakuhan,サ変名詞,抽象物,料理・食事,juman
隔壁,かくへき,kakuheki,普通名詞,場所-施設部位,,juman
隔日,かくじつ,kakujitsu,時相名詞,時間,,juman
各界,かくかい,kakukai,普通名詞,場所-その他,,juman
角膜,かくまく,kakumaku,普通名詞,動物-部位,健康・医学,juman
隔年,かくねん,kakunen,時相名詞,時間,,juman
確認,かくにん,kakunin,サ変名詞,抽象物,,manual
隠れ家,かくれが,kakurega,普通名詞,場所-施設,家庭・暮らし,juman
隠れん坊,かくれんぼう,kakurenbo,普通名詞,抽象物,レクリエーション,juman
隠れ里,かくれざと,kakurezato,普通名詞,場所-その他,,juman
拡声器,かくせいき,kakuseiki,普通名詞,人工物-その他,,juman
各氏,かくし,kakushi,普通名詞,人,,juman
隠し芸,かくしげい,kakushigei,普通名詞,抽象物,レクリエーション,juman
格式,かくしき,kakushiki,普通名詞,抽象物,文化・芸術,juman
各所,かくしょ,kakusho,普通名詞,場所-その他,,juman
隔週,かくしゅう,kakushu,時相名詞,時間,,juman
角錐,かくすい,kakusui,普通名詞,形・模様,,juman
格闘技,かくとうぎ,kakutogi,普通名詞,抽象物,スポーツ,juman
角材,かくざい,kakuzai,普通名詞,人工物-その他,,juman
貨客船,かきゃくせん,kakyakusen,普通名詞,人工物-乗り物,交通,juman
華僑,かきょう,kakyo,普通名詞,人,,juman
歌曲,かきょく,kakyoku,普通名詞,抽象物,文化・芸術,juman
窯,かま,kama,普通名詞,人工物-その他,家庭・暮らし;科学・技術,juman
蒲鉾,かまぼこ,kamaboko,普通名詞,人工物-食べ物,料理・食事,juman
竃,かまど,kamado,普通名詞,場所-施設部位,料理・食事,juman
鎌切り,かまきり,kamakiri,普通名詞,動物,,juman
かまくら,かまくら,kamakura,普通名詞,抽象物,,juman
かます,かます,kamasu,普通名詞,動物;人工物-食べ物;人工物-その他,,juman
亀,かめ,kame,普通名詞,動物,,juman
神,かみ,kami,普通名詞,人,文化・芸術,juman
紙袋,かみぶくろ,kamibukuro,普通名詞,人工物-その他,,juman
神棚,かみだな,kamidana,普通名詞,場所-施設部位,文化・芸術,juman
神頼み,かみだのみ,kamidanomi,普通名詞,抽象物,文化・芸術,juman
紙鉄砲,かみでっぽう,kamideppo,普通名詞,人工物-その他,レクリエーション,juman
神々,かみがみ,kamigami,普通名詞,人,文化・芸術,juman
髪形,かみがた,kamigata,普通名詞,抽象物,家庭・暮らし,juman
上半期,かみはんき,kamihanki,時相名詞,時間,,juman
神風,かみかぜ,kamikaze,普通名詞,抽象物,文化・芸術,juman
紙切れ,かみきれ,kamikire,普通名詞,人工物-その他,,juman
雷,かみなり,kaminari,普通名詞,抽象物,,juman
上の句,かみのく,kaminoku,普通名詞,抽象物,文化・芸術,juman
神様,かみさま,kamisama,普通名詞,人,文化・芸術,juman
裃,かみしも,kamishimo,普通名詞,人工物-衣類,,juman
剃刀,かみそり,kamisori,普通名詞,人工物-その他,家庭・暮らし,juman
上手,かみて,kamite,普通名詞,場所-機能,,juman
神業,かみわざ,kamiwaza,普通名詞,抽象物,,manual
上座,かみざ,kamiza,普通名詞,場所-施設部位,,juman
鴨,かも,kamo,普通名詞,動物;人工物-食べ物,料理・食事,juman
鴨居,かもい,kamoi,普通名詞,場所-施設部位,,juman
かもしか,かもしか,kamoshika,普通名詞,動物,,juman
貨物,かもつ,kamotsu,普通名詞,人工物-その他,交通,juman
金網,かなあみ,kanaami,普通名詞,人工物-その他,,juman
金具,かなぐ,kanagu,普通名詞,人工物-その他,,juman
家内,かない,kanai,普通名詞,人,家庭・暮らし,juman
金物,かなもの,kanamono,普通名詞,人工物-その他,家庭・暮らし,juman
金槌,かなづち,kanazuchi,普通名詞,人;人工物-その他,家庭・暮らし,juman
灌木,かんぼく,kanboku,普通名詞,植物,,juman
乾物,かんぶつ,kanbutsu,普通名詞,人工物-食べ物,料理・食事,juman
勘違い,かんちがい,kanchigai,サ変名詞,抽象物,,juman
歓談,かんだん,kandan,サ変名詞,抽象物,レクリエーション,juman
乾電池,かんでんち,kandenchi,普通名詞,人工物-その他,,juman
鐘,かね,kane,普通名詞,人工物-その他,,juman
金貸し,かねかし,kanekashi,普通名詞,人,,juman
金持ち,かねもち,kanemochi,普通名詞,人,,juman
管楽器,かんがっき,kangakki,普通名詞,人工物-その他,文化・芸術,juman
歓迎,かんげい,kangei,サ変名詞,抽象物,,manual
寒げいこ,かんげいこ,kangeiko,普通名詞,抽象物,スポーツ,juman
管弦楽,かんげんがく,kangengaku,普通名詞,抽象物,文化・芸術,juman
蟹,かに,kani,普通名詞,動物;人工物-食べ物,料理・食事,juman
患者,かんじゃ,kanja,普通名詞,人,健康・医学,juman
かんじき,かんじき,kanjiki,普通名詞,人工物-その他,,juman
漢人,かんじん,kanjin,普通名詞,人,,juman
間隔,かんかく,kankaku,普通名詞,場所-機能,,juman
換気扇,かんきせん,kankisen,普通名詞,人工物-その他,家庭・暮らし,juman
柑橘,かんきつ,kankitsu,普通名詞,植物;人工物-食べ物,料理・食事,juman
閑古鳥,かんこどり,kankodori,普通名詞,動物,,juman
観客,かんきゃく,kankyaku,普通名詞,人,文化・芸術,juman
巻末,かんまつ,kanmatsu,普通名詞,人工物-その他,文化・芸術;メディア,juman
冠,かんむり,kanmuri,普通名詞,人工物-衣類,,juman
神無月,かんなづき,kannazuki,時相名詞,時間,,juman
寒の入り,かんのいり,kannoiri,時相名詞,時間,,juman
観音,かんのん,kannon,普通名詞,人,文化・芸術,juman
閂,かんぬき,kannuki,普通名詞,場所-施設部位,,juman
神主,かんぬし,kannushi,普通名詞,人,文化・芸術,juman
彼女,かのじょ,kanojo,普通名詞,人,,juman
乾杯,かんぱい,kanpai,サ変名詞,抽象物,料理・食事,juman
干瓢,かんぴょう,kanpyo,普通名詞,人工物-食べ物,料理・食事,juman
歓楽,かんらく,kanraku,普通名詞,抽象物,レクリエーション,juman
還暦,かんれき,kanreki,普通名詞,時間,家庭・暮らし,juman
管理人,かんりにん,kanrinin,普通名詞,人,,juman
感涙,かんるい,kanrui,普通名詞,自然物,,juman
管制塔,かんせいとう,kanseito,普通名詞,場所-施設,交通,juman
関節,かんせつ,kansetsu,普通名詞,動物-部位,健康・医学,juman
環礁,かんしょう,kansho,普通名詞,場所-自然,,juman
寒色,かんしょく,kanshoku,普通名詞,色,,juman
監督,かんとく,kantoku,サ変名詞,人;抽象物,文化・芸術;スポーツ,juman
肝油,かんゆ,kanyu,普通名詞,人工物-食べ物,健康・医学,juman
簪,かんざし,kanzashi,普通名詞,人工物-衣類,家庭・暮らし,juman
肝臓,かんぞう,kanzo,普通名詞,動物-部位,健康・医学,juman
缶詰め,かんづめ,kanzume,普通名詞,人工物-食べ物,料理・食事,juman
顔,かお,kao,普通名詞,動物-部位,,juman
顔合わせ,かおあわせ,kaoawase,サ変名詞,抽象物,,juman
顔触れ,かおぶれ,kaobure,普通名詞,人,,juman
顔立ち,かおだち,kaodachi,普通名詞,形・模様,,juman
顔色,かおいろ,kaoiro,普通名詞,色,,juman
顔写真,かおじゃしん,kaojashin,普通名詞,人工物-その他,,juman
顔見世,かおみせ,kaomise,サ変名詞,抽象物,文化・芸術,juman
顔見知り,かおみしり,kaomishiri,普通名詞,人,家庭・暮らし,juman
顔馴染み,かおなじみ,kaonajimi,普通名詞,抽象物,家庭・暮らし,juman
顔付き,かおつき,kaotsuki,普通名詞,抽象物,,juman
顔役,かおやく,kaoyaku,普通名詞,人,,juman
河童,かっぱ,kappa,普通名詞,動物,文化・芸術,juman
割烹着,かっぽうぎ,kappogi,普通名詞,人工物-衣類,家庭・暮らし;料理・食事,juman
殻,から,kara,普通名詞,動物-部位;植物-部位;抽象物,,juman
空揚げ,からあげ,karaage,サ変名詞,抽象物,料理・食事,juman
唐人,からびと,karabito,普通名詞,人,,juman
空振り,からぶり,karaburi,サ変名詞,抽象物,スポーツ,juman
体,からだ,karada,普通名詞,動物,,juman
唐紙,からかみ,karakami,普通名詞,人工物-その他,,juman
唐傘,からかさ,karakasa,普通名詞,人工物-その他,,juman
辛口,からくち,karakuchi,普通名詞,抽象物,家庭・暮らし,juman
からくり,からくり,karakuri,普通名詞,人工物-その他,,juman
唐草,からくさ,karakusa,普通名詞,形・模様,,juman
空回り,からまわり,karamawari,サ変名詞,抽象物,,juman
搦め手,からめて,karamete,普通名詞,人;場所-施設,,juman
辛煮,からに,karani,普通名詞,人工物-食べ物,料理・食事,juman
烏,からす,karasu,普通名詞,動物,,juman
辛党,からとう,karato,普通名詞,人,料理・食事,juman
彼,かれ,kare,普通名詞,人,,juman
枯れ葉,かれは,kareha,普通名詞,植物-部位,,juman
鰈,かれい,karei,普通名詞,動物;人工物-食べ物,料理・食事,juman
枯れ木,かれき,kareki,普通名詞,植物,,juman
彼氏,かれし,kareshi,普通名詞,人,,juman
仮,かり,kari,普通名詞,抽象物,,juman
借り賃,かりちん,karichin,普通名詞,人工物-金銭,家庭・暮らし,juman
借入,かりいれ,kariire,普通名詞,抽象物,家庭・暮らし;ビジネス,juman
借り物,かりもの,karimono,普通名詞,人工物-その他,家庭・暮らし,juman
仮縫い,かりぬい,karinui,サ変名詞,抽象物,家庭・暮らし,juman
借り主,かりぬし,karinushi,普通名詞,人,,juman
仮住まい,かりずまい,karizumai,サ変名詞,場所-施設;抽象物,家庭・暮らし,juman
軽石,かるいし,karuishi,普通名詞,自然物,,juman
軽口,かるくち,karukuchi,普通名詞,抽象物,文化・芸術,juman
かるた,かるた,karuta,普通名詞,人工物-その他,レクリエーション,juman
狩人,かりゅうど,karyudo,普通名詞,人,,juman
花柳界,かりゅうかい,karyukai,普通名詞,場所-その他,,juman
傘,かさ,kasa,普通名詞,人工物-その他,家庭・暮らし,juman
かさぶた,かさぶた,kasabuta,普通名詞,動物-部位,健康・医学,juman
笠雲,かさぐも,kasagumo,普通名詞,自然物,,juman
佳作,かさく,kasaku,普通名詞,抽象物,文化・芸術,juman
傘立て,かさたて,kasatate,普通名詞,人工物-その他,家庭・暮らし,juman
火成岩,かせいがん,kaseigan,普通名詞,自然物,,juman
河川,かせん,kasen,普通名詞,場所-自然,,juman
河川敷,かせんしき,kasenshiki,普通名詞,場所-その他,,juman
樫,かし,kashi,普通名詞,植物,,juman
貸し衣装,かしいしょう,kashiisho,普通名詞,人工物-衣類,,juman
貸し借り,かしかり,kashikari,サ変名詞,抽象物,,juman
貸し金,かしきん,kashikin,普通名詞,人工物-金銭,,juman
貸し間,かしま,kashima,普通名詞,場所-施設,家庭・暮らし,juman
頭,かしら,kashira,普通名詞,人,,juman
柏,かしわ,kashiwa,普通名詞,植物,,juman
柏手,かしわで,kashiwade,普通名詞,抽象物,文化・芸術,juman
貸し家,かしや,kashiya,普通名詞,場所-施設,家庭・暮らし,juman
活性炭,かっせいたん,kasseitan,普通名詞,自然物,,juman
滑車,かっしゃ,kassha,普通名詞,人工物-その他,,juman
褐色,かっしょく,kasshoku,普通名詞,色,,juman
鎹,かすがい,kasugai,普通名詞,人工物-その他,,juman
粕汁,かすじる,kasujiru,普通名詞,人工物-食べ物,料理・食事,juman
潟,かた,kata,普通名詞,場所-自然,,juman
片足,かたあし,kataashi,普通名詞,動物-部位;人工物-その他,,juman
堅物,かたぶつ,katabutsu,普通名詞,人,,juman
形,かたち,katachi,普通名詞,形・模様,,juman
型紙,かたがみ,katagami,普通名詞,人工物-その他,,juman
方々,かたがた,katagata,普通名詞,人,,juman
片側,かたがわ,katagawa,普通名詞,場所-機能,,juman
肩代わり,かたがわり,katagawari,サ変名詞,抽象物,,juman
肩車,かたぐるま,kataguruma,サ変名詞,抽象物,家庭・暮らし,juman
片方,かたほう,kataho,普通名詞,場所-機能,,juman
片田舎,かたいなか,katainaka,普通名詞,場所-その他,,juman
片一方,かたいっぽう,kataippo,普通名詞,場所-機能,,juman
仇,かたき,kataki,普通名詞,人,,juman
敵役,かたきやく,katakiyaku,普通名詞,抽象物,文化・芸術,juman
片栗粉,かたくりこ,katakuriko,普通名詞,人工物-食べ物,料理・食事,juman
塊,かたまり,katamari,普通名詞,人工物-その他,,juman
片面,かためん,katamen,普通名詞,場所-その他,,juman
片道,かたみち,katamichi,普通名詞,場所-機能,交通,juman
刀,かたな,katana,普通名詞,人工物-その他,,juman
片思い,かたおもい,kataomoi,サ変名詞,抽象物,家庭・暮らし,juman
語り部,かたりべ,kataribe,普通名詞,人,文化・芸術,juman
語り手,かたりて,katarite,普通名詞,人,,juman
片隅,かたすみ,katasumi,普通名詞,場所-機能,,juman
片手,かたて,katate,普通名詞,動物-部位,,juman
片手間,かたてま,katatema,普通名詞,時間,,juman
片時,かたとき,katatoki,普通名詞,時間,,juman
片腕,かたうで,kataude,普通名詞,動物-部位,,juman
型枠,かたわく,katawaku,普通名詞,人工物-その他,,juman
傍ら,かたわら,katawara,時相名詞,場所-機能,,juman
糧,かて,kate,普通名詞,人工物-食べ物,料理・食事,juman
活動,かつどう,katsudo,サ変名詞,抽象物,,manual
活劇,かつげき,katsugeki,普通名詞,抽象物,文化・芸術,juman
活魚,かつぎょ,katsugyo,普通名詞,動物;人工物-食べ物,料理・食事,juman
鰹,かつお,katsuo,普通名詞,動物;人工物-食べ物,料理・食事,juman
桂,かつら,katsura,普通名詞,植物,,juman
活力,かつりょく,katsuryoku,普通名詞,抽象物,,manual
活躍,かつやく,katsuyaku,サ変名詞,抽象物,,manual
川,かわ,kawa,普通名詞,場所-自然,,juman
川縁,かわべり,kawaberi,普通名詞,場所-自然,,juman
川開き,かわびらき,kawabiraki,サ変名詞,抽象物,レクリエーション,juman
川床,かわどこ,kawadoko,普通名詞,場所-その他,,juman
川岸,かわぎし,kawagishi,普通名詞,場所-自然,,juman
革靴,かわぐつ,kawagutsu,普通名詞,人工物-衣類,家庭・暮らし,juman
川上,かわかみ,kawakami,普通名詞,場所-その他,,juman
川下り,かわくだり,kawakudari,サ変名詞,抽象物,,juman
川面,かわも,kawamo,普通名詞,場所-その他,,juman
川向こう,かわむこう,kawamuko,普通名詞,場所-その他,,juman
瓦屋根,かわらやね,kawarayane,普通名詞,場所-施設部位,,juman
変わり目,かわりめ,kawarime,普通名詞,時間,,juman
川蝉,かわせみ,kawasemi,普通名詞,動物,,juman
川下,かわしも,kawashimo,普通名詞,場所-自然,,juman
川筋,かわすじ,kawasuji,普通名詞,場所-その他,,juman
川底,かわぞこ,kawazoko,普通名詞,場所-自然,,juman
かわず,かわず,kawazu,普通名詞,動物,,juman
火曜日,かようび,kayobi,時相名詞,時間,,juman
粥,かゆ,kayu,普通名詞,人工物-食べ物,料理・食事,juman
風穴,かざあな,kazaana,普通名詞,場所-自然,,juman
風車,かざぐるま,kazaguruma,普通名詞,人工物-その他,レクリエーション,juman
風上,かざかみ,kazakami,普通名詞,場所-その他,,juman
風切り,かざきり,kazakiri,普通名詞,人工物-その他,,juman
風間,かざま,kazama,普通名詞,時間,,juman
風見鶏,かざみどり,kazamidori,普通名詞,人工物-その他,,juman
風向き,かざむき,kazamuki,普通名詞,抽象物,,juman
火山,かざん,kazan,普通名詞,場所-自然,,juman
飾り物,かざりもの,kazarimono,普通名詞,人工物-その他,,juman
風下,かざしも,kazashimo,普通名詞,場所-その他,,juman
風,かぜ,kaze,普通名詞,抽象物,,juman
風通し,かぜとおし,kazetoshi,普通名詞,抽象物,,juman
風除け,かぜよけ,kazeyoke,普通名詞,人工物-その他,,juman
数え歌,かぞえうた,kazoeuta,普通名詞,抽象物,レクリエーション,juman
家族,かぞく,kazoku,普通名詞,組織・団体,家庭・暮らし,juman
数の子,かずのこ,kazunoko,普通名詞,人工物-食べ物;抽象物,料理・食事,juman
毛穴,けあな,keana,普通名詞,動物-部位,,juman
けちんぼ,けちんぼ,kechinbo,普通名詞,抽象物,家庭・暮らし,juman
怪我人,けがにん,keganin,普通名詞,人,健康・医学,juman
毛皮,けがわ,kegawa,普通名詞,動物-部位,家庭・暮らし,juman
毛嫌い,けぎらい,kegirai,サ変名詞,抽象物,,juman
気配,けはい,kehai,普通名詞,抽象物,,manual
啓蟄,けいちつ,keichitsu,時相名詞,時間,,juman
境内,けいだい,keidai,普通名詞,場所-その他,文化・芸術,juman
頚動脈,けいどうみゃく,keidomyaku,普通名詞,動物-部位,健康・医学,juman
慶賀,けいが,keiga,サ変名詞,抽象物,家庭・暮らし;政治,juman
掲示板,けいじばん,keijiban,普通名詞,人工物-その他,,juman
計画,けいかく,keikaku,サ変名詞,抽象物,,manual
渓谷,けいこく,keikoku,普通名詞,場所-自然,,juman
鶏肉,けいにく,keiniku,普通名詞,人工物-食べ物,料理・食事,juman
鶏卵,けいらん,keiran,普通名詞,人工物-食べ物;抽象物,料理・食事,juman
渓流,けいりゅう,keiryu,普通名詞,場所-自然,,juman
経線,けいせん,keisen,普通名詞,場所-その他,,juman
軽食,けいしょく,keishoku,普通名詞,人工物-食べ物,料理・食事,juman
慶祝,けいしゅく,keishuku,サ変名詞,抽象物,家庭・暮らし,juman
警笛,けいてき,keiteki,普通名詞,人工物-その他,交通,juman
鶏頭,けいとう,keito,普通名詞,植物,,juman
軽油,けいゆ,keiyu,普通名詞,自然物,交通;科学・技術,juman
継続,けいぞく,keizoku,サ変名詞,抽象物,,manual
結果,けっか,kekka,普通名詞,抽象物,,manual
獣,けもの,kemono,普通名詞,動物,,juman
煙,けむり,kemuri,普通名詞,自然物,,juman
毛虫,けむし,kemushi,普通名詞,動物,,juman
券売機,けんばいき,kenbaiki,普通名詞,人工物-その他,交通,juman
鍵盤,けんばん,kenban,普通名詞,人工物-その他,文化・芸術,juman
剣玉,けんだま,kendama,普通名詞,人工物-その他,レクリエーション,juman
見学,けんがく,kengaku,サ変名詞,抽象物,教育・学習,juman
剣豪,けんごう,kengo,普通名詞,人,スポーツ,juman
牽牛,けんぎゅう,kengyu,普通名詞,自然物,,juman
健筆,けんぴつ,kenpitsu,普通名詞,抽象物,文化・芸術,juman
絹布,けんぷ,kenpu,普通名詞,人工物-その他,,juman
剣先,けんさき,kensaki,普通名詞,人工物-その他,,juman
検索,けんさく,kensaku,サ変名詞,抽象物,家庭・暮らし,juman
巻積雲,けんせきうん,kensekiun,普通名詞,自然物,,juman
巻層雲,けんそううん,kenson,普通名詞,自然物,,juman
毛抜,けぬき,kenuki,普通名詞,人工物-その他,家庭・暮らし,juman
巻雲,けんうん,kenun,普通名詞,自然物,,juman
倹約,けんやく,kenyaku,サ変名詞,抽象物,家庭・暮らし,juman
毛織り,けおり,keori,普通名詞,抽象物,家庭・暮らし,juman
毛織り物,けおりもの,keorimono,普通名詞,人工物-その他,家庭・暮らし,juman
袈裟固め,けさがため,kesagatame,普通名詞,抽象物,スポーツ,juman
消印,けしいん,keshiin,普通名詞,人工物-その他,,juman
景色,けしき,keshiki,普通名詞,抽象物,,manual
芥子粒,けしつぶ,keshitsubu,普通名詞,人工物-その他,,juman
消し炭,けしずみ,keshizumi,普通名詞,人工物-その他,,juman
化粧,けしょう,kesho,サ変名詞,抽象物,家庭・暮らし,juman
傑作,けっさく,kessaku,普通名詞,抽象物,文化・芸術,juman
決心,けっしん,kesshin,サ変名詞,抽象物,,manual
決勝,けっしょう,kessho,普通名詞,抽象物,スポーツ,juman
結腸,けっちょう,ketcho,普通名詞,動物-部位,健康・医学,juman
欠員,けついん,ketsuin,普通名詞,抽象物,教育・学習;ビジネス,juman
欠場,けつじょう,ketsujo,サ変名詞,抽象物,スポーツ,juman
結末,けつまつ,ketsumatsu,普通名詞,抽象物,,manual
結論,けつろん,ketsuron,サ変名詞,抽象物,,manual
決定,けってい,kettei,サ変名詞,抽象物,,manual
欅,けやき,keyaki,普通名詞,植物,,juman
毛繕い,けづくろい,kezukuroi,サ変名詞,抽象物,,juman
木箱,きばこ,kibako,普通名詞,人工物-その他,,juman
気晴らし,きばらし,kibarashi,サ変名詞,抽象物,,juman
忌引き,きびき,kibiki,普通名詞,抽象物,家庭・暮らし;教育・学習;ビジネス,juman
器物,きぶつ,kibutsu,普通名詞,人工物-その他,,juman
帰着,きちゃく,kichaku,サ変名詞,抽象物,交通,juman
吉日,きちじつ,kichijitsu,普通名詞,時間,,juman
機長,きちょう,kicho,普通名詞,人,交通,juman
木太刀,きだち,kidachi,普通名詞,人工物-その他,レクリエーション;スポーツ,juman
気立て,きだて,kidate,普通名詞,抽象物,,juman
貴婦人,きふじん,kifujin,普通名詞,人,,juman
木切れ,きぎれ,kigire,普通名詞,植物-部位;人工物-その他,,juman
着心地,きごこち,kigokochi,普通名詞,抽象物,家庭・暮らし,juman
機帆船,きはんせん,kihansen,普通名詞,人工物-乗り物,交通,juman
雉,きじ,kiji,普通名詞,動物,,juman
期日,きじつ,kijitsu,時相名詞,時間,,juman
起重機,きじゅうき,kijuki,普通名詞,人工物-その他,,juman
基準,きじゅん,kijun,普通名詞,抽象物,,manual
奇術,きじゅつ,kijutsu,普通名詞,抽象物,文化・芸術,juman
企画,きかく,kikaku,サ変名詞,抽象物,,manual
聞かん坊,きかんぼう,kikanbo,普通名詞,抽象物,家庭・暮らし,juman
気管支,きかんし,kikanshi,普通名詞,動物-部位,健康・医学,juman
貴金属,ききんぞく,kikinzoku,普通名詞,自然物,,juman
利き腕,ききうで,kikiude,普通名詞,動物-部位,,juman
きっかけ,きっかけ,kikkake,普通名詞,抽象物,,juman
きこり,きこり,kikori,普通名詞,人,,juman
貴公子,きこうし,kikoshi,普通名詞,人,,juman
菊,きく,kiku,普通名詞,植物,,juman
気配り,きくばり,kikubari,普通名詞,抽象物,,juman
気球,ききゅう,kikyu,普通名詞,人工物-乗り物,交通,juman
決まり手,きまりて,kimarite,普通名詞,抽象物,スポーツ,juman
期末,きまつ,kimatsu,時相名詞,時間,,juman
決め球,きめだま,kimedama,普通名詞,抽象物,スポーツ,juman
決め手,きめて,kimete,普通名詞,抽象物,,juman
黄緑,きみどり,kimidori,普通名詞,色,,juman
肝,きも,kimo,普通名詞,動物-部位,,juman
気持ち,きもち,kimochi,普通名詞,抽象物,,juman
鬼門,きもん,kimon,普通名詞,人工物-食べ物,文化・芸術;家庭・暮らし,juman
金星,きんぼし,kinboshi,普通名詞,抽象物,スポーツ,juman
巾着,きんちゃく,kinchaku,普通名詞,人工物-その他,家庭・暮らし,juman
近著,きんちょ,kincho,普通名詞,人工物-その他,文化・芸術;メディア,juman
近代,きんだい,kindai,普通名詞,時間,,juman
金高,きんだか,kindaka,普通名詞,人工物-金銭,,juman
祈念,きねん,kinen,サ変名詞,抽象物,文化・芸術,juman
記念日,きねんび,kinenbi,普通名詞,時間,家庭・暮らし,juman
金銀,きんぎん,kingin,普通名詞,人工物-金銭,,juman
金魚,きんぎょ,kingyo,普通名詞,動物,,juman
金一封,きんいっぷう,kinippu,普通名詞,人工物-金銭,,juman
金色,きんいろ,kiniro,普通名詞,色,,juman
禁じ手,きんじて,kinjite,普通名詞,抽象物,レクリエーション;スポーツ,juman
近日,きんじつ,kinjitsu,時相名詞,時間,,juman
近海物,きんかいもの,kinkaimono,普通名詞,人工物-食べ物,料理・食事,juman
金柑,きんかん,kinkan,普通名詞,植物;人工物-食べ物,料理・食事,juman
金鉱,きんこう,kinko,普通名詞,場所-自然,,juman
筋骨,きんこつ,kinkotsu,普通名詞,動物-部位,,juman
近未来,きんみらい,kinmirai,普通名詞,時間,,juman
近年,きんねん,kinnen,時相名詞,時間,,juman
筋肉,きんにく,kinniku,普通名詞,動物-部位,スポーツ;健康・医学,juman
茸,きのこ,kinoko,普通名詞,植物;人工物-食べ物,料理・食事,juman
金箔,きんぱく,kinpaku,普通名詞,自然物,,juman
金髪,きんぱつ,kinpatsu,普通名詞,動物-部位,,juman
きんぴら,きんぴら,kinpira,普通名詞,人工物-食べ物,料理・食事,juman
金粉,きんぷん,kinpun,普通名詞,自然物,,juman
禁漁区,きんりょうく,kinryoku,普通名詞,場所-その他,,juman
近作,きんさく,kinsaku,普通名詞,抽象物,文化・芸術,juman
金星,きんせい,kinsei,普通名詞,自然物,,juman
筋線維,きんせんい,kinseni,普通名詞,動物-部位,健康・医学,juman
近接,きんせつ,kinsetsu,サ変名詞,場所-機能,,juman
近親,きんしん,kinshin,普通名詞,人,家庭・暮らし,juman
金的,きんてき,kinteki,普通名詞,人工物-その他,,juman
絹,きぬ,kinu,普通名詞,人工物-その他,,juman
絹糸,きぬいと,kinuito,普通名詞,人工物-その他,,juman
砧,きぬた,kinuta,普通名詞,人工物-その他,,juman
金曜日,きんようび,kinyobi,時相名詞,時間,,juman
金属,きんぞく,kinzoku,普通名詞,自然物,,juman
記憶,きおく,kioku,サ変名詞,抽象物,,manual
切符,きっぷ,kippu,普通名詞,人工物-その他,交通,juman
切れ味,きれあじ,kireaji,普通名詞,抽象物,,juman
切れ端,きれはし,kirehashi,普通名詞,人工物-その他,,juman
切れ字,きれじ,kireji,普通名詞,抽象物,文化・芸術,juman
切れ目,きれめ,kireme,普通名詞,場所-その他,,juman
切れ者,きれもの,kiremono,普通名詞,人,,juman
桐,きり,kiri,普通名詞,植物,,juman
切り干し,きりぼし,kiriboshi,普通名詞,人工物-食べ物,料理・食事,juman
切り通し,きりどおし,kiridoshi,普通名詞,場所-施設,交通,juman
霧吹き,きりふき,kirifuki,普通名詞,人工物-その他;抽象物,家庭・暮らし,juman
きりぎりす,きりぎりす,kirigirisu,普通名詞,動物,,juman
切り株,きりかぶ,kirikabu,普通名詞,植物-部位,,juman
切り身,きりみ,kirimi,普通名詞,人工物-食べ物,料理・食事,juman
切り盛り,きりもり,kirimori,サ変名詞,抽象物,,juman
きりん,きりん,kirin,普通名詞,動物,,juman
霧雨,きりさめ,kirisame,普通名詞,抽象物,,manual
気力,きりょく,kiryoku,普通名詞,抽象物,,manual
如月,きさらぎ,kisaragi,時相名詞,時間,,juman
季節,きせつ,kisetsu,普通名詞,時間,,juman
岸,きし,kishi,普通名詞,場所-自然,,juman
岸辺,きしべ,kishibe,普通名詞,場所-自然,,juman
寄宿舎,きしゅくしゃ,kishukusha,普通名詞,場所-施設,教育・学習,juman
規則,きそく,kisoku,普通名詞,抽象物,,manual
喫茶,きっさ,kissa,普通名詞,抽象物,料理・食事,juman
鱚,きす,kisu,普通名詞,動物;人工物-食べ物,料理・食事,juman
北,きた,kita,普通名詞,場所-機能,,juman
北口,きたぐち,kitaguchi,普通名詞,場所-その他,交通,juman
北国,きたぐに,kitaguni,普通名詞,場所-その他,,juman
気体,きたい,kitai,普通名詞,自然物,,juman
北風,きたかぜ,kitakaze,普通名詞,抽象物,,manual
汽笛,きてき,kiteki,普通名詞,人工物-その他,交通,juman
喫煙,きつえん,kitsuen,サ変名詞,抽象物,料理・食事,juman
着付,きつけ,kitsuke,普通名詞,抽象物,家庭・暮らし,juman
狐,きつね,kitsune,普通名詞,動物,,juman
啄木鳥,きつつき,kitsutsuki,普通名詞,動物,,juman
傷痕,きずあと,kizuato,普通名詞,人工物-その他,健康・医学,juman
木槌,きづち,kizuchi,普通名詞,人工物-その他,家庭・暮らし,juman
気疲れ,きづかれ,kizukare,サ変名詞,抽象物,家庭・暮らし,juman
紅梅,こうばい,kobai,普通名詞,植物,,juman
子離れ,こばなれ,kobanare,サ変名詞,抽象物,家庭・暮らし,juman
小咄,こばなし,kobanashi,普通名詞,抽象物,文化・芸術,juman
小旗,こばた,kobata,普通名詞,人工物-その他,,juman
戸別,こべつ,kobetsu,普通名詞,抽象物,家庭・暮らし,juman
古美術,こびじゅつ,kobijutsu,普通名詞,抽象物,文化・芸術,juman
高木,こうぼく,koboku,普通名詞,植物,,juman
小舟,こぶね,kobune,普通名詞,人工物-乗り物,交通,juman
拳,こぶし,kobushi,普通名詞,形・模様,,juman
好物,こうぶつ,kobutsu,普通名詞,人工物-食べ物,料理・食事,juman
紅茶,こうちゃ,kocha,普通名詞,人工物-食べ物,料理・食事,juman
降着,こうちゃく,kochaku,サ変名詞,抽象物,レクリエーション;交通,juman
こちら,こちら,kochira,普通名詞,場所-機能,,juman
木立,こだち,kodachi,普通名詞,植物,,juman
子宝,こだから,kodakara,普通名詞,抽象物,家庭・暮らし,juman
木霊,こだま,kodama,サ変名詞,抽象物,,manual
小道具,こどうぐ,kodogu,普通名詞,人工物-その他,文化・芸術;家庭・暮らし,juman
肥,こえ,koe,普通名詞,人工物-その他,,juman
小枝,こえだ,koeda,普通名詞,植物-部位,,juman
後衛,こうえい,koei,普通名詞,人,スポーツ;政治,juman
こがね,こがね,kogane,普通名詞,自然物,,juman
黄金色,こがねいろ,koganeiro,普通名詞,色,,juman
木枯らし,こがらし,kogarashi,普通名詞,抽象物,,juman
焦げ茶色,こげちゃいろ,kogechairo,普通名詞,色,,juman
抗原,こうげん,kogen,普通名詞,自然物,健康・医学,juman
小切手,こぎって,kogitte,普通名詞,人工物-金銭,,juman
光合成,こうごうせい,kogosei,普通名詞,抽象物,科学・技術;教育・学習,juman
工具,こうぐ,kogu,普通名詞,人工物-その他,,juman
湖畔,こはん,kohan,普通名詞,場所-自然,,juman
こはぜ,こはぜ,kohaze,普通名詞,人工物-その他,,juman
鯉,こい,koi,普通名詞,動物,料理・食事,juman
恋人,こいびと,koibito,普通名詞,人,家庭・暮らし,juman
恋文,こいぶみ,koibumi,普通名詞,人工物-その他,家庭・暮らし,juman
恋心,こいごころ,koigokoro,普通名詞,抽象物,家庭・暮らし,juman
鯉幟,こいのぼり,koinobori,普通名詞,人工物-その他,文化・芸術;家庭・暮らし,juman
更衣室,こういしつ,koishitsu,普通名詞,場所-施設,,juman
紅一点,こういってん,koitten,普通名詞,人,,juman
孤児院,こじいん,kojiin,普通名詞,場所-施設,家庭・暮らし,juman
甲状腺,こうじょうせん,kojosen,普通名詞,動物-部位,健康・医学,juman
木陰,こかげ,kokage,普通名詞,場所-自然,,juman
公会堂,こうかいどう,kokaido,普通名詞,場所-施設,,juman
甲殻類,こうかくるい,kokakurui,普通名詞,動物,,juman
交換手,こうかんしゅ,kokanshu,普通名詞,人,,juman
苔,こけ,koke,普通名詞,植物,,juman
後見人,こうけんにん,kokennin,普通名詞,人,,juman
小芥子,こけし,kokeshi,普通名詞,人工物-その他,文化・芸術,juman
好奇心,こうきしん,kokishin,普通名詞,抽象物,,manual
国公立,こっこうりつ,kokkoritsu,普通名詞,抽象物,教育・学習;政治,juman
心,こころ,kokoro,普通名詞,抽象物,,juman
心付け,こころづけ,kokorozuke,普通名詞,人工物-金銭,,juman
黒板,こくばん,kokuban,普通名詞,人工物-その他,教育・学習,juman
告別,こくべつ,kokubetsu,サ変名詞,抽象物,家庭・暮らし,juman
黒鳥,こくちょう,kokucho,普通名詞,動物,,juman
国道,こくどう,kokudo,普通名詞,場所-施設,交通,juman
国劇,こくげき,kokugeki,普通名詞,抽象物,文化・芸術,juman
刻限,こくげん,kokugen,普通名詞,時間,,juman
告白,こくはく,kokuhaku,サ変名詞,抽象物,,manual
黒衣,こくい,kokui,普通名詞,人工物-衣類,文化・芸術;家庭・暮らし,juman
刻印,こくいん,kokuin,普通名詞,人工物-その他,,juman
穀物,こくもつ,kokumotsu,普通名詞,植物,料理・食事,juman
国立,こくりつ,kokuritsu,普通名詞,抽象物,教育・学習;政治,juman
穀類,こくるい,kokurui,普通名詞,植物,料理・食事,juman
国士,こくし,kokushi,普通名詞,人,,juman
黒色,こくしょく,kokushoku,普通名詞,色,,juman
国粋,こくすい,kokusui,普通名詞,抽象物,文化・芸術;政治,juman
国体,こくたい,kokutai,普通名詞,抽象物,スポーツ,juman
黒曜石,こくようせき,kokuyoseki,普通名詞,自然物,,juman
駒鳥,こまどり,komadori,普通名詞,動物,,juman
細切れ,こまぎれ,komagire,普通名詞,人工物-食べ物,料理・食事,juman
細切り,こまぎり,komagiri,普通名詞,抽象物,料理・食事,juman
狛犬,こまいぬ,komainu,普通名詞,抽象物,文化・芸術,juman
駒草,こまくさ,komakusa,普通名詞,植物,,juman
小間物,こまもの,komamono,普通名詞,人工物-その他,家庭・暮らし,juman
米,こめ,kome,普通名詞,植物;人工物-食べ物,料理・食事,juman
米所,こめどころ,komedokoro,普通名詞,場所-その他,,juman
米蔵,こめぐら,komegura,普通名詞,場所-施設,,juman
蟀谷,こめかみ,komekami,普通名詞,動物-部位,,juman
米糠,こめぬか,komenuka,普通名詞,植物-部位,,juman
米粒,こめつぶ,kometsubu,普通名詞,人工物-食べ物,料理・食事,juman
小道,こみち,komichi,普通名詞,場所-その他,交通,juman
公民,こうみん,komin,普通名詞,人,教育・学習;政治,juman
子持ち,こもち,komochi,普通名詞,抽象物,家庭・暮らし,juman
古文書,こもんじょ,komonjo,普通名詞,人工物-その他,文化・芸術,juman
木漏れ日,こもれび,komorebi,普通名詞,抽象物,,juman
蝙蝠,こうもり,komori,普通名詞,動物,,juman
子守唄,こもりうた,komoriuta,普通名詞,抽象物,家庭・暮らし,juman
小麦,こむぎ,komugi,普通名詞,植物,料理・食事,juman
小麦色,こむぎいろ,komugiiro,普通名詞,色,,juman
小麦粉,こむぎこ,komugiko,普通名詞,人工物-食べ物,料理・食事,juman
小結,こむすび,komusubi,普通名詞,人,スポーツ,juman
鉱脈,こうみゃく,komyaku,普通名詞,場所-自然,,juman
紺,こん,kon,普通名詞,色,,manual
粉,こな,kona,普通名詞,自然物,,juman
粉薬,こなぐすり,konagusuri,普通名詞,人工物-食べ物,健康・医学,juman
粉雪,こなゆき,konayuki,普通名詞,自然物,,juman
昆布,こんぶ,konbu,普通名詞,植物;人工物-食べ物,料理・食事,juman
昆虫,こんちゅう,konchu,普通名詞,動物,,juman
献立,こんだて,kondate,普通名詞,抽象物,料理・食事,juman
更年期,こうねんき,konenki,普通名詞,時間,健康・医学;家庭・暮らし,juman
今月,こんげつ,kongetsu,時相名詞,時間,,juman
今昔,こんじゃく,konjaku,普通名詞,時間,,juman
根性,こんじょう,konjo,普通名詞,抽象物,,manual
今回,こんかい,konkai,時相名詞,時間,,juman
耕運機,こううんき,konki,普通名詞,人工物-乗り物,,juman
根比べ,こんくらべ,konkurabe,サ変名詞,抽象物,,juman
困窮,こんきゅう,konkyu,サ変名詞,抽象物,家庭・暮らし,juman
根負け,こんまけ,konmake,サ変名詞,抽象物,,juman
今日,こんにち,konnichi,時相名詞,時間,,juman
蒟蒻,こんにゃく,konnyaku,普通名詞,植物;人工物-食べ物,料理・食事,juman
此後,このあと,konoato,時相名詞,時間,,juman
この頃,このごろ,konogoro,時相名詞,時間,,juman
此前,このまえ,konomae,時相名詞,時間,,juman
香の物,こうのもの,konomono,普通名詞,人工物-食べ物,料理・食事,juman
此際,このさい,konosai,時相名詞,時間,,juman
此先,このさき,konosaki,時相名詞,時間,,juman
鸛,こうのとり,konotori,普通名詞,動物,,juman
此世,このよ,konoyo,普通名詞,場所-その他,,juman
紺碧,こんぺき,konpeki,普通名詞,色,,juman
混乱,こんらん,konran,サ変名詞,抽象物,,manual
婚礼,こんれい,konrei,普通名詞,抽象物,家庭・暮らし,juman
痕跡,こんせき,konseki,普通名詞,人工物-その他,,juman
今節,こんせつ,konsetsu,時相名詞,時間,,juman
小糠,こぬか,konuka,普通名詞,人工物-その他,,juman
今夜,こんや,konya,時相名詞,時間,,juman
婚約,こんやく,konyaku,サ変名詞,抽象物,家庭・暮らし,juman
混雑,こんざつ,konzatsu,サ変名詞,抽象物,,manual
骨粉,こっぷん,koppun,普通名詞,人工物-その他,,juman
後列,こうれつ,koretsu,普通名詞,場所-その他,,juman
公立,こうりつ,koritsu,普通名詞,抽象物,教育・学習;政治,juman
蟋蟀,こおろぎ,korogi,普通名詞,動物,,juman
衣,ころも,koromo,普通名詞,人工物-衣類,家庭・暮らし;料理・食事,juman
衣替え,ころもがえ,koromogae,サ変名詞,抽象物,家庭・暮らし,juman
交流,こうりゅう,koryu,サ変名詞,抽象物,,manual
小匙,こさじ,kosaji,普通名詞,人工物-その他,料理・食事,juman
小雨,こさめ,kosame,普通名詞,抽象物,,manual
古生代,こせいだい,koseidai,普通名詞,時間,,juman
鉱石,こうせき,koseki,普通名詞,自然物,,juman
降雪,こうせつ,kosetsu,普通名詞,抽象物,,manual
輿,こし,koshi,普通名詞,人工物-乗り物,,juman
漉し餡,こしあん,koshian,普通名詞,人工物-食べ物,料理・食事,juman
格子戸,こうしど,koshido,普通名詞,場所-施設,,juman
来し方,こしかた,koshikata,普通名詞,時間,,juman
腰元,こしもと,koshimoto,普通名詞,人,,juman
庚申,こうしん,koshin,普通名詞,場所-機能;時間,,juman
香辛料,こうしんりょう,koshinryo,普通名詞,人工物-食べ物,料理・食事,juman
公室,こうしつ,koshitsu,普通名詞,場所-施設,,juman
小正月,こしょうがつ,koshogatsu,普通名詞,時間,家庭・暮らし,juman
子育て,こそだて,kosodate,サ変名詞,抽象物,家庭・暮らし,juman
高速道,こうそくどう,kosokudo,普通名詞,場所-施設,交通,juman
高卒,こうそつ,kosotsu,普通名詞,抽象物,教育・学習;ビジネス,juman
答,こたえ,kotae,普通名詞,抽象物,,juman
光沢,こうたく,kotaku,普通名詞,抽象物,,manual
炬燵,こたつ,kotatsu,普通名詞,人工物-その他,家庭・暮らし,juman
湖底,こてい,kotei,普通名詞,場所-自然,,juman
好敵手,こうてきしゅ,kotekishu,普通名詞,人,スポーツ,juman
鋼鉄,こうてつ,kotetsu,普通名詞,人工物-その他,,juman
言葉,ことば,kotoba,普通名詞,抽象物,,manual
寿,ことぶき,kotobuki,普通名詞,抽象物,,juman
今年,ことし,kotoshi,時相名詞,時間,,juman
諺,ことわざ,kotowaza,普通名詞,抽象物,,manual
骨盤,こつばん,kotsuban,普通名詞,動物-部位,健康・医学,juman
骨壺,こつつぼ,kotsutsubo,普通名詞,人工物-その他,,juman
骨髄,こつずい,kotsuzui,普通名詞,動物-部位,健康・医学,juman
骨董,こっとう,kotto,普通名詞,人工物-その他,文化・芸術,juman
声色,こわいろ,kowairo,普通名詞,抽象物,,manual
今宵,こよい,koyoi,時相名詞,時間,,juman
広葉樹,こうようじゅ,koyoju,普通名詞,植物,,juman
暦,こよみ,koyomi,普通名詞,時間,家庭・暮らし,juman
小雪,こゆき,koyuki,普通名詞,抽象物,,manual
小魚,こざかな,kozakana,普通名詞,人工物-食べ物,料理・食事,juman
小銭,こぜに,kozeni,普通名詞,人工物-金銭,,juman
小競り合い,こぜりあい,kozeriai,サ変名詞,抽象物,,juman
楮,こうぞ,kozo,普通名詞,植物,,juman
小槌,こづち,kozuchi,普通名詞,人工物-その他,,juman
小遣い,こづかい,kozukai,普通名詞,人工物-金銭,家庭・暮らし,juman
子連れ,こづれ,kozure,普通名詞,抽象物,家庭・暮らし,juman
小包,こづつみ,kozutsumi,普通名詞,人工物-その他,,juman
区別,くべつ,kubetsu,サ変名詞,抽象物,,manual
首,くび,kubi,普通名詞,動物-部位,,juman
首根っこ,くびねっこ,kubinekko,普通名詞,動物-部位,,juman
首筋,くびすじ,kubisuji,普通名詞,動物-部位,,juman
凹地,くぼち,kubochi,普通名詞,場所-その他,,juman
口,くち,kuchi,普通名詞,動物-部位;抽象物;形・模様,,juman
口当たり,くちあたり,kuchiatari,普通名詞,抽象物,料理・食事,juman
くちばし,くちばし,kuchibashi,普通名詞,植物-部位,,juman
口紅,くちべに,kuchibeni,普通名詞,人工物-その他,家庭・暮らし,juman
口火,くちび,kuchibi,普通名詞,自然物,,juman
唇,くちびる,kuchibiru,普通名詞,動物-部位,,juman
口笛,くちぶえ,kuchibue,普通名詞,抽象物,レクリエーション,juman
口出し,くちだし,kuchidashi,サ変名詞,抽象物,,juman
口絵,くちえ,kuchie,普通名詞,人工物-その他;抽象物,文化・芸術,juman
口金,くちがね,kuchigane,普通名詞,人工物-その他,,juman
口答え,くちごたえ,kuchigotae,サ変名詞,抽象物,,juman
口癖,くちぐせ,kuchiguse,普通名詞,抽象物,,manual
口元,くちもと,kuchimoto,普通名詞,動物-部位,,juman
梔子,くちなし,kuchinashi,普通名詞,植物,健康・医学,juman
口付け,くちづけ,kuchizuke,サ変名詞,抽象物,,juman
管,くだ,kuda,普通名詞,人工物-その他,,juman
果物,くだもの,kudamono,普通名詞,植物;人工物-食べ物,料理・食事,juman
下り線,くだりせん,kudarisen,普通名詞,人工物-乗り物,交通,juman
下り坂,くだりざか,kudarizaka,普通名詞,場所-その他,,juman
功徳,くどく,kudoku,普通名詞,抽象物,文化・芸術,juman
潜り戸,くぐりど,kugurido,普通名詞,場所-施設,,juman
食い意地,くいいじ,kuiiji,普通名詞,抽象物,料理・食事,juman
区域,くいき,kuiki,普通名詞,場所-その他,,juman
食い物,くいもの,kuimono,普通名詞,人工物-食べ物;抽象物,料理・食事,juman
孔雀,くじゃく,kujaku,普通名詞,動物,,juman
籤引き,くじびき,kujibiki,サ変名詞,抽象物,レクリエーション,juman
鯨,くじら,kujira,普通名詞,動物,料理・食事,juman
苦汁,くじゅう,kuju,普通名詞,人工物-食べ物,,juman
空間,くうかん,kukan,普通名詞,場所-その他,,juman
熊,くま,kuma,普通名詞,動物,,juman
熊蜂,くまばち,kumabachi,普通名詞,動物,,juman
熊手,くまで,kumade,普通名詞,人工物-その他,,juman
隈取り,くまどり,kumadori,普通名詞,抽象物,文化・芸術,juman
熊ん蜂,くまんばち,kumanbachi,普通名詞,動物,,juman
隈笹,くまざさ,kumazasa,普通名詞,植物,,juman
組,くみ,kumi,普通名詞,抽象物,,juman
組長,くみちょう,kumicho,普通名詞,人,,juman
組員,くみいん,kumiin,普通名詞,人,,juman
組曲,くみきょく,kumikyoku,普通名詞,抽象物,文化・芸術,juman
雲,くも,kumo,普通名詞,自然物,,juman
雲隠れ,くもがくれ,kumogakure,サ変名詞,抽象物,,juman
雲間,くもま,kumoma,普通名詞,場所-その他,,juman
蜘蛛膜,くもまく,kumomaku,普通名詞,動物-部位,健康・医学,juman
曇り空,くもりぞら,kumorizora,普通名詞,抽象物,,juman
供物,くもつ,kumotsu,普通名詞,人工物-その他,文化・芸術,juman
雲行き,くもゆき,kumoyuki,普通名詞,抽象物,,juman
訓読,くんどく,kundoku,サ変名詞,抽象物,教育・学習,juman
狗肉,くにく,kuniku,普通名詞,人工物-食べ物,,juman
国元,くにもと,kunimoto,普通名詞,場所-その他,,juman
訓告,くんこく,kunkoku,サ変名詞,抽象物,教育・学習;ビジネス;政治,juman
訓練,くんれん,kunren,サ変名詞,抽象物,,manual
君子,くんし,kunshi,普通名詞,人,,juman
橡,くぬぎ,kunugi,普通名詞,植物,,juman
訓読み,くんよみ,kunyomi,サ変名詞,抽象物,教育・学習,juman
蔵,くら,kura,普通名詞,場所-施設,,juman
暗がり,くらがり,kuragari,普通名詞,場所-その他,,juman
くらげ,くらげ,kurage,普通名詞,動物,料理・食事,juman
位,くらい,kurai,普通名詞,抽象物,,juman
蔵元,くらもと,kuramoto,普通名詞,人,,juman
暗闇,くらやみ,kurayami,普通名詞,抽象物,,manual
暮れ方,くれがた,kuregata,時相名詞,時間,,juman
紅,くれない,kurenai,普通名詞,色,,juman
栗,くり,kuri,普通名詞,植物;人工物-食べ物,料理・食事,juman
黒,くろ,kuro,普通名詞,色,,juman
黒星,くろぼし,kuroboshi,普通名詞,抽象物,スポーツ,juman
黒縁,くろぶち,kurobuchi,普通名詞,形・模様,,juman
黒船,くろふね,kurofune,普通名詞,人工物-乗り物,,juman
くろがね,くろがね,kurogane,普通名詞,自然物,,juman
黒地,くろじ,kuroji,普通名詞,人工物-その他,,juman
黒幕,くろまく,kuromaku,普通名詞,人;人工物-その他,,juman
黒豆,くろまめ,kuromame,普通名詞,植物;人工物-食べ物,料理・食事,juman
黒松,くろまつ,kuromatsu,普通名詞,植物,,juman
黒潮,くろしお,kuroshio,普通名詞,抽象物,,manual
玄人,くろうと,kuroto,普通名詞,人,,juman
黒土,くろつち,kurotsuchi,普通名詞,自然物,,juman
黒砂糖,くろざとう,kurozato,普通名詞,人工物-食べ物,料理・食事,juman
踝,くるぶし,kurubushi,普通名詞,動物-部位,,juman
車,くるま,kuruma,普通名詞,人工物-乗り物,交通,juman
車代,くるまだい,kurumadai,普通名詞,人工物-金銭,,juman
来る年,くるとし,kurutoshi,普通名詞,時間,,juman
草,くさ,kusa,普通名詞,植物,,juman
草花,くさばな,kusabana,普通名詞,植物,,juman
草笛,くさぶえ,kusabue,普通名詞,人工物-その他,,juman
草地,くさち,kusachi,普通名詞,場所-自然,,juman
草原,くさはら,kusahara,普通名詞,場所-自然,,juman
草刈り,くさかり,kusakari,普通名詞,抽象物,,juman
草餅,くさもち,kusamochi,普通名詞,人工物-食べ物,料理・食事,juman
草叢,くさむら,kusamura,普通名詞,場所-自然,,juman
鎖,くさり,kusari,普通名詞,人工物-その他,,juman
草取り,くさとり,kusatori,サ変名詞,抽象物,,juman
草分け,くさわけ,kusawake,普通名詞,人,,juman
癖,くせ,kuse,普通名詞,抽象物,,juman
曲者,くせもの,kusemono,普通名詞,人,,juman
空車,くうしゃ,kusha,普通名詞,人工物-乗り物,交通,juman
くす玉,くすだま,kusudama,普通名詞,人工物-その他,レクリエーション,juman
薬,くすり,kusuri,普通名詞,人工物-その他,健康・医学,juman
薬屋,くすりや,kusuriya,普通名詞,場所-施設,健康・医学,juman
薬指,くすりゆび,kusuriyubi,普通名詞,動物-部位,,juman
句点,くてん,kuten,普通名詞,場所-機能,教育・学習,juman
靴,くつ,kutsu,普通名詞,人工物-衣類,家庭・暮らし,juman
靴下,くつした,kutsushita,普通名詞,人工物-衣類,家庭・暮らし,juman
轡,くつわ,kutsuwa,普通名詞,人工物-その他,,juman
桑,くわ,kuwa,普通名詞,植物,,juman
鍬形,くわがた,kuwagata,普通名詞,人工物-その他,,juman
区分け,くわけ,kuwake,サ変名詞,抽象物,,juman
食わせ物,くわせもの,kuwasemono,普通名詞,人;人工物-その他,,juman
葛粉,くずこ,kuzuko,普通名詞,人工物-食べ物,料理・食事,juman
葛湯,くずゆ,kuzuyu,普通名詞,人工物-食べ物,料理・食事,juman
客,きゃく,kyaku,普通名詞,人,家庭・暮らし;ビジネス,juman
客演,きゃくえん,kyakuen,サ変名詞,抽象物,文化・芸術,juman
客引き,きゃくひき,kyakuhiki,サ変名詞,抽象物,料理・食事,juman
脚本,きゃくほん,kyakuhon,普通名詞,抽象物,文化・芸術;メディア,juman
客人,きゃくじん,kyakujin,普通名詞,人,,juman
客間,きゃくま,kyakuma,普通名詞,場所-施設,家庭・暮らし,juman
脚力,きゃくりょく,kyakuryoku,普通名詞,抽象物,スポーツ,juman
客席,きゃくせき,kyakuseki,普通名詞,場所-施設部位,文化・芸術,juman
客船,きゃくせん,kyakusen,普通名詞,人工物-乗り物,交通,juman
客車,きゃくしゃ,kyakusha,普通名詞,人工物-乗り物,交通,juman
脚色,きゃくしょく,kyakushoku,サ変名詞,抽象物,文化・芸術;メディア,juman
脚立,きゃたつ,kyatatsu,普通名詞,人工物-その他,家庭・暮らし,juman
巨木,きょぼく,kyoboku,普通名詞,植物,,juman
夾竹桃,きょうちくとう,kyochikuto,普通名詞,植物,,juman
教学,きょうがく,kyogaku,普通名詞,抽象物,文化・芸術;教育・学習,juman
教育,きょういく,kyoiku,サ変名詞,抽象物,教育・学習,juman
教員,きょういん,kyoin,普通名詞,人,教育・学習,juman
巨樹,きょじゅ,kyoju,普通名詞,植物,,juman
峡谷,きょうこく,kyokoku,普通名詞,場所-自然,,juman
局部,きょくぶ,kyokubu,普通名詞,動物-部位;場所-機能,,juman
局地,きょくち,kyokuchi,普通名詞,場所-その他,,juman
局長,きょくちょう,kyokucho,普通名詞,人,,juman
曲芸,きょくげい,kyokugei,普通名詞,抽象物,文化・芸術;レクリエーション,juman
極限,きょくげん,kyokugen,普通名詞,抽象物,,manual
局員,きょくいん,kyokuin,普通名詞,人,,juman
曲名,きょくめい,kyokumei,普通名詞,抽象物,文化・芸術,juman
曲目,きょくもく,kyokumoku,普通名詞,抽象物,文化・芸術,juman
教訓,きょうくん,kyokun,サ変名詞,抽象物,,manual
曲乗り,きょくのり,kyokunori,サ変名詞,抽象物,文化・芸術;レクリエーション,juman
曲線,きょくせん,kyokusen,普通名詞,形・模様,,juman
局所,きょくしょ,kyokusho,普通名詞,場所-その他,健康・医学,juman
極点,きょくてん,kyokuten,普通名詞,場所-その他,,juman
橋脚,きょうきゃく,kyokyaku,普通名詞,場所-施設部位,交通,juman
共鳴,きょうめい,kyomei,サ変名詞,抽象物,,manual
興味,きょうみ,kyomi,普通名詞,抽象物,,manual
経文,きょうもん,kyomon,普通名詞,抽象物,文化・芸術,juman
凶年,きょうねん,kyonen,普通名詞,時間,,juman
杏林,きょうりん,kyorin,普通名詞,人,健康・医学,juman
橋梁,きょうりょう,kyoryo,普通名詞,場所-施設,交通,juman
競作,きょうさく,kyosaku,サ変名詞,抽象物,文化・芸術,juman
巨石,きょせき,kyoseki,普通名詞,自然物,,juman
教師,きょうし,kyoshi,普通名詞,人,教育・学習,juman
挙式,きょしき,kyoshiki,サ変名詞,抽象物,家庭・暮らし,juman
教室,きょうしつ,kyoshitsu,普通名詞,場所-施設,教育・学習,juman
恐縮,きょうしゅく,kyoshuku,サ変名詞,抽象物,,manual
教祖,きょうそ,kyoso,普通名詞,人,文化・芸術,juman
協奏曲,きょうそうきょく,kyosokyoku,普通名詞,抽象物,文化・芸術,juman
巨体,きょたい,kyotai,普通名詞,動物,,juman
強敵,きょうてき,kyoteki,普通名詞,人,,juman
共訳,きょうやく,kyoyaku,サ変名詞,抽象物,文化・芸術;科学・技術;メディア,juman
旧知,きゅうち,kyuchi,普通名詞,抽象物,家庭・暮らし,juman
球宴,きゅうえん,kyuen,普通名詞,抽象物,スポーツ,juman
休学,きゅうがく,kyugaku,サ変名詞,抽象物,教育・学習,juman
球威,きゅうい,kyui,普通名詞,抽象物,スポーツ,juman
休日,きゅうじつ,kyujitsu,普通名詞,時間,,juman
急患,きゅうかん,kyukan,普通名詞,人,健康・医学,juman
九官鳥,きゅうかんちょう,kyukancho,普通名詞,動物,,juman
球形,きゅうけい,kyukei,普通名詞,形・模様,,juman
急行,きゅうこう,kyuko,サ変名詞,人工物-乗り物;抽象物,交通,juman
休耕田,きゅうこうでん,kyukoden,普通名詞,場所-その他,,juman
旧居,きゅうきょ,kyukyo,普通名詞,場所-施設,家庭・暮らし,juman
究極,きゅうきょく,kyukyoku,サ変名詞,抽象物,,manual
休眠,きゅうみん,kyumin,サ変名詞,抽象物,,manual
旧暦,きゅうれき,kyureki,普通名詞,時間,,juman
胡瓜,きゅうり,kyuri,普通名詞,植物;人工物-食べ物,料理・食事,juman
急流,きゅうりゅう,kyuryu,普通名詞,場所-自然,,juman
旧作,きゅうさく,kyusaku,普通名詞,抽象物,文化・芸術,juman
旧跡,きゅうせき,kyuseki,普通名詞,場所-その他,文化・芸術,juman
球審,きゅうしん,kyushin,普通名詞,人,スポーツ,juman
給食,きゅうしょく,kyushoku,サ変名詞,人工物-食べ物,料理・食事;教育・学習,juman
吸収,きゅうしゅう,kyushu,サ変名詞,抽象物,,manual
救出,きゅうしゅつ,kyushutsu,サ変名詞,抽象物,,manual
急須,きゅうす,kyusu,普通名詞,人工物-その他,料理・食事,juman
給水,きゅうすい,kyusui,サ変名詞,抽象物,家庭・暮らし,juman
旧約,きゅうやく,kyuyaku,普通名詞,抽象物,文化・芸術,juman
瞬き,まばたき,mabataki,サ変名詞,抽象物,,juman
幻,まぼろし,maboroshi,普通名詞,抽象物,,juman
目蓋,まぶた,mabuta,普通名詞,動物-部位,,juman
待ち針,まちばり,machibari,普通名詞,人工物-その他,家庭・暮らし,juman
待ち伏せ,まちぶせ,machibuse,サ変名詞,抽象物,,juman
街角,まちかど,machikado,普通名詞,場所-その他,,juman
町工場,まちこうば,machikoba,普通名詞,場所-施設,,juman
町並み,まちなみ,machinami,普通名詞,抽象物,,juman
真鯛,まだい,madai,普通名詞,動物;人工物-食べ物,料理・食事,juman
斑,まだら,madara,普通名詞,色,,juman
窓,まど,mado,普通名詞,場所-施設部位,,juman
窓際,まどぎわ,madogiwa,普通名詞,場所-その他,,juman
前,まえ,mae,時相名詞,場所-機能;時間,,juman
前足,まえあし,maeashi,普通名詞,動物-部位,,juman
前歯,まえば,maeba,普通名詞,動物-部位,,juman
前払い,まえばらい,maebarai,サ変名詞,抽象物,家庭・暮らし;ビジネス,juman
前触れ,まえぶれ,maebure,普通名詞,抽象物,,juman
前髪,まえがみ,maegami,普通名詞,動物-部位,,juman
前借り,まえがり,maegari,サ変名詞,人工物-金銭,,juman
前評判,まえひょうばん,maehyoban,普通名詞,抽象物,文化・芸術;メディア,juman
前祝い,まえいわい,maeiwai,サ変名詞,抽象物,,juman
前掛け,まえかけ,maekake,普通名詞,人工物-衣類,家庭・暮らし;料理・食事,juman
前々,まえまえ,maemae,普通名詞,時間,,juman
前褌,まえみつ,maemitsu,普通名詞,人工物-その他,スポーツ,juman
前売り,まえうり,maeuri,サ変名詞,抽象物,文化・芸術,juman
擬い物,まがいもの,magaimono,普通名詞,人工物-その他,,juman
真顔,まがお,magao,普通名詞,動物-部位,,juman
曲がり角,まがりかど,magarikado,普通名詞,場所-その他,,juman
間際,まぎわ,magiwa,普通名詞,場所-機能;時間,,juman
孫,まご,mago,普通名詞,人,家庭・暮らし,juman
真鯉,まごい,magoi,普通名詞,動物,,juman
真心,まごころ,magokoro,普通名詞,抽象物,,manual
孫娘,まごむすめ,magomusume,普通名詞,人,家庭・暮らし,juman
間口,まぐち,maguchi,普通名詞,抽象物,家庭・暮らし,juman
鮪,まぐろ,maguro,普通名詞,動物;人工物-食べ物,料理・食事,juman
まぐさ,まぐさ,magusa,普通名詞,人工物-食べ物,,juman
魔法使い,まほうつかい,mahotsukai,普通名詞,人,,juman
舞,まい,mai,普通名詞,抽象物,文化・芸術,juman
毎朝,まいあさ,maiasa,時相名詞,時間,,juman
毎晩,まいばん,maiban,時相名詞,時間,,juman
毎秒,まいびょう,maibyo,時相名詞,時間,,juman
毎分,まいふん,maifun,時相名詞,時間,,juman
迷子,まいご,maigo,普通名詞,人,家庭・暮らし,juman
舞姫,まいひめ,maihime,普通名詞,人,文化・芸術,juman
毎日,まいにち,mainichi,時相名詞,時間,,juman
舞茸,まいたけ,maitake,普通名詞,植物;人工物-食べ物,料理・食事,juman
毎年,まいとし,maitoshi,時相名詞,時間,,juman
毎月,まいつき,maitsuki,普通名詞,時間,,juman
麻雀,まーじゃん,majan,普通名詞,抽象物,レクリエーション,juman
間仕切り,まじきり,majikiri,普通名詞,人工物-その他,家庭・暮らし,juman
魔術,まじゅつ,majutsu,普通名詞,抽象物,文化・芸術,juman
薪,まき,maki,普通名詞,植物,,juman
巻き網,まきあみ,makiami,普通名詞,人工物-その他,,juman
蒔絵,まきえ,makie,普通名詞,抽象物,文化・芸術,juman
巻き貝,まきがい,makigai,普通名詞,動物,,juman
巻き紙,まきがみ,makigami,普通名詞,人工物-その他,,juman
巻き鬚,まきひげ,makihige,普通名詞,動物-部位,,juman
巻き尺,まきじゃく,makijaku,普通名詞,人工物-その他,,juman
巻き物,まきもの,makimono,普通名詞,人工物-その他;抽象物,文化・芸術;家庭・暮らし;料理・食事,juman
幕あい,まくあい,makuai,普通名詞,時間,文化・芸術,juman
幕開け,まくあけ,makuake,普通名詞,抽象物,,juman
幕開き,まくあき,makuaki,普通名詞,抽象物,文化・芸術,juman
幕内,まくうち,makuchi,普通名詞,抽象物,スポーツ,juman
幕切れ,まくぎれ,makugire,普通名詞,抽象物,スポーツ,juman
幕の内,まくのうち,makunochi,普通名詞,抽象物,スポーツ;料理・食事,juman
枕木,まくらぎ,makuragi,普通名詞,人工物-その他,交通,juman
枕元,まくらもと,makuramoto,普通名詞,場所-その他,家庭・暮らし,juman
幕下,まくした,makushita,普通名詞,抽象物,スポーツ,juman
飯事,ままごと,mamagoto,普通名詞,抽象物,レクリエーション,juman
継母,ままはは,mamahaha,普通名詞,人,家庭・暮らし,juman
豆,まめ,mame,普通名詞,植物,料理・食事,juman
豆蒔き,まめまき,mamemaki,サ変名詞,抽象物,家庭・暮らし,juman
守り神,まもりがみ,mamorigami,普通名詞,人,文化・芸術,juman
真向かい,まむかい,mamukai,普通名詞,場所-機能,,juman
まむし,まむし,mamushi,普通名詞,動物,,juman
愛弟子,まなでし,manadeshi,普通名詞,人,文化・芸術,juman
真魚板,まないた,manaita,普通名詞,人工物-その他,料理・食事,juman
眦,まなじり,manajiri,普通名詞,動物-部位,,juman
愛娘,まなむすめ,manamusume,普通名詞,人,家庭・暮らし,juman
曼荼羅,まんだら,mandara,普通名詞,抽象物,文化・芸術,juman
万華鏡,まんげきょう,mangekyo,普通名詞,人工物-その他,レクリエーション,juman
満月,まんげつ,mangetsu,普通名詞,抽象物;形・模様,,juman
満開,まんかい,mankai,サ変名詞,抽象物,,manual
満喫,まんきつ,mankitsu,サ変名詞,抽象物,,manual
満面,まんめん,manmen,普通名詞,抽象物,,manual
真ん中,まんなか,mannaka,普通名詞,場所-機能,,juman
満年齢,まんねんれい,mannenrei,普通名詞,時間,,juman
万年雪,まんねんゆき,mannenyuki,普通名詞,自然物,,juman
万力,まんりき,manriki,普通名詞,人工物-その他,,juman
毬藻,まりも,marimo,普通名詞,植物,,juman
丸,まる,maru,普通名詞,形・模様,,juman
丸洗い,まるあらい,maruarai,サ変名詞,抽象物,家庭・暮らし,juman
丸刈り,まるがり,marugari,普通名詞,抽象物,家庭・暮らし,juman
丸形,まるがた,marugata,普通名詞,形・模様,,juman
丸木,まるき,maruki,普通名詞,人工物-その他,,juman
丸儲け,まるもうけ,marumoke,サ変名詞,抽象物,,juman
丸鑿,まるのみ,marunomi,普通名詞,人工物-その他,,juman
丸太ん棒,まるたんぼう,marutanbo,普通名詞,人工物-その他,,juman
丸焼き,まるやき,maruyaki,普通名詞,抽象物,料理・食事,juman
魔力,まりょく,maryoku,普通名詞,抽象物,,manual
鉞,まさかり,masakari,普通名詞,人工物-その他,,juman
正夢,まさゆめ,masayume,普通名詞,抽象物,,manual
真っ盛り,まっさかり,massakari,普通名詞,時間,,juman
真っ先,まっさき,massaki,普通名詞,時間,,juman
末席,まっせき,masseki,普通名詞,場所-施設部位,,juman
鱒,ます,masu,普通名詞,動物,料理・食事,juman
又聞き,またぎき,matagiki,サ変名詞,抽象物,,juman
又従兄弟,またいとこ,mataitoko,普通名詞,人,家庭・暮らし,juman
抹茶,まっちゃ,matcha,普通名詞,人工物-食べ物,料理・食事,juman
摩天楼,まてんろう,matenro,普通名詞,場所-施設,,juman
的,まと,mato,普通名詞,人工物-その他,,juman
松,まつ,matsu,普通名詞,植物,,juman
松原,まつばら,matsubara,普通名詞,場所-自然,,juman
松葉杖,まつばづえ,matsubazue,普通名詞,人工物-その他,健康・医学,juman
末代,まつだい,matsudai,普通名詞,時間,,juman
まつ毛,まつげ,matsuge,普通名詞,動物-部位,,juman
末寺,まつじ,matsuji,普通名詞,場所-施設,文化・芸術,juman
末日,まつじつ,matsujitsu,普通名詞,時間,,juman
松笠,まつかさ,matsukasa,普通名詞,植物-部位,,juman
松虫,まつむし,matsumushi,普通名詞,動物,,juman
松の内,まつのうち,matsunochi,時相名詞,時間,家庭・暮らし,juman
祭,まつり,matsuri,普通名詞,抽象物,家庭・暮らし;文化・芸術,juman
松茸,まつたけ,matsutake,普通名詞,植物;人工物-食べ物,料理・食事,juman
松脂,まつやに,matsuyani,普通名詞,自然物,,juman
末端,まったん,mattan,普通名詞,場所-機能,,juman
周り,まわり,mawari,普通名詞,場所-その他,,juman
回りどうろう,まわりどうろう,mawaridoro,普通名詞,人工物-その他,文化・芸術,juman
真綿,まわた,mawata,普通名詞,人工物-その他,,juman
魔除け,まよけ,mayoke,普通名詞,抽象物,文化・芸術,juman
繭,まゆ,mayu,普通名詞,動物-部位,,juman
眉毛,まゆげ,mayuge,普通名詞,動物-部位,,juman
雌花,めばな,mebana,普通名詞,植物,,juman
目張り,めばり,mebari,サ変名詞,抽象物,家庭・暮らし,juman
目高,めだか,medaka,普通名詞,動物,,juman
目玉焼き,めだまやき,medamayaki,普通名詞,人工物-食べ物,料理・食事,juman
目出し帽,めだしぼう,medashibo,普通名詞,人工物-衣類,家庭・暮らし,juman
女神,めがみ,megami,普通名詞,人,,juman
眼鏡,めがね,megane,普通名詞,人工物-その他,家庭・暮らし,juman
目頭,めがしら,megashira,普通名詞,動物-部位,,juman
目薬,めぐすり,megusuri,普通名詞,人工物-その他,健康・医学,juman
名案,めいあん,meian,普通名詞,抽象物,,manual
名馬,めいば,meiba,普通名詞,動物,,juman
名木,めいぼく,meiboku,普通名詞,植物,,juman
名文,めいぶん,meibun,普通名詞,抽象物,文化・芸術,juman
名物,めいぶつ,meibutsu,普通名詞,人工物-その他,料理・食事,juman
命中,めいちゅう,meichu,サ変名詞,抽象物,,manual
冥福,めいふく,meifuku,普通名詞,抽象物,文化・芸術,juman
名月,めいげつ,meigetsu,普通名詞,自然物,,juman
名品,めいひん,meihin,普通名詞,人工物-その他,,juman
名峰,めいほう,meiho,普通名詞,場所-自然,,juman
名医,めいい,meii,普通名詞,人,健康・医学,juman
名句,めいく,meiku,普通名詞,抽象物,文化・芸術,juman
名曲,めいきょく,meikyoku,普通名詞,抽象物,文化・芸術,juman
迷宮,めいきゅう,meikyu,普通名詞,場所-施設,,juman
銘々,めいめい,meimei,普通名詞,人,,juman
名門,めいもん,meimon,普通名詞,抽象物,教育・学習;家庭・暮らし,juman
名文句,めいもんく,meimonku,普通名詞,抽象物,文化・芸術,juman
命日,めいにち,meinichi,普通名詞,時間,文化・芸術,juman
冥王星,めいおうせい,meiosei,普通名詞,自然物,,juman
名作,めいさく,meisaku,普通名詞,抽象物,文化・芸術,juman
名刹,めいさつ,meisatsu,普通名詞,抽象物,文化・芸術,juman
迷信,めいしん,meishin,普通名詞,抽象物,,manual
名匠,めいしょう,meisho,普通名詞,人,,juman
名訳,めいやく,meiyaku,普通名詞,抽象物,文化・芸術,juman
名山,めいざん,meizan,普通名詞,場所-自然,,juman
目白,めじろ,mejiro,普通名詞,動物,,juman
目印,めじるし,mejirushi,普通名詞,人工物-その他,,juman
目隠し,めかくし,mekakushi,サ変名詞,抽象物,,juman
目配せ,めくばせ,mekubase,サ変名詞,抽象物,,juman
目くじら,めくじら,mekujira,普通名詞,動物-部位,,juman
目盛り,めもり,memori,普通名詞,人工物-その他,,juman
麺,めん,men,普通名詞,人工物-食べ物,料理・食事,juman
面目,めんぼく,menboku,普通名詞,動物-部位,,juman
面談,めんだん,mendan,サ変名詞,抽象物,教育・学習;ビジネス,juman
雌鶏,めんどり,mendori,普通名詞,動物,,juman
綿花,めんか,menka,普通名詞,植物-部位,,juman
目の前,めのまえ,menomae,普通名詞,場所-その他;時間,,juman
綿織物,めんおりもの,menorimono,普通名詞,人工物-その他,家庭・暮らし,juman
麺類,めんるい,menrui,普通名詞,人工物-食べ物,料理・食事,juman
面接,めんせつ,mensetsu,サ変名詞,抽象物,教育・学習;ビジネス,juman
明太子,めんたいこ,mentaiko,普通名詞,人工物-食べ物;自然物,料理・食事,juman
目抜き通り,めぬきどおり,menukidori,普通名詞,場所-その他,,juman
綿羊,めんよう,menyo,普通名詞,動物,,juman
面前,めんぜん,menzen,普通名詞,場所-その他,,juman
飯,めし,meshi,普通名詞,人工物-食べ物,料理・食事,juman
雌蘂,めしべ,meshibe,普通名詞,植物-部位,,juman
飯櫃,めしびつ,meshibitsu,普通名詞,人工物-その他,料理・食事,juman
目下,めした,meshita,普通名詞,人,,juman
雌,めす,mesu,普通名詞,動物;植物,,juman
目付き,めつき,metsuki,普通名詞,抽象物,,juman
目上,めうえ,meue,普通名詞,人,,juman
目脂,めやに,meyani,普通名詞,動物-部位,健康・医学,juman
目刺し,めざし,mezashi,普通名詞,人工物-食べ物,料理・食事,juman
見栄え,みばえ,mibae,サ変名詞,抽象物,,juman
身振り,みぶり,miburi,普通名詞,抽象物,,juman
身震い,みぶるい,miburui,サ変名詞,抽象物,,juman
道,みち,michi,普通名詞,場所-施設,,juman
道端,みちばた,michibata,普通名詞,場所-その他,,juman
道順,みちじゅん,michijun,普通名詞,抽象物,,manual
満ち欠け,みちかけ,michikake,普通名詞,抽象物,,juman
満ち潮,みちしお,michishio,普通名詞,抽象物;時間,,juman
道連れ,みちづれ,michizure,普通名詞,抽象物,,juman
緑,みどり,midori,普通名詞,色,,juman
緑児,みどりご,midorigo,普通名詞,人,家庭・暮らし,juman
緑色,みどりいろ,midoriiro,普通名詞,色,,juman
見栄坊,みえぼう,miebo,普通名詞,人,,juman
見え隠れ,みえがくれ,miegakure,サ変名詞,抽象物,,juman
身代わり,みがわり,migawari,普通名詞,抽象物,,juman
右,みぎ,migi,普通名詞,場所-機能,,juman
右左,みぎひだり,migihidari,普通名詞,場所-機能,,juman
右下,みぎした,migishita,普通名詞,場所-機能,,juman
右手,みぎて,migite,普通名詞,動物-部位,,juman
右腕,みぎうで,migiude,普通名詞,動物-部位,,juman
右横,みぎよこ,migiyoko,普通名詞,場所-機能,,juman
右四つ,みぎよつ,migiyotsu,普通名詞,抽象物,スポーツ,juman
身頃,みごろ,migoro,普通名詞,人工物-衣類,家庭・暮らし,juman
身拵え,みごしらえ,migoshirae,サ変名詞,抽象物,家庭・暮らし,juman
未払い,みはらい,miharai,普通名詞,抽象物,家庭・暮らし;ビジネス,juman
見本,みほん,mihon,普通名詞,抽象物,,manual
みじん切り,みじんぎり,mijingiri,普通名詞,抽象物,料理・食事,juman
微塵子,みじんこ,mijinko,普通名詞,動物,,juman
身支度,みじたく,mijitaku,サ変名詞,抽象物,家庭・暮らし,juman
御影石,みかげいし,mikageishi,普通名詞,自然物,,juman
蜜柑,みかん,mikan,普通名詞,植物;人工物-食べ物,料理・食事,juman
みかん色,みかんいろ,mikaniro,普通名詞,色,,juman
三日月,みかづき,mikazuki,普通名詞,抽象物;形・模様,,juman
三毛猫,みけねこ,mikeneko,普通名詞,動物,,juman
幹,みき,miki,普通名詞,植物-部位,,juman
密航,みっこう,mikko,サ変名詞,抽象物,交通;政治,juman
密教,みっきょう,mikkyo,普通名詞,抽象物,文化・芸術,juman
神輿,みこし,mikoshi,普通名詞,人工物-乗り物,文化・芸術,juman
耳,みみ,mimi,普通名詞,動物-部位,,juman
耳元,みみもと,mimimoto,普通名詞,場所-その他,,juman
耳朶,みみたぶ,mimitabu,普通名詞,動物-部位,,juman
耳打ち,みみうち,mimiuchi,サ変名詞,抽象物,,juman
蚯蚓,みみず,mimizu,普通名詞,動物,,juman
みみずく,みみずく,mimizuku,普通名詞,動物,,juman
南,みなみ,minami,普通名詞,場所-機能,,juman
源,みなもと,minamoto,普通名詞,抽象物,,juman
見習,みならい,minarai,普通名詞,人,,juman
皆様,みなさま,minasama,普通名詞,人,,juman
皆さん,みなさん,minasan,普通名詞,人,,juman
みなし児,みなしご,minashigo,普通名詞,人,家庭・暮らし,juman
港,みなと,minato,普通名詞,場所-施設,交通,juman
水無月,みなづき,minazuki,時相名詞,時間,,juman
明朝体,みんちょうたい,minchotai,普通名詞,抽象物,文化・芸術;メディア,juman
峰,みね,mine,普通名詞,場所-自然,,juman
民芸,みんげい,mingei,普通名詞,抽象物,文化・芸術,juman
蓑,みの,mino,普通名詞,人工物-衣類,,juman
身の回り,みのまわり,minomawari,普通名詞,抽象物,家庭・暮らし,juman
蓑虫,みのむし,minomushi,普通名詞,動物,,juman
民宿,みんしゅく,minshuku,サ変名詞,場所-施設,レクリエーション,juman
民話,みんわ,minwa,普通名詞,抽象物,文化・芸術,juman
民有林,みんゆうりん,minyurin,普通名詞,場所-自然,,juman
見覚え,みおぼえ,mioboe,普通名詞,抽象物,,juman
身重,みおも,miomo,普通名詞,抽象物,家庭・暮らし,juman
未来,みらい,mirai,普通名詞,時間,,juman
岬,みさき,misaki,普通名詞,場所-自然,,juman
見せ場,みせば,miseba,普通名詞,場所-その他,文化・芸術,juman
店先,みせさき,misesaki,普通名詞,場所-その他,,juman
味噌汁,みそしる,misoshiru,普通名詞,人工物-食べ物,料理・食事,juman
密室,みっしつ,misshitsu,普通名詞,場所-その他,,juman
見た目,みため,mitame,普通名詞,抽象物,,juman
未踏峰,みとうほう,mitoho,普通名詞,場所-自然,,juman
見取り図,みとりず,mitorizu,普通名詞,人工物-その他,,juman
蜜,みつ,mitsu,普通名詞,自然物,料理・食事,juman
三つ葉,みつば,mitsuba,普通名詞,植物;人工物-食べ物,料理・食事,juman
蜜蜂,みつばち,mitsubachi,普通名詞,動物,,juman
蜜月,みつげつ,mitsugetsu,普通名詞,時間,,juman
密林,みつりん,mitsurin,普通名詞,場所-自然,,juman
身内,みうち,miuchi,普通名詞,人,家庭・暮らし,juman
身動き,みうごき,miugoki,サ変名詞,抽象物,,juman
宮,みや,miya,普通名詞,場所-その他,,juman
土産,みやげ,miyage,普通名詞,人工物-食べ物;人工物-その他,,juman
土産物,みやげもの,miyagemono,普通名詞,人工物-その他,,juman
都,みやこ,miyako,普通名詞,場所-その他,,juman
都大路,みやこおおじ,miyakoji,普通名詞,場所-施設,交通,juman
宮参り,みやまいり,miyamairi,サ変名詞,抽象物,文化・芸術;家庭・暮らし,juman
身銭,みぜに,mizeni,普通名詞,人工物-金銭,,juman
溝,みぞ,mizo,普通名詞,場所-施設部位,,juman
鳩尾,みぞおち,mizochi,普通名詞,動物-部位,,juman
水,みず,mizu,普通名詞,自然物,,juman
水浴び,みずあび,mizuabi,サ変名詞,抽象物,レクリエーション,juman
水揚げ,みずあげ,mizuage,サ変名詞,抽象物,,juman
水洗い,みずあらい,mizuarai,サ変名詞,抽象物,家庭・暮らし,juman
水芭蕉,みずばしょう,mizubasho,普通名詞,植物,,juman
水鉄砲,みずでっぽう,mizudeppo,普通名詞,人工物-その他,レクリエーション,juman
水鳥,みずどり,mizudori,普通名詞,動物,,juman
水瓶,みずがめ,mizugame,普通名詞,人工物-その他,,juman
水菓子,みずがし,mizugashi,普通名詞,人工物-食べ物,料理・食事,juman
水際,みずぎわ,mizugiwa,普通名詞,場所-自然,,juman
水車,みずぐるま,mizuguruma,普通名詞,人工物-その他,,juman
水薬,みずぐすり,mizugusuri,普通名詞,人工物-その他,健康・医学,juman
水引,みずひき,mizuhiki,普通名詞,人工物-その他,家庭・暮らし,juman
水入らず,みずいらず,mizuirazu,普通名詞,抽象物,家庭・暮らし,juman
水入り,みずいり,mizuiri,普通名詞,抽象物,文化・芸術;スポーツ,juman
水色,みずいろ,mizuiro,普通名詞,色,,juman
水掻き,みずかき,mizukaki,普通名詞,動物-部位,,juman
水気,みずけ,mizuke,普通名詞,自然物,料理・食事,juman
水煙,みずけむり,mizukemuri,普通名詞,自然物,,juman
水汲み,みずくみ,mizukumi,サ変名詞,抽象物,家庭・暮らし,juman
水草,みずくさ,mizukusa,普通名詞,植物,,juman
水枕,みずまくら,mizumakura,普通名詞,人工物-その他,健康・医学,juman
水回り,みずまわり,mizumawari,普通名詞,場所-その他,家庭・暮らし,juman
湖,みずうみ,mizumi,普通名詞,場所-自然,,juman
水漏れ,みずもれ,mizumore,サ変名詞,抽象物,家庭・暮らし,juman
水菜,みずな,mizuna,普通名詞,植物;人工物-食べ物,料理・食事,juman
水飲み,みずのみ,mizunomi,普通名詞,人工物-その他,料理・食事,juman
水抜き,みずぬき,mizunuki,普通名詞,抽象物,家庭・暮らし,juman
水っ洟,みずっぱな,mizuppana,普通名詞,自然物,健康・医学,juman
水差し,みずさし,mizusashi,普通名詞,人工物-その他,,juman
水玉,みずたま,mizutama,普通名詞,自然物;形・模様,,juman
水溜まり,みずたまり,mizutamari,普通名詞,場所-自然,,juman
水割り,みずわり,mizuwari,普通名詞,人工物-食べ物,料理・食事,juman
餅,もち,mochi,普通名詞,人工物-食べ物,料理・食事,juman
持ち味,もちあじ,mochiaji,普通名詞,抽象物,,juman
持ち場,もちば,mochiba,普通名詞,場所-その他,,juman
餅米,もちごめ,mochigome,普通名詞,植物;人工物-食べ物,料理・食事,juman
持ち家,もちいえ,mochiie,普通名詞,場所-施設;抽象物,家庭・暮らし,juman
持ち物,もちもの,mochimono,普通名詞,人工物-その他,,juman
持ち主,もちぬし,mochinushi,普通名詞,人,,juman
望月,もちづき,mochizuki,普通名詞,自然物,,juman
萌葱色,もえぎいろ,moegiiro,普通名詞,色,,juman
土竜,もぐら,mogura,普通名詞,動物,,juman
毛髪,もうはつ,mohatsu,普通名詞,動物-部位,健康・医学,juman
毛筆,もうひつ,mohitsu,普通名詞,人工物-その他,文化・芸術,juman
猛獣,もうじゅう,moju,普通名詞,動物,,juman
猛火,もうか,moka,普通名詞,自然物,,juman
猛犬,もうけん,moken,普通名詞,動物,,juman
猛禽類,もうきんるい,mokinrui,普通名詞,動物,,juman
目下,もっか,mokka,時相名詞,時間,,juman
木管,もっかん,mokkan,普通名詞,人工物-その他,文化・芸術,juman
木馬,もくば,mokuba,普通名詞,人工物-その他,レクリエーション,juman
木彫,もくちょう,mokucho,普通名詞,抽象物,文化・芸術,juman
黙読,もくどく,mokudoku,サ変名詞,抽象物,教育・学習,juman
目撃,もくげき,mokugeki,サ変名詞,抽象物,,manual
木魚,もくぎょ,mokugyo,普通名詞,人工物-その他,文化・芸術,juman
木版,もくはん,mokuhan,普通名詞,人工物-その他;抽象物,文化・芸術,juman
木片,もくへん,mokuhen,普通名詞,植物-部位;人工物-その他,,juman
目標,もくひょう,mokuhyo,普通名詞,抽象物,,manual
木螺子,もくねじ,mokuneji,普通名詞,人工物-その他,,juman
木蓮,もくれん,mokuren,普通名詞,植物,,juman
目録,もくろく,mokuroku,普通名詞,抽象物,,manual
木星,もくせい,mokusei,普通名詞,自然物,,juman
木炭,もくたん,mokutan,普通名詞,自然物,,juman
目的,もくてき,mokuteki,普通名詞,抽象物,,manual
木曜,もくよう,mokuyo,時相名詞,時間,,juman
木曜日,もくようび,mokuyobi,時相名詞,時間,,juman
木材,もくざい,mokuzai,普通名詞,人工物-その他,,juman
目前,もくぜん,mokuzen,普通名詞,場所-その他;時間,,juman
網膜,もうまく,momaku,普通名詞,動物-部位,健康・医学,juman
揉め事,もめごと,momegoto,普通名詞,抽象物,,juman
樅,もみ,momi,普通名詞,植物,,juman
籾殻,もみがら,momigara,普通名詞,植物-部位,,juman
桃,もも,momo,普通名詞,植物;人工物-食べ物,料理・食事,juman
股引き,ももひき,momohiki,普通名詞,人工物-衣類,家庭・暮らし,juman
桃色,ももいろ,momoiro,普通名詞,色,,juman
百種,ももくさ,momokusa,普通名詞,植物,,juman
門番,もんばん,monban,普通名詞,人,,juman
問題,もんだい,mondai,普通名詞,抽象物,,manual
問答,もんどう,mondo,サ変名詞,抽象物,,manual
門衛,もんえい,monei,普通名詞,人,,juman
門構え,もんがまえ,mongamae,普通名詞,場所-施設,,juman
文句,もんく,monku,普通名詞,抽象物,,manual
物,もの,mono,普通名詞,人工物-その他,,juman
物覚え,ものおぼえ,monoboe,普通名詞,抽象物,,juman
物語,ものがたり,monogatari,サ変名詞,抽象物,文化・芸術,juman
物干し,ものほし,monohoshi,普通名詞,人工物-その他,家庭・暮らし,juman
物陰,ものかげ,monokage,普通名詞,場所-その他,,juman
物書き,ものかき,monokaki,普通名詞,人,文化・芸術,juman
物置,ものおき,monoki,普通名詞,人工物-その他,,juman
物思い,ものおもい,monomoi,普通名詞,抽象物,,juman
物貰い,ものもらい,monomorai,普通名詞,動物-部位,健康・医学,juman
物差し,ものさし,monosashi,普通名詞,人工物-その他,,juman
物知り,ものしり,monoshiri,普通名詞,抽象物,,juman
物忘れ,ものわすれ,monowasure,サ変名詞,抽象物,,juman
もんぺ,もんぺ,monpe,普通名詞,人工物-衣類,家庭・暮らし,juman
門主,もんしゅ,monshu,普通名詞,人,,juman
門弟,もんてい,montei,普通名詞,人,文化・芸術;教育・学習,juman
紋付き,もんつき,montsuki,普通名詞,人工物-衣類,家庭・暮らし,juman
貰い泣き,もらいなき,morainaki,サ変名詞,抽象物,,juman
森,もり,mori,普通名詞,場所-自然,,juman
盛り合わせ,もりあわせ,moriawase,普通名詞,人工物-食べ物,料理・食事,juman
盛り蕎麦,もりそば,morisoba,普通名詞,人工物-食べ物,料理・食事,juman
盛り土,もりつち,moritsuchi,普通名詞,人工物-その他,,juman
諸肌,もろはだ,morohada,普通名詞,動物-部位,,juman
もろこし,もろこし,morokoshi,普通名詞,植物;人工物-食べ物,料理・食事,juman
諸手,もろて,morote,普通名詞,動物-部位,,juman
双差し,もろざし,morozashi,普通名詞,抽象物,スポーツ,juman
孟宗竹,もうそうちく,mosochiku,普通名詞,植物,,juman
持て成し,もてなし,motenashi,サ変名詞,抽象物,料理・食事,juman
元,もと,moto,普通名詞,場所-機能;抽象物,,juman
元締め,もとじめ,motojime,普通名詞,人,,juman
元栓,もとせん,motosen,普通名詞,人工物-その他,家庭・暮らし,juman
萌やし,もやし,moyashi,普通名詞,植物;人工物-食べ物,料理・食事,juman
模様替え,もようがえ,moyogae,サ変名詞,抽象物,家庭・暮らし,juman
最寄り,もより,moyori,普通名詞,場所-その他,,juman
無駄遣い,むだづかい,mudazukai,サ変名詞,抽象物,,juman
麦,むぎ,mugi,普通名詞,植物,料理・食事,juman
麦畑,むぎばたけ,mugibatake,普通名詞,場所-その他,,juman
麦笛,むぎぶえ,mugibue,普通名詞,人工物-その他,,juman
麦茶,むぎちゃ,mugicha,普通名詞,人工物-食べ物,料理・食事,juman
麦飯,むぎめし,mugimeshi,普通名詞,人工物-食べ物,料理・食事,juman
麦藁,むぎわら,mugiwara,普通名詞,植物-部位,,juman
無言,むごん,mugon,普通名詞,抽象物,,manual
無医村,むいそん,muison,普通名詞,場所-その他,健康・医学,juman
無人,むじん,mujin,普通名詞,抽象物,,manual
百足,むかで,mukade,普通名詞,動物,,juman
零余子,むかご,mukago,普通名詞,植物-部位,料理・食事,juman
向かい風,むかいかぜ,mukaikaze,普通名詞,抽象物,,juman
昔,むかし,mukashi,時相名詞,時間,,juman
剥き身,むきみ,mukimi,普通名詞,人工物-食べ物,料理・食事,juman
婿,むこ,muko,普通名詞,人,家庭・暮らし,juman
向こう側,むこうがわ,mukogawa,普通名詞,場所-機能,,juman
向こう岸,むこうぎし,mukogishi,普通名詞,場所-自然,,juman
向こう脛,むこうずね,mukozune,普通名詞,動物-部位,,juman
椋鳥,むくどり,mukudori,普通名詞,動物,,juman
木槿,むくげ,mukuge,普通名詞,植物,,juman
無名,むめい,mumei,普通名詞,抽象物,,manual
胸鰭,むなびれ,munabire,普通名詞,動物-部位,,juman
棟木,むなぎ,munagi,普通名詞,人工物-その他,,juman
胸倉,むなぐら,munagura,普通名詞,動物-部位,,juman
胸元,むなもと,munamoto,普通名詞,動物-部位,,juman
胸騒ぎ,むなさわぎ,munasawagi,普通名詞,抽象物,,juman
棟,むね,mune,普通名詞,場所-施設,,juman
棟割り,むねわり,munewari,普通名詞,抽象物,家庭・暮らし,juman
村人,むらびと,murabito,普通名詞,人,,juman
村外れ,むらはずれ,murahazure,普通名詞,場所-その他,,juman
紫,むらさき,murasaki,普通名詞,色,,juman
村里,むらざと,murazato,普通名詞,場所-その他,,juman
無線,むせん,musen,普通名詞,人工物-その他,,juman
武者震い,むしゃぶるい,mushaburui,サ変名詞,抽象物,,juman
虫,むし,mushi,普通名詞,動物,,juman
虫歯,むしば,mushiba,普通名詞,動物-部位,健康・医学,juman
虫干し,むしぼし,mushiboshi,サ変名詞,抽象物,家庭・暮らし,juman
虫籠,むしかご,mushikago,普通名詞,人工物-その他,レクリエーション,juman
虫けら,むしけら,mushikera,普通名詞,動物,,juman
無神論,むしんろん,mushinron,普通名詞,抽象物,文化・芸術,juman
蒸し焼き,むしやき,mushiyaki,普通名詞,抽象物,料理・食事,juman
無色,むしょく,mushoku,普通名詞,色,,juman
結び目,むすびめ,musubime,普通名詞,抽象物,,juman
息子,むすこ,musuko,普通名詞,人,家庭・暮らし,juman
娘,むすめ,musume,普通名詞,人,家庭・暮らし,juman
娘婿,むすめむこ,musumemuko,普通名詞,人,家庭・暮らし,juman
霧笛,むてき,muteki,普通名詞,人工物-その他,交通,juman
むつごろう,むつごろう,mutsugoro,普通名詞,動物,,juman
睦月,むつき,mutsuki,時相名詞,時間,,juman
妙案,みょうあん,myoan,普通名詞,抽象物,,manual
明晩,みょうばん,myoban,時相名詞,時間,,juman
明朝,みょうちょう,myocho,時相名詞,時間,,juman
明後年,みょうごねん,myogonen,時相名詞,時間,,juman
明星,みょうじょう,myojo,普通名詞,自然物,,juman
妙薬,みょうやく,myoyaku,普通名詞,人工物-その他,健康・医学,juman
鍋蓋,なべぶた,nabebuta,普通名詞,人工物-その他,料理・食事;教育・学習,juman
雪崩,なだれ,nadare,普通名詞,抽象物,,manual
撫子,なでしこ,nadeshiko,普通名詞,植物,,juman
苗,なえ,nae,普通名詞,植物,,juman
苗床,なえどこ,naedoko,普通名詞,場所-その他,,juman
苗木,なえぎ,naegi,普通名詞,植物,,juman
名札,なふだ,nafuda,普通名詞,人工物-その他,,juman
長丁場,ながちょうば,nagachoba,普通名詞,時間,,juman
長靴,ながぐつ,nagagutsu,普通名詞,人工物-衣類,家庭・暮らし,juman
長持ち,ながもち,nagamochi,サ変名詞,抽象物,,juman
長年,ながねん,naganen,時相名詞,時間,,juman
流し台,ながしだい,nagashidai,普通名詞,場所-施設部位,家庭・暮らし,juman
長袖,ながそで,nagasode,普通名詞,人工物-衣類,家庭・暮らし,juman
長旅,ながたび,nagatabi,普通名詞,抽象物,家庭・暮らし;レクリエーション,juman
長月,ながつき,nagatsuki,時相名詞,時間,,juman
長唄,ながうた,nagauta,普通名詞,抽象物,文化・芸術,juman
長屋,ながや,nagaya,普通名詞,場所-施設,家庭・暮らし,juman
なぎなた,なぎなた,naginata,普通名詞,人工物-その他,スポーツ,juman
渚,なぎさ,nagisa,普通名詞,場所-自然,,juman
名残り,なごり,nagori,普通名詞,抽象物,,juman
内地,ないち,naichi,普通名詞,場所-その他,,juman
内外,ないがい,naigai,普通名詞,場所-機能,,juman
内壁,ないへき,naiheki,普通名詞,場所-施設部位,,juman
内角,ないかく,naikaku,普通名詞,場所-その他,スポーツ;教育・学習,juman
内国,ないこく,naikoku,普通名詞,場所-その他,,juman
内膜,ないまく,naimaku,普通名詞,動物-部位,健康・医学,juman
内陸,ないりく,nairiku,普通名詞,場所-その他,,juman
内輪山,ないりんざん,nairinzan,普通名詞,場所-自然,,juman
内緒,ないしょ,naisho,普通名詞,抽象物,,manual
内職,ないしょく,naishoku,サ変名詞,抽象物,家庭・暮らし;ビジネス,juman
内装,ないそう,naiso,普通名詞,場所-施設部位,,juman
内野手,ないやしゅ,naiyashu,普通名詞,人,スポーツ,juman
中,なか,naka,普通名詞,場所-機能,,juman
中日,なかび,nakabi,普通名詞,時間,,juman
中頃,なかごろ,nakagoro,普通名詞,時間,,juman
中入り,なかいり,nakairi,サ変名詞,抽象物,文化・芸術;スポーツ,juman
中敷き,なかじき,nakajiki,普通名詞,人工物-その他,,juman
仲間内,なかまうち,nakamauchi,普通名詞,場所-その他,,juman
仲間割れ,なかまわれ,nakamaware,サ変名詞,抽象物,,juman
仲直り,なかなおり,nakanaori,サ変名詞,抽象物,,juman
中庭,なかにわ,nakaniwa,普通名詞,場所-施設,,juman
中州,なかす,nakasu,普通名詞,場所-自然,,juman
中継ぎ,なかつぎ,nakatsugi,サ変名詞,抽象物,スポーツ,juman
中休み,なかやすみ,nakayasumi,サ変名詞,抽象物,,juman
仲良し,なかよし,nakayoshi,普通名詞,抽象物,,juman
中指,なかゆび,nakayubi,普通名詞,動物-部位,,juman
泣きべそ,なきべそ,nakibeso,普通名詞,動物-部位,,juman
泣き顔,なきがお,nakigao,普通名詞,抽象物,,juman
泣き声,なきごえ,nakigoe,普通名詞,抽象物,,juman
泣き虫,なきむし,nakimushi,普通名詞,人,,juman
泣きっ面,なきっつら,nakittsura,普通名詞,動物-部位,,juman
泣き笑い,なきわらい,nakiwarai,サ変名詞,抽象物,,juman
仲人,なこうど,nakodo,普通名詞,人,家庭・暮らし,juman
生,なま,nama,普通名詞,抽象物,,juman
名前,なまえ,namae,普通名詞,抽象物,,manual
生菓子,なまがし,namagashi,普通名詞,人工物-食べ物,料理・食事,juman
生塵,なまごみ,namagomi,普通名詞,人工物-その他,料理・食事,juman
生剥げ,なまはげ,namahage,普通名詞,抽象物,文化・芸術,juman
怠け者,なまけもの,namakemono,普通名詞,人,,juman
なまこ,なまこ,namako,普通名詞,動物;人工物-食べ物,料理・食事,juman
生水,なまみず,namamizu,普通名詞,自然物,料理・食事,juman
生物,なまもの,namamono,普通名詞,人工物-食べ物,料理・食事,juman
鉛,なまり,namari,普通名詞,自然物,,juman
生卵,なまたまご,namatamago,普通名詞,人工物-食べ物,料理・食事,juman
生魚,なまざかな,namazakana,普通名詞,人工物-食べ物,料理・食事,juman
鯰,なまず,namazu,普通名詞,動物,料理・食事,juman
生爪,なまづめ,namazume,普通名詞,動物-部位,,juman
蛞蝓,なめくじ,namekuji,普通名詞,動物,,juman
波,なみ,nami,普通名詞,抽象物,,juman
涙,なみだ,namida,サ変名詞,自然物,,juman
並木,なみき,namiki,普通名詞,植物,,juman
波乗り,なみのり,naminori,サ変名詞,抽象物,レクリエーション,juman
並製,なみせい,namisei,普通名詞,人工物-その他,,juman
七色,なないろ,nanairo,普通名詞,色,,juman
七草,ななくさ,nanakusa,普通名詞,植物,料理・食事,juman
南北,なんぼく,nanboku,普通名詞,場所-機能,,juman
難題,なんだい,nandai,普通名詞,抽象物,,manual
南国,なんごく,nangoku,普通名詞,場所-その他,,juman
何,なに,nani,普通名詞,抽象物,,juman
何者,なにもの,nanimono,普通名詞,人,,juman
南京玉,なんきんだま,nankindama,普通名詞,人工物-その他,レクリエーション,juman
軟膏,なんこう,nanko,普通名詞,人工物-その他,健康・医学,juman
軟骨,なんこつ,nankotsu,普通名詞,動物-部位,健康・医学,juman
南極,なんきょく,nankyoku,普通名詞,場所-その他,,juman
難問,なんもん,nanmon,普通名詞,抽象物,,manual
菜の花,なのはな,nanohana,普通名詞,植物,料理・食事,juman
難破,なんぱ,nanpa,サ変名詞,抽象物,交通,juman
軟式,なんしき,nanshiki,普通名詞,抽象物,スポーツ,juman
南進,なんしん,nanshin,サ変名詞,抽象物,交通,juman
難敵,なんてき,nanteki,普通名詞,人,,juman
南天,なんてん,nanten,普通名詞,植物,,juman
楢,なら,nara,普通名詞,植物,,juman
奈落,ならく,naraku,普通名詞,場所-その他,,juman
習わし,ならわし,narawashi,普通名詞,抽象物,家庭・暮らし;文化・芸術,juman
奈良漬け,ならづけ,narazuke,普通名詞,人工物-食べ物,料理・食事,juman
成らず者,ならずもの,narazumono,普通名詞,人,,juman
成り金,なりきん,narikin,普通名詞,人工物-その他,,juman
鳴り物,なりもの,narimono,普通名詞,人工物-その他,文化・芸術,juman
生業,なりわい,nariwai,普通名詞,抽象物,家庭・暮らし;ビジネス,juman
鳴子,なるこ,naruko,普通名詞,人工物-その他,,juman
梨,なし,nashi,普通名詞,植物;人工物-食べ物,料理・食事,juman
菜種,なたね,natane,普通名詞,人工物-その他,料理・食事,juman
夏,なつ,natsu,時相名詞,時間,,juman
夏場,なつば,natsuba,時相名詞,時間,,juman
捺印,なついん,natsuin,サ変名詞,抽象物,ビジネス;家庭・暮らし,juman
夏物,なつもの,natsumono,普通名詞,人工物-衣類,家庭・暮らし,juman
納豆,なっとう,natto,普通名詞,人工物-食べ物,料理・食事,juman
納得,なっとく,nattoku,サ変名詞,抽象物,,manual
縄,なわ,nawa,普通名詞,人工物-その他,,juman
縄張り,なわばり,nawabari,普通名詞,抽象物,,juman
苗代,なわしろ,nawashiro,普通名詞,場所-その他,,juman
縄跳び,なわとび,nawatobi,普通名詞,抽象物,レクリエーション,juman
謎,なぞ,nazo,普通名詞,抽象物,,manual
謎々,なぞなぞ,nazonazo,普通名詞,抽象物,レクリエーション,juman
謎解き,なぞとき,nazotoki,サ変名詞,抽象物,,juman
名付け親,なづけおや,nazukeoya,普通名詞,人,家庭・暮らし,juman
薺,なずな,nazuna,普通名詞,植物,料理・食事,juman
寝汗,ねあせ,nease,普通名詞,自然物,健康・医学;家庭・暮らし,juman
寝袋,ねぶくろ,nebukuro,普通名詞,人工物-その他,レクリエーション,juman
寝床,ねどこ,nedoko,普通名詞,場所-その他,家庭・暮らし,juman
姉ちゃん,ねえちゃん,neechan,普通名詞,人,家庭・暮らし,juman
姉さん,ねえさん,neesan,普通名詞,人,家庭・暮らし,juman
寝顔,ねがお,negao,普通名詞,動物-部位,家庭・暮らし,juman
葱,ねぎ,negi,普通名詞,植物;人工物-食べ物,料理・食事,juman
寝心地,ねごこち,negokochi,普通名詞,抽象物,家庭・暮らし,juman
寝言,ねごと,negoto,普通名詞,抽象物,家庭・暮らし,juman
ねぐら,ねぐら,negura,普通名詞,場所-その他,家庭・暮らし,juman
寝癖,ねぐせ,neguse,普通名詞,抽象物,家庭・暮らし,juman
寝入り端,ねいりばな,neiribana,普通名詞,時間,家庭・暮らし,juman
音色,ねいろ,neiro,普通名詞,抽象物,文化・芸術,juman
猫,ねこ,neko,普通名詞,動物,,juman
猫車,ねこぐるま,nekoguruma,普通名詞,人工物-その他,,juman
猫舌,ねこじた,nekojita,普通名詞,抽象物,料理・食事,juman
猫柳,ねこやなぎ,nekoyanagi,普通名詞,植物,,juman
寝間着,ねまき,nemaki,普通名詞,人工物-衣類,家庭・暮らし,juman
根回し,ねまわし,nemawashi,サ変名詞,抽象物,,juman
合歓,ねむ,nemu,普通名詞,植物,,juman
眠気,ねむけ,nemuke,普通名詞,抽象物,家庭・暮らし,juman
粘板岩,ねんばんがん,nenbangan,普通名詞,自然物,,juman
念仏,ねんぶつ,nenbutsu,サ変名詞,抽象物,文化・芸術,juman
粘土,ねんど,nendo,普通名詞,自然物,レクリエーション,juman
年賀,ねんが,nenga,普通名詞,抽象物,家庭・暮らし,juman
年月日,ねんがっぴ,nengappi,普通名詞,時間,,juman
年月,ねんげつ,nengetsu,普通名詞,時間,,juman
年中,ねんじゅう,nenju,時相名詞,時間,,juman
粘菌,ねんきん,nenkin,普通名詞,植物,,juman
粘膜,ねんまく,nenmaku,普通名詞,動物-部位,健康・医学,juman
ねんねこ,ねんねこ,nenneko,普通名詞,人工物-衣類,,juman
年輩,ねんぱい,nenpai,普通名詞,人,,juman
念力,ねんりき,nenriki,普通名詞,抽象物,,manual
年始,ねんし,nenshi,時相名詞,時間,,juman
捻出,ねんしゅつ,nenshutsu,サ変名詞,抽象物,家庭・暮らし;ビジネス,juman
寝起き,ねおき,neoki,サ変名詞,抽象物,家庭・暮らし,juman
熱波,ねっぱ,neppa,普通名詞,抽象物,,manual
狙い撃ち,ねらいうち,neraiuchi,サ変名詞,抽象物,,juman
練り物,ねりもの,nerimono,普通名詞,人工物-食べ物;人工物-その他,料理・食事,juman
練り製品,ねりせいひん,neriseihin,普通名詞,人工物-食べ物,料理・食事,juman
寝しな,ねしな,neshina,普通名詞,時間,家庭・暮らし,juman
熱水,ねっすい,nessui,普通名詞,自然物,,juman
寝姿,ねすがた,nesugata,普通名詞,抽象物,家庭・暮らし,juman
熱中,ねっちゅう,netchu,サ変名詞,抽象物,,manual
寝泊まり,ねとまり,netomari,サ変名詞,抽象物,家庭・暮らし,juman
熱演,ねつえん,netsuen,サ変名詞,抽象物,文化・芸術,juman
熱気球,ねつききゅう,netsukikyu,普通名詞,人工物-乗り物,レクリエーション,juman
熱帯,ねったい,nettai,普通名詞,場所-その他,,juman
寝技,ねわざ,newaza,普通名詞,抽象物,スポーツ,juman
根雪,ねゆき,neyuki,普通名詞,自然物,,juman
寝覚め,ねざめ,nezame,普通名詞,抽象物,家庭・暮らし,juman
鼠,ねずみ,nezumi,普通名詞,動物,,juman
鼠色,ねずみいろ,nezumiiro,普通名詞,色,,juman
煮干し,にぼし,niboshi,普通名詞,人工物-食べ物,料理・食事,juman
日没,にちぼつ,nichibotsu,普通名詞,抽象物,,manual
日限,にちげん,nichigen,普通名詞,時間,,juman
日時,にちじ,nichiji,普通名詞,時間,,juman
日常,にちじょう,nichijo,時相名詞,抽象物,,manual
日輪,にちりん,nichirin,普通名詞,自然物,,juman
日夜,にちや,nichiya,時相名詞,時間,,juman
日曜,にちよう,nichiyo,時相名詞,時間,,juman
日曜日,にちようび,nichiyobi,時相名詞,時間,,juman
煮え湯,にえゆ,nieyu,普通名詞,自然物,料理・食事,juman
にがり,にがり,nigari,普通名詞,自然物,料理・食事,juman
苦笑い,にがわらい,nigawarai,サ変名詞,抽象物,,juman
逃げ場,にげば,nigeba,普通名詞,場所-その他,,juman
逃げ口,にげぐち,nigeguchi,普通名詞,場所-施設部位,,juman
荷車,にぐるま,niguruma,普通名詞,人工物-乗り物,,juman
二本立て,にほんだて,nihondate,普通名詞,抽象物,文化・芸術,juman
日本間,にほんま,nihonma,普通名詞,場所-施設,家庭・暮らし,juman
兄ちゃん,にいちゃん,niichan,普通名詞,人,家庭・暮らし,juman
虹鱒,にじます,nijimasu,普通名詞,動物;人工物-食べ物,料理・食事,juman
煮汁,にじる,nijiru,普通名詞,人工物-食べ物,料理・食事,juman
膠,にかわ,nikawa,普通名詞,人工物-その他,科学・技術;文化・芸術,juman
にきび,にきび,nikibi,普通名詞,動物,健康・医学,juman
日課,にっか,nikka,普通名詞,抽象物,,manual
肉,にく,niku,普通名詞,動物-部位;人工物-食べ物,料理・食事,juman
肉眼,にくがん,nikugan,普通名詞,抽象物,,manual
肉牛,にくぎゅう,nikugyu,普通名詞,動物,,juman
肉じゃが,にくじゃが,nikujaga,普通名詞,人工物-食べ物,料理・食事,juman
肉類,にくるい,nikurui,普通名詞,人工物-食べ物,料理・食事,juman
肉声,にくせい,nikusei,普通名詞,抽象物,,manual
肉親,にくしん,nikushin,普通名詞,人,家庭・暮らし,juman
肉食,にくしょく,nikushoku,サ変名詞,抽象物,料理・食事,juman
肉体,にくたい,nikutai,普通名詞,動物,,juman
二枚目,にまいめ,nimaime,普通名詞,人,,juman
煮豆,にまめ,nimame,普通名詞,人工物-食べ物,料理・食事,juman
煮物,にもの,nimono,普通名詞,人工物-食べ物,料理・食事,juman
荷物,にもつ,nimotsu,普通名詞,人工物-その他,,juman
担い手,にないて,ninaite,普通名詞,人,,juman
人間,にんげん,ningen,普通名詞,人,,juman
人参,にんじん,ninjin,普通名詞,植物;人工物-食べ物,料理・食事,juman
人情,にんじょう,ninjo,普通名詞,抽象物,,manual
忍術,にんじゅつ,ninjutsu,普通名詞,抽象物,,manual
人気者,にんきもの,ninkimono,普通名詞,人,,juman
大蒜,にんにく,ninniku,普通名詞,植物;人工物-食べ物,料理・食事,juman
二の腕,にのうで,ninode,普通名詞,動物-部位,,juman
仁王,におう,nio,普通名詞,人,文化・芸術,juman
仁王立ち,におうだち,niodachi,サ変名詞,抽象物,,juman
睨めっこ,にらめっこ,niramekko,サ変名詞,抽象物,,juman
偽物,にせもの,nisemono,普通名詞,人工物-その他,,juman
西,にし,nishi,普通名詞,場所-機能,,juman
西日,にしび,nishibi,普通名詞,抽象物,,manual
錦,にしき,nishiki,普通名詞,人工物-その他,,juman
錦絵,にしきえ,nishikie,普通名詞,抽象物,文化・芸術,juman
鰊,にしん,nishin,普通名詞,動物;人工物-食べ物,料理・食事,juman
尼僧,にそう,niso,普通名詞,人,文化・芸術,juman
日食,にっしょく,nisshoku,普通名詞,抽象物,,manual
日直,にっちょく,nitchoku,普通名詞,人;抽象物,教育・学習;ビジネス,juman
煮付け,につけ,nitsuke,普通名詞,人工物-食べ物,料理・食事,juman
日程,にってい,nittei,普通名詞,抽象物,,manual
庭,にわ,niwa,普通名詞,場所-施設,,juman
庭弄り,にわいじり,niwaijiri,普通名詞,抽象物,レクリエーション,juman
庭石,にわいし,niwaishi,普通名詞,自然物,,juman
俄か雨,にわかあめ,niwakaame,普通名詞,抽象物,,juman
庭木,にわき,niwaki,普通名詞,植物,,juman
庭先,にわさき,niwasaki,普通名詞,場所-施設部位,,juman
鶏,にわとり,niwatori,普通名詞,動物,料理・食事,juman
煮魚,にざかな,nizakana,普通名詞,人工物-食べ物,料理・食事,juman
荷造り,にづくり,nizukuri,サ変名詞,抽象物,,juman
野辺,のべ,nobe,普通名詞,場所-自然;場所-その他,,juman
延べ棒,のべぼう,nobebo,普通名詞,自然物,,juman
伸び盛り,のびざかり,nobizakari,普通名詞,時間,,juman
幟,のぼり,nobori,普通名詞,人工物-その他,,juman
上り線,のぼりせん,noborisen,普通名詞,人工物-乗り物,交通,juman
上り坂,のぼりざか,noborizaka,普通名詞,場所-その他,交通,juman
後,のち,nochi,普通名詞,時間,,juman
後々,のちのち,nochinochi,時相名詞,時間,,juman
のどぼとけ,のどぼとけ,nodobotoke,普通名詞,動物-部位,,juman
のどちんこ,のどちんこ,nodochinko,普通名詞,動物-部位,,juman
喉ごし,のどごし,nodogoshi,普通名詞,抽象物,料理・食事,juman
喉元,のどもと,nodomoto,普通名詞,動物-部位,,juman
農繁期,のうはんき,nohanki,時相名詞,時間,,juman
野原,のはら,nohara,普通名詞,場所-自然,,juman
野宿,のじゅく,nojuku,サ変名詞,抽象物,,manual
農閑期,のうかんき,nokanki,時相名詞,時間,,juman
除け者,のけもの,nokemono,普通名詞,人,,juman
軒,のき,noki,普通名詞,場所-施設部位,家庭・暮らし,juman
軒端,のきば,nokiba,普通名詞,場所-その他,家庭・暮らし,juman
軒先,のきさき,nokisaki,普通名詞,場所-その他,家庭・暮らし,juman
軒下,のきした,nokishita,普通名詞,場所-施設部位,家庭・暮らし,juman
のこぎり,のこぎり,nokogiri,普通名詞,人工物-その他,,juman
濃紺,のうこん,nokon,普通名詞,色,,juman
残り香,のこりか,nokorika,普通名詞,自然物,,juman
納骨,のうこつ,nokotsu,サ変名詞,抽象物,文化・芸術;家庭・暮らし,juman
蚤,のみ,nomi,普通名詞,動物,,juman
野道,のみち,nomichi,普通名詞,場所-その他,,juman
飲み口,のみくち,nomikuchi,普通名詞,抽象物,料理・食事,juman
飲み食い,のみくい,nomikui,サ変名詞,抽象物,料理・食事,juman
飲み水,のみみず,nomimizu,普通名詞,自然物,料理・食事,juman
飲み物,のみもの,nomimono,普通名詞,人工物-食べ物,料理・食事,juman
飲み代,のみしろ,nomishiro,普通名詞,人工物-金銭,料理・食事,juman
脳味噌,のうみそ,nomiso,普通名詞,動物-部位,,juman
飲み屋,のみや,nomiya,普通名詞,場所-施設,料理・食事,juman
野良犬,のらいぬ,norainu,普通名詞,動物,,juman
乗合船,のりあいぶね,noriaibune,普通名詞,人工物-乗り物,交通,juman
乗組員,のりくみいん,norikumiin,普通名詞,人,交通,juman
海苔巻き,のりまき,norimaki,普通名詞,人工物-食べ物,料理・食事,juman
乗り物,のりもの,norimono,普通名詞,人工物-乗り物,交通,juman
乗り降り,のりおり,noriori,サ変名詞,抽象物,交通,juman
糊代,のりしろ,norishiro,普通名詞,人工物-その他,,juman
乗り手,のりて,norite,普通名詞,人,交通,juman
糊付け,のりづけ,norizuke,サ変名詞,抽象物,,juman
のろし,のろし,noroshi,普通名詞,抽象物,,juman
能力,のうりょく,noryoku,普通名詞,抽象物,,manual
農産物,のうさんぶつ,nosanbutsu,普通名詞,植物,,juman
熨斗紙,のしがみ,noshigami,普通名詞,人工物-その他,文化・芸術,juman
伸し餅,のしもち,noshimochi,普通名詞,人工物-食べ物,料理・食事,juman
野山,のやま,noyama,普通名詞,場所-自然,,juman
納税,のうぜい,nozei,サ変名詞,抽象物,家庭・暮らし;政治,juman
野末,のずえ,nozue,普通名詞,場所-自然,,juman
縫い包み,ぬいぐるみ,nuigurumi,普通名詞,人工物-その他,家庭・暮らし,juman
縫い目,ぬいめ,nuime,普通名詞,抽象物,家庭・暮らし,juman
縫い物,ぬいもの,nuimono,普通名詞,抽象物,家庭・暮らし,juman
縫い代,ぬいしろ,nuishiro,普通名詞,人工物-衣類,家庭・暮らし,juman
糠味噌,ぬかみそ,nukamiso,普通名詞,人工物-食べ物,料理・食事,juman
抜け穴,ぬけあな,nukeana,普通名詞,人工物-その他,,juman
抜け駆け,ぬけがけ,nukegake,サ変名詞,抽象物,,juman
抜け毛,ぬけげ,nukege,普通名詞,自然物,健康・医学,juman
抜け道,ぬけみち,nukemichi,普通名詞,場所-施設;抽象物,交通,juman
沼,ぬま,numa,普通名詞,場所-自然,,juman
沼地,ぬまち,numachi,普通名詞,場所-自然,,juman
布,ぬの,nuno,普通名詞,人工物-その他,家庭・暮らし,juman
布袋,ぬのぶくろ,nunobukuro,普通名詞,人工物-その他,家庭・暮らし,juman
布地,ぬのじ,nunoji,普通名詞,人工物-その他,家庭・暮らし,juman
濡れ縁,ぬれえん,nureen,普通名詞,場所-施設部位,,juman
濡れ衣,ぬれぎぬ,nureginu,普通名詞,抽象物,,juman
塗り絵,ぬりえ,nurie,普通名詞,抽象物,レクリエーション,juman
塗り物,ぬりもの,nurimono,普通名詞,人工物-その他,文化・芸術;料理・食事,juman
微温湯,ぬるまゆ,nurumayu,普通名詞,自然物,,juman
主,ぬし,nushi,普通名詞,人,,juman
女房,にょうぼう,nyobo,普通名詞,人,家庭・暮らし,juman
女人,にょにん,nyonin,普通名詞,人,,juman
如来,にょらい,nyorai,普通名詞,人,文化・芸術,juman
入部,にゅうぶ,nyubu,サ変名詞,抽象物,教育・学習,juman
入道雲,にゅうどうぐも,nyudogumo,普通名詞,自然物,,juman
入学,にゅうがく,nyugaku,サ変名詞,抽象物,教育・学習,juman
入玉,にゅうぎょく,nyugyoku,サ変名詞,抽象物,レクリエーション;スポーツ,juman
乳牛,にゅうぎゅう,nyugyu,普通名詞,動物,,juman
乳児,にゅうじ,nyuji,普通名詞,人,健康・医学;家庭・暮らし,juman
入会,にゅうかい,nyukai,サ変名詞,抽象物,家庭・暮らし;ビジネス,juman
入国,にゅうこく,nyukoku,サ変名詞,抽象物,交通,juman
入幕,にゅうまく,nyumaku,サ変名詞,抽象物,スポーツ,juman
入門,にゅうもん,nyumon,サ変名詞,抽象物,教育・学習;文化・芸術,juman
入寮,にゅうりょう,nyuryo,サ変名詞,抽象物,教育・学習;ビジネス,juman
乳酸菌,にゅうさんきん,nyusankin,普通名詞,動物,健康・医学,juman
乳製品,にゅうせいひん,nyuseihin,普通名詞,人工物-食べ物,料理・食事,juman
入籍,にゅうせき,nyuseki,サ変名詞,抽象物,家庭・暮らし,juman
入選,にゅうせん,nyusen,サ変名詞,抽象物,文化・芸術,juman
入信,にゅうしん,nyushin,サ変名詞,抽象物,文化・芸術,juman
入賞,にゅうしょう,nyusho,サ変名詞,抽象物,文化・芸術,juman
乳幼児,にゅうようじ,nyuyoji,普通名詞,人,健康・医学;家庭・暮らし,juman
入浴,にゅうよく,nyuyoku,サ変名詞,抽象物,家庭・暮らし,juman
入山,にゅうざん,nyuzan,サ変名詞,抽象物,文化・芸術;レクリエーション,juman
大当たり,おおあたり,oatari,サ変名詞,抽象物,,juman
御祖母,おばあ,obaa,普通名詞,人,家庭・暮らし,juman
伯母ちゃん,おばちゃん,obachan,普通名詞,人,家庭・暮らし,juman
御化け,おばけ,obake,普通名詞,人,,juman
尾花,おばな,obana,普通名詞,植物,,juman
伯母さん,おばさん,obasan,普通名詞,人,家庭・暮らし,juman
おべべ,おべべ,obebe,普通名詞,人工物-衣類,家庭・暮らし,juman
大部屋,おおべや,obeya,普通名詞,場所-施設,,juman
帯,おび,obi,普通名詞,人工物-衣類,,juman
帯状,おびじょう,obijo,普通名詞,形・模様,,juman
尾鰭,おびれ,obire,普通名詞,動物-部位,,juman
覚え書き,おぼえがき,oboegaki,普通名詞,人工物-その他,,juman
朧雲,おぼろぐも,oborogumo,普通名詞,自然物,,juman
大ぶろしき,おおぶろしき,oburoshiki,普通名詞,人工物-その他,,juman
大舞台,おおぶたい,obutai,普通名詞,抽象物,文化・芸術,juman
落ち穂,おちぼ,ochibo,普通名詞,植物-部位,,juman
大内刈り,おおうちがり,ochigari,普通名詞,抽象物,スポーツ,juman
御猪口,おちょこ,ochoko,普通名詞,人工物-その他,料理・食事,juman
大太鼓,おおだいこ,odaiko,普通名詞,人工物-その他,文化・芸術,juman
お出かけ,おでかけ,odekake,サ変名詞,抽象物,,juman
おでき,おでき,odeki,普通名詞,動物-部位,健康・医学,juman
おでん,おでん,oden,普通名詞,人工物-食べ物,料理・食事,juman
大道具,おおどうぐ,odogu,普通名詞,人工物-その他,文化・芸術,juman
黄土色,おうどいろ,odoiro,普通名詞,色,,juman
戯け者,おどけもの,odokemono,普通名詞,人,,juman
大通り,おおどおり,odori,普通名詞,場所-その他,交通,juman
踊り場,おどりば,odoriba,普通名詞,場所-施設部位,,juman
踊り子,おどりこ,odoriko,普通名詞,人,文化・芸術,juman
御袋,おふくろ,ofukuro,普通名詞,人,家庭・暮らし,juman
御布施,おふせ,ofuse,普通名詞,人工物-金銭,文化・芸術,juman
おがくず,おがくず,ogakuzu,普通名詞,人工物-その他,,juman
小川,おがわ,ogawa,普通名詞,場所-自然,,juman
扇,おうぎ,ogi,普通名詞,人工物-その他,,juman
扇形,おうぎがた,ogigata,普通名詞,形・模様,,juman
黄金,おうごん,ogon,普通名詞,人工物-その他;色,,juman
大御所,おおごしょ,ogosho,普通名詞,人,,juman
大口,おおぐち,oguchi,普通名詞,形・模様,,juman
小倉,おぐら,ogura,普通名詞,人工物-食べ物,料理・食事,juman
御萩,おはぎ,ohagi,普通名詞,人工物-食べ物,料理・食事,juman
おはじき,おはじき,ohajiki,普通名詞,人工物-その他,レクリエーション,juman
大橋,おおはし,ohashi,普通名詞,場所-施設,交通,juman
御囃子,おはやし,ohayashi,普通名詞,抽象物,文化・芸術,juman
御姫様,おひめさま,ohimesama,普通名詞,人,,juman
大広間,おおひろま,ohiroma,普通名詞,場所-施設,,juman
おひたし,おひたし,ohitashi,普通名詞,人工物-食べ物,料理・食事,juman
御膝元,おひざもと,ohizamoto,普通名詞,場所-その他,,juman
おいちゃん,おいちゃん,oichan,普通名詞,人,家庭・暮らし,juman
大一番,おおいちばん,oichiban,普通名詞,抽象物,スポーツ,juman
御家芸,おいえげい,oiegei,普通名詞,抽象物,文化・芸術,juman
追い肥,おいごえ,oigoe,普通名詞,人工物-その他,,juman
追い風,おいかぜ,oikaze,普通名詞,抽象物,,juman
花魁,おいらん,oiran,普通名詞,人,,juman
生い立ち,おいたち,oitachi,普通名詞,抽象物,,juman
伯父ちゃん,おじちゃん,ojichan,普通名詞,人,家庭・暮らし,juman
伯父さん,おじさん,ojisan,普通名詞,人,家庭・暮らし,juman
おじや,おじや,ojiya,普通名詞,人工物-食べ物,料理・食事,juman
大所帯,おおじょたい,ojotai,普通名詞,抽象物,家庭・暮らし,juman
丘,おか,oka,普通名詞,場所-自然,,juman
横隔膜,おうかくまく,okakumaku,普通名詞,動物-部位,健康・医学,juman
狼,おおかみ,okami,普通名詞,動物,,juman
御河童,おかっぱ,okappa,普通名詞,形・模様,,juman
岡っ引き,おかっぴき,okappiki,普通名詞,人,,juman
おから,おから,okara,普通名詞,人工物-食べ物,料理・食事,juman
御代わり,おかわり,okawari,サ変名詞,抽象物,料理・食事,juman
おかず,おかず,okazu,普通名詞,人工物-食べ物,料理・食事,juman
沖,おき,oki,普通名詞,場所-自然,,juman
沖合,おきあい,okiai,普通名詞,場所-その他,,juman
置き土産,おきみやげ,okimiyage,普通名詞,人工物-その他,,juman
置物,おきもの,okimono,普通名詞,人工物-その他,,juman
翁,おきな,okina,普通名詞,人,,juman
掟,おきて,okite,普通名詞,抽象物,,manual
置き手紙,おきてがみ,okitegami,サ変名詞,人工物-その他,家庭・暮らし,juman
御腰,おこし,okoshi,普通名詞,人工物-衣類,家庭・暮らし,juman
おこわ,おこわ,okowa,普通名詞,人工物-食べ物,料理・食事,juman
奥,おく,oku,普通名詞,場所-機能,,juman
奥歯,おくば,okuba,普通名詞,動物-部位,,juman
屋外,おくがい,okugai,普通名詞,場所-その他,,juman
御国,おくに,okuni,普通名詞,場所-その他,,juman
送り火,おくりび,okuribi,普通名詞,自然物,文化・芸術;家庭・暮らし,juman
贈り物,おくりもの,okurimono,普通名詞,人工物-その他,家庭・暮らし,juman
送り迎え,おくりむかえ,okurimukae,サ変名詞,抽象物,家庭・暮らし,juman
奥様,おくさま,okusama,普通名詞,人,家庭・暮らし,juman
奥さん,おくさん,okusan,普通名詞,人,家庭・暮らし,juman
奥底,おくそこ,okusoko,普通名詞,場所-その他,,juman
御悔やみ,おくやみ,okuyami,普通名詞,抽象物,家庭・暮らし,juman
奥行き,おくゆき,okuyuki,普通名詞,抽象物,,juman
奥付け,おくづけ,okuzuke,普通名詞,場所-その他;抽象物,文化・芸術,juman
御前,おまえ,omae,普通名詞,人,,juman
御参り,おまいり,omairi,サ変名詞,抽象物,文化・芸術;家庭・暮らし,juman
おまじない,おまじない,omajinai,普通名詞,抽象物,文化・芸術;家庭・暮らし,juman
御守り,おまもり,omamori,普通名詞,人工物-その他,文化・芸術,juman
御祭り,おまつり,omatsuri,サ変名詞,抽象物,文化・芸術;レクリエーション,juman
おめでた,おめでた,omedeta,普通名詞,抽象物,家庭・暮らし,juman
おめかし,おめかし,omekashi,サ変名詞,抽象物,家庭・暮らし,juman
凹面鏡,おうめんきょう,omenkyo,普通名詞,人工物-その他,,juman
御召し物,おめしもの,omeshimono,普通名詞,人工物-衣類,家庭・暮らし,juman
御神酒,おみき,omiki,普通名詞,人工物-食べ物,文化・芸術,juman
御輿,おみこし,omikoshi,普通名詞,人工物-乗り物,文化・芸術,juman
御御籤,おみくじ,omikuji,普通名詞,人工物-その他,文化・芸術,juman
女郎花,おみなえし,ominaeshi,普通名詞,植物,,juman
大晦日,おおみそか,omisoka,時相名詞,時間,家庭・暮らし,juman
大水,おおみず,omizu,普通名詞,抽象物,,manual
おもちゃ,おもちゃ,omocha,普通名詞,人工物-その他,レクリエーション;家庭・暮らし,juman
思い違い,おもいちがい,omoichigai,サ変名詞,抽象物,,juman
思い出,おもいで,omoide,普通名詞,抽象物,,juman
思い入れ,おもいいれ,omoiire,サ変名詞,抽象物,,juman
面影,おもかげ,omokage,普通名詞,抽象物,,manual
面舵,おもかじ,omokaji,普通名詞,抽象物,交通,juman
趣,おもむき,omomuki,普通名詞,抽象物,,juman
重荷,おもに,omoni,普通名詞,人工物-その他,,juman
表,おもて,omote,普通名詞,場所-機能,,juman
表通り,おもてどおり,omotedori,普通名詞,場所-その他,,juman
表門,おもてもん,omotemon,普通名詞,場所-施設,,juman
表向き,おもてむき,omotemuki,普通名詞,場所-機能,,juman
母屋,おもや,omoya,普通名詞,場所-施設,家庭・暮らし,juman
大麦,おおむぎ,omugi,普通名詞,植物,料理・食事,juman
大昔,おおむかし,omukashi,時相名詞,時間,,juman
大向こう,おおむこう,omuko,普通名詞,人;場所-施設部位,,juman
大棟,おおむね,omune,普通名詞,人工物-その他,,juman
大紫,おおむらさき,omurasaki,普通名詞,動物,,juman
おむすび,おむすび,omusubi,普通名詞,人工物-食べ物,料理・食事,juman
おむつ,おむつ,omutsu,普通名詞,人工物-衣類,家庭・暮らし,juman
尾長鳥,おながどり,onagadori,普通名詞,動物,,juman
同い年,おないどし,onaidoshi,普通名詞,抽象物,,juman
お腹,おなか,onaka,普通名詞,動物-部位,,juman
音引き,おんびき,onbiki,サ変名詞,抽象物,教育・学習,juman
おんぶ,おんぶ,onbu,サ変名詞,抽象物,家庭・暮らし,juman
音読,おんどく,ondoku,サ変名詞,抽象物,教育・学習,juman
雄鶏,おんどり,ondori,普通名詞,動物,,juman
おねしょ,おねしょ,onesho,普通名詞,抽象物,家庭・暮らし,juman
恩返し,おんがえし,ongaeshi,サ変名詞,抽象物,,juman
音楽,おんがく,ongaku,普通名詞,抽象物,文化・芸術,juman
鬼,おに,oni,普通名詞,人,文化・芸術,juman
鬼瓦,おにがわら,onigawara,普通名詞,人工物-その他,,juman
御握り,おにぎり,onigiri,普通名詞,人工物-食べ物,料理・食事,juman
鬼ごっこ,おにごっこ,onigokko,普通名詞,抽象物,レクリエーション,juman
おにひとで,おにひとで,onihitode,普通名詞,動物,,juman
おにやんま,おにやんま,oniyanma,普通名詞,動物,,juman
恩人,おんじん,onjin,普通名詞,人,,juman
温情,おんじょう,onjo,普通名詞,抽象物,,manual
恩恵,おんけい,onkei,普通名詞,抽象物,,manual
音響,おんきょう,onkyo,普通名詞,抽象物,,manual
隠密,おんみつ,onmitsu,普通名詞,抽象物,,manual
女,おんな,onna,普通名詞,人,,juman
女手,おんなで,onnade,普通名詞,人,,juman
女の子,おんなのこ,onnanoko,普通名詞,人,家庭・暮らし,juman
女湯,おんなゆ,onnayu,普通名詞,場所-施設,家庭・暮らし,juman
女盛り,おんなざかり,onnazakari,普通名詞,人;時間,,juman
己,おのれ,onore,普通名詞,人,,juman
温泉,おんせん,onsen,普通名詞,場所-自然,レクリエーション,juman
温室,おんしつ,onshitsu,普通名詞,場所-施設,,juman
温水,おんすい,onsui,普通名詞,自然物,,juman
温帯,おんたい,ontai,普通名詞,場所-その他,,juman
音読み,おんよみ,onyomi,サ変名詞,抽象物,教育・学習,juman
尾っぽ,おっぽ,oppo,普通名詞,動物-部位,,juman
俺,おれ,ore,普通名詞,人,,juman
おれたち,おれたち,oretachi,普通名詞,人,,juman
折り紙,おりがみ,origami,普通名詞,人工物-その他,レクリエーション,juman
織り姫,おりひめ,orihime,普通名詞,人,,juman
折り目,おりめ,orime,普通名詞,場所-その他,,juman
織物,おりもの,orimono,普通名詞,人工物-その他,家庭・暮らし,juman
折り詰め,おりづめ,orizume,普通名詞,人工物-その他,料理・食事,juman
折り鶴,おりづる,orizuru,普通名詞,人工物-その他,レクリエーション,juman
御下がり,おさがり,osagari,普通名詞,人工物-その他,家庭・暮らし,juman
大匙,おおさじ,osaji,普通名詞,人工物-その他,料理・食事,juman
王様,おうさま,osama,普通名詞,人,,juman
幼子,おさなご,osanago,普通名詞,人,家庭・暮らし,juman
大騒ぎ,おおさわぎ,osawagi,サ変名詞,抽象物,,juman
御節,おせち,osechi,普通名詞,人工物-食べ物,料理・食事,juman
応接間,おうせつま,osetsuma,普通名詞,場所-施設,家庭・暮らし,juman
おしゃべり,おしゃべり,oshaberi,サ変名詞,抽象物,,juman
おしゃれ,おしゃれ,oshare,サ変名詞,抽象物,家庭・暮らし,juman
押し葉,おしば,oshiba,普通名詞,人工物-その他,レクリエーション,juman
押し花,おしばな,oshibana,普通名詞,人工物-その他,レクリエーション,juman
御七夜,おしちや,oshichiya,普通名詞,時間,家庭・暮らし,juman
鴛鴦,おしどり,oshidori,普通名詞,動物,,juman
教え子,おしえご,oshiego,普通名詞,人,教育・学習,juman
押し入れ,おしいれ,oshiire,普通名詞,場所-施設部位,家庭・暮らし,juman
押し問答,おしもんどう,oshimondo,サ変名詞,抽象物,,juman
大潮,おおしお,oshio,普通名詞,抽象物,,manual
押し売り,おしうり,oshiuri,サ変名詞,抽象物,家庭・暮らし,juman
王将,おうしょう,osho,普通名詞,人工物-その他,レクリエーション;スポーツ,juman
遅く,おそく,osoku,普通名詞,時間,,juman
御供え,おそなえ,osonae,普通名詞,人工物-その他,文化・芸術,juman
遅咲き,おそざき,osozaki,サ変名詞,抽象物,,juman
雄,おす,osu,普通名詞,抽象物,,juman
汚水,おすい,osui,普通名詞,人工物-その他,家庭・暮らし,juman
御裾分け,おすそわけ,osusowake,サ変名詞,抽象物,家庭・暮らし,juman
おたふく,おたふく,otafuku,普通名詞,人,健康・医学,juman
御手玉,おてだま,otedama,普通名詞,人工物-その他,レクリエーション,juman
御点前,おてまえ,otemae,普通名詞,抽象物,文化・芸術,juman
音,おと,oto,普通名詞,抽象物,,juman
御伽,おとぎ,otogi,普通名詞,抽象物,文化・芸術,juman
男,おとこ,otoko,普通名詞,人,,juman
男手,おとこで,otokode,普通名詞,人,,juman
男君,おとこぎみ,otokogimi,普通名詞,人,,juman
男の子,おとこのこ,otokonoko,普通名詞,人,家庭・暮らし,juman
男湯,おとこゆ,otokoyu,普通名詞,場所-施設,家庭・暮らし,juman
乙女,おとめ,otome,普通名詞,人,,juman
大人,おとな,otona,普通名詞,人,,juman
落とし穴,おとしあな,otoshiana,普通名詞,人工物-その他,,juman
御年玉,おとしだま,otoshidama,普通名詞,人工物-金銭,家庭・暮らし,juman
落とし物,おとしもの,otoshimono,普通名詞,人工物-その他,家庭・暮らし,juman
弟,おとうと,ototo,普通名詞,人,家庭・暮らし,juman
おととい,おととい,ototoi,時相名詞,時間,,juman
おととし,おととし,ototoshi,時相名詞,時間,,juman
凹凸,おうとつ,ototsu,普通名詞,形・模様,,juman
御釣り,おつり,otsuri,普通名詞,人工物-金銭,家庭・暮らし,juman
夫,おっと,otto,普通名詞,人,家庭・暮らし,juman
おっとせい,おっとせい,ottosei,普通名詞,動物,,juman
押っ付け,おっつけ,ottsuke,普通名詞,抽象物,スポーツ,juman
大笑い,おおわらい,owarai,サ変名詞,抽象物,,juman
大技,おおわざ,owaza,普通名詞,抽象物,スポーツ,juman
親,おや,oya,普通名詞,人,家庭・暮らし,juman
親分,おやぶん,oyabun,普通名詞,人,,juman
親心,おやごころ,oyagokoro,普通名詞,抽象物,家庭・暮らし,juman
親方,おやかた,oyakata,普通名詞,人,,juman
親子,おやこ,oyako,普通名詞,組織・団体,家庭・暮らし,juman
親元,おやもと,oyamoto,普通名詞,場所-その他,家庭・暮らし,juman
親潮,おやしお,oyashio,普通名詞,抽象物,,manual
親知らず,おやしらず,oyashirazu,普通名詞,動物-部位,健康・医学,juman
おやつ,おやつ,oyatsu,普通名詞,人工物-食べ物,料理・食事,juman
親指,おやゆび,oyayubi,普通名詞,動物-部位,,juman
親譲り,おやゆずり,oyayuzuri,普通名詞,抽象物,,juman
大喜び,おおよろこび,oyorokobi,サ変名詞,抽象物,,juman
大勢,おおぜい,ozei,普通名詞,人,,juman
大空,おおぞら,ozora,普通名詞,抽象物,,manual
大相撲,おおずもう,ozumo,普通名詞,抽象物,スポーツ,juman
ぺんぺん草,ぺんぺんぐさ,penpengusa,普通名詞,植物,,juman
螺鈿,らでん,raden,普通名詞,人工物-その他;抽象物,文化・芸術,juman
来月,らいげつ,raigetsu,時相名詞,時間,,juman
雷魚,らいぎょ,raigyo,普通名詞,動物,料理・食事,juman
来客,らいきゃく,raikyaku,普通名詞,人,,juman
雷鳴,らいめい,raimei,普通名詞,抽象物,,manual
来年,らいねん,rainen,時相名詞,時間,,juman
来世,らいせ,raise,普通名詞,時間,,juman
来信,らいしん,raishin,普通名詞,人工物-その他,,juman
来春,らいしゅん,raishun,時相名詞,時間,,juman
雷雨,らいう,raiu,普通名詞,抽象物,,manual
雷雲,らいうん,raiun,普通名詞,自然物,,juman
羅漢,らかん,rakan,普通名詞,人,文化・芸術,juman
落下,らっか,rakka,サ変名詞,抽象物,,manual
落下傘,らっかさん,rakkasan,普通名詞,人工物-その他,,juman
落花生,らっかせい,rakkasei,普通名詞,植物;人工物-食べ物,料理・食事,juman
らっきょう,らっきょう,rakkyo,普通名詞,植物;人工物-食べ物,料理・食事,juman
駱駝,らくだ,rakuda,普通名詞,動物,,juman
落第,らくだい,rakudai,サ変名詞,抽象物,教育・学習,juman
落書き,らくがき,rakugaki,サ変名詞,抽象物,家庭・暮らし,juman
落日,らくじつ,rakujitsu,普通名詞,自然物,,juman
落雷,らくらい,rakurai,サ変名詞,抽象物,,manual
落石,らくせき,rakuseki,サ変名詞,抽象物,,manual
落選,らくせん,rakusen,サ変名詞,抽象物,文化・芸術;政治,juman
楽勝,らくしょう,rakusho,サ変名詞,抽象物,,manual
落胆,らくたん,rakutan,サ変名詞,抽象物,,manual
楽焼き,らくやき,rakuyaki,普通名詞,人工物-その他,文化・芸術,juman
蘭,らん,ran,普通名詞,植物,,juman
乱舞,らんぶ,ranbu,サ変名詞,抽象物,,manual
乱打,らんだ,randa,サ変名詞,抽象物,スポーツ,juman
卵胞,らんほう,ranho,普通名詞,動物-部位,健康・医学,juman
卵殻,らんかく,rankaku,普通名詞,自然物,,juman
卵黄,らんおう,rano,普通名詞,人工物-食べ物,料理・食事,juman
卵白,らんぱく,ranpaku,普通名詞,人工物-食べ物,料理・食事,juman
卵子,らんし,ranshi,普通名詞,動物-部位,健康・医学,juman
乱層雲,らんそううん,ranson,普通名詞,自然物,,juman
老酒,らおちゅー,raochu,普通名詞,人工物-食べ物,料理・食事,juman
らっぱ飲み,らっぱのみ,rappanomi,サ変名詞,抽象物,料理・食事,juman
羅針盤,らしんばん,rashinban,普通名詞,人工物-その他,交通,juman
霊長類,れいちょうるい,reichorui,普通名詞,動物,,juman
令夫人,れいふじん,reifujin,普通名詞,人,家庭・暮らし,juman
礼服,れいふく,reifuku,普通名詞,人工物-衣類,文化・芸術,juman
令嬢,れいじょう,reijo,普通名詞,人,家庭・暮らし,juman
霊感,れいかん,reikan,普通名詞,抽象物,文化・芸術,juman
冷気,れいき,reiki,普通名詞,自然物,,juman
冷却,れいきゃく,reikyaku,サ変名詞,抽象物,,manual
例祭,れいさい,reisai,普通名詞,抽象物,文化・芸術,juman
令息,れいそく,reisoku,普通名詞,人,家庭・暮らし,juman
歴訪,れきほう,rekiho,サ変名詞,抽象物,交通;政治,juman
歴史,れきし,rekishi,普通名詞,抽象物,,manual
恋愛,れんあい,renai,サ変名詞,抽象物,家庭・暮らし,juman
蓮華,れんげ,renge,普通名詞,植物,料理・食事,juman
連日,れんじつ,renjitsu,時相名詞,時間,,juman
蓮根,れんこん,renkon,普通名詞,植物-部位;人工物-食べ物,料理・食事,juman
練乳,れんにゅう,rennyu,普通名詞,人工物-食べ物,料理・食事,juman
連峰,れんぽう,renpo,普通名詞,場所-自然,,juman
連絡,れんらく,renraku,サ変名詞,抽象物,,manual
連作,れんさく,rensaku,サ変名詞,抽象物,文化・芸術,juman
練習,れんしゅう,renshu,サ変名詞,抽象物,,manual
連山,れんざん,renzan,普通名詞,場所-自然,,juman
連続,れんぞく,renzoku,サ変名詞,抽象物,,manual
列車,れっしゃ,ressha,普通名詞,人工物-乗り物,交通,juman
列島,れっとう,retto,普通名詞,場所-自然,,juman
離縁,りえん,rien,サ変名詞,抽象物,家庭・暮らし,juman
理学,りがく,rigaku,普通名詞,抽象物,教育・学習;科学・技術,juman
理髪,りはつ,rihatsu,サ変名詞,抽象物,家庭・暮らし,juman
理化学,りかがく,rikagaku,普通名詞,抽象物,教育・学習;科学・技術,juman
理解,りかい,rikai,サ変名詞,抽象物,,manual
力泳,りきえい,rikiei,サ変名詞,抽象物,スポーツ,juman
力学,りきがく,rikigaku,普通名詞,抽象物,教育・学習;科学・技術,juman
力士,りきし,rikishi,普通名詞,人,スポーツ,juman
力走,りきそう,rikiso,サ変名詞,抽象物,スポーツ,juman
陸,りく,riku,普通名詞,場所-自然,,juman
陸地,りくち,rikuchi,普通名詞,場所-自然,,juman
陸運,りくうん,rikun,普通名詞,抽象物,交通,juman
陸稲,りくとう,rikuto,普通名詞,植物,,juman
理屈,りくつ,rikutsu,普通名詞,抽象物,,manual
裏面,りめん,rimen,普通名詞,場所-その他,,juman
輪読,りんどく,rindoku,サ変名詞,抽象物,教育・学習,juman
林檎,りんご,ringo,普通名詞,植物;人工物-食べ物,料理・食事,juman
離任,りにん,rinin,サ変名詞,抽象物,教育・学習;ビジネス,juman
輪軸,りんじく,rinjiku,普通名詞,人工物-その他,,juman
臨終,りんじゅう,rinju,普通名詞,時間,健康・医学;家庭・暮らし,juman
臨海,りんかい,rinkai,普通名詞,場所-自然,,juman
輪郭,りんかく,rinkaku,普通名詞,形・模様,,juman
輪廻,りんね,rinne,サ変名詞,抽象物,文化・芸術,juman
隣席,りんせき,rinseki,普通名詞,場所-その他,,juman
隣接,りんせつ,rinsetsu,サ変名詞,場所-機能,,juman
隣室,りんしつ,rinshitsu,普通名詞,場所-施設,,juman
林野,りんや,rinya,普通名詞,場所-自然,,juman
立方体,りっぽうたい,rippotai,普通名詞,形・模様,,juman
履歴,りれき,rireki,普通名詞,抽象物,家庭・暮らし;ビジネス,juman
離陸,りりく,ririku,サ変名詞,抽象物,交通,juman
理性,りせい,risei,普通名詞,抽象物,,manual
理想郷,りそうきょう,risokyo,普通名詞,場所-その他,,juman
立食,りっしょく,risshoku,サ変名詞,抽象物,料理・食事,juman
立秋,りっしゅう,risshu,時相名詞,時間,,juman
立春,りっしゅん,risshun,時相名詞,時間,,juman
りす,りす,risu,普通名詞,動物,,juman
立像,りつぞう,ritsuzo,普通名詞,抽象物;形・模様,文化・芸術,juman
立体,りったい,rittai,普通名詞,形・模様,,juman
利用,りよう,riyo,サ変名詞,抽象物,,manual
驢馬,ろば,roba,普通名詞,動物,,juman
朗読,ろうどく,rodoku,サ変名詞,抽象物,文化・芸術,juman
老後,ろうご,rogo,普通名詞,時間,,juman
路肩,ろかた,rokata,普通名詞,場所-その他,交通,juman
肋骨,ろっこつ,rokkotsu,普通名詞,動物-部位,,juman
肋木,ろくぼく,rokuboku,普通名詞,人工物-その他,,juman
肋膜,ろくまく,rokumaku,普通名詞,動物-部位,健康・医学,juman
緑青,ろくしょう,rokusho,普通名詞,自然物,,juman
浪曲,ろうきょく,rokyoku,普通名詞,抽象物,文化・芸術,juman
楼門,ろうもん,romon,普通名詞,場所-施設,,juman
論壇,ろんだん,rondan,普通名詞,場所-その他,,juman
論述,ろんじゅつ,ronjutsu,サ変名詞,抽象物,教育・学習;科学・技術,juman
論客,ろんきゃく,ronkyaku,普通名詞,人,,juman
論理,ろんり,ronri,普通名詞,抽象物,,manual
論者,ろんしゃ,ronsha,普通名詞,人,,juman
論争,ろんそう,ronso,サ変名詞,抽象物,,manual
老若,ろうにゃく,ronyaku,普通名詞,人,,juman
路側帯,ろそくたい,rosokutai,普通名詞,場所-その他,交通,juman
老大家,ろうたいか,rotaika,普通名詞,人,,juman
塁壁,るいへき,ruiheki,普通名詞,場所-施設部位,,juman
類人猿,るいじんえん,ruijinen,普通名詞,動物,,juman
塁審,るいしん,ruishin,普通名詞,人,スポーツ,juman
琉璃鳥,るりちょう,ruricho,普通名詞,動物,,juman
留守番,るすばん,rusuban,サ変名詞,人;抽象物,家庭・暮らし,juman
留守居,るすい,rusui,サ変名詞,人;抽象物,家庭・暮らし,juman
略画,りゃくが,ryakuga,普通名詞,人工物-その他;抽象物,文化・芸術,juman
両足,りょうあし,ryoashi,普通名詞,動物-部位,,juman
領分,りょうぶん,ryobun,普通名詞,場所-その他,,juman
両腕,りょううで,ryode,普通名詞,動物-部位,,juman
両岸,りょうがん,ryogan,普通名詞,場所-自然,,juman
両側,りょうがわ,ryogawa,普通名詞,場所-機能,,juman
良品,りょうひん,ryohin,普通名詞,人工物-その他,,juman
両膝,りょうひざ,ryohiza,普通名詞,動物-部位,,juman
両方,りょうほう,ryoho,普通名詞,抽象物,,manual
両日,りょうじつ,ryojitsu,時相名詞,時間,,juman
旅客機,りょかっき,ryokakki,普通名詞,人工物-乗り物,交通,juman
旅客,りょかく,ryokaku,普通名詞,人,レクリエーション;交通,juman
猟犬,りょうけん,ryoken,普通名詞,動物,,juman
緑茶,りょくちゃ,ryokucha,普通名詞,人工物-食べ物,料理・食事,juman
緑地,りょくち,ryokuchi,普通名詞,場所-その他,,juman
緑陰,りょくいん,ryokuin,普通名詞,場所-自然,,juman
料理,りょうり,ryori,サ変名詞,人工物-食べ物;抽象物,料理・食事,juman
両立,りょうりつ,ryoritsu,サ変名詞,抽象物,,manual
良妻,りょうさい,ryosai,普通名詞,人,家庭・暮らし,juman
両生類,りょうせいるい,ryoseirui,普通名詞,動物,,juman
両親,りょうしん,ryoshin,普通名詞,人,家庭・暮らし,juman
良書,りょうしょ,ryosho,普通名詞,人工物-その他;抽象物,文化・芸術,juman
糧食,りょうしょく,ryoshoku,普通名詞,人工物-食べ物,料理・食事,juman
料亭,りょうてい,ryotei,普通名詞,場所-施設,料理・食事,juman
両脇,りょうわき,ryowaki,普通名詞,動物-部位;場所-機能,,juman
良薬,りょうやく,ryoyaku,普通名詞,人工物-その他,健康・医学,juman
両翼,りょうよく,ryoyoku,普通名詞,動物-部位,,juman
両雄,りょうゆう,ryoyu,普通名詞,人,,juman
梁山泊,りょうざんぱく,ryozanpaku,普通名詞,場所-その他,,juman
竜,りゅう,ryu,普通名詞,動物,,manual
流木,りゅうぼく,ryuboku,普通名詞,植物,,juman
留鳥,りゅうちょう,ryucho,普通名詞,動物,,juman
留学,りゅうがく,ryugaku,サ変名詞,抽象物,教育・学習,juman
流氷,りゅうひょう,ryuhyo,普通名詞,自然物,,juman
流域,りゅういき,ryuiki,普通名詞,場所-その他,,juman
留年,りゅうねん,ryunen,サ変名詞,抽象物,教育・学習,juman
竜王,りゅうおう,ryuo,普通名詞,人,文化・芸術;レクリエーション;スポーツ,juman
流線型,りゅうせんけい,ryusenkei,普通名詞,形・模様,,juman
粒子,りゅうし,ryushi,普通名詞,自然物,,juman
流体,りゅうたい,ryutai,普通名詞,自然物,,juman
鯖,さば,saba,普通名詞,動物;人工物-食べ物,料理・食事,juman
砂漠,さばく,sabaku,普通名詞,場所-自然,,juman
錆,さび,sabi,普通名詞,自然物,,juman
左岸,さがん,sagan,普通名詞,場所-自然,,juman
鷺,さぎ,sagi,普通名詞,動物,,juman
作業,さぎょう,sagyo,サ変名詞,抽象物,,manual
犀,さい,sai,普通名詞,動物,,juman
栽培,さいばい,saibai,サ変名詞,抽象物,,manual
菜箸,さいばし,saibashi,普通名詞,人工物-その他,料理・食事,juman
細胞,さいぼう,saibo,普通名詞,動物-部位;植物-部位,健康・医学,juman
祭壇,さいだん,saidan,普通名詞,人工物-その他,文化・芸術,juman
際限,さいげん,saigen,普通名詞,場所-その他,,juman
歳月,さいげつ,saigetsu,普通名詞,時間,,juman
砕氷船,さいひょうせん,saihyosen,普通名詞,人工物-乗り物,交通,juman
歳時,さいじ,saiji,普通名詞,時間,,juman
祭日,さいじつ,saijitsu,普通名詞,時間,文化・芸術,juman
細菌,さいきん,saikin,普通名詞,動物,健康・医学,juman
最高峰,さいこうほう,saikoho,普通名詞,場所-自然,,juman
さいころ,さいころ,saikoro,普通名詞,人工物-その他,レクリエーション,juman
歳末,さいまつ,saimatsu,普通名詞,時間,,juman
祭礼,さいれい,sairei,普通名詞,抽象物,文化・芸術,juman
再録,さいろく,sairoku,サ変名詞,抽象物,文化・芸術;メディア,juman
菜食,さいしょく,saishoku,サ変名詞,抽象物,料理・食事,juman
桟敷,さじき,sajiki,普通名詞,場所-その他,文化・芸術;スポーツ,juman
坂,さか,saka,普通名詞,場所-その他,,juman
逆上がり,さかあがり,sakaagari,普通名詞,抽象物,スポーツ,juman
逆立ち,さかだち,sakadachi,サ変名詞,抽象物,,juman
酒樽,さかだる,sakadaru,普通名詞,人工物-その他,料理・食事,juman
酒蔵,さかぐら,sakagura,普通名詞,場所-施設,,juman
境,さかい,sakai,普通名詞,場所-機能,,juman
境目,さかいめ,sakaime,普通名詞,場所-機能,,juman
榊,さかき,sakaki,普通名詞,植物,文化・芸術,juman
坂道,さかみち,sakamichi,普通名詞,場所-その他,,juman
酒盛り,さかもり,sakamori,サ変名詞,抽象物,料理・食事,juman
魚,さかな,sakana,普通名詞,動物,料理・食事,juman
盛り場,さかりば,sakariba,普通名詞,場所-その他,,juman
逆手,さかて,sakate,普通名詞,抽象物,,manual
杯,さかずき,sakazuki,普通名詞,人工物-その他,料理・食事,juman
酒,さけ,sake,普通名詞,人工物-食べ物,料理・食事,juman
叫び声,さけびごえ,sakebigoe,普通名詞,抽象物,,juman
裂け目,さけめ,sakeme,普通名詞,抽象物,,juman
酒飲み,さけのみ,sakenomi,普通名詞,人,料理・食事,juman
酒酔い,さけよい,sakeyoi,普通名詞,抽象物,料理・食事,juman
先,さき,saki,普通名詞,場所-機能;時間,,juman
先払い,さきばらい,sakibarai,サ変名詞,抽象物,家庭・暮らし;ビジネス,juman
先取り,さきどり,sakidori,サ変名詞,抽象物,,juman
先頃,さきごろ,sakigoro,時相名詞,時間,,juman
先程,さきほど,sakihodo,時相名詞,時間,,juman
先回り,さきまわり,sakimawari,サ変名詞,抽象物,,juman
防人,さきもり,sakimori,普通名詞,人,,juman
さきおととい,さきおととい,sakiototoi,時相名詞,時間,,juman
先々,さきざき,sakizaki,時相名詞,時間,,juman
錯覚,さっかく,sakkaku,サ変名詞,抽象物,,manual
作曲,さっきょく,sakkyoku,サ変名詞,抽象物,文化・芸術,juman
鎖骨,さこつ,sakotsu,普通名詞,動物-部位,,juman
昨晩,さくばん,sakuban,時相名詞,時間,,juman
作文,さくぶん,sakubun,サ変名詞,抽象物,教育・学習,juman
削岩機,さくがんき,sakuganki,普通名詞,人工物-その他,,juman
作品,さくひん,sakuhin,普通名詞,抽象物,文化・芸術,juman
索引,さくいん,sakuin,普通名詞,抽象物,文化・芸術,juman
昨日,さくじつ,sakujitsu,時相名詞,時間,,juman
作物,さくもつ,sakumotsu,普通名詞,植物,,juman
昨年,さくねん,sakunen,時相名詞,時間,,juman
桜,さくら,sakura,普通名詞,植物,,juman
桜ん坊,さくらんぼ,sakuranbo,普通名詞,植物-部位;人工物-食べ物,料理・食事,juman
桜草,さくらそう,sakuraso,普通名詞,植物,,juman
作成,さくせい,sakusei,サ変名詞,抽象物,,manual
作戦,さくせん,sakusen,普通名詞,抽象物,,manual
作者,さくしゃ,sakusha,普通名詞,人,文化・芸術,juman
作詞,さくし,sakushi,サ変名詞,抽象物,文化・芸術,juman
昨秋,さくしゅう,sakushu,時相名詞,時間,,juman
昨春,さくしゅん,sakushun,時相名詞,時間,,juman
砂丘,さきゅう,sakyu,普通名詞,場所-自然,,juman
様,さま,sama,普通名詞,抽象物,,juman
様変わり,さまがわり,samagawari,サ変名詞,抽象物,,juman
鮫,さめ,same,普通名詞,動物,,juman
五月雨,さみだれ,samidare,普通名詞,抽象物,,manual
侍,さむらい,samurai,普通名詞,人,,juman
寒空,さむぞら,samuzora,普通名詞,抽象物,,manual
蛹,さなぎ,sanagi,普通名詞,動物,,juman
桟橋,さんばし,sanbashi,普通名詞,場所-施設,,juman
散文,さんぶん,sanbun,普通名詞,抽象物,文化・芸術,juman
産物,さんぶつ,sanbutsu,普通名詞,人工物-その他,,juman
山頂,さんちょう,sancho,普通名詞,場所-自然,,juman
産直,さんちょく,sanchoku,普通名詞,抽象物,料理・食事,juman
三段跳び,さんだんとび,sandantobi,普通名詞,抽象物,スポーツ,juman
山岳,さんがく,sangaku,普通名詞,場所-自然,,juman
三箇日,さんがにち,sanganichi,普通名詞,時間,,juman
珊瑚,さんご,sango,普通名詞,動物,,juman
珊瑚礁,さんごしょう,sangosho,普通名詞,場所-自然,,juman
産院,さんいん,sanin,普通名詞,場所-施設,健康・医学,juman
山河,さんか,sanka,普通名詞,場所-自然,,juman
山間,さんかん,sankan,普通名詞,場所-自然,,juman
山系,さんけい,sankei,普通名詞,場所-自然,,juman
三脚,さんきゃく,sankyaku,普通名詞,人工物-その他,文化・芸術;メディア,juman
三枚目,さんまいめ,sanmaime,普通名詞,人,,juman
酸味,さんみ,sanmi,普通名詞,抽象物,料理・食事,juman
山脈,さんみゃく,sanmyaku,普通名詞,場所-自然,,juman
散髪,さんぱつ,sanpatsu,サ変名詞,抽象物,家庭・暮らし,juman
山腹,さんぷく,sanpuku,普通名詞,場所-自然,,juman
山林,さんりん,sanrin,普通名詞,場所-自然,,juman
三輪車,さんりんしゃ,sanrinsha,普通名詞,人工物-乗り物,家庭・暮らし,juman
山麓,さんろく,sanroku,普通名詞,場所-自然,,juman
山菜,さんさい,sansai,普通名詞,植物;人工物-食べ物,料理・食事,juman
散策,さんさく,sansaku,サ変名詞,抽象物,レクリエーション,juman
三振,さんしん,sanshin,サ変名詞,抽象物,スポーツ,juman
三葉虫,さんようちゅう,sanyochu,普通名詞,動物,,juman
三遊間,さんゆうかん,sanyukan,普通名詞,場所-その他,スポーツ,juman
山賊,さんぞく,sanzoku,普通名詞,人,,juman
竿秤,さおばかり,saobakari,普通名詞,人工物-その他,,juman
早乙女,さおとめ,saotome,普通名詞,人,,juman
皿,さら,sara,普通名詞,人工物-その他,料理・食事,juman
皿洗い,さらあらい,saraarai,普通名詞,抽象物,料理・食事,juman
更地,さらち,sarachi,普通名詞,場所-その他,,juman
再来月,さらいげつ,saraigetsu,時相名詞,時間,,juman
再来年,さらいねん,sarainen,時相名詞,時間,,juman
再来週,さらいしゅう,saraishu,時相名詞,時間,,juman
更紗,さらさ,sarasa,普通名詞,人工物-その他,,juman
晒し粉,さらしこ,sarashiko,普通名詞,人工物-食べ物,家庭・暮らし;料理・食事,juman
猿,さる,saru,普通名詞,動物,,juman
百日紅,さるすべり,sarusuberi,普通名詞,植物,,juman
笹,ささ,sasa,普通名詞,植物,,juman
細雪,ささめゆき,sasameyuki,普通名詞,自然物,,juman
左折,させつ,sasetsu,サ変名詞,抽象物,交通,juman
刺し網,さしあみ,sashiami,普通名詞,人工物-その他,,juman
挿絵,さしえ,sashie,普通名詞,人工物-その他;抽象物,文化・芸術;メディア,juman
挿し木,さしき,sashiki,サ変名詞,植物,,juman
刺し身,さしみ,sashimi,普通名詞,人工物-食べ物,料理・食事,juman
指し物,さしもの,sashimono,普通名詞,人工物-その他,,juman
差し手,さして,sashite,普通名詞,抽象物,スポーツ,juman
指図,さしず,sashizu,サ変名詞,抽象物,,manual
査証,さしょう,sasho,サ変名詞,人工物-その他,交通;政治,juman
蠍,さそり,sasori,普通名詞,動物,,juman
冊子,さっし,sasshi,普通名詞,人工物-その他;抽象物,文化・芸術;メディア,juman
砂鉄,さてつ,satetsu,普通名詞,自然物,,juman
里,さと,sato,普通名詞,場所-自然,,juman
里帰り,さとがえり,satogaeri,サ変名詞,抽象物,家庭・暮らし,juman
里子,さとご,satogo,普通名詞,人,家庭・暮らし,juman
里心,さとごころ,satogokoro,普通名詞,抽象物,,manual
里芋,さといも,satoimo,普通名詞,植物;人工物-食べ物,料理・食事,juman
砂糖黍,さとうきび,satokibi,普通名詞,植物;人工物-食べ物,料理・食事,juman
里親,さとおや,satoya,普通名詞,人,家庭・暮らし,juman
撮影,さつえい,satsuei,サ変名詞,抽象物,文化・芸術;メディア,juman
五月,さつき,satsuki,時相名詞,時間,,juman
薩摩揚げ,さつまあげ,satsumaage,普通名詞,人工物-食べ物,料理・食事,juman
薩摩芋,さつまいも,satsumaimo,普通名詞,植物;人工物-食べ物,料理・食事,juman
札束,さつたば,satsutaba,普通名詞,人工物-金銭,,juman
沢,さわ,sawa,普通名詞,場所-自然,,juman
沢蟹,さわがに,sawagani,普通名詞,動物,料理・食事,juman
鰆,さわら,sawara,普通名詞,動物;人工物-食べ物,料理・食事,juman
さようなら,さようなら,sayonara,サ変名詞,抽象物,,juman
さより,さより,sayori,普通名詞,動物;人工物-食べ物,料理・食事,juman
さざえ,さざえ,sazae,普通名詞,動物;人工物-食べ物,料理・食事,juman
さざ波,さざなみ,sazanami,普通名詞,抽象物,,juman
山茶花,さざんか,sazanka,普通名詞,植物,,juman
背番号,せばんごう,sebango,普通名詞,抽象物,スポーツ,juman
背広,せびろ,sebiro,普通名詞,人工物-衣類,家庭・暮らし;ビジネス,juman
背骨,せぼね,sebone,普通名詞,動物-部位,健康・医学,juman
節会,せちえ,sechie,普通名詞,抽象物,文化・芸術,juman
節供,せちく,sechiku,普通名詞,抽象物,家庭・暮らし,juman
世代,せだい,sedai,普通名詞,人;時間,,juman
倅,せがれ,segare,普通名詞,人,家庭・暮らし,juman
成木,せいぼく,seiboku,普通名詞,植物,,juman
西部,せいぶ,seibu,普通名詞,場所-機能,,juman
生物,せいぶつ,seibutsu,普通名詞,動物;植物,,juman
成鳥,せいちょう,seicho,普通名詞,動物,,juman
静電気,せいでんき,seidenki,普通名詞,抽象物,,manual
青銅,せいどう,seido,普通名詞,自然物,,juman
精読,せいどく,seidoku,サ変名詞,抽象物,教育・学習,juman
声援,せいえん,seien,サ変名詞,抽象物,,manual
制服,せいふく,seifuku,普通名詞,人工物-その他,教育・学習;ビジネス,juman
声楽,せいがく,seigaku,普通名詞,抽象物,文化・芸術,juman
正義,せいぎ,seigi,普通名詞,抽象物,,manual
成魚,せいぎょ,seigyo,普通名詞,動物,,juman
整髪,せいはつ,seihatsu,サ変名詞,抽象物,家庭・暮らし,juman
正方形,せいほうけい,seihokei,普通名詞,形・模様,,juman
西北,せいほく,seihoku,普通名詞,場所-機能,,juman
成熟,せいじゅく,seijuku,サ変名詞,抽象物,,manual
生活,せいかつ,seikatsu,サ変名詞,抽象物,家庭・暮らし,juman
背比べ,せいくらべ,seikurabe,サ変名詞,抽象物,,juman
西南,せいなん,seinan,普通名詞,場所-機能,,juman
制作,せいさく,seisaku,サ変名詞,抽象物,文化・芸術;メディア,juman
正室,せいしつ,seishitsu,普通名詞,人,,juman
聖職,せいしょく,seishoku,普通名詞,抽象物,文化・芸術,juman
青少年,せいしょうねん,seishonen,普通名詞,人,,juman
清酒,せいしゅ,seishu,普通名詞,人工物-食べ物,料理・食事,juman
青春,せいしゅん,seishun,普通名詞,抽象物,,manual
成層圏,せいそうけん,seisoken,普通名詞,場所-自然,,juman
生体,せいたい,seitai,普通名詞,動物,健康・医学,juman
整頓,せいとん,seiton,サ変名詞,抽象物,家庭・暮らし,juman
星座,せいざ,seiza,普通名詞,抽象物;形・模様,,juman
生前,せいぜん,seizen,時相名詞,時間,,juman
勢揃い,せいぞろい,seizoroi,サ変名詞,抽象物,,juman
咳払い,せきばらい,sekibarai,サ変名詞,抽象物,,juman
石彫,せきちょう,sekicho,普通名詞,抽象物,文化・芸術,juman
石柱,せきちゅう,sekichu,普通名詞,人工物-その他,,juman
赤道,せきどう,sekido,普通名詞,場所-その他,,juman
石英,せきえい,sekiei,普通名詞,自然物,,juman
惜敗,せきはい,sekihai,サ変名詞,抽象物,スポーツ,juman
石片,せきへん,sekihen,普通名詞,自然物,,juman
積年,せきねん,sekinen,普通名詞,時間,,juman
積乱雲,せきらんうん,sekiranun,普通名詞,自然物,,juman
鶺鴒,せきれい,sekirei,普通名詞,動物,,juman
積雪,せきせつ,sekisetsu,普通名詞,抽象物,,manual
石室,せきしつ,sekishitsu,普通名詞,場所-施設,,juman
関取,せきとり,sekitori,普通名詞,人,スポーツ,juman
脊椎,せきつい,sekitsui,普通名詞,動物-部位,健康・医学,juman
積雲,せきうん,sekiun,普通名詞,自然物,,juman
関脇,せきわけ,sekiwake,普通名詞,人,スポーツ,juman
石材,せきざい,sekizai,普通名詞,自然物,,juman
脊髄,せきずい,sekizui,普通名詞,動物-部位,健康・医学,juman
石灰,せっかい,sekkai,普通名詞,自然物,,juman
石鹸,せっけん,sekken,普通名詞,人工物-その他,,juman
石器,せっき,sekki,普通名詞,人工物-その他,,juman
攻め手,せめて,semete,普通名詞,人;抽象物,スポーツ,juman
蝉,せみ,semi,普通名詞,動物,,juman
背美鯨,せみくじら,semikujira,普通名詞,動物,,juman
背凭れ,せもたれ,semotare,普通名詞,人工物-その他,,juman
背中,せなか,senaka,普通名詞,動物-部位,,juman
選抜,せんばつ,senbatsu,サ変名詞,抽象物,スポーツ;教育・学習,juman
千羽鶴,せんばづる,senbazuru,普通名詞,人工物-その他,,juman
餞別,せんべつ,senbetsu,普通名詞,人工物-金銭,,juman
船尾,せんび,senbi,普通名詞,人工物-その他,,juman
線虫,せんちゅう,senchu,普通名詞,動物,健康・医学,juman
先達,せんだつ,sendatsu,普通名詞,人,,juman
先達て,せんだって,sendatte,時相名詞,時間,,juman
先月,せんげつ,sengetsu,時相名詞,時間,,juman
千切り,せんぎり,sengiri,普通名詞,抽象物,料理・食事,juman
選者,せんじゃ,senja,普通名詞,人,,juman
先日,せんじつ,senjitsu,時相名詞,時間,,juman
扇状地,せんじょうち,senjochi,普通名詞,場所-自然,,juman
千畳敷き,せんじょうじき,senjojiki,普通名詞,場所-自然,,juman
先覚者,せんかくしゃ,senkakusha,普通名詞,人,,juman
千古,せんこ,senko,時相名詞,時間,,juman
先刻,せんこく,senkoku,時相名詞,時間,,juman
先客,せんきゃく,senkyaku,普通名詞,人,,juman
選曲,せんきょく,senkyoku,サ変名詞,抽象物,文化・芸術,juman
宣教師,せんきょうし,senkyoshi,普通名詞,人,文化・芸術,juman
千日手,せんにちて,sennichite,普通名詞,抽象物,レクリエーション;スポーツ,juman
仙人,せんにん,sennin,普通名詞,人,,juman
背伸び,せのび,senobi,サ変名詞,抽象物,,juman
船舶,せんぱく,senpaku,普通名詞,人工物-乗り物,交通,juman
先般,せんぱん,senpan,時相名詞,時間,,juman
先発,せんぱつ,senpatsu,サ変名詞,抽象物,スポーツ;交通,juman
扇風機,せんぷうき,senpuki,普通名詞,人工物-その他,,juman
船腹,せんぷく,senpuku,普通名詞,人工物-その他,交通,juman
洗練,せんれん,senren,サ変名詞,抽象物,,manual
旋律,せんりつ,senritsu,普通名詞,抽象物,文化・芸術,juman
染料,せんりょう,senryo,普通名詞,人工物-その他,,juman
船籍,せんせき,senseki,普通名詞,抽象物,交通,juman
線審,せんしん,senshin,普通名詞,人,スポーツ,juman
泉質,せんしつ,senshitsu,普通名詞,自然物,,juman
染織,せんしょく,senshoku,普通名詞,抽象物,文化・芸術,juman
千秋楽,せんしゅうらく,senshuraku,普通名詞,時間,文化・芸術,juman
先取点,せんしゅてん,senshuten,普通名詞,抽象物,スポーツ,juman
扇子,せんす,sensu,普通名詞,人工物-その他,,juman
泉水,せんすい,sensui,普通名詞,場所-自然,,juman
洗濯,せんたく,sentaku,サ変名詞,抽象物,家庭・暮らし,juman
先手,せんて,sente,普通名詞,抽象物,スポーツ,juman
船艇,せんてい,sentei,普通名詞,人工物-乗り物,交通,juman
前栽,せんざい,senzai,普通名詞,植物;場所-施設,,juman
背負い投げ,せおいなげ,seoinage,普通名詞,抽象物,スポーツ,juman
背泳ぎ,せおよぎ,seoyogi,普通名詞,抽象物,スポーツ,juman
接吻,せっぷん,seppun,サ変名詞,抽象物,家庭・暮らし,juman
芹,せり,seri,普通名詞,植物,料理・食事,juman
台詞,せりふ,serifu,普通名詞,抽象物,文化・芸術,juman
施主,せしゅ,seshu,普通名詞,人,,juman
背筋,せすじ,sesuji,普通名詞,動物-部位,スポーツ;健康・医学,juman
世帯主,せたいぬし,setainushi,普通名詞,人,家庭・暮らし,juman
瀬戸物,せともの,setomono,普通名詞,人工物-その他,料理・食事,juman
節分,せつぶん,setsubun,普通名詞,時間,家庭・暮らし,juman
節電,せつでん,setsuden,サ変名詞,抽象物,家庭・暮らし;科学・技術;ビジネス,juman
接岸,せつがん,setsugan,サ変名詞,抽象物,交通,juman
雪月花,せつげっか,setsugekka,普通名詞,抽象物,,manual
雪原,せつげん,setsugen,普通名詞,場所-その他,,juman
雪上,せつじょう,setsujo,普通名詞,場所-その他,,juman
雪辱,せつじょく,setsujoku,サ変名詞,抽象物,スポーツ,juman
説明,せつめい,setsumei,サ変名詞,抽象物,,manual
雪面,せつめん,setsumen,普通名詞,場所-その他,スポーツ,juman
設問,せつもん,setsumon,サ変名詞,抽象物,教育・学習,juman
刹那,せつな,setsuna,時相名詞,時間,,juman
説話,せつわ,setsuwa,サ変名詞,抽象物,文化・芸術,juman
節約,せつやく,setsuyaku,サ変名詞,抽象物,家庭・暮らし,juman
接続,せつぞく,setsuzoku,サ変名詞,抽象物,,manual
世話人,せわにん,sewanin,普通名詞,人,,juman
しゃぶしゃぶ,しゃぶしゃぶ,shabushabu,普通名詞,人工物-食べ物,料理・食事,juman
鯱,しゃち,shachi,普通名詞,動物,,juman
鯱,しゃちほこ,shachihoko,普通名詞,人工物-その他,,juman
射撃,しゃげき,shageki,サ変名詞,抽象物,スポーツ;政治,juman
斜辺,しゃへん,shahen,普通名詞,形・模様,,juman
社寺,しゃじ,shaji,普通名詞,場所-施設,文化・芸術,juman
車軸,しゃじく,shajiku,普通名詞,人工物-その他,,juman
写実,しゃじつ,shajitsu,サ変名詞,抽象物,文化・芸術,juman
借地,しゃくち,shakuchi,サ変名詞,場所-その他,家庭・暮らし;ビジネス,juman
赤銅,しゃくどう,shakudo,普通名詞,自然物,,juman
赤銅色,しゃくどういろ,shakudoiro,普通名詞,色,,juman
尺八,しゃくはち,shakuhachi,普通名詞,人工物-その他,文化・芸術,juman
石南花,しゃくなげ,shakunage,普通名詞,植物,,juman
杓子,しゃくし,shakushi,普通名詞,人工物-その他,料理・食事,juman
借家,しゃくや,shakuya,サ変名詞,場所-施設,家庭・暮らし,juman
芍薬,しゃくやく,shakuyaku,普通名詞,植物,,juman
借家人,しゃくやにん,shakuyanin,普通名詞,人,家庭・暮らし,juman
三味線,しゃみせん,shamisen,普通名詞,人工物-その他,文化・芸術,juman
杓文字,しゃもじ,shamoji,普通名詞,人工物-その他,料理・食事,juman
社務所,しゃむしょ,shamusho,普通名詞,場所-施設,文化・芸術,juman
謝肉祭,しゃにくさい,shanikusai,普通名詞,抽象物,文化・芸術,juman
沙羅,しゃら,shara,普通名詞,植物,,juman
車輪,しゃりん,sharin,普通名詞,人工物-その他,交通,juman
車両,しゃりょう,sharyo,普通名詞,人工物-乗り物,交通,juman
写生,しゃせい,shasei,サ変名詞,抽象物,文化・芸術,juman
写真,しゃしん,shashin,普通名詞,人工物-その他,文化・芸術;メディア,juman
車掌,しゃしょう,shasho,普通名詞,人,交通,juman
社宅,しゃたく,shataku,普通名詞,場所-施設,ビジネス;家庭・暮らし,juman
斜陽,しゃよう,shayo,普通名詞,自然物,,juman
謝罪,しゃざい,shazai,サ変名詞,抽象物,,manual
明明後日,しあさって,shiasatte,時相名詞,時間,,juman
芝,しば,shiba,普通名詞,植物,,juman
芝生,しばふ,shibafu,普通名詞,植物,,juman
芝刈り,しばかり,shibakari,サ変名詞,抽象物,,juman
芝山,しばやま,shibayama,普通名詞,場所-自然,,juman
私物,しぶつ,shibutsu,普通名詞,人工物-その他,,juman
試着,しちゃく,shichaku,サ変名詞,抽象物,家庭・暮らし,juman
七輪,しちりん,shichirin,普通名詞,人工物-その他,料理・食事,juman
七曜,しちよう,shichiyo,普通名詞,時間,,juman
仕出し,しだし,shidashi,普通名詞,抽象物,料理・食事,juman
市電,しでん,shiden,普通名詞,人工物-乗り物,交通,juman
私服,しふく,shifuku,普通名詞,人工物-衣類,家庭・暮らし,juman
私学,しがく,shigaku,普通名詞,場所-その他,教育・学習,juman
刺激,しげき,shigeki,サ変名詞,抽象物,,manual
茂み,しげみ,shigemi,普通名詞,場所-自然,,juman
子午線,しごせん,shigosen,普通名詞,場所-その他,,juman
仕事,しごと,shigoto,サ変名詞,抽象物,家庭・暮らし;ビジネス,juman
時雨,しぐれ,shigure,普通名詞,抽象物,,manual
賜杯,しはい,shihai,普通名詞,人工物-その他;抽象物,スポーツ,juman
四半期,しはんき,shihanki,時相名詞,時間,,juman
支払,しはらい,shiharai,普通名詞,抽象物,ビジネス;家庭・暮らし,juman
始発,しはつ,shihatsu,普通名詞,抽象物,交通,juman
私費,しひ,shihi,普通名詞,人工物-金銭,,juman
椎,しい,shii,普通名詞,植物,,juman
詩歌,しいか,shiika,普通名詞,抽象物,文化・芸術,juman
椎茸,しいたけ,shiitake,普通名詞,植物;人工物-食べ物,料理・食事,juman
蜆,しじみ,shijimi,普通名詞,動物;人工物-食べ物,料理・食事,juman
私人,しじん,shijin,普通名詞,人,,juman
四十雀,しじゅうから,shijukara,普通名詞,動物,,juman
私塾,しじゅく,shijuku,普通名詞,場所-その他,教育・学習,juman
鹿,しか,shika,普通名詞,動物,,juman
仕返し,しかえし,shikaeshi,サ変名詞,抽象物,,juman
刺客,しかく,shikaku,普通名詞,人,,juman
敷き布団,しきぶとん,shikibuton,普通名詞,人工物-その他,家庭・暮らし,juman
敷地,しきち,shikichi,普通名詞,場所-その他,,juman
敷布,しきふ,shikifu,普通名詞,人工物-その他,家庭・暮らし,juman
式服,しきふく,shikifuku,普通名詞,人工物-衣類,家庭・暮らし,juman
敷居,しきい,shikii,普通名詞,場所-施設部位,,juman
敷石,しきいし,shikiishi,普通名詞,自然物,,juman
識字,しきじ,shikiji,サ変名詞,抽象物,教育・学習,juman
式場,しきじょう,shikijo,普通名詞,場所-施設,,juman
敷金,しききん,shikikin,普通名詞,人工物-金銭,家庭・暮らし,juman
敷物,しきもの,shikimono,普通名詞,人工物-その他,家庭・暮らし,juman
仕切り線,しきりせん,shikirisen,普通名詞,場所-その他,,juman
色彩,しきさい,shikisai,普通名詞,抽象物,,manual
色紙,しきし,shikishi,普通名詞,人工物-その他,,juman
色素,しきそ,shikiso,普通名詞,自然物,,juman
しきたり,しきたり,shikitari,普通名詞,抽象物,文化・芸術,juman
失格,しっかく,shikkaku,サ変名詞,抽象物,スポーツ,juman
湿気,しっけ,shikke,普通名詞,抽象物,,manual
漆黒,しっこく,shikkoku,普通名詞,色,,juman
しっくい,しっくい,shikkui,普通名詞,人工物-その他,,juman
紫紺,しこん,shikon,普通名詞,色,,juman
島,しま,shima,普通名詞,場所-自然,,juman
島国,しまぐに,shimaguni,普通名詞,場所-その他,,juman
島々,しまじま,shimajima,普通名詞,場所-自然,,juman
島影,しまかげ,shimakage,普通名詞,形・模様,,juman
縞馬,しまうま,shimauma,普通名詞,動物,,juman
使命,しめい,shimei,普通名詞,抽象物,,manual
しめじ,しめじ,shimeji,普通名詞,植物;人工物-食べ物,料理・食事,juman
締切,しめきり,shimekiri,普通名詞,時間,,juman
しめ縄,しめなわ,shimenawa,普通名詞,人工物-その他,文化・芸術,juman
湿り気,しめりけ,shimerike,普通名詞,抽象物,,juman
清水,しみず,shimizu,普通名詞,自然物,,juman
霜,しも,shimo,普通名詞,抽象物,,juman
霜解け,しもどけ,shimodoke,普通名詞,抽象物,,juman
下半期,しもはんき,shimohanki,時相名詞,時間,,juman
下々,しもじも,shimojimo,普通名詞,人,,juman
下期,しもき,shimoki,時相名詞,時間,,juman
下の句,しものく,shimonoku,普通名詞,抽象物,文化・芸術,juman
下手,しもて,shimote,普通名詞,場所-機能,,juman
霜月,しもつき,shimotsuki,時相名詞,時間,,juman
品,しな,shina,普通名詞,人工物-その他,,juman
品々,しなじな,shinajina,普通名詞,人工物-その他,,juman
神木,しんぼく,shinboku,普通名詞,植物,文化・芸術,juman
神仏,しんぶつ,shinbutsu,普通名詞,人,文化・芸術,juman
新茶,しんちゃ,shincha,普通名詞,人工物-食べ物,料理・食事,juman
新著,しんちょ,shincho,普通名詞,抽象物,文化・芸術,juman
寝台,しんだい,shindai,普通名詞,人工物-その他,交通,juman
寝殿,しんでん,shinden,普通名詞,場所-施設,,juman
心電図,しんでんず,shindenzu,普通名詞,人工物-その他,健康・医学,juman
新顔,しんがお,shingao,普通名詞,人,,juman
しんがり,しんがり,shingari,普通名詞,場所-その他,,juman
新劇,しんげき,shingeki,普通名詞,抽象物,文化・芸術,juman
震源,しんげん,shingen,普通名詞,場所-その他,,juman
新月,しんげつ,shingetsu,普通名詞,抽象物,,manual
信者,しんじゃ,shinja,普通名詞,人,文化・芸術,juman
新人,しんじん,shinjin,普通名詞,人,,juman
真珠貝,しんじゅがい,shinjugai,普通名詞,動物,,juman
深海,しんかい,shinkai,普通名詞,場所-自然,,juman
神格,しんかく,shinkaku,普通名詞,抽象物,文化・芸術,juman
新館,しんかん,shinkan,普通名詞,場所-施設,,juman
新幹線,しんかんせん,shinkansen,普通名詞,人工物-乗り物,交通,juman
神経,しんけい,shinkei,普通名詞,動物-部位,健康・医学,juman
真剣,しんけん,shinken,普通名詞,人工物-その他,,juman
心筋,しんきん,shinkin,普通名詞,動物-部位,健康・医学,juman
蜃気楼,しんきろう,shinkiro,普通名詞,抽象物,,manual
申告,しんこく,shinkoku,サ変名詞,抽象物,家庭・暮らし;政治,juman
深呼吸,しんこきゅう,shinkokyu,サ変名詞,抽象物,,manual
新婚,しんこん,shinkon,普通名詞,抽象物,家庭・暮らし,juman
深紅,しんく,shinku,普通名詞,色,,juman
新居,しんきょ,shinkyo,普通名詞,場所-施設,家庭・暮らし,juman
新曲,しんきょく,shinkyoku,普通名詞,抽象物,文化・芸術,juman
進級,しんきゅう,shinkyu,サ変名詞,抽象物,教育・学習,juman
新前,しんまえ,shinmae,普通名詞,人,,juman
新米,しんまい,shinmai,普通名詞,植物;人工物-食べ物,料理・食事,juman
新芽,しんめ,shinme,普通名詞,植物-部位,,juman
進物,しんもつ,shinmotsu,普通名詞,人工物-その他,家庭・暮らし,juman
新年,しんねん,shinnen,時相名詞,時間,,juman
新任,しんにん,shinnin,普通名詞,抽象物,教育・学習;ビジネス,juman
侵入,しんにゅう,shinnyu,サ変名詞,抽象物,,manual
篠,しの,shino,普通名詞,植物,,juman
鎬,しのぎ,shinogi,普通名詞,人工物-その他,,juman
心肺,しんぱい,shinpai,普通名詞,動物-部位,健康・医学,juman
審判,しんぱん,shinpan,サ変名詞,人;抽象物,スポーツ,juman
新編,しんぺん,shinpen,普通名詞,抽象物,文化・芸術,juman
新品,しんぴん,shinpin,普通名詞,人工物-その他,,juman
信頼,しんらい,shinrai,サ変名詞,抽象物,,manual
神霊,しんれい,shinrei,普通名詞,人,文化・芸術,juman
新暦,しんれき,shinreki,普通名詞,時間,,juman
心理,しんり,shinri,普通名詞,抽象物,,manual
森林,しんりん,shinrin,普通名詞,場所-自然,,juman
親類,しんるい,shinrui,普通名詞,人,家庭・暮らし,juman
新緑,しんりょく,shinryoku,普通名詞,色,,juman
震災,しんさい,shinsai,普通名詞,抽象物,家庭・暮らし,juman
新作,しんさく,shinsaku,サ変名詞,抽象物,,manual
新札,しんさつ,shinsatsu,普通名詞,人工物-金銭,,juman
新星,しんせい,shinsei,普通名詞,自然物,,juman
深成岩,しんせいがん,shinseigan,普通名詞,自然物,,juman
親戚,しんせき,shinseki,普通名詞,人,家庭・暮らし,juman
新雪,しんせつ,shinsetsu,普通名詞,自然物,,juman
新車,しんしゃ,shinsha,普通名詞,人工物-乗り物,交通,juman
紳士,しんし,shinshi,普通名詞,人,,juman
神式,しんしき,shinshiki,普通名詞,抽象物,文化・芸術;家庭・暮らし,juman
寝室,しんしつ,shinshitsu,普通名詞,場所-施設,家庭・暮らし,juman
新書,しんしょ,shinsho,普通名詞,抽象物,文化・芸術,juman
神職,しんしょく,shinshoku,普通名詞,人,文化・芸術,juman
新種,しんしゅ,shinshu,普通名詞,抽象物,,manual
新春,しんしゅん,shinshun,普通名詞,時間,,juman
進出,しんしゅつ,shinshutsu,サ変名詞,抽象物,,manual
新卒,しんそつ,shinsotsu,普通名詞,抽象物,教育・学習;ビジネス,juman
進水,しんすい,shinsui,サ変名詞,抽象物,交通,juman
身体,しんたい,shintai,普通名詞,動物,,juman
進展,しんてん,shinten,サ変名詞,抽象物,,manual
新薬,しんやく,shinyaku,普通名詞,人工物-その他,健康・医学,juman
針葉樹,しんようじゅ,shinyoju,普通名詞,植物,,juman
深山,しんざん,shinzan,普通名詞,場所-自然,,juman
神前,しんぜん,shinzen,普通名詞,場所-その他,文化・芸術,juman
心臓,しんぞう,shinzo,普通名詞,動物-部位,健康・医学,juman
親族,しんぞく,shinzoku,普通名詞,組織・団体,家庭・暮らし,juman
塩,しお,shio,普通名詞,人工物-食べ物;自然物,料理・食事,juman
塩味,しおあじ,shioaji,普通名詞,抽象物,料理・食事,juman
潮時,しおどき,shiodoki,普通名詞,時間,,juman
潮干狩り,しおひがり,shiohigari,普通名詞,抽象物,レクリエーション,juman
潮風,しおかぜ,shiokaze,普通名詞,抽象物,,manual
仕送り,しおくり,shiokuri,サ変名詞,人工物-金銭;抽象物,家庭・暮らし,juman
枝折り戸,しおりど,shiorido,普通名詞,場所-施設,,juman
潮騒,しおさい,shiosai,普通名詞,抽象物,,manual
塩漬け,しおづけ,shiozuke,普通名詞,人工物-食べ物;抽象物,料理・食事,juman
失敗,しっぱい,shippai,サ変名詞,抽象物,,manual
執筆,しっぴつ,shippitsu,サ変名詞,抽象物,文化・芸術;メディア,juman
七宝焼き,しっぽうやき,shippoyaki,普通名詞,人工物-その他,文化・芸術,juman
白髪,しらが,shiraga,普通名詞,動物-部位,,juman
白羽,しらは,shiraha,普通名詞,動物-部位,,juman
白帆,しらほ,shiraho,普通名詞,人工物-その他,,juman
白樺,しらかば,shirakaba,普通名詞,植物,,juman
白木,しらき,shiraki,普通名詞,人工物-その他,,juman
虱,しらみ,shirami,普通名詞,動物,,juman
白浪,しらなみ,shiranami,普通名詞,抽象物,,manual
知らん顔,しらんかお,shirankao,サ変名詞,抽象物,,juman
白鷺,しらさぎ,shirasagi,普通名詞,動物,,juman
白洲,しらす,shirasu,普通名詞,場所-自然,,juman
白玉,しらたま,shiratama,普通名詞,人工物-食べ物,料理・食事,juman
白梅,しらうめ,shiraume,普通名詞,植物,,juman
白魚,しらうお,shirauo,普通名詞,動物;人工物-食べ物,料理・食事,juman
司令塔,しれいとう,shireito,普通名詞,人;抽象物,政治;スポーツ,juman
市立,しりつ,shiritsu,普通名詞,抽象物,教育・学習;ビジネス;政治,juman
白,しろ,shiro,普通名詞,色,,juman
白蟻,しろあり,shiroari,普通名詞,動物,,juman
城跡,しろあと,shiroato,普通名詞,場所-その他,,juman
白星,しろぼし,shiroboshi,普通名詞,抽象物,スポーツ,juman
しろがね,しろがね,shirogane,普通名詞,自然物,,juman
白地,しろじ,shiroji,普通名詞,形・模様,,juman
白熊,しろくま,shirokuma,普通名詞,動物,,juman
白黒,しろくろ,shirokuro,普通名詞,抽象物,,manual
白身,しろみ,shiromi,普通名詞,動物-部位,料理・食事,juman
代物,しろもの,shiromono,普通名詞,人;人工物-その他,,juman
白抜き,しろぬき,shironuki,サ変名詞,形・模様,,juman
素人,しろうと,shiroto,普通名詞,人,,juman
白酒,しろざけ,shirozake,普通名詞,人工物-食べ物,料理・食事,juman
汁,しる,shiru,普通名詞,人工物-食べ物;自然物,料理・食事,juman
汁粉,しるこ,shiruko,普通名詞,人工物-食べ物,料理・食事,juman
印,しるし,shirushi,普通名詞,人工物-その他,,juman
支流,しりゅう,shiryu,普通名詞,場所-自然,,juman
詩作,しさく,shisaku,サ変名詞,抽象物,文化・芸術,juman
資産,しさん,shisan,普通名詞,人工物-金銭,ビジネス;家庭・暮らし,juman
歯石,しせき,shiseki,普通名詞,動物-部位,健康・医学,juman
柳葉魚,ししゃも,shishamo,普通名詞,動物;人工物-食べ物,料理・食事,juman
獅子,しし,shishi,普通名詞,動物,,juman
獅子舞,ししまい,shishimai,普通名詞,抽象物,文化・芸術,juman
私信,ししん,shishin,普通名詞,人工物-その他,,juman
脂質,ししつ,shishitsu,普通名詞,自然物,健康・医学,juman
私書箱,ししょばこ,shishobako,普通名詞,人工物-その他,,juman
試食,ししょく,shishoku,サ変名詞,抽象物,料理・食事,juman
思春期,ししゅんき,shishunki,普通名詞,時間,健康・医学,juman
支出,ししゅつ,shishutsu,サ変名詞,抽象物,家庭・暮らし;ビジネス,juman
子息,しそく,shisoku,普通名詞,人,家庭・暮らし,juman
失策,しっさく,shissaku,サ変名詞,抽象物,スポーツ,juman
舌,した,shita,普通名詞,動物-部位,,juman
下顎,したあご,shitaago,普通名詞,動物-部位,,juman
下味,したあじ,shitaaji,普通名詞,抽象物,料理・食事,juman
下履き,したばき,shitabaki,普通名詞,人工物-衣類,家庭・暮らし;教育・学習,juman
下絵,したえ,shitae,普通名詞,人工物-その他;抽象物,文化・芸術,juman
下書き,したがき,shitagaki,サ変名詞,抽象物,,juman
下着,したぎ,shitagi,普通名詞,人工物-衣類,家庭・暮らし,juman
下地,したじ,shitaji,普通名詞,人工物-その他,,juman
下敷き,したじき,shitajiki,普通名詞,人工物-その他,教育・学習,juman
支度,したく,shitaku,サ変名詞,抽象物,,manual
下草,したくさ,shitakusa,普通名詞,植物,,juman
下町,したまち,shitamachi,普通名詞,場所-その他,,juman
下見,したみ,shitami,サ変名詞,抽象物,,manual
下っ端,したっぱ,shitappa,普通名詞,人,,juman
舌打ち,したうち,shitauchi,サ変名詞,抽象物,,juman
下積み,したづみ,shitazumi,サ変名詞,抽象物,,juman
湿地,しっち,shitchi,普通名詞,場所-自然,,juman
指摘,してき,shiteki,サ変名詞,抽象物,,manual
室,しつ,shitsu,普通名詞,場所-施設,,juman
湿田,しつでん,shitsuden,普通名詞,場所-その他,,juman
湿原,しつげん,shitsugen,普通名詞,場所-自然,,juman
質疑,しつぎ,shitsugi,サ変名詞,抽象物,,manual
執事,しつじ,shitsuji,普通名詞,人,,juman
質問,しつもん,shitsumon,サ変名詞,抽象物,,manual
失恋,しつれん,shitsuren,サ変名詞,抽象物,家庭・暮らし,juman
室料,しつりょう,shitsuryo,普通名詞,人工物-金銭,,juman
失点,しってん,shitten,サ変名詞,抽象物,スポーツ,juman
失投,しっとう,shitto,サ変名詞,抽象物,スポーツ,juman
紫雲,しうん,shiun,普通名詞,自然物,,juman
試運転,しうんてん,shiunten,サ変名詞,抽象物,交通,juman
師走,しわす,shiwasu,時相名詞,時間,,juman
試薬,しやく,shiyaku,普通名詞,人工物-その他,健康・医学,juman
使用人,しようにん,shiyonin,普通名詞,人,家庭・暮らし;ビジネス,juman
静けさ,しずけさ,shizukesa,普通名詞,抽象物,,juman
滴,しずく,shizuku,普通名詞,自然物,,juman
賞罰,しょうばつ,shobatsu,普通名詞,抽象物,家庭・暮らし;政治,juman
菖蒲,しょうぶ,shobu,普通名詞,植物,,juman
焼酎,しょうちゅう,shochu,普通名詞,人工物-食べ物,料理・食事,juman
書棚,しょだな,shodana,普通名詞,人工物-その他;場所-施設部位,,juman
硝煙,しょうえん,shoen,普通名詞,人工物-その他,,juman
正札,しょうふだ,shofuda,普通名詞,人工物-その他,,juman
生涯,しょうがい,shogai,時相名詞,時間,,juman
小学校,しょうがっこう,shogakko,普通名詞,場所-施設,教育・学習,juman
小学生,しょうがくせい,shogakusei,普通名詞,人,教育・学習,juman
正月,しょうがつ,shogatsu,時相名詞,時間,家庭・暮らし,juman
衝撃,しょうげき,shogeki,普通名詞,抽象物,,manual
将軍,しょうぐん,shogun,普通名詞,人,,juman
障壁,しょうへき,shoheki,普通名詞,場所-施設部位,,juman
抄本,しょうほん,shohon,普通名詞,人工物-その他,,juman
処方箋,しょほうせん,shohosen,普通名詞,人工物-その他,健康・医学,juman
精舎,しょうじゃ,shoja,普通名詞,場所-施設,文化・芸術,juman
精進揚げ,しょうじんあげ,shojinage,普通名詞,人工物-食べ物,料理・食事,juman
昇格,しょうかく,shokaku,サ変名詞,抽象物,スポーツ;ビジネス,juman
小寒,しょうかん,shokan,時相名詞,時間,,juman
消火栓,しょうかせん,shokasen,普通名詞,人工物-その他,家庭・暮らし,juman
勝機,しょうき,shoki,普通名詞,時間,スポーツ,juman
触角,しょっかく,shokkaku,普通名詞,動物-部位,,juman
織機,しょっき,shokki,普通名詞,人工物-その他,,juman
昇降口,しょうこうぐち,shokoguchi,普通名詞,場所-施設部位,,juman
植物,しょくぶつ,shokubutsu,普通名詞,植物,,juman
燭台,しょくだい,shokudai,普通名詞,人工物-その他,,juman
食堂,しょくどう,shokudo,普通名詞,場所-施設,料理・食事,juman
食塩,しょくえん,shokuen,普通名詞,人工物-食べ物,料理・食事,juman
食後,しょくご,shokugo,時相名詞,時間,料理・食事,juman
食費,しょくひ,shokuhi,普通名詞,人工物-金銭,料理・食事,juman
食品,しょくひん,shokuhin,普通名詞,人工物-食べ物,料理・食事,juman
食事,しょくじ,shokuji,サ変名詞,人工物-食べ物,料理・食事,juman
織女,しょくじょ,shokujo,普通名詞,人,,juman
植樹,しょくじゅ,shokuju,サ変名詞,抽象物,,manual
食味,しょくみ,shokumi,普通名詞,抽象物,料理・食事,juman
食物,しょくもつ,shokumotsu,普通名詞,人工物-食べ物,料理・食事,juman
食肉,しょくにく,shokuniku,普通名詞,人工物-食べ物;抽象物,料理・食事,juman
植林,しょくりん,shokurin,サ変名詞,抽象物,,manual
食料,しょくりょう,shokuryo,普通名詞,人工物-食べ物,料理・食事,juman
植栽,しょくさい,shokusai,サ変名詞,人工物-その他,,juman
食指,しょくし,shokushi,普通名詞,動物-部位,,juman
食傷,しょくしょう,shokusho,サ変名詞,抽象物,料理・食事,juman
触手,しょくしゅ,shokushu,普通名詞,動物-部位,,juman
食卓,しょくたく,shokutaku,普通名詞,人工物-その他,料理・食事,juman
食用,しょくよう,shokuyo,普通名詞,抽象物,料理・食事,juman
食欲,しょくよく,shokuyoku,普通名詞,抽象物,料理・食事,juman
食油,しょくゆ,shokuyu,普通名詞,人工物-食べ物,料理・食事,juman
食前,しょくぜん,shokuzen,時相名詞,時間,料理・食事,juman
焼却,しょうきゃく,shokyaku,サ変名詞,抽象物,,manual
消去,しょうきょ,shokyo,サ変名詞,抽象物,,manual
消滅,しょうめつ,shometsu,サ変名詞,抽象物,,manual
書物,しょもつ,shomotsu,普通名詞,人工物-その他,文化・芸術,juman
初七日,しょなのか,shonanoka,普通名詞,時間,家庭・暮らし,juman
正念場,しょうねんば,shonenba,普通名詞,抽象物,,manual
初年度,しょねんど,shonendo,普通名詞,時間,,juman
初日,しょにち,shonichi,時相名詞,時間,,juman
上人,しょうにん,shonin,普通名詞,人,文化・芸術,juman
鍾乳洞,しょうにゅうどう,shonyudo,普通名詞,場所-自然,,juman
鍾乳石,しょうにゅうせき,shonyuseki,普通名詞,自然物,,juman
抄録,しょうろく,shoroku,サ変名詞,抽象物,文化・芸術;科学・技術,juman
書籍,しょせき,shoseki,普通名詞,人工物-その他,文化・芸術,juman
商船,しょうせん,shosen,普通名詞,人工物-乗り物,交通,juman
小節,しょうせつ,shosetsu,普通名詞,抽象物,文化・芸術,juman
勝者,しょうしゃ,shosha,普通名詞,人,スポーツ,juman
消失,しょうしつ,shoshitsu,サ変名詞,抽象物,,manual
少食,しょうしょく,shoshoku,普通名詞,抽象物,料理・食事,juman
初春,しょしゅん,shoshun,時相名詞,時間,,juman
消息,しょうそく,shosoku,普通名詞,抽象物,家庭・暮らし,juman
初対面,しょたいめん,shotaimen,普通名詞,抽象物,,manual
諸島,しょとう,shoto,普通名詞,場所-自然,,juman
所得,しょとく,shotoku,サ変名詞,人工物-金銭,家庭・暮らし;ビジネス,juman
衝突,しょうとつ,shototsu,サ変名詞,抽象物,,manual
生薬,しょうやく,shoyaku,普通名詞,人工物-食べ物,健康・医学,juman
装束,しょうぞく,shozoku,普通名詞,人工物-衣類,家庭・暮らし,juman
週,しゅう,shu,時相名詞,時間,,manual
週明け,しゅうあけ,shuake,時相名詞,時間,,juman
終盤,しゅうばん,shuban,時相名詞,時間,,juman
種苗,しゅびょう,shubyo,普通名詞,植物-部位,,juman
終着,しゅうちゃく,shuchaku,普通名詞,抽象物,交通,juman
終電車,しゅうでんしゃ,shudensha,普通名詞,人工物-乗り物,交通,juman
主夫,しゅふ,shufu,普通名詞,人,家庭・暮らし,juman
修学,しゅうがく,shugaku,サ変名詞,抽象物,教育・学習,juman
朱印,しゅいん,shuin,普通名詞,人工物-その他,,juman
朱色,しゅいろ,shuiro,普通名詞,色,,juman
主治医,しゅじい,shujii,普通名詞,人,健康・医学,juman
主人公,しゅじんこう,shujinko,普通名詞,人,文化・芸術,juman
終日,しゅうじつ,shujitsu,時相名詞,時間,,juman
習熟,しゅうじゅく,shujuku,サ変名詞,抽象物,教育・学習,juman
集計,しゅうけい,shukei,サ変名詞,抽象物,,manual
集結,しゅうけつ,shuketsu,サ変名詞,抽象物,,manual
集金,しゅうきん,shukin,サ変名詞,抽象物,,manual
出火,しゅっか,shukka,サ変名詞,抽象物,,manual
出国,しゅっこく,shukkoku,サ変名詞,抽象物,交通,juman
手工芸,しゅこうげい,shukogei,普通名詞,抽象物,文化・芸術,juman
宿場,しゅくば,shukuba,普通名詞,場所-施設,,juman
宿駅,しゅくえき,shukueki,普通名詞,場所-施設,交通,juman
祝宴,しゅくえん,shukuen,普通名詞,抽象物,,manual
祝福,しゅくふく,shukufuku,サ変名詞,抽象物,,manual
祝賀,しゅくが,shukuga,サ変名詞,抽象物,,manual
祝杯,しゅくはい,shukuhai,普通名詞,人工物-その他,,juman
宿泊,しゅくはく,shukuhaku,サ変名詞,抽象物,レクリエーション,juman
祝砲,しゅくほう,shukuho,普通名詞,人工物-その他,,juman
祝日,しゅくじつ,shukujitsu,普通名詞,時間,,juman
淑女,しゅくじょ,shukujo,普通名詞,人,,juman
宿根草,しゅくこんそう,shukukonso,普通名詞,植物,,juman
宿舎,しゅくしゃ,shukusha,普通名詞,場所-施設,家庭・暮らし;レクリエーション,juman
祝勝,しゅくしょう,shukusho,普通名詞,抽象物,スポーツ,juman
宿敵,しゅくてき,shukuteki,普通名詞,人,,juman
終局,しゅうきょく,shukyoku,サ変名詞,抽象物,レクリエーション;スポーツ,juman
焼売,しゅーまい,shumai,普通名詞,人工物-食べ物,料理・食事,juman
終幕,しゅうまく,shumaku,普通名詞,抽象物,文化・芸術,juman
終末,しゅうまつ,shumatsu,普通名詞,時間,,juman
種目,しゅもく,shumoku,普通名詞,抽象物,スポーツ,juman
宗門,しゅうもん,shumon,普通名詞,抽象物,文化・芸術,juman
旬,しゅん,shun,普通名詞,時間,,juman
春分,しゅんぶん,shunbun,時相名詞,時間,,juman
周年,しゅうねん,shunen,普通名詞,時間,,juman
春菊,しゅんぎく,shungiku,普通名詞,植物;人工物-食べ物,料理・食事,juman
朱肉,しゅにく,shuniku,普通名詞,人工物-その他,ビジネス;家庭・暮らし,juman
春秋,しゅんじゅう,shunju,普通名詞,時間,,juman
瞬間,しゅんかん,shunkan,時相名詞,時間,,juman
春季,しゅんき,shunki,時相名詞,時間,,juman
春本,しゅんぽん,shunpon,普通名詞,人工物-その他;抽象物,文化・芸術,juman
春節,しゅんせつ,shunsetsu,普通名詞,時間,,juman
俊足,しゅんそく,shunsoku,普通名詞,人,スポーツ,juman
出帆,しゅっぱん,shuppan,サ変名詞,抽象物,交通,juman
出発,しゅっぱつ,shuppatsu,サ変名詞,抽象物,,manual
出品,しゅっぴん,shuppin,サ変名詞,抽象物,文化・芸術,juman
集落,しゅうらく,shuraku,普通名詞,場所-その他,,juman
終列車,しゅうれっしゃ,shuressha,普通名詞,人工物-乗り物,交通,juman
修理,しゅうり,shuri,サ変名詞,抽象物,,manual
収録,しゅうろく,shuroku,サ変名詞,抽象物,文化・芸術;メディア,juman
秀作,しゅうさく,shusaku,普通名詞,抽象物,文化・芸術,juman
集成材,しゅうせいざい,shuseizai,普通名詞,人工物-その他,,juman
首席,しゅせき,shuseki,普通名詞,人,教育・学習,juman
終身,しゅうしん,shushin,普通名詞,時間,,juman
主食,しゅしょく,shushoku,普通名詞,人工物-食べ物,料理・食事,juman
宗祖,しゅうそ,shuso,普通名詞,人,文化・芸術,juman
出札,しゅっさつ,shussatsu,サ変名詞,抽象物,交通,juman
出生,しゅっせい,shussei,サ変名詞,抽象物,家庭・暮らし,juman
出席,しゅっせき,shusseki,サ変名詞,抽象物,,manual
出身,しゅっしん,shusshin,普通名詞,抽象物,,manual
出走,しゅっそう,shusso,サ変名詞,抽象物,スポーツ,juman
秋水,しゅうすい,shusui,普通名詞,自然物,,juman
修得,しゅうとく,shutoku,サ変名詞,抽象物,教育・学習,juman
姑,しゅうとめ,shutome,普通名詞,人,家庭・暮らし,juman
出題,しゅつだい,shutsudai,サ変名詞,抽象物,教育・学習,juman
出動,しゅつどう,shutsudo,サ変名詞,抽象物,,manual
出演,しゅつえん,shutsuen,サ変名詞,抽象物,文化・芸術,juman
出現,しゅつげん,shutsugen,サ変名詞,抽象物,,manual
出陣,しゅつじん,shutsujin,サ変名詞,抽象物,,manual
出場,しゅつじょう,shutsujo,サ変名詞,抽象物,スポーツ,juman
出塁,しゅつるい,shutsurui,サ変名詞,抽象物,スポーツ,juman
出典,しゅってん,shutten,普通名詞,抽象物,文化・芸術,juman
終夜,しゅうや,shuya,時相名詞,時間,,juman
主役,しゅやく,shuyaku,普通名詞,人,文化・芸術,juman
総当たり,そうあたり,soatari,サ変名詞,抽象物,スポーツ,juman
総花,そうばな,sobana,普通名詞,人工物-金銭,,juman
そぼろ,そぼろ,soboro,普通名詞,人工物-食べ物,料理・食事,juman
袖,そで,sode,普通名詞,人工物-衣類,,juman
袖口,そでぐち,sodeguchi,普通名詞,人工物-その他,,juman
祖父母,そふぼ,sofubo,普通名詞,人,家庭・暮らし,juman
双眼鏡,そうがんきょう,sogankyo,普通名詞,人工物-その他,,juman
送迎,そうげい,sogei,サ変名詞,抽象物,,manual
僧正,そうじょう,sojo,普通名詞,人,文化・芸術,juman
操縦桿,そうじゅうかん,sojukan,普通名詞,人工物-その他,交通,juman
即決,そっけつ,sokketsu,サ変名詞,抽象物,,manual
側根,そっこん,sokkon,普通名詞,植物-部位,,juman
即興,そっきょう,sokkyo,普通名詞,抽象物,,manual
底力,そこぢから,sokojikara,普通名詞,抽象物,,manual
側壁,そくへき,sokuheki,普通名詞,場所-施設部位,,juman
即時,そくじ,sokuji,普通名詞,時間,,juman
即日,そくじつ,sokujitsu,時相名詞,時間,,juman
側面,そくめん,sokumen,普通名詞,場所-その他,,juman
測量,そくりょう,sokuryo,サ変名詞,抽象物,,manual
側線,そくせん,sokusen,普通名詞,場所-施設,交通,juman
促進,そくしん,sokushin,サ変名詞,抽象物,,manual
側室,そくしつ,sokushitsu,普通名詞,人,,juman
速達,そくたつ,sokutatsu,サ変名詞,抽象物,,manual
測定,そくてい,sokutei,サ変名詞,抽象物,,manual
即答,そくとう,sokuto,サ変名詞,抽象物,,manual
即座,そくざ,sokuza,普通名詞,抽象物,,manual
走馬灯,そうまとう,somato,普通名詞,人工物-その他,,juman
奏鳴曲,そうめいきょく,someikyoku,普通名詞,抽象物,文化・芸術,juman
染め物,そめもの,somemono,普通名詞,人工物-その他,,juman
索麺,そうめん,somen,普通名詞,人工物-食べ物,料理・食事,juman
その後,そのご,sonogo,時相名詞,時間,,juman
其辺,そのへん,sonohen,普通名詞,場所-その他,,juman
その頃,そのころ,sonokoro,時相名詞,時間,,juman
其の者,そのもの,sonomono,普通名詞,人,,juman
其先,そのさき,sonosaki,普通名詞,場所-機能;時間,,juman
村落,そんらく,sonraku,普通名詞,場所-その他,,juman
村立,そんりつ,sonritsu,普通名詞,抽象物,教育・学習;ビジネス;政治,juman
尊師,そんし,sonshi,普通名詞,人,文化・芸術,juman
尊属,そんぞく,sonzoku,普通名詞,組織・団体,家庭・暮らし;政治,juman
空,そら,sora,普通名詞,場所-自然,,juman
空色,そらいろ,sorairo,普通名詞,色,,juman
空豆,そらまめ,soramame,普通名詞,植物;人工物-食べ物,料理・食事,juman
空耳,そらみみ,soramimi,普通名詞,抽象物,,manual
空模様,そらもよう,soramoyo,普通名詞,抽象物,,manual
空似,そらに,sorani,普通名詞,抽象物,,manual
橇,そり,sori,普通名詞,人工物-乗り物,レクリエーション;交通,juman
創立,そうりつ,soritsu,サ変名詞,抽象物,,manual
十露盤,そろばん,soroban,普通名詞,人工物-その他,教育・学習,juman
揃い踏み,そろいぶみ,soroibumi,サ変名詞,抽象物,スポーツ,juman
藻類,そうるい,sorui,普通名詞,植物,,juman
僧侶,そうりょ,soryo,普通名詞,人,文化・芸術,juman
走力,そうりょく,soryoku,普通名詞,抽象物,スポーツ,juman
創作,そうさく,sosaku,サ変名詞,抽象物,,manual
双生児,そうせいじ,soseiji,普通名詞,人,,juman
層積雲,そうせきうん,sosekiun,普通名詞,自然物,,juman
粗品,そしな,soshina,普通名詞,人工物-その他,,juman
装身具,そうしんぐ,soshingu,普通名詞,人工物-衣類,家庭・暮らし,juman
粗食,そしょく,soshoku,サ変名詞,人工物-食べ物,料理・食事,juman
早春,そうしゅん,soshun,時相名詞,時間,,juman
率先,そっせん,sossen,サ変名詞,抽象物,,manual
草炭,そうたん,sotan,普通名詞,自然物,,juman
外堀,そとぼり,sotobori,普通名詞,場所-施設,,juman
外側,そとがわ,sotogawa,普通名詞,場所-機能,,juman
外回り,そとまわり,sotomawari,サ変名詞,抽象物,,juman
外海,そとうみ,sotomi,普通名詞,場所-自然,,juman
卒園,そつえん,sotsuen,サ変名詞,抽象物,教育・学習,juman
卒業,そつぎょう,sotsugyo,サ変名詞,抽象物,教育・学習,juman
そよ風,そよかぜ,soyokaze,普通名詞,抽象物,,juman
総菜,そうざい,sozai,普通名詞,人工物-食べ物,料理・食事,juman
素足,すあし,suashi,普通名詞,動物-部位,,juman
昴,すばる,subaru,普通名詞,自然物,,juman
滑り台,すべりだい,suberidai,普通名詞,人工物-その他,レクリエーション,juman
滑り止め,すべりどめ,suberidome,普通名詞,人工物-その他,,juman
簾,すだれ,sudare,普通名詞,人工物-その他,家庭・暮らし,juman
素通り,すどおり,sudori,サ変名詞,抽象物,,juman
末,すえ,sue,時相名詞,時間,,juman
末っ子,すえっこ,suekko,普通名詞,人,家庭・暮らし,juman
末娘,すえむすめ,suemusume,普通名詞,人,家庭・暮らし,juman
姿,すがた,sugata,普通名詞,抽象物;形・模様,,juman
菅笠,すげがさ,sugegasa,普通名詞,人工物-衣類,家庭・暮らし,juman
杉,すぎ,sugi,普通名詞,植物,,juman
杉菜,すぎな,sugina,普通名詞,植物,,juman
巣篭り,すごもり,sugomori,サ変名詞,抽象物,,juman
双六,すごろく,sugoroku,普通名詞,抽象物,レクリエーション,juman
素肌,すはだ,suhada,普通名詞,動物-部位,,juman
水圧,すいあつ,suiatsu,普通名詞,抽象物,,manual
水墨,すいぼく,suiboku,普通名詞,抽象物,文化・芸術,juman
水分,すいぶん,suibun,普通名詞,自然物,,juman
水中,すいちゅう,suichu,普通名詞,場所-その他,,juman
水夫,すいふ,suifu,普通名詞,人,,juman
吸い殻,すいがら,suigara,普通名詞,人工物-その他,料理・食事,juman
水銀,すいぎん,suigin,普通名詞,自然物,,juman
水牛,すいぎゅう,suigyu,普通名詞,動物,,juman
炊飯,すいはん,suihan,サ変名詞,抽象物,料理・食事,juman
水域,すいいき,suiiki,普通名詞,場所-その他,,juman
水蒸気,すいじょうき,suijoki,普通名詞,自然物,,juman
水系,すいけい,suikei,普通名詞,場所-自然,,juman
水門,すいもん,suimon,普通名詞,場所-施設,,juman
吸い物,すいもの,suimono,普通名詞,人工物-食べ物,料理・食事,juman
水脈,すいみゃく,suimyaku,普通名詞,場所-自然,,juman
推理,すいり,suiri,サ変名詞,抽象物,,manual
水成岩,すいせいがん,suiseigan,普通名詞,自然物,,juman
水仙,すいせん,suisen,普通名詞,植物,,juman
水晶,すいしょう,suisho,普通名詞,自然物,,juman
水素,すいそ,suiso,普通名詞,自然物,,juman
推測,すいそく,suisoku,サ変名詞,抽象物,,manual
水滴,すいてき,suiteki,普通名詞,自然物,,juman
水曜日,すいようび,suiyobi,時相名詞,時間,,juman
水浴,すいよく,suiyoku,サ変名詞,抽象物,家庭・暮らし,juman
水族,すいぞく,suizoku,普通名詞,動物,,juman
筋,すじ,suji,普通名詞,動物-部位;人工物-食べ物,,juman
筋立て,すじだて,sujidate,普通名詞,抽象物,文化・芸術,juman
筋書き,すじがき,sujigaki,普通名詞,抽象物,文化・芸術,juman
筋金,すじがね,sujigane,普通名詞,人工物-その他,,juman
筋雲,すじぐも,sujigumo,普通名詞,自然物,,juman
筋交い,すじかい,sujikai,普通名詞,人工物-その他;場所-機能,家庭・暮らし,juman
筋道,すじみち,sujimichi,普通名詞,抽象物,,manual
助っ人,すけっと,suketto,普通名詞,人,,juman
好き嫌い,すききらい,sukikirai,サ変名詞,抽象物,,juman
枢機卿,すうききょう,sukikyo,普通名詞,人,文化・芸術,juman
すきっ腹,すきっぱら,sukippara,普通名詞,抽象物,料理・食事,juman
数寄屋,すきや,sukiya,普通名詞,場所-施設,,juman
鋤焼き,すきやき,sukiyaki,普通名詞,人工物-食べ物,料理・食事,juman
掬い投げ,すくいなげ,sukuinage,普通名詞,抽象物,スポーツ,juman
救い主,すくいぬし,sukuinushi,普通名詞,人,,juman
住まい,すまい,sumai,普通名詞,場所-施設,家庭・暮らし,juman
炭,すみ,sumi,普通名詞,自然物,,juman
炭火,すみび,sumibi,普通名詞,自然物,家庭・暮らし;料理・食事,juman
墨絵,すみえ,sumie,普通名詞,人工物-その他;抽象物,文化・芸術,juman
住みか,すみか,sumika,普通名詞,場所-施設,家庭・暮らし,juman
炭焼き,すみやき,sumiyaki,普通名詞,抽象物,,juman
隅々,すみずみ,sumizumi,普通名詞,抽象物,,manual
砂,すな,suna,普通名詞,自然物,,juman
砂場,すなば,sunaba,普通名詞,場所-その他,レクリエーション,juman
砂埃,すなぼこり,sunabokori,普通名詞,自然物,,juman
砂時計,すなどけい,sunadokei,普通名詞,人工物-その他,,juman
砂浜,すなはま,sunahama,普通名詞,場所-自然,,juman
砂地,すなじ,sunaji,普通名詞,場所-その他,,juman
砂煙,すなけむり,sunakemuri,普通名詞,自然物,,juman
砂山,すなやま,sunayama,普通名詞,場所-自然,,juman
臑齧り,すねかじり,sunekajiri,サ変名詞,人,家庭・暮らし,juman
寸劇,すんげき,sungeki,普通名詞,抽象物,文化・芸術,juman
簀子,すのこ,sunoko,普通名詞,人工物-その他,,juman
酢の物,すのもの,sunomono,普通名詞,人工物-食べ物,料理・食事,juman
寸前,すんぜん,sunzen,普通名詞,場所-機能;時間,,juman
すっぽん,すっぽん,suppon,普通名詞,動物;人工物-食べ物,料理・食事,juman
摺り鉢,すりばち,suribachi,普通名詞,人工物-その他,料理・食事,juman
擂り粉木,すりこぎ,surikogi,普通名詞,人工物-その他,料理・食事,juman
摺り身,すりみ,surimi,普通名詞,人工物-食べ物,料理・食事,juman
刷り物,すりもの,surimono,普通名詞,人工物-その他;抽象物,文化・芸術;メディア,juman
鯣,するめ,surume,普通名詞,人工物-食べ物,料理・食事,juman
鮨,すし,sushi,普通名詞,人工物-食べ物,料理・食事,juman
鮨飯,すしめし,sushimeshi,普通名詞,人工物-食べ物,料理・食事,juman
鮨屋,すしや,sushiya,普通名詞,場所-施設,料理・食事,juman
裾野,すその,susono,普通名詞,場所-自然,,juman
煤,すす,susu,普通名詞,自然物,,juman
煤払い,すすはらい,susuharai,サ変名詞,抽象物,,juman
すすき,すすき,susuki,普通名詞,植物,,juman
捨て場,すてば,suteba,普通名詞,場所-その他,家庭・暮らし,juman
錫,すず,suzu,普通名詞,自然物,,juman
鈴懸,すずかけ,suzukake,普通名詞,植物,,juman
雀,すずめ,suzume,普通名詞,動物,,juman
鈴虫,すずむし,suzumushi,普通名詞,動物,,juman
鈴蘭,すずらん,suzuran,普通名詞,植物,,juman
硯,すずり,suzuri,普通名詞,人工物-その他,文化・芸術,juman
硯箱,すずりばこ,suzuribako,普通名詞,人工物-その他,文化・芸術,juman
束,たば,taba,普通名詞,人工物-その他,,juman
食べ頃,たべごろ,tabegoro,普通名詞,時間,料理・食事,juman
食べ物,たべもの,tabemono,普通名詞,人工物-食べ物,料理・食事,juman
旅人,たびびと,tabibito,普通名詞,人,レクリエーション,juman
旅鳥,たびどり,tabidori,普通名詞,動物,,juman
旅路,たびじ,tabiji,普通名詞,抽象物,レクリエーション;家庭・暮らし;交通,juman
旅支度,たびじたく,tabijitaku,サ変名詞,抽象物,レクリエーション,juman
旅先,たびさき,tabisaki,普通名詞,場所-その他,,juman
立場,たちば,tachiba,普通名詞,抽象物,,manual
橘,たちばな,tachibana,普通名詞,植物,,juman
立ちげいこ,たちげいこ,tachigeiko,サ変名詞,抽象物,文化・芸術,juman
立ち聞き,たちぎき,tachigiki,サ変名詞,抽象物,,juman
立ち食い,たちぐい,tachigui,サ変名詞,抽象物,料理・食事,juman
立ち木,たちき,tachiki,普通名詞,植物,,juman
立ち往生,たちおうじょう,tachiojo,サ変名詞,抽象物,,juman
立ち泳ぎ,たちおよぎ,tachioyogi,サ変名詞,抽象物,スポーツ,juman
太刀魚,たちうお,tachiuo,普通名詞,動物;人工物-食べ物,料理・食事,juman
立ち読み,たちよみ,tachiyomi,サ変名詞,抽象物,,juman
只今,ただいま,tadaima,時相名詞,時間,,juman
直中,ただなか,tadanaka,普通名詞,場所-機能;時間,,juman
只乗り,ただのり,tadanori,サ変名詞,抽象物,交通,juman
蓼,たで,tade,普通名詞,植物,,juman
絶え間,たえま,taema,普通名詞,時間,,juman
田畑,たはた,tahata,普通名詞,場所-その他,,juman
鯛,たい,tai,普通名詞,動物;人工物-食べ物,料理・食事,juman
体当たり,たいあたり,taiatari,サ変名詞,抽象物,,juman
大木,たいぼく,taiboku,普通名詞,植物,,juman
対頂角,たいちょうかく,taichokaku,普通名詞,場所-その他,教育・学習,juman
体液,たいえき,taieki,普通名詞,自然物,健康・医学,juman
台風,たいふう,taifu,普通名詞,抽象物,,manual
大河,たいが,taiga,普通名詞,場所-自然,,juman
退学,たいがく,taigaku,サ変名詞,抽象物,教育・学習,juman
大敗,たいはい,taihai,サ変名詞,抽象物,スポーツ,juman
堆肥,たいひ,taihi,普通名詞,人工物-その他,,juman
隊員,たいいん,taiin,普通名詞,人,,juman
太陰暦,たいいんれき,taiinreki,普通名詞,時間,文化・芸術,juman
体格,たいかく,taikaku,普通名詞,抽象物,,manual
対角線,たいかくせん,taikakusen,普通名詞,形・模様,教育・学習,juman
体験,たいけん,taiken,サ変名詞,抽象物,,manual
対決,たいけつ,taiketsu,サ変名詞,抽象物,スポーツ,juman
大国,たいこく,taikoku,普通名詞,場所-その他,,juman
大曲,たいきょく,taikyoku,普通名詞,抽象物,文化・芸術,juman
松明,たいまつ,taimatsu,普通名詞,人工物-その他,,juman
隊列,たいれつ,tairetsu,普通名詞,形・模様,,juman
大陸,たいりく,tairiku,普通名詞,場所-自然,,juman
対立,たいりつ,tairitsu,サ変名詞,抽象物,,manual
体力,たいりょく,tairyoku,普通名詞,抽象物,,manual
対策,たいさく,taisaku,普通名詞,抽象物,,manual
泰山木,たいさんぼく,taisanboku,普通名詞,植物,,juman
体質,たいしつ,taishitsu,普通名詞,抽象物,,manual
大食,たいしょく,taishoku,サ変名詞,抽象物,料理・食事,juman
大衆,たいしゅう,taishu,普通名詞,人,,juman
大敵,たいてき,taiteki,普通名詞,人,,juman
鯛焼き,たいやき,taiyaki,普通名詞,人工物-食べ物,料理・食事,juman
大役,たいやく,taiyaku,普通名詞,抽象物,,manual
太陽,たいよう,taiyo,普通名詞,自然物,,juman
太陽暦,たいようれき,taiyoreki,普通名詞,時間,文化・芸術,juman
大山,たいざん,taizan,普通名詞,場所-自然,,juman
他日,たじつ,tajitsu,時相名詞,時間,,juman
鷹,たか,taka,普通名詞,動物,,juman
高台,たかだい,takadai,普通名詞,場所-その他,,juman
高鼾,たかいびき,takaibiki,普通名詞,抽象物,家庭・暮らし,juman
多角形,たかくけい,takakukei,普通名詞,形・模様,,juman
高波,たかなみ,takanami,普通名詞,抽象物,,manual
高根,たかね,takane,普通名詞,場所-自然,,juman
高望み,たかのぞみ,takanozomi,サ変名詞,抽象物,,juman
宝,たから,takara,普通名詞,人工物-その他,,juman
宝船,たからぶね,takarabune,普通名詞,人工物-乗り物,,juman
宝籤,たからくじ,takarakuji,普通名詞,人工物-その他,レクリエーション,juman
宝物,たからもの,takaramono,普通名詞,抽象物,,manual
高潮,たかしお,takashio,普通名詞,抽象物,,manual
高跳び,たかとび,takatobi,サ変名詞,抽象物,スポーツ,juman
高床,たかゆか,takayuka,普通名詞,場所-施設部位,,juman
岳,たけ,take,普通名詞,場所-自然,,juman
竹籤,たけひご,takehigo,普通名詞,人工物-その他,,juman
竹篭,たけかご,takekago,普通名詞,人工物-その他,,juman
丈比べ,たけくらべ,takekurabe,サ変名詞,抽象物,家庭・暮らし,juman
筍,たけのこ,takenoko,普通名詞,植物-部位;人工物-食べ物,料理・食事,juman
竹蜻蛉,たけとんぼ,taketonbo,普通名詞,人工物-その他,レクリエーション,juman
竹取,たけとり,taketori,普通名詞,抽象物,,manual
竹馬,たけうま,takeuma,普通名詞,人工物-その他,レクリエーション,juman
竹藪,たけやぶ,takeyabu,普通名詞,場所-自然,,juman
竹細工,たけざいく,takezaiku,普通名詞,人工物-その他,,juman
竹筒,たけづつ,takezutsu,普通名詞,人工物-その他,,juman
滝,たき,taki,普通名詞,場所-自然,,juman
焚き火,たきび,takibi,サ変名詞,抽象物,家庭・暮らし,juman
炊き出し,たきだし,takidashi,サ変名詞,抽象物,料理・食事,juman
滝壺,たきつぼ,takitsubo,普通名詞,場所-自然,,juman
蛸,たこ,tako,普通名詞,動物;人工物-食べ物,料理・食事,juman
蛸焼き,たこやき,takoyaki,普通名詞,人工物-食べ物,料理・食事,juman
沢庵,たくあん,takuan,普通名詞,人工物-食べ物,料理・食事,juman
宅地,たくち,takuchi,普通名詞,場所-その他,,juman
托鉢,たくはつ,takuhatsu,サ変名詞,抽象物,文化・芸術,juman
拓本,たくほん,takuhon,普通名詞,抽象物,文化・芸術,juman
卓上,たくじょう,takujo,普通名詞,場所-その他,,juman
弾,たま,tama,普通名詞,人工物-その他,,juman
卵,たまご,tamago,普通名詞,人工物-食べ物;自然物,,juman
卵焼き,たまごやき,tamagoyaki,普通名詞,人工物-食べ物,料理・食事,juman
玉串,たまぐし,tamagushi,普通名詞,植物-部位,文化・芸術,juman
賜物,たまもの,tamamono,普通名詞,人工物-その他,,juman
玉虫,たまむし,tamamushi,普通名詞,動物,,juman
玉葱,たまねぎ,tamanegi,普通名詞,植物;人工物-食べ物,料理・食事,juman
溜まり場,たまりば,tamariba,普通名詞,場所-その他,,juman
魂,たましい,tamashii,普通名詞,抽象物,文化・芸術,juman
玉突き,たまつき,tamatsuki,サ変名詞,抽象物,レクリエーション;交通,juman
溜め池,ためいけ,tameike,普通名詞,場所-その他,,juman
溜め息,ためいき,tameiki,普通名詞,抽象物,,juman
民,たみ,tami,普通名詞,人,,juman
袂,たもと,tamoto,普通名詞,人工物-その他,,juman
棚,たな,tana,普通名詞,人工物-その他;場所-施設部位,,juman
七夕,たなばた,tanabata,普通名詞,抽象物,家庭・暮らし,juman
淡墨,たんぼく,tanboku,普通名詞,色,,juman
種,たね,tane,普通名詞,人工物-その他,,juman
種油,たねあぶら,taneabura,普通名詞,自然物,料理・食事,juman
種明かし,たねあかし,taneakashi,サ変名詞,抽象物,文化・芸術,juman
種芋,たねいも,taneimo,普通名詞,植物,,juman
種蒔き,たねまき,tanemaki,サ変名詞,抽象物,,juman
谷,たに,tani,普通名詞,場所-自然,,juman
谷あい,たにあい,taniai,普通名詞,場所-自然,,juman
谷川,たにがわ,tanigawa,普通名詞,場所-自然,,juman
谷間,たにま,tanima,普通名詞,場所-自然,,juman
谷底,たにそこ,tanisoko,普通名詞,場所-自然,,juman
誕生日,たんじょうび,tanjobi,普通名詞,時間,家庭・暮らし,juman
胆汁,たんじゅう,tanju,普通名詞,自然物,健康・医学,juman
短期,たんき,tanki,時相名詞,時間,,juman
単行本,たんこうぼん,tankobon,普通名詞,人工物-その他;抽象物,文化・芸術,juman
反物,たんもの,tanmono,普通名詞,人工物-その他,家庭・暮らし,juman
蛋白,たんぱく,tanpaku,普通名詞,自然物,健康・医学;料理・食事,juman
単品,たんぴん,tanpin,普通名詞,人工物-その他,,juman
たんぽぽ,たんぽぽ,tanpopo,普通名詞,植物,,juman
単複,たんぷく,tanpuku,普通名詞,抽象物,スポーツ,juman
鍛錬,たんれん,tanren,サ変名詞,抽象物,,manual
炭酸,たんさん,tansan,普通名詞,自然物,料理・食事,juman
短針,たんしん,tanshin,普通名詞,人工物-その他,,juman
淡色,たんしょく,tanshoku,普通名詞,色,,juman
短縮,たんしゅく,tanshuku,サ変名詞,抽象物,,manual
炭素,たんそ,tanso,普通名詞,自然物,,juman
嘆息,たんそく,tansoku,サ変名詞,抽象物,,manual
淡水,たんすい,tansui,普通名詞,自然物,,juman
探偵,たんてい,tantei,サ変名詞,人,,juman
狸,たぬき,tanuki,普通名詞,動物,,juman
短冊,たんざく,tanzaku,普通名詞,人工物-その他,文化・芸術,juman
鱈,たら,tara,普通名詞,動物;人工物-食べ物,料理・食事,juman
盥,たらい,tarai,普通名詞,人工物-その他,家庭・暮らし,juman
鱈子,たらこ,tarako,普通名詞,人工物-食べ物;自然物,料理・食事,juman
垂れ幕,たれまく,taremaku,普通名詞,人工物-その他,,juman
多神教,たしんきょう,tashinkyo,普通名詞,抽象物,文化・芸術,juman
足し算,たしざん,tashizan,サ変名詞,抽象物,教育・学習,juman
黄昏,たそがれ,tasogare,普通名詞,時間,,juman
達成,たっせい,tassei,サ変名詞,抽象物,,manual
助け船,たすけぶね,tasukebune,普通名詞,抽象物,,juman
多数決,たすうけつ,tasuketsu,普通名詞,抽象物,,manual
襷掛け,たすきがけ,tasukigake,普通名詞,抽象物,家庭・暮らし,juman
畳,たたみ,tatami,普通名詞,人工物-その他,家庭・暮らし,juman
畳敷き,たたみじき,tatamijiki,普通名詞,抽象物,家庭・暮らし,juman
塔頭,たっちゅう,tatchu,普通名詞,場所-その他,文化・芸術,juman
盾,たて,tate,普通名詞,人工物-その他,,juman
竪穴,たてあな,tateana,普通名詞,場所-その他,,juman
縦笛,たてぶえ,tatebue,普通名詞,人工物-その他,文化・芸術,juman
立て札,たてふだ,tatefuda,普通名詞,人工物-その他,,juman
縦書き,たてがき,tategaki,サ変名詞,抽象物,,juman
鬣,たてがみ,tategami,普通名詞,動物-部位,,juman
竪琴,たてごと,tategoto,普通名詞,人工物-その他,文化・芸術,juman
建具,たてぐ,tategu,普通名詞,人工物-その他,家庭・暮らし,juman
縦糸,たていと,tateito,普通名詞,人工物-その他,,juman
縦軸,たてじく,tatejiku,普通名詞,形・模様,,juman
縦縞,たてじま,tatejima,普通名詞,形・模様,,juman
縦画,たてかく,tatekaku,普通名詞,形・模様,,juman
立て看板,たてかんばん,tatekanban,普通名詞,人工物-その他,,juman
建物,たてもの,tatemono,普通名詞,場所-施設,,juman
建て売り,たてうり,tateuri,普通名詞,場所-施設;抽象物,家庭・暮らし,juman
建屋,たてや,tateya,普通名詞,場所-施設,,juman
達人,たつじん,tatsujin,普通名詞,人,,juman
竜巻,たつまき,tatsumaki,普通名詞,抽象物,,manual
俵,たわら,tawara,普通名詞,人工物-その他,,juman
束子,たわし,tawashi,普通名詞,人工物-その他,家庭・暮らし,juman
手綱,たづな,tazuna,普通名詞,人工物-その他,,juman
手垢,てあか,teaka,普通名詞,自然物,,juman
手洗い,てあらい,tearai,サ変名詞,抽象物,家庭・暮らし,juman
手引き,てびき,tebiki,サ変名詞,抽象物,,juman
手袋,てぶくろ,tebukuro,普通名詞,人工物-衣類,家庭・暮らし,juman
手拍子,てびょうし,tebyoshi,サ変名詞,抽象物,文化・芸術,juman
手帳,てちょう,techo,普通名詞,人工物-その他,家庭・暮らし;ビジネス,juman
手玉,てだま,tedama,普通名詞,人工物-その他,,juman
手助け,てだすけ,tedasuke,サ変名詞,抽象物,,juman
手拭き,てふき,tefuki,普通名詞,人工物-その他,料理・食事,juman
手掛かり,てがかり,tegakari,普通名詞,抽象物,,juman
手書き,てがき,tegaki,サ変名詞,抽象物,,juman
手応え,てごたえ,tegotae,普通名詞,抽象物,,juman
天蚕糸,てぐす,tegusu,普通名詞,人工物-その他,レクリエーション,juman
手本,てほん,tehon,普通名詞,人工物-その他;抽象物,文化・芸術,juman
定番,ていばん,teiban,普通名詞,抽象物,,manual
堤防,ていぼう,teibo,普通名詞,場所-施設,,juman
低木,ていぼく,teiboku,普通名詞,植物,,juman
定置網,ていちあみ,teichiami,普通名詞,人工物-その他,,juman
停泊,ていはく,teihaku,サ変名詞,抽象物,交通,juman
剃髪,ていはつ,teihatsu,サ変名詞,抽象物,文化・芸術,juman
定時,ていじ,teiji,普通名詞,時間,,juman
定刻,ていこく,teikoku,普通名詞,時間,交通,juman
帝京,ていきょう,teikyo,普通名詞,場所-その他,,juman
弟妹,ていまい,teimai,普通名詞,人,家庭・暮らし,juman
手入れ,ていれ,teire,サ変名詞,抽象物,,juman
定例,ていれい,teirei,普通名詞,抽象物,,manual
停留所,ていりゅうじょ,teiryujo,普通名詞,場所-施設,交通,juman
偵察,ていさつ,teisatsu,サ変名詞,抽象物,,manual
停車場,ていしゃば,teishaba,普通名詞,場所-施設,交通,juman
停止,ていし,teishi,サ変名詞,抽象物,,manual
定食,ていしょく,teishoku,普通名詞,人工物-食べ物,料理・食事,juman
提出,ていしゅつ,teishutsu,サ変名詞,抽象物,,manual
邸宅,ていたく,teitaku,普通名詞,場所-施設,家庭・暮らし,juman
定点,ていてん,teiten,普通名詞,場所-機能,,juman
手品,てじな,tejina,普通名詞,抽象物,文化・芸術,juman
手順,てじゅん,tejun,普通名詞,抽象物,,manual
的中,てきちゅう,tekichu,サ変名詞,抽象物,,manual
適時,てきじ,tekiji,普通名詞,時間,,juman
敵陣,てきじん,tekijin,普通名詞,場所-その他,スポーツ,juman
適応,てきおう,tekio,サ変名詞,抽象物,,manual
適齢期,てきれいき,tekireiki,普通名詞,時間,家庭・暮らし,juman
適役,てきやく,tekiyaku,普通名詞,抽象物,文化・芸術,juman
鉄琴,てっきん,tekkin,普通名詞,人工物-その他,文化・芸術,juman
鉄骨,てっこつ,tekkotsu,普通名詞,人工物-その他,,juman
手漕ぎ,てこぎ,tekogi,普通名詞,抽象物,レクリエーション,juman
手首,てくび,tekubi,普通名詞,動物-部位,,juman
手癖,てくせ,tekuse,普通名詞,抽象物,,manual
手招き,てまねき,temaneki,サ変名詞,抽象物,,juman
手回り,てまわり,temawari,普通名詞,抽象物,家庭・暮らし,juman
天,てん,ten,普通名詞,場所-自然,,manual
手直し,てなおし,tenaoshi,サ変名詞,抽象物,,juman
手習い,てならい,tenarai,サ変名詞,抽象物,文化・芸術;教育・学習,juman
天馬,てんば,tenba,普通名詞,動物,文化・芸術,juman
天引き,てんびき,tenbiki,サ変名詞,抽象物,家庭・暮らし;ビジネス,juman
天秤,てんびん,tenbin,普通名詞,人工物-その他,,juman
天丼,てんどん,tendon,普通名詞,人工物-食べ物,料理・食事,juman
天国,てんごく,tengoku,普通名詞,場所-その他,,juman
天草,てんぐさ,tengusa,普通名詞,植物,,juman
天上,てんじょう,tenjo,サ変名詞,場所-自然,文化・芸術,juman
転換,てんかん,tenkan,サ変名詞,抽象物,,manual
篆刻,てんこく,tenkoku,サ変名詞,抽象物,文化・芸術,juman
天空,てんくう,tenku,普通名詞,場所-自然,,juman
天球,てんきゅう,tenkyu,普通名詞,場所-その他,,juman
天窓,てんまど,tenmado,普通名詞,場所-施設部位,家庭・暮らし,juman
天幕,てんまく,tenmaku,普通名詞,人工物-その他,,juman
伝馬船,てんません,tenmasen,普通名詞,人工物-乗り物,,juman
天命,てんめい,tenmei,普通名詞,抽象物,,manual
点滅,てんめつ,tenmetsu,サ変名詞,抽象物,,manual
天然,てんねん,tennen,普通名詞,抽象物,,manual
天王星,てんのうせい,tennosei,普通名詞,自然物,,juman
天王山,てんのうざん,tennozan,普通名詞,場所-その他;時間,,juman
天女,てんにょ,tennyo,普通名詞,人,文化・芸術,juman
手の平,てのひら,tenohira,普通名詞,動物-部位,,juman
手の甲,てのこう,tenoko,普通名詞,動物-部位,,juman
天火,てんぴ,tenpi,普通名詞,抽象物,料理・食事,juman
転覆,てんぷく,tenpuku,サ変名詞,抽象物,交通,juman
天麩羅,てんぷら,tenpura,普通名詞,人工物-食べ物,料理・食事,juman
転落,てんらく,tenraku,サ変名詞,抽象物,,manual
添削,てんさく,tensaku,サ変名詞,抽象物,教育・学習,juman
転籍,てんせき,tenseki,サ変名詞,抽象物,教育・学習;政治,juman
天心,てんしん,tenshin,普通名詞,場所-機能,文化・芸術,juman
天守閣,てんしゅかく,tenshukaku,普通名詞,場所-施設,,juman
転出,てんしゅつ,tenshutsu,サ変名詞,抽象物,家庭・暮らし,juman
天体,てんたい,tentai,普通名詞,自然物,,juman
天敵,てんてき,tenteki,普通名詞,動物,,juman
転轍機,てんてつき,tentetsuki,普通名詞,人工物-その他,交通,juman
てんとう虫,てんとうむし,tentomushi,普通名詞,動物,,juman
手拭い,てぬぐい,tenugui,普通名詞,人工物-その他,家庭・暮らし,juman
点訳,てんやく,tenyaku,サ変名詞,抽象物,家庭・暮らし,juman
手桶,ておけ,teoke,普通名詞,人工物-その他,家庭・暮らし,juman
鉄板,てっぱん,teppan,普通名詞,人工物-その他,,juman
鉄壁,てっぺき,teppeki,普通名詞,場所-施設部位,,juman
鉄筆,てっぴつ,teppitsu,普通名詞,人工物-その他,文化・芸術,juman
鉄砲,てっぽう,teppo,普通名詞,人工物-その他,,juman
寺,てら,tera,普通名詞,場所-施設,文化・芸術,juman
寺子屋,てらこや,terakoya,普通名詞,場所-施設,教育・学習,juman
照り返し,てりかえし,terikaeshi,サ変名詞,抽象物,,juman
照り焼き,てりやき,teriyaki,普通名詞,人工物-食べ物,料理・食事,juman
手提げ,てさげ,tesage,普通名詞,人工物-その他,,juman
手探り,てさぐり,tesaguri,サ変名詞,抽象物,,juman
手製,てせい,tesei,普通名詞,抽象物,料理・食事,juman
手下,てした,teshita,普通名詞,人,,juman
手相,てそう,teso,普通名詞,抽象物,文化・芸術,juman
鉄柵,てっさく,tessaku,普通名詞,人工物-その他,,juman
鉄線,てっせん,tessen,普通名詞,人工物-その他,,juman
撤収,てっしゅう,tesshu,サ変名詞,抽象物,,manual
鉄則,てっそく,tessoku,普通名詞,抽象物,,manual
手摺り,てすり,tesuri,普通名詞,場所-施設部位,,juman
鉄,てつ,tetsu,普通名詞,自然物,,juman
鉄瓶,てつびん,tetsubin,普通名詞,人工物-その他,,juman
鉄棒,てつぼう,tetsubo,普通名詞,人工物-その他,レクリエーション;教育・学習,juman
鉄分,てつぶん,tetsubun,普通名詞,自然物,料理・食事,juman
哲学,てつがく,tetsugaku,普通名詞,抽象物,教育・学習;科学・技術,juman
鉄人,てつじん,tetsujin,普通名詞,人,,juman
鉄条網,てつじょうもう,tetsujomo,普通名詞,人工物-その他,,juman
手付け金,てつけきん,tetsukekin,普通名詞,人工物-金銭,家庭・暮らし;ビジネス,juman
徹夜,てつや,tetsuya,サ変名詞,抽象物,家庭・暮らし;教育・学習,juman
手続き,てつづき,tetsuzuki,サ変名詞,抽象物,,juman
手分け,てわけ,tewake,サ変名詞,抽象物,,juman
手役,てやく,teyaku,普通名詞,抽象物,レクリエーション,juman
手触り,てざわり,tezawari,普通名詞,抽象物,,juman
手作り,てづくり,tezukuri,サ変名詞,抽象物,,juman
投網,とあみ,toami,普通名詞,人工物-その他,,juman
遠浅,とおあさ,toasa,普通名詞,抽象物,,manual
鳶,とび,tobi,普通名詞,動物,,juman
跳び箱,とびばこ,tobibako,普通名詞,人工物-その他,教育・学習,juman
飛び道具,とびどうぐ,tobidogu,普通名詞,人工物-その他,,juman
鳶口,とびぐち,tobiguchi,普通名詞,人工物-その他,,juman
飛び火,とびひ,tobihi,サ変名詞,抽象物,,juman
飛び入り,とびいり,tobiiri,サ変名詞,抽象物,,juman
鳶色,とびいろ,tobiiro,普通名詞,色,,juman
飛び石,とびいし,tobiishi,普通名詞,自然物,,juman
飛び級,とびきゅう,tobikyu,サ変名詞,抽象物,教育・学習,juman
扉,とびら,tobira,普通名詞,場所-施設,,juman
鳶職,とびしょく,tobishoku,普通名詞,人,,juman
飛魚,とびうお,tobiuo,普通名詞,動物,料理・食事,juman
等分,とうぶん,tobun,サ変名詞,抽象物,,manual
到着,とうちゃく,tochaku,サ変名詞,抽象物,,manual
当直,とうちょく,tochoku,サ変名詞,人;抽象物,教育・学習;ビジネス,juman
途中,とちゅう,tochu,時相名詞,抽象物,,manual
灯台,とうだい,todai,普通名詞,人工物-その他,交通,juman
灯台守,とうだいもり,todaimori,普通名詞,人,,juman
戸棚,とだな,todana,普通名詞,人工物-その他,家庭・暮らし,juman
都電,とでん,toden,普通名詞,人工物-乗り物,交通,juman
遠縁,とおえん,toen,普通名詞,人,,juman
豆腐,とうふ,tofu,普通名詞,人工物-食べ物,料理・食事,juman
唐辛子,とうがらし,togarashi,普通名詞,植物;人工物-食べ物,料理・食事,juman
峠,とうげ,toge,普通名詞,場所-自然,,juman
戸口,とぐち,toguchi,普通名詞,場所-施設部位,,juman
戸車,とぐるま,toguruma,普通名詞,人工物-その他,,juman
頭髪,とうはつ,tohatsu,普通名詞,動物-部位,,juman
東北東,とうほくとう,tohokuto,普通名詞,場所-機能,,juman
問,とい,toi,普通名詞,抽象物,,juman
吐息,といき,toiki,サ変名詞,抽象物,,manual
統一,とういつ,toitsu,サ変名詞,抽象物,,manual
陶磁器,とうじき,tojiki,普通名詞,人工物-その他,文化・芸術;料理・食事,juman
戸締まり,とじまり,tojimari,サ変名詞,抽象物,家庭・暮らし,juman
当日,とうじつ,tojitsu,時相名詞,時間,,juman
時計,とけい,tokei,普通名詞,人工物-その他,家庭・暮らし,juman
凍結,とうけつ,toketsu,サ変名詞,抽象物,,manual
鴇色,ときいろ,tokiiro,普通名詞,色,,juman
常磐木,ときわぎ,tokiwagi,普通名詞,植物,,juman
特権,とっけん,tokken,普通名詞,抽象物,,manual
特効,とっこう,tokko,普通名詞,抽象物,,manual
特急,とっきゅう,tokkyu,普通名詞,人工物-乗り物,交通,juman
床上げ,とこあげ,tokoage,サ変名詞,抽象物,家庭・暮らし,juman
常夏,とこなつ,tokonatsu,普通名詞,抽象物,,manual
床の間,とこのま,tokonoma,普通名詞,場所-施設部位,家庭・暮らし,juman
所,ところ,tokoro,普通名詞,場所-機能,,juman
所書き,ところがき,tokorogaki,普通名詞,抽象物,家庭・暮らし,juman
心太,ところてん,tokoroten,普通名詞,人工物-食べ物,料理・食事,juman
頭骨,とうこつ,tokotsu,普通名詞,動物-部位,,juman
床屋,とこや,tokoya,普通名詞,場所-施設,家庭・暮らし,juman
特売,とくばい,tokubai,サ変名詞,抽象物,家庭・暮らし;ビジネス,juman
特徴,とくちょう,tokucho,普通名詞,抽象物,,manual
特技,とくぎ,tokugi,普通名詞,抽象物,,manual
読本,とくほん,tokuhon,普通名詞,人工物-その他;抽象物,文化・芸術;教育・学習,juman
匿名,とくめい,tokumei,普通名詞,抽象物,,manual
特産,とくさん,tokusan,普通名詞,人工物-その他,,juman
特撮,とくさつ,tokusatsu,普通名詞,抽象物,文化・芸術;メディア,juman
特製,とくせい,tokusei,サ変名詞,抽象物,,manual
特色,とくしょく,tokushoku,普通名詞,抽象物,,manual
特定,とくてい,tokutei,サ変名詞,抽象物,,manual
得点,とくてん,tokuten,サ変名詞,抽象物,スポーツ,juman
徒競走,ときょうそう,tokyoso,普通名詞,抽象物,スポーツ;教育・学習,juman
戸前,とまえ,tomae,普通名詞,場所-その他,,juman
泊まり掛け,とまりがけ,tomarigake,普通名詞,抽象物,家庭・暮らし,juman
止まり木,とまりぎ,tomarigi,普通名詞,人工物-その他,,juman
遠回り,とおまわり,tomawari,サ変名詞,抽象物,,juman
留め針,とめばり,tomebari,普通名詞,人工物-その他,家庭・暮らし,juman
留め金,とめがね,tomegane,普通名詞,人工物-その他,,juman
留め具,とめぐ,tomegu,普通名詞,人工物-その他,,juman
富,とみ,tomi,普通名詞,人工物-金銭,,juman
富籤,とみくじ,tomikuji,普通名詞,人工物-その他,レクリエーション,juman
供,とも,tomo,普通名詞,人;抽象物,,juman
友達,ともだち,tomodachi,普通名詞,人,家庭・暮らし,juman
灯し火,ともしび,tomoshibi,普通名詞,抽象物,家庭・暮らし,juman
纜,ともづな,tomozuna,普通名詞,人工物-その他,交通,juman
灯明,とうみょう,tomyo,普通名詞,抽象物,文化・芸術;家庭・暮らし,juman
隣り,となり,tonari,普通名詞,場所-その他,,juman
蜻蛉,とんぼ,tonbo,普通名詞,動物,,juman
とんぼ返り,とんぼがえり,tonbogaeri,サ変名詞,抽象物,スポーツ;交通,juman
当人,とうにん,tonin,普通名詞,人,,juman
豚汁,とんじる,tonjiru,普通名詞,人工物-食べ物,料理・食事,juman
殿,との,tono,普通名詞,人,,juman
豆乳,とうにゅう,tonyu,普通名詞,人工物-食べ物;自然物,料理・食事,juman
突破,とっぱ,toppa,サ変名詞,抽象物,,manual
突発,とっぱつ,toppatsu,サ変名詞,抽象物,,manual
虎,とら,tora,普通名詞,動物,,juman
虎の子,とらのこ,toranoko,普通名詞,人工物-金銭,,juman
鳥,とり,tori,普通名詞,動物,,juman
通り雨,とおりあめ,toriame,普通名詞,抽象物,,juman
砦,とりで,toride,普通名詞,場所-施設,,juman
鳥小屋,とりごや,torigoya,普通名詞,場所-施設,,juman
鳥居,とりい,torii,普通名詞,場所-施設,文化・芸術,juman
取り舵,とりかじ,torikaji,普通名詞,抽象物,交通,juman
虜,とりこ,toriko,普通名詞,人,,juman
取り口,とりくち,torikuchi,普通名詞,抽象物,スポーツ,juman
通り道,とおりみち,torimichi,普通名詞,場所-その他,,juman
鳥肉,とりにく,toriniku,普通名詞,人工物-食べ物,料理・食事,juman
酉の市,とりのいち,torinoichi,普通名詞,抽象物,家庭・暮らし,juman
通りすがり,とおりすがり,torisugari,普通名詞,抽象物,,juman
都立,とりつ,toritsu,普通名詞,抽象物,教育・学習;ビジネス;政治,juman
とろ火,とろび,torobi,普通名詞,自然物,料理・食事,juman
登録,とうろく,toroku,サ変名詞,抽象物,,manual
討論,とうろん,toron,サ変名詞,抽象物,,manual
とさか,とさか,tosaka,普通名詞,動物-部位,,juman
父さん,とうさん,tosan,普通名詞,人,家庭・暮らし,juman
謄写版,とうしゃばん,toshaban,普通名詞,人工物-その他,文化・芸術,juman
年,とし,toshi,時相名詞,時間,,juman
年明け,としあけ,toshiake,普通名詞,時間,,juman
年子,としご,toshigo,普通名詞,人,家庭・暮らし,juman
年頃,としごろ,toshigoro,普通名詞,時間,,juman
年越し,としこし,toshikoshi,サ変名詞,抽象物,家庭・暮らし,juman
年半,としなか,toshinaka,普通名詞,時間,,juman
年の瀬,としのせ,toshinose,時相名詞,時間,,juman
年女,としおんな,toshionna,普通名詞,人,家庭・暮らし,juman
年男,としおとこ,toshiotoko,普通名詞,人,家庭・暮らし,juman
年下,としした,toshishita,普通名詞,抽象物,,manual
糖質,とうしつ,toshitsu,普通名詞,自然物,料理・食事,juman
年上,としうえ,toshiue,普通名詞,抽象物,,manual
年寄り,としより,toshiyori,普通名詞,人,,juman
突進,とっしん,tosshin,サ変名詞,抽象物,,manual
突出,とっしゅつ,tosshutsu,サ変名詞,抽象物,,manual
到達,とうたつ,totatsu,サ変名詞,抽象物,,manual
突撃,とつげき,totsugeki,サ変名詞,抽象物,,manual
突入,とつにゅう,totsunyu,サ変名詞,抽象物,,manual
突端,とったん,tottan,普通名詞,場所-その他,,juman
取っ手,とって,totte,普通名詞,場所-その他,,juman
突堤,とってい,tottei,普通名詞,場所-施設,,juman
取って置き,とっておき,totteoki,普通名詞,抽象物,,juman
外様,とざま,tozama,普通名詞,人,,juman
登山口,とざんぐち,tozanguchi,普通名詞,場所-その他,,juman
椿,つばき,tsubaki,普通名詞,植物,,juman
燕,つばめ,tsubame,普通名詞,動物,,juman
翼,つばさ,tsubasa,普通名詞,動物-部位,,juman
蕾,つぼみ,tsubomi,普通名詞,植物-部位,,juman
粒,つぶ,tsubu,普通名詞,形・模様,,juman
通分,つうぶん,tsubun,サ変名詞,抽象物,教育・学習,juman
土,つち,tsuchi,普通名詞,自然物,,juman
槌音,つちおと,tsuchioto,普通名詞,抽象物,,manual
杖,つえ,tsue,普通名詞,人工物-その他,,juman
つがい,つがい,tsugai,普通名詞,動物,,juman
通学,つうがく,tsugaku,サ変名詞,抽象物,教育・学習,juman
告げ口,つげぐち,tsugeguchi,サ変名詞,抽象物,,juman
次,つぎ,tsugi,普通名詞,時間,,juman
接ぎ木,つぎき,tsugiki,サ変名詞,抽象物,,juman
継ぎ目,つぎめ,tsugime,普通名詞,場所-その他,,juman
鶇,つぐみ,tsugumi,普通名詞,動物,,juman
追弔,ついちょう,tsuicho,サ変名詞,抽象物,文化・芸術,juman
追加,ついか,tsuika,サ変名詞,抽象物,,manual
追究,ついきゅう,tsuikyu,サ変名詞,抽象物,教育・学習;科学・技術,juman
墜落,ついらく,tsuiraku,サ変名詞,抽象物,交通,juman
追跡,ついせき,tsuiseki,サ変名詞,抽象物,,manual
追試,ついし,tsuishi,サ変名詞,抽象物,教育・学習,juman
追伸,ついしん,tsuishin,普通名詞,抽象物,,manual
追走,ついそう,tsuiso,サ変名詞,抽象物,スポーツ,juman
衝立,ついたて,tsuitate,普通名詞,人工物-その他,家庭・暮らし,juman
追突,ついとつ,tsuitotsu,サ変名詞,抽象物,交通,juman
塚,つか,tsuka,普通名詞,場所-その他,,juman
痛感,つうかん,tsukan,サ変名詞,抽象物,,manual
束の間,つかのま,tsukanoma,普通名詞,時間,,juman
付け目,つけめ,tsukeme,普通名詞,場所-その他,,juman
漬け物,つけもの,tsukemono,普通名詞,人工物-食べ物,料理・食事,juman
付け根,つけね,tsukene,普通名詞,場所-その他,,juman
月,つき,tsuki,時相名詞,自然物,,juman
付き人,つきびと,tsukibito,普通名詞,人,文化・芸術,juman
月ごと,つきごと,tsukigoto,時相名詞,時間,,juman
月日,つきひ,tsukihi,普通名詞,時間,,juman
月見,つきみ,tsukimi,普通名詞,抽象物,,manual
付き物,つきもの,tsukimono,普通名詞,人工物-その他,,juman
月中,つきなか,tsukinaka,普通名詞,時間,,juman
月後れ,つきおくれ,tsukiokure,普通名詞,時間,,juman
築山,つきやま,tsukiyama,普通名詞,場所-自然,,juman
月夜,つきよ,tsukiyo,普通名詞,抽象物,,manual
月々,つきづき,tsukizuki,時相名詞,時間,,juman
通告,つうこく,tsukoku,サ変名詞,抽象物,,manual
通行人,つうこうにん,tsukonin,普通名詞,人,交通,juman
佃煮,つくだに,tsukudani,普通名詞,人工物-食べ物,料理・食事,juman
机,つくえ,tsukue,普通名詞,人工物-その他,教育・学習;ビジネス,juman
作り手,つくりて,tsukurite,普通名詞,人,,juman
土筆,つくし,tsukushi,普通名詞,植物-部位;人工物-食べ物,料理・食事,juman
妻,つま,tsuma,普通名詞,人,家庭・暮らし,juman
摘み食い,つまみぐい,tsumamigui,サ変名詞,抽象物,料理・食事,juman
爪先,つまさき,tsumasaki,普通名詞,動物-部位,,juman
爪楊枝,つまようじ,tsumayoji,普通名詞,人工物-その他,料理・食事,juman
爪痕,つめあと,tsumeato,普通名詞,抽象物,,manual
詰め合わせ,つめあわせ,tsumeawase,普通名詞,人工物-その他,家庭・暮らし;料理・食事,juman
詰め襟,つめえり,tsumeeri,普通名詞,人工物-その他,教育・学習,juman
積み木,つみき,tsumiki,普通名詞,人工物-その他,レクリエーション,juman
摘み草,つみくさ,tsumikusa,サ変名詞,抽象物,,juman
積み荷,つみに,tsumini,普通名詞,人工物-その他,,juman
積立,つみたて,tsumitate,サ変名詞,抽象物,ビジネス;家庭・暮らし,juman
紬,つむぎ,tsumugi,普通名詞,人工物-その他,,juman
つむじ,つむじ,tsumuji,普通名詞,動物-部位,,juman
綱,つな,tsuna,普通名詞,人工物-その他,,juman
つなぎ,つなぎ,tsunagi,普通名詞,抽象物,料理・食事,juman
繋ぎ目,つなぎめ,tsunagime,普通名詞,場所-その他,,juman
綱具,つなぐ,tsunagu,普通名詞,人工物-その他,,juman
綱引き,つなひき,tsunahiki,サ変名詞,抽象物,スポーツ,juman
津波,つなみ,tsunami,普通名詞,抽象物,,manual
常,つね,tsune,普通名詞,時間,,juman
通年,つうねん,tsunen,時相名詞,時間,,juman
角,つの,tsuno,普通名詞,動物-部位,,juman
角笛,つのぶえ,tsunobue,普通名詞,人工物-その他,,juman
面,つら,tsura,普通名詞,動物-部位,,juman
面構え,つらがまえ,tsuragamae,普通名詞,抽象物,,juman
連れ合い,つれあい,tsureai,普通名詞,人,家庭・暮らし,juman
釣り針,つりばり,tsuribari,普通名詞,人工物-その他,レクリエーション,juman
吊り橋,つりばし,tsuribashi,普通名詞,場所-施設,交通,juman
釣り人,つりびと,tsuribito,普通名詞,人,レクリエーション,juman
釣り堀,つりぼり,tsuribori,普通名詞,場所-施設,レクリエーション,juman
釣り鐘,つりがね,tsurigane,普通名詞,人工物-その他,,juman
釣り具,つりぐ,tsurigu,普通名詞,人工物-その他,レクリエーション,juman
釣り糸,つりいと,tsuriito,普通名詞,人工物-その他,レクリエーション,juman
吊り革,つりかわ,tsurikawa,普通名詞,人工物-その他,交通,juman
吊り輪,つりわ,tsuriwa,普通名詞,抽象物,,juman
釣り竿,つりざお,tsurizao,普通名詞,人工物-その他,レクリエーション,juman
鶴,つる,tsuru,普通名詞,動物,,juman
釣瓶,つるべ,tsurube,普通名詞,人工物-その他,,juman
鶴嘴,つるはし,tsuruhashi,普通名詞,人工物-その他,,juman
蔓草,つるくさ,tsurukusa,普通名詞,植物,,juman
通信,つうしん,tsushin,サ変名詞,抽象物,教育・学習;科学・技術;メディア,juman
通称,つうしょう,tsusho,普通名詞,抽象物,,manual
蔦,つた,tsuta,普通名詞,植物,,juman
通達,つうたつ,tsutatsu,サ変名詞,抽象物,,manual
筒,つつ,tsutsu,普通名詞,人工物-その他,,juman
つつじ,つつじ,tsutsuji,普通名詞,植物,,juman
堤,つつみ,tsutsumi,普通名詞,場所-施設,,juman
筒そで,つつそで,tsutsusode,普通名詞,人工物-衣類,,juman
強火,つよび,tsuyobi,普通名詞,自然物,料理・食事,juman
通用口,つうようぐち,tsuyoguchi,普通名詞,場所-施設部位,家庭・暮らし,juman
梅雨明け,つゆあけ,tsuyuake,サ変名詞,抽象物,,juman
梅雨入り,つゆいり,tsuyuiri,サ変名詞,抽象物,,juman
鼓,つづみ,tsuzumi,普通名詞,人工物-その他,文化・芸術,juman
葛籠,つづら,tsuzura,普通名詞,人工物-その他,,juman
葛折り,つづらおり,tsuzuraori,普通名詞,場所-その他,スポーツ,juman
産着,うぶぎ,ubugi,普通名詞,人工物-衣類,家庭・暮らし,juman
産声,うぶごえ,ubugoe,普通名詞,抽象物,家庭・暮らし,juman
産湯,うぶゆ,ubuyu,普通名詞,抽象物,家庭・暮らし,juman
内,うち,uchi,普通名詞,場所-機能;抽象物,,juman
内掛け,うちがけ,uchigake,普通名詞,抽象物,スポーツ,juman
内側,うちがわ,uchigawa,普通名詞,場所-機能,,juman
内祝い,うちいわい,uchiiwai,普通名詞,人工物-その他;抽象物,家庭・暮らし,juman
打ち掛け,うちかけ,uchikake,普通名詞,人工物-衣類,レクリエーション;スポーツ;家庭・暮らし,juman
内股,うちまた,uchimata,普通名詞,動物-部位;抽象物,スポーツ,juman
打ち水,うちみず,uchimizu,サ変名詞,抽象物,家庭・暮らし,juman
内海,うちうみ,uchiumi,普通名詞,場所-自然,,juman
団扇,うちわ,uchiwa,普通名詞,人工物-その他,,juman
内訳,うちわけ,uchiwake,普通名詞,抽象物,,manual
右中間,うちゅうかん,uchukan,普通名詞,場所-機能,スポーツ,juman
腕,うで,ude,普通名詞,動物-部位,,juman
腕試し,うでだめし,udedameshi,サ変名詞,抽象物,,juman
腕組み,うでぐみ,udegumi,サ変名詞,抽象物,,juman
腕比べ,うでくらべ,udekurabe,サ変名詞,抽象物,,juman
腕相撲,うでずもう,udezumo,普通名詞,抽象物,レクリエーション,juman
うどん,うどん,udon,普通名詞,人工物-食べ物,料理・食事,juman
植木鉢,うえきばち,uekibachi,普通名詞,人工物-その他,,juman
植え込み,うえこみ,uekomi,普通名詞,場所-その他,,juman
右岸,うがん,ugan,普通名詞,場所-自然,,juman
鶯,うぐいす,uguisu,普通名詞,動物,,juman
鴬色,うぐいすいろ,uguisuiro,普通名詞,色,,juman
氏,うじ,uji,普通名詞,抽象物,,juman
氏神,うじがみ,ujigami,普通名詞,人,文化・芸術,juman
氏子,うじこ,ujiko,普通名詞,人,文化・芸術,juman
受け答え,うけこたえ,ukekotae,サ変名詞,抽象物,,juman
受取,うけとり,uketori,普通名詞,抽象物,,manual
受付,うけつけ,uketsuke,普通名詞,抽象物,,manual
浮き彫り,うきぼり,ukibori,サ変名詞,抽象物,,juman
浮き袋,うきぶくろ,ukibukuro,普通名詞,動物-部位,,juman
浮き雲,うきぐも,ukigumo,普通名詞,自然物,,juman
浮き草,うきくさ,ukikusa,普通名詞,植物,,juman
浮き沈み,うきしずみ,ukishizumi,サ変名詞,抽象物,,juman
馬,うま,uma,普通名詞,動物,,juman
馬乗り,うまのり,umanori,サ変名詞,抽象物,,juman
生まれ故郷,うまれこきょう,umarekokyo,普通名詞,場所-その他,家庭・暮らし,juman
梅,うめ,ume,普通名詞,植物;人工物-食べ物,料理・食事,juman
梅干し,うめぼし,umeboshi,普通名詞,人工物-食べ物,料理・食事,juman
海,うみ,umi,普通名詞,場所-自然,,juman
海辺,うみべ,umibe,普通名詞,場所-自然,,juman
海開き,うみびらき,umibiraki,サ変名詞,抽象物,レクリエーション,juman
海鳥,うみどり,umidori,普通名詞,動物,,juman
海亀,うみがめ,umigame,普通名詞,動物,,juman
海蛇,うみへび,umihebi,普通名詞,動物,,juman
海鳴り,うみなり,uminari,普通名詞,抽象物,,juman
海猫,うみねこ,umineko,普通名詞,動物,,juman
埋もれ木,うもれぎ,umoregi,普通名詞,植物,,juman
海原,うなばら,unabara,普通名詞,場所-その他,,juman
鰻,うなぎ,unagi,普通名詞,動物;人工物-食べ物,料理・食事,juman
うんち,うんち,unchi,普通名詞,自然物,家庭・暮らし,juman
運賃,うんちん,unchin,普通名詞,人工物-金銭,交通,juman
雲泥,うんでい,undei,普通名詞,抽象物,,manual
運動靴,うんどうぐつ,undogutsu,普通名詞,人工物-衣類,スポーツ;家庭・暮らし,juman
畝,うね,une,普通名詞,場所-その他,,juman
運河,うんが,unga,普通名詞,場所-施設,交通,juman
雲海,うんかい,unkai,普通名詞,自然物,,juman
うんこ,うんこ,unko,普通名詞,自然物,家庭・暮らし,juman
運休,うんきゅう,unkyu,サ変名詞,抽象物,交通,juman
鵜呑み,うのみ,unomi,サ変名詞,抽象物,,juman
運搬,うんぱん,unpan,サ変名詞,抽象物,交通,juman
運転,うんてん,unten,サ変名詞,抽象物,交通,juman
運転手,うんてんしゅ,untenshu,普通名詞,人,交通,juman
運輸,うんゆ,unyu,サ変名詞,抽象物,交通,juman
魚河岸,うおがし,uogashi,普通名詞,場所-その他,料理・食事,juman
魚市場,うおいちば,uoichiba,普通名詞,場所-その他,料理・食事,juman
右往左往,うおうさおう,uosao,サ変名詞,抽象物,,manual
浦,うら,ura,普通名詞,場所-自然,,juman
裏話,うらばなし,urabanashi,普通名詞,抽象物,,manual
裏盆,うらぼん,urabon,普通名詞,時間,文化・芸術;家庭・暮らし,juman
裏通り,うらどおり,uradori,普通名詞,場所-その他,交通,juman
裏金,うらがね,uragane,普通名詞,人工物-金銭,,juman
裏地,うらじ,uraji,普通名詞,人工物-その他,家庭・暮らし,juman
裏白,うらじろ,urajiro,普通名詞,植物,,juman
裏方,うらかた,urakata,普通名詞,人,,juman
裏町,うらまち,uramachi,普通名詞,場所-その他,,juman
裏目,うらめ,urame,普通名詞,抽象物,,manual
裏道,うらみち,uramichi,普通名詞,場所-施設,交通,juman
占師,うらないし,uranaishi,普通名詞,人,文化・芸術,juman
裏庭,うらにわ,uraniwa,普通名詞,場所-施設部位,,juman
裏表,うらおもて,uraomote,普通名詞,抽象物,,manual
裏山,うらやま,urayama,普通名詞,場所-自然,,juman
売れっ子,うれっこ,urekko,普通名詞,人,,juman
嬉し泣き,うれしなき,ureshinaki,サ変名詞,抽象物,,juman
瓜,うり,uri,普通名詞,植物;人工物-食べ物,料理・食事,juman
売り物,うりもの,urimono,普通名詞,人工物-その他,,juman
うろ覚え,うろおぼえ,uroboe,普通名詞,抽象物,,juman
鱗,うろこ,uroko,普通名詞,動物-部位,,juman
鱗雲,うろこぐも,urokogumo,普通名詞,抽象物,,manual
粳,うるち,uruchi,普通名詞,植物;人工物-食べ物,料理・食事,juman
閏年,うるうどし,urudoshi,普通名詞,時間,,juman
煩型,うるさがた,urusagata,普通名詞,人,,juman
漆,うるし,urushi,普通名詞,植物,,juman
憂さ晴らし,うさばらし,usabarashi,サ変名詞,抽象物,,juman
兎,うさぎ,usagi,普通名詞,動物,,juman
右折,うせつ,usetsu,サ変名詞,抽象物,交通,juman
牛,うし,ushi,普通名詞,動物,料理・食事,juman
牛蛙,うしがえる,ushigaeru,普通名詞,動物,,juman
牛飼い,うしかい,ushikai,普通名詞,人,,juman
後ろ,うしろ,ushiro,普通名詞,場所-機能,,juman
後ろ足,うしろあし,ushiroashi,普通名詞,動物-部位,,juman
後ろ髪,うしろがみ,ushirogami,普通名詞,動物-部位,,juman
薄味,うすあじ,usuaji,普通名詞,抽象物,料理・食事,juman
薄日,うすび,usubi,普通名詞,抽象物,,manual
薄紙,うすがみ,usugami,普通名詞,人工物-その他,,juman
薄化粧,うすげしょう,usugesho,サ変名詞,抽象物,家庭・暮らし,juman
薄切り,うすぎり,usugiri,普通名詞,抽象物,料理・食事,juman
薄緑,うすみどり,usumidori,普通名詞,色,,juman
羅,うすもの,usumono,普通名詞,人工物-その他,,juman
薄墨,うすずみ,usuzumi,普通名詞,色,,juman
歌,うた,uta,普通名詞,抽象物,文化・芸術;レクリエーション,juman
歌合,うたあわせ,utaawase,普通名詞,抽象物,文化・芸術,juman
歌声,うたごえ,utagoe,普通名詞,抽象物,文化・芸術;レクリエーション,juman
歌姫,うたひめ,utahime,普通名詞,人,文化・芸術,juman
謡,うたい,utai,普通名詞,抽象物,文化・芸術,juman
歌い手,うたいて,utaite,普通名詞,人,文化・芸術,juman
転寝,うたたね,utatane,サ変名詞,抽象物,家庭・暮らし,juman
雨天,うてん,uten,普通名詞,抽象物,,manual
器,うつわ,utsuwa,普通名詞,人工物-その他,,juman
上顎,うわあご,uwaago,普通名詞,動物-部位,健康・医学,juman
上履き,うわばき,uwabaki,普通名詞,人工物-衣類,教育・学習,juman
上書き,うわがき,uwagaki,サ変名詞,抽象物,,juman
上薬,うわぐすり,uwagusuri,普通名詞,人工物-その他,文化・芸術,juman
上っ張り,うわっぱり,uwappari,普通名詞,人工物-衣類,家庭・暮らし,juman
噂,うわさ,uwasa,サ変名詞,抽象物,,manual
渦,うず,uzu,普通名詞,抽象物,,juman
鶉,うずら,uzura,普通名詞,動物,,juman
渦潮,うずしお,uzushio,普通名詞,抽象物,,manual
詫び状,わびじょう,wabijo,普通名詞,人工物-その他,,juman
轍,わだち,wadachi,普通名詞,人工物-その他,,juman
和服,わふく,wafuku,普通名詞,人工物-衣類,家庭・暮らし,juman
我が輩,わがはい,wagahai,普通名詞,人,,juman
和菓子,わがし,wagashi,普通名詞,人工物-食べ物,料理・食事,juman
話芸,わげい,wagei,普通名詞,抽象物,文化・芸術,juman
輪切り,わぎり,wagiri,普通名詞,抽象物,料理・食事,juman
話術,わじゅつ,wajutsu,普通名詞,抽象物,文化・芸術,juman
若葉,わかば,wakaba,普通名詞,植物-部位,,juman
若木,わかぎ,wakagi,普通名詞,植物,,juman
若草,わかくさ,wakakusa,普通名詞,植物,,juman
若芽,わかめ,wakame,普通名詞,植物-部位,健康・医学,juman
若者,わかもの,wakamono,普通名詞,人,,juman
分からず屋,わからずや,wakarazuya,普通名詞,人,,juman
別れ際,わかれぎわ,wakaregiwa,時相名詞,時間,,juman
分かれ目,わかれめ,wakareme,普通名詞,場所-機能,,juman
訳,わけ,wake,普通名詞,抽象物,,juman
分け前,わけまえ,wakemae,普通名詞,人工物-その他,,juman
脇腹,わきばら,wakibara,普通名詞,動物-部位,,juman
脇見,わきみ,wakimi,サ変名詞,抽象物,交通,juman
脇道,わきみち,wakimichi,普通名詞,場所-その他,交通,juman
湧き水,わきみず,wakimizu,普通名詞,自然物,,juman
脇役,わきやく,wakiyaku,普通名詞,抽象物,文化・芸術,juman
脇差し,わきざし,wakizashi,普通名詞,人工物-その他,,juman
枠,わく,waku,普通名詞,人工物-その他;抽象物,,juman
枠組み,わくぐみ,wakugumi,普通名詞,抽象物,,juman
惑星,わくせい,wakusei,普通名詞,自然物,,juman
湾岸,わんがん,wangan,普通名詞,場所-自然,,juman
鰐,わに,wani,普通名詞,動物,,juman
和音,わおん,waon,普通名詞,抽象物,文化・芸術,juman
藁,わら,wara,普通名詞,植物,,juman
藁半紙,わらばんし,warabanshi,普通名詞,人工物-その他,,juman
童,わらべ,warabe,普通名詞,人,家庭・暮らし,juman
童歌,わらべうた,warabeuta,普通名詞,抽象物,レクリエーション,juman
藁葺き,わらぶき,warabuki,普通名詞,抽象物,,juman
藁履,わらぐつ,waragutsu,普通名詞,人工物-衣類,,juman
笑い顔,わらいがお,waraigao,普通名詞,抽象物,,juman
笑い声,わらいごえ,waraigoe,普通名詞,抽象物,,juman
笑い種,わらいぐさ,waraigusa,普通名詞,人工物-その他,,juman
笑い者,わらいもの,waraimono,普通名詞,人,,juman
わらじ,わらじ,waraji,普通名詞,人工物-衣類,,juman
我,われ,ware,普通名詞,人,,juman
割れ目,われめ,wareme,普通名詞,場所-その他,,juman
割れ物,われもの,waremono,普通名詞,人工物-その他,,juman
我々,われわれ,wareware,普通名詞,人,,juman
割,わり,wari,普通名詞,抽象物,,juman
割り箸,わりばし,waribashi,普通名詞,人工物-その他,料理・食事,juman
割り勘,わりかん,warikan,普通名詞,抽象物,,juman
割り前,わりまえ,warimae,普通名詞,人工物-金銭,,juman
割り付け,わりつけ,waritsuke,サ変名詞,抽象物,文化・芸術;メディア,juman
悪ふざけ,わるふざけ,warufuzake,サ変名詞,抽象物,,juman
悪者,わるもの,warumono,普通名詞,人,,juman
悪酔い,わるよい,waruyoi,サ変名詞,抽象物,料理・食事,juman
鷲,わし,washi,普通名詞,動物,,juman
和式,わしき,washiki,普通名詞,抽象物,家庭・暮らし,juman
和室,わしつ,washitsu,普通名詞,場所-施設,家庭・暮らし,juman
和食,わしょく,washoku,普通名詞,人工物-食べ物,料理・食事,juman
和装,わそう,waso,普通名詞,人工物-衣類,家庭・暮らし,juman
忘れ物,わすれもの,wasuremono,普通名詞,人工物-その他,,juman
綿,わた,wata,普通名詞,植物;人工物-その他,,juman
綿菓子,わたがし,watagashi,普通名詞,人工物-食べ物,料理・食事,juman
綿毛,わたげ,watage,普通名詞,植物-部位,,juman
綿雲,わたぐも,watagumo,普通名詞,自然物,,juman
綿入れ,わたいれ,wataire,普通名詞,人工物-衣類,家庭・暮らし,juman
渡り鳥,わたりどり,wataridori,普通名詞,動物,,juman
渡り廊下,わたりろうか,watariroka,普通名詞,場所-施設部位,,juman
私,わたし,watashi,普通名詞,人,,juman
渡し場,わたしば,watashiba,普通名詞,場所-施設,交通,juman
綿雪,わたゆき,watayuki,普通名詞,自然物,,juman
技,わざ,waza,普通名詞,抽象物,,juman
藪,やぶ,yabu,普通名詞,場所-自然,,juman
藪医者,やぶいしゃ,yabuisha,普通名詞,人,健康・医学,juman
流鏑馬,やぶさめ,yabusame,普通名詞,抽象物,文化・芸術,juman
宿,やど,yado,普通名詞,場所-施設,レクリエーション,juman
宿賃,やどちん,yadochin,普通名詞,人工物-金銭,,juman
宿借り,やどかり,yadokari,普通名詞,動物,,juman
宿主,やどぬし,yadonushi,普通名詞,人,健康・医学,juman
宿り木,やどりぎ,yadorigi,普通名詞,植物,,juman
宿屋,やどや,yadoya,普通名詞,場所-施設,レクリエーション,juman
野営,やえい,yaei,サ変名詞,抽象物,レクリエーション,juman
夜学,やがく,yagaku,普通名詞,場所-その他,教育・学習,juman
矢倉,やぐら,yagura,普通名詞,場所-施設,,juman
矢車,やぐるま,yaguruma,普通名詞,人工物-その他,,juman
野牛,やぎゅう,yagyu,普通名詞,動物,,juman
矢板,やいた,yaita,普通名詞,人工物-その他,,juman
矢印,やじるし,yajirushi,普通名詞,形・模様,,juman
野次馬,やじうま,yajiuma,普通名詞,人,,juman
野獣,やじゅう,yaju,普通名詞,動物,,juman
屋形船,やかたぶね,yakatabune,普通名詞,人工物-乗り物,交通,juman
焼け跡,やけあと,yakeato,普通名詞,抽象物,,juman
野犬,やけん,yaken,普通名詞,動物,,juman
焼け野原,やけのはら,yakenohara,普通名詞,場所-その他,,juman
焼き畑,やきばた,yakibata,普通名詞,抽象物,,juman
焼き芋,やきいも,yakiimo,普通名詞,人工物-食べ物,料理・食事,juman
焼き増し,やきまし,yakimashi,サ変名詞,抽象物,文化・芸術,juman
焼き餅,やきもち,yakimochi,普通名詞,人工物-食べ物,料理・食事,juman
焼き物,やきもの,yakimono,普通名詞,人工物-その他,料理・食事,juman
焼き直し,やきなおし,yakinaoshi,サ変名詞,抽象物,,juman
焼き肉,やきにく,yakiniku,普通名詞,人工物-食べ物,料理・食事,juman
焼き蕎麦,やきそば,yakisoba,普通名詞,人工物-食べ物,料理・食事,juman
焼き鳥,やきとり,yakitori,普通名詞,人工物-食べ物,料理・食事,juman
焼き魚,やきざかな,yakizakana,普通名詞,人工物-食べ物,料理・食事,juman
薬局,やっきょく,yakkyoku,普通名詞,場所-施設,健康・医学;家庭・暮らし,juman
夜光虫,やこうちゅう,yakochu,普通名詞,動物,,juman
訳文,やくぶん,yakubun,普通名詞,抽象物,文化・芸術,juman
薬物,やくぶつ,yakubutsu,普通名詞,人工物-その他,健康・医学;科学・技術,juman
薬代,やくだい,yakudai,普通名詞,人工物-金銭,健康・医学,juman
役どころ,やくどころ,yakudokoro,普通名詞,抽象物,文化・芸術,juman
厄年,やくどし,yakudoshi,普通名詞,時間,家庭・暮らし,juman
役柄,やくがら,yakugara,普通名詞,抽象物,文化・芸術,juman
厄払い,やくはらい,yakuharai,サ変名詞,抽象物,文化・芸術,juman
薬品,やくひん,yakuhin,普通名詞,人工物-その他,健康・医学;科学・技術,juman
役回り,やくまわり,yakumawari,普通名詞,抽象物,,juman
薬味,やくみ,yakumi,普通名詞,人工物-食べ物,料理・食事,juman
役者,やくしゃ,yakusha,普通名詞,人,文化・芸術,juman
訳詞,やくし,yakushi,普通名詞,抽象物,文化・芸術,juman
躍進,やくしん,yakushin,サ変名詞,抽象物,,manual
薬草,やくそう,yakuso,普通名詞,植物;人工物-食べ物,健康・医学,juman
約束,やくそく,yakusoku,サ変名詞,抽象物,,manual
薬袋,やくたい,yakutai,普通名詞,人工物-その他,健康・医学,juman
役割,やくわり,yakuwari,普通名詞,抽象物,,manual
厄除,やくよけ,yakuyoke,サ変名詞,抽象物,文化・芸術,juman
薬剤,やくざい,yakuzai,普通名詞,人工物-その他,健康・医学;科学・技術,juman
薬膳,やくぜん,yakuzen,普通名詞,人工物-食べ物,料理・食事,juman
山,やま,yama,普通名詞,場所-自然,,juman
山荒らし,やまあらし,yamaarashi,普通名詞,動物,,juman
山歩き,やまあるき,yamaaruki,サ変名詞,抽象物,,juman
山彦,やまびこ,yamabiko,普通名詞,抽象物,,manual
山開き,やまびらき,yamabiraki,サ変名詞,抽象物,レクリエーション,juman
山鉾,やまぼこ,yamaboko,普通名詞,人工物-乗り物;人工物-その他,文化・芸術,juman
山吹,やまぶき,yamabuki,普通名詞,植物,,juman
山伏,やまぶし,yamabushi,普通名詞,人,文化・芸術,juman
山寺,やまでら,yamadera,普通名詞,場所-施設,文化・芸術,juman
山鳥,やまどり,yamadori,普通名詞,動物,,juman
山際,やまぎわ,yamagiwa,普通名詞,場所-自然,,juman
山越え,やまごえ,yamagoe,サ変名詞,抽象物,交通,juman
山小屋,やまごや,yamagoya,普通名詞,場所-施設,,juman
山国,やまぐに,yamaguni,普通名詞,場所-その他,,juman
山肌,やまはだ,yamahada,普通名詞,場所-その他,,juman
山芋,やまいも,yamaimo,普通名詞,植物;人工物-食べ物,料理・食事,juman
山路,やまじ,yamaji,普通名詞,場所-自然,,juman
山勘,やまかん,yamakan,普通名詞,抽象物,,manual
山崩れ,やまくずれ,yamakuzure,サ変名詞,抽象物,,juman
山道,やまみち,yamamichi,普通名詞,場所-自然,交通,juman
山盛り,やまもり,yamamori,普通名詞,抽象物,料理・食事,juman
山並み,やまなみ,yamanami,普通名詞,場所-自然,,juman
山鳴り,やまなり,yamanari,普通名詞,抽象物,,juman
山猫,やまねこ,yamaneko,普通名詞,動物,,juman
山登り,やまのぼり,yamanobori,サ変名詞,抽象物,レクリエーション,juman
山の手,やまのて,yamanote,普通名詞,場所-その他,,juman
山奥,やまおく,yamaoku,普通名詞,場所-その他,,juman
山男,やまおとこ,yamaotoko,普通名詞,人,,juman
山裾,やますそ,yamasuso,普通名詞,場所-自然,,juman
山手,やまて,yamate,普通名詞,場所-その他,,juman
山姥,やまうば,yamauba,普通名詞,人,,juman
山分け,やまわけ,yamawake,サ変名詞,抽象物,,juman
山焼き,やまやき,yamayaki,サ変名詞,抽象物,,juman
山桜,やまざくら,yamazakura,普通名詞,植物,,juman
山里,やまざと,yamazato,普通名詞,場所-その他,,juman
山積み,やまづみ,yamazumi,サ変名詞,抽象物,,juman
闇市,やみいち,yamiichi,普通名詞,場所-その他,,juman
闇夜,やみよ,yamiyo,普通名詞,抽象物,,manual
寡婦,やもめ,yamome,普通名詞,人,家庭・暮らし,juman
守宮,やもり,yamori,普通名詞,動物,,juman
柳,やなぎ,yanagi,普通名詞,植物,,juman
蜻蜒,やんま,yanma,普通名詞,動物,,juman
家主,やぬし,yanushi,普通名詞,人,家庭・暮らし,juman
八百長,やおちょう,yaocho,サ変名詞,抽象物,スポーツ,juman
矢面,やおもて,yaomote,普通名詞,場所-その他,,juman
八百屋,やおや,yaoya,普通名詞,場所-施設,料理・食事,juman
遣り場,やりば,yariba,普通名詞,場所-その他,,juman
やりがい,やりがい,yarigai,普通名詞,抽象物,,juman
遣り繰り,やりくり,yarikuri,サ変名詞,抽象物,,juman
槍投げ,やりなげ,yarinage,普通名詞,抽象物,スポーツ,juman
遺り手,やりて,yarite,普通名詞,人,,juman
遣り取り,やりとり,yaritori,サ変名詞,抽象物,,juman
家探し,やさがし,yasagashi,サ変名詞,抽象物,家庭・暮らし,juman
野菜,やさい,yasai,普通名詞,植物;人工物-食べ物,料理・食事,juman
屋敷,やしき,yashiki,普通名詞,場所-施設,家庭・暮らし,juman
野心,やしん,yashin,普通名詞,抽象物,,manual
社,やしろ,yashiro,普通名詞,場所-施設,文化・芸術,juman
夜食,やしょく,yashoku,普通名詞,人工物-食べ物,料理・食事,juman
安物,やすもの,yasumono,普通名詞,人工物-その他,,juman
八つ当たり,やつあたり,yatsuatari,サ変名詞,抽象物,,juman
八手,やつで,yatsude,普通名詞,植物,,juman
鋏,やっとこ,yattoko,普通名詞,人工物-その他,,juman
ややこ,ややこ,yayako,普通名詞,人,家庭・暮らし,juman
弥生,やよい,yayoi,時相名詞,時間,,juman
夜明かし,よあかし,yoakashi,サ変名詞,抽象物,,juman
夜明け,よあけ,yoake,普通名詞,抽象物;時間,,juman
夜明け前,よあけまえ,yoakemae,時相名詞,時間,,juman
呼び声,よびごえ,yobigoe,普通名詞,抽象物,,juman
呼び子,よびこ,yobiko,普通名詞,人工物-その他,,juman
呼び名,よびな,yobina,普通名詞,抽象物,,juman
呼び鈴,よびりん,yobirin,普通名詞,人工物-その他,家庭・暮らし,juman
幼稚園,ようちえん,yochien,普通名詞,場所-施設,教育・学習,juman
幼鳥,ようちょう,yocho,普通名詞,動物,,juman
預貯金,よちょきん,yochokin,普通名詞,人工物-金銭,家庭・暮らし;ビジネス,juman
涎,よだれ,yodare,普通名詞,自然物,,juman
淀,よど,yodo,普通名詞,場所-自然,,juman
溶液,ようえき,yoeki,普通名詞,人工物-その他,教育・学習;科学・技術,juman
夜更かし,よふかし,yofukashi,サ変名詞,抽象物,家庭・暮らし,juman
洋服,ようふく,yofuku,普通名詞,人工物-衣類,家庭・暮らし,juman
溶岩,ようがん,yogan,普通名詞,自然物,,juman
洋菓子,ようがし,yogashi,普通名詞,人工物-食べ物,料理・食事,juman
夜毎,よごと,yogoto,時相名詞,時間,,juman
幼魚,ようぎょ,yogyo,普通名詞,動物,,juman
余波,よは,yoha,普通名詞,抽象物,,manual
葉柄,ようへい,yohei,普通名詞,植物-部位,,juman
洋品,ようひん,yohin,普通名詞,人工物-その他,,juman
宵,よい,yoi,時相名詞,時間,,juman
要員,よういん,yoin,普通名詞,人,,juman
宵の明星,よいのみょうじょう,yoinomyojo,普通名詞,自然物,,juman
宵っ張り,よいっぱり,yoippari,普通名詞,抽象物,家庭・暮らし,juman
宵闇,よいやみ,yoiyami,普通名詞,時間,,juman
用心棒,ようじんぼう,yojinbo,普通名詞,人,,juman
余日,よじつ,yojitsu,時相名詞,時間,,juman
妖怪,ようかい,yokai,普通名詞,人,文化・芸術,juman
夜風,よかぜ,yokaze,普通名詞,抽象物,,manual
横,よこ,yoko,普通名詞,場所-機能,,juman
横合い,よこあい,yokoai,普通名詞,場所-その他,,juman
横穴,よこあな,yokoana,普通名詞,人工物-その他,,juman
横笛,よこぶえ,yokobue,普通名詞,人工物-その他,文化・芸術,juman
横丁,よこちょう,yokocho,普通名詞,場所-その他,,juman
横取り,よこどり,yokodori,サ変名詞,抽象物,,juman
横書き,よこがき,yokogaki,サ変名詞,抽象物,,juman
横顔,よこがお,yokogao,普通名詞,動物-部位,,juman
横糸,よこいと,yokoito,普通名詞,人工物-その他,,juman
横軸,よこじく,yokojiku,普通名詞,形・模様,,juman
横縞,よこじま,yokojima,普通名詞,形・模様,,juman
横画,よこかく,yokokaku,普通名詞,形・模様,,juman
横風,よこかぜ,yokokaze,普通名詞,抽象物,,manual
横目,よこめ,yokome,普通名詞,抽象物,,manual
横道,よこみち,yokomichi,普通名詞,場所-施設,,juman
横波,よこなみ,yokonami,普通名詞,抽象物,,manual
横付け,よこづけ,yokozuke,サ変名詞,抽象物,交通,juman
横綱,よこづな,yokozuna,普通名詞,人,スポーツ,juman
翌朝,よくあさ,yokuasa,時相名詞,時間,,juman
翌晩,よくばん,yokuban,時相名詞,時間,,juman
翌月,よくげつ,yokugetsu,時相名詞,時間,,juman
翌日,よくじつ,yokujitsu,時相名詞,時間,,juman
浴場,よくじょう,yokujo,普通名詞,場所-施設,レクリエーション,juman
翌年,よくねん,yokunen,時相名詞,時間,,juman
浴室,よくしつ,yokushitsu,普通名詞,場所-施設,家庭・暮らし,juman
翌週,よくしゅう,yokushu,時相名詞,時間,,juman
翌春,よくしゅん,yokushun,時相名詞,時間,,juman
謡曲,ようきょく,yokyoku,普通名詞,抽象物,文化・芸術,juman
夜回り,よまわり,yomawari,サ変名詞,抽象物,,juman
嫁,よめ,yome,普通名詞,人,家庭・暮らし,juman
嫁入り,よめいり,yomeiri,サ変名詞,抽象物,家庭・暮らし,juman
夜道,よみち,yomichi,普通名詞,場所-その他,,juman
読み書き,よみかき,yomikaki,普通名詞,抽象物,,juman
読み物,よみもの,yomimono,普通名詞,人工物-その他;抽象物,文化・芸術;メディア,juman
夜店,よみせ,yomise,普通名詞,場所-施設,ビジネス;レクリエーション,juman
蓬,よもぎ,yomogi,普通名詞,植物;人工物-食べ物,料理・食事,juman
葉脈,ようみゃく,yomyaku,普通名詞,植物-部位,,juman
夜なべ,よなべ,yonabe,サ変名詞,抽象物,家庭・暮らし,juman
夜長,よなが,yonaga,普通名詞,抽象物,,manual
夜泣き,よなき,yonaki,サ変名詞,抽象物,家庭・暮らし,juman
余熱,よねつ,yonetsu,普通名詞,抽象物,料理・食事,juman
羊肉,ようにく,yoniku,普通名詞,人工物-食べ物,料理・食事,juman
世の中,よのなか,yononaka,普通名詞,抽象物,,juman
寄り道,よりみち,yorimichi,サ変名詞,抽象物,,juman
鎧,よろい,yoroi,普通名詞,人工物-衣類,,juman
鎧戸,よろいど,yoroido,普通名詞,場所-施設,,juman
夜,よる,yoru,時相名詞,時間,,juman
寄る辺,よるべ,yorube,普通名詞,場所-その他,,juman
余力,よりょく,yoryoku,普通名詞,抽象物,,manual
葉緑素,ようりょくそ,yoryokuso,普通名詞,植物-部位,料理・食事,juman
寄せ集め,よせあつめ,yoseatsume,普通名詞,抽象物,,juman
寄せ書き,よせがき,yosegaki,サ変名詞,抽象物,,juman
善し悪し,よしあし,yoshiashi,普通名詞,抽象物,,juman
洋式,ようしき,yoshiki,普通名詞,抽象物,家庭・暮らし,juman
洋室,ようしつ,yoshitsu,普通名詞,場所-施設,家庭・暮らし,juman
葦簀,よしず,yoshizu,普通名詞,人工物-その他,家庭・暮らし,juman
洋食,ようしょく,yoshoku,普通名詞,人工物-食べ物,料理・食事,juman
洋酒,ようしゅ,yoshu,普通名詞,人工物-食べ物,料理・食事,juman
予測,よそく,yosoku,サ変名詞,抽象物,,manual
余所者,よそもの,yosomono,普通名詞,人,,juman
四隅,よすみ,yosumi,普通名詞,場所-その他,,juman
用足し,ようたし,yotashi,サ変名詞,抽象物,家庭・暮らし,juman
要点,ようてん,yoten,普通名詞,抽象物,,manual
世継ぎ,よつぎ,yotsugi,普通名詞,人,,juman
腰椎,ようつい,yotsui,普通名詞,動物-部位,健康・医学,juman
四つ角,よつかど,yotsukado,普通名詞,場所-その他,,juman
四つ辻,よつつじ,yotsutsuji,普通名詞,場所-その他,,juman
夜露,よつゆ,yotsuyu,普通名詞,抽象物,,manual
弱火,よわび,yowabi,普通名詞,自然物,料理・食事,juman
弱虫,よわむし,yowamushi,普通名詞,人,,juman
弱音,よわね,yowane,普通名詞,抽象物,,manual
世渡り,よわたり,yowatari,サ変名詞,抽象物,,juman
要約,ようやく,yoyaku,サ変名詞,抽象物,,manual
夜空,よぞら,yozora,普通名詞,場所-自然,,juman
湯上がり,ゆあがり,yuagari,普通名詞,抽象物,家庭・暮らし,juman
湯浴み,ゆあみ,yuami,サ変名詞,抽象物,家庭・暮らし,juman
夕映え,ゆうばえ,yubae,普通名詞,抽象物,,juman
指,ゆび,yubi,普通名詞,動物-部位,,juman
指切り,ゆびきり,yubikiri,サ変名詞,抽象物,,juman
指貫き,ゆびぬき,yubinuki,普通名詞,人工物-その他,家庭・暮らし,juman
指折り,ゆびおり,yubiori,普通名詞,抽象物,,juman
指先,ゆびさき,yubisaki,普通名詞,動物-部位,,juman
指輪,ゆびわ,yubiwa,普通名詞,人工物-衣類,家庭・暮らし,juman
油分,ゆぶん,yubun,普通名詞,自然物,,juman
湯船,ゆぶね,yubune,普通名詞,人工物-その他,家庭・暮らし,juman
夕立,ゆうだち,yudachi,普通名詞,抽象物,,manual
油田,ゆでん,yuden,普通名詞,場所-その他,,juman
茹で卵,ゆでたまご,yudetamago,普通名詞,人工物-食べ物,料理・食事,juman
湯豆腐,ゆどうふ,yudofu,普通名詞,人工物-食べ物,料理・食事,juman
故,ゆえ,yue,普通名詞,抽象物,,juman
遊園地,ゆうえんち,yuenchi,普通名詞,場所-施設,レクリエーション,juman
夕顔,ゆうがお,yugao,普通名詞,植物,,juman
誘蛾灯,ゆうがとう,yugato,普通名詞,人工物-その他,,juman
遊撃,ゆうげき,yugeki,サ変名詞,抽象物,スポーツ,juman
遊撃手,ゆうげきしゅ,yugekishu,普通名詞,人,スポーツ,juman
夕霧,ゆうぎり,yugiri,普通名詞,抽象物,,manual
融合,ゆうごう,yugo,サ変名詞,抽象物,,manual
夕暮れ,ゆうぐれ,yugure,普通名詞,抽象物;時間,,juman
夕飯,ゆうはん,yuhan,普通名詞,人工物-食べ物,家庭・暮らし,juman
遊歩道,ゆうほどう,yuhodo,普通名詞,場所-施設,交通,juman
結納,ゆいのう,yuino,普通名詞,抽象物,家庭・暮らし,juman
床,ゆか,yuka,普通名詞,場所-施設部位,,juman
床暖房,ゆかだんぼう,yukadanbo,普通名詞,人工物-その他,家庭・暮らし,juman
床板,ゆかいた,yukaita,普通名詞,人工物-その他,,juman
遊郭,ゆうかく,yukaku,普通名詞,場所-施設,,juman
床下,ゆかした,yukashita,普通名詞,場所-施設部位,,juman
浴衣,ゆかた,yukata,普通名詞,人工物-衣類,家庭・暮らし,juman
床運動,ゆかうんどう,yukaundo,普通名詞,抽象物,スポーツ,juman
雪,ゆき,yuki,普通名詞,抽象物,,juman
行き場,ゆきば,yukiba,普通名詞,場所-その他,,juman
雪達磨,ゆきだるま,yukidaruma,普通名詞,人工物-その他,レクリエーション,juman
雪解け,ゆきどけ,yukidoke,普通名詞,抽象物,,juman
雪雲,ゆきぐも,yukigumo,普通名詞,自然物,,juman
雪国,ゆきぐに,yukiguni,普通名詞,場所-その他,,juman
雪靴,ゆきぐつ,yukigutsu,普通名詞,人工物-衣類,家庭・暮らし,juman
雪掻き,ゆきかき,yukikaki,サ変名詞,抽象物,家庭・暮らし,juman
雪煙,ゆきけむり,yukikemuri,普通名詞,自然物,,juman
行き来,ゆきき,yukiki,サ変名詞,抽象物,,juman
雪道,ゆきみち,yukimichi,普通名詞,場所-施設,交通,juman
雪下ろし,ゆきおろし,yukioroshi,サ変名詞,抽象物,家庭・暮らし,juman
雪質,ゆきしつ,yukishitsu,普通名詞,抽象物,スポーツ,juman
雪焼け,ゆきやけ,yukiyake,サ変名詞,抽象物,家庭・暮らし,juman
雪山,ゆきやま,yukiyama,普通名詞,場所-自然,,juman
雪空,ゆきぞら,yukizora,普通名詞,抽象物,,manual
行方,ゆくえ,yukue,普通名詞,場所-その他,,juman
行く末,ゆくすえ,yukusue,時相名詞,時間,,juman
行く手,ゆくて,yukute,普通名詞,場所-その他,,juman
行く年,ゆくとし,yukutoshi,普通名詞,時間,,juman
夢,ゆめ,yume,普通名詞,抽象物,家庭・暮らし,juman
夢路,ゆめじ,yumeji,普通名詞,抽象物,家庭・暮らし,juman
弓,ゆみ,yumi,普通名詞,人工物-その他,文化・芸術;スポーツ,juman
弓なり,ゆみなり,yuminari,普通名詞,形・模様,,juman
弓矢,ゆみや,yumiya,普通名詞,人工物-その他,スポーツ,juman
湯水,ゆみず,yumizu,普通名詞,自然物,,juman
湯飲み,ゆのみ,yunomi,普通名詞,人工物-その他,料理・食事,juman
揺り籠,ゆりかご,yurikago,普通名詞,人工物-その他,家庭・暮らし,juman
遊漁,ゆうりょう,yuryo,サ変名詞,抽象物,レクリエーション,juman
遊星,ゆうせい,yusei,普通名詞,自然物,,juman
夕食,ゆうしょく,yushoku,普通名詞,人工物-食べ物,料理・食事,juman
遊水池,ゆうすいち,yusuichi,普通名詞,場所-その他,,juman
夕涼み,ゆうすずみ,yusuzumi,サ変名詞,抽象物,,juman
湯湯婆,ゆたんぽ,yutanpo,普通名詞,人工物-その他,家庭・暮らし,juman
ゆとり,ゆとり,yutori,普通名詞,抽象物,,juman
湯沸かし,ゆわかし,yuwakashi,普通名詞,人工物-その他,料理・食事,juman
夕焼け,ゆうやけ,yuyake,普通名詞,抽象物,,juman
夕闇,ゆうやみ,yuyami,普通名詞,抽象物,,manual
湯冷まし,ゆざまし,yuzamashi,普通名詞,人工物-食べ物,料理・食事,juman
湯冷め,ゆざめ,yuzame,サ変名詞,抽象物,家庭・暮らし,juman
夕月,ゆうづき,yuzuki,普通名詞,自然物,,juman
夕月夜,ゆうづきよ,yuzukiyo,普通名詞,抽象物,,manual
座布団,ざぶとん,zabuton,普通名詞,人工物-その他,家庭・暮らし,juman
座談,ざだん,zadan,サ変名詞,抽象物,,manual
座頭,ざがしら,zagashira,普通名詞,人,文化・芸術,juman
在学,ざいがく,zaigaku,サ変名詞,抽象物,教育・学習,juman
財宝,ざいほう,zaiho,普通名詞,人工物-金銭,,juman
材木,ざいもく,zaimoku,普通名詞,人工物-その他,,juman
材料,ざいりょう,zairyo,普通名詞,人工物-その他,,juman
財産,ざいさん,zaisan,普通名詞,人工物-金銭,家庭・暮らし;政治,juman
在籍,ざいせき,zaiseki,サ変名詞,抽象物,教育・学習,juman
雑菌,ざっきん,zakkin,普通名詞,動物,健康・医学,juman
雑穀,ざっこく,zakkoku,普通名詞,植物,料理・食事,juman
雑魚寝,ざこね,zakone,サ変名詞,抽象物,家庭・暮らし,juman
柘榴,ざくろ,zakuro,普通名詞,植物;人工物-食べ物,料理・食事,juman
残土,ざんど,zando,普通名詞,自然物,,juman
懺悔,ざんげ,zange,サ変名詞,抽象物,文化・芸術,juman
残飯,ざんぱん,zanpan,普通名詞,人工物-食べ物,料理・食事,juman
残雪,ざんせつ,zansetsu,普通名詞,自然物,,juman
ざら紙,ざらがみ,zaragami,普通名詞,人工物-その他,,juman
粗目,ざらめ,zarame,普通名詞,人工物-食べ物,料理・食事,juman
ざるそば,ざるそば,zarusoba,普通名詞,人工物-食べ物,料理・食事,juman
座席,ざせき,zaseki,普通名詞,場所-施設部位,,juman
座敷,ざしき,zashiki,普通名詞,場所-施設,,juman
雑草,ざっそう,zasso,普通名詞,植物,,juman
雑談,ざつだん,zatsudan,サ変名詞,抽象物,,manual
雑音,ざつおん,zatsuon,普通名詞,抽象物,,manual
雑用,ざつよう,zatsuyo,普通名詞,抽象物,,manual
座右の銘,ざゆうのめい,zayunomei,普通名詞,抽象物,,juman
座禅,ざぜん,zazen,普通名詞,抽象物,文化・芸術,juman
税金,ぜいきん,zeikin,普通名詞,人工物-金銭,家庭・暮らし;ビジネス;政治,juman
絶景,ぜっけい,zekkei,普通名詞,抽象物,,manual
絶好,ぜっこう,zekko,普通名詞,抽象物,,manual
絶叫,ぜっきょう,zekkyo,サ変名詞,抽象物,,manual
善悪,ぜんあく,zenaku,普通名詞,抽象物,,manual
前兆,ぜんちょう,zencho,普通名詞,抽象物,,manual
前衛,ぜんえい,zenei,普通名詞,人,スポーツ;政治,juman
前月,ぜんげつ,zengetsu,時相名詞,時間,,juman
前半,ぜんはん,zenhan,時相名詞,時間,,juman
銭,ぜに,zeni,普通名詞,人工物-金銭,,juman
銭入れ,ぜにいれ,zeniire,普通名詞,人工物-その他,家庭・暮らし,juman
全域,ぜんいき,zeniki,普通名詞,場所-その他,,juman
全員,ぜんいん,zenin,普通名詞,人,,juman
全日,ぜんじつ,zenjitsu,時相名詞,時間,,juman
全県,ぜんけん,zenken,普通名詞,場所-その他,,juman
全国,ぜんこく,zenkoku,普通名詞,場所-その他,,juman
全曲,ぜんきょく,zenkyoku,普通名詞,抽象物,文化・芸術,juman
全滅,ぜんめつ,zenmetsu,サ変名詞,抽象物,,manual
前列,ぜんれつ,zenretsu,普通名詞,場所-その他,,juman
前輪,ぜんりん,zenrin,普通名詞,人工物-その他,,juman
全力,ぜんりょく,zenryoku,普通名詞,抽象物,,manual
前菜,ぜんさい,zensai,普通名詞,人工物-食べ物,料理・食事,juman
前作,ぜんさく,zensaku,普通名詞,抽象物,文化・芸術,juman
前節,ぜんせつ,zensetsu,普通名詞,抽象物,スポーツ,juman
全身,ぜんしん,zenshin,普通名詞,動物-部位,,juman
前奏,ぜんそう,zenso,普通名詞,抽象物,文化・芸術,juman
前座,ぜんざ,zenza,普通名詞,抽象物,文化・芸術,juman
絶壁,ぜっぺき,zeppeki,普通名詞,場所-自然,,juman
絶品,ぜっぴん,zeppin,普通名詞,抽象物,料理・食事,juman
絶筆,ぜっぴつ,zeppitsu,普通名詞,抽象物,文化・芸術,juman
絶賛,ぜっさん,zessan,サ変名詞,抽象物,,manual
絶望,ぜつぼう,zetsubo,サ変名詞,抽象物,,manual
絶縁,ぜつえん,zetsuen,サ変名詞,抽象物,科学・技術;家庭・暮らし,juman
絶滅,ぜつめつ,zetsumetsu,サ変名詞,抽象物,,manual
増便,ぞうびん,zobin,サ変名詞,抽象物,交通,juman
象亀,ぞうがめ,zogame,普通名詞,動物,,juman
増発,ぞうはつ,zohatsu,サ変名詞,抽象物,交通,juman
増改築,ぞうかいちく,zokaichiku,普通名詞,抽象物,家庭・暮らし,juman
増刊,ぞうかん,zokan,サ変名詞,抽象物,文化・芸術;メディア,juman
増結,ぞうけつ,zoketsu,サ変名詞,抽象物,交通,juman
雑巾掛け,ぞうきんがけ,zokingake,サ変名詞,抽象物,家庭・暮らし,juman
賊,ぞく,zoku,普通名詞,人,,juman
続編,ぞくへん,zokuhen,普通名詞,抽象物,文化・芸術,juman
俗名,ぞくみょう,zokumyo,普通名詞,抽象物,文化・芸術;家庭・暮らし,juman
続出,ぞくしゅつ,zokushutsu,サ変名詞,抽象物,,manual
増強,ぞうきょう,zokyo,サ変名詞,抽象物,,manual
臓物,ぞうもつ,zomotsu,普通名詞,動物-部位,料理・食事,juman
草履虫,ぞうりむし,zorimushi,普通名詞,動物,,juman
蔵書,ぞうしょ,zosho,普通名詞,抽象物,,manual
雑炊,ぞうすい,zosui,普通名詞,人工物-食べ物,料理・食事,juman
贈与,ぞうよ,zoyo,サ変名詞,抽象物,家庭・暮らし;政治,juman
図星,ずぼし,zuboshi,普通名詞,抽象物,,manual
ずぶ濡れ,ずぶぬれ,zubunure,普通名詞,抽象物,,juman
頭蓋,ずがい,zugai,普通名詞,動物-部位,健康・医学,juman
図柄,ずがら,zugara,普通名詞,抽象物,,manual
図表,ずひょう,zuhyo,普通名詞,抽象物,,manual
随筆,ずいひつ,zuihitsu,普通名詞,抽象物,文化・芸術,juman
随一,ずいいち,zuiichi,普通名詞,抽象物,,manual
頭上,ずじょう,zujo,普通名詞,場所-その他,,juman
頭巾,ずきん,zukin,普通名詞,人工物-衣類,家庭・暮らし,juman
図面,ずめん,zumen,普通名詞,人工物-その他,,juman
図式,ずしき,zushiki,普通名詞,抽象物,,manual
