word,hiragana,romaji,reason,note,pos,category
Ｒ＆Ｂ,あーるあんどびー,aruandobi,abbreviation,,普通名詞,抽象物
ＤＮＡ,でぃーえぬえい,dienuei,abbreviation,,普通名詞,自然物
Ｆ１,えふわん,efuwan,abbreviation,,普通名詞,抽象物
ＨＩＶ,えいちあいぶい,eichiaibui,abbreviation,,普通名詞,抽象物
Ｊリーグ,じぇいりーぐ,jeirigu,abbreviation,,普通名詞,組織・団体
Ｇメン,じーめん,jimen,abbreviation,,普通名詞,人
ＯＢ,おーびー,obi,abbreviation,,普通名詞,人;抽象物
ＯＤＡ,おーでぃーえー,odie,abbreviation,,普通名詞,抽象物
ＰＲ,ぴーあーる,piaru,abbreviation,,普通名詞,抽象物
ＰＣ,ぴーしー,pishi,abbreviation,,普通名詞,人工物-その他
ＣＤ,しーでぃー,shidi,abbreviation,,普通名詞,人工物-その他
ＣＭ,しーえむ,shiemu,abbreviation,,普通名詞,抽象物
Ｔシャツ,てぃーしゃつ,tishatsu,abbreviation,,普通名詞,人工物-衣類
４ＷＤ,よんだぶりゅーでぃー,yondaburyudi,abbreviation,,普通名詞,人工物-乗り物
Ｕターン,ゆーたーん,yutan,abbreviation,,サ変名詞,抽象物
仇,あだ,ada,abstract_word,kanji_only,普通名詞,抽象物
徒名,あだな,adana,abstract_word,kanji_only,普通名詞,抽象物
愛着,あいちゃく,aichaku,abstract_word,kanji_only,サ変名詞,抽象物
間柄,あいだがら,aidagara,abstract_word,kanji_only,普通名詞,抽象物
哀願,あいがん,aigan,abstract_word,kanji_only,サ変名詞,抽象物
愛護,あいご,aigo,abstract_word,kanji_only,サ変名詞,抽象物
愛情,あいじょう,aijo,abstract_word,kanji_only,普通名詞,抽象物
哀感,あいかん,aikan,abstract_word,kanji_only,普通名詞,抽象物
哀歓,あいかん,aikan,abstract_word,kanji_only,普通名詞,抽象物
相子,あいこ,aiko,abstract_word,kanji_only,普通名詞,抽象物
愛嬌,あいきょう,aikyo,abstract_word,kanji_only,普通名詞,抽象物
哀楽,あいらく,airaku,abstract_word,kanji_only,普通名詞,抽象物
挨拶,あいさつ,aisatsu,abstract_word,kanji_only,サ変名詞,抽象物
哀惜,あいせき,aiseki,abstract_word,kanji_only,サ変名詞,抽象物
愛称,あいしょう,aisho,abstract_word,kanji_only,普通名詞,抽象物
相性,あいしょう,aisho,abstract_word,kanji_only,普通名詞,抽象物
哀愁,あいしゅう,aishu,abstract_word,kanji_only,普通名詞,抽象物
愛想,あいそ,aiso,abstract_word,kanji_only,普通名詞,抽象物
哀悼,あいとう,aito,abstract_word,kanji_only,サ変名詞,抽象物
愛用,あいよう,aiyo,abstract_word,kanji_only,サ変名詞,抽象物
愛憎,あいぞう,aizo,abstract_word,kanji_only,普通名詞,抽象物
合図,あいず,aizu,abstract_word,kanji_only,サ変名詞,抽象物
相槌,あいづち,aizuchi,abstract_word,kanji_only,普通名詞,抽象物
赤潮,あかしお,akashio,abstract_word,kanji_only,普通名詞,抽象物
秋風,あきかぜ,akikaze,abstract_word,kanji_only,普通名詞,抽象物
秋雨,あきさめ,akisame,abstract_word,kanji_only,普通名詞,抽象物
悪化,あっか,akka,abstract_word,kanji_only,サ変名詞,抽象物
圧巻,あっかん,akkan,abstract_word,kanji_only,普通名詞,抽象物
悪,あく,aku,abstract_word,kanji_only,普通名詞,抽象物
悪文,あくぶん,akubun,abstract_word,kanji_only,普通名詞,抽象物
悪行,あくぎょう,akugyo,abstract_word,kanji_only,普通名詞,抽象物
悪癖,あくへき,akuheki,abstract_word,kanji_only,普通名詞,抽象物
悪評,あくひょう,akuhyo,abstract_word,kanji_only,普通名詞,抽象物
悪意,あくい,akui,abstract_word,kanji_only,普通名詞,抽象物
悪事,あくじ,akuji,abstract_word,kanji_only,普通名詞,抽象物
悪夢,あくむ,akumu,abstract_word,kanji_only,普通名詞,抽象物
悪運,あくうん,akun,abstract_word,kanji_only,普通名詞,抽象物
悪声,あくせい,akusei,abstract_word,kanji_only,普通名詞,抽象物
悪戦,あくせん,akusen,abstract_word,kanji_only,サ変名詞,抽象物
握手,あくしゅ,akushu,abstract_word,kanji_only,サ変名詞,抽象物
悪習,あくしゅう,akushu,abstract_word,kanji_only,普通名詞,抽象物
悪態,あくたい,akutai,abstract_word,kanji_only,普通名詞,抽象物
悪徳,あくとく,akutoku,abstract_word,kanji_only,普通名詞,抽象物
悪用,あくよう,akuyo,abstract_word,kanji_only,サ変名詞,抽象物
雨脚,あまあし,amaashi,abstract_word,kanji_only,普通名詞,抽象物
雨音,あまおと,amaoto,abstract_word,kanji_only,普通名詞,抽象物
暗部,あんぶ,anbu,abstract_word,kanji_only,普通名詞,抽象物
安置,あんち,anchi,abstract_word,kanji_only,サ変名詞,抽象物
安堵,あんど,ando,abstract_word,kanji_only,サ変名詞,抽象物
暗号,あんごう,ango,abstract_word,kanji_only,普通名詞,抽象物
行脚,あんぎゃ,angya,abstract_word,kanji_only,サ変名詞,抽象物
暗示,あんじ,anji,abstract_word,kanji_only,サ変名詞,抽象物
案件,あんけん,anken,abstract_word,kanji_only,普通名詞,抽象物
暗黙,あんもく,anmoku,abstract_word,kanji_only,普通名詞,抽象物
案内,あんない,annai,abstract_word,kanji_only,サ変名詞,抽象物
安寧,あんねい,annei,abstract_word,kanji_only,普通名詞,抽象物
安否,あんぴ,anpi,abstract_word,kanji_only,普通名詞,抽象物
安心,あんしん,anshin,abstract_word,kanji_only,サ変名詞,抽象物
暗証,あんしょう,ansho,abstract_word,kanji_only,普通名詞,抽象物
安定,あんてい,antei,abstract_word,kanji_only,サ変名詞,抽象物
暗転,あんてん,anten,abstract_word,kanji_only,サ変名詞,抽象物
暗躍,あんやく,anyaku,abstract_word,kanji_only,サ変名詞,抽象物
青嵐,あおあらし,aoarashi,abstract_word,kanji_only,普通名詞,抽象物
青写真,あおじゃしん,aojashin,abstract_word,kanji_only,普通名詞,抽象物
青二才,あおにさい,aonisai,abstract_word,kanji_only,普通名詞,抽象物
青空,あおぞら,aozora,abstract_word,kanji_only,普通名詞,抽象物
圧迫,あっぱく,appaku,abstract_word,kanji_only,サ変名詞,抽象物
荒波,あらなみ,aranami,abstract_word,kanji_only,普通名詞,抽象物
霰,あられ,arare,abstract_word,kanji_only,普通名詞,抽象物
嵐,あらし,arashi,abstract_word,kanji_only,普通名詞,抽象物
亜流,ありゅう,aryu,abstract_word,kanji_only,普通名詞,抽象物
朝霧,あさぎり,asagiri,abstract_word,kanji_only,普通名詞,抽象物
朝飯前,あさめしまえ,asameshimae,abstract_word,kanji_only,普通名詞,抽象物
朝靄,あさもや,asamoya,abstract_word,kanji_only,普通名詞,抽象物
朝潮,あさしお,asashio,abstract_word,kanji_only,普通名詞,抽象物
足長,あしなが,ashinaga,abstract_word,kanji_only,普通名詞,抽象物
足音,あしおと,ashioto,abstract_word,kanji_only,普通名詞,抽象物
亜種,あしゅ,ashu,abstract_word,kanji_only,普通名詞,抽象物
圧搾,あっさく,assaku,abstract_word,kanji_only,サ変名詞,抽象物
斡旋,あっせん,assen,abstract_word,kanji_only,サ変名詞,抽象物
圧縮,あっしゅく,asshuku,abstract_word,kanji_only,サ変名詞,抽象物
後味,あとあじ,atoaji,abstract_word,kanji_only,普通名詞,抽象物
後釜,あとがま,atogama,abstract_word,kanji_only,普通名詞,抽象物
跡形,あとかた,atokata,abstract_word,kanji_only,普通名詞,抽象物
後始末,あとしまつ,atoshimatsu,abstract_word,kanji_only,サ変名詞,抽象物
熱々,あつあつ,atsuatsu,abstract_word,kanji_only,普通名詞,抽象物
軋轢,あつれき,atsureki,abstract_word,kanji_only,サ変名詞,抽象物
圧力,あつりょく,atsuryoku,abstract_word,kanji_only,普通名詞,抽象物
圧倒,あっとう,atto,abstract_word,kanji_only,サ変名詞,抽象物
場合,ばあい,baai,abstract_word,kanji_only,普通名詞,抽象物
罰,ばち,bachi,abstract_word,kanji_only,普通名詞,抽象物
倍加,ばいか,baika,abstract_word,kanji_only,サ変名詞,抽象物
媒介,ばいかい,baikai,abstract_word,kanji_only,サ変名詞,抽象物
媒体,ばいたい,baitai,abstract_word,kanji_only,普通名詞,抽象物
培養,ばいよう,baiyo,abstract_word,kanji_only,サ変名詞,抽象物
倍増,ばいぞう,baizo,abstract_word,kanji_only,サ変名詞,抽象物
馬耳東風,ばじとうふう,bajitofu,abstract_word,kanji_only,普通名詞,抽象物
跋扈,ばっこ,bakko,abstract_word,kanji_only,サ変名詞,抽象物
爆風,ばくふう,bakufu,abstract_word,kanji_only,普通名詞,抽象物
爆発,ばくはつ,bakuhatsu,abstract_word,kanji_only,サ変名詞,抽象物
爆音,ばくおん,bakuon,abstract_word,kanji_only,普通名詞,抽象物
暴露,ばくろ,bakuro,abstract_word,kanji_only,サ変名詞,抽象物
驀進,ばくしん,bakushin,abstract_word,kanji_only,サ変名詞,抽象物
爆笑,ばくしょう,bakusho,abstract_word,kanji_only,サ変名詞,抽象物
場面,ばめん,bamen,abstract_word,kanji_only,普通名詞,抽象物
番,ばん,ban,abstract_word,kanji_only,普通名詞,抽象物
万物,ばんぶつ,banbutsu,abstract_word,kanji_only,普通名詞,抽象物
番外,ばんがい,bangai,abstract_word,kanji_only,普通名詞,抽象物
番号,ばんごう,bango,abstract_word,kanji_only,普通名詞,抽象物
盤石,ばんじゃく,banjaku,abstract_word,kanji_only,普通名詞,抽象物
万事,ばんじ,banji,abstract_word,kanji_only,普通名詞,抽象物
挽回,ばんかい,bankai,abstract_word,kanji_only,サ変名詞,抽象物
万感,ばんかん,bankan,abstract_word,kanji_only,普通名詞,抽象物
万難,ばんなん,bannan,abstract_word,kanji_only,普通名詞,抽象物
万能,ばんのう,banno,abstract_word,kanji_only,普通名詞,抽象物
万博,ばんぱく,banpaku,abstract_word,kanji_only,普通名詞,抽象物
万緑,ばんりょく,banryoku,abstract_word,kanji_only,普通名詞,抽象物
万端,ばんたん,bantan,abstract_word,kanji_only,普通名詞,抽象物
番役,ばんやく,banyaku,abstract_word,kanji_only,普通名詞,抽象物
万有,ばんゆう,banyu,abstract_word,kanji_only,普通名詞,抽象物
抜本,ばっぽん,bappon,abstract_word,kanji_only,普通名詞,抽象物
罵声,ばせい,basei,abstract_word,kanji_only,普通名詞,抽象物
伐採,ばっさい,bassai,abstract_word,kanji_only,サ変名詞,抽象物
抜粋,ばっすい,bassui,abstract_word,kanji_only,サ変名詞,抽象物
抜擢,ばってき,batteki,abstract_word,kanji_only,サ変名詞,抽象物
米語,べいご,beigo,abstract_word,kanji_only,普通名詞,抽象物
米作,べいさく,beisaku,abstract_word,kanji_only,普通名詞,抽象物
別格,べっかく,bekkaku,abstract_word,kanji_only,普通名詞,抽象物
別掲,べっけい,bekkei,abstract_word,kanji_only,サ変名詞,抽象物
別件,べっけん,bekken,abstract_word,kanji_only,普通名詞,抽象物
別項,べっこう,bekko,abstract_word,kanji_only,普通名詞,抽象物
便,べん,ben,abstract_word,kanji_only,普通名詞,抽象物
弁,べん,ben,abstract_word,kanji_only,普通名詞,抽象物
便宜,べんぎ,bengi,abstract_word,kanji_only,普通名詞,抽象物
弁解,べんかい,benkai,abstract_word,kanji_only,サ変名詞,抽象物
弁明,べんめい,benmei,abstract_word,kanji_only,サ変名詞,抽象物
便法,べんぽう,benpo,abstract_word,kanji_only,普通名詞,抽象物
勉励,べんれい,benrei,abstract_word,kanji_only,サ変名詞,抽象物
弁論,べんろん,benron,abstract_word,kanji_only,サ変名詞,抽象物
弁舌,べんぜつ,benzetsu,abstract_word,kanji_only,普通名詞,抽象物
別表,べっぴょう,beppyo,abstract_word,kanji_only,普通名詞,抽象物
蔑視,べっし,besshi,abstract_word,kanji_only,サ変名詞,抽象物
別種,べっしゅ,besshu,abstract_word,kanji_only,普通名詞,抽象物
別便,べつびん,betsubin,abstract_word,kanji_only,普通名詞,抽象物
別条,べつじょう,betsujo,abstract_word,kanji_only,普通名詞,抽象物
別名,べつめい,betsumei,abstract_word,kanji_only,普通名詞,抽象物
別離,べつり,betsuri,abstract_word,kanji_only,普通名詞,抽象物
別枠,べつわく,betsuwaku,abstract_word,kanji_only,普通名詞,抽象物
別途,べっと,betto,abstract_word,kanji_only,普通名詞,抽象物
美貌,びぼう,bibo,abstract_word,kanji_only,普通名詞,抽象物
備蓄,びちく,bichiku,abstract_word,kanji_only,サ変名詞,抽象物
微動,びどう,bido,abstract_word,kanji_only,サ変名詞,抽象物
微風,びふう,bifu,abstract_word,kanji_only,普通名詞,抽象物
美風,びふう,bifu,abstract_word,kanji_only,普通名詞,抽象物
美学,びがく,bigaku,abstract_word,kanji_only,普通名詞,抽象物
美技,びぎ,bigi,abstract_word,kanji_only,普通名詞,抽象物
美辞,びじ,biji,abstract_word,kanji_only,普通名詞,抽象物
美辞麗句,びじれいく,bijireiku,abstract_word,kanji_only,普通名詞,抽象物
美化,びか,bika,abstract_word,kanji_only,サ変名詞,抽象物
美観,びかん,bikan,abstract_word,kanji_only,普通名詞,抽象物
備考,びこう,biko,abstract_word,kanji_only,普通名詞,抽象物
尾行,びこう,biko,abstract_word,kanji_only,サ変名詞,抽象物
美名,びめい,bimei,abstract_word,kanji_only,普通名詞,抽象物
貧乏,びんぼう,binbo,abstract_word,kanji_only,サ変名詞,抽象物
便乗,びんじょう,binjo,abstract_word,kanji_only,サ変名詞,抽象物
美麗,びれい,birei,abstract_word,kanji_only,普通名詞,抽象物
美声,びせい,bisei,abstract_word,kanji_only,普通名詞,抽象物
微震,びしん,bishin,abstract_word,kanji_only,普通名詞,抽象物
微笑,びしょう,bisho,abstract_word,kanji_only,サ変名詞,抽象物
美醜,びしゅう,bishu,abstract_word,kanji_only,普通名詞,抽象物
美装,びそう,biso,abstract_word,kanji_only,普通名詞,抽象物
美点,びてん,biten,abstract_word,kanji_only,普通名詞,抽象物
美徳,びとく,bitoku,abstract_word,kanji_only,普通名詞,抽象物
微増,びぞう,bizo,abstract_word,kanji_only,サ変名詞,抽象物
防備,ぼうび,bobi,abstract_word,kanji_only,サ変名詞,抽象物
膨張,ぼうちょう,bocho,abstract_word,kanji_only,サ変名詞,抽象物
防虫,ぼうちゅう,bochu,abstract_word,kanji_only,普通名詞,抽象物
防毒,ぼうどく,bodoku,abstract_word,kanji_only,普通名詞,抽象物
望遠,ぼうえん,boen,abstract_word,kanji_only,普通名詞,抽象物
防腐,ぼうふ,bofu,abstract_word,kanji_only,普通名詞,抽象物
暴風,ぼうふう,bofu,abstract_word,kanji_only,普通名詞,抽象物
望外,ぼうがい,bogai,abstract_word,kanji_only,普通名詞,抽象物
妄言,ぼうげん,bogen,abstract_word,kanji_only,サ変名詞,抽象物
暴言,ぼうげん,bogen,abstract_word,kanji_only,サ変名詞,抽象物
防護,ぼうご,bogo,abstract_word,kanji_only,サ変名詞,抽象物
防御,ぼうぎょ,bogyo,abstract_word,kanji_only,サ変名詞,抽象物
暴発,ぼうはつ,bohatsu,abstract_word,kanji_only,サ変名詞,抽象物
防塵,ぼうじん,bojin,abstract_word,kanji_only,普通名詞,抽象物
慕情,ぼじょう,bojo,abstract_word,kanji_only,普通名詞,抽象物
傍観,ぼうかん,bokan,abstract_word,kanji_only,サ変名詞,抽象物
冒険,ぼうけん,boken,abstract_word,kanji_only,サ変名詞,抽象物
勃興,ぼっこう,bokko,abstract_word,kanji_only,サ変名詞,抽象物
牧畜,ぼくちく,bokuchiku,abstract_word,kanji_only,普通名詞,抽象物
撲滅,ぼくめつ,bokumetsu,abstract_word,kanji_only,サ変名詞,抽象物
忘却,ぼうきゃく,bokyaku,abstract_word,kanji_only,サ変名詞,抽象物
暴挙,ぼうきょ,bokyo,abstract_word,kanji_only,普通名詞,抽象物
望郷,ぼうきょう,bokyo,abstract_word,kanji_only,普通名詞,抽象物
防音,ぼうおん,bon,abstract_word,kanji_only,サ変名詞,抽象物
勃発,ぼっぱつ,boppatsu,abstract_word,kanji_only,サ変名詞,抽象物
暴利,ぼうり,bori,abstract_word,kanji_only,普通名詞,抽象物
暴論,ぼうろん,boron,abstract_word,kanji_only,普通名詞,抽象物
謀略,ぼうりゃく,boryaku,abstract_word,kanji_only,普通名詞,抽象物
暴力,ぼうりょく,boryoku,abstract_word,kanji_only,普通名詞,抽象物
防止,ぼうし,boshi,abstract_word,kanji_only,サ変名詞,抽象物
防臭,ぼうしゅう,boshu,abstract_word,kanji_only,普通名詞,抽象物
募集,ぼしゅう,boshu,abstract_word,kanji_only,サ変名詞,抽象物
暴走,ぼうそう,boso,abstract_word,kanji_only,サ変名詞,抽象物
没収,ぼっしゅう,bosshu,abstract_word,kanji_only,サ変名詞,抽象物
防水,ぼうすい,bosui,abstract_word,kanji_only,サ変名詞,抽象物
傍点,ぼうてん,boten,abstract_word,kanji_only,普通名詞,抽象物
没,ぼつ,botsu,abstract_word,kanji_only,普通名詞,抽象物
没入,ぼつにゅう,botsunyu,abstract_word,kanji_only,サ変名詞,抽象物
没落,ぼつらく,botsuraku,abstract_word,kanji_only,サ変名詞,抽象物
没頭,ぼっとう,botto,abstract_word,kanji_only,サ変名詞,抽象物
無為,ぶい,bui,abstract_word,kanji_only,普通名詞,抽象物
侮辱,ぶじょく,bujoku,abstract_word,kanji_only,サ変名詞,抽象物
部会,ぶかい,bukai,abstract_word,kanji_only,普通名詞,抽象物
武家,ぶけ,buke,abstract_word,kanji_only,普通名詞,抽象物
物故,ぶっこ,bukko,abstract_word,kanji_only,サ変名詞,抽象物
部門,ぶもん,bumon,abstract_word,kanji_only,普通名詞,抽象物
武運,ぶうん,bun,abstract_word,kanji_only,普通名詞,抽象物
文,ぶん,bun,abstract_word,kanji_only,普通名詞,抽象物
文案,ぶんあん,bunan,abstract_word,kanji_only,普通名詞,抽象物
分別,ぶんべつ,bunbetsu,abstract_word,kanji_only,サ変名詞,抽象物
分断,ぶんだん,bundan,abstract_word,kanji_only,サ変名詞,抽象物
文言,ぶんげん,bungen,abstract_word,kanji_only,普通名詞,抽象物
文意,ぶんい,buni,abstract_word,kanji_only,普通名詞,抽象物
分化,ぶんか,bunka,abstract_word,kanji_only,サ変名詞,抽象物
分科,ぶんか,bunka,abstract_word,kanji_only,普通名詞,抽象物
分会,ぶんかい,bunkai,abstract_word,kanji_only,普通名詞,抽象物
分割,ぶんかつ,bunkatsu,abstract_word,kanji_only,サ変名詞,抽象物
分岐,ぶんき,bunki,abstract_word,kanji_only,サ変名詞,抽象物
文末,ぶんまつ,bunmatsu,abstract_word,kanji_only,普通名詞,抽象物
文明,ぶんめい,bunmei,abstract_word,kanji_only,普通名詞,抽象物
文面,ぶんめん,bunmen,abstract_word,kanji_only,普通名詞,抽象物
文脈,ぶんみゃく,bunmyaku,abstract_word,kanji_only,普通名詞,抽象物
分配,ぶんぱい,bunpai,abstract_word,kanji_only,サ変名詞,抽象物
分布,ぶんぷ,bunpu,abstract_word,kanji_only,サ変名詞,抽象物
文例,ぶんれい,bunrei,abstract_word,kanji_only,普通名詞,抽象物
分裂,ぶんれつ,bunretsu,abstract_word,kanji_only,サ変名詞,抽象物
分離,ぶんり,bunri,abstract_word,kanji_only,サ変名詞,抽象物
分類,ぶんるい,bunrui,abstract_word,kanji_only,サ変名詞,抽象物
分散,ぶんさん,bunsan,abstract_word,kanji_only,サ変名詞,抽象物
文章,ぶんしょう,bunsho,abstract_word,kanji_only,普通名詞,抽象物
分宿,ぶんしゅく,bunshuku,abstract_word,kanji_only,サ変名詞,抽象物
分担,ぶんたん,buntan,abstract_word,kanji_only,サ変名詞,抽象物
分野,ぶんや,bunya,abstract_word,kanji_only,普通名詞,抽象物
分与,ぶんよ,bunyo,abstract_word,kanji_only,サ変名詞,抽象物
部類,ぶるい,burui,abstract_word,kanji_only,普通名詞,抽象物
不精,ぶしょう,busho,abstract_word,kanji_only,サ変名詞,抽象物
物心,ぶっしん,busshin,abstract_word,kanji_only,普通名詞,抽象物
物色,ぶっしょく,busshoku,abstract_word,kanji_only,サ変名詞,抽象物
物議,ぶつぎ,butsugi,abstract_word,kanji_only,普通名詞,抽象物
物体,ぶったい,buttai,abstract_word,kanji_only,普通名詞,抽象物
武勇,ぶゆう,buyu,abstract_word,kanji_only,普通名詞,抽象物
白夜,びゃくや,byakuya,abstract_word,kanji_only,普通名詞,抽象物
病苦,びょうく,byoku,abstract_word,kanji_only,普通名詞,抽象物
茶番劇,ちゃばんげき,chabangeki,abstract_word,kanji_only,普通名詞,抽象物
茶々,ちゃちゃ,chacha,abstract_word,kanji_only,普通名詞,抽象物
着火,ちゃっか,chakka,abstract_word,kanji_only,サ変名詞,抽象物
着工,ちゃっこう,chakko,abstract_word,kanji_only,サ変名詞,抽象物
着,ちゃく,chaku,abstract_word,kanji_only,普通名詞,抽象物
着地,ちゃくち,chakuchi,abstract_word,kanji_only,サ変名詞,抽象物
着脱,ちゃくだつ,chakudatsu,abstract_word,kanji_only,サ変名詞,抽象物
着眼,ちゃくがん,chakugan,abstract_word,kanji_only,サ変名詞,抽象物
着順,ちゃくじゅん,chakujun,abstract_word,kanji_only,普通名詞,抽象物
着目,ちゃくもく,chakumoku,abstract_word,kanji_only,サ変名詞,抽象物
着席,ちゃくせき,chakuseki,abstract_word,kanji_only,サ変名詞,抽象物
着色,ちゃくしょく,chakushoku,abstract_word,kanji_only,サ変名詞,抽象物
着手,ちゃくしゅ,chakushu,abstract_word,kanji_only,サ変名詞,抽象物
着想,ちゃくそう,chakuso,abstract_word,kanji_only,サ変名詞,抽象物
着水,ちゃくすい,chakusui,abstract_word,kanji_only,サ変名詞,抽象物
知,ち,chi,abstract_word,kanji_only,普通名詞,抽象物
千鳥足,ちどりあし,chidoriashi,abstract_word,kanji_only,普通名詞,抽象物
知恵,ちえ,chie,abstract_word,kanji_only,普通名詞,抽象物
地縁,ちえん,chien,abstract_word,kanji_only,普通名詞,抽象物
遅延,ちえん,chien,abstract_word,kanji_only,サ変名詞,抽象物
遅配,ちはい,chihai,abstract_word,kanji_only,サ変名詞,抽象物
地歩,ちほ,chiho,abstract_word,kanji_only,普通名詞,抽象物
地位,ちい,chii,abstract_word,kanji_only,普通名詞,抽象物
地異,ちい,chii,abstract_word,kanji_only,普通名詞,抽象物
置換,ちかん,chikan,abstract_word,kanji_only,サ変名詞,抽象物
地形,ちけい,chikei,abstract_word,kanji_only,普通名詞,抽象物
遅刻,ちこく,chikoku,abstract_word,kanji_only,サ変名詞,抽象物
畜産,ちくさん,chikusan,abstract_word,kanji_only,普通名詞,抽象物
蓄積,ちくせき,chikuseki,abstract_word,kanji_only,サ変名詞,抽象物
蓄財,ちくざい,chikuzai,abstract_word,kanji_only,サ変名詞,抽象物
築造,ちくぞう,chikuzo,abstract_word,kanji_only,サ変名詞,抽象物
地名,ちめい,chimei,abstract_word,kanji_only,普通名詞,抽象物
致命,ちめい,chimei,abstract_word,kanji_only,普通名詞,抽象物
珍,ちん,chin,abstract_word,kanji_only,普通名詞,抽象物
沈没,ちんぼつ,chinbotsu,abstract_word,kanji_only,サ変名詞,抽象物
珍重,ちんちょう,chincho,abstract_word,kanji_only,サ変名詞,抽象物
沈殿,ちんでん,chinden,abstract_word,kanji_only,サ変名詞,抽象物
珍事,ちんじ,chinji,abstract_word,kanji_only,普通名詞,抽象物
沈下,ちんか,chinka,abstract_word,kanji_only,サ変名詞,抽象物
鎮火,ちんか,chinka,abstract_word,kanji_only,サ変名詞,抽象物
沈降,ちんこう,chinko,abstract_word,kanji_only,サ変名詞,抽象物
沈黙,ちんもく,chinmoku,abstract_word,kanji_only,サ変名詞,抽象物
知能,ちのう,chino,abstract_word,kanji_only,普通名詞,抽象物
陳列,ちんれつ,chinretsu,abstract_word,kanji_only,サ変名詞,抽象物
沈静,ちんせい,chinsei,abstract_word,kanji_only,サ変名詞,抽象物
沈潜,ちんせん,chinsen,abstract_word,kanji_only,サ変名詞,抽象物
陳謝,ちんしゃ,chinsha,abstract_word,kanji_only,サ変名詞,抽象物
沈滞,ちんたい,chintai,abstract_word,kanji_only,サ変名詞,抽象物
知恩,ちおん,chion,abstract_word,kanji_only,普通名詞,抽象物
地理,ちり,chiri,abstract_word,kanji_only,普通名詞,抽象物
散々,ちりぢり,chirijiri,abstract_word,kanji_only,普通名詞,抽象物
知力,ちりょく,chiryoku,abstract_word,kanji_only,普通名詞,抽象物
治山,ちさん,chisan,abstract_word,kanji_only,普通名詞,抽象物
地勢,ちせい,chisei,abstract_word,kanji_only,普通名詞,抽象物
知性,ちせい,chisei,abstract_word,kanji_only,普通名詞,抽象物
知識,ちしき,chishiki,abstract_word,kanji_only,普通名詞,抽象物
知新,ちしん,chishin,abstract_word,kanji_only,普通名詞,抽象物
地質,ちしつ,chishitsu,abstract_word,kanji_only,普通名詞,抽象物
遅滞,ちたい,chitai,abstract_word,kanji_only,サ変名詞,抽象物
秩序,ちつじょ,chitsujo,abstract_word,kanji_only,普通名詞,抽象物
張,ちょう,cho,abstract_word,kanji_only,普通名詞,抽象物
調,ちょう,cho,abstract_word,kanji_only,普通名詞,抽象物
寵愛,ちょうあい,choai,abstract_word,kanji_only,サ変名詞,抽象物
眺望,ちょうぼう,chobo,abstract_word,kanji_only,サ変名詞,抽象物
長文,ちょうぶん,chobun,abstract_word,kanji_only,普通名詞,抽象物
長蛇,ちょうだ,choda,abstract_word,kanji_only,普通名詞,抽象物
頂戴,ちょうだい,chodai,abstract_word,kanji_only,サ変名詞,抽象物
超越,ちょうえつ,choetsu,abstract_word,kanji_only,サ変名詞,抽象物
重複,ちょうふく,chofuku,abstract_word,kanji_only,サ変名詞,抽象物
挑発,ちょうはつ,chohatsu,abstract_word,kanji_only,サ変名詞,抽象物
重宝,ちょうほう,choho,abstract_word,kanji_only,サ変名詞,抽象物
弔意,ちょうい,choi,abstract_word,kanji_only,普通名詞,抽象物
帳尻,ちょうじり,chojiri,abstract_word,kanji_only,普通名詞,抽象物
超過,ちょうか,choka,abstract_word,kanji_only,サ変名詞,抽象物
直感,ちょっかん,chokkan,abstract_word,kanji_only,サ変名詞,抽象物
直観,ちょっかん,chokkan,abstract_word,kanji_only,サ変名詞,抽象物
直系,ちょっけい,chokkei,abstract_word,kanji_only,普通名詞,抽象物
直結,ちょっけつ,chokketsu,abstract_word,kanji_only,サ変名詞,抽象物
直行,ちょっこう,chokko,abstract_word,kanji_only,サ変名詞,抽象物
兆候,ちょうこう,choko,abstract_word,kanji_only,普通名詞,抽象物
長考,ちょうこう,choko,abstract_word,kanji_only,サ変名詞,抽象物
直撃,ちょくげき,chokugeki,abstract_word,kanji_only,サ変名詞,抽象物
直言,ちょくげん,chokugen,abstract_word,kanji_only,サ変名詞,抽象物
直立,ちょくりつ,chokuritsu,abstract_word,kanji_only,サ変名詞,抽象物
直射,ちょくしゃ,chokusha,abstract_word,kanji_only,サ変名詞,抽象物
直視,ちょくし,chokushi,abstract_word,kanji_only,サ変名詞,抽象物
直送,ちょくそう,chokuso,abstract_word,kanji_only,サ変名詞,抽象物
直通,ちょくつう,chokutsu,abstract_word,kanji_only,サ変名詞,抽象物
調教,ちょうきょう,chokyo,abstract_word,kanji_only,サ変名詞,抽象物
凋落,ちょうらく,choraku,abstract_word,kanji_only,サ変名詞,抽象物
朝令暮改,ちょうれいぼかい,choreibokai,abstract_word,kanji_only,サ変名詞,抽象物
潮流,ちょうりゅう,choryu,abstract_word,kanji_only,普通名詞,抽象物
貯留,ちょりゅう,choryu,abstract_word,kanji_only,サ変名詞,抽象物
調査,ちょうさ,chosa,abstract_word,kanji_only,サ変名詞,抽象物
調整,ちょうせい,chosei,abstract_word,kanji_only,サ変名詞,抽象物
挑戦,ちょうせん,chosen,abstract_word,kanji_only,サ変名詞,抽象物
調節,ちょうせつ,chosetsu,abstract_word,kanji_only,サ変名詞,抽象物
調子,ちょうし,choshi,abstract_word,kanji_only,普通名詞,抽象物
長身,ちょうしん,choshin,abstract_word,kanji_only,普通名詞,抽象物
長所,ちょうしょ,chosho,abstract_word,kanji_only,普通名詞,抽象物
嘲笑,ちょうしょう,chosho,abstract_word,kanji_only,サ変名詞,抽象物
貯水,ちょすい,chosui,abstract_word,kanji_only,サ変名詞,抽象物
長短,ちょうたん,chotan,abstract_word,kanji_only,普通名詞,抽象物
調達,ちょうたつ,chotatsu,abstract_word,kanji_only,サ変名詞,抽象物
猪突,ちょとつ,chototsu,abstract_word,kanji_only,サ変名詞,抽象物
調和,ちょうわ,chowa,abstract_word,kanji_only,サ変名詞,抽象物
跳躍,ちょうやく,choyaku,abstract_word,kanji_only,サ変名詞,抽象物
貯蔵,ちょぞう,chozo,abstract_word,kanji_only,サ変名詞,抽象物
中部,ちゅうぶ,chubu,abstract_word,kanji_only,普通名詞,抽象物
躊躇,ちゅうちょ,chucho,abstract_word,kanji_only,サ変名詞,抽象物
中断,ちゅうだん,chudan,abstract_word,kanji_only,サ変名詞,抽象物
中道,ちゅうどう,chudo,abstract_word,kanji_only,普通名詞,抽象物
虫害,ちゅうがい,chugai,abstract_word,kanji_only,普通名詞,抽象物
忠言,ちゅうげん,chugen,abstract_word,kanji_only,普通名詞,抽象物
中腰,ちゅうごし,chugoshi,abstract_word,kanji_only,普通名詞,抽象物
中波,ちゅうは,chuha,abstract_word,kanji_only,普通名詞,抽象物
中破,ちゅうは,chuha,abstract_word,kanji_only,サ変名詞,抽象物
中位,ちゅうい,chui,abstract_word,kanji_only,普通名詞,抽象物
注意,ちゅうい,chui,abstract_word,kanji_only,サ変名詞,抽象物
仲介,ちゅうかい,chukai,abstract_word,kanji_only,サ変名詞,抽象物
中核,ちゅうかく,chukaku,abstract_word,kanji_only,普通名詞,抽象物
注記,ちゅうき,chuki,abstract_word,kanji_only,サ変名詞,抽象物
中古,ちゅうこ,chuko,abstract_word,kanji_only,普通名詞,抽象物
中興,ちゅうこう,chuko,abstract_word,kanji_only,サ変名詞,抽象物
忠告,ちゅうこく,chukoku,abstract_word,kanji_only,サ変名詞,抽象物
中級,ちゅうきゅう,chukyu,abstract_word,kanji_only,普通名詞,抽象物
注目,ちゅうもく,chumoku,abstract_word,kanji_only,サ変名詞,抽象物
中肉,ちゅうにく,chuniku,abstract_word,kanji_only,普通名詞,抽象物
注入,ちゅうにゅう,chunyu,abstract_word,kanji_only,サ変名詞,抽象物
中立,ちゅうりつ,churitsu,abstract_word,kanji_only,サ変名詞,抽象物
中略,ちゅうりゃく,churyaku,abstract_word,kanji_only,サ変名詞,抽象物
中流,ちゅうりゅう,churyu,abstract_word,kanji_only,普通名詞,抽象物
仲裁,ちゅうさい,chusai,abstract_word,kanji_only,サ変名詞,抽象物
中産,ちゅうさん,chusan,abstract_word,kanji_only,普通名詞,抽象物
沖積,ちゅうせき,chuseki,abstract_word,kanji_only,普通名詞,抽象物
抽選,ちゅうせん,chusen,abstract_word,kanji_only,サ変名詞,抽象物
忠節,ちゅうせつ,chusetsu,abstract_word,kanji_only,普通名詞,抽象物
注釈,ちゅうしゃく,chushaku,abstract_word,kanji_only,サ変名詞,抽象物
中止,ちゅうし,chushi,abstract_word,kanji_only,サ変名詞,抽象物
注視,ちゅうし,chushi,abstract_word,kanji_only,サ変名詞,抽象物
中震,ちゅうしん,chushin,abstract_word,kanji_only,普通名詞,抽象物
中傷,ちゅうしょう,chusho,abstract_word,kanji_only,サ変名詞,抽象物
中小,ちゅうしょう,chusho,abstract_word,kanji_only,普通名詞,抽象物
抽象,ちゅうしょう,chusho,abstract_word,kanji_only,サ変名詞,抽象物
抽出,ちゅうしゅつ,chushutsu,abstract_word,kanji_only,サ変名詞,抽象物
中層,ちゅうそう,chuso,abstract_word,kanji_only,普通名詞,抽象物
中枢,ちゅうすう,chusu,abstract_word,kanji_only,普通名詞,抽象物
注水,ちゅうすい,chusui,abstract_word,kanji_only,サ変名詞,抽象物
中等,ちゅうとう,chuto,abstract_word,kanji_only,普通名詞,抽象物
昼夜兼行,ちゅうやけんこう,chuyakenko,abstract_word,kanji_only,普通名詞,抽象物
中座,ちゅうざ,chuza,abstract_word,kanji_only,サ変名詞,抽象物
打電,だでん,daden,abstract_word,kanji_only,サ変名詞,抽象物
打破,だは,daha,abstract_word,kanji_only,サ変名詞,抽象物
大,だい,dai,abstract_word,kanji_only,普通名詞,抽象物
題,だい,dai,abstract_word,kanji_only,普通名詞,抽象物
代案,だいあん,daian,abstract_word,kanji_only,普通名詞,抽象物
代弁,だいべん,daiben,abstract_word,kanji_only,サ変名詞,抽象物
代々,だいだい,daidai,abstract_word,kanji_only,時相名詞,抽象物
大同,だいどう,daido,abstract_word,kanji_only,サ変名詞,抽象物
代読,だいどく,daidoku,abstract_word,kanji_only,サ変名詞,抽象物
醍醐味,だいごみ,daigomi,abstract_word,kanji_only,普通名詞,抽象物
代筆,だいひつ,daihitsu,abstract_word,kanji_only,サ変名詞,抽象物
第一義,だいいちぎ,daiichigi,abstract_word,kanji_only,普通名詞,抽象物
第一声,だいいっせい,daiissei,abstract_word,kanji_only,普通名詞,抽象物
第一線,だいいっせん,daiissen,abstract_word,kanji_only,普通名詞,抽象物
題字,だいじ,daiji,abstract_word,kanji_only,普通名詞,抽象物
大吉,だいきち,daikichi,abstract_word,kanji_only,普通名詞,抽象物
代行,だいこう,daiko,abstract_word,kanji_only,サ変名詞,抽象物
題名,だいめい,daimei,abstract_word,kanji_only,普通名詞,抽象物
代理,だいり,dairi,abstract_word,kanji_only,サ変名詞,抽象物
第六感,だいろっかん,dairokkan,abstract_word,kanji_only,普通名詞,抽象物
代償,だいしょう,daisho,abstract_word,kanji_only,普通名詞,抽象物
大小,だいしょう,daisho,abstract_word,kanji_only,普通名詞,抽象物
代替,だいたい,daitai,abstract_word,kanji_only,サ変名詞,抽象物
代用,だいよう,daiyo,abstract_word,kanji_only,サ変名詞,抽象物
題材,だいざい,daizai,abstract_word,kanji_only,普通名詞,抽象物
駄洒落,だじゃれ,dajare,abstract_word,kanji_only,普通名詞,抽象物
打開,だかい,dakai,abstract_word,kanji_only,サ変名詞,抽象物
妥結,だけつ,daketsu,abstract_word,kanji_only,サ変名詞,抽象物
奪回,だっかい,dakkai,abstract_word,kanji_only,サ変名詞,抽象物
脱会,だっかい,dakkai,abstract_word,kanji_only,サ変名詞,抽象物
奪還,だっかん,dakkan,abstract_word,kanji_only,サ変名詞,抽象物
脱穀,だっこく,dakkoku,abstract_word,kanji_only,サ変名詞,抽象物
脱却,だっきゃく,dakkyaku,abstract_word,kanji_only,サ変名詞,抽象物
蛇行,だこう,dako,abstract_word,kanji_only,サ変名詞,抽象物
妥協,だきょう,dakyo,abstract_word,kanji_only,サ変名詞,抽象物
断,だん,dan,abstract_word,kanji_only,普通名詞,抽象物
談,だん,dan,abstract_word,kanji_only,普通名詞,抽象物
断腸,だんちょう,dancho,abstract_word,kanji_only,普通名詞,抽象物
断言,だんげん,dangen,abstract_word,kanji_only,サ変名詞,抽象物
談議,だんぎ,dangi,abstract_word,kanji_only,サ変名詞,抽象物
段位,だんい,dani,abstract_word,kanji_only,普通名詞,抽象物
段階,だんかい,dankai,abstract_word,kanji_only,普通名詞,抽象物
団結,だんけつ,danketsu,abstract_word,kanji_only,サ変名詞,抽象物
暖気,だんき,danki,abstract_word,kanji_only,普通名詞,抽象物
断行,だんこう,danko,abstract_word,kanji_only,サ変名詞,抽象物
断末魔,だんまつま,danmatsuma,abstract_word,kanji_only,普通名詞,抽象物
断念,だんねん,dannen,abstract_word,kanji_only,サ変名詞,抽象物
断熱,だんねつ,dannetsu,abstract_word,kanji_only,普通名詞,抽象物
談判,だんぱん,danpan,abstract_word,kanji_only,サ変名詞,抽象物
断片,だんぺん,danpen,abstract_word,kanji_only,普通名詞,抽象物
弾力,だんりょく,danryoku,abstract_word,kanji_only,普通名詞,抽象物
暖流,だんりゅう,danryu,abstract_word,kanji_only,普通名詞,抽象物
段差,だんさ,dansa,abstract_word,kanji_only,普通名詞,抽象物
男声,だんせい,dansei,abstract_word,kanji_only,普通名詞,抽象物
談笑,だんしょう,dansho,abstract_word,kanji_only,サ変名詞,抽象物
断層,だんそう,danso,abstract_word,kanji_only,普通名詞,抽象物
男装,だんそう,danso,abstract_word,kanji_only,サ変名詞,抽象物
男尊女卑,だんそんじょひ,dansonjohi,abstract_word,kanji_only,普通名詞,抽象物
断定,だんてい,dantei,abstract_word,kanji_only,サ変名詞,抽象物
暖冬,だんとう,danto,abstract_word,kanji_only,時相名詞,抽象物
談話,だんわ,danwa,abstract_word,kanji_only,サ変名詞,抽象物
断絶,だんぜつ,danzetsu,abstract_word,kanji_only,サ変名詞,抽象物
断続,だんぞく,danzoku,abstract_word,kanji_only,サ変名詞,抽象物
脱皮,だっぴ,dappi,abstract_word,kanji_only,サ変名詞,抽象物
堕落,だらく,daraku,abstract_word,kanji_only,サ変名詞,抽象物
惰力,だりょく,daryoku,abstract_word,kanji_only,普通名詞,抽象物
打算,ださん,dasan,abstract_word,kanji_only,サ変名詞,抽象物
惰性,だせい,dasei,abstract_word,kanji_only,普通名詞,抽象物
蛇足,だそく,dasoku,abstract_word,kanji_only,普通名詞,抽象物
脱色,だっしょく,dasshoku,abstract_word,kanji_only,サ変名詞,抽象物
奪取,だっしゅ,dasshu,abstract_word,kanji_only,サ変名詞,抽象物
脱臭,だっしゅう,dasshu,abstract_word,kanji_only,サ変名詞,抽象物
脱出,だっしゅつ,dasshutsu,abstract_word,kanji_only,サ変名詞,抽象物
脱走,だっそう,dasso,abstract_word,kanji_only,サ変名詞,抽象物
脱水,だっすい,dassui,abstract_word,kanji_only,サ変名詞,抽象物
打倒,だとう,dato,abstract_word,kanji_only,サ変名詞,抽象物
奪,だつ,datsu,abstract_word,kanji_only,普通名詞,抽象物
脱,だつ,datsu,abstract_word,kanji_only,サ変名詞,抽象物
脱帽,だつぼう,datsubo,abstract_word,kanji_only,サ変名詞,抽象物
脱字,だつじ,datsuji,abstract_word,kanji_only,普通名詞,抽象物
脱落,だつらく,datsuraku,abstract_word,kanji_only,サ変名詞,抽象物
脱力,だつりょく,datsuryoku,abstract_word,kanji_only,普通名詞,抽象物
脱硫,だつりゅう,datsuryu,abstract_word,kanji_only,サ変名詞,抽象物
脱退,だったい,dattai,abstract_word,kanji_only,サ変名詞,抽象物
出足,であし,deashi,abstract_word,kanji_only,普通名詞,抽象物
出番,でばん,deban,abstract_word,kanji_only,普通名詞,抽象物
出端,でばな,debana,abstract_word,kanji_only,普通名詞,抽象物
出端,でばな,debana,abstract_word,kanji_only,普通名詞,抽象物
泥流,でいりゅう,deiryu,abstract_word,kanji_only,普通名詞,抽象物
出方,でかた,dekata,abstract_word,kanji_only,普通名詞,抽象物
出来心,できごころ,dekigokoro,abstract_word,kanji_only,普通名詞,抽象物
出来事,できごと,dekigoto,abstract_word,kanji_only,普通名詞,抽象物
伝聞,でんぶん,denbun,abstract_word,kanji_only,サ変名詞,抽象物
電文,でんぶん,denbun,abstract_word,kanji_only,普通名詞,抽象物
電撃,でんげき,dengeki,abstract_word,kanji_only,普通名詞,抽象物
伝言,でんごん,dengon,abstract_word,kanji_only,サ変名詞,抽象物
伝授,でんじゅ,denju,abstract_word,kanji_only,サ変名詞,抽象物
電工,でんこう,denko,abstract_word,kanji_only,普通名詞,抽象物
伝播,でんぱ,denpa,abstract_word,kanji_only,サ変名詞,抽象物
伝来,でんらい,denrai,abstract_word,kanji_only,サ変名詞,抽象物
伝令,でんれい,denrei,abstract_word,kanji_only,普通名詞,抽象物
伝説,でんせつ,densetsu,abstract_word,kanji_only,普通名詞,抽象物
伝承,でんしょう,densho,abstract_word,kanji_only,サ変名詞,抽象物
伝達,でんたつ,dentatsu,abstract_word,kanji_only,サ変名詞,抽象物
伝統,でんとう,dento,abstract_word,kanji_only,普通名詞,抽象物
土木,どぼく,doboku,abstract_word,kanji_only,普通名詞,抽象物
同調,どうちょう,docho,abstract_word,kanji_only,サ変名詞,抽象物
同封,どうふう,dofu,abstract_word,kanji_only,サ変名詞,抽象物
度外視,どがいし,dogaishi,abstract_word,kanji_only,サ変名詞,抽象物
土下座,どげざ,dogeza,abstract_word,kanji_only,サ変名詞,抽象物
動議,どうぎ,dogi,abstract_word,kanji_only,普通名詞,抽象物
道義,どうぎ,dogi,abstract_word,kanji_only,普通名詞,抽象物
怒号,どごう,dogo,abstract_word,kanji_only,サ変名詞,抽象物
同伴,どうはん,dohan,abstract_word,kanji_only,サ変名詞,抽象物
同意,どうい,doi,abstract_word,kanji_only,サ変名詞,抽象物
動員,どういん,doin,abstract_word,kanji_only,サ変名詞,抽象物
同上,どうじょう,dojo,abstract_word,kanji_only,普通名詞,抽象物
同情,どうじょう,dojo,abstract_word,kanji_only,サ変名詞,抽象物
同化,どうか,doka,abstract_word,kanji_only,サ変名詞,抽象物
同格,どうかく,dokaku,abstract_word,kanji_only,普通名詞,抽象物
同感,どうかん,dokan,abstract_word,kanji_only,サ変名詞,抽象物
導管,どうかん,dokan,abstract_word,kanji_only,普通名詞,抽象物
土建,どけん,doken,abstract_word,kanji_only,普通名詞,抽象物
動機,どうき,doki,abstract_word,kanji_only,普通名詞,抽象物
動向,どうこう,doko,abstract_word,kanji_only,普通名詞,抽象物
同好,どうこう,doko,abstract_word,kanji_only,普通名詞,抽象物
同行,どうこう,doko,abstract_word,kanji_only,サ変名詞,抽象物
同工異曲,どうこういきょく,dokoikyoku,abstract_word,kanji_only,普通名詞,抽象物
独断,どくだん,dokudan,abstract_word,kanji_only,サ変名詞,抽象物
読破,どくは,dokuha,abstract_word,kanji_only,サ変名詞,抽象物
独白,どくはく,dokuhaku,abstract_word,kanji_only,サ変名詞,抽象物
独立,どくりつ,dokuritsu,abstract_word,kanji_only,サ変名詞,抽象物
独力,どくりょく,dokuryoku,abstract_word,kanji_only,普通名詞,抽象物
独占,どくせん,dokusen,abstract_word,kanji_only,サ変名詞,抽象物
独創,どくそう,dokuso,abstract_word,kanji_only,サ変名詞,抽象物
独善,どくぜん,dokuzen,abstract_word,kanji_only,普通名詞,抽象物
毒舌,どくぜつ,dokuzetsu,abstract_word,kanji_only,普通名詞,抽象物
度胸,どきょう,dokyo,abstract_word,kanji_only,普通名詞,抽象物
鈍,どん,don,abstract_word,kanji_only,普通名詞,抽象物
胴長,どうなが,donaga,abstract_word,kanji_only,普通名詞,抽象物
鈍化,どんか,donka,abstract_word,kanji_only,サ変名詞,抽象物
曇天,どんてん,donten,abstract_word,kanji_only,普通名詞,抽象物
導入,どうにゅう,donyu,abstract_word,kanji_only,サ変名詞,抽象物
独歩,どっぽ,doppo,abstract_word,kanji_only,サ変名詞,抽象物
銅鑼声,どらごえ,doragoe,abstract_word,kanji_only,普通名詞,抽象物
道楽,どうらく,doraku,abstract_word,kanji_only,サ変名詞,抽象物
道理,どうり,dori,abstract_word,kanji_only,普通名詞,抽象物
泥仕合,どろじあい,dorojiai,abstract_word,kanji_only,普通名詞,抽象物
泥縄,どろなわ,doronawa,abstract_word,kanji_only,普通名詞,抽象物
同類,どうるい,dorui,abstract_word,kanji_only,普通名詞,抽象物
度量,どりょう,doryo,abstract_word,kanji_only,普通名詞,抽象物
努力,どりょく,doryoku,abstract_word,kanji_only,サ変名詞,抽象物
動作,どうさ,dosa,abstract_word,kanji_only,サ変名詞,抽象物
洞察,どうさつ,dosatsu,abstract_word,kanji_only,サ変名詞,抽象物
動静,どうせい,dosei,abstract_word,kanji_only,普通名詞,抽象物
怒声,どせい,dosei,abstract_word,kanji_only,普通名詞,抽象物
同席,どうせき,doseki,abstract_word,kanji_only,サ変名詞,抽象物
土石流,どせきりゅう,dosekiryu,abstract_word,kanji_only,普通名詞,抽象物
同士,どうし,doshi,abstract_word,kanji_only,普通名詞,抽象物
童心,どうしん,doshin,abstract_word,kanji_only,普通名詞,抽象物
土質,どしつ,doshitsu,abstract_word,kanji_only,普通名詞,抽象物
同床異夢,どうしょういむ,doshoimu,abstract_word,kanji_only,普通名詞,抽象物
同種,どうしゅ,doshu,abstract_word,kanji_only,普通名詞,抽象物
動態,どうたい,dotai,abstract_word,kanji_only,普通名詞,抽象物
土壇場,どたんば,dotanba,abstract_word,kanji_only,普通名詞,抽象物
同定,どうてい,dotei,abstract_word,kanji_only,サ変名詞,抽象物
道程,どうてい,dotei,abstract_word,kanji_only,普通名詞,抽象物
動転,どうてん,doten,abstract_word,kanji_only,サ変名詞,抽象物
怒涛,どとう,doto,abstract_word,kanji_only,普通名詞,抽象物
動揺,どうよう,doyo,abstract_word,kanji_only,サ変名詞,抽象物
銅像,どうぞう,dozo,abstract_word,kanji_only,普通名詞,抽象物
英文,えいぶん,eibun,abstract_word,kanji_only,普通名詞,抽象物
英知,えいち,eichi,abstract_word,kanji_only,普通名詞,抽象物
英断,えいだん,eidan,abstract_word,kanji_only,普通名詞,抽象物
栄華,えいが,eiga,abstract_word,kanji_only,普通名詞,抽象物
英字,えいじ,eiji,abstract_word,kanji_only,普通名詞,抽象物
英気,えいき,eiki,abstract_word,kanji_only,普通名詞,抽象物
栄光,えいこう,eiko,abstract_word,kanji_only,普通名詞,抽象物
栄枯盛衰,えいこせいすい,eikoseisui,abstract_word,kanji_only,普通名詞,抽象物
影響,えいきょう,eikyo,abstract_word,kanji_only,サ変名詞,抽象物
英名,えいめい,eimei,abstract_word,kanji_only,普通名詞,抽象物
営農,えいのう,eino,abstract_word,kanji_only,サ変名詞,抽象物
営林,えいりん,eirin,abstract_word,kanji_only,普通名詞,抽象物
栄進,えいしん,eishin,abstract_word,kanji_only,サ変名詞,抽象物
営巣,えいそう,eiso,abstract_word,kanji_only,サ変名詞,抽象物
詠嘆,えいたん,eitan,abstract_word,kanji_only,サ変名詞,抽象物
栄達,えいたつ,eitatsu,abstract_word,kanji_only,サ変名詞,抽象物
英訳,えいやく,eiyaku,abstract_word,kanji_only,サ変名詞,抽象物
栄誉,えいよ,eiyo,abstract_word,kanji_only,普通名詞,抽象物
営繕,えいぜん,eizen,abstract_word,kanji_only,サ変名詞,抽象物
餌食,えじき,ejiki,abstract_word,kanji_only,普通名詞,抽象物
益,えき,eki,abstract_word,kanji_only,普通名詞,抽象物
液状,えきじょう,ekijo,abstract_word,kanji_only,普通名詞,抽象物
液化,えきか,ekika,abstract_word,kanji_only,サ変名詞,抽象物
越境,えっきょう,ekkyo,abstract_word,kanji_only,サ変名詞,抽象物
遠望,えんぼう,enbo,abstract_word,kanji_only,サ変名詞,抽象物
延着,えんちゃく,enchaku,abstract_word,kanji_only,サ変名詞,抽象物
延長,えんちょう,encho,abstract_word,kanji_only,サ変名詞,抽象物
塩害,えんがい,engai,abstract_word,kanji_only,普通名詞,抽象物
煙害,えんがい,engai,abstract_word,kanji_only,普通名詞,抽象物
援護,えんご,engo,abstract_word,kanji_only,サ変名詞,抽象物
遠因,えんいん,enin,abstract_word,kanji_only,普通名詞,抽象物
援助,えんじょ,enjo,abstract_word,kanji_only,サ変名詞,抽象物
炎上,えんじょう,enjo,abstract_word,kanji_only,サ変名詞,抽象物
円熟,えんじゅく,enjuku,abstract_word,kanji_only,サ変名詞,抽象物
塩化,えんか,enka,abstract_word,kanji_only,サ変名詞,抽象物
沿革,えんかく,enkaku,abstract_word,kanji_only,普通名詞,抽象物
遠隔,えんかく,enkaku,abstract_word,kanji_only,普通名詞,抽象物
遠景,えんけい,enkei,abstract_word,kanji_only,普通名詞,抽象物
延期,えんき,enki,abstract_word,kanji_only,サ変名詞,抽象物
遠近,えんきん,enkin,abstract_word,kanji_only,普通名詞,抽象物
縁故,えんこ,enko,abstract_word,kanji_only,普通名詞,抽象物
炎熱,えんねつ,ennetsu,abstract_word,kanji_only,普通名詞,抽象物
遠慮,えんりょ,enryo,abstract_word,kanji_only,サ変名詞,抽象物
延伸,えんしん,enshin,abstract_word,kanji_only,普通名詞,抽象物
遠心,えんしん,enshin,abstract_word,kanji_only,普通名詞,抽象物
炎暑,えんしょ,ensho,abstract_word,kanji_only,普通名詞,抽象物
延焼,えんしょう,ensho,abstract_word,kanji_only,サ変名詞,抽象物
延滞,えんたい,entai,abstract_word,kanji_only,サ変名詞,抽象物
炎天,えんてん,enten,abstract_word,kanji_only,普通名詞,抽象物
会釈,えしゃく,eshaku,abstract_word,kanji_only,サ変名詞,抽象物
絵空事,えそらごと,esoragoto,abstract_word,kanji_only,普通名詞,抽象物
会得,えとく,etoku,abstract_word,kanji_only,サ変名詞,抽象物
悦,えつ,etsu,abstract_word,kanji_only,普通名詞,抽象物
越年,えつねん,etsunen,abstract_word,kanji_only,サ変名詞,抽象物
閲覧,えつらん,etsuran,abstract_word,kanji_only,サ変名詞,抽象物
越冬,えっとう,etto,abstract_word,kanji_only,サ変名詞,抽象物
風圧,ふうあつ,fuatsu,abstract_word,kanji_only,普通名詞,抽象物
不買,ふばい,fubai,abstract_word,kanji_only,普通名詞,抽象物
風靡,ふうび,fubi,abstract_word,kanji_only,サ変名詞,抽象物
風貌,ふうぼう,fubo,abstract_word,kanji_only,普通名詞,抽象物
風防,ふうぼう,fubo,abstract_word,kanji_only,普通名詞,抽象物
吹雪,ふぶき,fubuki,abstract_word,kanji_only,普通名詞,抽象物
風聞,ふうぶん,fubun,abstract_word,kanji_only,サ変名詞,抽象物
不文律,ふぶんりつ,fubunritsu,abstract_word,kanji_only,普通名詞,抽象物
風物,ふうぶつ,fubutsu,abstract_word,kanji_only,普通名詞,抽象物
付着,ふちゃく,fuchaku,abstract_word,kanji_only,サ変名詞,抽象物
不断,ふだん,fudan,abstract_word,kanji_only,普通名詞,抽象物
風土,ふうど,fudo,abstract_word,kanji_only,普通名詞,抽象物
不動,ふどう,fudo,abstract_word,kanji_only,普通名詞,抽象物
浮動,ふどう,fudo,abstract_word,kanji_only,サ変名詞,抽象物
不易,ふえき,fueki,abstract_word,kanji_only,普通名詞,抽象物
風害,ふうがい,fugai,abstract_word,kanji_only,普通名詞,抽象物
付言,ふげん,fugen,abstract_word,kanji_only,サ変名詞,抽象物
不言実行,ふげんじっこう,fugenjikko,abstract_word,kanji_only,普通名詞,抽象物
符号,ふごう,fugo,abstract_word,kanji_only,普通名詞,抽象物
符合,ふごう,fugo,abstract_word,kanji_only,サ変名詞,抽象物
風波,ふうは,fuha,abstract_word,kanji_only,普通名詞,抽象物
不敗,ふはい,fuhai,abstract_word,kanji_only,普通名詞,抽象物
腐敗,ふはい,fuhai,abstract_word,kanji_only,サ変名詞,抽象物
不発,ふはつ,fuhatsu,abstract_word,kanji_only,普通名詞,抽象物
不平,ふへい,fuhei,abstract_word,kanji_only,普通名詞,抽象物
普遍,ふへん,fuhen,abstract_word,kanji_only,普通名詞,抽象物
風評,ふうひょう,fuhyo,abstract_word,kanji_only,普通名詞,抽象物
不評,ふひょう,fuhyo,abstract_word,kanji_only,普通名詞,抽象物
吹聴,ふいちょう,fuicho,abstract_word,kanji_only,サ変名詞,抽象物
不実,ふじつ,fujitsu,abstract_word,kanji_only,普通名詞,抽象物
不自由,ふじゆう,fujiyu,abstract_word,kanji_only,サ変名詞,抽象物
扶助,ふじょ,fujo,abstract_word,kanji_only,サ変名詞,抽象物
浮上,ふじょう,fujo,abstract_word,kanji_only,サ変名詞,抽象物
風化,ふうか,fuka,abstract_word,kanji_only,サ変名詞,抽象物
不可,ふか,fuka,abstract_word,kanji_only,普通名詞,抽象物
付加,ふか,fuka,abstract_word,kanji_only,サ変名詞,抽象物
孵化,ふか,fuka,abstract_word,kanji_only,サ変名詞,抽象物
負荷,ふか,fuka,abstract_word,kanji_only,サ変名詞,抽象物
不可知,ふかち,fukachi,abstract_word,kanji_only,普通名詞,抽象物
深手,ふかで,fukade,abstract_word,kanji_only,普通名詞,抽象物
不可逆,ふかぎゃく,fukagyaku,abstract_word,kanji_only,普通名詞,抽象物
不可抗力,ふかこうりょく,fukakoryoku,abstract_word,kanji_only,普通名詞,抽象物
風格,ふうかく,fukaku,abstract_word,kanji_only,普通名詞,抽象物
不可侵,ふかしん,fukashin,abstract_word,kanji_only,普通名詞,抽象物
風景,ふうけい,fukei,abstract_word,kanji_only,普通名詞,抽象物
風紀,ふうき,fuki,abstract_word,kanji_only,普通名詞,抽象物
付記,ふき,fuki,abstract_word,kanji_only,サ変名詞,抽象物
復活,ふっかつ,fukkatsu,abstract_word,kanji_only,サ変名詞,抽象物
復帰,ふっき,fukki,abstract_word,kanji_only,サ変名詞,抽象物
復古,ふっこ,fukko,abstract_word,kanji_only,サ変名詞,抽象物
復興,ふっこう,fukko,abstract_word,kanji_only,サ変名詞,抽象物
復刻,ふっこく,fukkoku,abstract_word,kanji_only,サ変名詞,抽象物
復旧,ふっきゅう,fukkyu,abstract_word,kanji_only,サ変名詞,抽象物
不孝,ふこう,fuko,abstract_word,kanji_only,普通名詞,抽象物
副,ふく,fuku,abstract_word,kanji_only,普通名詞,抽象物
福,ふく,fuku,abstract_word,kanji_only,普通名詞,抽象物
腹案,ふくあん,fukuan,abstract_word,kanji_only,普通名詞,抽象物
複眼,ふくがん,fukugan,abstract_word,kanji_only,普通名詞,抽象物
復元,ふくげん,fukugen,abstract_word,kanji_only,サ変名詞,抽象物
複合,ふくごう,fukugo,abstract_word,kanji_only,サ変名詞,抽象物
服従,ふくじゅう,fukuju,abstract_word,kanji_only,サ変名詞,抽象物
覆面,ふくめん,fukumen,abstract_word,kanji_only,サ変名詞,抽象物
福利,ふくり,fukuri,abstract_word,kanji_only,普通名詞,抽象物
複製,ふくせい,fukusei,abstract_word,kanji_only,サ変名詞,抽象物
伏線,ふくせん,fukusen,abstract_word,kanji_only,普通名詞,抽象物
複写,ふくしゃ,fukusha,abstract_word,kanji_only,サ変名詞,抽象物
複式,ふくしき,fukushiki,abstract_word,kanji_only,普通名詞,抽象物
復唱,ふくしょう,fukusho,abstract_word,kanji_only,サ変名詞,抽象物
復讐,ふくしゅう,fukushu,abstract_word,kanji_only,サ変名詞,抽象物
服装,ふくそう,fukuso,abstract_word,kanji_only,普通名詞,抽象物
不休,ふきゅう,fukyu,abstract_word,kanji_only,普通名詞,抽象物
不朽,ふきゅう,fukyu,abstract_word,kanji_only,普通名詞,抽象物
普及,ふきゅう,fukyu,abstract_word,kanji_only,サ変名詞,抽象物
不眠不休,ふみんふきゅう,fuminfukyu,abstract_word,kanji_only,普通名詞,抽象物
不問,ふもん,fumon,abstract_word,kanji_only,普通名詞,抽象物
風雲,ふううん,fun,abstract_word,kanji_only,普通名詞,抽象物
船足,ふなあし,funaashi,abstract_word,kanji_only,普通名詞,抽象物
不仲,ふなか,funaka,abstract_word,kanji_only,普通名詞,抽象物
不燃,ふねん,funen,abstract_word,kanji_only,普通名詞,抽象物
憤慨,ふんがい,fungai,abstract_word,kanji_only,サ変名詞,抽象物
憤激,ふんげき,fungeki,abstract_word,kanji_only,サ変名詞,抽象物
雰囲気,ふんいき,funiki,abstract_word,kanji_only,普通名詞,抽象物
噴火,ふんか,funka,abstract_word,kanji_only,サ変名詞,抽象物
奮起,ふんき,funki,abstract_word,kanji_only,サ変名詞,抽象物
紛糾,ふんきゅう,funkyu,abstract_word,kanji_only,サ変名詞,抽象物
憤懣,ふんまん,funman,abstract_word,kanji_only,普通名詞,抽象物
憤怒,ふんぬ,funnu,abstract_word,kanji_only,サ変名詞,抽象物
奮発,ふんぱつ,funpatsu,abstract_word,kanji_only,サ変名詞,抽象物
奮励,ふんれい,funrei,abstract_word,kanji_only,サ変名詞,抽象物
粉砕,ふんさい,funsai,abstract_word,kanji_only,サ変名詞,抽象物
奮戦,ふんせん,funsen,abstract_word,kanji_only,サ変名詞,抽象物
噴射,ふんしゃ,funsha,abstract_word,kanji_only,サ変名詞,抽象物
紛失,ふんしつ,funshitsu,abstract_word,kanji_only,サ変名詞,抽象物
噴出,ふんしゅつ,funshutsu,abstract_word,kanji_only,サ変名詞,抽象物
扮装,ふんそう,funso,abstract_word,kanji_only,サ変名詞,抽象物
奮闘,ふんとう,funto,abstract_word,kanji_only,サ変名詞,抽象物
腐乱,ふらん,furan,abstract_word,kanji_only,サ変名詞,抽象物
振出,ふりだし,furidashi,abstract_word,kanji_only,普通名詞,抽象物
不慮,ふりょ,furyo,abstract_word,kanji_only,普通名詞,抽象物
不漁,ふりょう,furyo,abstract_word,kanji_only,普通名詞,抽象物
封鎖,ふうさ,fusa,abstract_word,kanji_only,サ変名詞,抽象物
風災,ふうさい,fusai,abstract_word,kanji_only,普通名詞,抽象物
風采,ふうさい,fusai,abstract_word,kanji_only,普通名詞,抽象物
不作,ふさく,fusaku,abstract_word,kanji_only,普通名詞,抽象物
布石,ふせき,fuseki,abstract_word,kanji_only,普通名詞,抽象物
風説,ふうせつ,fusetsu,abstract_word,kanji_only,普通名詞,抽象物
風雪,ふうせつ,fusetsu,abstract_word,kanji_only,普通名詞,抽象物
風姿,ふうし,fushi,abstract_word,kanji_only,普通名詞,抽象物
風信,ふうしん,fushin,abstract_word,kanji_only,普通名詞,抽象物
不信,ふしん,fushin,abstract_word,kanji_only,普通名詞,抽象物
普請,ふしん,fushin,abstract_word,kanji_only,サ変名詞,抽象物
腐心,ふしん,fushin,abstract_word,kanji_only,サ変名詞,抽象物
不祥事,ふしょうじ,fushoji,abstract_word,kanji_only,普通名詞,抽象物
腐食,ふしょく,fushoku,abstract_word,kanji_only,サ変名詞,抽象物
不出,ふしゅつ,fushutsu,abstract_word,kanji_only,普通名詞,抽象物
不測,ふそく,fusoku,abstract_word,kanji_only,普通名詞,抽象物
不足,ふそく,fusoku,abstract_word,kanji_only,サ変名詞,抽象物
不遜,ふそん,fuson,abstract_word,kanji_only,普通名詞,抽象物
払拭,ふっしょく,fusshoku,abstract_word,kanji_only,サ変名詞,抽象物
風水害,ふうすいがい,fusuigai,abstract_word,kanji_only,普通名詞,抽象物
付帯,ふたい,futai,abstract_word,kanji_only,サ変名詞,抽象物
不退転,ふたいてん,futaiten,abstract_word,kanji_only,普通名詞,抽象物
負担,ふたん,futan,abstract_word,kanji_only,サ変名詞,抽象物
二手,ふたて,futate,abstract_word,kanji_only,普通名詞,抽象物
風体,ふうてい,futei,abstract_word,kanji_only,普通名詞,抽象物
不適,ふてき,futeki,abstract_word,kanji_only,普通名詞,抽象物
符頭,ふとう,futo,abstract_word,kanji_only,普通名詞,抽象物
太字,ふとじ,futoji,abstract_word,kanji_only,普通名詞,抽象物
懐手,ふところで,futokorode,abstract_word,kanji_only,サ変名詞,抽象物
懐具合,ふところぐあい,futokoroguai,abstract_word,kanji_only,普通名詞,抽象物
不通,ふつう,futsu,abstract_word,kanji_only,普通名詞,抽象物
付与,ふよ,fuyo,abstract_word,kanji_only,サ変名詞,抽象物
浮揚,ふよう,fuyo,abstract_word,kanji_only,サ変名詞,抽象物
浮遊,ふゆう,fuyu,abstract_word,kanji_only,サ変名詞,抽象物
冬型,ふゆがた,fuyugata,abstract_word,kanji_only,普通名詞,抽象物
不在,ふざい,fuzai,abstract_word,kanji_only,普通名詞,抽象物
風情,ふぜい,fuzei,abstract_word,kanji_only,普通名詞,抽象物
風俗,ふうぞく,fuzoku,abstract_word,kanji_only,普通名詞,抽象物
付属,ふぞく,fuzoku,abstract_word,kanji_only,サ変名詞,抽象物
付随,ふずい,fuzui,abstract_word,kanji_only,サ変名詞,抽象物
我田引水,がでんいんすい,gadeninsui,abstract_word,kanji_only,普通名詞,抽象物
害,がい,gai,abstract_word,kanji_only,普通名詞,抽象物
害悪,がいあく,gaiaku,abstract_word,kanji_only,普通名詞,抽象物
外聞,がいぶん,gaibun,abstract_word,kanji_only,普通名詞,抽象物
外事,がいじ,gaiji,abstract_word,kanji_only,普通名詞,抽象物
外観,がいかん,gaikan,abstract_word,kanji_only,普通名詞,抽象物
概観,がいかん,gaikan,abstract_word,kanji_only,サ変名詞,抽象物
外見,がいけん,gaiken,abstract_word,kanji_only,普通名詞,抽象物
概況,がいきょう,gaikyo,abstract_word,kanji_only,普通名詞,抽象物
概念,がいねん,gainen,abstract_word,kanji_only,普通名詞,抽象物
外来,がいらい,gairai,abstract_word,kanji_only,普通名詞,抽象物
概論,がいろん,gairon,abstract_word,kanji_only,普通名詞,抽象物
概略,がいりゃく,gairyaku,abstract_word,kanji_only,普通名詞,抽象物
概算,がいさん,gaisan,abstract_word,kanji_only,サ変名詞,抽象物
外出,がいしゅつ,gaishutsu,abstract_word,kanji_only,サ変名詞,抽象物
慨嘆,がいたん,gaitan,abstract_word,kanji_only,サ変名詞,抽象物
外灯,がいとう,gaito,abstract_word,kanji_only,普通名詞,抽象物
街灯,がいとう,gaito,abstract_word,kanji_only,普通名詞,抽象物
該当,がいとう,gaito,abstract_word,kanji_only,サ変名詞,抽象物
概要,がいよう,gaiyo,abstract_word,kanji_only,普通名詞,抽象物
外遊,がいゆう,gaiyu,abstract_word,kanji_only,サ変名詞,抽象物
蓋然,がいぜん,gaizen,abstract_word,kanji_only,普通名詞,抽象物
我慢,がまん,gaman,abstract_word,kanji_only,サ変名詞,抽象物
願望,がんぼう,ganbo,abstract_word,kanji_only,サ変名詞,抽象物
含蓄,がんちく,ganchiku,abstract_word,kanji_only,サ変名詞,抽象物
眼光,がんこう,ganko,abstract_word,kanji_only,普通名詞,抽象物
眼目,がんもく,ganmoku,abstract_word,kanji_only,普通名詞,抽象物
眼力,がんりき,ganriki,abstract_word,kanji_only,普通名詞,抽象物
含有,がんゆう,ganyu,abstract_word,kanji_only,サ変名詞,抽象物
合併,がっぺい,gappei,abstract_word,kanji_only,サ変名詞,抽象物
合評,がっぴょう,gappyo,abstract_word,kanji_only,サ変名詞,抽象物
画竜点睛,がりょうてんせい,garyotensei,abstract_word,kanji_only,普通名詞,抽象物
我流,がりゅう,garyu,abstract_word,kanji_only,普通名詞,抽象物
合算,がっさん,gassan,abstract_word,kanji_only,サ変名詞,抽象物
合致,がっち,gatchi,abstract_word,kanji_only,サ変名詞,抽象物
合点,がてん,gaten,abstract_word,kanji_only,サ変名詞,抽象物
合体,がったい,gattai,abstract_word,kanji_only,サ変名詞,抽象物
画像,がぞう,gazo,abstract_word,kanji_only,普通名詞,抽象物
迎合,げいごう,geigo,abstract_word,kanji_only,サ変名詞,抽象物
檄,げき,geki,abstract_word,kanji_only,普通名詞,抽象物
激怒,げきど,gekido,abstract_word,kanji_only,サ変名詞,抽象物
激動,げきどう,gekido,abstract_word,kanji_only,サ変名詞,抽象物
激減,げきげん,gekigen,abstract_word,kanji_only,サ変名詞,抽象物
撃破,げきは,gekiha,abstract_word,kanji_only,サ変名詞,抽象物
激変,げきへん,gekihen,abstract_word,kanji_only,サ変名詞,抽象物
激情,げきじょう,gekijo,abstract_word,kanji_only,普通名詞,抽象物
激化,げきか,gekika,abstract_word,kanji_only,サ変名詞,抽象物
激高,げきこう,gekiko,abstract_word,kanji_only,サ変名詞,抽象物
激励,げきれい,gekirei,abstract_word,kanji_only,サ変名詞,抽象物
激論,げきろん,gekiron,abstract_word,kanji_only,サ変名詞,抽象物
激震,げきしん,gekishin,abstract_word,kanji_only,普通名詞,抽象物
激賞,げきしょう,gekisho,abstract_word,kanji_only,サ変名詞,抽象物
激闘,げきとう,gekito,abstract_word,kanji_only,サ変名詞,抽象物
激突,げきとつ,gekitotsu,abstract_word,kanji_only,サ変名詞,抽象物
激増,げきぞう,gekizo,abstract_word,kanji_only,サ変名詞,抽象物
月光,げっこう,gekko,abstract_word,kanji_only,普通名詞,抽象物
元,げん,gen,abstract_word,kanji_only,普通名詞,抽象物
減,げん,gen,abstract_word,kanji_only,普通名詞,抽象物
源,げん,gen,abstract_word,kanji_only,普通名詞,抽象物
言,げん,gen,abstract_word,kanji_only,普通名詞,抽象物
限,げん,gen,abstract_word,kanji_only,普通名詞,抽象物
験,げん,gen,abstract_word,kanji_only,普通名詞,抽象物
原案,げんあん,genan,abstract_word,kanji_only,普通名詞,抽象物
減圧,げんあつ,genatsu,abstract_word,kanji_only,サ変名詞,抽象物
原文,げんぶん,genbun,abstract_word,kanji_only,普通名詞,抽象物
言質,げんち,genchi,abstract_word,kanji_only,普通名詞,抽象物
限度,げんど,gendo,abstract_word,kanji_only,普通名詞,抽象物
原動,げんどう,gendo,abstract_word,kanji_only,普通名詞,抽象物
言動,げんどう,gendo,abstract_word,kanji_only,普通名詞,抽象物
幻影,げんえい,genei,abstract_word,kanji_only,普通名詞,抽象物
言外,げんがい,gengai,abstract_word,kanji_only,普通名詞,抽象物
原義,げんぎ,gengi,abstract_word,kanji_only,普通名詞,抽象物
言語,げんご,gengo,abstract_word,kanji_only,普通名詞,抽象物
原因,げんいん,genin,abstract_word,kanji_only,サ変名詞,抽象物
現実,げんじつ,genjitsu,abstract_word,kanji_only,普通名詞,抽象物
原状,げんじょう,genjo,abstract_word,kanji_only,普通名詞,抽象物
現状,げんじょう,genjo,abstract_word,kanji_only,普通名詞,抽象物
現住,げんじゅう,genju,abstract_word,kanji_only,サ変名詞,抽象物
言下,げんか,genka,abstract_word,kanji_only,普通名詞,抽象物
限界,げんかい,genkai,abstract_word,kanji_only,普通名詞,抽象物
厳寒,げんかん,genkan,abstract_word,kanji_only,普通名詞,抽象物
原型,げんけい,genkei,abstract_word,kanji_only,普通名詞,抽象物
厳禁,げんきん,genkin,abstract_word,kanji_only,サ変名詞,抽象物
原稿,げんこう,genko,abstract_word,kanji_only,普通名詞,抽象物
現行,げんこう,genko,abstract_word,kanji_only,サ変名詞,抽象物
言行,げんこう,genko,abstract_word,kanji_only,普通名詞,抽象物
拳骨,げんこつ,genkotsu,abstract_word,kanji_only,普通名詞,抽象物
現況,げんきょう,genkyo,abstract_word,kanji_only,普通名詞,抽象物
言及,げんきゅう,genkyu,abstract_word,kanji_only,サ変名詞,抽象物
厳命,げんめい,genmei,abstract_word,kanji_only,サ変名詞,抽象物
言明,げんめい,genmei,abstract_word,kanji_only,サ変名詞,抽象物
減免,げんめん,genmen,abstract_word,kanji_only,サ変名詞,抽象物
幻滅,げんめつ,genmetsu,abstract_word,kanji_only,サ変名詞,抽象物
元服,げんぷく,genpuku,abstract_word,kanji_only,サ変名詞,抽象物
原産,げんさん,gensan,abstract_word,kanji_only,サ変名詞,抽象物
原生,げんせい,gensei,abstract_word,kanji_only,普通名詞,抽象物
厳選,げんせん,gensen,abstract_word,kanji_only,サ変名詞,抽象物
言説,げんせつ,gensetsu,abstract_word,kanji_only,普通名詞,抽象物
原始,げんし,genshi,abstract_word,kanji_only,普通名詞,抽象物
減少,げんしょう,gensho,abstract_word,kanji_only,サ変名詞,抽象物
現象,げんしょう,gensho,abstract_word,kanji_only,普通名詞,抽象物
厳守,げんしゅ,genshu,abstract_word,kanji_only,サ変名詞,抽象物
現出,げんしゅつ,genshutsu,abstract_word,kanji_only,サ変名詞,抽象物
幻想,げんそう,genso,abstract_word,kanji_only,サ変名詞,抽象物
原則,げんそく,gensoku,abstract_word,kanji_only,普通名詞,抽象物
減速,げんそく,gensoku,abstract_word,kanji_only,サ変名詞,抽象物
現存,げんそん,genson,abstract_word,kanji_only,サ変名詞,抽象物
減数,げんすう,gensu,abstract_word,kanji_only,サ変名詞,抽象物
減水,げんすい,gensui,abstract_word,kanji_only,サ変名詞,抽象物
減退,げんたい,gentai,abstract_word,kanji_only,サ変名詞,抽象物
原体験,げんたいけん,gentaiken,abstract_word,kanji_only,普通名詞,抽象物
限定,げんてい,gentei,abstract_word,kanji_only,サ変名詞,抽象物
原点,げんてん,genten,abstract_word,kanji_only,普通名詞,抽象物
厳冬,げんとう,gento,abstract_word,kanji_only,普通名詞,抽象物
幻惑,げんわく,genwaku,abstract_word,kanji_only,サ変名詞,抽象物
眩惑,げんわく,genwaku,abstract_word,kanji_only,サ変名詞,抽象物
現有,げんゆう,genyu,abstract_word,kanji_only,サ変名詞,抽象物
月食,げっしょく,gesshoku,abstract_word,kanji_only,普通名詞,抽象物
月例,げつれい,getsurei,abstract_word,kanji_only,普通名詞,抽象物
下野,げや,geya,abstract_word,kanji_only,サ変名詞,抽象物
議題,ぎだい,gidai,abstract_word,kanji_only,普通名詞,抽象物
義援,ぎえん,gien,abstract_word,kanji_only,普通名詞,抽象物
疑義,ぎぎ,gigi,abstract_word,kanji_only,普通名詞,抽象物
技法,ぎほう,giho,abstract_word,kanji_only,普通名詞,抽象物
疑似,ぎじ,giji,abstract_word,kanji_only,普通名詞,抽象物
擬人,ぎじん,gijin,abstract_word,kanji_only,普通名詞,抽象物
偽計,ぎけい,gikei,abstract_word,kanji_only,普通名詞,抽象物
欺瞞,ぎまん,giman,abstract_word,kanji_only,サ変名詞,抽象物
偽名,ぎめい,gimei,abstract_word,kanji_only,普通名詞,抽象物
疑問,ぎもん,gimon,abstract_word,kanji_only,普通名詞,抽象物
義務,ぎむ,gimu,abstract_word,kanji_only,普通名詞,抽象物
疑念,ぎねん,ginen,abstract_word,kanji_only,普通名詞,抽象物
吟味,ぎんみ,ginmi,abstract_word,kanji_only,サ変名詞,抽象物
技能,ぎのう,gino,abstract_word,kanji_only,普通名詞,抽象物
銀世界,ぎんせかい,ginsekai,abstract_word,kanji_only,普通名詞,抽象物
銀賞,ぎんしょう,ginsho,abstract_word,kanji_only,普通名詞,抽象物
義理,ぎり,giri,abstract_word,kanji_only,普通名詞,抽象物
議論,ぎろん,giron,abstract_word,kanji_only,サ変名詞,抽象物
技量,ぎりょう,giryo,abstract_word,kanji_only,普通名詞,抽象物
犠牲,ぎせい,gisei,abstract_word,kanji_only,普通名詞,抽象物
疑心,ぎしん,gishin,abstract_word,kanji_only,普通名詞,抽象物
偽装,ぎそう,giso,abstract_word,kanji_only,サ変名詞,抽象物
擬態,ぎたい,gitai,abstract_word,kanji_only,普通名詞,抽象物
疑惑,ぎわく,giwaku,abstract_word,kanji_only,普通名詞,抽象物
偽善,ぎぜん,gizen,abstract_word,kanji_only,普通名詞,抽象物
偽造,ぎぞう,gizo,abstract_word,kanji_only,サ変名詞,抽象物
御挨拶,ごあいさつ,goaisatsu,abstract_word,kanji_only,サ変名詞,抽象物
語尾,ごび,gobi,abstract_word,kanji_only,普通名詞,抽象物
五分五分,ごぶごぶ,gobugobu,abstract_word,kanji_only,普通名詞,抽象物
御無沙汰,ごぶさた,gobusata,abstract_word,kanji_only,サ変名詞,抽象物
語調,ごちょう,gocho,abstract_word,kanji_only,普通名詞,抽象物
合同,ごうどう,godo,abstract_word,kanji_only,サ変名詞,抽象物
誤読,ごどく,godoku,abstract_word,kanji_only,サ変名詞,抽象物
呉越同舟,ごえつどうしゅう,goetsudoshu,abstract_word,kanji_only,サ変名詞,抽象物
護岸,ごがん,gogan,abstract_word,kanji_only,普通名詞,抽象物
語源,ごげん,gogen,abstract_word,kanji_only,普通名詞,抽象物
合議,ごうぎ,gogi,abstract_word,kanji_only,サ変名詞,抽象物
豪語,ごうご,gogo,abstract_word,kanji_only,サ変名詞,抽象物
御破算,ごはさん,gohasan,abstract_word,kanji_only,普通名詞,抽象物
語弊,ごへい,gohei,abstract_word,kanji_only,普通名詞,抽象物
号砲,ごうほう,goho,abstract_word,kanji_only,普通名詞,抽象物
合意,ごうい,goi,abstract_word,kanji_only,サ変名詞,抽象物
誤字,ごじ,goji,abstract_word,kanji_only,普通名詞,抽象物
互助,ごじょ,gojo,abstract_word,kanji_only,普通名詞,抽象物
誤解,ごかい,gokai,abstract_word,kanji_only,サ変名詞,抽象物
互換,ごかん,gokan,abstract_word,kanji_only,サ変名詞,抽象物
五感,ごかん,gokan,abstract_word,kanji_only,普通名詞,抽象物
語幹,ごかん,gokan,abstract_word,kanji_only,普通名詞,抽象物
語感,ごかん,gokan,abstract_word,kanji_only,普通名詞,抽象物
互恵,ごけい,gokei,abstract_word,kanji_only,普通名詞,抽象物
語気,ごき,goki,abstract_word,kanji_only,普通名詞,抽象物
後光,ごこう,goko,abstract_word,kanji_only,普通名詞,抽象物
護国,ごこく,gokoku,abstract_word,kanji_only,普通名詞,抽象物
語句,ごく,goku,abstract_word,kanji_only,普通名詞,抽象物
極悪,ごくあく,gokuaku,abstract_word,kanji_only,普通名詞,抽象物
極細,ごくぼそ,gokuboso,abstract_word,kanji_only,普通名詞,抽象物
極秘,ごくひ,gokuhi,abstract_word,kanji_only,普通名詞,抽象物
極貧,ごくひん,gokuhin,abstract_word,kanji_only,普通名詞,抽象物
極意,ごくい,gokui,abstract_word,kanji_only,普通名詞,抽象物
極上,ごくじょう,gokujo,abstract_word,kanji_only,普通名詞,抽象物
極寒,ごくかん,gokukan,abstract_word,kanji_only,普通名詞,抽象物
極彩色,ごくさいしき,gokusaishiki,abstract_word,kanji_only,普通名詞,抽象物
号泣,ごうきゅう,gokyu,abstract_word,kanji_only,サ変名詞,抽象物
御免,ごめん,gomen,abstract_word,kanji_only,普通名詞,抽象物
号音,ごうおん,gon,abstract_word,kanji_only,普通名詞,抽象物
轟音,ごうおん,gon,abstract_word,kanji_only,普通名詞,抽象物
御恩,ごおん,gon,abstract_word,kanji_only,普通名詞,抽象物
御来光,ごらいこう,goraiko,abstract_word,kanji_only,普通名詞,抽象物
御覧,ごらん,goran,abstract_word,kanji_only,普通名詞,抽象物
号令,ごうれい,gorei,abstract_word,kanji_only,サ変名詞,抽象物
合理,ごうり,gori,abstract_word,kanji_only,普通名詞,抽象物
五里霧中,ごりむちゅう,gorimuchu,abstract_word,kanji_only,普通名詞,抽象物
語呂,ごろ,goro,abstract_word,kanji_only,普通名詞,抽象物
語録,ごろく,goroku,abstract_word,kanji_only,普通名詞,抽象物
合流,ごうりゅう,goryu,abstract_word,kanji_only,サ変名詞,抽象物
誤差,ごさ,gosa,abstract_word,kanji_only,普通名詞,抽象物
誤算,ごさん,gosan,abstract_word,kanji_only,サ変名詞,抽象物
合成,ごうせい,gosei,abstract_word,kanji_only,サ変名詞,抽象物
語勢,ごせい,gosei,abstract_word,kanji_only,普通名詞,抽象物
互選,ごせん,gosen,abstract_word,kanji_only,サ変名詞,抽象物
豪雪,ごうせつ,gosetsu,abstract_word,kanji_only,普通名詞,抽象物
護身,ごしん,goshin,abstract_word,kanji_only,普通名詞,抽象物
後生,ごしょう,gosho,abstract_word,kanji_only,普通名詞,抽象物
御用,ごよう,goyo,abstract_word,kanji_only,普通名詞,抽象物
誤用,ごよう,goyo,abstract_word,kanji_only,サ変名詞,抽象物
御存知,ごぞんじ,gozonji,abstract_word,kanji_only,普通名詞,抽象物
具合,ぐあい,guai,abstract_word,kanji_only,普通名詞,抽象物
具備,ぐび,gubi,abstract_word,kanji_only,サ変名詞,抽象物
愚痴,ぐち,guchi,abstract_word,kanji_only,普通名詞,抽象物
具現,ぐげん,gugen,abstract_word,kanji_only,サ変名詞,抽象物
偶発,ぐうはつ,guhatsu,abstract_word,kanji_only,サ変名詞,抽象物
寓意,ぐうい,gui,abstract_word,kanji_only,普通名詞,抽象物
愚行,ぐこう,guko,abstract_word,kanji_only,普通名詞,抽象物
愚挙,ぐきょ,gukyo,abstract_word,kanji_only,普通名詞,抽象物
愚問,ぐもん,gumon,abstract_word,kanji_only,普通名詞,抽象物
群,ぐん,gun,abstract_word,kanji_only,普通名詞,抽象物
群発,ぐんぱつ,gunpatsu,abstract_word,kanji_only,サ変名詞,抽象物
群生,ぐんせい,gunsei,abstract_word,kanji_only,サ変名詞,抽象物
群雄割拠,ぐんゆうかっきょ,gunyukakkyo,abstract_word,kanji_only,サ変名詞,抽象物
群像,ぐんぞう,gunzo,abstract_word,kanji_only,普通名詞,抽象物
愚策,ぐさく,gusaku,abstract_word,kanji_only,普通名詞,抽象物
具申,ぐしん,gushin,abstract_word,kanji_only,サ変名詞,抽象物
具象,ぐしょう,gusho,abstract_word,kanji_only,サ変名詞,抽象物
偶数,ぐうすう,gusu,abstract_word,kanji_only,普通名詞,抽象物
具体,ぐたい,gutai,abstract_word,kanji_only,普通名詞,抽象物
逆行,ぎゃっこう,gyakko,abstract_word,kanji_only,サ変名詞,抽象物
逆境,ぎゃっきょう,gyakkyo,abstract_word,kanji_only,普通名詞,抽象物
逆風,ぎゃくふう,gyakufu,abstract_word,kanji_only,普通名詞,抽象物
逆上,ぎゃくじょう,gyakujo,abstract_word,kanji_only,サ変名詞,抽象物
逆流,ぎゃくりゅう,gyakuryu,abstract_word,kanji_only,サ変名詞,抽象物
逆算,ぎゃくさん,gyakusan,abstract_word,kanji_only,サ変名詞,抽象物
逆説,ぎゃくせつ,gyakusetsu,abstract_word,kanji_only,普通名詞,抽象物
逆襲,ぎゃくしゅう,gyakushu,abstract_word,kanji_only,サ変名詞,抽象物
逆送,ぎゃくそう,gyakuso,abstract_word,kanji_only,サ変名詞,抽象物
逆転,ぎゃくてん,gyakuten,abstract_word,kanji_only,サ変名詞,抽象物
業,ぎょう,gyo,abstract_word,kanji_only,普通名詞,抽象物
行,ぎょう,gyo,abstract_word,kanji_only,普通名詞,抽象物
漁業,ぎょぎょう,gyogyo,abstract_word,kanji_only,普通名詞,抽象物
漁法,ぎょほう,gyoho,abstract_word,kanji_only,普通名詞,抽象物
行事,ぎょうじ,gyoji,abstract_word,kanji_only,普通名詞,抽象物
行状,ぎょうじょう,gyojo,abstract_word,kanji_only,普通名詞,抽象物
漁獲,ぎょかく,gyokaku,abstract_word,kanji_only,サ変名詞,抽象物
凝固,ぎょうこ,gyoko,abstract_word,kanji_only,サ変名詞,抽象物
玉音,ぎょくいん,gyokuin,abstract_word,kanji_only,普通名詞,抽象物
玉砕,ぎょくさい,gyokusai,abstract_word,kanji_only,サ変名詞,抽象物
漁労,ぎょろう,gyoro,abstract_word,kanji_only,普通名詞,抽象物
凝視,ぎょうし,gyoshi,abstract_word,kanji_only,サ変名詞,抽象物
行商,ぎょうしょう,gyosho,abstract_word,kanji_only,サ変名詞,抽象物
凝縮,ぎょうしゅく,gyoshuku,abstract_word,kanji_only,サ変名詞,抽象物
形相,ぎょうそう,gyoso,abstract_word,kanji_only,普通名詞,抽象物
仰天,ぎょうてん,gyoten,abstract_word,kanji_only,サ変名詞,抽象物
牛歩,ぎゅうほ,gyuho,abstract_word,kanji_only,普通名詞,抽象物
把握,はあく,haaku,abstract_word,kanji_only,サ変名詞,抽象物
破竹,はちく,hachiku,abstract_word,kanji_only,普通名詞,抽象物
波長,はちょう,hacho,abstract_word,kanji_only,普通名詞,抽象物
破断,はだん,hadan,abstract_word,kanji_only,サ変名詞,抽象物
裸足,はだし,hadashi,abstract_word,kanji_only,普通名詞,抽象物
廃,はい,hai,abstract_word,kanji_only,普通名詞,抽象物
敗,はい,hai,abstract_word,kanji_only,普通名詞,抽象物
配備,はいび,haibi,abstract_word,kanji_only,サ変名詞,抽象物
配分,はいぶん,haibun,abstract_word,kanji_only,サ変名詞,抽象物
配置,はいち,haichi,abstract_word,kanji_only,サ変名詞,抽象物
拝聴,はいちょう,haicho,abstract_word,kanji_only,サ変名詞,抽象物
拝読,はいどく,haidoku,abstract_word,kanji_only,サ変名詞,抽象物
配付,はいふ,haifu,abstract_word,kanji_only,サ変名詞,抽象物
配布,はいふ,haifu,abstract_word,kanji_only,サ変名詞,抽象物
排撃,はいげき,haigeki,abstract_word,kanji_only,サ変名詞,抽象物
配合,はいごう,haigo,abstract_word,kanji_only,サ変名詞,抽象物
廃藩置県,はいはんちけん,haihanchiken,abstract_word,kanji_only,普通名詞,抽象物
配本,はいほん,haihon,abstract_word,kanji_only,サ変名詞,抽象物
配意,はいい,haii,abstract_word,kanji_only,サ変名詞,抽象物
背日性,はいじつせい,haijitsusei,abstract_word,kanji_only,普通名詞,抽象物
排除,はいじょ,haijo,abstract_word,kanji_only,サ変名詞,抽象物
背景,はいけい,haikei,abstract_word,kanji_only,普通名詞,抽象物
拝見,はいけん,haiken,abstract_word,kanji_only,サ変名詞,抽象物
廃棄,はいき,haiki,abstract_word,kanji_only,サ変名詞,抽象物
拝金,はいきん,haikin,abstract_word,kanji_only,普通名詞,抽象物
配給,はいきゅう,haikyu,abstract_word,kanji_only,サ変名詞,抽象物
配列,はいれつ,hairetsu,abstract_word,kanji_only,サ変名詞,抽象物
配慮,はいりょ,hairyo,abstract_word,kanji_only,サ変名詞,抽象物
排斥,はいせき,haiseki,abstract_word,kanji_only,サ変名詞,抽象物
拝借,はいしゃく,haishaku,abstract_word,kanji_only,サ変名詞,抽象物
廃止,はいし,haishi,abstract_word,kanji_only,サ変名詞,抽象物
背信,はいしん,haishin,abstract_word,kanji_only,普通名詞,抽象物
配色,はいしょく,haishoku,abstract_word,kanji_only,サ変名詞,抽象物
排出,はいしゅつ,haishutsu,abstract_word,kanji_only,サ変名詞,抽象物
輩出,はいしゅつ,haishutsu,abstract_word,kanji_only,サ変名詞,抽象物
排水,はいすい,haisui,abstract_word,kanji_only,サ変名詞,抽象物
背水,はいすい,haisui,abstract_word,kanji_only,普通名詞,抽象物
排他,はいた,haita,abstract_word,kanji_only,サ変名詞,抽象物
廃絶,はいぜつ,haizetsu,abstract_word,kanji_only,サ変名詞,抽象物
破壊,はかい,hakai,abstract_word,kanji_only,サ変名詞,抽象物
謀,はかりごと,hakarigoto,abstract_word,kanji_only,普通名詞,抽象物
派遣,はけん,haken,abstract_word,kanji_only,サ変名詞,抽象物
破棄,はき,haki,abstract_word,kanji_only,サ変名詞,抽象物
覇気,はき,haki,abstract_word,kanji_only,普通名詞,抽象物
発火,はっか,hakka,abstract_word,kanji_only,サ変名詞,抽象物
発覚,はっかく,hakkaku,abstract_word,kanji_only,サ変名詞,抽象物
発見,はっけん,hakken,abstract_word,kanji_only,サ変名詞,抽象物
発揮,はっき,hakki,abstract_word,kanji_only,サ変名詞,抽象物
発光,はっこう,hakko,abstract_word,kanji_only,サ変名詞,抽象物
白骨,はっこつ,hakkotsu,abstract_word,kanji_only,普通名詞,抽象物
発狂,はっきょう,hakkyo,abstract_word,kanji_only,サ変名詞,抽象物
博,はく,haku,abstract_word,kanji_only,普通名詞,抽象物
博愛,はくあい,hakuai,abstract_word,kanji_only,普通名詞,抽象物
伯仲,はくちゅう,hakuchu,abstract_word,kanji_only,サ変名詞,抽象物
剥奪,はくだつ,hakudatsu,abstract_word,kanji_only,サ変名詞,抽象物
薄氷,はくひょう,hakuhyo,abstract_word,kanji_only,普通名詞,抽象物
白状,はくじょう,hakujo,abstract_word,kanji_only,サ変名詞,抽象物
白熱,はくねつ,hakunetsu,abstract_word,kanji_only,サ変名詞,抽象物
舶来,はくらい,hakurai,abstract_word,kanji_only,サ変名詞,抽象物
博覧,はくらん,hakuran,abstract_word,kanji_only,サ変名詞,抽象物
剥離,はくり,hakuri,abstract_word,kanji_only,サ変名詞,抽象物
迫力,はくりょく,hakuryoku,abstract_word,kanji_only,普通名詞,抽象物
拍手,はくしゅ,hakushu,abstract_word,kanji_only,サ変名詞,抽象物
破局,はきょく,hakyoku,abstract_word,kanji_only,普通名詞,抽象物
波及,はきゅう,hakyu,abstract_word,kanji_only,サ変名詞,抽象物
破滅,はめつ,hametsu,abstract_word,kanji_only,サ変名詞,抽象物
反,はん,han,abstract_word,kanji_only,普通名詞,抽象物
班,はん,han,abstract_word,kanji_only,普通名詞,抽象物
範,はん,han,abstract_word,kanji_only,普通名詞,抽象物
鼻息,はないき,hanaiki,abstract_word,kanji_only,普通名詞,抽象物
反駁,はんばく,hanbaku,abstract_word,kanji_only,サ変名詞,抽象物
判別,はんべつ,hanbetsu,abstract_word,kanji_only,サ変名詞,抽象物
範疇,はんちゅう,hanchu,abstract_word,kanji_only,普通名詞,抽象物
判断,はんだん,handan,abstract_word,kanji_only,サ変名詞,抽象物
反動,はんどう,hando,abstract_word,kanji_only,普通名詞,抽象物
判読,はんどく,handoku,abstract_word,kanji_only,サ変名詞,抽象物
反映,はんえい,hanei,abstract_word,kanji_only,サ変名詞,抽象物
繁栄,はんえい,hanei,abstract_word,kanji_only,サ変名詞,抽象物
反撃,はんげき,hangeki,abstract_word,kanji_only,サ変名詞,抽象物
半減,はんげん,hangen,abstract_word,kanji_only,サ変名詞,抽象物
繁盛,はんじょう,hanjo,abstract_word,kanji_only,サ変名詞,抽象物
半壊,はんかい,hankai,abstract_word,kanji_only,サ変名詞,抽象物
反感,はんかん,hankan,abstract_word,kanji_only,普通名詞,抽象物
反抗,はんこう,hanko,abstract_word,kanji_only,サ変名詞,抽象物
反攻,はんこう,hanko,abstract_word,kanji_only,サ変名詞,抽象物
反骨,はんこつ,hankotsu,abstract_word,kanji_only,普通名詞,抽象物
反響,はんきょう,hankyo,abstract_word,kanji_only,サ変名詞,抽象物
判明,はんめい,hanmei,abstract_word,kanji_only,サ変名詞,抽象物
半面,はんめん,hanmen,abstract_word,kanji_only,普通名詞,抽象物
繁茂,はんも,hanmo,abstract_word,kanji_only,サ変名詞,抽象物
反目,はんもく,hanmoku,abstract_word,kanji_only,サ変名詞,抽象物
反問,はんもん,hanmon,abstract_word,kanji_only,サ変名詞,抽象物
反応,はんのう,hanno,abstract_word,kanji_only,サ変名詞,抽象物
搬入,はんにゅう,hannyu,abstract_word,kanji_only,サ変名詞,抽象物
反発,はんぱつ,hanpatsu,abstract_word,kanji_only,サ変名詞,抽象物
頒布,はんぷ,hanpu,abstract_word,kanji_only,サ変名詞,抽象物
反復,はんぷく,hanpuku,abstract_word,kanji_only,サ変名詞,抽象物
氾濫,はんらん,hanran,abstract_word,kanji_only,サ変名詞,抽象物
凡例,はんれい,hanrei,abstract_word,kanji_only,普通名詞,抽象物
反論,はんろん,hanron,abstract_word,kanji_only,サ変名詞,抽象物
半生,はんせい,hansei,abstract_word,kanji_only,普通名詞,抽象物
反省,はんせい,hansei,abstract_word,kanji_only,サ変名詞,抽象物
反射,はんしゃ,hansha,abstract_word,kanji_only,サ変名詞,抽象物
半死半生,はんしはんしょう,hanshihansho,abstract_word,kanji_only,普通名詞,抽象物
半信半疑,はんしんはんぎ,hanshinhangi,abstract_word,kanji_only,普通名詞,抽象物
半焼,はんしょう,hansho,abstract_word,kanji_only,サ変名詞,抽象物
繁殖,はんしょく,hanshoku,abstract_word,kanji_only,サ変名詞,抽象物
搬出,はんしゅつ,hanshutsu,abstract_word,kanji_only,サ変名詞,抽象物
搬送,はんそう,hanso,abstract_word,kanji_only,サ変名詞,抽象物
反則,はんそく,hansoku,abstract_word,kanji_only,サ変名詞,抽象物
反芻,はんすう,hansu,abstract_word,kanji_only,サ変名詞,抽象物
反対,はんたい,hantai,abstract_word,kanji_only,サ変名詞,抽象物
判定,はんてい,hantei,abstract_word,kanji_only,サ変名詞,抽象物
反転,はんてん,hanten,abstract_word,kanji_only,サ変名詞,抽象物
汎用,はんよう,hanyo,abstract_word,kanji_only,サ変名詞,抽象物
羽音,はおと,haoto,abstract_word,kanji_only,普通名詞,抽象物
発泡,はっぽう,happo,abstract_word,kanji_only,サ変名詞,抽象物
八方美人,はっぽうびじん,happobijin,abstract_word,kanji_only,普通名詞,抽象物
発奮,はっぷん,happun,abstract_word,kanji_only,サ変名詞,抽象物
発表,はっぴょう,happyo,abstract_word,kanji_only,サ変名詞,抽象物
波乱,はらん,haran,abstract_word,kanji_only,普通名詞,抽象物
腹鼓,はらつづみ,haratsuzumi,abstract_word,kanji_only,普通名詞,抽象物
晴,はれ,hare,abstract_word,kanji_only,普通名詞,抽象物
破裂,はれつ,haretsu,abstract_word,kanji_only,サ変名詞,抽象物
春霞,はるがすみ,harugasumi,abstract_word,kanji_only,普通名詞,抽象物
遥,はるか,haruka,abstract_word,kanji_only,普通名詞,抽象物
春風,はるかぜ,harukaze,abstract_word,kanji_only,普通名詞,抽象物
破砕,はさい,hasai,abstract_word,kanji_only,サ変名詞,抽象物
派生,はせい,hasei,abstract_word,kanji_only,サ変名詞,抽象物
派出,はしゅつ,hashutsu,abstract_word,kanji_only,サ変名詞,抽象物
破損,はそん,hason,abstract_word,kanji_only,サ変名詞,抽象物
発散,はっさん,hassan,abstract_word,kanji_only,サ変名詞,抽象物
発声,はっせい,hassei,abstract_word,kanji_only,サ変名詞,抽象物
発生,はっせい,hassei,abstract_word,kanji_only,サ変名詞,抽象物
発射,はっしゃ,hassha,abstract_word,kanji_only,サ変名詞,抽象物
発祥,はっしょう,hassho,abstract_word,kanji_only,サ変名詞,抽象物
発色,はっしょく,hasshoku,abstract_word,kanji_only,普通名詞,抽象物
発出,はっしゅつ,hasshutsu,abstract_word,kanji_only,サ変名詞,抽象物
発想,はっそう,hasso,abstract_word,kanji_only,サ変名詞,抽象物
発送,はっそう,hasso,abstract_word,kanji_only,サ変名詞,抽象物
撥水,はっすい,hassui,abstract_word,kanji_only,普通名詞,抽象物
旗色,はたいろ,hatairo,abstract_word,kanji_only,普通名詞,抽象物
旗印,はたじるし,hatajirushi,abstract_word,kanji_only,普通名詞,抽象物
傍目,はため,hatame,abstract_word,kanji_only,普通名詞,抽象物
畑作,はたさく,hatasaku,abstract_word,kanji_only,サ変名詞,抽象物
発,はつ,hatsu,abstract_word,kanji_only,普通名詞,抽象物
発案,はつあん,hatsuan,abstract_word,kanji_only,サ変名詞,抽象物
発動,はつどう,hatsudo,abstract_word,kanji_only,サ変名詞,抽象物
発煙,はつえん,hatsuen,abstract_word,kanji_only,サ変名詞,抽象物
発芽,はつが,hatsuga,abstract_word,kanji_only,サ変名詞,抽象物
発現,はつげん,hatsugen,abstract_word,kanji_only,サ変名詞,抽象物
発言,はつげん,hatsugen,abstract_word,kanji_only,サ変名詞,抽象物
初耳,はつみみ,hatsumimi,abstract_word,kanji_only,普通名詞,抽象物
発音,はつおん,hatsuon,abstract_word,kanji_only,サ変名詞,抽象物
発露,はつろ,hatsuro,abstract_word,kanji_only,サ変名詞,抽象物
初霜,はつしも,hatsushimo,abstract_word,kanji_only,普通名詞,抽象物
発揚,はつよう,hatsuyo,abstract_word,kanji_only,サ変名詞,抽象物
初雪,はつゆき,hatsuyuki,abstract_word,kanji_only,普通名詞,抽象物
発達,はったつ,hattatsu,abstract_word,kanji_only,サ変名詞,抽象物
発展,はってん,hatten,abstract_word,kanji_only,サ変名詞,抽象物
八頭身,はっとうしん,hattoshin,abstract_word,kanji_only,普通名詞,抽象物
早鐘,はやがね,hayagane,abstract_word,kanji_only,普通名詞,抽象物
早合点,はやがてん,hayagaten,abstract_word,kanji_only,サ変名詞,抽象物
早口,はやくち,hayakuchi,abstract_word,kanji_only,普通名詞,抽象物
早耳,はやみみ,hayamimi,abstract_word,kanji_only,普通名詞,抽象物
疾風,はやて,hayate,abstract_word,kanji_only,普通名詞,抽象物
早技,はやわざ,hayawaza,abstract_word,kanji_only,普通名詞,抽象物
筈,はず,hazu,abstract_word,kanji_only,普通名詞,抽象物
平伏,へいふく,heifuku,abstract_word,kanji_only,サ変名詞,抽象物
弊害,へいがい,heigai,abstract_word,kanji_only,普通名詞,抽象物
併合,へいごう,heigo,abstract_word,kanji_only,サ変名詞,抽象物
閉場,へいじょう,heijo,abstract_word,kanji_only,サ変名詞,抽象物
平準,へいじゅん,heijun,abstract_word,kanji_only,普通名詞,抽象物
閉会,へいかい,heikai,abstract_word,kanji_only,サ変名詞,抽象物
閉館,へいかん,heikan,abstract_word,kanji_only,サ変名詞,抽象物
併記,へいき,heiki,abstract_word,kanji_only,サ変名詞,抽象物
平均,へいきん,heikin,abstract_word,kanji_only,サ変名詞,抽象物
並行,へいこう,heiko,abstract_word,kanji_only,サ変名詞,抽象物
平行,へいこう,heiko,abstract_word,kanji_only,サ変名詞,抽象物
平衡,へいこう,heiko,abstract_word,kanji_only,サ変名詞,抽象物
閉口,へいこう,heiko,abstract_word,kanji_only,サ変名詞,抽象物
閉門,へいもん,heimon,abstract_word,kanji_only,サ変名詞,抽象物
平温,へいおん,heion,abstract_word,kanji_only,普通名詞,抽象物
並立,へいりつ,heiritsu,abstract_word,kanji_only,サ変名詞,抽象物
閉鎖,へいさ,heisa,abstract_word,kanji_only,サ変名詞,抽象物
併催,へいさい,heisai,abstract_word,kanji_only,サ変名詞,抽象物
併設,へいせつ,heisetsu,abstract_word,kanji_only,サ変名詞,抽象物
平身低頭,へいしんていとう,heishinteito,abstract_word,kanji_only,サ変名詞,抽象物
平素,へいそ,heiso,abstract_word,kanji_only,時相名詞,抽象物
併存,へいそん,heison,abstract_word,kanji_only,サ変名詞,抽象物
平定,へいてい,heitei,abstract_word,kanji_only,サ変名詞,抽象物
併用,へいよう,heiyo,abstract_word,kanji_only,サ変名詞,抽象物
閉山,へいざん,heizan,abstract_word,kanji_only,サ変名詞,抽象物
平生,へいぜい,heizei,abstract_word,kanji_only,時相名詞,抽象物
辟易,へきえき,hekieki,abstract_word,kanji_only,サ変名詞,抽象物
編,へん,hen,abstract_word,kanji_only,普通名詞,抽象物
変貌,へんぼう,henbo,abstract_word,kanji_only,サ変名詞,抽象物
偏重,へんちょう,hencho,abstract_word,kanji_only,サ変名詞,抽象物
変動,へんどう,hendo,abstract_word,kanji_only,サ変名詞,抽象物
変異,へんい,heni,abstract_word,kanji_only,サ変名詞,抽象物
返事,へんじ,henji,abstract_word,kanji_only,サ変名詞,抽象物
返上,へんじょう,henjo,abstract_word,kanji_only,サ変名詞,抽象物
変化,へんか,henka,abstract_word,kanji_only,サ変名詞,抽象物
変革,へんかく,henkaku,abstract_word,kanji_only,サ変名詞,抽象物
変換,へんかん,henkan,abstract_word,kanji_only,サ変名詞,抽象物
返還,へんかん,henkan,abstract_word,kanji_only,サ変名詞,抽象物
変形,へんけい,henkei,abstract_word,kanji_only,サ変名詞,抽象物
返金,へんきん,henkin,abstract_word,kanji_only,サ変名詞,抽象物
偏向,へんこう,henko,abstract_word,kanji_only,サ変名詞,抽象物
変更,へんこう,henko,abstract_word,kanji_only,サ変名詞,抽象物
返却,へんきゃく,henkyaku,abstract_word,kanji_only,サ変名詞,抽象物
返本,へんぽん,henpon,abstract_word,kanji_only,サ変名詞,抽象物
返礼,へんれい,henrei,abstract_word,kanji_only,サ変名詞,抽象物
遍歴,へんれき,henreki,abstract_word,kanji_only,サ変名詞,抽象物
編成,へんせい,hensei,abstract_word,kanji_only,サ変名詞,抽象物
偏西風,へんせいふう,henseifu,abstract_word,kanji_only,普通名詞,抽象物
変遷,へんせん,hensen,abstract_word,kanji_only,サ変名詞,抽象物
変節,へんせつ,hensetsu,abstract_word,kanji_only,サ変名詞,抽象物
変心,へんしん,henshin,abstract_word,kanji_only,サ変名詞,抽象物
変身,へんしん,henshin,abstract_word,kanji_only,サ変名詞,抽象物
変質,へんしつ,henshitsu,abstract_word,kanji_only,サ変名詞,抽象物
変色,へんしょく,henshoku,abstract_word,kanji_only,サ変名詞,抽象物
変装,へんそう,henso,abstract_word,kanji_only,サ変名詞,抽象物
変転,へんてん,henten,abstract_word,kanji_only,サ変名詞,抽象物
変哲,へんてつ,hentetsu,abstract_word,kanji_only,普通名詞,抽象物
返答,へんとう,hento,abstract_word,kanji_only,サ変名詞,抽象物
変容,へんよう,henyo,abstract_word,kanji_only,サ変名詞,抽象物
偏在,へんざい,henzai,abstract_word,kanji_only,サ変名詞,抽象物
悲哀,ひあい,hiai,abstract_word,kanji_only,普通名詞,抽象物
火柱,ひばしら,hibashira,abstract_word,kanji_only,普通名詞,抽象物
誹謗,ひぼう,hibo,abstract_word,kanji_only,サ変名詞,抽象物
左前,ひだりまえ,hidarimae,abstract_word,kanji_only,普通名詞,抽象物
左団扇,ひだりうちわ,hidariuchiwa,abstract_word,kanji_only,普通名詞,抽象物
被覆,ひふく,hifuku,abstract_word,kanji_only,サ変名詞,抽象物
悲憤,ひふん,hifun,abstract_word,kanji_only,サ変名詞,抽象物
被害,ひがい,higai,abstract_word,kanji_only,普通名詞,抽象物
悲願,ひがん,higan,abstract_word,kanji_only,普通名詞,抽象物
卑下,ひげ,hige,abstract_word,kanji_only,サ変名詞,抽象物
悲劇,ひげき,higeki,abstract_word,kanji_only,普通名詞,抽象物
秘儀,ひぎ,higi,abstract_word,kanji_only,普通名詞,抽象物
庇護,ひご,higo,abstract_word,kanji_only,サ変名詞,抽象物
飛語,ひご,higo,abstract_word,kanji_only,普通名詞,抽象物
非業,ひごう,higo,abstract_word,kanji_only,普通名詞,抽象物
批判,ひはん,hihan,abstract_word,kanji_only,サ変名詞,抽象物
疲弊,ひへい,hihei,abstract_word,kanji_only,サ変名詞,抽象物
悲報,ひほう,hiho,abstract_word,kanji_only,普通名詞,抽象物
批評,ひひょう,hihyo,abstract_word,kanji_only,サ変名詞,抽象物
贔屓目,ひいきめ,hiikime,abstract_word,kanji_only,普通名詞,抽象物
秘事,ひじ,hiji,abstract_word,kanji_only,普通名詞,抽象物
秘術,ひじゅつ,hijutsu,abstract_word,kanji_only,普通名詞,抽象物
比較,ひかく,hikaku,abstract_word,kanji_only,サ変名詞,抽象物
悲観,ひかん,hikan,abstract_word,kanji_only,サ変名詞,抽象物
秘訣,ひけつ,hiketsu,abstract_word,kanji_only,普通名詞,抽象物
悲喜,ひき,hiki,abstract_word,kanji_only,普通名詞,抽象物
引換,ひきかえ,hikikae,abstract_word,kanji_only,普通名詞,抽象物
引取,ひきとり,hikitori,abstract_word,kanji_only,普通名詞,抽象物
引受,ひきうけ,hikiuke,abstract_word,kanji_only,普通名詞,抽象物
必携,ひっけい,hikkei,abstract_word,kanji_only,普通名詞,抽象物
必見,ひっけん,hikken,abstract_word,kanji_only,普通名詞,抽象物
筆記,ひっき,hikki,abstract_word,kanji_only,サ変名詞,抽象物
非行,ひこう,hiko,abstract_word,kanji_only,普通名詞,抽象物
飛行,ひこう,hiko,abstract_word,kanji_only,サ変名詞,抽象物
悲鳴,ひめい,himei,abstract_word,kanji_only,サ変名詞,抽象物
品,ひん,hin,abstract_word,kanji_only,普通名詞,抽象物
日永,ひなが,hinaga,abstract_word,kanji_only,普通名詞,抽象物
避難,ひなん,hinan,abstract_word,kanji_only,サ変名詞,抽象物
非難,ひなん,hinan,abstract_word,kanji_only,サ変名詞,抽象物
品位,ひんい,hini,abstract_word,kanji_only,普通名詞,抽象物
否認,ひにん,hinin,abstract_word,kanji_only,サ変名詞,抽象物
品格,ひんかく,hinkaku,abstract_word,kanji_only,普通名詞,抽象物
品行,ひんこう,hinko,abstract_word,kanji_only,普通名詞,抽象物
品行方正,ひんこうほうせい,hinkohosei,abstract_word,kanji_only,普通名詞,抽象物
貧苦,ひんく,hinku,abstract_word,kanji_only,普通名詞,抽象物
品名,ひんめい,hinmei,abstract_word,kanji_only,普通名詞,抽象物
品目,ひんもく,hinmoku,abstract_word,kanji_only,普通名詞,抽象物
頻発,ひんぱつ,hinpatsu,abstract_word,kanji_only,サ変名詞,抽象物
貧富,ひんぷ,hinpu,abstract_word,kanji_only,普通名詞,抽象物
品評,ひんぴょう,hinpyo,abstract_word,kanji_only,サ変名詞,抽象物
品性,ひんせい,hinsei,abstract_word,kanji_only,普通名詞,抽象物
品質,ひんしつ,hinshitsu,abstract_word,kanji_only,普通名詞,抽象物
品種,ひんしゅ,hinshu,abstract_word,kanji_only,普通名詞,抽象物
顰蹙,ひんしゅく,hinshuku,abstract_word,kanji_only,普通名詞,抽象物
逼迫,ひっぱく,hippaku,abstract_word,kanji_only,サ変名詞,抽象物
筆法,ひっぽう,hippo,abstract_word,kanji_only,普通名詞,抽象物
平仮名,ひらがな,hiragana,abstract_word,kanji_only,普通名詞,抽象物
飛来,ひらい,hirai,abstract_word,kanji_only,サ変名詞,抽象物
披歴,ひれき,hireki,abstract_word,kanji_only,サ変名詞,抽象物
披露,ひろう,hiro,abstract_word,kanji_only,サ変名詞,抽象物
疲労,ひろう,hiro,abstract_word,kanji_only,サ変名詞,抽象物
比類,ひるい,hirui,abstract_word,kanji_only,普通名詞,抽象物
秘策,ひさく,hisaku,abstract_word,kanji_only,普通名詞,抽象物
氷雨,ひさめ,hisame,abstract_word,kanji_only,普通名詞,抽象物
飛散,ひさん,hisan,abstract_word,kanji_only,サ変名詞,抽象物
飛翔,ひしょう,hisho,abstract_word,kanji_only,サ変名詞,抽象物
必殺,ひっさつ,hissatsu,abstract_word,kanji_only,普通名詞,抽象物
筆勢,ひっせい,hissei,abstract_word,kanji_only,普通名詞,抽象物
筆跡,ひっせき,hisseki,abstract_word,kanji_only,普通名詞,抽象物
筆写,ひっしゃ,hissha,abstract_word,kanji_only,サ変名詞,抽象物
必勝,ひっしょう,hissho,abstract_word,kanji_only,普通名詞,抽象物
必着,ひっちゃく,hitchaku,abstract_word,kanji_only,普通名詞,抽象物
否定,ひてい,hitei,abstract_word,kanji_only,サ変名詞,抽象物
一安心,ひとあんしん,hitoanshin,abstract_word,kanji_only,サ変名詞,抽象物
人出,ひとで,hitode,abstract_word,kanji_only,普通名詞,抽象物
一重,ひとえ,hitoe,abstract_word,kanji_only,普通名詞,抽象物
一筆,ひとふで,hitofude,abstract_word,kanji_only,普通名詞,抽象物
人柄,ひとがら,hitogara,abstract_word,kanji_only,普通名詞,抽象物
人心地,ひとごこち,hitogokochi,abstract_word,kanji_only,普通名詞,抽象物
一声,ひとこえ,hitokoe,abstract_word,kanji_only,普通名詞,抽象物
一言,ひとこと,hitokoto,abstract_word,kanji_only,普通名詞,抽象物
秘匿,ひとく,hitoku,abstract_word,kanji_only,サ変名詞,抽象物
一口,ひとくち,hitokuchi,abstract_word,kanji_only,普通名詞,抽象物
一苦労,ひとくろう,hitokuro,abstract_word,kanji_only,サ変名詞,抽象物
一癖,ひとくせ,hitokuse,abstract_word,kanji_only,普通名詞,抽象物
人真似,ひとまね,hitomane,abstract_word,kanji_only,サ変名詞,抽象物
人目,ひとめ,hitome,abstract_word,kanji_only,普通名詞,抽象物
一仕事,ひとしごと,hitoshigoto,abstract_word,kanji_only,普通名詞,抽象物
一筋,ひとすじ,hitosuji,abstract_word,kanji_only,普通名詞,抽象物
一筋縄,ひとすじなわ,hitosujinawa,abstract_word,kanji_only,普通名詞,抽象物
一役,ひとやく,hitoyaku,abstract_word,kanji_only,普通名詞,抽象物
人伝,ひとづて,hitozute,abstract_word,kanji_only,普通名詞,抽象物
筆圧,ひつあつ,hitsuatsu,abstract_word,kanji_only,普通名詞,抽象物
筆談,ひつだん,hitsudan,abstract_word,kanji_only,サ変名詞,抽象物
必読,ひつどく,hitsudoku,abstract_word,kanji_only,普通名詞,抽象物
必然,ひつぜん,hitsuzen,abstract_word,kanji_only,普通名詞,抽象物
筆舌,ひつぜつ,hitsuzetsu,abstract_word,kanji_only,普通名詞,抽象物
匹敵,ひってき,hitteki,abstract_word,kanji_only,サ変名詞,抽象物
筆頭,ひっとう,hitto,abstract_word,kanji_only,普通名詞,抽象物
悲運,ひうん,hiun,abstract_word,kanji_only,普通名詞,抽象物
飛躍,ひやく,hiyaku,abstract_word,kanji_only,サ変名詞,抽象物
日和,ひより,hiyori,abstract_word,kanji_only,普通名詞,抽象物
日和見,ひよりみ,hiyorimi,abstract_word,kanji_only,普通名詞,抽象物
比喩,ひゆ,hiyu,abstract_word,kanji_only,普通名詞,抽象物
秘蔵,ひぞう,hizo,abstract_word,kanji_only,サ変名詞,抽象物
歪,ひずみ,hizumi,abstract_word,kanji_only,普通名詞,抽象物
保安,ほあん,hoan,abstract_word,kanji_only,普通名詞,抽象物
方便,ほうべん,hoben,abstract_word,kanji_only,普通名詞,抽象物
放牧,ほうぼく,hoboku,abstract_word,kanji_only,サ変名詞,抽象物
報知,ほうち,hochi,abstract_word,kanji_only,サ変名詞,抽象物
放置,ほうち,hochi,abstract_word,kanji_only,サ変名詞,抽象物
放逐,ほうちく,hochiku,abstract_word,kanji_only,サ変名詞,抽象物
歩調,ほちょう,hocho,abstract_word,kanji_only,普通名詞,抽象物
程合,ほどあい,hodoai,abstract_word,kanji_only,普通名詞,抽象物
抱負,ほうふ,hofu,abstract_word,kanji_only,普通名詞,抽象物
萌芽,ほうが,hoga,abstract_word,kanji_only,サ変名詞,抽象物
捕鯨,ほげい,hogei,abstract_word,kanji_only,普通名詞,抽象物
放言,ほうげん,hogen,abstract_word,kanji_only,サ変名詞,抽象物
方言,ほうげん,hogen,abstract_word,kanji_only,普通名詞,抽象物
歩幅,ほはば,hohaba,abstract_word,kanji_only,普通名詞,抽象物
方法,ほうほう,hoho,abstract_word,kanji_only,普通名詞,抽象物
包囲,ほうい,hoi,abstract_word,kanji_only,サ変名詞,抽象物
保持,ほじ,hoji,abstract_word,kanji_only,サ変名詞,抽象物
豊穣,ほうじょう,hojo,abstract_word,kanji_only,普通名詞,抽象物
豊饒,ほうじょう,hojo,abstract_word,kanji_only,普通名詞,抽象物
補助,ほじょ,hojo,abstract_word,kanji_only,サ変名詞,抽象物
補充,ほじゅう,hoju,abstract_word,kanji_only,サ変名詞,抽象物
火影,ほかげ,hokage,abstract_word,kanji_only,普通名詞,抽象物
崩壊,ほうかい,hokai,abstract_word,kanji_only,サ変名詞,抽象物
捕獲,ほかく,hokaku,abstract_word,kanji_only,サ変名詞,抽象物
保管,ほかん,hokan,abstract_word,kanji_only,サ変名詞,抽象物
補完,ほかん,hokan,abstract_word,kanji_only,サ変名詞,抽象物
包括,ほうかつ,hokatsu,abstract_word,kanji_only,サ変名詞,抽象物
放棄,ほうき,hoki,abstract_word,kanji_only,サ変名詞,抽象物
発起,ほっき,hokki,abstract_word,kanji_only,サ変名詞,抽象物
奉公,ほうこう,hoko,abstract_word,kanji_only,サ変名詞,抽象物
歩行,ほこう,hoko,abstract_word,kanji_only,サ変名詞,抽象物
報告,ほうこく,hokoku,abstract_word,kanji_only,サ変名詞,抽象物
報国,ほうこく,hokoku,abstract_word,kanji_only,普通名詞,抽象物
北上,ほくじょう,hokujo,abstract_word,kanji_only,サ変名詞,抽象物
補強,ほきょう,hokyo,abstract_word,kanji_only,サ変名詞,抽象物
補給,ほきゅう,hokyu,abstract_word,kanji_only,サ変名詞,抽象物
訪問,ほうもん,homon,abstract_word,kanji_only,サ変名詞,抽象物
保温,ほおん,hon,abstract_word,kanji_only,サ変名詞,抽象物
本部,ほんぶ,honbu,abstract_word,kanji_only,普通名詞,抽象物
本分,ほんぶん,honbun,abstract_word,kanji_only,普通名詞,抽象物
本文,ほんぶん,honbun,abstract_word,kanji_only,普通名詞,抽象物
本題,ほんだい,hondai,abstract_word,kanji_only,普通名詞,抽象物
本腰,ほんごし,hongoshi,abstract_word,kanji_only,普通名詞,抽象物
本位,ほんい,honi,abstract_word,kanji_only,普通名詞,抽象物
本意,ほんい,honi,abstract_word,kanji_only,普通名詞,抽象物
翻意,ほんい,honi,abstract_word,kanji_only,サ変名詞,抽象物
放任,ほうにん,honin,abstract_word,kanji_only,サ変名詞,抽象物
本格,ほんかく,honkaku,abstract_word,kanji_only,普通名詞,抽象物
本家本元,ほんけほんもと,honkehonmoto,abstract_word,kanji_only,普通名詞,抽象物
本件,ほんけん,honken,abstract_word,kanji_only,普通名詞,抽象物
本末,ほんまつ,honmatsu,abstract_word,kanji_only,普通名詞,抽象物
本望,ほんもう,honmo,abstract_word,kanji_only,普通名詞,抽象物
本物,ほんもの,honmono,abstract_word,kanji_only,普通名詞,抽象物
本元,ほんもと,honmoto,abstract_word,kanji_only,普通名詞,抽象物
本音,ほんね,honne,abstract_word,kanji_only,普通名詞,抽象物
本能,ほんのう,honno,abstract_word,kanji_only,普通名詞,抽象物
翻弄,ほんろう,honro,abstract_word,kanji_only,サ変名詞,抽象物
本領,ほんりょう,honryo,abstract_word,kanji_only,普通名詞,抽象物
奔流,ほんりゅう,honryu,abstract_word,kanji_only,普通名詞,抽象物
本旨,ほんし,honshi,abstract_word,kanji_only,普通名詞,抽象物
本式,ほんしき,honshiki,abstract_word,kanji_only,普通名詞,抽象物
本心,ほんしん,honshin,abstract_word,kanji_only,普通名詞,抽象物
本震,ほんしん,honshin,abstract_word,kanji_only,普通名詞,抽象物
本質,ほんしつ,honshitsu,abstract_word,kanji_only,普通名詞,抽象物
本性,ほんしょう,honsho,abstract_word,kanji_only,普通名詞,抽象物
本職,ほんしょく,honshoku,abstract_word,kanji_only,普通名詞,抽象物
奔走,ほんそう,honso,abstract_word,kanji_only,サ変名詞,抽象物
本筋,ほんすじ,honsuji,abstract_word,kanji_only,普通名詞,抽象物
本体,ほんたい,hontai,abstract_word,kanji_only,普通名詞,抽象物
哺乳,ほにゅう,honyu,abstract_word,kanji_only,サ変名詞,抽象物
本尊,ほんぞん,honzon,abstract_word,kanji_only,普通名詞,抽象物
崩落,ほうらく,horaku,abstract_word,kanji_only,サ変名詞,抽象物
保冷,ほれい,horei,abstract_word,kanji_only,サ変名詞,抽象物
放浪,ほうろう,horo,abstract_word,kanji_only,サ変名詞,抽象物
豊漁,ほうりょう,horyo,abstract_word,kanji_only,普通名詞,抽象物
放流,ほうりゅう,horyu,abstract_word,kanji_only,サ変名詞,抽象物
保留,ほりゅう,horyu,abstract_word,kanji_only,サ変名詞,抽象物
方策,ほうさく,hosaku,abstract_word,kanji_only,普通名詞,抽象物
豊作,ほうさく,hosaku,abstract_word,kanji_only,普通名詞,抽象物
縫製,ほうせい,hosei,abstract_word,kanji_only,サ変名詞,抽象物
補正,ほせい,hosei,abstract_word,kanji_only,サ変名詞,抽象物
奉仕,ほうし,hoshi,abstract_word,kanji_only,サ変名詞,抽象物
星影,ほしかげ,hoshikage,abstract_word,kanji_only,普通名詞,抽象物
方式,ほうしき,hoshiki,abstract_word,kanji_only,普通名詞,抽象物
放心,ほうしん,hoshin,abstract_word,kanji_only,サ変名詞,抽象物
方針,ほうしん,hoshin,abstract_word,kanji_only,普通名詞,抽象物
保身,ほしん,hoshin,abstract_word,kanji_only,普通名詞,抽象物
星月夜,ほしづきよ,hoshizukiyo,abstract_word,kanji_only,普通名詞,抽象物
報償,ほうしょう,hosho,abstract_word,kanji_only,サ変名詞,抽象物
報奨,ほうしょう,hosho,abstract_word,kanji_only,サ変名詞,抽象物
保証,ほしょう,hosho,abstract_word,kanji_only,サ変名詞,抽象物
保障,ほしょう,hosho,abstract_word,kanji_only,サ変名詞,抽象物
補償,ほしょう,hosho,abstract_word,kanji_only,サ変名詞,抽象物
捕食,ほしょく,hoshoku,abstract_word,kanji_only,サ変名詞,抽象物
保守,ほしゅ,hoshu,abstract_word,kanji_only,サ変名詞,抽象物
補修,ほしゅう,hoshu,abstract_word,kanji_only,サ変名詞,抽象物
放出,ほうしゅつ,hoshutsu,abstract_word,kanji_only,サ変名詞,抽象物
包装,ほうそう,hoso,abstract_word,kanji_only,サ変名詞,抽象物
法則,ほうそく,hosoku,abstract_word,kanji_only,普通名詞,抽象物
歩測,ほそく,hosoku,abstract_word,kanji_only,サ変名詞,抽象物
補足,ほそく,hosoku,abstract_word,kanji_only,サ変名詞,抽象物
細目,ほそめ,hosome,abstract_word,kanji_only,普通名詞,抽象物
細身,ほそみ,hosomi,abstract_word,kanji_only,普通名詞,抽象物
発足,ほっそく,hossoku,abstract_word,kanji_only,サ変名詞,抽象物
放水,ほうすい,hosui,abstract_word,kanji_only,サ変名詞,抽象物
方途,ほうと,hoto,abstract_word,kanji_only,普通名詞,抽象物
発端,ほったん,hottan,abstract_word,kanji_only,普通名詞,抽象物
包容,ほうよう,hoyo,abstract_word,kanji_only,サ変名詞,抽象物
抱擁,ほうよう,hoyo,abstract_word,kanji_only,サ変名詞,抽象物
保有,ほゆう,hoyu,abstract_word,kanji_only,サ変名詞,抽象物
保全,ほぜん,hozen,abstract_word,kanji_only,サ変名詞,抽象物
保存,ほぞん,hozon,abstract_word,kanji_only,サ変名詞,抽象物
頬杖,ほおづえ,hozue,abstract_word,kanji_only,普通名詞,抽象物
百花斉放,ひゃっかせいほう,hyakkaseiho,abstract_word,kanji_only,普通名詞,抽象物
百聞,ひゃくぶん,hyakubun,abstract_word,kanji_only,普通名詞,抽象物
百害,ひゃくがい,hyakugai,abstract_word,kanji_only,普通名詞,抽象物
百選,ひゃくせん,hyakusen,abstract_word,kanji_only,普通名詞,抽象物
表,ひょう,hyo,abstract_word,kanji_only,普通名詞,抽象物
評,ひょう,hyo,abstract_word,kanji_only,普通名詞,抽象物
雹,ひょう,hyo,abstract_word,kanji_only,普通名詞,抽象物
評判,ひょうばん,hyoban,abstract_word,kanji_only,サ変名詞,抽象物
標榜,ひょうぼう,hyobo,abstract_word,kanji_only,サ変名詞,抽象物
漂着,ひょうちゃく,hyochaku,abstract_word,kanji_only,サ変名詞,抽象物
表題,ひょうだい,hyodai,abstract_word,kanji_only,普通名詞,抽象物
表現,ひょうげん,hyogen,abstract_word,kanji_only,サ変名詞,抽象物
評議,ひょうぎ,hyogi,abstract_word,kanji_only,サ変名詞,抽象物
標語,ひょうご,hyogo,abstract_word,kanji_only,普通名詞,抽象物
漂泊,ひょうはく,hyohaku,abstract_word,kanji_only,サ変名詞,抽象物
豹変,ひょうへん,hyohen,abstract_word,kanji_only,サ変名詞,抽象物
標本,ひょうほん,hyohon,abstract_word,kanji_only,普通名詞,抽象物
標示,ひょうじ,hyoji,abstract_word,kanji_only,サ変名詞,抽象物
表示,ひょうじ,hyoji,abstract_word,kanji_only,サ変名詞,抽象物
表情,ひょうじょう,hyojo,abstract_word,kanji_only,普通名詞,抽象物
標準,ひょうじゅん,hyojun,abstract_word,kanji_only,普通名詞,抽象物
評価,ひょうか,hyoka,abstract_word,kanji_only,サ変名詞,抽象物
氷結,ひょうけつ,hyoketsu,abstract_word,kanji_only,サ変名詞,抽象物
票決,ひょうけつ,hyoketsu,abstract_word,kanji_only,サ変名詞,抽象物
表決,ひょうけつ,hyoketsu,abstract_word,kanji_only,サ変名詞,抽象物
評決,ひょうけつ,hyoketsu,abstract_word,kanji_only,サ変名詞,抽象物
表記,ひょうき,hyoki,abstract_word,kanji_only,サ変名詞,抽象物
表明,ひょうめい,hyomei,abstract_word,kanji_only,サ変名詞,抽象物
表裏,ひょうり,hyori,abstract_word,kanji_only,サ変名詞,抽象物
評論,ひょうろん,hyoron,abstract_word,kanji_only,サ変名詞,抽象物
漂流,ひょうりゅう,hyoryu,abstract_word,kanji_only,サ変名詞,抽象物
標章,ひょうしょう,hyosho,abstract_word,kanji_only,普通名詞,抽象物
表彰,ひょうしょう,hyosho,abstract_word,kanji_only,サ変名詞,抽象物
表出,ひょうしゅつ,hyoshutsu,abstract_word,kanji_only,サ変名詞,抽象物
表層,ひょうそう,hyoso,abstract_word,kanji_only,普通名詞,抽象物
評定,ひょうてい,hyotei,abstract_word,kanji_only,サ変名詞,抽象物
慰安,いあん,ian,abstract_word,kanji_only,サ変名詞,抽象物
威圧,いあつ,iatsu,abstract_word,kanji_only,サ変名詞,抽象物
息吹,いぶき,ibuki,abstract_word,kanji_only,普通名詞,抽象物
一案,いちあん,ichian,abstract_word,kanji_only,普通名詞,抽象物
一望,いちぼう,ichibo,abstract_word,kanji_only,サ変名詞,抽象物
一部始終,いちぶしじゅう,ichibushiju,abstract_word,kanji_only,普通名詞,抽象物
一大事,いちだいじ,ichidaiji,abstract_word,kanji_only,普通名詞,抽象物
一読,いちどく,ichidoku,abstract_word,kanji_only,サ変名詞,抽象物
一丸,いちがん,ichigan,abstract_word,kanji_only,普通名詞,抽象物
一撃,いちげき,ichigeki,abstract_word,kanji_only,サ変名詞,抽象物
一言,いちげん,ichigen,abstract_word,kanji_only,サ変名詞,抽象物
一期一会,いちごいちえ,ichigoichie,abstract_word,kanji_only,普通名詞,抽象物
一言半句,いちごんはんく,ichigonhanku,abstract_word,kanji_only,普通名詞,抽象物
一意,いちい,ichii,abstract_word,kanji_only,普通名詞,抽象物
一因,いちいん,ichiin,abstract_word,kanji_only,普通名詞,抽象物
一事,いちじ,ichiji,abstract_word,kanji_only,普通名詞,抽象物
一字一句,いちじいっく,ichijiikku,abstract_word,kanji_only,普通名詞,抽象物
一陣,いちじん,ichijin,abstract_word,kanji_only,普通名詞,抽象物
一助,いちじょ,ichijo,abstract_word,kanji_only,普通名詞,抽象物
一場,いちじょう,ichijo,abstract_word,kanji_only,普通名詞,抽象物
一巡,いちじゅん,ichijun,abstract_word,kanji_only,サ変名詞,抽象物
移築,いちく,ichiku,abstract_word,kanji_only,サ変名詞,抽象物
一抹,いちまつ,ichimatsu,abstract_word,kanji_only,普通名詞,抽象物
一網打尽,いちもうだじん,ichimodajin,abstract_word,kanji_only,普通名詞,抽象物
一目,いちもく,ichimoku,abstract_word,kanji_only,サ変名詞,抽象物
一問一答,いちもんいっとう,ichimonitto,abstract_word,kanji_only,普通名詞,抽象物
一念,いちねん,ichinen,abstract_word,kanji_only,普通名詞,抽象物
一任,いちにん,ichinin,abstract_word,kanji_only,サ変名詞,抽象物
一例,いちれい,ichirei,abstract_word,kanji_only,普通名詞,抽象物
一礼,いちれい,ichirei,abstract_word,kanji_only,サ変名詞,抽象物
一理,いちり,ichiri,abstract_word,kanji_only,普通名詞,抽象物
一流,いちりゅう,ichiryu,abstract_word,kanji_only,普通名詞,抽象物
一翼,いちよく,ichiyoku,abstract_word,kanji_only,普通名詞,抽象物
一存,いちぞん,ichizon,abstract_word,kanji_only,普通名詞,抽象物
位置付,いちづけ,ichizuke,abstract_word,kanji_only,サ変名詞,抽象物
意中,いちゅう,ichu,abstract_word,kanji_only,普通名詞,抽象物
異同,いどう,ido,abstract_word,kanji_only,普通名詞,抽象物
移動,いどう,ido,abstract_word,kanji_only,サ変名詞,抽象物
畏怖,いふ,ifu,abstract_word,kanji_only,サ変名詞,抽象物
威厳,いげん,igen,abstract_word,kanji_only,普通名詞,抽象物
威儀,いぎ,igi,abstract_word,kanji_only,普通名詞,抽象物
意義,いぎ,igi,abstract_word,kanji_only,普通名詞,抽象物
異議,いぎ,igi,abstract_word,kanji_only,普通名詞,抽象物
居心地,いごこち,igokochi,abstract_word,kanji_only,普通名詞,抽象物
偉業,いぎょう,igyo,abstract_word,kanji_only,普通名詞,抽象物
遺業,いぎょう,igyo,abstract_word,kanji_only,普通名詞,抽象物
違背,いはい,ihai,abstract_word,kanji_only,サ変名詞,抽象物
異変,いへん,ihen,abstract_word,kanji_only,サ変名詞,抽象物
意表,いひょう,ihyo,abstract_word,kanji_only,普通名詞,抽象物
意地,いじ,iji,abstract_word,kanji_only,普通名詞,抽象物
維持,いじ,iji,abstract_word,kanji_only,サ変名詞,抽象物
意地悪,いじわる,ijiwaru,abstract_word,kanji_only,サ変名詞,抽象物
異状,いじょう,ijo,abstract_word,kanji_only,普通名詞,抽象物
威嚇,いかく,ikaku,abstract_word,kanji_only,サ変名詞,抽象物
如何,いかん,ikan,abstract_word,kanji_only,普通名詞,抽象物
畏敬,いけい,ikei,abstract_word,kanji_only,サ変名詞,抽象物
意見,いけん,iken,abstract_word,kanji_only,サ変名詞,抽象物
異見,いけん,iken,abstract_word,kanji_only,普通名詞,抽象物
意気,いき,iki,abstract_word,kanji_only,普通名詞,抽象物
意気消沈,いきしょうちん,ikishochin,abstract_word,kanji_only,サ変名詞,抽象物
意気投合,いきとうごう,ikitogo,abstract_word,kanji_only,サ変名詞,抽象物
一角,いっかく,ikkaku,abstract_word,kanji_only,普通名詞,抽象物
一獲千金,いっかくせんきん,ikkakusenkin,abstract_word,kanji_only,普通名詞,抽象物
一貫,いっかん,ikkan,abstract_word,kanji_only,サ変名詞,抽象物
一過性,いっかせい,ikkasei,abstract_word,kanji_only,普通名詞,抽象物
一喝,いっかつ,ikkatsu,abstract_word,kanji_only,サ変名詞,抽象物
一括,いっかつ,ikkatsu,abstract_word,kanji_only,サ変名詞,抽象物
一揆,いっき,ikki,abstract_word,kanji_only,普通名詞,抽象物
一喜一憂,いっきいちゆう,ikkiichiyu,abstract_word,kanji_only,サ変名詞,抽象物
一騎当千,いっきとうせん,ikkitosen,abstract_word,kanji_only,普通名詞,抽象物
一考,いっこう,ikko,abstract_word,kanji_only,サ変名詞,抽象物
一興,いっきょう,ikkyo,abstract_word,kanji_only,普通名詞,抽象物
一挙一動,いっきょいちどう,ikkyoichido,abstract_word,kanji_only,普通名詞,抽象物
一挙両得,いっきょりょうとく,ikkyoryotoku,abstract_word,kanji_only,普通名詞,抽象物
威光,いこう,iko,abstract_word,kanji_only,普通名詞,抽象物
意向,いこう,iko,abstract_word,kanji_only,普通名詞,抽象物
移行,いこう,iko,abstract_word,kanji_only,サ変名詞,抽象物
遺恨,いこん,ikon,abstract_word,kanji_only,普通名詞,抽象物
異口同音,いくどうおん,ikudon,abstract_word,kanji_only,普通名詞,抽象物
意気地,いくじ,ikuji,abstract_word,kanji_only,普通名詞,抽象物
意気地無,いくじなし,ikujinashi,abstract_word,kanji_only,普通名詞,抽象物
遺訓,いくん,ikun,abstract_word,kanji_only,普通名詞,抽象物
育成,いくせい,ikusei,abstract_word,kanji_only,サ変名詞,抽象物
依拠,いきょ,ikyo,abstract_word,kanji_only,サ変名詞,抽象物
意味,いみ,imi,abstract_word,kanji_only,サ変名詞,抽象物
慰問,いもん,imon,abstract_word,kanji_only,サ変名詞,抽象物
異名,いみょう,imyo,abstract_word,kanji_only,普通名詞,抽象物
稲光,いなびかり,inabikari,abstract_word,kanji_only,普通名詞,抽象物
稲作,いなさく,inasaku,abstract_word,kanji_only,サ変名詞,抽象物
稲妻,いなずま,inazuma,abstract_word,kanji_only,普通名詞,抽象物
引導,いんどう,indo,abstract_word,kanji_only,普通名詞,抽象物
因果,いんが,inga,abstract_word,kanji_only,普通名詞,抽象物
因果応報,いんがおうほう,ingaoho,abstract_word,kanji_only,普通名詞,抽象物
隠語,いんご,ingo,abstract_word,kanji_only,普通名詞,抽象物
委任,いにん,inin,abstract_word,kanji_only,サ変名詞,抽象物
印字,いんじ,inji,abstract_word,kanji_only,サ変名詞,抽象物
引火,いんか,inka,abstract_word,kanji_only,サ変名詞,抽象物
因縁,いんねん,innen,abstract_word,kanji_only,普通名詞,抽象物
印刷,いんさつ,insatsu,abstract_word,kanji_only,サ変名詞,抽象物
院政,いんせい,insei,abstract_word,kanji_only,普通名詞,抽象物
因子,いんし,inshi,abstract_word,kanji_only,普通名詞,抽象物
印象,いんしょう,insho,abstract_word,kanji_only,普通名詞,抽象物
引用,いんよう,inyo,abstract_word,kanji_only,サ変名詞,抽象物
移入,いにゅう,inyu,abstract_word,kanji_only,サ変名詞,抽象物
一般,いっぱん,ippan,abstract_word,kanji_only,普通名詞,抽象物
一変,いっぺん,ippen,abstract_word,kanji_only,サ変名詞,抽象物
一辺倒,いっぺんとう,ippento,abstract_word,kanji_only,普通名詞,抽象物
一筆,いっぴつ,ippitsu,abstract_word,kanji_only,普通名詞,抽象物
一報,いっぽう,ippo,abstract_word,kanji_only,サ変名詞,抽象物
一法,いっぽう,ippo,abstract_word,kanji_only,普通名詞,抽象物
一本化,いっぽんか,ipponka,abstract_word,kanji_only,サ変名詞,抽象物
一本槍,いっぽんやり,ipponyari,abstract_word,kanji_only,普通名詞,抽象物
一風,いっぷう,ippu,abstract_word,kanji_only,普通名詞,抽象物
一服,いっぷく,ippuku,abstract_word,kanji_only,サ変名詞,抽象物
依頼,いらい,irai,abstract_word,kanji_only,サ変名詞,抽象物
慰労,いろう,iro,abstract_word,kanji_only,サ変名詞,抽象物
遺漏,いろう,iro,abstract_word,kanji_only,普通名詞,抽象物
色気,いろけ,iroke,abstract_word,kanji_only,普通名詞,抽象物
異論,いろん,iron,abstract_word,kanji_only,普通名詞,抽象物
色艶,いろつや,irotsuya,abstract_word,kanji_only,普通名詞,抽象物
威力,いりょく,iryoku,abstract_word,kanji_only,普通名詞,抽象物
慰留,いりゅう,iryu,abstract_word,kanji_only,サ変名詞,抽象物
遺留,いりゅう,iryu,abstract_word,kanji_only,サ変名詞,抽象物
委細,いさい,isai,abstract_word,kanji_only,普通名詞,抽象物
異彩,いさい,isai,abstract_word,kanji_only,普通名詞,抽象物
威勢,いせい,isei,abstract_word,kanji_only,普通名詞,抽象物
異性,いせい,isei,abstract_word,kanji_only,普通名詞,抽象物
移籍,いせき,iseki,abstract_word,kanji_only,サ変名詞,抽象物
異説,いせつ,isetsu,abstract_word,kanji_only,普通名詞,抽象物
移設,いせつ,isetsu,abstract_word,kanji_only,サ変名詞,抽象物
意志,いし,ishi,abstract_word,kanji_only,普通名詞,抽象物
意思,いし,ishi,abstract_word,kanji_only,普通名詞,抽象物
遺志,いし,ishi,abstract_word,kanji_only,普通名詞,抽象物
意識,いしき,ishiki,abstract_word,kanji_only,サ変名詞,抽象物
威信,いしん,ishin,abstract_word,kanji_only,普通名詞,抽象物
維新,いしん,ishin,abstract_word,kanji_only,普通名詞,抽象物
以心伝心,いしんでんしん,ishindenshin,abstract_word,kanji_only,普通名詞,抽象物
委嘱,いしょく,ishoku,abstract_word,kanji_only,サ変名詞,抽象物
異種,いしゅ,ishu,abstract_word,kanji_only,普通名詞,抽象物
移出,いしゅつ,ishutsu,abstract_word,kanji_only,サ変名詞,抽象物
移送,いそう,iso,abstract_word,kanji_only,サ変名詞,抽象物
一策,いっさく,issaku,abstract_word,kanji_only,普通名詞,抽象物
一世一代,いっせいちだい,isseichidai,abstract_word,kanji_only,普通名詞,抽象物
一石,いっせき,isseki,abstract_word,kanji_only,普通名詞,抽象物
一石二鳥,いっせきにちょう,issekinicho,abstract_word,kanji_only,普通名詞,抽象物
一説,いっせつ,issetsu,abstract_word,kanji_only,普通名詞,抽象物
一式,いっしき,isshiki,abstract_word,kanji_only,普通名詞,抽象物
一新,いっしん,isshin,abstract_word,kanji_only,サ変名詞,抽象物
一心同体,いっしんどうたい,isshindotai,abstract_word,kanji_only,普通名詞,抽象物
一心不乱,いっしんふらん,isshinfuran,abstract_word,kanji_only,普通名詞,抽象物
一進一退,いっしんいったい,isshinittai,abstract_word,kanji_only,サ変名詞,抽象物
一生,いっしょう,issho,abstract_word,kanji_only,時相名詞,抽象物
一笑,いっしょう,issho,abstract_word,kanji_only,サ変名詞,抽象物
一色,いっしょく,isshoku,abstract_word,kanji_only,普通名詞,抽象物
一掃,いっそう,isso,abstract_word,kanji_only,サ変名詞,抽象物
痛手,いたで,itade,abstract_word,kanji_only,普通名詞,抽象物
異端,いたん,itan,abstract_word,kanji_only,普通名詞,抽象物
一致,いっち,itchi,abstract_word,kanji_only,サ変名詞,抽象物
一長一短,いっちょういったん,itchoittan,abstract_word,kanji_only,普通名詞,抽象物
移転,いてん,iten,abstract_word,kanji_only,サ変名詞,抽象物
意図,いと,ito,abstract_word,kanji_only,サ変名詞,抽象物
糸口,いとぐち,itoguchi,abstract_word,kanji_only,普通名詞,抽象物
威徳,いとく,itoku,abstract_word,kanji_only,普通名詞,抽象物
糸目,いとめ,itome,abstract_word,kanji_only,普通名詞,抽象物
逸脱,いつだつ,itsudatsu,abstract_word,kanji_only,サ変名詞,抽象物
逸話,いつわ,itsuwa,abstract_word,kanji_only,普通名詞,抽象物
一端,いったん,ittan,abstract_word,kanji_only,普通名詞,抽象物
一定,いってい,ittei,abstract_word,kanji_only,サ変名詞,抽象物
一転,いってん,itten,abstract_word,kanji_only,サ変名詞,抽象物
一徹,いってつ,ittetsu,abstract_word,kanji_only,普通名詞,抽象物
一途,いっと,itto,abstract_word,kanji_only,普通名詞,抽象物
祝,いわい,iwai,abstract_word,kanji_only,普通名詞,抽象物
違和感,いわかん,iwakan,abstract_word,kanji_only,普通名詞,抽象物
嫌気,いやき,iyaki,abstract_word,kanji_only,サ変名詞,抽象物
意訳,いやく,iyaku,abstract_word,kanji_only,サ変名詞,抽象物
違約,いやく,iyaku,abstract_word,kanji_only,サ変名詞,抽象物
否応,いやおう,iyao,abstract_word,kanji_only,普通名詞,抽象物
意欲,いよく,iyoku,abstract_word,kanji_only,普通名詞,抽象物
依存,いぞん,izon,abstract_word,kanji_only,サ変名詞,抽象物
異存,いぞん,izon,abstract_word,kanji_only,普通名詞,抽象物
邪道,じゃどう,jado,abstract_word,kanji_only,普通名詞,抽象物
邪気,じゃき,jaki,abstract_word,kanji_only,普通名詞,抽象物
弱冠,じゃっかん,jakkan,abstract_word,kanji_only,普通名詞,抽象物
寂光,じゃっこう,jakko,abstract_word,kanji_only,普通名詞,抽象物
弱,じゃく,jaku,abstract_word,kanji_only,普通名詞,抽象物
弱年,じゃくねん,jakunen,abstract_word,kanji_only,普通名詞,抽象物
弱震,じゃくしん,jakushin,abstract_word,kanji_only,普通名詞,抽象物
弱点,じゃくてん,jakuten,abstract_word,kanji_only,普通名詞,抽象物
邪推,じゃすい,jasui,abstract_word,kanji_only,サ変名詞,抽象物
慈愛,じあい,jiai,abstract_word,kanji_only,普通名詞,抽象物
自愛,じあい,jiai,abstract_word,kanji_only,サ変名詞,抽象物
自爆,じばく,jibaku,abstract_word,kanji_only,サ変名詞,抽象物
自腹,じばら,jibara,abstract_word,kanji_only,普通名詞,抽象物
自弁,じべん,jiben,abstract_word,kanji_only,サ変名詞,抽象物
事物,じぶつ,jibutsu,abstract_word,kanji_only,普通名詞,抽象物
自嘲,じちょう,jicho,abstract_word,kanji_only,サ変名詞,抽象物
自重,じちょう,jicho,abstract_word,kanji_only,サ変名詞,抽象物
示談,じだん,jidan,abstract_word,kanji_only,普通名詞,抽象物
自動,じどう,jido,abstract_word,kanji_only,普通名詞,抽象物
自演,じえん,jien,abstract_word,kanji_only,サ変名詞,抽象物
自負,じふ,jifu,abstract_word,kanji_only,サ変名詞,抽象物
自我,じが,jiga,abstract_word,kanji_only,普通名詞,抽象物
慈眼,じがん,jigan,abstract_word,kanji_only,普通名詞,抽象物
次元,じげん,jigen,abstract_word,kanji_only,普通名詞,抽象物
時宜,じぎ,jigi,abstract_word,kanji_only,普通名詞,抽象物
地声,じごえ,jigoe,abstract_word,kanji_only,普通名詞,抽象物
自業自得,じごうじとく,jigojitoku,abstract_word,kanji_only,普通名詞,抽象物
自発,じはつ,jihatsu,abstract_word,kanji_only,普通名詞,抽象物
事変,じへん,jihen,abstract_word,kanji_only,普通名詞,抽象物
慈悲,じひ,jihi,abstract_word,kanji_only,普通名詞,抽象物
自費,じひ,jihi,abstract_word,kanji_only,普通名詞,抽象物
自筆,じひつ,jihitsu,abstract_word,kanji_only,普通名詞,抽象物
示威,じい,jii,abstract_word,kanji_only,サ変名詞,抽象物
時事,じじ,jiji,abstract_word,kanji_only,普通名詞,抽象物
自刃,じじん,jijin,abstract_word,kanji_only,サ変名詞,抽象物
自助,じじょ,jijo,abstract_word,kanji_only,サ変名詞,抽象物
事情,じじょう,jijo,abstract_word,kanji_only,普通名詞,抽象物
自浄,じじょう,jijo,abstract_word,kanji_only,サ変名詞,抽象物
自重,じじゅう,jiju,abstract_word,kanji_only,普通名詞,抽象物
直談判,じかだんぱん,jikadanpan,abstract_word,kanji_only,サ変名詞,抽象物
自戒,じかい,jikai,abstract_word,kanji_only,サ変名詞,抽象物
自覚,じかく,jikaku,abstract_word,kanji_only,サ変名詞,抽象物
自活,じかつ,jikatsu,abstract_word,kanji_only,サ変名詞,抽象物
慈恵,じけい,jikei,abstract_word,kanji_only,普通名詞,抽象物
自警,じけい,jikei,abstract_word,kanji_only,サ変名詞,抽象物
自決,じけつ,jiketsu,abstract_word,kanji_only,サ変名詞,抽象物
直筆,じきひつ,jikihitsu,abstract_word,kanji_only,普通名詞,抽象物
直訴,じきそ,jikiso,abstract_word,kanji_only,サ変名詞,抽象物
十干,じっかん,jikkan,abstract_word,kanji_only,普通名詞,抽象物
実感,じっかん,jikkan,abstract_word,kanji_only,サ変名詞,抽象物
実景,じっけい,jikkei,abstract_word,kanji_only,普通名詞,抽象物
実効,じっこう,jikko,abstract_word,kanji_only,普通名詞,抽象物
実行,じっこう,jikko,abstract_word,kanji_only,サ変名詞,抽象物
自己,じこ,jiko,abstract_word,kanji_only,普通名詞,抽象物
事項,じこう,jiko,abstract_word,kanji_only,普通名詞,抽象物
時候,じこう,jiko,abstract_word,kanji_only,普通名詞,抽象物
時空,じくう,jiku,abstract_word,kanji_only,普通名詞,抽象物
時局,じきょく,jikyoku,abstract_word,kanji_only,普通名詞,抽象物
持久,じきゅう,jikyu,abstract_word,kanji_only,サ変名詞,抽象物
自給,じきゅう,jikyu,abstract_word,kanji_only,サ変名詞,抽象物
自前,じまえ,jimae,abstract_word,kanji_only,普通名詞,抽象物
自慢,じまん,jiman,abstract_word,kanji_only,サ変名詞,抽象物
自滅,じめつ,jimetsu,abstract_word,kanji_only,サ変名詞,抽象物
耳目,じもく,jimoku,abstract_word,kanji_only,普通名詞,抽象物
自問,じもん,jimon,abstract_word,kanji_only,サ変名詞,抽象物
自問自答,じもんじとう,jimonjito,abstract_word,kanji_only,サ変名詞,抽象物
仁,じん,jin,abstract_word,kanji_only,普通名詞,抽象物
仁愛,じんあい,jinai,abstract_word,kanji_only,普通名詞,抽象物
人望,じんぼう,jinbo,abstract_word,kanji_only,普通名詞,抽象物
人知,じんち,jinchi,abstract_word,kanji_only,普通名詞,抽象物
人道,じんどう,jindo,abstract_word,kanji_only,普通名詞,抽象物
仁義,じんぎ,jingi,abstract_word,kanji_only,普通名詞,抽象物
人為,じんい,jini,abstract_word,kanji_only,普通名詞,抽象物
自任,じにん,jinin,abstract_word,kanji_only,サ変名詞,抽象物
自認,じにん,jinin,abstract_word,kanji_only,サ変名詞,抽象物
仁術,じんじゅつ,jinjutsu,abstract_word,kanji_only,普通名詞,抽象物
人海,じんかい,jinkai,abstract_word,kanji_only,普通名詞,抽象物
人格,じんかく,jinkaku,abstract_word,kanji_only,普通名詞,抽象物
人工,じんこう,jinko,abstract_word,kanji_only,普通名詞,抽象物
人名,じんめい,jinmei,abstract_word,kanji_only,普通名詞,抽象物
人命,じんめい,jinmei,abstract_word,kanji_only,普通名詞,抽象物
人脈,じんみゃく,jinmyaku,abstract_word,kanji_only,普通名詞,抽象物
人品,じんぴん,jinpin,abstract_word,kanji_only,普通名詞,抽象物
人力,じんりょく,jinryoku,abstract_word,kanji_only,普通名詞,抽象物
尽力,じんりょく,jinryoku,abstract_word,kanji_only,サ変名詞,抽象物
人災,じんさい,jinsai,abstract_word,kanji_only,普通名詞,抽象物
人生,じんせい,jinsei,abstract_word,kanji_only,普通名詞,抽象物
人選,じんせん,jinsen,abstract_word,kanji_only,サ変名詞,抽象物
人心,じんしん,jinshin,abstract_word,kanji_only,普通名詞,抽象物
人身,じんしん,jinshin,abstract_word,kanji_only,普通名詞,抽象物
人徳,じんとく,jintoku,abstract_word,kanji_only,普通名詞,抽象物
仁徳,じんとく,jintoku,abstract_word,kanji_only,普通名詞,抽象物
人造,じんぞう,jinzo,abstract_word,kanji_only,普通名詞,抽象物
事例,じれい,jirei,abstract_word,kanji_only,普通名詞,抽象物
地力,じりき,jiriki,abstract_word,kanji_only,普通名詞,抽象物
自力,じりき,jiriki,abstract_word,kanji_only,普通名詞,抽象物
自律,じりつ,jiritsu,abstract_word,kanji_only,サ変名詞,抽象物
自立,じりつ,jiritsu,abstract_word,kanji_only,サ変名詞,抽象物
持論,じろん,jiron,abstract_word,kanji_only,普通名詞,抽象物
時流,じりゅう,jiryu,abstract_word,kanji_only,普通名詞,抽象物
持参,じさん,jisan,abstract_word,kanji_only,サ変名詞,抽象物
自賛,じさん,jisan,abstract_word,kanji_only,サ変名詞,抽象物
時世,じせい,jisei,abstract_word,kanji_only,普通名詞,抽象物
時勢,じせい,jisei,abstract_word,kanji_only,普通名詞,抽象物
自制,じせい,jisei,abstract_word,kanji_only,サ変名詞,抽象物
自生,じせい,jisei,abstract_word,kanji_only,サ変名詞,抽象物
自省,じせい,jisei,abstract_word,kanji_only,サ変名詞,抽象物
自責,じせき,jiseki,abstract_word,kanji_only,サ変名詞,抽象物
自薦,じせん,jisen,abstract_word,kanji_only,サ変名詞,抽象物
自説,じせつ,jisetsu,abstract_word,kanji_only,普通名詞,抽象物
地震,じしん,jishin,abstract_word,kanji_only,普通名詞,抽象物
自信,じしん,jishin,abstract_word,kanji_only,普通名詞,抽象物
自書,じしょ,jisho,abstract_word,kanji_only,サ変名詞,抽象物
事象,じしょう,jisho,abstract_word,kanji_only,普通名詞,抽象物
自称,じしょう,jisho,abstract_word,kanji_only,サ変名詞,抽象物
自主,じしゅ,jishu,abstract_word,kanji_only,普通名詞,抽象物
自粛,じしゅく,jishuku,abstract_word,kanji_only,サ変名詞,抽象物
自足,じそく,jisoku,abstract_word,kanji_only,サ変名詞,抽象物
自尊心,じそんしん,jisonshin,abstract_word,kanji_only,普通名詞,抽象物
実績,じっせき,jisseki,abstract_word,kanji_only,普通名詞,抽象物
実践,じっせん,jissen,abstract_word,kanji_only,サ変名詞,抽象物
実施,じっし,jisshi,abstract_word,kanji_only,サ変名詞,抽象物
実質,じっしつ,jisshitsu,abstract_word,kanji_only,普通名詞,抽象物
実収,じっしゅう,jisshu,abstract_word,kanji_only,普通名詞,抽象物
実装,じっそう,jisso,abstract_word,kanji_only,サ変名詞,抽象物
実測,じっそく,jissoku,abstract_word,kanji_only,サ変名詞,抽象物
自他,じた,jita,abstract_word,kanji_only,普通名詞,抽象物
事態,じたい,jitai,abstract_word,kanji_only,普通名詞,抽象物
辞退,じたい,jitai,abstract_word,kanji_only,サ変名詞,抽象物
時短,じたん,jitan,abstract_word,kanji_only,普通名詞,抽象物
自答,じとう,jito,abstract_word,kanji_only,サ変名詞,抽象物
実演,じつえん,jitsuen,abstract_word,kanji_only,サ変名詞,抽象物
実害,じつがい,jitsugai,abstract_word,kanji_only,普通名詞,抽象物
実現,じつげん,jitsugen,abstract_word,kanji_only,サ変名詞,抽象物
実情,じつじょう,jitsujo,abstract_word,kanji_only,普通名詞,抽象物
実名,じつめい,jitsumei,abstract_word,kanji_only,普通名詞,抽象物
実例,じつれい,jitsurei,abstract_word,kanji_only,普通名詞,抽象物
実利,じつり,jitsuri,abstract_word,kanji_only,普通名詞,抽象物
実理,じつり,jitsuri,abstract_word,kanji_only,普通名詞,抽象物
実力,じつりょく,jitsuryoku,abstract_word,kanji_only,普通名詞,抽象物
実話,じつわ,jitsuwa,abstract_word,kanji_only,普通名詞,抽象物
実用,じつよう,jitsuyo,abstract_word,kanji_only,普通名詞,抽象物
実在,じつざい,jitsuzai,abstract_word,kanji_only,サ変名詞,抽象物
実体,じったい,jittai,abstract_word,kanji_only,普通名詞,抽象物
実態,じったい,jittai,abstract_word,kanji_only,普通名詞,抽象物
事由,じゆう,jiyu,abstract_word,kanji_only,普通名詞,抽象物
慈善,じぜん,jizen,abstract_word,kanji_only,普通名詞,抽象物
次善,じぜん,jizen,abstract_word,kanji_only,普通名詞,抽象物
持続,じぞく,jizoku,abstract_word,kanji_only,サ変名詞,抽象物
情愛,じょうあい,joai,abstract_word,kanji_only,普通名詞,抽象物
常備,じょうび,jobi,abstract_word,kanji_only,サ変名詞,抽象物
上部,じょうぶ,jobu,abstract_word,kanji_only,普通名詞,抽象物
常置,じょうち,jochi,abstract_word,kanji_only,サ変名詞,抽象物
情緒,じょうちょ,jocho,abstract_word,kanji_only,普通名詞,抽象物
助長,じょちょう,jocho,abstract_word,kanji_only,サ変名詞,抽象物
常駐,じょうちゅう,jochu,abstract_word,kanji_only,サ変名詞,抽象物
冗談,じょうだん,jodan,abstract_word,kanji_only,普通名詞,抽象物
常道,じょうどう,jodo,abstract_word,kanji_only,普通名詞,抽象物
除外,じょがい,jogai,abstract_word,kanji_only,サ変名詞,抽象物
上下,じょうげ,joge,abstract_word,kanji_only,サ変名詞,抽象物
上限,じょうげん,jogen,abstract_word,kanji_only,普通名詞,抽象物
助言,じょげん,jogen,abstract_word,kanji_only,サ変名詞,抽象物
蒸発,じょうはつ,johatsu,abstract_word,kanji_only,サ変名詞,抽象物
譲歩,じょうほ,joho,abstract_word,kanji_only,サ変名詞,抽象物
情報,じょうほう,joho,abstract_word,kanji_only,普通名詞,抽象物
上位,じょうい,joi,abstract_word,kanji_only,普通名詞,抽象物
上意,じょうい,joi,abstract_word,kanji_only,普通名詞,抽象物
情実,じょうじつ,jojitsu,abstract_word,kanji_only,普通名詞,抽象物
情状,じょうじょう,jojo,abstract_word,kanji_only,普通名詞,抽象物
成就,じょうじゅ,joju,abstract_word,kanji_only,サ変名詞,抽象物
叙述,じょじゅつ,jojutsu,abstract_word,kanji_only,サ変名詞,抽象物
浄化,じょうか,joka,abstract_word,kanji_only,サ変名詞,抽象物
定格,じょうかく,jokaku,abstract_word,kanji_only,普通名詞,抽象物
情感,じょうかん,jokan,abstract_word,kanji_only,普通名詞,抽象物
情景,じょうけい,jokei,abstract_word,kanji_only,普通名詞,抽象物
条件,じょうけん,joken,abstract_word,kanji_only,普通名詞,抽象物
上気,じょうき,joki,abstract_word,kanji_only,サ変名詞,抽象物
上記,じょうき,joki,abstract_word,kanji_only,普通名詞,抽象物
常軌,じょうき,joki,abstract_word,kanji_only,普通名詞,抽象物
除菌,じょきん,jokin,abstract_word,kanji_only,普通名詞,抽象物
除却,じょきゃく,jokyaku,abstract_word,kanji_only,サ変名詞,抽象物
状況,じょうきょう,jokyo,abstract_word,kanji_only,普通名詞,抽象物
除去,じょきょ,jokyo,abstract_word,kanji_only,サ変名詞,抽象物
上級,じょうきゅう,jokyu,abstract_word,kanji_only,普通名詞,抽象物
除幕,じょまく,jomaku,abstract_word,kanji_only,サ変名詞,抽象物
除名,じょめい,jomei,abstract_word,kanji_only,サ変名詞,抽象物
情念,じょうねん,jonen,abstract_word,kanji_only,普通名詞,抽象物
情熱,じょうねつ,jonetsu,abstract_word,kanji_only,普通名詞,抽象物
序列,じょれつ,joretsu,abstract_word,kanji_only,普通名詞,抽象物
上陸,じょうりく,joriku,abstract_word,kanji_only,サ変名詞,抽象物
常緑,じょうりょく,joryoku,abstract_word,kanji_only,普通名詞,抽象物
助力,じょりょく,joryoku,abstract_word,kanji_only,サ変名詞,抽象物
情勢,じょうせい,josei,abstract_word,kanji_only,普通名詞,抽象物
醸成,じょうせい,josei,abstract_word,kanji_only,サ変名詞,抽象物
女声,じょせい,josei,abstract_word,kanji_only,普通名詞,抽象物
定石,じょうせき,joseki,abstract_word,kanji_only,普通名詞,抽象物
常設,じょうせつ,josetsu,abstract_word,kanji_only,サ変名詞,抽象物
常識,じょうしき,joshiki,abstract_word,kanji_only,普通名詞,抽象物
畳敷,じょうしき,joshiki,abstract_word,kanji_only,普通名詞,抽象物
上申,じょうしん,joshin,abstract_word,kanji_only,サ変名詞,抽象物
上昇,じょうしょう,josho,abstract_word,kanji_only,サ変名詞,抽象物
常勝,じょうしょう,josho,abstract_word,kanji_only,普通名詞,抽象物
常習,じょうしゅう,joshu,abstract_word,kanji_only,普通名詞,抽象物
情操,じょうそう,joso,abstract_word,kanji_only,普通名詞,抽象物
女装,じょそう,joso,abstract_word,kanji_only,サ変名詞,抽象物
除草,じょそう,joso,abstract_word,kanji_only,サ変名詞,抽象物
常態,じょうたい,jotai,abstract_word,kanji_only,普通名詞,抽象物
状態,じょうたい,jotai,abstract_word,kanji_only,普通名詞,抽象物
上達,じょうたつ,jotatsu,abstract_word,kanji_only,サ変名詞,抽象物
上程,じょうてい,jotei,abstract_word,kanji_only,サ変名詞,抽象物
剰余,じょうよ,joyo,abstract_word,kanji_only,普通名詞,抽象物
常用,じょうよう,joyo,abstract_word,kanji_only,サ変名詞,抽象物
重圧,じゅうあつ,juatsu,abstract_word,kanji_only,普通名詞,抽象物
呪縛,じゅばく,jubaku,abstract_word,kanji_only,サ変名詞,抽象物
受諾,じゅだく,judaku,abstract_word,kanji_only,サ変名詞,抽象物
縦断,じゅうだん,judan,abstract_word,kanji_only,サ変名詞,抽象物
受動,じゅどう,judo,abstract_word,kanji_only,普通名詞,抽象物
受益,じゅえき,jueki,abstract_word,kanji_only,普通名詞,抽象物
受粉,じゅふん,jufun,abstract_word,kanji_only,サ変名詞,抽象物
十八番,じゅうはちばん,juhachiban,abstract_word,kanji_only,普通名詞,抽象物
樹氷,じゅひょう,juhyo,abstract_word,kanji_only,普通名詞,抽象物
従事,じゅうじ,juji,abstract_word,kanji_only,サ変名詞,抽象物
充実,じゅうじつ,jujitsu,abstract_word,kanji_only,サ変名詞,抽象物
授受,じゅじゅ,juju,abstract_word,kanji_only,サ変名詞,抽象物
呪術,じゅじゅつ,jujutsu,abstract_word,kanji_only,普通名詞,抽象物
述懐,じゅっかい,jukkai,abstract_word,kanji_only,サ変名詞,抽象物
熟考,じゅっこう,jukko,abstract_word,kanji_only,サ変名詞,抽象物
重厚長大,じゅうこうちょうだい,jukochodai,abstract_word,kanji_only,普通名詞,抽象物
熟知,じゅくち,jukuchi,abstract_word,kanji_only,サ変名詞,抽象物
熟読,じゅくどく,jukudoku,abstract_word,kanji_only,サ変名詞,抽象物
熟練,じゅくれん,jukuren,abstract_word,kanji_only,サ変名詞,抽象物
熟慮,じゅくりょ,jukuryo,abstract_word,kanji_only,サ変名詞,抽象物
熟達,じゅくたつ,jukutatsu,abstract_word,kanji_only,サ変名詞,抽象物
充満,じゅうまん,juman,abstract_word,kanji_only,サ変名詞,抽象物
呪文,じゅもん,jumon,abstract_word,kanji_only,普通名詞,抽象物
純,じゅん,jun,abstract_word,kanji_only,普通名詞,抽象物
受難,じゅなん,junan,abstract_word,kanji_only,サ変名詞,抽象物
順番,じゅんばん,junban,abstract_word,kanji_only,普通名詞,抽象物
準備,じゅんび,junbi,abstract_word,kanji_only,サ変名詞,抽象物
順延,じゅんえん,junen,abstract_word,kanji_only,サ変名詞,抽象物
順位,じゅんい,juni,abstract_word,kanji_only,普通名詞,抽象物
受忍,じゅにん,junin,abstract_word,kanji_only,普通名詞,抽象物
十人十色,じゅうにんといろ,junintoiro,abstract_word,kanji_only,普通名詞,抽象物
巡回,じゅんかい,junkai,abstract_word,kanji_only,サ変名詞,抽象物
循環,じゅんかん,junkan,abstract_word,kanji_only,サ変名詞,抽象物
潤滑,じゅんかつ,junkatsu,abstract_word,kanji_only,普通名詞,抽象物
純血,じゅんけつ,junketsu,abstract_word,kanji_only,普通名詞,抽象物
巡行,じゅんこう,junko,abstract_word,kanji_only,サ変名詞,抽象物
準拠,じゅんきょ,junkyo,abstract_word,kanji_only,サ変名詞,抽象物
順応,じゅんのう,junno,abstract_word,kanji_only,サ変名詞,抽象物
順風,じゅんぷう,junpu,abstract_word,kanji_only,普通名詞,抽象物
順風満帆,じゅんぷうまんぱん,junpumanpan,abstract_word,kanji_only,普通名詞,抽象物
純正,じゅんせい,junsei,abstract_word,kanji_only,普通名詞,抽象物
巡視,じゅんし,junshi,abstract_word,kanji_only,サ変名詞,抽象物
遵守,じゅんしゅ,junshu,abstract_word,kanji_only,サ変名詞,抽象物
順手,じゅんて,junte,abstract_word,kanji_only,普通名詞,抽象物
準用,じゅんよう,junyo,abstract_word,kanji_only,サ変名詞,抽象物
純増,じゅんぞう,junzo,abstract_word,kanji_only,普通名詞,抽象物
縦横,じゅうおう,juo,abstract_word,kanji_only,普通名詞,抽象物
受理,じゅり,juri,abstract_word,kanji_only,サ変名詞,抽象物
蹂躙,じゅうりん,jurin,abstract_word,kanji_only,サ変名詞,抽象物
樹立,じゅりつ,juritsu,abstract_word,kanji_only,サ変名詞,抽象物
受領,じゅりょう,juryo,abstract_word,kanji_only,サ変名詞,抽象物
重責,じゅうせき,juseki,abstract_word,kanji_only,普通名詞,抽象物
重視,じゅうし,jushi,abstract_word,kanji_only,サ変名詞,抽象物
受賞,じゅしょう,jusho,abstract_word,kanji_only,サ変名詞,抽象物
授賞,じゅしょう,jusho,abstract_word,kanji_only,サ変名詞,抽象物
縦走,じゅうそう,juso,abstract_word,kanji_only,サ変名詞,抽象物
重層,じゅうそう,juso,abstract_word,kanji_only,普通名詞,抽象物
充足,じゅうそく,jusoku,abstract_word,kanji_only,サ変名詞,抽象物
術数,じゅっすう,jussu,abstract_word,kanji_only,普通名詞,抽象物
充填,じゅうてん,juten,abstract_word,kanji_only,サ変名詞,抽象物
重点,じゅうてん,juten,abstract_word,kanji_only,普通名詞,抽象物
充当,じゅうとう,juto,abstract_word,kanji_only,サ変名詞,抽象物
術,じゅつ,jutsu,abstract_word,kanji_only,普通名詞,抽象物
授与,じゅよ,juyo,abstract_word,kanji_only,サ変名詞,抽象物
従前,じゅうぜん,juzen,abstract_word,kanji_only,普通名詞,抽象物
加圧,かあつ,kaatsu,abstract_word,kanji_only,サ変名詞,抽象物
下部,かぶ,kabu,abstract_word,kanji_only,普通名詞,抽象物
価値,かち,kachi,abstract_word,kanji_only,普通名詞,抽象物
勝,かち,kachi,abstract_word,kanji_only,普通名詞,抽象物
仮題,かだい,kadai,abstract_word,kanji_only,普通名詞,抽象物
可動,かどう,kado,abstract_word,kanji_only,普通名詞,抽象物
門出,かどで,kadode,abstract_word,kanji_only,サ変名詞,抽象物
火炎,かえん,kaen,abstract_word,kanji_only,普通名詞,抽象物
過不足,かふそく,kafusoku,abstract_word,kanji_only,普通名詞,抽象物
鑑,かがみ,kagami,abstract_word,kanji_only,普通名詞,抽象物
影法師,かげぼうし,kageboshi,abstract_word,kanji_only,普通名詞,抽象物
陰口,かげぐち,kageguchi,abstract_word,kanji_only,普通名詞,抽象物
陰日向,かげひなた,kagehinata,abstract_word,kanji_only,普通名詞,抽象物
下限,かげん,kagen,abstract_word,kanji_only,普通名詞,抽象物
加減,かげん,kagen,abstract_word,kanji_only,サ変名詞,抽象物
陽炎,かげろう,kagero,abstract_word,kanji_only,普通名詞,抽象物
花月,かげつ,kagetsu,abstract_word,kanji_only,普通名詞,抽象物
鉤括弧,かぎかっこ,kagikakko,abstract_word,kanji_only,普通名詞,抽象物
加護,かご,kago,abstract_word,kanji_only,サ変名詞,抽象物
過誤,かご,kago,abstract_word,kanji_only,普通名詞,抽象物
過言,かごん,kagon,abstract_word,kanji_only,普通名詞,抽象物
可否,かひ,kahi,abstract_word,kanji_only,普通名詞,抽象物
加筆,かひつ,kahitsu,abstract_word,kanji_only,サ変名詞,抽象物
果報,かほう,kaho,abstract_word,kanji_only,普通名詞,抽象物
下位,かい,kai,abstract_word,kanji_only,普通名詞,抽象物
介,かい,kai,abstract_word,kanji_only,普通名詞,抽象物
会,かい,kai,abstract_word,kanji_only,普通名詞,抽象物
快,かい,kai,abstract_word,kanji_only,普通名詞,抽象物
怪,かい,kai,abstract_word,kanji_only,普通名詞,抽象物
甲斐,かい,kai,abstract_word,kanji_only,普通名詞,抽象物
界,かい,kai,abstract_word,kanji_only,普通名詞,抽象物
解,かい,kai,abstract_word,kanji_only,普通名詞,抽象物
改築,かいちく,kaichiku,abstract_word,kanji_only,サ変名詞,抽象物
解題,かいだい,kaidai,abstract_word,kanji_only,サ変名詞,抽象物
快諾,かいだく,kaidaku,abstract_word,kanji_only,サ変名詞,抽象物
解読,かいどく,kaidoku,abstract_word,kanji_only,サ変名詞,抽象物
開園,かいえん,kaien,abstract_word,kanji_only,サ変名詞,抽象物
海風,かいふう,kaifu,abstract_word,kanji_only,普通名詞,抽象物
開封,かいふう,kaifu,abstract_word,kanji_only,サ変名詞,抽象物
回復,かいふく,kaifuku,abstract_word,kanji_only,サ変名詞,抽象物
会議,かいぎ,kaigi,abstract_word,kanji_only,サ変名詞,抽象物
懐疑,かいぎ,kaigi,abstract_word,kanji_only,サ変名詞,抽象物
会合,かいごう,kaigo,abstract_word,kanji_only,サ変名詞,抽象物
改行,かいぎょう,kaigyo,abstract_word,kanji_only,サ変名詞,抽象物
開閉,かいへい,kaihei,abstract_word,kanji_only,サ変名詞,抽象物
改変,かいへん,kaihen,abstract_word,kanji_only,サ変名詞,抽象物
回避,かいひ,kaihi,abstract_word,kanji_only,サ変名詞,抽象物
快報,かいほう,kaiho,abstract_word,kanji_only,普通名詞,抽象物
解放,かいほう,kaiho,abstract_word,kanji_only,サ変名詞,抽象物
開放,かいほう,kaiho,abstract_word,kanji_only,サ変名詞,抽象物
海事,かいじ,kaiji,abstract_word,kanji_only,普通名詞,抽象物
開示,かいじ,kaiji,abstract_word,kanji_only,サ変名詞,抽象物
解除,かいじょ,kaijo,abstract_word,kanji_only,サ変名詞,抽象物
開場,かいじょう,kaijo,abstract_word,kanji_only,サ変名詞,抽象物
懐柔,かいじゅう,kaiju,abstract_word,kanji_only,サ変名詞,抽象物
開化,かいか,kaika,abstract_word,kanji_only,サ変名詞,抽象物
開花,かいか,kaika,abstract_word,kanji_only,サ変名詞,抽象物
開会,かいかい,kaikai,abstract_word,kanji_only,サ変名詞,抽象物
快感,かいかん,kaikan,abstract_word,kanji_only,普通名詞,抽象物
開館,かいかん,kaikan,abstract_word,kanji_only,サ変名詞,抽象物
解決,かいけつ,kaiketsu,abstract_word,kanji_only,サ変名詞,抽象物
回帰,かいき,kaiki,abstract_word,kanji_only,サ変名詞,抽象物
皆既食,かいきしょく,kaikishoku,abstract_word,kanji_only,普通名詞,抽象物
回顧,かいこ,kaiko,abstract_word,kanji_only,サ変名詞,抽象物
懐古,かいこ,kaiko,abstract_word,kanji_only,サ変名詞,抽象物
開口,かいこう,kaiko,abstract_word,kanji_only,サ変名詞,抽象物
悔恨,かいこん,kaikon,abstract_word,kanji_only,普通名詞,抽象物
開墾,かいこん,kaikon,abstract_word,kanji_only,サ変名詞,抽象物
階級,かいきゅう,kaikyu,abstract_word,kanji_only,普通名詞,抽象物
改名,かいめい,kaimei,abstract_word,kanji_only,サ変名詞,抽象物
解明,かいめい,kaimei,abstract_word,kanji_only,サ変名詞,抽象物
開明,かいめい,kaimei,abstract_word,kanji_only,サ変名詞,抽象物
壊滅,かいめつ,kaimetsu,abstract_word,kanji_only,サ変名詞,抽象物
開門,かいもん,kaimon,abstract_word,kanji_only,サ変名詞,抽象物
介入,かいにゅう,kainyu,abstract_word,kanji_only,サ変名詞,抽象物
快楽,かいらく,kairaku,abstract_word,kanji_only,普通名詞,抽象物
回覧,かいらん,kairan,abstract_word,kanji_only,サ変名詞,抽象物
乖離,かいり,kairi,abstract_word,kanji_only,サ変名詞,抽象物
怪力,かいりき,kairiki,abstract_word,kanji_only,普通名詞,抽象物
改良,かいりょう,kairyo,abstract_word,kanji_only,サ変名詞,抽象物
海流,かいりゅう,kairyu,abstract_word,kanji_only,普通名詞,抽象物
開催,かいさい,kaisai,abstract_word,kanji_only,サ変名詞,抽象物
開削,かいさく,kaisaku,abstract_word,kanji_only,サ変名詞,抽象物
解散,かいさん,kaisan,abstract_word,kanji_only,サ変名詞,抽象物
回生,かいせい,kaisei,abstract_word,kanji_only,サ変名詞,抽象物
快晴,かいせい,kaisei,abstract_word,kanji_only,普通名詞,抽象物
改正,かいせい,kaisei,abstract_word,kanji_only,サ変名詞,抽象物
回線,かいせん,kaisen,abstract_word,kanji_only,普通名詞,抽象物
解説,かいせつ,kaisetsu,abstract_word,kanji_only,サ変名詞,抽象物
開設,かいせつ,kaisetsu,abstract_word,kanji_only,サ変名詞,抽象物
解釈,かいしゃく,kaishaku,abstract_word,kanji_only,サ変名詞,抽象物
開始,かいし,kaishi,abstract_word,kanji_only,サ変名詞,抽象物
会心,かいしん,kaishin,abstract_word,kanji_only,普通名詞,抽象物
改心,かいしん,kaishin,abstract_word,kanji_only,サ変名詞,抽象物
改新,かいしん,kaishin,abstract_word,kanji_only,サ変名詞,抽象物
開所,かいしょ,kaisho,abstract_word,kanji_only,サ変名詞,抽象物
改称,かいしょう,kaisho,abstract_word,kanji_only,サ変名詞,抽象物
解消,かいしょう,kaisho,abstract_word,kanji_only,サ変名詞,抽象物
回収,かいしゅう,kaishu,abstract_word,kanji_only,サ変名詞,抽象物
改修,かいしゅう,kaishu,abstract_word,kanji_only,サ変名詞,抽象物
改組,かいそ,kaiso,abstract_word,kanji_only,サ変名詞,抽象物
回想,かいそう,kaiso,abstract_word,kanji_only,サ変名詞,抽象物
改装,かいそう,kaiso,abstract_word,kanji_only,サ変名詞,抽象物
階層,かいそう,kaiso,abstract_word,kanji_only,普通名詞,抽象物
会則,かいそく,kaisoku,abstract_word,kanji_only,普通名詞,抽象物
解体,かいたい,kaitai,abstract_word,kanji_only,サ変名詞,抽象物
開拓,かいたく,kaitaku,abstract_word,kanji_only,サ変名詞,抽象物
改定,かいてい,kaitei,abstract_word,kanji_only,サ変名詞,抽象物
回転,かいてん,kaiten,abstract_word,kanji_only,サ変名詞,抽象物
回答,かいとう,kaito,abstract_word,kanji_only,サ変名詞,抽象物
開運,かいうん,kaiun,abstract_word,kanji_only,普通名詞,抽象物
会話,かいわ,kaiwa,abstract_word,kanji_only,サ変名詞,抽象物
解約,かいやく,kaiyaku,abstract_word,kanji_only,サ変名詞,抽象物
回遊,かいゆう,kaiyu,abstract_word,kanji_only,サ変名詞,抽象物
介在,かいざい,kaizai,abstract_word,kanji_only,サ変名詞,抽象物
改竄,かいざん,kaizan,abstract_word,kanji_only,サ変名詞,抽象物
改善,かいぜん,kaizen,abstract_word,kanji_only,サ変名詞,抽象物
改造,かいぞう,kaizo,abstract_word,kanji_only,サ変名詞,抽象物
鍛冶,かじ,kaji,abstract_word,kanji_only,普通名詞,抽象物
箇条,かじょう,kajo,abstract_word,kanji_only,普通名詞,抽象物
加重,かじゅう,kaju,abstract_word,kanji_only,サ変名詞,抽象物
荷重,かじゅう,kaju,abstract_word,kanji_only,普通名詞,抽象物
賭,かけ,kake,abstract_word,kanji_only,普通名詞,抽象物
下記,かき,kaki,abstract_word,kanji_only,普通名詞,抽象物
火気,かき,kaki,abstract_word,kanji_only,普通名詞,抽象物
書留,かきとめ,kakitome,abstract_word,kanji_only,普通名詞,抽象物
隔靴掻痒,かっかそうよう,kakkasoyo,abstract_word,kanji_only,普通名詞,抽象物
活気,かっき,kakki,abstract_word,kanji_only,普通名詞,抽象物
括弧,かっこ,kakko,abstract_word,kanji_only,サ変名詞,抽象物
恰好,かっこう,kakko,abstract_word,kanji_only,普通名詞,抽象物
滑空,かっくう,kakku,abstract_word,kanji_only,サ変名詞,抽象物
割拠,かっきょ,kakkyo,abstract_word,kanji_only,サ変名詞,抽象物
活況,かっきょう,kakkyo,abstract_word,kanji_only,普通名詞,抽象物
下降,かこう,kako,abstract_word,kanji_only,サ変名詞,抽象物
加工,かこう,kako,abstract_word,kanji_only,サ変名詞,抽象物
禍根,かこん,kakon,abstract_word,kanji_only,普通名詞,抽象物
格,かく,kaku,abstract_word,kanji_only,普通名詞,抽象物
拡張,かくちょう,kakucho,abstract_word,kanji_only,サ変名詞,抽象物
拡大,かくだい,kakudai,abstract_word,kanji_only,サ変名詞,抽象物
覚悟,かくご,kakugo,abstract_word,kanji_only,サ変名詞,抽象物
確保,かくほ,kakuho,abstract_word,kanji_only,サ変名詞,抽象物
画一,かくいつ,kakuitsu,abstract_word,kanji_only,普通名詞,抽象物
拡充,かくじゅう,kakuju,abstract_word,kanji_only,サ変名詞,抽象物
確認,かくにん,kakunin,abstract_word,kanji_only,サ変名詞,抽象物
格納,かくのう,kakuno,abstract_word,kanji_only,サ変名詞,抽象物
攪乱,かくらん,kakuran,abstract_word,kanji_only,サ変名詞,抽象物
霍乱,かくらん,kakuran,abstract_word,kanji_only,普通名詞,抽象物
隔離,かくり,kakuri,abstract_word,kanji_only,サ変名詞,抽象物
確率,かくりつ,kakuritsu,abstract_word,kanji_only,普通名詞,抽象物
確立,かくりつ,kakuritsu,abstract_word,kanji_only,サ変名詞,抽象物
各論,かくろん,kakuron,abstract_word,kanji_only,普通名詞,抽象物
画策,かくさく,kakusaku,abstract_word,kanji_only,サ変名詞,抽象物
拡散,かくさん,kakusan,abstract_word,kanji_only,サ変名詞,抽象物
覚醒,かくせい,kakusei,abstract_word,kanji_only,サ変名詞,抽象物
隔世,かくせい,kakusei,abstract_word,kanji_only,普通名詞,抽象物
核心,かくしん,kakushin,abstract_word,kanji_only,普通名詞,抽象物
確信,かくしん,kakushin,abstract_word,kanji_only,サ変名詞,抽象物
革新,かくしん,kakushin,abstract_word,kanji_only,サ変名詞,抽象物
確執,かくしつ,kakushitsu,abstract_word,kanji_only,サ変名詞,抽象物
確証,かくしょう,kakusho,abstract_word,kanji_only,普通名詞,抽象物
各種,かくしゅ,kakushu,abstract_word,kanji_only,普通名詞,抽象物
各層,かくそう,kakuso,abstract_word,kanji_only,普通名詞,抽象物
画定,かくてい,kakutei,abstract_word,kanji_only,サ変名詞,抽象物
確定,かくてい,kakutei,abstract_word,kanji_only,サ変名詞,抽象物
格闘,かくとう,kakuto,abstract_word,kanji_only,サ変名詞,抽象物
獲得,かくとく,kakutoku,abstract_word,kanji_only,サ変名詞,抽象物
確約,かくやく,kakuyaku,abstract_word,kanji_only,サ変名詞,抽象物
隔絶,かくぜつ,kakuzetsu,abstract_word,kanji_only,サ変名詞,抽象物
下級,かきゅう,kakyu,abstract_word,kanji_only,普通名詞,抽象物
鎌鼬,かまいたち,kamaitachi,abstract_word,kanji_only,普通名詞,抽象物
加盟,かめい,kamei,abstract_word,kanji_only,サ変名詞,抽象物
加味,かみ,kami,abstract_word,kanji_only,サ変名詞,抽象物
紙一重,かみひとえ,kamihitoe,abstract_word,kanji_only,普通名詞,抽象物
紙製,かみせい,kamisei,abstract_word,kanji_only,普通名詞,抽象物
神業,かみわざ,kamiwaza,abstract_word,kanji_only,普通名詞,抽象物
勘,かん,kan,abstract_word,kanji_only,普通名詞,抽象物
寒,かん,kan,abstract_word,kanji_only,普通名詞,抽象物
感,かん,kan,abstract_word,kanji_only,普通名詞,抽象物
観,かん,kan,abstract_word,kanji_only,普通名詞,抽象物
仮名,かな,kana,abstract_word,kanji_only,普通名詞,抽象物
勘案,かんあん,kanan,abstract_word,kanji_only,サ変名詞,抽象物
間伐,かんばつ,kanbatsu,abstract_word,kanji_only,サ変名詞,抽象物
勘弁,かんべん,kanben,abstract_word,kanji_only,サ変名詞,抽象物
鑑別,かんべつ,kanbetsu,abstract_word,kanji_only,サ変名詞,抽象物
完備,かんび,kanbi,abstract_word,kanji_only,サ変名詞,抽象物
陥没,かんぼつ,kanbotsu,abstract_word,kanji_only,サ変名詞,抽象物
感知,かんち,kanchi,abstract_word,kanji_only,サ変名詞,抽象物
関知,かんち,kanchi,abstract_word,kanji_only,サ変名詞,抽象物
干潮,かんちょう,kancho,abstract_word,kanji_only,普通名詞,抽象物
寒中,かんちゅう,kanchu,abstract_word,kanji_only,時相名詞,抽象物
寒暖,かんだん,kandan,abstract_word,kanji_only,普通名詞,抽象物
間断,かんだん,kandan,abstract_word,kanji_only,普通名詞,抽象物
感電,かんでん,kanden,abstract_word,kanji_only,サ変名詞,抽象物
感動,かんどう,kando,abstract_word,kanji_only,サ変名詞,抽象物
金目,かねめ,kaneme,abstract_word,kanji_only,普通名詞,抽象物
可燃,かねん,kanen,abstract_word,kanji_only,普通名詞,抽象物
加熱,かねつ,kanetsu,abstract_word,kanji_only,サ変名詞,抽象物
過熱,かねつ,kanetsu,abstract_word,kanji_only,サ変名詞,抽象物
干害,かんがい,kangai,abstract_word,kanji_only,普通名詞,抽象物
感慨,かんがい,kangai,abstract_word,kanji_only,普通名詞,抽象物
灌漑,かんがい,kangai,abstract_word,kanji_only,サ変名詞,抽象物
歓迎,かんげい,kangei,abstract_word,kanji_only,サ変名詞,抽象物
感激,かんげき,kangeki,abstract_word,kanji_only,サ変名詞,抽象物
換言,かんげん,kangen,abstract_word,kanji_only,サ変名詞,抽象物
甘言,かんげん,kangen,abstract_word,kanji_only,普通名詞,抽象物
還元,かんげん,kangen,abstract_word,kanji_only,サ変名詞,抽象物
漢語,かんご,kango,abstract_word,kanji_only,普通名詞,抽象物
間一髪,かんいっぱつ,kanippatsu,abstract_word,kanji_only,普通名詞,抽象物
漢字,かんじ,kanji,abstract_word,kanji_only,普通名詞,抽象物
感情,かんじょう,kanjo,abstract_word,kanji_only,普通名詞,抽象物
甘受,かんじゅ,kanju,abstract_word,kanji_only,サ変名詞,抽象物
感受性,かんじゅせい,kanjusei,abstract_word,kanji_only,普通名詞,抽象物
感化,かんか,kanka,abstract_word,kanji_only,サ変名詞,抽象物
看過,かんか,kanka,abstract_word,kanji_only,サ変名詞,抽象物
感覚,かんかく,kankaku,abstract_word,kanji_only,普通名詞,抽象物
関係,かんけい,kankei,abstract_word,kanji_only,サ変名詞,抽象物
完結,かんけつ,kanketsu,abstract_word,kanji_only,サ変名詞,抽象物
間欠,かんけつ,kanketsu,abstract_word,kanji_only,普通名詞,抽象物
喚起,かんき,kanki,abstract_word,kanji_only,サ変名詞,抽象物
寒気,かんき,kanki,abstract_word,kanji_only,普通名詞,抽象物
換気,かんき,kanki,abstract_word,kanji_only,サ変名詞,抽象物
歓喜,かんき,kanki,abstract_word,kanji_only,サ変名詞,抽象物
換金,かんきん,kankin,abstract_word,kanji_only,サ変名詞,抽象物
歓呼,かんこ,kanko,abstract_word,kanji_only,サ変名詞,抽象物
完工,かんこう,kanko,abstract_word,kanji_only,サ変名詞,抽象物
感光,かんこう,kanko,abstract_word,kanji_only,サ変名詞,抽象物
慣行,かんこう,kanko,abstract_word,kanji_only,普通名詞,抽象物
敢行,かんこう,kanko,abstract_word,kanji_only,サ変名詞,抽象物
環境,かんきょう,kankyo,abstract_word,kanji_only,普通名詞,抽象物
緩急,かんきゅう,kankyu,abstract_word,kanji_only,普通名詞,抽象物
干満,かんまん,kanman,abstract_word,kanji_only,普通名詞,抽象物
感銘,かんめい,kanmei,abstract_word,kanji_only,サ変名詞,抽象物
艱難,かんなん,kannan,abstract_word,kanji_only,サ変名詞,抽象物
観念,かんねん,kannen,abstract_word,kanji_only,サ変名詞,抽象物
堪忍,かんにん,kannin,abstract_word,kanji_only,サ変名詞,抽象物
官能,かんのう,kanno,abstract_word,kanji_only,普通名詞,抽象物
感応,かんのう,kanno,abstract_word,kanji_only,サ変名詞,抽象物
寒波,かんぱ,kanpa,abstract_word,kanji_only,普通名詞,抽象物
看破,かんぱ,kanpa,abstract_word,kanji_only,サ変名詞,抽象物
寒風,かんぷう,kanpu,abstract_word,kanji_only,普通名詞,抽象物
感服,かんぷく,kanpuku,abstract_word,kanji_only,サ変名詞,抽象物
陥落,かんらく,kanraku,abstract_word,kanji_only,サ変名詞,抽象物
慣例,かんれい,kanrei,abstract_word,kanji_only,普通名詞,抽象物
関連,かんれん,kanren,abstract_word,kanji_only,サ変名詞,抽象物
監理,かんり,kanri,abstract_word,kanji_only,サ変名詞,抽象物
管理,かんり,kanri,abstract_word,kanji_only,サ変名詞,抽象物
寒露,かんろ,kanro,abstract_word,kanji_only,時相名詞,抽象物
貫禄,かんろく,kanroku,abstract_word,kanji_only,普通名詞,抽象物
完了,かんりょう,kanryo,abstract_word,kanji_only,サ変名詞,抽象物
寒流,かんりゅう,kanryu,abstract_word,kanji_only,普通名詞,抽象物
環流,かんりゅう,kanryu,abstract_word,kanji_only,サ変名詞,抽象物
貫流,かんりゅう,kanryu,abstract_word,kanji_only,サ変名詞,抽象物
換算,かんさん,kansan,abstract_word,kanji_only,サ変名詞,抽象物
観察,かんさつ,kansatsu,abstract_word,kanji_only,サ変名詞,抽象物
喚声,かんせい,kansei,abstract_word,kanji_only,普通名詞,抽象物
完成,かんせい,kansei,abstract_word,kanji_only,サ変名詞,抽象物
感性,かんせい,kansei,abstract_word,kanji_only,普通名詞,抽象物
歓声,かんせい,kansei,abstract_word,kanji_only,普通名詞,抽象物
間接,かんせつ,kansetsu,abstract_word,kanji_only,普通名詞,抽象物
感謝,かんしゃ,kansha,abstract_word,kanji_only,サ変名詞,抽象物
癇癪,かんしゃく,kanshaku,abstract_word,kanji_only,普通名詞,抽象物
監視,かんし,kanshi,abstract_word,kanji_only,サ変名詞,抽象物
寒心,かんしん,kanshin,abstract_word,kanji_only,サ変名詞,抽象物
感心,かんしん,kanshin,abstract_word,kanji_only,サ変名詞,抽象物
関心,かんしん,kanshin,abstract_word,kanji_only,普通名詞,抽象物
寒暑,かんしょ,kansho,abstract_word,kanji_only,普通名詞,抽象物
勧奨,かんしょう,kansho,abstract_word,kanji_only,サ変名詞,抽象物
干渉,かんしょう,kansho,abstract_word,kanji_only,サ変名詞,抽象物
感傷,かんしょう,kansho,abstract_word,kanji_only,普通名詞,抽象物
緩衝,かんしょう,kansho,abstract_word,kanji_only,サ変名詞,抽象物
感触,かんしょく,kanshoku,abstract_word,kanji_only,サ変名詞,抽象物
乾燥,かんそう,kanso,abstract_word,kanji_only,サ変名詞,抽象物
感想,かんそう,kanso,abstract_word,kanji_only,普通名詞,抽象物
歓送,かんそう,kanso,abstract_word,kanji_only,サ変名詞,抽象物
官尊民卑,かんそんみんぴ,kansonminpi,abstract_word,kanji_only,普通名詞,抽象物
冠水,かんすい,kansui,abstract_word,kanji_only,サ変名詞,抽象物
完遂,かんすい,kansui,abstract_word,kanji_only,サ変名詞,抽象物
漢数字,かんすうじ,kansuji,abstract_word,kanji_only,普通名詞,抽象物
歓待,かんたい,kantai,abstract_word,kanji_only,サ変名詞,抽象物
干拓,かんたく,kantaku,abstract_word,kanji_only,サ変名詞,抽象物
感嘆,かんたん,kantan,abstract_word,kanji_only,サ変名詞,抽象物
鑑定,かんてい,kantei,abstract_word,kanji_only,サ変名詞,抽象物
観点,かんてん,kanten,abstract_word,kanji_only,普通名詞,抽象物
貫徹,かんてつ,kantetsu,abstract_word,kanji_only,サ変名詞,抽象物
感得,かんとく,kantoku,abstract_word,kanji_only,サ変名詞,抽象物
貫通,かんつう,kantsu,abstract_word,kanji_only,サ変名詞,抽象物
緩和,かんわ,kanwa,abstract_word,kanji_only,サ変名詞,抽象物
閑話,かんわ,kanwa,abstract_word,kanji_only,サ変名詞,抽象物
関与,かんよ,kanyo,abstract_word,kanji_only,サ変名詞,抽象物
慣用,かんよう,kanyo,abstract_word,kanji_only,サ変名詞,抽象物
慣用句,かんようく,kanyoku,abstract_word,kanji_only,普通名詞,抽象物
加入,かにゅう,kanyu,abstract_word,kanji_only,サ変名詞,抽象物
勧誘,かんゆう,kanyu,abstract_word,kanji_only,サ変名詞,抽象物
加温,かおん,kaon,abstract_word,kanji_only,サ変名詞,抽象物
闊歩,かっぽ,kappo,abstract_word,kanji_only,サ変名詞,抽象物
恰幅,かっぷく,kappuku,abstract_word,kanji_only,普通名詞,抽象物
空風,からかぜ,karakaze,abstract_word,kanji_only,普通名詞,抽象物
空風,からかぜ,karakaze,abstract_word,kanji_only,普通名詞,抽象物
空梅雨,からつゆ,karatsuyu,abstract_word,kanji_only,普通名詞,抽象物
借,かり,kari,abstract_word,kanji_only,普通名詞,抽象物
軽業,かるわざ,karuwaza,abstract_word,kanji_only,普通名詞,抽象物
火力,かりょく,karyoku,abstract_word,kanji_only,普通名詞,抽象物
火砕流,かさいりゅう,kasairyu,abstract_word,kanji_only,普通名詞,抽象物
加算,かさん,kasan,abstract_word,kanji_only,サ変名詞,抽象物
加勢,かせい,kasei,abstract_word,kanji_only,サ変名詞,抽象物
火勢,かせい,kasei,abstract_word,kanji_only,普通名詞,抽象物
仮設,かせつ,kasetsu,abstract_word,kanji_only,サ変名詞,抽象物
架設,かせつ,kasetsu,abstract_word,kanji_only,サ変名詞,抽象物
瑕疵,かし,kashi,abstract_word,kanji_only,普通名詞,抽象物
貸,かし,kashi,abstract_word,kanji_only,普通名詞,抽象物
過信,かしん,kashin,abstract_word,kanji_only,サ変名詞,抽象物
頭文字,かしらもじ,kashiramoji,abstract_word,kanji_only,普通名詞,抽象物
過失,かしつ,kashitsu,abstract_word,kanji_only,普通名詞,抽象物
仮称,かしょう,kasho,abstract_word,kanji_only,サ変名詞,抽象物
仮想,かそう,kaso,abstract_word,kanji_only,サ変名詞,抽象物
加速,かそく,kasoku,abstract_word,kanji_only,サ変名詞,抽象物
喝采,かっさい,kassai,abstract_word,kanji_only,サ変名詞,抽象物
活性,かっせい,kassei,abstract_word,kanji_only,普通名詞,抽象物
合戦,かっせん,kassen,abstract_word,kanji_only,サ変名詞,抽象物
渇水,かっすい,kassui,abstract_word,kanji_only,普通名詞,抽象物
加水,かすい,kasui,abstract_word,kanji_only,サ変名詞,抽象物
霞,かすみ,kasumi,abstract_word,kanji_only,普通名詞,抽象物
片仮名,かたかな,katakana,abstract_word,kanji_only,普通名詞,抽象物
片言,かたこと,katakoto,abstract_word,kanji_only,普通名詞,抽象物
加担,かたん,katan,abstract_word,kanji_only,サ変名詞,抽象物
下達,かたつ,katatsu,abstract_word,kanji_only,サ変名詞,抽象物
仮定,かてい,katei,abstract_word,kanji_only,サ変名詞,抽象物
過程,かてい,katei,abstract_word,kanji_only,普通名詞,抽象物
過渡,かと,kato,abstract_word,kanji_only,普通名詞,抽象物
過当,かとう,kato,abstract_word,kanji_only,普通名詞,抽象物
活,かつ,katsu,abstract_word,kanji_only,普通名詞,抽象物
割愛,かつあい,katsuai,abstract_word,kanji_only,サ変名詞,抽象物
渇望,かつぼう,katsubo,abstract_word,kanji_only,サ変名詞,抽象物
活動,かつどう,katsudo,abstract_word,kanji_only,サ変名詞,抽象物
滑落,かつらく,katsuraku,abstract_word,kanji_only,サ変名詞,抽象物
活路,かつろ,katsuro,abstract_word,kanji_only,普通名詞,抽象物
活力,かつりょく,katsuryoku,abstract_word,kanji_only,普通名詞,抽象物
活躍,かつやく,katsuyaku,abstract_word,kanji_only,サ変名詞,抽象物
活用,かつよう,katsuyo,abstract_word,kanji_only,サ変名詞,抽象物
葛藤,かっとう,katto,abstract_word,kanji_only,サ変名詞,抽象物
川風,かわかぜ,kawakaze,abstract_word,kanji_only,普通名詞,抽象物
革製,かわせい,kawasei,abstract_word,kanji_only,普通名詞,抽象物
皮算用,かわざんよう,kawazanyo,abstract_word,kanji_only,普通名詞,抽象物
気配,けはい,kehai,abstract_word,kanji_only,普通名詞,抽象物
型,けい,kei,abstract_word,kanji_only,普通名詞,抽象物
慶,けい,kei,abstract_word,kanji_only,普通名詞,抽象物
系,けい,kei,abstract_word,kanji_only,普通名詞,抽象物
計,けい,kei,abstract_word,kanji_only,普通名詞,抽象物
軽,けい,kei,abstract_word,kanji_only,普通名詞,抽象物
敬愛,けいあい,keiai,abstract_word,kanji_only,サ変名詞,抽象物
軽蔑,けいべつ,keibetsu,abstract_word,kanji_only,サ変名詞,抽象物
軽侮,けいぶ,keibu,abstract_word,kanji_only,サ変名詞,抽象物
傾聴,けいちょう,keicho,abstract_word,kanji_only,サ変名詞,抽象物
軽重,けいちょう,keicho,abstract_word,kanji_only,普通名詞,抽象物
傾注,けいちゅう,keichu,abstract_word,kanji_only,サ変名詞,抽象物
敬遠,けいえん,keien,abstract_word,kanji_only,サ変名詞,抽象物
系譜,けいふ,keifu,abstract_word,kanji_only,普通名詞,抽象物
敬服,けいふく,keifuku,abstract_word,kanji_only,サ変名詞,抽象物
形骸,けいがい,keigai,abstract_word,kanji_only,普通名詞,抽象物
軽減,けいげん,keigen,abstract_word,kanji_only,サ変名詞,抽象物
啓発,けいはつ,keihatsu,abstract_word,kanji_only,サ変名詞,抽象物
警報,けいほう,keiho,abstract_word,kanji_only,普通名詞,抽象物
敬意,けいい,keii,abstract_word,kanji_only,普通名詞,抽象物
掲示,けいじ,keiji,abstract_word,kanji_only,サ変名詞,抽象物
計時,けいじ,keiji,abstract_word,kanji_only,サ変名詞,抽象物
形状,けいじょう,keijo,abstract_word,kanji_only,普通名詞,抽象物
計上,けいじょう,keijo,abstract_word,kanji_only,サ変名詞,抽象物
経過,けいか,keika,abstract_word,kanji_only,サ変名詞,抽象物
警戒,けいかい,keikai,abstract_word,kanji_only,サ変名詞,抽象物
計画,けいかく,keikaku,abstract_word,kanji_only,サ変名詞,抽象物
景観,けいかん,keikan,abstract_word,kanji_only,普通名詞,抽象物
経験,けいけん,keiken,abstract_word,kanji_only,サ変名詞,抽象物
契機,けいき,keiki,abstract_word,kanji_only,普通名詞,抽象物
傾向,けいこう,keiko,abstract_word,kanji_only,普通名詞,抽象物
携行,けいこう,keiko,abstract_word,kanji_only,サ変名詞,抽象物
蛍光,けいこう,keiko,abstract_word,kanji_only,普通名詞,抽象物
警告,けいこく,keikoku,abstract_word,kanji_only,サ変名詞,抽象物
軽挙妄動,けいきょもうどう,keikyomodo,abstract_word,kanji_only,サ変名詞,抽象物
啓蒙,けいもう,keimo,abstract_word,kanji_only,サ変名詞,抽象物
敬礼,けいれい,keirei,abstract_word,kanji_only,サ変名詞,抽象物
経歴,けいれき,keireki,abstract_word,kanji_only,サ変名詞,抽象物
系列,けいれつ,keiretsu,abstract_word,kanji_only,普通名詞,抽象物
計略,けいりゃく,keiryaku,abstract_word,kanji_only,普通名詞,抽象物
軽量,けいりょう,keiryo,abstract_word,kanji_only,普通名詞,抽象物
係留,けいりゅう,keiryu,abstract_word,kanji_only,サ変名詞,抽象物
計算,けいさん,keisan,abstract_word,kanji_only,サ変名詞,抽象物
形勢,けいせい,keisei,abstract_word,kanji_only,普通名詞,抽象物
形成,けいせい,keisei,abstract_word,kanji_only,サ変名詞,抽象物
形跡,けいせき,keiseki,abstract_word,kanji_only,普通名詞,抽象物
罫線,けいせん,keisen,abstract_word,kanji_only,普通名詞,抽象物
傾斜,けいしゃ,keisha,abstract_word,kanji_only,サ変名詞,抽象物
軽視,けいし,keishi,abstract_word,kanji_only,サ変名詞,抽象物
型式,けいしき,keishiki,abstract_word,kanji_only,普通名詞,抽象物
形式,けいしき,keishiki,abstract_word,kanji_only,普通名詞,抽象物
軽震,けいしん,keishin,abstract_word,kanji_only,普通名詞,抽象物
形象,けいしょう,keisho,abstract_word,kanji_only,普通名詞,抽象物
敬称,けいしょう,keisho,abstract_word,kanji_only,普通名詞,抽象物
景勝,けいしょう,keisho,abstract_word,kanji_only,普通名詞,抽象物
継承,けいしょう,keisho,abstract_word,kanji_only,サ変名詞,抽象物
警鐘,けいしょう,keisho,abstract_word,kanji_only,普通名詞,抽象物
計数,けいすう,keisu,abstract_word,kanji_only,サ変名詞,抽象物
傾倒,けいとう,keito,abstract_word,kanji_only,サ変名詞,抽象物
系統,けいとう,keito,abstract_word,kanji_only,普通名詞,抽象物
形容,けいよう,keiyo,abstract_word,kanji_only,サ変名詞,抽象物
掲揚,けいよう,keiyo,abstract_word,kanji_only,サ変名詞,抽象物
継続,けいぞく,keizoku,abstract_word,kanji_only,サ変名詞,抽象物
結果,けっか,kekka,abstract_word,kanji_only,普通名詞,抽象物
決壊,けっかい,kekkai,abstract_word,kanji_only,サ変名詞,抽象物
欠陥,けっかん,kekkan,abstract_word,kanji_only,普通名詞,抽象物
血気,けっき,kekki,abstract_word,kanji_only,普通名詞,抽象物
決行,けっこう,kekko,abstract_word,kanji_only,サ変名詞,抽象物
血痕,けっこん,kekkon,abstract_word,kanji_only,普通名詞,抽象物
件,けん,ken,abstract_word,kanji_only,普通名詞,抽象物
兼,けん,ken,abstract_word,kanji_only,普通名詞,抽象物
権,けん,ken,abstract_word,kanji_only,普通名詞,抽象物
研,けん,ken,abstract_word,kanji_only,普通名詞,抽象物
懸案,けんあん,kenan,abstract_word,kanji_only,普通名詞,抽象物
兼備,けんび,kenbi,abstract_word,kanji_only,サ変名詞,抽象物
権謀,けんぼう,kenbo,abstract_word,kanji_only,普通名詞,抽象物
見聞,けんぶん,kenbun,abstract_word,kanji_only,サ変名詞,抽象物
見物,けんぶつ,kenbutsu,abstract_word,kanji_only,サ変名詞,抽象物
検地,けんち,kenchi,abstract_word,kanji_only,サ変名詞,抽象物
見地,けんち,kenchi,abstract_word,kanji_only,サ変名詞,抽象物
建築,けんちく,kenchiku,abstract_word,kanji_only,サ変名詞,抽象物
懸念,けねん,kenen,abstract_word,kanji_only,サ変名詞,抽象物
犬猿,けんえん,kenen,abstract_word,kanji_only,普通名詞,抽象物
建言,けんげん,kengen,abstract_word,kanji_only,サ変名詞,抽象物
建議,けんぎ,kengi,abstract_word,kanji_only,サ変名詞,抽象物
権威,けんい,keni,abstract_word,kanji_only,普通名詞,抽象物
堅持,けんじ,kenji,abstract_word,kanji_only,サ変名詞,抽象物
喧嘩,けんか,kenka,abstract_word,kanji_only,サ変名詞,抽象物
見解,けんかい,kenkai,abstract_word,kanji_only,普通名詞,抽象物
研磨,けんま,kenma,abstract_word,kanji_only,サ変名詞,抽象物
剣幕,けんまく,kenmaku,abstract_word,kanji_only,普通名詞,抽象物
件名,けんめい,kenmei,abstract_word,kanji_only,普通名詞,抽象物
嫌悪,けんお,keno,abstract_word,kanji_only,サ変名詞,抽象物
検査,けんさ,kensa,abstract_word,kanji_only,サ変名詞,抽象物
建策,けんさく,kensaku,abstract_word,kanji_only,サ変名詞,抽象物
研鑽,けんさん,kensan,abstract_word,kanji_only,サ変名詞,抽象物
建設,けんせつ,kensetsu,abstract_word,kanji_only,サ変名詞,抽象物
見識,けんしき,kenshiki,abstract_word,kanji_only,普通名詞,抽象物
献身,けんしん,kenshin,abstract_word,kanji_only,サ変名詞,抽象物
懸賞,けんしょう,kensho,abstract_word,kanji_only,普通名詞,抽象物
検証,けんしょう,kensho,abstract_word,kanji_only,サ変名詞,抽象物
顕彰,けんしょう,kensho,abstract_word,kanji_only,サ変名詞,抽象物
喧騒,けんそう,kenso,abstract_word,kanji_only,普通名詞,抽象物
謙遜,けんそん,kenson,abstract_word,kanji_only,サ変名詞,抽象物
検討,けんとう,kento,abstract_word,kanji_only,サ変名詞,抽象物
見当,けんとう,kento,abstract_word,kanji_only,普通名詞,抽象物
謙抑,けんよく,kenyoku,abstract_word,kanji_only,サ変名詞,抽象物
顕在,けんざい,kenzai,abstract_word,kanji_only,サ変名詞,抽象物
建造,けんぞう,kenzo,abstract_word,kanji_only,サ変名詞,抽象物
結氷,けっぴょう,keppyo,abstract_word,kanji_only,サ変名詞,抽象物
景色,けしき,keshiki,abstract_word,kanji_only,普通名詞,抽象物
化身,けしん,keshin,abstract_word,kanji_only,サ変名詞,抽象物
結成,けっせい,kessei,abstract_word,kanji_only,サ変名詞,抽象物
欠席,けっせき,kesseki,abstract_word,kanji_only,サ変名詞,抽象物
決戦,けっせん,kessen,abstract_word,kanji_only,サ変名詞,抽象物
決選,けっせん,kessen,abstract_word,kanji_only,普通名詞,抽象物
決死,けっし,kesshi,abstract_word,kanji_only,普通名詞,抽象物
決心,けっしん,kesshin,abstract_word,kanji_only,サ変名詞,抽象物
結晶,けっしょう,kessho,abstract_word,kanji_only,サ変名詞,抽象物
結集,けっしゅう,kesshu,abstract_word,kanji_only,サ変名詞,抽象物
傑出,けっしゅつ,kesshutsu,abstract_word,kanji_only,サ変名詞,抽象物
血相,けっそう,kesso,abstract_word,kanji_only,普通名詞,抽象物
結束,けっそく,kessoku,abstract_word,kanji_only,サ変名詞,抽象物
欠損,けっそん,kesson,abstract_word,kanji_only,サ変名詞,抽象物
決着,けっちゃく,ketchaku,abstract_word,kanji_only,サ変名詞,抽象物
欠,けつ,ketsu,abstract_word,kanji_only,普通名詞,抽象物
結,けつ,ketsu,abstract_word,kanji_only,普通名詞,抽象物
欠番,けつばん,ketsuban,abstract_word,kanji_only,普通名詞,抽象物
決別,けつべつ,ketsubetsu,abstract_word,kanji_only,サ変名詞,抽象物
欠乏,けつぼう,ketsubo,abstract_word,kanji_only,サ変名詞,抽象物
決断,けつだん,ketsudan,abstract_word,kanji_only,サ変名詞,抽象物
結団,けつだん,ketsudan,abstract_word,kanji_only,サ変名詞,抽象物
結合,けつごう,ketsugo,abstract_word,kanji_only,サ変名詞,抽象物
決意,けつい,ketsui,abstract_word,kanji_only,サ変名詞,抽象物
結実,けつじつ,ketsujitsu,abstract_word,kanji_only,サ変名詞,抽象物
欠如,けつじょ,ketsujo,abstract_word,kanji_only,サ変名詞,抽象物
結末,けつまつ,ketsumatsu,abstract_word,kanji_only,普通名詞,抽象物
血肉,けつにく,ketsuniku,abstract_word,kanji_only,普通名詞,抽象物
欠落,けつらく,ketsuraku,abstract_word,kanji_only,サ変名詞,抽象物
決裂,けつれつ,ketsuretsu,abstract_word,kanji_only,サ変名詞,抽象物
結論,けつろん,ketsuron,abstract_word,kanji_only,サ変名詞,抽象物
結託,けったく,kettaku,abstract_word,kanji_only,サ変名詞,抽象物
決定,けってい,kettei,abstract_word,kanji_only,サ変名詞,抽象物
欠点,けってん,ketten,abstract_word,kanji_only,普通名詞,抽象物
決闘,けっとう,ketto,abstract_word,kanji_only,サ変名詞,抽象物
稀有,けう,keu,abstract_word,kanji_only,普通名詞,抽象物
起案,きあん,kian,abstract_word,kanji_only,サ変名詞,抽象物
気圧,きあつ,kiatsu,abstract_word,kanji_only,普通名詞,抽象物
騎馬,きば,kiba,abstract_word,kanji_only,普通名詞,抽象物
起爆,きばく,kibaku,abstract_word,kanji_only,サ変名詞,抽象物
奇弁,きべん,kiben,abstract_word,kanji_only,普通名詞,抽象物
規模,きぼ,kibo,abstract_word,kanji_only,普通名詞,抽象物
希望,きぼう,kibo,abstract_word,kanji_only,サ変名詞,抽象物
気分,きぶん,kibun,abstract_word,kanji_only,普通名詞,抽象物
吉,きち,kichi,abstract_word,kanji_only,普通名詞,抽象物
機知,きち,kichi,abstract_word,kanji_only,普通名詞,抽象物
吉例,きちれい,kichirei,abstract_word,kanji_only,普通名詞,抽象物
基調,きちょう,kicho,abstract_word,kanji_only,普通名詞,抽象物
記帳,きちょう,kicho,abstract_word,kanji_only,サ変名詞,抽象物
喜怒,きど,kido,abstract_word,kanji_only,普通名詞,抽象物
機動,きどう,kido,abstract_word,kanji_only,普通名詞,抽象物
起動,きどう,kido,abstract_word,kanji_only,サ変名詞,抽象物
喜怒哀楽,きどあいらく,kidoairaku,abstract_word,kanji_only,普通名詞,抽象物
気炎,きえん,kien,abstract_word,kanji_only,普通名詞,抽象物
寄付,きふ,kifu,abstract_word,kanji_only,サ変名詞,抽象物
気風,きふう,kifu,abstract_word,kanji_only,普通名詞,抽象物
起伏,きふく,kifuku,abstract_word,kanji_only,サ変名詞,抽象物
飢餓,きが,kiga,abstract_word,kanji_only,普通名詞,抽象物
危害,きがい,kigai,abstract_word,kanji_only,普通名詞,抽象物
気概,きがい,kigai,abstract_word,kanji_only,普通名詞,抽象物
機嫌,きげん,kigen,abstract_word,kanji_only,普通名詞,抽象物
起源,きげん,kigen,abstract_word,kanji_only,普通名詞,抽象物
記号,きごう,kigo,abstract_word,kanji_only,普通名詞,抽象物
気心,きごころ,kigokoro,abstract_word,kanji_only,普通名詞,抽象物
危惧,きぐ,kigu,abstract_word,kanji_only,サ変名詞,抽象物
気位,きぐらい,kigurai,abstract_word,kanji_only,普通名詞,抽象物
気苦労,きぐろう,kiguro,abstract_word,kanji_only,普通名詞,抽象物
気迫,きはく,kihaku,abstract_word,kanji_only,普通名詞,抽象物
規範,きはん,kihan,abstract_word,kanji_only,普通名詞,抽象物
揮発,きはつ,kihatsu,abstract_word,kanji_only,サ変名詞,抽象物
忌避,きひ,kihi,abstract_word,kanji_only,サ変名詞,抽象物
気品,きひん,kihin,abstract_word,kanji_only,普通名詞,抽象物
基本,きほん,kihon,abstract_word,kanji_only,普通名詞,抽象物
起因,きいん,kiin,abstract_word,kanji_only,サ変名詞,抽象物
基軸,きじく,kijiku,abstract_word,kanji_only,普通名詞,抽象物
機軸,きじく,kijiku,abstract_word,kanji_only,普通名詞,抽象物
基準,きじゅん,kijun,abstract_word,kanji_only,普通名詞,抽象物
規準,きじゅん,kijun,abstract_word,kanji_only,普通名詞,抽象物
記述,きじゅつ,kijutsu,abstract_word,kanji_only,サ変名詞,抽象物
気化,きか,kika,abstract_word,kanji_only,サ変名詞,抽象物
企画,きかく,kikaku,abstract_word,kanji_only,サ変名詞,抽象物
帰還,きかん,kikan,abstract_word,kanji_only,サ変名詞,抽象物
帰結,きけつ,kiketsu,abstract_word,kanji_only,サ変名詞,抽象物
鬼気,きき,kiki,abstract_word,kanji_only,普通名詞,抽象物
危機一髪,ききいっぱつ,kikiippatsu,abstract_word,kanji_only,普通名詞,抽象物
飢饉,ききん,kikin,abstract_word,kanji_only,普通名詞,抽象物
拮抗,きっこう,kikko,abstract_word,kanji_only,サ変名詞,抽象物
吉凶,きっきょう,kikkyo,abstract_word,kanji_only,普通名詞,抽象物
気候,きこう,kiko,abstract_word,kanji_only,普通名詞,抽象物
起工,きこう,kiko,abstract_word,kanji_only,サ変名詞,抽象物
気骨,きこつ,kikotsu,abstract_word,kanji_only,普通名詞,抽象物
危急,ききゅう,kikyu,abstract_word,kanji_only,普通名詞,抽象物
希求,ききゅう,kikyu,abstract_word,kanji_only,サ変名詞,抽象物
気前,きまえ,kimae,abstract_word,kanji_only,普通名詞,抽象物
記名,きめい,kimei,abstract_word,kanji_only,サ変名詞,抽象物
気味,きみ,kimi,abstract_word,kanji_only,普通名詞,抽象物
気密,きみつ,kimitsu,abstract_word,kanji_only,普通名詞,抽象物
禁,きん,kin,abstract_word,kanji_only,普通名詞,抽象物
緊張,きんちょう,kincho,abstract_word,kanji_only,サ変名詞,抽象物
禁断,きんだん,kindan,abstract_word,kanji_only,サ変名詞,抽象物
記念,きねん,kinen,abstract_word,kanji_only,サ変名詞,抽象物
近縁,きんえん,kinen,abstract_word,kanji_only,普通名詞,抽象物
金言,きんげん,kingen,abstract_word,kanji_only,普通名詞,抽象物
近郷近在,きんごうきんざい,kingokinzai,abstract_word,kanji_only,普通名詞,抽象物
金字塔,きんじとう,kinjito,abstract_word,kanji_only,普通名詞,抽象物
金環食,きんかんしょく,kinkanshoku,abstract_word,kanji_only,普通名詞,抽象物
近景,きんけい,kinkei,abstract_word,kanji_only,普通名詞,抽象物
均衡,きんこう,kinko,abstract_word,kanji_only,サ変名詞,抽象物
禁句,きんく,kinku,abstract_word,kanji_only,普通名詞,抽象物
近況,きんきょう,kinkyo,abstract_word,kanji_only,普通名詞,抽象物
金満,きんまん,kinman,abstract_word,kanji_only,普通名詞,抽象物
禁物,きんもつ,kinmotsu,abstract_word,kanji_only,普通名詞,抽象物
機能,きのう,kino,abstract_word,kanji_only,サ変名詞,抽象物
緊迫,きんぱく,kinpaku,abstract_word,kanji_only,サ変名詞,抽象物
金策,きんさく,kinsaku,abstract_word,kanji_only,サ変名詞,抽象物
均斉,きんせい,kinsei,abstract_word,kanji_only,普通名詞,抽象物
禁止,きんし,kinshi,abstract_word,kanji_only,サ変名詞,抽象物
謹慎,きんしん,kinshin,abstract_word,kanji_only,サ変名詞,抽象物
禁欲,きんよく,kinyoku,abstract_word,kanji_only,サ変名詞,抽象物
記入,きにゅう,kinyu,abstract_word,kanji_only,サ変名詞,抽象物
記憶,きおく,kioku,abstract_word,kanji_only,サ変名詞,抽象物
吉報,きっぽう,kippo,abstract_word,kanji_only,普通名詞,抽象物
綺麗事,きれいごと,kireigoto,abstract_word,kanji_only,普通名詞,抽象物
亀裂,きれつ,kiretsu,abstract_word,kanji_only,普通名詞,抽象物
切換,きりかえ,kirikae,abstract_word,kanji_only,普通名詞,抽象物
切替,きりかえ,kirikae,abstract_word,kanji_only,サ変名詞,抽象物
霧雨,きりさめ,kirisame,abstract_word,kanji_only,普通名詞,抽象物
霧雨,きりさめ,kirisame,abstract_word,kanji_only,普通名詞,抽象物
規律,きりつ,kiritsu,abstract_word,kanji_only,サ変名詞,抽象物
起立,きりつ,kiritsu,abstract_word,kanji_only,サ変名詞,抽象物
記録,きろく,kiroku,abstract_word,kanji_only,サ変名詞,抽象物
器量,きりょう,kiryo,abstract_word,kanji_only,普通名詞,抽象物
気力,きりょく,kiryoku,abstract_word,kanji_only,普通名詞,抽象物
寄留,きりゅう,kiryu,abstract_word,kanji_only,サ変名詞,抽象物
気流,きりゅう,kiryu,abstract_word,kanji_only,普通名詞,抽象物
記載,きさい,kisai,abstract_word,kanji_only,サ変名詞,抽象物
奇声,きせい,kisei,abstract_word,kanji_only,普通名詞,抽象物
寄生,きせい,kisei,abstract_word,kanji_only,サ変名詞,抽象物
既成,きせい,kisei,abstract_word,kanji_only,普通名詞,抽象物
既製,きせい,kisei,abstract_word,kanji_only,普通名詞,抽象物
気勢,きせい,kisei,abstract_word,kanji_only,普通名詞,抽象物
奇跡,きせき,kiseki,abstract_word,kanji_only,普通名詞,抽象物
既設,きせつ,kisetsu,abstract_word,kanji_only,普通名詞,抽象物
希釈,きしゃく,kishaku,abstract_word,kanji_only,サ変名詞,抽象物
起死,きし,kishi,abstract_word,kanji_only,普通名詞,抽象物
寄進,きしん,kishin,abstract_word,kanji_only,サ変名詞,抽象物
気質,きしつ,kishitsu,abstract_word,kanji_only,普通名詞,抽象物
希少,きしょう,kisho,abstract_word,kanji_only,普通名詞,抽象物
気性,きしょう,kisho,abstract_word,kanji_only,普通名詞,抽象物
気象,きしょう,kisho,abstract_word,kanji_only,普通名詞,抽象物
気色,きしょく,kishoku,abstract_word,kanji_only,普通名詞,抽象物
機種,きしゅ,kishu,abstract_word,kanji_only,普通名詞,抽象物
寄宿,きしゅく,kishuku,abstract_word,kanji_only,サ変名詞,抽象物
基礎,きそ,kiso,abstract_word,kanji_only,普通名詞,抽象物
規則,きそく,kisoku,abstract_word,kanji_only,普通名詞,抽象物
既存,きそん,kison,abstract_word,kanji_only,サ変名詞,抽象物
喫水,きっすい,kissui,abstract_word,kanji_only,普通名詞,抽象物
基数,きすう,kisu,abstract_word,kanji_only,普通名詞,抽象物
奇数,きすう,kisu,abstract_word,kanji_only,普通名詞,抽象物
帰趨,きすう,kisu,abstract_word,kanji_only,サ変名詞,抽象物
期待,きたい,kitai,abstract_word,kanji_only,サ変名詞,抽象物
北風,きたかぜ,kitakaze,abstract_word,kanji_only,普通名詞,抽象物
寄託,きたく,kitaku,abstract_word,kanji_only,サ変名詞,抽象物
忌憚,きたん,kitan,abstract_word,kanji_only,サ変名詞,抽象物
愧赧,きたん,kitan,abstract_word,kanji_only,普通名詞,抽象物
基底,きてい,kitei,abstract_word,kanji_only,普通名詞,抽象物
既定,きてい,kitei,abstract_word,kanji_only,普通名詞,抽象物
規定,きてい,kitei,abstract_word,kanji_only,サ変名詞,抽象物
規程,きてい,kitei,abstract_word,kanji_only,サ変名詞,抽象物
機転,きてん,kiten,abstract_word,kanji_only,普通名詞,抽象物
企図,きと,kito,abstract_word,kanji_only,サ変名詞,抽象物
既得,きとく,kitoku,abstract_word,kanji_only,普通名詞,抽象物
詰問,きつもん,kitsumon,abstract_word,kanji_only,サ変名詞,抽象物
機運,きうん,kiun,abstract_word,kanji_only,普通名詞,抽象物
気運,きうん,kiun,abstract_word,kanji_only,普通名詞,抽象物
規約,きやく,kiyaku,abstract_word,kanji_only,普通名詞,抽象物
寄与,きよ,kiyo,abstract_word,kanji_only,サ変名詞,抽象物
杞憂,きゆう,kiyu,abstract_word,kanji_only,普通名詞,抽象物
寄贈,きぞう,kizo,abstract_word,kanji_only,サ変名詞,抽象物
帰属,きぞく,kizoku,abstract_word,kanji_only,サ変名詞,抽象物
絆,きずな,kizuna,abstract_word,kanji_only,普通名詞,抽象物
考案,こうあん,koan,abstract_word,kanji_only,サ変名詞,抽象物
個別,こべつ,kobetsu,abstract_word,kanji_only,普通名詞,抽象物
交尾,こうび,kobi,abstract_word,kanji_only,サ変名詞,抽象物
木挽,こびき,kobiki,abstract_word,kanji_only,普通名詞,抽象物
公募,こうぼ,kobo,abstract_word,kanji_only,サ変名詞,抽象物
攻防,こうぼう,kobo,abstract_word,kanji_only,普通名詞,抽象物
興亡,こうぼう,kobo,abstract_word,kanji_only,普通名詞,抽象物
後部,こうぶ,kobu,abstract_word,kanji_only,普通名詞,抽象物
鼓舞,こぶ,kobu,abstract_word,kanji_only,サ変名詞,抽象物
構文,こうぶん,kobun,abstract_word,kanji_only,普通名詞,抽象物
膠着,こうちゃく,kochaku,abstract_word,kanji_only,サ変名詞,抽象物
構築,こうちく,kochiku,abstract_word,kanji_only,サ変名詞,抽象物
誇張,こちょう,kocho,abstract_word,kanji_only,サ変名詞,抽象物
木霊,こだま,kodama,abstract_word,kanji_only,サ変名詞,抽象物
拘泥,こうでい,kodei,abstract_word,kanji_only,サ変名詞,抽象物
行動,こうどう,kodo,abstract_word,kanji_only,サ変名詞,抽象物
鼓動,こどう,kodo,abstract_word,kanji_only,サ変名詞,抽象物
公益,こうえき,koeki,abstract_word,kanji_only,普通名詞,抽象物
後援,こうえん,koen,abstract_word,kanji_only,サ変名詞,抽象物
興奮,こうふん,kofun,abstract_word,kanji_only,サ変名詞,抽象物
口外,こうがい,kogai,abstract_word,kanji_only,サ変名詞,抽象物
攻撃,こうげき,kogeki,abstract_word,kanji_only,サ変名詞,抽象物
光源,こうげん,kogen,abstract_word,kanji_only,普通名詞,抽象物
公言,こうげん,kogen,abstract_word,kanji_only,サ変名詞,抽象物
広言,こうげん,kogen,abstract_word,kanji_only,サ変名詞,抽象物
広義,こうぎ,kogi,abstract_word,kanji_only,普通名詞,抽象物
抗議,こうぎ,kogi,abstract_word,kanji_only,サ変名詞,抽象物
交互,こうご,kogo,abstract_word,kanji_only,普通名詞,抽象物
口語,こうご,kogo,abstract_word,kanji_only,普通名詞,抽象物
古語,こご,kogo,abstract_word,kanji_only,普通名詞,抽象物
小声,こごえ,kogoe,abstract_word,kanji_only,普通名詞,抽象物
小言,こごと,kogoto,abstract_word,kanji_only,普通名詞,抽象物
厚遇,こうぐう,kogu,abstract_word,kanji_only,サ変名詞,抽象物
小口,こぐち,koguchi,abstract_word,kanji_only,普通名詞,抽象物
孤軍奮闘,こぐんふんとう,kogunfunto,abstract_word,kanji_only,サ変名詞,抽象物
工業,こうぎょう,kogyo,abstract_word,kanji_only,普通名詞,抽象物
硬派,こうは,koha,abstract_word,kanji_only,普通名詞,抽象物
交配,こうはい,kohai,abstract_word,kanji_only,サ変名詞,抽象物
荒廃,こうはい,kohai,abstract_word,kanji_only,サ変名詞,抽象物
小春日和,こはるびより,koharubiyori,abstract_word,kanji_only,普通名詞,抽象物
後発,こうはつ,kohatsu,abstract_word,kanji_only,サ変名詞,抽象物
候補,こうほ,koho,abstract_word,kanji_only,普通名詞,抽象物
工法,こうほう,koho,abstract_word,kanji_only,普通名詞,抽象物
公表,こうひょう,kohyo,abstract_word,kanji_only,サ変名詞,抽象物
好評,こうひょう,kohyo,abstract_word,kanji_only,普通名詞,抽象物
講評,こうひょう,kohyo,abstract_word,kanji_only,サ変名詞,抽象物
故意,こい,koi,abstract_word,kanji_only,普通名詞,抽象物
厚意,こうい,koi,abstract_word,kanji_only,普通名詞,抽象物
行為,こうい,koi,abstract_word,kanji_only,普通名詞,抽象物
広域,こういき,koiki,abstract_word,kanji_only,普通名詞,抽象物
工事,こうじ,koji,abstract_word,kanji_only,サ変名詞,抽象物
高次,こうじ,koji,abstract_word,kanji_only,普通名詞,抽象物
固辞,こじ,koji,abstract_word,kanji_only,サ変名詞,抽象物
誇示,こじ,koji,abstract_word,kanji_only,サ変名詞,抽象物
幸甚,こうじん,kojin,abstract_word,kanji_only,普通名詞,抽象物
故事成語,こじせいご,kojiseigo,abstract_word,kanji_only,普通名詞,抽象物
口実,こうじつ,kojitsu,abstract_word,kanji_only,普通名詞,抽象物
向日性,こうじつせい,kojitsusei,abstract_word,kanji_only,普通名詞,抽象物
公序,こうじょ,kojo,abstract_word,kanji_only,普通名詞,抽象物
口上,こうじょう,kojo,abstract_word,kanji_only,普通名詞,抽象物
向上,こうじょう,kojo,abstract_word,kanji_only,サ変名詞,抽象物
口述,こうじゅつ,kojutsu,abstract_word,kanji_only,サ変名詞,抽象物
後述,こうじゅつ,kojutsu,abstract_word,kanji_only,サ変名詞,抽象物
効果,こうか,koka,abstract_word,kanji_only,普通名詞,抽象物
硬化,こうか,koka,abstract_word,kanji_only,サ変名詞,抽象物
降下,こうか,koka,abstract_word,kanji_only,サ変名詞,抽象物
高架,こうか,koka,abstract_word,kanji_only,普通名詞,抽象物
固化,こか,koka,abstract_word,kanji_only,サ変名詞,抽象物
公開,こうかい,kokai,abstract_word,kanji_only,サ変名詞,抽象物
後悔,こうかい,kokai,abstract_word,kanji_only,サ変名詞,抽象物
更改,こうかい,kokai,abstract_word,kanji_only,サ変名詞,抽象物
広角,こうかく,kokaku,abstract_word,kanji_only,普通名詞,抽象物
降格,こうかく,kokaku,abstract_word,kanji_only,サ変名詞,抽象物
交換,こうかん,kokan,abstract_word,kanji_only,サ変名詞,抽象物
交歓,こうかん,kokan,abstract_word,kanji_only,サ変名詞,抽象物
好感,こうかん,kokan,abstract_word,kanji_only,普通名詞,抽象物
枯渇,こかつ,kokatsu,abstract_word,kanji_only,サ変名詞,抽象物
光景,こうけい,kokei,abstract_word,kanji_only,普通名詞,抽象物
後継,こうけい,kokei,abstract_word,kanji_only,サ変名詞,抽象物
固形,こけい,kokei,abstract_word,kanji_only,普通名詞,抽象物
貢献,こうけん,koken,abstract_word,kanji_only,サ変名詞,抽象物
公器,こうき,koki,abstract_word,kanji_only,普通名詞,抽象物
後記,こうき,koki,abstract_word,kanji_only,普通名詞,抽象物
降旗,こうき,koki,abstract_word,kanji_only,普通名詞,抽象物
香気,こうき,koki,abstract_word,kanji_only,普通名詞,抽象物
小気味,こきび,kokibi,abstract_word,kanji_only,普通名詞,抽象物
好奇心,こうきしん,kokishin,abstract_word,kanji_only,普通名詞,抽象物
酷寒,こっかん,kokkan,abstract_word,kanji_only,普通名詞,抽象物
克己心,こっきしん,kokkishin,abstract_word,kanji_only,普通名詞,抽象物
考古,こうこ,koko,abstract_word,kanji_only,普通名詞,抽象物
個々,ここ,koko,abstract_word,kanji_only,普通名詞,抽象物
心地,ここち,kokochi,abstract_word,kanji_only,普通名詞,抽象物
興国,こうこく,kokoku,abstract_word,kanji_only,普通名詞,抽象物
古今東西,ここんとうざい,kokontozai,abstract_word,kanji_only,普通名詞,抽象物
心意気,こころいき,kokoroiki,abstract_word,kanji_only,普通名詞,抽象物
心根,こころね,kokorone,abstract_word,kanji_only,普通名詞,抽象物
国別,こくべつ,kokubetsu,abstract_word,kanji_only,普通名詞,抽象物
告知,こくち,kokuchi,abstract_word,kanji_only,サ変名詞,抽象物
黒煙,こくえん,kokuen,abstract_word,kanji_only,普通名詞,抽象物
克服,こくふく,kokufuku,abstract_word,kanji_only,サ変名詞,抽象物
告白,こくはく,kokuhaku,abstract_word,kanji_only,サ変名詞,抽象物
告発,こくはつ,kokuhatsu,abstract_word,kanji_only,サ変名詞,抽象物
酷評,こくひょう,kokuhyo,abstract_word,kanji_only,サ変名詞,抽象物
刻字,こくじ,kokuji,abstract_word,kanji_only,普通名詞,抽象物
国字,こくじ,kokuji,abstract_word,kanji_only,普通名詞,抽象物
酷似,こくじ,kokuji,abstract_word,kanji_only,サ変名詞,抽象物
国名,こくめい,kokumei,abstract_word,kanji_only,普通名詞,抽象物
国際,こくさい,kokusai,abstract_word,kanji_only,普通名詞,抽象物
酷使,こくし,kokushi,abstract_word,kanji_only,サ変名詞,抽象物
酷暑,こくしょ,kokusho,abstract_word,kanji_only,普通名詞,抽象物
黒点,こくてん,kokuten,abstract_word,kanji_only,普通名詞,抽象物
公共,こうきょう,kokyo,abstract_word,kanji_only,普通名詞,抽象物
降級,こうきゅう,kokyu,abstract_word,kanji_only,普通名詞,抽象物
呼吸,こきゅう,kokyu,abstract_word,kanji_only,サ変名詞,抽象物
込,こみ,komi,abstract_word,kanji_only,普通名詞,抽象物
小文字,こもじ,komoji,abstract_word,kanji_only,普通名詞,抽象物
項目,こうもく,komoku,abstract_word,kanji_only,普通名詞,抽象物
工務,こうむ,komu,abstract_word,kanji_only,普通名詞,抽象物
光明,こうみょう,komyo,abstract_word,kanji_only,普通名詞,抽象物
功名,こうみょう,komyo,abstract_word,kanji_only,普通名詞,抽象物
高温,こうおん,kon,abstract_word,kanji_only,普通名詞,抽象物
高音,こうおん,kon,abstract_word,kanji_only,普通名詞,抽象物
硬軟,こうなん,konan,abstract_word,kanji_only,普通名詞,抽象物
懇談,こんだん,kondan,abstract_word,kanji_only,サ変名詞,抽象物
混同,こんどう,kondo,abstract_word,kanji_only,サ変名詞,抽象物
光熱,こうねつ,konetsu,abstract_word,kanji_only,普通名詞,抽象物
懇願,こんがん,kongan,abstract_word,kanji_only,サ変名詞,抽象物
根源,こんげん,kongen,abstract_word,kanji_only,普通名詞,抽象物
混合,こんごう,kongo,abstract_word,kanji_only,サ変名詞,抽象物
根性,こんじょう,konjo,abstract_word,kanji_only,普通名詞,抽象物
根幹,こんかん,konkan,abstract_word,kanji_only,普通名詞,抽象物
根気,こんき,konki,abstract_word,kanji_only,普通名詞,抽象物
困苦,こんく,konku,abstract_word,kanji_only,サ変名詞,抽象物
根拠,こんきょ,konkyo,abstract_word,kanji_only,普通名詞,抽象物
混迷,こんめい,konmei,abstract_word,kanji_only,サ変名詞,抽象物
懇望,こんもう,konmo,abstract_word,kanji_only,サ変名詞,抽象物
懇望,こんもう,konmo,abstract_word,kanji_only,サ変名詞,抽象物
混入,こんにゅう,konnyu,abstract_word,kanji_only,サ変名詞,抽象物
此分,このぶん,konobun,abstract_word,kanji_only,普通名詞,抽象物
困憊,こんぱい,konpai,abstract_word,kanji_only,サ変名詞,抽象物
梱包,こんぽう,konpo,abstract_word,kanji_only,サ変名詞,抽象物
根本,こんぽん,konpon,abstract_word,kanji_only,普通名詞,抽象物
混乱,こんらん,konran,abstract_word,kanji_only,サ変名詞,抽象物
懇請,こんせい,konsei,abstract_word,kanji_only,サ変名詞,抽象物
混成,こんせい,konsei,abstract_word,kanji_only,サ変名詞,抽象物
混線,こんせん,konsen,abstract_word,kanji_only,サ変名詞,抽象物
懇親,こんしん,konshin,abstract_word,kanji_only,普通名詞,抽象物
渾身,こんしん,konshin,abstract_word,kanji_only,普通名詞,抽象物
困睡,こんすい,konsui,abstract_word,kanji_only,サ変名詞,抽象物
魂胆,こんたん,kontan,abstract_word,kanji_only,普通名詞,抽象物
根底,こんてい,kontei,abstract_word,kanji_only,普通名詞,抽象物
混沌,こんとん,konton,abstract_word,kanji_only,普通名詞,抽象物
粉糠雨,こぬかあめ,konukaame,abstract_word,kanji_only,普通名詞,抽象物
懇話,こんわ,konwa,abstract_word,kanji_only,サ変名詞,抽象物
困惑,こんわく,konwaku,abstract_word,kanji_only,サ変名詞,抽象物
混用,こんよう,konyo,abstract_word,kanji_only,サ変名詞,抽象物
混在,こんざい,konzai,abstract_word,kanji_only,サ変名詞,抽象物
混雑,こんざつ,konzatsu,abstract_word,kanji_only,サ変名詞,抽象物
根絶,こんぜつ,konzetsu,abstract_word,kanji_only,サ変名詞,抽象物
好例,こうれい,korei,abstract_word,kanji_only,普通名詞,抽象物
恒例,こうれい,korei,abstract_word,kanji_only,普通名詞,抽象物
功利,こうり,kori,abstract_word,kanji_only,普通名詞,抽象物
光臨,こうりん,korin,abstract_word,kanji_only,普通名詞,抽象物
孤立,こりつ,koritsu,abstract_word,kanji_only,サ変名詞,抽象物
功労,こうろう,koro,abstract_word,kanji_only,普通名詞,抽象物
公論,こうろん,koron,abstract_word,kanji_only,普通名詞,抽象物
口論,こうろん,koron,abstract_word,kanji_only,サ変名詞,抽象物
後略,こうりゃく,koryaku,abstract_word,kanji_only,サ変名詞,抽象物
攻略,こうりゃく,koryaku,abstract_word,kanji_only,サ変名詞,抽象物
考慮,こうりょ,koryo,abstract_word,kanji_only,サ変名詞,抽象物
顧慮,こりょ,koryo,abstract_word,kanji_only,サ変名詞,抽象物
効力,こうりょく,koryoku,abstract_word,kanji_only,普通名詞,抽象物
交流,こうりゅう,koryu,abstract_word,kanji_only,サ変名詞,抽象物
興隆,こうりゅう,koryu,abstract_word,kanji_only,サ変名詞,抽象物
交差,こうさ,kosa,abstract_word,kanji_only,サ変名詞,抽象物
黄砂,こうさ,kosa,abstract_word,kanji_only,普通名詞,抽象物
交際,こうさい,kosai,abstract_word,kanji_only,サ変名詞,抽象物
交錯,こうさく,kosaku,abstract_word,kanji_only,サ変名詞,抽象物
耕作,こうさく,kosaku,abstract_word,kanji_only,サ変名詞,抽象物
小作,こさく,kosaku,abstract_word,kanji_only,サ変名詞,抽象物
小雨,こさめ,kosame,abstract_word,kanji_only,普通名詞,抽象物
公算,こうさん,kosan,abstract_word,kanji_only,普通名詞,抽象物
降参,こうさん,kosan,abstract_word,kanji_only,サ変名詞,抽象物
古参,こさん,kosan,abstract_word,kanji_only,普通名詞,抽象物
考察,こうさつ,kosatsu,abstract_word,kanji_only,サ変名詞,抽象物
攻勢,こうせい,kosei,abstract_word,kanji_only,普通名詞,抽象物
更正,こうせい,kosei,abstract_word,kanji_only,サ変名詞,抽象物
更生,こうせい,kosei,abstract_word,kanji_only,サ変名詞,抽象物
構成,こうせい,kosei,abstract_word,kanji_only,サ変名詞,抽象物
個性,こせい,kosei,abstract_word,kanji_only,普通名詞,抽象物
功績,こうせき,koseki,abstract_word,kanji_only,普通名詞,抽象物
光線,こうせん,kosen,abstract_word,kanji_only,普通名詞,抽象物
降雪,こうせつ,kosetsu,abstract_word,kanji_only,普通名詞,抽象物
後者,こうしゃ,kosha,abstract_word,kanji_only,普通名詞,抽象物
公私,こうし,koshi,abstract_word,kanji_only,普通名詞,抽象物
行使,こうし,koshi,abstract_word,kanji_only,サ変名詞,抽象物
古式,こしき,koshiki,abstract_word,kanji_only,普通名詞,抽象物
交信,こうしん,koshin,abstract_word,kanji_only,サ変名詞,抽象物
向心,こうしん,koshin,abstract_word,kanji_only,普通名詞,抽象物
後身,こうしん,koshin,abstract_word,kanji_only,普通名詞,抽象物
更新,こうしん,koshin,abstract_word,kanji_only,サ変名詞,抽象物
行進,こうしん,koshin,abstract_word,kanji_only,サ変名詞,抽象物
小潮,こしお,koshio,abstract_word,kanji_only,普通名詞,抽象物
固執,こしつ,koshitsu,abstract_word,kanji_only,サ変名詞,抽象物
公称,こうしょう,kosho,abstract_word,kanji_only,サ変名詞,抽象物
考証,こうしょう,kosho,abstract_word,kanji_only,サ変名詞,抽象物
行賞,こうしょう,kosho,abstract_word,kanji_only,普通名詞,抽象物
呼称,こしょう,kosho,abstract_word,kanji_only,サ変名詞,抽象物
故障,こしょう,kosho,abstract_word,kanji_only,サ変名詞,抽象物
固守,こしゅ,koshu,abstract_word,kanji_only,サ変名詞,抽象物
呼集,こしゅう,koshu,abstract_word,kanji_only,サ変名詞,抽象物
抗争,こうそう,koso,abstract_word,kanji_only,サ変名詞,抽象物
構想,こうそう,koso,abstract_word,kanji_only,サ変名詞,抽象物
高層,こうそう,koso,abstract_word,kanji_only,普通名詞,抽象物
骨子,こっし,kosshi,abstract_word,kanji_only,普通名詞,抽象物
降水,こうすい,kosui,abstract_word,kanji_only,普通名詞,抽象物
交代,こうたい,kotai,abstract_word,kanji_only,サ変名詞,抽象物
後退,こうたい,kotai,abstract_word,kanji_only,サ変名詞,抽象物
個体,こたい,kotai,abstract_word,kanji_only,普通名詞,抽象物
光沢,こうたく,kotaku,abstract_word,kanji_only,普通名詞,抽象物
工程,こうてい,kotei,abstract_word,kanji_only,普通名詞,抽象物
肯定,こうてい,kotei,abstract_word,kanji_only,サ変名詞,抽象物
行程,こうてい,kotei,abstract_word,kanji_only,普通名詞,抽象物
高低,こうてい,kotei,abstract_word,kanji_only,普通名詞,抽象物
固定,こてい,kotei,abstract_word,kanji_only,サ変名詞,抽象物
好天,こうてん,koten,abstract_word,kanji_only,普通名詞,抽象物
好転,こうてん,koten,abstract_word,kanji_only,サ変名詞,抽象物
後天,こうてん,koten,abstract_word,kanji_only,普通名詞,抽象物
荒天,こうてん,koten,abstract_word,kanji_only,普通名詞,抽象物
高騰,こうとう,koto,abstract_word,kanji_only,サ変名詞,抽象物
糊塗,こと,koto,abstract_word,kanji_only,サ変名詞,抽象物
言葉,ことば,kotoba,abstract_word,kanji_only,普通名詞,抽象物
言葉尻,ことばじり,kotobajiri,abstract_word,kanji_only,普通名詞,抽象物
事柄,ことがら,kotogara,abstract_word,kanji_only,普通名詞,抽象物
公徳心,こうとくしん,kotokushin,abstract_word,kanji_only,普通名詞,抽象物
諺,ことわざ,kotowaza,abstract_word,kanji_only,普通名詞,抽象物
言伝,ことづて,kotozute,abstract_word,kanji_only,普通名詞,抽象物
甲乙,こうおつ,kotsu,abstract_word,kanji_only,普通名詞,抽象物
声色,こわいろ,kowairo,abstract_word,kanji_only,普通名詞,抽象物
高揚,こうよう,koyo,abstract_word,kanji_only,サ変名詞,抽象物
交遊,こうゆう,koyu,abstract_word,kanji_only,サ変名詞,抽象物
小雪,こゆき,koyuki,abstract_word,kanji_only,普通名詞,抽象物
功罪,こうざい,kozai,abstract_word,kanji_only,普通名詞,抽象物
小細工,こざいく,kozaiku,abstract_word,kanji_only,サ変名詞,抽象物
構造,こうぞう,kozo,abstract_word,kanji_only,普通名詞,抽象物
後続,こうぞく,kozoku,abstract_word,kanji_only,サ変名詞,抽象物
構図,こうず,kozu,abstract_word,kanji_only,普通名詞,抽象物
洪水,こうずい,kozui,abstract_word,kanji_only,普通名詞,抽象物
区別,くべつ,kubetsu,abstract_word,kanji_only,サ変名詞,抽象物
区分,くぶん,kubun,abstract_word,kanji_only,サ変名詞,抽象物
口々,くちぐち,kuchiguchi,abstract_word,kanji_only,普通名詞,抽象物
口車,くちぐるま,kuchiguruma,abstract_word,kanji_only,普通名詞,抽象物
口癖,くちぐせ,kuchiguse,abstract_word,kanji_only,普通名詞,抽象物
口数,くちかず,kuchikazu,abstract_word,kanji_only,普通名詞,抽象物
駆逐,くちく,kuchiku,abstract_word,kanji_only,サ変名詞,抽象物
口真似,くちまね,kuchimane,abstract_word,kanji_only,サ変名詞,抽象物
口裏,くちうら,kuchiura,abstract_word,kanji_only,普通名詞,抽象物
口伝,くちづて,kuchizute,abstract_word,kanji_only,普通名詞,抽象物
口調,くちょう,kucho,abstract_word,kanji_only,普通名詞,抽象物
空洞,くうどう,kudo,abstract_word,kanji_only,普通名詞,抽象物
工夫,くふう,kufu,abstract_word,kanji_only,サ変名詞,抽象物
苦言,くげん,kugen,abstract_word,kanji_only,普通名詞,抽象物
釘付,くぎづけ,kugizuke,abstract_word,kanji_only,サ変名詞,抽象物
苦杯,くはい,kuhai,abstract_word,kanji_only,普通名詞,抽象物
空費,くうひ,kuhi,abstract_word,kanji_only,サ変名詞,抽象物
苦情,くじょう,kujo,abstract_word,kanji_only,普通名詞,抽象物
苦渋,くじゅう,kuju,abstract_word,kanji_only,サ変名詞,抽象物
屈曲,くっきょく,kukkyoku,abstract_word,kanji_only,サ変名詞,抽象物
苦境,くきょう,kukyo,abstract_word,kanji_only,普通名詞,抽象物
隈,くま,kuma,abstract_word,kanji_only,普通名詞,抽象物
工面,くめん,kumen,abstract_word,kanji_only,サ変名詞,抽象物
苦悶,くもん,kumon,abstract_word,kanji_only,サ変名詞,抽象物
曇,くもり,kumori,abstract_word,kanji_only,普通名詞,抽象物
苦難,くなん,kunan,abstract_word,kanji_only,普通名詞,抽象物
国柄,くにがら,kunigara,abstract_word,kanji_only,普通名詞,抽象物
訓示,くんじ,kunji,abstract_word,kanji_only,サ変名詞,抽象物
訓辞,くんじ,kunji,abstract_word,kanji_only,普通名詞,抽象物
苦悩,くのう,kuno,abstract_word,kanji_only,サ変名詞,抽象物
訓練,くんれん,kunren,abstract_word,kanji_only,サ変名詞,抽象物
薫陶,くんとう,kunto,abstract_word,kanji_only,サ変名詞,抽象物
訓話,くんわ,kunwa,abstract_word,kanji_only,普通名詞,抽象物
屈服,くっぷく,kuppuku,abstract_word,kanji_only,サ変名詞,抽象物
苦楽,くらく,kuraku,abstract_word,kanji_only,普通名詞,抽象物
暗闇,くらやみ,kurayami,abstract_word,kanji_only,普通名詞,抽象物
苦労,くろう,kuro,abstract_word,kanji_only,サ変名詞,抽象物
空論,くうろん,kuron,abstract_word,kanji_only,普通名詞,抽象物
黒潮,くろしお,kuroshio,abstract_word,kanji_only,普通名詞,抽象物
黒山,くろやま,kuroyama,abstract_word,kanji_only,普通名詞,抽象物
車座,くるまざ,kurumaza,abstract_word,kanji_only,普通名詞,抽象物
苦慮,くりょ,kuryo,abstract_word,kanji_only,サ変名詞,抽象物
草枕,くさまくら,kusamakura,abstract_word,kanji_only,普通名詞,抽象物
苦節,くせつ,kusetsu,abstract_word,kanji_only,普通名詞,抽象物
駆使,くし,kushi,abstract_word,kanji_only,サ変名詞,抽象物
苦心,くしん,kushin,abstract_word,kanji_only,サ変名詞,抽象物
苦心惨憺,くしんさんたん,kushinsantan,abstract_word,kanji_only,サ変名詞,抽象物
空室,くうしつ,kushitsu,abstract_word,kanji_only,普通名詞,抽象物
苦笑,くしょう,kusho,abstract_word,kanji_only,サ変名詞,抽象物
空想,くうそう,kuso,abstract_word,kanji_only,サ変名詞,抽象物
掘削,くっさく,kussaku,abstract_word,kanji_only,サ変名詞,抽象物
屈折,くっせつ,kussetsu,abstract_word,kanji_only,サ変名詞,抽象物
屈指,くっし,kusshi,abstract_word,kanji_only,普通名詞,抽象物
屈伸,くっしん,kusshin,abstract_word,kanji_only,サ変名詞,抽象物
空転,くうてん,kuten,abstract_word,kanji_only,サ変名詞,抽象物
苦闘,くとう,kuto,abstract_word,kanji_only,サ変名詞,抽象物
苦痛,くつう,kutsu,abstract_word,kanji_only,普通名詞,抽象物
屈辱,くつじょく,kutsujoku,abstract_word,kanji_only,普通名詞,抽象物
屈従,くつじゅう,kutsuju,abstract_word,kanji_only,サ変名詞,抽象物
屈託,くったく,kuttaku,abstract_word,kanji_only,サ変名詞,抽象物
空前,くうぜん,kuzen,abstract_word,kanji_only,普通名詞,抽象物
空前絶後,くうぜんぜつご,kuzenzetsugo,abstract_word,kanji_only,普通名詞,抽象物
却下,きゃっか,kyakka,abstract_word,kanji_only,サ変名詞,抽象物
客観,きゃっかん,kyakkan,abstract_word,kanji_only,サ変名詞,抽象物
脚光,きゃっこう,kyakko,abstract_word,kanji_only,普通名詞,抽象物
客足,きゃくあし,kyakuashi,abstract_word,kanji_only,普通名詞,抽象物
脚注,きゃくちゅう,kyakuchu,abstract_word,kanji_only,普通名詞,抽象物
挙,きょ,kyo,abstract_word,kanji_only,普通名詞,抽象物
虚,きょ,kyo,abstract_word,kanji_only,普通名詞,抽象物
凶,きょう,kyo,abstract_word,kanji_only,普通名詞,抽象物
協,きょう,kyo,abstract_word,kanji_only,普通名詞,抽象物
強,きょう,kyo,abstract_word,kanji_only,普通名詞,抽象物
興,きょう,kyo,abstract_word,kanji_only,普通名詞,抽象物
巨悪,きょあく,kyoaku,abstract_word,kanji_only,普通名詞,抽象物
強圧,きょうあつ,kyoatsu,abstract_word,kanji_only,サ変名詞,抽象物
強弁,きょうべん,kyoben,abstract_word,kanji_only,サ変名詞,抽象物
境地,きょうち,kyochi,abstract_word,kanji_only,普通名詞,抽象物
協調,きょうちょう,kyocho,abstract_word,kanji_only,サ変名詞,抽象物
強調,きょうちょう,kyocho,abstract_word,kanji_only,サ変名詞,抽象物
胸中,きょうちゅう,kyochu,abstract_word,kanji_only,普通名詞,抽象物
許諾,きょだく,kyodaku,abstract_word,kanji_only,サ変名詞,抽象物
共同,きょうどう,kyodo,abstract_word,kanji_only,サ変名詞,抽象物
協同,きょうどう,kyodo,abstract_word,kanji_only,サ変名詞,抽象物
挙動,きょどう,kyodo,abstract_word,kanji_only,普通名詞,抽象物
共栄,きょうえい,kyoei,abstract_word,kanji_only,サ変名詞,抽象物
虚栄,きょえい,kyoei,abstract_word,kanji_only,普通名詞,抽象物
恐怖,きょうふ,kyofu,abstract_word,kanji_only,サ変名詞,抽象物
強風,きょうふう,kyofu,abstract_word,kanji_only,普通名詞,抽象物
驚愕,きょうがく,kyogaku,abstract_word,kanji_only,サ変名詞,抽象物
協議,きょうぎ,kyogi,abstract_word,kanji_only,サ変名詞,抽象物
境遇,きょうぐう,kyogu,abstract_word,kanji_only,普通名詞,抽象物
強迫,きょうはく,kyohaku,abstract_word,kanji_only,サ変名詞,抽象物
拒否,きょひ,kyohi,abstract_word,kanji_only,サ変名詞,抽象物
狂奔,きょうほん,kyohon,abstract_word,kanji_only,サ変名詞,抽象物
胸囲,きょうい,kyoi,abstract_word,kanji_only,普通名詞,抽象物
脅威,きょうい,kyoi,abstract_word,kanji_only,普通名詞,抽象物
驚異,きょうい,kyoi,abstract_word,kanji_only,普通名詞,抽象物
強弱,きょうじゃく,kyojaku,abstract_word,kanji_only,普通名詞,抽象物
教示,きょうじ,kyoji,abstract_word,kanji_only,サ変名詞,抽象物
享受,きょうじゅ,kyoju,abstract_word,kanji_only,サ変名詞,抽象物
強化,きょうか,kyoka,abstract_word,kanji_only,サ変名詞,抽象物
許可,きょか,kyoka,abstract_word,kanji_only,サ変名詞,抽象物
共感,きょうかん,kyokan,abstract_word,kanji_only,サ変名詞,抽象物
狂喜,きょうき,kyoki,abstract_word,kanji_only,サ変名詞,抽象物
狂気,きょうき,kyoki,abstract_word,kanji_only,普通名詞,抽象物
曲解,きょっかい,kyokkai,abstract_word,kanji_only,サ変名詞,抽象物
極光,きょっこう,kyokko,abstract_word,kanji_only,普通名詞,抽象物
凶行,きょうこう,kyoko,abstract_word,kanji_only,普通名詞,抽象物
強攻,きょうこう,kyoko,abstract_word,kanji_only,サ変名詞,抽象物
強行,きょうこう,kyoko,abstract_word,kanji_only,サ変名詞,抽象物
挙行,きょこう,kyoko,abstract_word,kanji_only,サ変名詞,抽象物
虚構,きょこう,kyoko,abstract_word,kanji_only,普通名詞,抽象物
極,きょく,kyoku,abstract_word,kanji_only,普通名詞,抽象物
局番,きょくばん,kyokuban,abstract_word,kanji_only,普通名詞,抽象物
極致,きょくち,kyokuchi,abstract_word,kanji_only,普通名詞,抽象物
局留,きょくどめ,kyokudome,abstract_word,kanji_only,普通名詞,抽象物
極限,きょくげん,kyokugen,abstract_word,kanji_only,普通名詞,抽象物
局面,きょくめん,kyokumen,abstract_word,kanji_only,普通名詞,抽象物
曲面,きょくめん,kyokumen,abstract_word,kanji_only,普通名詞,抽象物
教訓,きょうくん,kyokun,abstract_word,kanji_only,サ変名詞,抽象物
極論,きょくろん,kyokuron,abstract_word,kanji_only,サ変名詞,抽象物
曲折,きょくせつ,kyokusetsu,abstract_word,kanji_only,サ変名詞,抽象物
局在,きょくざい,kyokuzai,abstract_word,kanji_only,サ変名詞,抽象物
共鳴,きょうめい,kyomei,abstract_word,kanji_only,サ変名詞,抽象物
興味,きょうみ,kyomi,abstract_word,kanji_only,普通名詞,抽象物
虚無,きょむ,kyomu,abstract_word,kanji_only,普通名詞,抽象物
強運,きょううん,kyon,abstract_word,kanji_only,普通名詞,抽象物
去来,きょらい,kyorai,abstract_word,kanji_only,サ変名詞,抽象物
狂乱,きょうらん,kyoran,abstract_word,kanji_only,サ変名詞,抽象物
虚礼,きょれい,kyorei,abstract_word,kanji_only,普通名詞,抽象物
共立,きょうりつ,kyoritsu,abstract_word,kanji_only,サ変名詞,抽象物
協力,きょうりょく,kyoryoku,abstract_word,kanji_only,サ変名詞,抽象物
共催,きょうさい,kyosai,abstract_word,kanji_only,サ変名詞,抽象物
凶作,きょうさく,kyosaku,abstract_word,kanji_only,普通名詞,抽象物
協賛,きょうさん,kyosan,abstract_word,kanji_only,サ変名詞,抽象物
共生,きょうせい,kyosei,abstract_word,kanji_only,サ変名詞,抽象物
強制,きょうせい,kyosei,abstract_word,kanji_only,サ変名詞,抽象物
虚勢,きょせい,kyosei,abstract_word,kanji_only,普通名詞,抽象物
強震,きょうしん,kyoshin,abstract_word,kanji_only,普通名詞,抽象物
虚飾,きょしょく,kyoshoku,abstract_word,kanji_only,普通名詞,抽象物
強襲,きょうしゅう,kyoshu,abstract_word,kanji_only,サ変名詞,抽象物
郷愁,きょうしゅう,kyoshu,abstract_word,kanji_only,普通名詞,抽象物
挙手,きょしゅ,kyoshu,abstract_word,kanji_only,サ変名詞,抽象物
去就,きょしゅう,kyoshu,abstract_word,kanji_only,普通名詞,抽象物
恐縮,きょうしゅく,kyoshuku,abstract_word,kanji_only,サ変名詞,抽象物
供出,きょうしゅつ,kyoshutsu,abstract_word,kanji_only,サ変名詞,抽象物
拠出,きょしゅつ,kyoshutsu,abstract_word,kanji_only,サ変名詞,抽象物
競争,きょうそう,kyoso,abstract_word,kanji_only,サ変名詞,抽象物
驚嘆,きょうたん,kyotan,abstract_word,kanji_only,サ変名詞,抽象物
協定,きょうてい,kyotei,abstract_word,kanji_only,サ変名詞,抽象物
共通,きょうつう,kyotsu,abstract_word,kanji_only,サ変名詞,抽象物
共和,きょうわ,kyowa,abstract_word,kanji_only,普通名詞,抽象物
協和,きょうわ,kyowa,abstract_word,kanji_only,サ変名詞,抽象物
供用,きょうよう,kyoyo,abstract_word,kanji_only,サ変名詞,抽象物
共用,きょうよう,kyoyo,abstract_word,kanji_only,サ変名詞,抽象物
強要,きょうよう,kyoyo,abstract_word,kanji_only,サ変名詞,抽象物
教養,きょうよう,kyoyo,abstract_word,kanji_only,普通名詞,抽象物
許容,きょよう,kyoyo,abstract_word,kanji_only,サ変名詞,抽象物
享有,きょうゆう,kyoyu,abstract_word,kanji_only,サ変名詞,抽象物
共有,きょうゆう,kyoyu,abstract_word,kanji_only,サ変名詞,抽象物
拒絶,きょぜつ,kyozetsu,abstract_word,kanji_only,サ変名詞,抽象物
共存,きょうぞん,kyozon,abstract_word,kanji_only,サ変名詞,抽象物
休,きゅう,kyu,abstract_word,kanji_only,普通名詞,抽象物
旧,きゅう,kyu,abstract_word,kanji_only,普通名詞,抽象物
級,きゅう,kyu,abstract_word,kanji_only,普通名詞,抽象物
急場,きゅうば,kyuba,abstract_word,kanji_only,普通名詞,抽象物
急場凌,きゅうばしのぎ,kyubashinogi,abstract_word,kanji_only,普通名詞,抽象物
旧聞,きゅうぶん,kyubun,abstract_word,kanji_only,普通名詞,抽象物
吸着,きゅうちゃく,kyuchaku,abstract_word,kanji_only,サ変名詞,抽象物
旧地,きゅうち,kyuchi,abstract_word,kanji_only,普通名詞,抽象物
窮地,きゅうち,kyuchi,abstract_word,kanji_only,普通名詞,抽象物
及第,きゅうだい,kyudai,abstract_word,kanji_only,サ変名詞,抽象物
救援,きゅうえん,kyuen,abstract_word,kanji_only,サ変名詞,抽象物
急減,きゅうげん,kyugen,abstract_word,kanji_only,サ変名詞,抽象物
旧派,きゅうは,kyuha,abstract_word,kanji_only,普通名詞,抽象物
窮迫,きゅうはく,kyuhaku,abstract_word,kanji_only,サ変名詞,抽象物
旧弊,きゅうへい,kyuhei,abstract_word,kanji_only,普通名詞,抽象物
急報,きゅうほう,kyuho,abstract_word,kanji_only,サ変名詞,抽象物
吸引,きゅういん,kyuin,abstract_word,kanji_only,サ変名詞,抽象物
救助,きゅうじょ,kyujo,abstract_word,kanji_only,サ変名詞,抽象物
窮状,きゅうじょう,kyujo,abstract_word,kanji_only,普通名詞,抽象物
旧家,きゅうか,kyuka,abstract_word,kanji_only,普通名詞,抽象物
休会,きゅうかい,kyukai,abstract_word,kanji_only,サ変名詞,抽象物
嗅覚,きゅうかく,kyukaku,abstract_word,kanji_only,普通名詞,抽象物
休憩,きゅうけい,kyukei,abstract_word,kanji_only,サ変名詞,抽象物
急告,きゅうこく,kyukoku,abstract_word,kanji_only,サ変名詞,抽象物
究極,きゅうきょく,kyukyoku,abstract_word,kanji_only,サ変名詞,抽象物
旧名,きゅうめい,kyumei,abstract_word,kanji_only,普通名詞,抽象物
究明,きゅうめい,kyumei,abstract_word,kanji_only,サ変名詞,抽象物
休眠,きゅうみん,kyumin,abstract_word,kanji_only,サ変名詞,抽象物
救難,きゅうなん,kyunan,abstract_word,kanji_only,普通名詞,抽象物
吸入,きゅうにゅう,kyunyu,abstract_word,kanji_only,サ変名詞,抽象物
旧来,きゅうらい,kyurai,abstract_word,kanji_only,時相名詞,抽象物
救済,きゅうさい,kyusai,abstract_word,kanji_only,サ変名詞,抽象物
救世,きゅうせい,kyusei,abstract_word,kanji_only,普通名詞,抽象物
急戦,きゅうせん,kyusen,abstract_word,kanji_only,普通名詞,抽象物
休止,きゅうし,kyushi,abstract_word,kanji_only,サ変名詞,抽象物
急進,きゅうしん,kyushin,abstract_word,kanji_only,サ変名詞,抽象物
求心,きゅうしん,kyushin,abstract_word,kanji_only,普通名詞,抽象物
吸収,きゅうしゅう,kyushu,abstract_word,kanji_only,サ変名詞,抽象物
救出,きゅうしゅつ,kyushutsu,abstract_word,kanji_only,サ変名詞,抽象物
休息,きゅうそく,kyusoku,abstract_word,kanji_only,サ変名詞,抽象物
吸水,きゅうすい,kyusui,abstract_word,kanji_only,サ変名詞,抽象物
旧態,きゅうたい,kyutai,abstract_word,kanji_only,普通名詞,抽象物
球体,きゅうたい,kyutai,abstract_word,kanji_only,普通名詞,抽象物
急転,きゅうてん,kyuten,abstract_word,kanji_only,サ変名詞,抽象物
急追,きゅうつい,kyutsui,abstract_word,kanji_only,サ変名詞,抽象物
窮余,きゅうよ,kyuyo,abstract_word,kanji_only,普通名詞,抽象物
急用,きゅうよう,kyuyo,abstract_word,kanji_only,普通名詞,抽象物
急増,きゅうぞう,kyuzo,abstract_word,kanji_only,サ変名詞,抽象物
急造,きゅうぞう,kyuzo,abstract_word,kanji_only,サ変名詞,抽象物
真冬日,まふゆび,mafuyubi,abstract_word,kanji_only,普通名詞,抽象物
紛,まがい,magai,abstract_word,kanji_only,普通名詞,抽象物
真心,まごころ,magokoro,abstract_word,kanji_only,普通名詞,抽象物
魔法,まほう,maho,abstract_word,kanji_only,普通名詞,抽象物
魔方陣,まほうじん,mahojin,abstract_word,kanji_only,普通名詞,抽象物
埋没,まいぼつ,maibotsu,abstract_word,kanji_only,サ変名詞,抽象物
真一文字,まいちもんじ,maichimonji,abstract_word,kanji_only,普通名詞,抽象物
枚挙,まいきょ,maikyo,abstract_word,kanji_only,サ変名詞,抽象物
埋設,まいせつ,maisetsu,abstract_word,kanji_only,サ変名詞,抽象物
邁進,まいしん,maishin,abstract_word,kanji_only,サ変名詞,抽象物
埋蔵,まいぞう,maizo,abstract_word,kanji_only,サ変名詞,抽象物
摩滅,まめつ,mametsu,abstract_word,kanji_only,サ変名詞,抽象物
摩耗,まもう,mamo,abstract_word,kanji_only,サ変名詞,抽象物
満,まん,man,abstract_word,kanji_only,普通名詞,抽象物
真夏日,まなつび,manatsubi,abstract_word,kanji_only,普通名詞,抽象物
満潮,まんちょう,mancho,abstract_word,kanji_only,普通名詞,抽象物
蔓延,まんえん,manen,abstract_word,kanji_only,サ変名詞,抽象物
満悦,まんえつ,manetsu,abstract_word,kanji_only,サ変名詞,抽象物
満額,まんがく,mangaku,abstract_word,kanji_only,普通名詞,抽象物
満願,まんがん,mangan,abstract_word,kanji_only,普通名詞,抽象物
満員,まんいん,manin,abstract_word,kanji_only,普通名詞,抽象物
満場,まんじょう,manjo,abstract_word,kanji_only,普通名詞,抽象物
満開,まんかい,mankai,abstract_word,kanji_only,サ変名詞,抽象物
満喫,まんきつ,mankitsu,abstract_word,kanji_only,サ変名詞,抽象物
満面,まんめん,manmen,abstract_word,kanji_only,普通名詞,抽象物
満杯,まんぱい,manpai,abstract_word,kanji_only,普通名詞,抽象物
満了,まんりょう,manryo,abstract_word,kanji_only,サ変名詞,抽象物
満載,まんさい,mansai,abstract_word,kanji_only,サ変名詞,抽象物
満席,まんせき,manseki,abstract_word,kanji_only,普通名詞,抽象物
慢心,まんしん,manshin,abstract_word,kanji_only,サ変名詞,抽象物
満身,まんしん,manshin,abstract_word,kanji_only,普通名詞,抽象物
満室,まんしつ,manshitsu,abstract_word,kanji_only,普通名詞,抽象物
満天,まんてん,manten,abstract_word,kanji_only,普通名詞,抽象物
満足,まんぞく,manzoku,abstract_word,kanji_only,サ変名詞,抽象物
丸顔,まるがお,marugao,abstract_word,kanji_only,普通名詞,抽象物
丸損,まるぞん,maruzon,abstract_word,kanji_only,サ変名詞,抽象物
魔力,まりょく,maryoku,abstract_word,kanji_only,普通名詞,抽象物
正目,まさめ,masame,abstract_word,kanji_only,普通名詞,抽象物
摩擦,まさつ,masatsu,abstract_word,kanji_only,サ変名詞,抽象物
正夢,まさゆめ,masayume,abstract_word,kanji_only,普通名詞,抽象物
抹殺,まっさつ,massatsu,abstract_word,kanji_only,サ変名詞,抽象物
抹消,まっしょう,massho,abstract_word,kanji_only,サ変名詞,抽象物
末尾,まつび,matsubi,abstract_word,kanji_only,普通名詞,抽象物
松風,まつかぜ,matsukaze,abstract_word,kanji_only,普通名詞,抽象物
末路,まつろ,matsuro,abstract_word,kanji_only,普通名詞,抽象物
目星,めぼし,meboshi,abstract_word,kanji_only,普通名詞,抽象物
目処,めど,medo,abstract_word,kanji_only,普通名詞,抽象物
巡,めぐり,meguri,abstract_word,kanji_only,普通名詞,抽象物
名案,めいあん,meian,abstract_word,kanji_only,普通名詞,抽象物
明暗,めいあん,meian,abstract_word,kanji_only,普通名詞,抽象物
名分,めいぶん,meibun,abstract_word,kanji_only,普通名詞,抽象物
明文,めいぶん,meibun,abstract_word,kanji_only,普通名詞,抽象物
銘文,めいぶん,meibun,abstract_word,kanji_only,普通名詞,抽象物
命中,めいちゅう,meichu,abstract_word,kanji_only,サ変名詞,抽象物
鳴動,めいどう,meido,abstract_word,kanji_only,サ変名詞,抽象物
明言,めいげん,meigen,abstract_word,kanji_only,サ変名詞,抽象物
名義,めいぎ,meigi,abstract_word,kanji_only,普通名詞,抽象物
明示,めいじ,meiji,abstract_word,kanji_only,サ変名詞,抽象物
名実,めいじつ,meijitsu,abstract_word,kanji_only,普通名詞,抽象物
明記,めいき,meiki,abstract_word,kanji_only,サ変名詞,抽象物
銘記,めいき,meiki,abstract_word,kanji_only,サ変名詞,抽象物
命名,めいめい,meimei,abstract_word,kanji_only,サ変名詞,抽象物
明滅,めいめつ,meimetsu,abstract_word,kanji_only,サ変名詞,抽象物
名目,めいもく,meimoku,abstract_word,kanji_only,普通名詞,抽象物
命脈,めいみゃく,meimyaku,abstract_word,kanji_only,普通名詞,抽象物
命令,めいれい,meirei,abstract_word,kanji_only,サ変名詞,抽象物
明細,めいさい,meisai,abstract_word,kanji_only,普通名詞,抽象物
迷彩,めいさい,meisai,abstract_word,kanji_only,普通名詞,抽象物
名声,めいせい,meisei,abstract_word,kanji_only,普通名詞,抽象物
迷信,めいしん,meishin,abstract_word,kanji_only,普通名詞,抽象物
名称,めいしょう,meisho,abstract_word,kanji_only,普通名詞,抽象物
瞑想,めいそう,meiso,abstract_word,kanji_only,サ変名詞,抽象物
迷想,めいそう,meiso,abstract_word,kanji_only,普通名詞,抽象物
迷走,めいそう,meiso,abstract_word,kanji_only,サ変名詞,抽象物
名答,めいとう,meito,abstract_word,kanji_only,普通名詞,抽象物
命運,めいうん,meiun,abstract_word,kanji_only,普通名詞,抽象物
迷惑,めいわく,meiwaku,abstract_word,kanji_only,サ変名詞,抽象物
免,めん,men,abstract_word,kanji_only,普通名詞,抽象物
免除,めんじょ,menjo,abstract_word,kanji_only,サ変名詞,抽象物
面従,めんじゅう,menju,abstract_word,kanji_only,サ変名詞,抽象物
免許,めんきょ,menkyo,abstract_word,kanji_only,サ変名詞,抽象物
免責,めんせき,menseki,abstract_word,kanji_only,サ変名詞,抽象物
面識,めんしき,menshiki,abstract_word,kanji_only,普通名詞,抽象物
面子,めんつ,mentsu,abstract_word,kanji_only,普通名詞,抽象物
目線,めせん,mesen,abstract_word,kanji_only,普通名詞,抽象物
滅失,めっしつ,messhitsu,abstract_word,kanji_only,サ変名詞,抽象物
滅,めつ,metsu,abstract_word,kanji_only,普通名詞,抽象物
滅亡,めつぼう,metsubo,abstract_word,kanji_only,サ変名詞,抽象物
目安,めやす,meyasu,abstract_word,kanji_only,普通名詞,抽象物
身分,みぶん,mibun,abstract_word,kanji_only,普通名詞,抽象物
未着,みちゃく,michaku,abstract_word,kanji_only,普通名詞,抽象物
道順,みちじゅん,michijun,abstract_word,kanji_only,普通名詞,抽象物
道草,みちくさ,michikusa,abstract_word,kanji_only,サ変名詞,抽象物
道筋,みちすじ,michisuji,abstract_word,kanji_only,普通名詞,抽象物
見所,みどころ,midokoro,abstract_word,kanji_only,普通名詞,抽象物
味読,みどく,midoku,abstract_word,kanji_only,サ変名詞,抽象物
見栄,みえ,mie,abstract_word,kanji_only,普通名詞,抽象物
見本,みほん,mihon,abstract_word,kanji_only,普通名詞,抽象物
未開,みかい,mikai,abstract_word,kanji_only,普通名詞,抽象物
見掛,みかけ,mikake,abstract_word,kanji_only,普通名詞,抽象物
未完,みかん,mikan,abstract_word,kanji_only,普通名詞,抽象物
見方,みかた,mikata,abstract_word,kanji_only,普通名詞,抽象物
未見,みけん,miken,abstract_word,kanji_only,普通名詞,抽象物
未決,みけつ,miketsu,abstract_word,kanji_only,普通名詞,抽象物
三日坊主,みっかぼうず,mikkabozu,abstract_word,kanji_only,普通名詞,抽象物
密告,みっこく,mikkoku,abstract_word,kanji_only,サ変名詞,抽象物
見越,みこし,mikoshi,abstract_word,kanji_only,普通名詞,抽象物
未聞,みもん,mimon,abstract_word,kanji_only,普通名詞,抽象物
見物,みもの,mimono,abstract_word,kanji_only,普通名詞,抽象物
身元,みもと,mimoto,abstract_word,kanji_only,普通名詞,抽象物
稔,みのり,minori,abstract_word,kanji_only,普通名詞,抽象物
密閉,みっぺい,mippei,abstract_word,kanji_only,サ変名詞,抽象物
密封,みっぷう,mippu,abstract_word,kanji_only,サ変名詞,抽象物
未練,みれん,miren,abstract_word,kanji_only,普通名詞,抽象物
未了,みりょう,miryo,abstract_word,kanji_only,普通名詞,抽象物
魅了,みりょう,miryo,abstract_word,kanji_only,サ変名詞,抽象物
魅力,みりょく,miryoku,abstract_word,kanji_only,普通名詞,抽象物
見境,みさかい,misakai,abstract_word,kanji_only,普通名詞,抽象物
見世物,みせもの,misemono,abstract_word,kanji_only,普通名詞,抽象物
密生,みっせい,missei,abstract_word,kanji_only,サ変名詞,抽象物
密接,みっせつ,missetsu,abstract_word,kanji_only,サ変名詞,抽象物
密集,みっしゅう,misshu,abstract_word,kanji_only,サ変名詞,抽象物
密着,みっちゃく,mitchaku,abstract_word,kanji_only,サ変名詞,抽象物
未到,みとう,mito,abstract_word,kanji_only,普通名詞,抽象物
未踏,みとう,mito,abstract_word,kanji_only,普通名詞,抽象物
密談,みつだん,mitsudan,abstract_word,kanji_only,サ変名詞,抽象物
密約,みつやく,mitsuyaku,abstract_word,kanji_only,サ変名詞,抽象物
魅惑,みわく,miwaku,abstract_word,kanji_only,サ変名詞,抽象物
見様見真似,みようみまね,miyomimane,abstract_word,kanji_only,普通名詞,抽象物
未然,みぜん,mizen,abstract_word,kanji_only,普通名詞,抽象物
霙,みぞれ,mizore,abstract_word,kanji_only,普通名詞,抽象物
水垢,みずあか,mizuaka,abstract_word,kanji_only,普通名詞,抽象物
水柱,みずばしら,mizubashira,abstract_word,kanji_only,普通名詞,抽象物
水音,みずおと,mizuoto,abstract_word,kanji_only,普通名詞,抽象物
水飛沫,みずしぶき,mizushibuki,abstract_word,kanji_only,普通名詞,抽象物
模擬,もぎ,mogi,abstract_word,kanji_only,サ変名詞,抽象物
模範,もはん,mohan,abstract_word,kanji_only,普通名詞,抽象物
模倣,もほう,moho,abstract_word,kanji_only,サ変名詞,抽象物
文字,もじ,moji,abstract_word,kanji_only,普通名詞,抽象物
盲従,もうじゅう,moju,abstract_word,kanji_only,サ変名詞,抽象物
木工,もっこう,mokko,abstract_word,kanji_only,普通名詞,抽象物
猛攻,もうこう,moko,abstract_word,kanji_only,サ変名詞,抽象物
目撃,もくげき,mokugeki,abstract_word,kanji_only,サ変名詞,抽象物
目標,もくひょう,mokuhyo,abstract_word,kanji_only,普通名詞,抽象物
木目,もくめ,mokume,abstract_word,kanji_only,普通名詞,抽象物
黙認,もくにん,mokunin,abstract_word,kanji_only,サ変名詞,抽象物
目礼,もくれい,mokurei,abstract_word,kanji_only,サ変名詞,抽象物
黙礼,もくれい,mokurei,abstract_word,kanji_only,サ変名詞,抽象物
目録,もくろく,mokuroku,abstract_word,kanji_only,普通名詞,抽象物
目論見,もくろみ,mokuromi,abstract_word,kanji_only,普通名詞,抽象物
目算,もくさん,mokusan,abstract_word,kanji_only,サ変名詞,抽象物
黙殺,もくさつ,mokusatsu,abstract_word,kanji_only,サ変名詞,抽象物
木製,もくせい,mokusei,abstract_word,kanji_only,普通名詞,抽象物
黙視,もくし,mokushi,abstract_word,kanji_only,サ変名詞,抽象物
木質,もくしつ,mokushitsu,abstract_word,kanji_only,普通名詞,抽象物
黙想,もくそう,mokuso,abstract_word,kanji_only,サ変名詞,抽象物
目測,もくそく,mokusoku,abstract_word,kanji_only,サ変名詞,抽象物
目的,もくてき,mokuteki,abstract_word,kanji_only,普通名詞,抽象物
木造,もくぞう,mokuzo,abstract_word,kanji_only,普通名詞,抽象物
悶着,もんちゃく,monchaku,abstract_word,kanji_only,サ変名詞,抽象物
問題,もんだい,mondai,abstract_word,kanji_only,普通名詞,抽象物
問答,もんどう,mondo,abstract_word,kanji_only,サ変名詞,抽象物
文句,もんく,monku,abstract_word,kanji_only,普通名詞,抽象物
物腰,ものごし,monogoshi,abstract_word,kanji_only,普通名詞,抽象物
物事,ものごと,monogoto,abstract_word,kanji_only,普通名詞,抽象物
物真似,ものまね,monomane,abstract_word,kanji_only,サ変名詞,抽象物
物見,ものみ,monomi,abstract_word,kanji_only,サ変名詞,抽象物
物音,ものおと,monoto,abstract_word,kanji_only,普通名詞,抽象物
網羅,もうら,mora,abstract_word,kanji_only,サ変名詞,抽象物
諸,もろ,moro,abstract_word,kanji_only,普通名詞,抽象物
諸刃,もろは,moroha,abstract_word,kanji_only,普通名詞,抽象物
諸々,もろもろ,moromoro,abstract_word,kanji_only,普通名詞,抽象物
模索,もさく,mosaku,abstract_word,kanji_only,サ変名詞,抽象物
猛省,もうせい,mosei,abstract_word,kanji_only,サ変名詞,抽象物
申込,もうしこみ,moshikomi,abstract_word,kanji_only,普通名詞,抽象物
猛進,もうしん,moshin,abstract_word,kanji_only,サ変名詞,抽象物
猛暑,もうしょ,mosho,abstract_word,kanji_only,普通名詞,抽象物
妄想,もうそう,moso,abstract_word,kanji_only,サ変名詞,抽象物
盲点,もうてん,moten,abstract_word,kanji_only,普通名詞,抽象物
猛追,もうつい,motsui,abstract_word,kanji_only,サ変名詞,抽象物
勿体,もったい,mottai,abstract_word,kanji_only,普通名詞,抽象物
無断,むだん,mudan,abstract_word,kanji_only,普通名詞,抽象物
無風,むふう,mufu,abstract_word,kanji_only,普通名詞,抽象物
無我,むが,muga,abstract_word,kanji_only,普通名詞,抽象物
無我夢中,むがむちゅう,mugamuchu,abstract_word,kanji_only,普通名詞,抽象物
無言,むごん,mugon,abstract_word,kanji_only,普通名詞,抽象物
無比,むひ,muhi,abstract_word,kanji_only,普通名詞,抽象物
霧氷,むひょう,muhyo,abstract_word,kanji_only,普通名詞,抽象物
無人,むじん,mujin,abstract_word,kanji_only,普通名詞,抽象物
無印,むじるし,mujirushi,abstract_word,kanji_only,普通名詞,抽象物
矛盾,むじゅん,mujun,abstract_word,kanji_only,サ変名詞,抽象物
無形,むけい,mukei,abstract_word,kanji_only,普通名詞,抽象物
無機,むき,muki,abstract_word,kanji_only,普通名詞,抽象物
無名,むめい,mumei,abstract_word,kanji_only,普通名詞,抽象物
胸算用,むなざんよう,munazanyo,abstract_word,kanji_only,サ変名詞,抽象物
無二,むに,muni,abstract_word,kanji_only,普通名詞,抽象物
村八分,むらはちぶ,murahachibu,abstract_word,kanji_only,普通名詞,抽象物
村雨,むらさめ,murasame,abstract_word,kanji_only,普通名詞,抽象物
無理,むり,muri,abstract_word,kanji_only,サ変名詞,抽象物
霧散,むさん,musan,abstract_word,kanji_only,サ変名詞,抽象物
無声,むせい,musei,abstract_word,kanji_only,普通名詞,抽象物
無視,むし,mushi,abstract_word,kanji_only,サ変名詞,抽象物
無心,むしん,mushin,abstract_word,kanji_only,サ変名詞,抽象物
無臭,むしゅう,mushu,abstract_word,kanji_only,普通名詞,抽象物
夢想,むそう,muso,abstract_word,kanji_only,サ変名詞,抽象物
脈々,みゃくみゃく,myakumyaku,abstract_word,kanji_only,普通名詞,抽象物
脈絡,みゃくらく,myakuraku,abstract_word,kanji_only,普通名詞,抽象物
妙案,みょうあん,myoan,abstract_word,kanji_only,普通名詞,抽象物
妙技,みょうぎ,myogi,abstract_word,kanji_only,普通名詞,抽象物
妙手,みょうしゅ,myoshu,abstract_word,kanji_only,普通名詞,抽象物
雪崩,なだれ,nadare,abstract_word,kanji_only,普通名詞,抽象物
撫斬,なでぎり,nadegiri,abstract_word,kanji_only,サ変名詞,抽象物
長雨,ながあめ,nagaame,abstract_word,kanji_only,普通名詞,抽象物
長話,ながばなし,nagabanashi,abstract_word,kanji_only,サ変名詞,抽象物
長居,ながい,nagai,abstract_word,kanji_only,サ変名詞,抽象物
凪,なぎ,nagi,abstract_word,kanji_only,普通名詞,抽象物
内部,ないぶ,naibu,abstract_word,kanji_only,普通名詞,抽象物
内分,ないぶん,naibun,abstract_word,kanji_only,サ変名詞,抽象物
内諾,ないだく,naidaku,abstract_word,kanji_only,サ変名詞,抽象物
内紛,ないふん,naifun,abstract_word,kanji_only,普通名詞,抽象物
内包,ないほう,naiho,abstract_word,kanji_only,サ変名詞,抽象物
内助,ないじょ,naijo,abstract_word,kanji_only,普通名詞,抽象物
内情,ないじょう,naijo,abstract_word,kanji_only,普通名詞,抽象物
内面,ないめん,naimen,abstract_word,kanji_only,普通名詞,抽象物
内省,ないせい,naisei,abstract_word,kanji_only,サ変名詞,抽象物
内緒,ないしょ,naisho,abstract_word,kanji_only,普通名詞,抽象物
内容,ないよう,naiyo,abstract_word,kanji_only,普通名詞,抽象物
内在,ないざい,naizai,abstract_word,kanji_only,サ変名詞,抽象物
馴染,なじみ,najimi,abstract_word,kanji_only,普通名詞,抽象物
中程,なかほど,nakahodo,abstract_word,kanji_only,普通名詞,抽象物
中幕,なかまく,nakamaku,abstract_word,kanji_only,普通名詞,抽象物
中身,なかみ,nakami,abstract_word,kanji_only,普通名詞,抽象物
中点,なかてん,nakaten,abstract_word,kanji_only,普通名詞,抽象物
名前,なまえ,namae,abstract_word,kanji_only,普通名詞,抽象物
涙声,なみだごえ,namidagoe,abstract_word,kanji_only,普通名詞,抽象物
波頭,なみがしら,namigashira,abstract_word,kanji_only,普通名詞,抽象物
波風,なみかぜ,namikaze,abstract_word,kanji_only,普通名詞,抽象物
難,なん,nan,abstract_word,kanji_only,普通名詞,抽象物
七不思議,ななふしぎ,nanafushigi,abstract_word,kanji_only,普通名詞,抽象物
七光,ななひかり,nanahikari,abstract_word,kanji_only,普通名詞,抽象物
難物,なんぶつ,nanbutsu,abstract_word,kanji_only,普通名詞,抽象物
南中,なんちゅう,nanchu,abstract_word,kanji_only,サ変名詞,抽象物
難題,なんだい,nandai,abstract_word,kanji_only,普通名詞,抽象物
難度,なんど,nando,abstract_word,kanji_only,普通名詞,抽象物
難儀,なんぎ,nangi,abstract_word,kanji_only,サ変名詞,抽象物
難行苦行,なんぎょうくぎょう,nangyokugyo,abstract_word,kanji_only,普通名詞,抽象物
難易,なんい,nani,abstract_word,kanji_only,普通名詞,抽象物
何事,なにごと,nanigoto,abstract_word,kanji_only,普通名詞,抽象物
何物,なにもの,nanimono,abstract_word,kanji_only,普通名詞,抽象物
難渋,なんじゅう,nanju,abstract_word,kanji_only,サ変名詞,抽象物
南下,なんか,nanka,abstract_word,kanji_only,サ変名詞,抽象物
軟化,なんか,nanka,abstract_word,kanji_only,サ変名詞,抽象物
難航,なんこう,nanko,abstract_word,kanji_only,サ変名詞,抽象物
難癖,なんくせ,nankuse,abstract_word,kanji_only,普通名詞,抽象物
難局,なんきょく,nankyoku,abstract_word,kanji_only,普通名詞,抽象物
難問,なんもん,nanmon,abstract_word,kanji_only,普通名詞,抽象物
軟派,なんぱ,nanpa,abstract_word,kanji_only,サ変名詞,抽象物
難色,なんしょく,nanshoku,abstract_word,kanji_only,普通名詞,抽象物
難点,なんてん,nanten,abstract_word,kanji_only,普通名詞,抽象物
納得,なっとく,nattoku,abstract_word,kanji_only,サ変名詞,抽象物
謎,なぞ,nazo,abstract_word,kanji_only,普通名詞,抽象物
願,ねがい,negai,abstract_word,kanji_only,普通名詞,抽象物
熱血,ねっけつ,nekketsu,abstract_word,kanji_only,普通名詞,抽象物
熱狂,ねっきょう,nekkyo,abstract_word,kanji_only,サ変名詞,抽象物
寝耳,ねみみ,nemimi,abstract_word,kanji_only,普通名詞,抽象物
念,ねん,nen,abstract_word,kanji_only,普通名詞,抽象物
粘着,ねんちゃく,nenchaku,abstract_word,kanji_only,サ変名詞,抽象物
念願,ねんがん,nengan,abstract_word,kanji_only,サ変名詞,抽象物
年号,ねんごう,nengo,abstract_word,kanji_only,普通名詞,抽象物
年次,ねんじ,nenji,abstract_word,kanji_only,普通名詞,抽象物
年会,ねんかい,nenkai,abstract_word,kanji_only,普通名詞,抽象物
年譜,ねんぷ,nenpu,abstract_word,kanji_only,普通名詞,抽象物
年表,ねんぴょう,nenpyo,abstract_word,kanji_only,普通名詞,抽象物
念力,ねんりき,nenriki,abstract_word,kanji_only,普通名詞,抽象物
年輪,ねんりん,nenrin,abstract_word,kanji_only,普通名詞,抽象物
燃焼,ねんしょう,nensho,abstract_word,kanji_only,サ変名詞,抽象物
念頭,ねんとう,nento,abstract_word,kanji_only,普通名詞,抽象物
熱波,ねっぱ,neppa,abstract_word,kanji_only,普通名詞,抽象物
熱風,ねっぷう,neppu,abstract_word,kanji_only,普通名詞,抽象物
熱射,ねっしゃ,nessha,abstract_word,kanji_only,普通名詞,抽象物
熱中,ねっちゅう,netchu,abstract_word,kanji_only,サ変名詞,抽象物
熱,ねつ,netsu,abstract_word,kanji_only,普通名詞,抽象物
熱弁,ねつべん,netsuben,abstract_word,kanji_only,普通名詞,抽象物
熱望,ねつぼう,netsubo,abstract_word,kanji_only,サ変名詞,抽象物
熱源,ねつげん,netsugen,abstract_word,kanji_only,普通名詞,抽象物
熱意,ねつい,netsui,abstract_word,kanji_only,普通名詞,抽象物
熱情,ねつじょう,netsujo,abstract_word,kanji_only,普通名詞,抽象物
鼠算,ねずみざん,nezumizan,abstract_word,kanji_only,普通名詞,抽象物
日没,にちぼつ,nichibotsu,abstract_word,kanji_only,普通名詞,抽象物
日常,にちじょう,nichijo,abstract_word,kanji_only,時相名詞,抽象物
日用,にちよう,nichiyo,abstract_word,kanji_only,普通名詞,抽象物
虹,にじ,niji,abstract_word,kanji_only,普通名詞,抽象物
日課,にっか,nikka,abstract_word,kanji_only,普通名詞,抽象物
日光,にっこう,nikko,abstract_word,kanji_only,普通名詞,抽象物
肉眼,にくがん,nikugan,abstract_word,kanji_only,普通名詞,抽象物
肉薄,にくはく,nikuhaku,abstract_word,kanji_only,サ変名詞,抽象物
肉迫,にくはく,nikuhaku,abstract_word,kanji_only,サ変名詞,抽象物
肉筆,にくひつ,nikuhitsu,abstract_word,kanji_only,普通名詞,抽象物
肉声,にくせい,nikusei,abstract_word,kanji_only,普通名詞,抽象物
二枚舌,にまいじた,nimaijita,abstract_word,kanji_only,普通名詞,抽象物
二毛作,にもうさく,nimosaku,abstract_word,kanji_only,普通名詞,抽象物
任,にん,nin,abstract_word,kanji_only,普通名詞,抽象物
認知,にんち,ninchi,abstract_word,kanji_only,サ変名詞,抽象物
人間業,にんげんわざ,ningenwaza,abstract_word,kanji_only,普通名詞,抽象物
人情,にんじょう,ninjo,abstract_word,kanji_only,普通名詞,抽象物
忍従,にんじゅう,ninju,abstract_word,kanji_only,サ変名詞,抽象物
忍術,にんじゅつ,ninjutsu,abstract_word,kanji_only,普通名詞,抽象物
人気,にんき,ninki,abstract_word,kanji_only,普通名詞,抽象物
忍法,にんぽう,ninpo,abstract_word,kanji_only,普通名詞,抽象物
認識,にんしき,ninshiki,abstract_word,kanji_only,サ変名詞,抽象物
忍耐,にんたい,nintai,abstract_word,kanji_only,サ変名詞,抽象物
認定,にんてい,nintei,abstract_word,kanji_only,サ変名詞,抽象物
認容,にんよう,ninyo,abstract_word,kanji_only,サ変名詞,抽象物
二流,にりゅう,niryu,abstract_word,kanji_only,普通名詞,抽象物
偽,にせ,nise,abstract_word,kanji_only,普通名詞,抽象物
西明,にしあかり,nishiakari,abstract_word,kanji_only,普通名詞,抽象物
西日,にしび,nishibi,abstract_word,kanji_only,普通名詞,抽象物
二束三文,にそくさんもん,nisokusanmon,abstract_word,kanji_only,普通名詞,抽象物
日参,にっさん,nissan,abstract_word,kanji_only,サ変名詞,抽象物
日射,にっしゃ,nissha,abstract_word,kanji_only,普通名詞,抽象物
日進月歩,にっしんげっぽ,nisshingeppo,abstract_word,kanji_only,サ変名詞,抽象物
日照,にっしょう,nissho,abstract_word,kanji_only,普通名詞,抽象物
日食,にっしょく,nisshoku,abstract_word,kanji_only,普通名詞,抽象物
日程,にってい,nittei,abstract_word,kanji_only,普通名詞,抽象物
能動,のうどう,nodo,abstract_word,kanji_only,普通名詞,抽象物
農業,のうぎょう,nogyo,abstract_word,kanji_only,普通名詞,抽象物
農法,のうほう,noho,abstract_word,kanji_only,普通名詞,抽象物
農事,のうじ,noji,abstract_word,kanji_only,普通名詞,抽象物
野宿,のじゅく,nojuku,abstract_word,kanji_only,サ変名詞,抽象物
農工,のうこう,noko,abstract_word,kanji_only,普通名詞,抽象物
農耕,のうこう,noko,abstract_word,kanji_only,普通名詞,抽象物
濃霧,のうむ,nomu,abstract_word,kanji_only,普通名詞,抽象物
野良,のら,nora,abstract_word,kanji_only,普通名詞,抽象物
農林,のうりん,norin,abstract_word,kanji_only,普通名詞,抽象物
能率,のうりつ,noritsu,abstract_word,kanji_only,普通名詞,抽象物
能力,のうりょく,noryoku,abstract_word,kanji_only,普通名詞,抽象物
農産,のうさん,nosan,abstract_word,kanji_only,普通名詞,抽象物
濃縮,のうしゅく,noshuku,abstract_word,kanji_only,サ変名詞,抽象物
濃淡,のうたん,notan,abstract_word,kanji_only,普通名詞,抽象物
農用,のうよう,noyo,abstract_word,kanji_only,普通名詞,抽象物
糠雨,ぬかあめ,nukaame,abstract_word,kanji_only,普通名詞,抽象物
抜,ぬき,nuki,abstract_word,kanji_only,普通名詞,抽象物
布製,ぬのせい,nunosei,abstract_word,kanji_only,普通名詞,抽象物
如意,にょい,nyoi,abstract_word,kanji_only,普通名詞,抽象物
入梅,にゅうばい,nyubai,abstract_word,kanji_only,普通名詞,抽象物
入電,にゅうでん,nyuden,abstract_word,kanji_only,サ変名詞,抽象物
入漁,にゅうぎょ,nyugyo,abstract_word,kanji_only,サ変名詞,抽象物
乳業,にゅうぎょう,nyugyo,abstract_word,kanji_only,普通名詞,抽象物
入城,にゅうじょう,nyujo,abstract_word,kanji_only,サ変名詞,抽象物
入場,にゅうじょう,nyujo,abstract_word,kanji_only,サ変名詞,抽象物
入館,にゅうかん,nyukan,abstract_word,kanji_only,サ変名詞,抽象物
入庫,にゅうこ,nyuko,abstract_word,kanji_only,サ変名詞,抽象物
入室,にゅうしつ,nyushitsu,abstract_word,kanji_only,サ変名詞,抽象物
入所,にゅうしょ,nyusho,abstract_word,kanji_only,サ変名詞,抽象物
入手,にゅうしゅ,nyushu,abstract_word,kanji_only,サ変名詞,抽象物
入店,にゅうてん,nyuten,abstract_word,kanji_only,サ変名詞,抽象物
大甘,おおあま,oama,abstract_word,kanji_only,普通名詞,抽象物
大雨,おおあめ,oame,abstract_word,kanji_only,普通名詞,抽象物
大判,おおばん,oban,abstract_word,kanji_only,普通名詞,抽象物
応募,おうぼ,obo,abstract_word,kanji_only,サ変名詞,抽象物
欧文,おうぶん,obun,abstract_word,kanji_only,普通名詞,抽象物
横着,おうちゃく,ochaku,abstract_word,kanji_only,サ変名詞,抽象物
殴打,おうだ,oda,abstract_word,kanji_only,サ変名詞,抽象物
大台,おおだい,odai,abstract_word,kanji_only,普通名詞,抽象物
応諾,おうだく,odaku,abstract_word,kanji_only,サ変名詞,抽象物
汚濁,おだく,odaku,abstract_word,kanji_only,サ変名詞,抽象物
王道,おうどう,odo,abstract_word,kanji_only,普通名詞,抽象物
応援,おうえん,oen,abstract_word,kanji_only,サ変名詞,抽象物
往復,おうふく,ofuku,abstract_word,kanji_only,サ変名詞,抽象物
大声,おおごえ,ogoe,abstract_word,kanji_only,普通名詞,抽象物
御初,おはつ,ohatsu,abstract_word,kanji_only,普通名詞,抽象物
応変,おうへん,ohen,abstract_word,kanji_only,普通名詞,抽象物
御披露目,おひろめ,ohirome,abstract_word,kanji_only,普通名詞,抽象物
押印,おういん,oin,abstract_word,kanji_only,サ変名詞,抽象物
御暇,おいとま,oitoma,abstract_word,kanji_only,サ変名詞,抽象物
御邪魔,おじゃま,ojama,abstract_word,kanji_only,サ変名詞,抽象物
御辞儀,おじぎ,ojigi,abstract_word,kanji_only,サ変名詞,抽象物
往還,おうかん,okan,abstract_word,kanji_only,サ変名詞,抽象物
掟,おきて,okite,abstract_word,kanji_only,普通名詞,抽象物
横行,おうこう,oko,abstract_word,kanji_only,サ変名詞,抽象物
憶測,おくそく,okusoku,abstract_word,kanji_only,サ変名詞,抽象物
大股,おおまた,omata,abstract_word,kanji_only,普通名詞,抽象物
御目玉,おめだま,omedama,abstract_word,kanji_only,普通名詞,抽象物
汚名,おめい,omei,abstract_word,kanji_only,普通名詞,抽象物
御目見得,おめみえ,omemie,abstract_word,kanji_only,サ変名詞,抽象物
大水,おおみず,omizu,abstract_word,kanji_only,普通名詞,抽象物
大文字,おおもじ,omoji,abstract_word,kanji_only,普通名詞,抽象物
面影,おもかげ,omokage,abstract_word,kanji_only,普通名詞,抽象物
面長,おもなが,omonaga,abstract_word,kanji_only,普通名詞,抽象物
表沙汰,おもてざた,omotezata,abstract_word,kanji_only,普通名詞,抽象物
思惑,おもわく,omowaku,abstract_word,kanji_only,普通名詞,抽象物
大波,おおなみ,onami,abstract_word,kanji_only,普通名詞,抽象物
音頭,おんど,ondo,abstract_word,kanji_only,普通名詞,抽象物
恩義,おんぎ,ongi,abstract_word,kanji_only,普通名詞,抽象物
温情,おんじょう,onjo,abstract_word,kanji_only,普通名詞,抽象物
恩恵,おんけい,onkei,abstract_word,kanji_only,普通名詞,抽象物
温故,おんこ,onko,abstract_word,kanji_only,普通名詞,抽象物
音響,おんきょう,onkyo,abstract_word,kanji_only,普通名詞,抽象物
隠密,おんみつ,onmitsu,abstract_word,kanji_only,普通名詞,抽象物
女心,おんなごころ,onnagokoro,abstract_word,kanji_only,普通名詞,抽象物
怨念,おんねん,onnen,abstract_word,kanji_only,普通名詞,抽象物
温熱,おんねつ,onnetsu,abstract_word,kanji_only,普通名詞,抽象物
音波,おんぱ,onpa,abstract_word,kanji_only,普通名詞,抽象物
温風,おんぷう,onpu,abstract_word,kanji_only,普通名詞,抽象物
音声,おんせい,onsei,abstract_word,kanji_only,普通名詞,抽象物
恩賜,おんし,onshi,abstract_word,kanji_only,普通名詞,抽象物
音信,おんしん,onshin,abstract_word,kanji_only,普通名詞,抽象物
恩讐,おんしゅう,onshu,abstract_word,kanji_only,普通名詞,抽象物
恩典,おんてん,onten,abstract_word,kanji_only,普通名詞,抽象物
温存,おんぞん,onzon,abstract_word,kanji_only,サ変名詞,抽象物
往来,おうらい,orai,abstract_word,kanji_only,サ変名詞,抽象物
折柄,おりから,orikara,abstract_word,kanji_only,普通名詞,抽象物
幼心,おさなごころ,osanagokoro,abstract_word,kanji_only,普通名詞,抽象物
御世辞,おせじ,oseji,abstract_word,kanji_only,普通名詞,抽象物
応戦,おうせん,osen,abstract_word,kanji_only,サ変名詞,抽象物
汚染,おせん,osen,abstract_word,kanji_only,サ変名詞,抽象物
応接,おうせつ,osetsu,abstract_word,kanji_only,サ変名詞,抽象物
大潮,おおしお,oshio,abstract_word,kanji_only,普通名詞,抽象物
応酬,おうしゅう,oshu,abstract_word,kanji_only,サ変名詞,抽象物
大筋,おおすじ,osuji,abstract_word,kanji_only,普通名詞,抽象物
応対,おうたい,otai,abstract_word,kanji_only,サ変名詞,抽象物
御宅,おたく,otaku,abstract_word,kanji_only,普通名詞,抽象物
御手,おて,ote,abstract_word,kanji_only,普通名詞,抽象物
横転,おうてん,oten,abstract_word,kanji_only,サ変名詞,抽象物
汚点,おてん,oten,abstract_word,kanji_only,普通名詞,抽象物
応答,おうとう,oto,abstract_word,kanji_only,サ変名詞,抽象物
男伊達,おとこだて,otokodate,abstract_word,kanji_only,普通名詞,抽象物
囮,おとり,otori,abstract_word,kanji_only,普通名詞,抽象物
音沙汰,おとさた,otosata,abstract_word,kanji_only,普通名詞,抽象物
親潮,おやしお,oyashio,abstract_word,kanji_only,普通名詞,抽象物
応用,おうよう,oyo,abstract_word,kanji_only,サ変名詞,抽象物
大雪,おおゆき,oyuki,abstract_word,kanji_only,普通名詞,抽象物
邑,おおざと,ozato,abstract_word,kanji_only,普通名詞,抽象物
大空,おおぞら,ozora,abstract_word,kanji_only,普通名詞,抽象物
埒,らち,rachi,abstract_word,kanji_only,普通名詞,抽象物
裸眼,らがん,ragan,abstract_word,kanji_only,普通名詞,抽象物
来,らい,rai,abstract_word,kanji_only,普通名詞,抽象物
雷,らい,rai,abstract_word,kanji_only,普通名詞,抽象物
来園,らいえん,raien,abstract_word,kanji_only,サ変名詞,抽象物
来援,らいえん,raien,abstract_word,kanji_only,サ変名詞,抽象物
来訪,らいほう,raiho,abstract_word,kanji_only,サ変名詞,抽象物
来場,らいじょう,raijo,abstract_word,kanji_only,サ変名詞,抽象物
来会,らいかい,raikai,abstract_word,kanji_only,サ変名詞,抽象物
来館,らいかん,raikan,abstract_word,kanji_only,サ変名詞,抽象物
雷鳴,らいめい,raimei,abstract_word,kanji_only,普通名詞,抽象物
来歴,らいれき,raireki,abstract_word,kanji_only,普通名詞,抽象物
礼賛,らいさん,raisan,abstract_word,kanji_only,サ変名詞,抽象物
来襲,らいしゅう,raishu,abstract_word,kanji_only,サ変名詞,抽象物
雷雨,らいう,raiu,abstract_word,kanji_only,普通名詞,抽象物
落下,らっか,rakka,abstract_word,kanji_only,サ変名詞,抽象物
楽観,らっかん,rakkan,abstract_word,kanji_only,サ変名詞,抽象物
落盤,らくばん,rakuban,abstract_word,kanji_only,サ変名詞,抽象物
落着,らくちゃく,rakuchaku,abstract_word,kanji_only,サ変名詞,抽象物
落伍,らくご,rakugo,abstract_word,kanji_only,サ変名詞,抽象物
酪農,らくのう,rakuno,abstract_word,kanji_only,普通名詞,抽象物
落雷,らくらい,rakurai,abstract_word,kanji_only,サ変名詞,抽象物
落差,らくさ,rakusa,abstract_word,kanji_only,普通名詞,抽象物
落成,らくせい,rakusei,abstract_word,kanji_only,サ変名詞,抽象物
落石,らくせき,rakuseki,abstract_word,kanji_only,サ変名詞,抽象物
楽勝,らくしょう,rakusho,abstract_word,kanji_only,サ変名詞,抽象物
落胆,らくたん,rakutan,abstract_word,kanji_only,サ変名詞,抽象物
楽天,らくてん,rakuten,abstract_word,kanji_only,普通名詞,抽象物
落葉,らくよう,rakuyo,abstract_word,kanji_only,サ変名詞,抽象物
乱,らん,ran,abstract_word,kanji_only,普通名詞,抽象物
乱伐,らんばつ,ranbatsu,abstract_word,kanji_only,サ変名詞,抽象物
乱暴,らんぼう,ranbo,abstract_word,kanji_only,サ変名詞,抽象物
乱舞,らんぶ,ranbu,abstract_word,kanji_only,サ変名詞,抽象物
乱調,らんちょう,rancho,abstract_word,kanji_only,普通名詞,抽象物
乱読,らんどく,randoku,abstract_word,kanji_only,サ変名詞,抽象物
乱行,らんぎょう,rangyo,abstract_word,kanji_only,普通名詞,抽象物
爛熟,らんじゅく,ranjuku,abstract_word,kanji_only,サ変名詞,抽象物
乱獲,らんかく,rankaku,abstract_word,kanji_only,サ変名詞,抽象物
乱高下,らんこうげ,rankoge,abstract_word,kanji_only,サ変名詞,抽象物
爛漫,らんまん,ranman,abstract_word,kanji_only,普通名詞,抽象物
乱脈,らんみゃく,ranmyaku,abstract_word,kanji_only,普通名詞,抽象物
乱入,らんにゅう,rannyu,abstract_word,kanji_only,サ変名詞,抽象物
乱発,らんぱつ,ranpatsu,abstract_word,kanji_only,サ変名詞,抽象物
乱費,らんぴ,ranpi,abstract_word,kanji_only,サ変名詞,抽象物
乱筆,らんぴつ,ranpitsu,abstract_word,kanji_only,普通名詞,抽象物
乱立,らんりつ,ranritsu,abstract_word,kanji_only,サ変名詞,抽象物
乱世,らんせい,ransei,abstract_word,kanji_only,普通名詞,抽象物
卵生,らんせい,ransei,abstract_word,kanji_only,普通名詞,抽象物
乱戦,らんせん,ransen,abstract_word,kanji_only,普通名詞,抽象物
乱心,らんしん,ranshin,abstract_word,kanji_only,サ変名詞,抽象物
卵胎生,らんたいせい,rantaisei,abstract_word,kanji_only,普通名詞,抽象物
乱闘,らんとう,ranto,abstract_word,kanji_only,サ変名詞,抽象物
乱用,らんよう,ranyo,abstract_word,kanji_only,サ変名詞,抽象物
乱造,らんぞう,ranzo,abstract_word,kanji_only,サ変名詞,抽象物
羅列,られつ,raretsu,abstract_word,kanji_only,サ変名詞,抽象物
例,れい,rei,abstract_word,kanji_only,普通名詞,抽象物
礼,れい,rei,abstract_word,kanji_only,サ変名詞,抽象物
例文,れいぶん,reibun,abstract_word,kanji_only,普通名詞,抽象物
例外,れいがい,reigai,abstract_word,kanji_only,普通名詞,抽象物
冷害,れいがい,reigai,abstract_word,kanji_only,普通名詞,抽象物
礼儀,れいぎ,reigi,abstract_word,kanji_only,普通名詞,抽象物
冷遇,れいぐう,reigu,abstract_word,kanji_only,サ変名詞,抽象物
例示,れいじ,reiji,abstract_word,kanji_only,サ変名詞,抽象物
零下,れいか,reika,abstract_word,kanji_only,普通名詞,抽象物
例会,れいかい,reikai,abstract_word,kanji_only,普通名詞,抽象物
励行,れいこう,reiko,abstract_word,kanji_only,サ変名詞,抽象物
麗句,れいく,reiku,abstract_word,kanji_only,普通名詞,抽象物
冷却,れいきゃく,reikyaku,abstract_word,kanji_only,サ変名詞,抽象物
黎明,れいめい,reimei,abstract_word,kanji_only,普通名詞,抽象物
冷笑,れいしょう,reisho,abstract_word,kanji_only,サ変名詞,抽象物
例話,れいわ,reiwa,abstract_word,kanji_only,普通名詞,抽象物
歴,れき,reki,abstract_word,kanji_only,普通名詞,抽象物
歴代,れきだい,rekidai,abstract_word,kanji_only,普通名詞,抽象物
暦法,れきほう,rekiho,abstract_word,kanji_only,普通名詞,抽象物
歴史,れきし,rekishi,abstract_word,kanji_only,普通名詞,抽象物
劣化,れっか,rekka,abstract_word,kanji_only,サ変名詞,抽象物
列記,れっき,rekki,abstract_word,kanji_only,サ変名詞,抽象物
列挙,れっきょ,rekkyo,abstract_word,kanji_only,サ変名詞,抽象物
連,れん,ren,abstract_word,kanji_only,普通名詞,抽象物
連番,れんばん,renban,abstract_word,kanji_only,普通名詞,抽象物
連動,れんどう,rendo,abstract_word,kanji_only,サ変名詞,抽象物
連関,れんかん,renkan,abstract_word,kanji_only,サ変名詞,抽象物
連係,れんけい,renkei,abstract_word,kanji_only,サ変名詞,抽象物
連携,れんけい,renkei,abstract_word,kanji_only,サ変名詞,抽象物
連結,れんけつ,renketsu,abstract_word,kanji_only,サ変名詞,抽象物
連記,れんき,renki,abstract_word,kanji_only,サ変名詞,抽象物
錬金術,れんきんじゅつ,renkinjutsu,abstract_word,kanji_only,普通名詞,抽象物
連呼,れんこ,renko,abstract_word,kanji_only,サ変名詞,抽象物
連休,れんきゅう,renkyu,abstract_word,kanji_only,普通名詞,抽象物
錬磨,れんま,renma,abstract_word,kanji_only,サ変名詞,抽象物
連名,れんめい,renmei,abstract_word,kanji_only,普通名詞,抽象物
連発,れんぱつ,renpatsu,abstract_word,kanji_only,サ変名詞,抽象物
連絡,れんらく,renraku,abstract_word,kanji_only,サ変名詞,抽象物
連鎖,れんさ,rensa,abstract_word,kanji_only,サ変名詞,抽象物
連取,れんしゅ,renshu,abstract_word,kanji_only,サ変名詞,抽象物
練習,れんしゅう,renshu,abstract_word,kanji_only,サ変名詞,抽象物
連想,れんそう,renso,abstract_word,kanji_only,サ変名詞,抽象物
連帯,れんたい,rentai,abstract_word,kanji_only,サ変名詞,抽象物
練達,れんたつ,rentatsu,abstract_word,kanji_only,サ変名詞,抽象物
連続,れんぞく,renzoku,abstract_word,kanji_only,サ変名詞,抽象物
烈風,れっぷう,reppu,abstract_word,kanji_only,普通名詞,抽象物
列席,れっせき,resseki,abstract_word,kanji_only,サ変名詞,抽象物
烈震,れっしん,resshin,abstract_word,kanji_only,普通名詞,抽象物
劣等,れっとう,retto,abstract_word,kanji_only,普通名詞,抽象物
離別,りべつ,ribetsu,abstract_word,kanji_only,サ変名詞,抽象物
理知,りち,richi,abstract_word,kanji_only,普通名詞,抽象物
離脱,りだつ,ridatsu,abstract_word,kanji_only,サ変名詞,抽象物
利害,りがい,rigai,abstract_word,kanji_only,普通名詞,抽象物
離合,りごう,rigo,abstract_word,kanji_only,サ変名詞,抽象物
離反,りはん,rihan,abstract_word,kanji_only,サ変名詞,抽象物
理非,りひ,rihi,abstract_word,kanji_only,普通名詞,抽象物
理解,りかい,rikai,abstract_word,kanji_only,サ変名詞,抽象物
力量,りきりょう,rikiryo,abstract_word,kanji_only,普通名詞,抽象物
力作,りきさく,rikisaku,abstract_word,kanji_only,普通名詞,抽象物
力説,りきせつ,rikisetsu,abstract_word,kanji_only,サ変名詞,抽象物
立脚,りっきゃく,rikkyaku,abstract_word,kanji_only,サ変名詞,抽象物
利己,りこ,riko,abstract_word,kanji_only,普通名詞,抽象物
履行,りこう,riko,abstract_word,kanji_only,サ変名詞,抽象物
陸風,りくふう,rikufu,abstract_word,kanji_only,普通名詞,抽象物
理屈,りくつ,rikutsu,abstract_word,kanji_only,普通名詞,抽象物
輪番,りんばん,rinban,abstract_word,kanji_only,普通名詞,抽象物
理念,りねん,rinen,abstract_word,kanji_only,普通名詞,抽象物
林業,りんぎょう,ringyo,abstract_word,kanji_only,普通名詞,抽象物
臨時,りんじ,rinji,abstract_word,kanji_only,普通名詞,抽象物
臨場感,りんじょうかん,rinjokan,abstract_word,kanji_only,普通名詞,抽象物
臨機,りんき,rinki,abstract_word,kanji_only,普通名詞,抽象物
臨機応変,りんきおうへん,rinkiohen,abstract_word,kanji_only,普通名詞,抽象物
離農,りのう,rino,abstract_word,kanji_only,サ変名詞,抽象物
倫理,りんり,rinri,abstract_word,kanji_only,普通名詞,抽象物
林立,りんりつ,rinritsu,abstract_word,kanji_only,サ変名詞,抽象物
臨席,りんせき,rinseki,abstract_word,kanji_only,サ変名詞,抽象物
立腹,りっぷく,rippuku,abstract_word,kanji_only,サ変名詞,抽象物
理路,りろ,riro,abstract_word,kanji_only,普通名詞,抽象物
理性,りせい,risei,abstract_word,kanji_only,普通名詞,抽象物
理想,りそう,riso,abstract_word,kanji_only,普通名詞,抽象物
立志伝,りっしでん,risshiden,abstract_word,kanji_only,普通名詞,抽象物
利水,りすい,risui,abstract_word,kanji_only,普通名詞,抽象物
利点,りてん,riten,abstract_word,kanji_only,普通名詞,抽象物
利得,りとく,ritoku,abstract_word,kanji_only,普通名詞,抽象物
立案,りつあん,ritsuan,abstract_word,kanji_only,サ変名詞,抽象物
立論,りつろん,ritsuron,abstract_word,kanji_only,サ変名詞,抽象物
利用,りよう,riyo,abstract_word,kanji_only,サ変名詞,抽象物
理容,りよう,riyo,abstract_word,kanji_only,普通名詞,抽象物
理由,りゆう,riyu,abstract_word,kanji_only,普通名詞,抽象物
狼狽,ろうばい,robai,abstract_word,kanji_only,サ変名詞,抽象物
漏洩,ろうえい,roei,abstract_word,kanji_only,サ変名詞,抽象物
露営,ろえい,roei,abstract_word,kanji_only,サ変名詞,抽象物
浪費,ろうひ,rohi,abstract_word,kanji_only,サ変名詞,抽象物
朗報,ろうほう,roho,abstract_word,kanji_only,普通名詞,抽象物
籠城,ろうじょう,rojo,abstract_word,kanji_only,サ変名詞,抽象物
老化,ろうか,roka,abstract_word,kanji_only,サ変名詞,抽象物
露見,ろけん,roken,abstract_word,kanji_only,サ変名詞,抽象物
労苦,ろうく,roku,abstract_word,kanji_only,普通名詞,抽象物
老境,ろうきょう,rokyo,abstract_word,kanji_only,普通名詞,抽象物
老朽,ろうきゅう,rokyu,abstract_word,kanji_only,サ変名詞,抽象物
浪漫,ろうまん,roman,abstract_word,kanji_only,普通名詞,抽象物
論,ろん,ron,abstract_word,kanji_only,普通名詞,抽象物
論調,ろんちょう,roncho,abstract_word,kanji_only,普通名詞,抽象物
老年,ろうねん,ronen,abstract_word,kanji_only,普通名詞,抽象物
論議,ろんぎ,rongi,abstract_word,kanji_only,サ変名詞,抽象物
論陣,ろんじん,ronjin,abstract_word,kanji_only,普通名詞,抽象物
論功,ろんこう,ronko,abstract_word,kanji_only,普通名詞,抽象物
論拠,ろんきょ,ronkyo,abstract_word,kanji_only,普通名詞,抽象物
論難,ろんなん,ronnan,abstract_word,kanji_only,サ変名詞,抽象物
論破,ろんぱ,ronpa,abstract_word,kanji_only,サ変名詞,抽象物
論法,ろんぽう,ronpo,abstract_word,kanji_only,普通名詞,抽象物
論理,ろんり,ronri,abstract_word,kanji_only,普通名詞,抽象物
論戦,ろんせん,ronsen,abstract_word,kanji_only,サ変名詞,抽象物
論旨,ろんし,ronshi,abstract_word,kanji_only,普通名詞,抽象物
論争,ろんそう,ronso,abstract_word,kanji_only,サ変名詞,抽象物
論点,ろんてん,ronten,abstract_word,kanji_only,普通名詞,抽象物
老齢,ろうれい,rorei,abstract_word,kanji_only,普通名詞,抽象物
労作,ろうさく,rosaku,abstract_word,kanji_only,サ変名詞,抽象物
漏出,ろうしゅつ,roshutsu,abstract_word,kanji_only,サ変名詞,抽象物
露出,ろしゅつ,roshutsu,abstract_word,kanji_only,サ変名詞,抽象物
露呈,ろてい,rotei,abstract_word,kanji_only,サ変名詞,抽象物
流布,るふ,rufu,abstract_word,kanji_only,サ変名詞,抽象物
累,るい,rui,abstract_word,kanji_only,普通名詞,抽象物
類,るい,rui,abstract_word,kanji_only,普通名詞,抽象物
類別,るいべつ,ruibetsu,abstract_word,kanji_only,サ変名詞,抽象物
類似,るいじ,ruiji,abstract_word,kanji_only,サ変名詞,抽象物
累計,るいけい,ruikei,abstract_word,kanji_only,サ変名詞,抽象物
類型,るいけい,ruikei,abstract_word,kanji_only,普通名詞,抽象物
類例,るいれい,ruirei,abstract_word,kanji_only,普通名詞,抽象物
累積,るいせき,ruiseki,abstract_word,kanji_only,サ変名詞,抽象物
累進,るいしん,ruishin,abstract_word,kanji_only,サ変名詞,抽象物
類焼,るいしょう,ruisho,abstract_word,kanji_only,サ変名詞,抽象物
類推,るいすい,ruisui,abstract_word,kanji_only,サ変名詞,抽象物
流浪,るろう,ruro,abstract_word,kanji_only,サ変名詞,抽象物
流転,るてん,ruten,abstract_word,kanji_only,サ変名詞,抽象物
略,りゃく,ryaku,abstract_word,kanji_only,普通名詞,抽象物
略奪,りゃくだつ,ryakudatsu,abstract_word,kanji_only,サ変名詞,抽象物
略語,りゃくご,ryakugo,abstract_word,kanji_only,普通名詞,抽象物
略号,りゃくごう,ryakugo,abstract_word,kanji_only,普通名詞,抽象物
略歴,りゃくれき,ryakureki,abstract_word,kanji_only,普通名詞,抽象物
略式,りゃくしき,ryakushiki,abstract_word,kanji_only,普通名詞,抽象物
略称,りゃくしょう,ryakusho,abstract_word,kanji_only,サ変名詞,抽象物
略取,りゃくしゅ,ryakushu,abstract_word,kanji_only,サ変名詞,抽象物
両,りょう,ryo,abstract_word,kanji_only,普通名詞,抽象物
涼,りょう,ryo,abstract_word,kanji_only,普通名詞,抽象物
漁,りょう,ryo,abstract_word,kanji_only,普通名詞,抽象物
猟,りょう,ryo,abstract_word,kanji_only,普通名詞,抽象物
良,りょう,ryo,abstract_word,kanji_only,普通名詞,抽象物
両刃,りょうば,ryoba,abstract_word,kanji_only,普通名詞,抽象物
両道,りょうどう,ryodo,abstract_word,kanji_only,普通名詞,抽象物
涼風,りょうふう,ryofu,abstract_word,kanji_only,普通名詞,抽象物
良否,りょうひ,ryohi,abstract_word,kanji_only,普通名詞,抽象物
両方,りょうほう,ryoho,abstract_word,kanji_only,普通名詞,抽象物
旅情,りょじょう,ryojo,abstract_word,kanji_only,普通名詞,抽象物
寮歌,りょうか,ryoka,abstract_word,kanji_only,普通名詞,抽象物
了解,りょうかい,ryokai,abstract_word,kanji_only,サ変名詞,抽象物
料簡,りょうけん,ryoken,abstract_word,kanji_only,サ変名詞,抽象物
緑化,りょっか,ryokka,abstract_word,kanji_only,サ変名詞,抽象物
緑化,りょっか,ryokka,abstract_word,kanji_only,サ変名詞,抽象物
力,りょく,ryoku,abstract_word,kanji_only,普通名詞,抽象物
緑風,りょくふう,ryokufu,abstract_word,kanji_only,普通名詞,抽象物
両極,りょうきょく,ryokyoku,abstract_word,kanji_only,普通名詞,抽象物
両立,りょうりつ,ryoritsu,abstract_word,kanji_only,サ変名詞,抽象物
両論,りょうろん,ryoron,abstract_word,kanji_only,普通名詞,抽象物
量産,りょうさん,ryosan,abstract_word,kanji_only,サ変名詞,抽象物
両性,りょうせい,ryosei,abstract_word,kanji_only,普通名詞,抽象物
良性,りょうせい,ryosei,abstract_word,kanji_only,普通名詞,抽象物
良識,りょうしき,ryoshiki,abstract_word,kanji_only,普通名詞,抽象物
良心,りょうしん,ryoshin,abstract_word,kanji_only,普通名詞,抽象物
了承,りょうしょう,ryosho,abstract_word,kanji_only,サ変名詞,抽象物
領収,りょうしゅう,ryoshu,abstract_word,kanji_only,サ変名詞,抽象物
両用,りょうよう,ryoyo,abstract_word,kanji_only,普通名詞,抽象物
良俗,りょうぞく,ryozoku,abstract_word,kanji_only,普通名詞,抽象物
流,りゅう,ryu,abstract_word,kanji_only,普通名詞,抽象物
流動,りゅうどう,ryudo,abstract_word,kanji_only,サ変名詞,抽象物
流言,りゅうげん,ryugen,abstract_word,kanji_only,普通名詞,抽象物
流言飛語,りゅうげんひご,ryugenhigo,abstract_word,kanji_only,普通名詞,抽象物
流儀,りゅうぎ,ryugi,abstract_word,kanji_only,普通名詞,抽象物
留保,りゅうほ,ryuho,abstract_word,kanji_only,サ変名詞,抽象物
留意,りゅうい,ryui,abstract_word,kanji_only,サ変名詞,抽象物
流会,りゅうかい,ryukai,abstract_word,kanji_only,サ変名詞,抽象物
隆起,りゅうき,ryuki,abstract_word,kanji_only,サ変名詞,抽象物
流行,りゅうこう,ryuko,abstract_word,kanji_only,サ変名詞,抽象物
流入,りゅうにゅう,ryunyu,abstract_word,kanji_only,サ変名詞,抽象物
流失,りゅうしつ,ryushitsu,abstract_word,kanji_only,サ変名詞,抽象物
流出,りゅうしゅつ,ryushutsu,abstract_word,kanji_only,サ変名詞,抽象物
流用,りゅうよう,ryuyo,abstract_word,kanji_only,サ変名詞,抽象物
差別,さべつ,sabetsu,abstract_word,kanji_only,サ変名詞,抽象物
砂防,さぼう,sabo,abstract_word,kanji_only,普通名詞,抽象物
作動,さどう,sado,abstract_word,kanji_only,サ変名詞,抽象物
作業,さぎょう,sagyo,abstract_word,kanji_only,サ変名詞,抽象物
茶飯事,さはんじ,sahanji,abstract_word,kanji_only,普通名詞,抽象物
差異,さい,sai,abstract_word,kanji_only,普通名詞,抽象物
祭,さい,sai,abstract_word,kanji_only,普通名詞,抽象物
栽培,さいばい,saibai,abstract_word,kanji_only,サ変名詞,抽象物
細部,さいぶ,saibu,abstract_word,kanji_only,普通名詞,抽象物
細分,さいぶん,saibun,abstract_word,kanji_only,サ変名詞,抽象物
裁断,さいだん,saidan,abstract_word,kanji_only,サ変名詞,抽象物
再現,さいげん,saigen,abstract_word,kanji_only,サ変名詞,抽象物
再編,さいへん,saihen,abstract_word,kanji_only,サ変名詞,抽象物
採否,さいひ,saihi,abstract_word,kanji_only,普通名詞,抽象物
再訪,さいほう,saiho,abstract_word,kanji_only,サ変名詞,抽象物
災禍,さいか,saika,abstract_word,kanji_only,普通名詞,抽象物
再会,さいかい,saikai,abstract_word,kanji_only,サ変名詞,抽象物
再開,さいかい,saikai,abstract_word,kanji_only,サ変名詞,抽象物
才覚,さいかく,saikaku,abstract_word,kanji_only,サ変名詞,抽象物
再建,さいけん,saiken,abstract_word,kanji_only,サ変名詞,抽象物
再起,さいき,saiki,abstract_word,kanji_only,サ変名詞,抽象物
才気,さいき,saiki,abstract_word,kanji_only,普通名詞,抽象物
採金,さいきん,saikin,abstract_word,kanji_only,サ変名詞,抽象物
再考,さいこう,saiko,abstract_word,kanji_only,サ変名詞,抽象物
再興,さいこう,saiko,abstract_word,kanji_only,サ変名詞,抽象物
採光,さいこう,saiko,abstract_word,kanji_only,サ変名詞,抽象物
最後尾,さいこうび,saikobi,abstract_word,kanji_only,普通名詞,抽象物
細工,さいく,saiku,abstract_word,kanji_only,サ変名詞,抽象物
採掘,さいくつ,saikutsu,abstract_word,kanji_only,サ変名詞,抽象物
催眠,さいみん,saimin,abstract_word,kanji_only,普通名詞,抽象物
細密,さいみつ,saimitsu,abstract_word,kanji_only,普通名詞,抽象物
細目,さいもく,saimoku,abstract_word,kanji_only,普通名詞,抽象物
災難,さいなん,sainan,abstract_word,kanji_only,普通名詞,抽象物
再燃,さいねん,sainen,abstract_word,kanji_only,サ変名詞,抽象物
才能,さいのう,saino,abstract_word,kanji_only,普通名詞,抽象物
再来,さいらい,sairai,abstract_word,kanji_only,サ変名詞,抽象物
催涙,さいるい,sairui,abstract_word,kanji_only,普通名詞,抽象物
幸先,さいさき,saisaki,abstract_word,kanji_only,普通名詞,抽象物
再生,さいせい,saisei,abstract_word,kanji_only,サ変名詞,抽象物
採石,さいせき,saiseki,abstract_word,kanji_only,サ変名詞,抽象物
砕石,さいせき,saiseki,abstract_word,kanji_only,サ変名詞,抽象物
細小,さいしょう,saisho,abstract_word,kanji_only,普通名詞,抽象物
採取,さいしゅ,saishu,abstract_word,kanji_only,サ変名詞,抽象物
採集,さいしゅう,saishu,abstract_word,kanji_only,サ変名詞,抽象物
催促,さいそく,saisoku,abstract_word,kanji_only,サ変名詞,抽象物
採寸,さいすん,saisun,abstract_word,kanji_only,サ変名詞,抽象物
裁定,さいてい,saitei,abstract_word,kanji_only,サ変名詞,抽象物
祭典,さいてん,saiten,abstract_word,kanji_only,普通名詞,抽象物
災厄,さいやく,saiyaku,abstract_word,kanji_only,普通名詞,抽象物
匙加減,さじかげん,sajikagen,abstract_word,kanji_only,普通名詞,抽象物
逆手,さかて,sakate,abstract_word,kanji_only,普通名詞,抽象物
逆夢,さかゆめ,sakayume,abstract_word,kanji_only,普通名詞,抽象物
錯覚,さっかく,sakkaku,abstract_word,kanji_only,サ変名詞,抽象物
作況,さっきょう,sakkyo,abstract_word,kanji_only,普通名詞,抽象物
鎖国,さこく,sakoku,abstract_word,kanji_only,サ変名詞,抽象物
作,さく,saku,abstract_word,kanji_only,普通名詞,抽象物
策,さく,saku,abstract_word,kanji_only,普通名詞,抽象物
策謀,さくぼう,sakubo,abstract_word,kanji_only,サ変名詞,抽象物
作柄,さくがら,sakugara,abstract_word,kanji_only,普通名詞,抽象物
削減,さくげん,sakugen,abstract_word,kanji_only,サ変名詞,抽象物
錯誤,さくご,sakugo,abstract_word,kanji_only,普通名詞,抽象物
作為,さくい,sakui,abstract_word,kanji_only,サ変名詞,抽象物
削除,さくじょ,sakujo,abstract_word,kanji_only,サ変名詞,抽象物
炸裂,さくれつ,sakuretsu,abstract_word,kanji_only,サ変名詞,抽象物
策略,さくりゃく,sakuryaku,abstract_word,kanji_only,普通名詞,抽象物
作成,さくせい,sakusei,abstract_word,kanji_only,サ変名詞,抽象物
作製,さくせい,sakusei,abstract_word,kanji_only,サ変名詞,抽象物
作戦,さくせん,sakusen,abstract_word,kanji_only,普通名詞,抽象物
搾取,さくしゅ,sakushu,abstract_word,kanji_only,サ変名詞,抽象物
錯綜,さくそう,sakuso,abstract_word,kanji_only,サ変名詞,抽象物
作図,さくず,sakuzu,abstract_word,kanji_only,サ変名詞,抽象物
五月雨,さみだれ,samidare,abstract_word,kanji_only,普通名詞,抽象物
寒空,さむぞら,samuzora,abstract_word,kanji_only,普通名詞,抽象物
産,さん,san,abstract_word,kanji_only,普通名詞,抽象物
算,さん,san,abstract_word,kanji_only,普通名詞,抽象物
賛美,さんび,sanbi,abstract_word,kanji_only,サ変名詞,抽象物
三拍子,さんびょうし,sanbyoshi,abstract_word,kanji_only,普通名詞,抽象物
算段,さんだん,sandan,abstract_word,kanji_only,サ変名詞,抽象物
賛同,さんどう,sando,abstract_word,kanji_only,サ変名詞,抽象物
惨劇,さんげき,sangeki,abstract_word,kanji_only,普通名詞,抽象物
賛意,さんい,sani,abstract_word,kanji_only,普通名詞,抽象物
散逸,さんいつ,sanitsu,abstract_word,kanji_only,サ変名詞,抽象物
惨事,さんじ,sanji,abstract_word,kanji_only,普通名詞,抽象物
賛辞,さんじ,sanji,abstract_word,kanji_only,サ変名詞,抽象物
賛助,さんじょ,sanjo,abstract_word,kanji_only,サ変名詞,抽象物
参上,さんじょう,sanjo,abstract_word,kanji_only,サ変名詞,抽象物
惨状,さんじょう,sanjo,abstract_word,kanji_only,普通名詞,抽象物
参加,さんか,sanka,abstract_word,kanji_only,サ変名詞,抽象物
惨禍,さんか,sanka,abstract_word,kanji_only,普通名詞,抽象物
参会,さんかい,sankai,abstract_word,kanji_only,サ変名詞,抽象物
散会,さんかい,sankai,abstract_word,kanji_only,サ変名詞,抽象物
三寒四温,さんかんしおん,sankanshion,abstract_word,kanji_only,普通名詞,抽象物
散見,さんけん,sanken,abstract_word,kanji_only,サ変名詞,抽象物
酸欠,さんけつ,sanketsu,abstract_word,kanji_only,普通名詞,抽象物
参考,さんこう,sanko,abstract_word,kanji_only,普通名詞,抽象物
三位一体,さんみいったい,sanmiittai,abstract_word,kanji_only,普通名詞,抽象物
散発,さんぱつ,sanpatsu,abstract_word,kanji_only,サ変名詞,抽象物
賛否,さんぴ,sanpi,abstract_word,kanji_only,普通名詞,抽象物
散布,さんぷ,sanpu,abstract_word,kanji_only,サ変名詞,抽象物
散乱,さんらん,sanran,abstract_word,kanji_only,サ変名詞,抽象物
産卵,さんらん,sanran,abstract_word,kanji_only,サ変名詞,抽象物
参列,さんれつ,sanretsu,abstract_word,kanji_only,サ変名詞,抽象物
三流,さんりゅう,sanryu,abstract_word,kanji_only,普通名詞,抽象物
賛成,さんせい,sansei,abstract_word,kanji_only,サ変名詞,抽象物
山積,さんせき,sanseki,abstract_word,kanji_only,サ変名詞,抽象物
三唱,さんしょう,sansho,abstract_word,kanji_only,サ変名詞,抽象物
参照,さんしょう,sansho,abstract_word,kanji_only,サ変名詞,抽象物
蚕食,さんしょく,sanshoku,abstract_word,kanji_only,サ変名詞,抽象物
参集,さんしゅう,sanshu,abstract_word,kanji_only,サ変名詞,抽象物
産出,さんしゅつ,sanshutsu,abstract_word,kanji_only,サ変名詞,抽象物
算出,さんしゅつ,sanshutsu,abstract_word,kanji_only,サ変名詞,抽象物
散水,さんすい,sansui,abstract_word,kanji_only,サ変名詞,抽象物
三役,さんやく,sanyaku,abstract_word,kanji_only,普通名詞,抽象物
参与,さんよ,sanyo,abstract_word,kanji_only,サ変名詞,抽象物
散在,さんざい,sanzai,abstract_word,kanji_only,サ変名詞,抽象物
散財,さんざい,sanzai,abstract_word,kanji_only,サ変名詞,抽象物
猿知恵,さるぢえ,sarujie,abstract_word,kanji_only,普通名詞,抽象物
猿真似,さるまね,sarumane,abstract_word,kanji_only,サ変名詞,抽象物
指図,さしず,sashizu,abstract_word,kanji_only,サ変名詞,抽象物
詐称,さしょう,sasho,abstract_word,kanji_only,サ変名詞,抽象物
刷新,さっしん,sasshin,abstract_word,kanji_only,サ変名詞,抽象物
沙汰,さた,sata,abstract_word,kanji_only,サ変名詞,抽象物
察知,さっち,satchi,abstract_word,kanji_only,サ変名詞,抽象物
殺虫,さっちゅう,satchu,abstract_word,kanji_only,普通名詞,抽象物
里心,さとごころ,satogokoro,abstract_word,kanji_only,普通名詞,抽象物
殺到,さっとう,satto,abstract_word,kanji_only,サ変名詞,抽象物
作用,さよう,sayo,abstract_word,kanji_only,サ変名詞,抽象物
世評,せひょう,sehyo,abstract_word,kanji_only,普通名詞,抽象物
姓,せい,sei,abstract_word,kanji_only,普通名詞,抽象物
性,せい,sei,abstract_word,kanji_only,普通名詞,抽象物
正,せい,sei,abstract_word,kanji_only,普通名詞,抽象物
生,せい,sei,abstract_word,kanji_only,普通名詞,抽象物
精,せい,sei,abstract_word,kanji_only,普通名詞,抽象物
静,せい,sei,abstract_word,kanji_only,普通名詞,抽象物
成案,せいあん,seian,abstract_word,kanji_only,普通名詞,抽象物
性別,せいべつ,seibetsu,abstract_word,kanji_only,普通名詞,抽象物
生別,せいべつ,seibetsu,abstract_word,kanji_only,サ変名詞,抽象物
整備,せいび,seibi,abstract_word,kanji_only,サ変名詞,抽象物
声望,せいぼう,seibo,abstract_word,kanji_only,普通名詞,抽象物
成分,せいぶん,seibun,abstract_word,kanji_only,普通名詞,抽象物
静物,せいぶつ,seibutsu,abstract_word,kanji_only,普通名詞,抽象物
製茶,せいちゃ,seicha,abstract_word,kanji_only,サ変名詞,抽象物
整地,せいち,seichi,abstract_word,kanji_only,サ変名詞,抽象物
成長,せいちょう,seicho,abstract_word,kanji_only,サ変名詞,抽象物
生長,せいちょう,seicho,abstract_word,kanji_only,サ変名詞,抽象物
静電気,せいでんき,seidenki,abstract_word,kanji_only,普通名詞,抽象物
精度,せいど,seido,abstract_word,kanji_only,普通名詞,抽象物
制動,せいどう,seido,abstract_word,kanji_only,サ変名詞,抽象物
声援,せいえん,seien,abstract_word,kanji_only,サ変名詞,抽象物
製塩,せいえん,seien,abstract_word,kanji_only,サ変名詞,抽象物
清風,せいふう,seifu,abstract_word,kanji_only,普通名詞,抽象物
正副,せいふく,seifuku,abstract_word,kanji_only,普通名詞,抽象物
製粉,せいふん,seifun,abstract_word,kanji_only,サ変名詞,抽象物
制限,せいげん,seigen,abstract_word,kanji_only,サ変名詞,抽象物
正義,せいぎ,seigi,abstract_word,kanji_only,普通名詞,抽象物
正誤,せいご,seigo,abstract_word,kanji_only,普通名詞,抽象物
整合,せいごう,seigo,abstract_word,kanji_only,サ変名詞,抽象物
成否,せいひ,seihi,abstract_word,kanji_only,普通名詞,抽象物
清貧,せいひん,seihin,abstract_word,kanji_only,普通名詞,抽象物
誠意,せいい,seii,abstract_word,kanji_only,普通名詞,抽象物
生育,せいいく,seiiku,abstract_word,kanji_only,サ変名詞,抽象物
正邪,せいじゃ,seija,abstract_word,kanji_only,普通名詞,抽象物
成熟,せいじゅく,seijuku,abstract_word,kanji_only,サ変名詞,抽象物
声価,せいか,seika,abstract_word,kanji_only,普通名詞,抽象物
成果,せいか,seika,abstract_word,kanji_only,普通名詞,抽象物
製靴,せいか,seika,abstract_word,kanji_only,普通名詞,抽象物
正解,せいかい,seikai,abstract_word,kanji_only,普通名詞,抽象物
盛会,せいかい,seikai,abstract_word,kanji_only,普通名詞,抽象物
性格,せいかく,seikaku,abstract_word,kanji_only,普通名詞,抽象物
生還,せいかん,seikan,abstract_word,kanji_only,サ変名詞,抽象物
製缶,せいかん,seikan,abstract_word,kanji_only,普通名詞,抽象物
静観,せいかん,seikan,abstract_word,kanji_only,サ変名詞,抽象物
成型,せいけい,seikei,abstract_word,kanji_only,サ変名詞,抽象物
生気,せいき,seiki,abstract_word,kanji_only,普通名詞,抽象物
生起,せいき,seiki,abstract_word,kanji_only,サ変名詞,抽象物
精気,せいき,seiki,abstract_word,kanji_only,普通名詞,抽象物
成功,せいこう,seiko,abstract_word,kanji_only,サ変名詞,抽象物
精工,せいこう,seiko,abstract_word,kanji_only,普通名詞,抽象物
晴耕雨読,せいこううどく,seikodoku,abstract_word,kanji_only,サ変名詞,抽象物
正攻法,せいこうほう,seikoho,abstract_word,kanji_only,普通名詞,抽象物
精根,せいこん,seikon,abstract_word,kanji_only,普通名詞,抽象物
精魂,せいこん,seikon,abstract_word,kanji_only,普通名詞,抽象物
西高東低,せいこうとうてい,seikototei,abstract_word,kanji_only,普通名詞,抽象物
盛況,せいきょう,seikyo,abstract_word,kanji_only,普通名詞,抽象物
請求,せいきゅう,seikyu,abstract_word,kanji_only,サ変名詞,抽象物
姓名,せいめい,seimei,abstract_word,kanji_only,普通名詞,抽象物
生命,せいめい,seimei,abstract_word,kanji_only,普通名詞,抽象物
性能,せいのう,seino,abstract_word,kanji_only,普通名詞,抽象物
清音,せいおん,seion,abstract_word,kanji_only,普通名詞,抽象物
生来,せいらい,seirai,abstract_word,kanji_only,時相名詞,抽象物
精励,せいれい,seirei,abstract_word,kanji_only,サ変名詞,抽象物
西暦,せいれき,seireki,abstract_word,kanji_only,普通名詞,抽象物
精錬,せいれん,seiren,abstract_word,kanji_only,サ変名詞,抽象物
整列,せいれつ,seiretsu,abstract_word,kanji_only,サ変名詞,抽象物
整理,せいり,seiri,abstract_word,kanji_only,サ変名詞,抽象物
成立,せいりつ,seiritsu,abstract_word,kanji_only,サ変名詞,抽象物
晴朗,せいろう,seiro,abstract_word,kanji_only,普通名詞,抽象物
正論,せいろん,seiron,abstract_word,kanji_only,普通名詞,抽象物
清涼,せいりょう,seiryo,abstract_word,kanji_only,普通名詞,抽象物
勢力,せいりょく,seiryoku,abstract_word,kanji_only,普通名詞,抽象物
精力,せいりょく,seiryoku,abstract_word,kanji_only,普通名詞,抽象物
精査,せいさ,seisa,abstract_word,kanji_only,サ変名詞,抽象物
精彩,せいさい,seisai,abstract_word,kanji_only,普通名詞,抽象物
成算,せいさん,seisan,abstract_word,kanji_only,普通名詞,抽象物
生殺,せいさつ,seisatsu,abstract_word,kanji_only,普通名詞,抽象物
精選,せいせん,seisen,abstract_word,kanji_only,サ変名詞,抽象物
制止,せいし,seishi,abstract_word,kanji_only,サ変名詞,抽象物
正視,せいし,seishi,abstract_word,kanji_only,サ変名詞,抽象物
生死,せいし,seishi,abstract_word,kanji_only,普通名詞,抽象物
製糸,せいし,seishi,abstract_word,kanji_only,普通名詞,抽象物
静止,せいし,seishi,abstract_word,kanji_only,サ変名詞,抽象物
精神,せいしん,seishin,abstract_word,kanji_only,普通名詞,抽象物
性質,せいしつ,seishitsu,abstract_word,kanji_only,普通名詞,抽象物
生殖,せいしょく,seishoku,abstract_word,kanji_only,サ変名詞,抽象物
青春,せいしゅん,seishun,abstract_word,kanji_only,普通名詞,抽象物
正装,せいそう,seiso,abstract_word,kanji_only,サ変名詞,抽象物
生息,せいそく,seisoku,abstract_word,kanji_only,サ変名詞,抽象物
盛衰,せいすい,seisui,abstract_word,kanji_only,普通名詞,抽象物
成体,せいたい,seitai,abstract_word,kanji_only,普通名詞,抽象物
生態,せいたい,seitai,abstract_word,kanji_only,普通名詞,抽象物
生誕,せいたん,seitan,abstract_word,kanji_only,サ変名詞,抽象物
晴天,せいてん,seiten,abstract_word,kanji_only,普通名詞,抽象物
青天,せいてん,seiten,abstract_word,kanji_only,普通名詞,抽象物
製糖,せいとう,seito,abstract_word,kanji_only,サ変名詞,抽象物
精通,せいつう,seitsu,abstract_word,kanji_only,サ変名詞,抽象物
制約,せいやく,seiyaku,abstract_word,kanji_only,サ変名詞,抽象物
成約,せいやく,seiyaku,abstract_word,kanji_only,サ変名詞,抽象物
誓約,せいやく,seiyaku,abstract_word,kanji_only,サ変名詞,抽象物
正座,せいざ,seiza,abstract_word,kanji_only,サ変名詞,抽象物
製材,せいざい,seizai,abstract_word,kanji_only,サ変名詞,抽象物
性善説,せいぜんせつ,seizensetsu,abstract_word,kanji_only,普通名詞,抽象物
生存,せいぞん,seizon,abstract_word,kanji_only,サ変名詞,抽象物
世辞,せじ,seji,abstract_word,kanji_only,普通名詞,抽象物
世情,せじょう,sejo,abstract_word,kanji_only,普通名詞,抽象物
施錠,せじょう,sejo,abstract_word,kanji_only,サ変名詞,抽象物
世間,せけん,seken,abstract_word,kanji_only,普通名詞,抽象物
世間話,せけんばなし,sekenbanashi,abstract_word,kanji_only,普通名詞,抽象物
世間体,せけんてい,sekentei,abstract_word,kanji_only,普通名詞,抽象物
籍,せき,seki,abstract_word,kanji_only,普通名詞,抽象物
責,せき,seki,abstract_word,kanji_only,普通名詞,抽象物
惜別,せきべつ,sekibetsu,abstract_word,kanji_only,普通名詞,抽象物
席順,せきじゅん,sekijun,abstract_word,kanji_only,普通名詞,抽象物
赤面,せきめん,sekimen,abstract_word,kanji_only,サ変名詞,抽象物
責務,せきむ,sekimu,abstract_word,kanji_only,普通名詞,抽象物
責任,せきにん,sekinin,abstract_word,kanji_only,普通名詞,抽象物
積載,せきさい,sekisai,abstract_word,kanji_only,サ変名詞,抽象物
積雪,せきせつ,sekisetsu,abstract_word,kanji_only,普通名詞,抽象物
石火,せっか,sekka,abstract_word,kanji_only,普通名詞,抽象物
席巻,せっけん,sekken,abstract_word,kanji_only,サ変名詞,抽象物
接近,せっきん,sekkin,abstract_word,kanji_only,サ変名詞,抽象物
説教,せっきょう,sekkyo,abstract_word,kanji_only,サ変名詞,抽象物
積極,せっきょく,sekkyoku,abstract_word,kanji_only,普通名詞,抽象物
施工,せこう,seko,abstract_word,kanji_only,サ変名詞,抽象物
蝉時雨,せみしぐれ,semishigure,abstract_word,kanji_only,普通名詞,抽象物
戦,せん,sen,abstract_word,kanji_only,普通名詞,抽象物
選,せん,sen,abstract_word,kanji_only,普通名詞,抽象物
専売,せんばい,senbai,abstract_word,kanji_only,サ変名詞,抽象物
先鞭,せんべん,senben,abstract_word,kanji_only,普通名詞,抽象物
選別,せんべつ,senbetsu,abstract_word,kanji_only,サ変名詞,抽象物
羨望,せんぼう,senbo,abstract_word,kanji_only,サ変名詞,抽象物
先着,せんちゃく,senchaku,abstract_word,kanji_only,サ変名詞,抽象物
先導,せんどう,sendo,abstract_word,kanji_only,サ変名詞,抽象物
先鋭,せんえい,senei,abstract_word,kanji_only,普通名詞,抽象物
宣言,せんげん,sengen,abstract_word,kanji_only,サ変名詞,抽象物
専業,せんぎょう,sengyo,abstract_word,kanji_only,普通名詞,抽象物
選一,せんいつ,senitsu,abstract_word,kanji_only,普通名詞,抽象物
洗浄,せんじょう,senjo,abstract_word,kanji_only,サ変名詞,抽象物
先住,せんじゅう,senju,abstract_word,kanji_only,サ変名詞,抽象物
旋回,せんかい,senkai,abstract_word,kanji_only,サ変名詞,抽象物
専管,せんかん,senkan,abstract_word,kanji_only,普通名詞,抽象物
先見,せんけん,senken,abstract_word,kanji_only,サ変名詞,抽象物
先遣,せんけん,senken,abstract_word,kanji_only,サ変名詞,抽象物
先決,せんけつ,senketsu,abstract_word,kanji_only,サ変名詞,抽象物
専決,せんけつ,senketsu,abstract_word,kanji_only,サ変名詞,抽象物
先行,せんこう,senko,abstract_word,kanji_only,サ変名詞,抽象物
専行,せんこう,senko,abstract_word,kanji_only,サ変名詞,抽象物
潜行,せんこう,senko,abstract_word,kanji_only,サ変名詞,抽象物
選考,せんこう,senko,abstract_word,kanji_only,サ変名詞,抽象物
宣告,せんこく,senkoku,abstract_word,kanji_only,サ変名詞,抽象物
先駆,せんく,senku,abstract_word,kanji_only,サ変名詞,抽象物
船名,せんめい,senmei,abstract_word,kanji_only,普通名詞,抽象物
専門,せんもん,senmon,abstract_word,kanji_only,普通名詞,抽象物
専念,せんねん,sennen,abstract_word,kanji_only,サ変名詞,抽象物
洗脳,せんのう,senno,abstract_word,kanji_only,サ変名詞,抽象物
潜入,せんにゅう,sennyu,abstract_word,kanji_only,サ変名詞,抽象物
先入観,せんにゅうかん,sennyukan,abstract_word,kanji_only,普通名詞,抽象物
専横,せんおう,seno,abstract_word,kanji_only,普通名詞,抽象物
千変万化,せんぺんばんか,senpenbanka,abstract_word,kanji_only,サ変名詞,抽象物
旋風,せんぷう,senpu,abstract_word,kanji_only,普通名詞,抽象物
選評,せんぴょう,senpyo,abstract_word,kanji_only,サ変名詞,抽象物
先例,せんれい,senrei,abstract_word,kanji_only,普通名詞,抽象物
洗練,せんれん,senren,abstract_word,kanji_only,サ変名詞,抽象物
千里眼,せんりがん,senrigan,abstract_word,kanji_only,普通名詞,抽象物
戦慄,せんりつ,senritsu,abstract_word,kanji_only,サ変名詞,抽象物
詮索,せんさく,sensaku,abstract_word,kanji_only,サ変名詞,抽象物
宣誓,せんせい,sensei,abstract_word,kanji_only,サ変名詞,抽象物
先進,せんしん,senshin,abstract_word,kanji_only,サ変名詞,抽象物
専心,せんしん,senshin,abstract_word,kanji_only,サ変名詞,抽象物
染色,せんしょく,senshoku,abstract_word,kanji_only,サ変名詞,抽象物
選出,せんしゅつ,senshutsu,abstract_word,kanji_only,サ変名詞,抽象物
洗足,せんそく,sensoku,abstract_word,kanji_only,サ変名詞,抽象物
選択,せんたく,sentaku,abstract_word,kanji_only,サ変名詞,抽象物
選択肢,せんたくし,sentakushi,abstract_word,kanji_only,普通名詞,抽象物
選定,せんてい,sentei,abstract_word,kanji_only,サ変名詞,抽象物
先天,せんてん,senten,abstract_word,kanji_only,普通名詞,抽象物
戦闘,せんとう,sento,abstract_word,kanji_only,サ変名詞,抽象物
先約,せんやく,senyaku,abstract_word,kanji_only,普通名詞,抽象物
専用,せんよう,senyo,abstract_word,kanji_only,サ変名詞,抽象物
占有,せんゆう,senyu,abstract_word,kanji_only,サ変名詞,抽象物
専有,せんゆう,senyu,abstract_word,kanji_only,サ変名詞,抽象物
潜在,せんざい,senzai,abstract_word,kanji_only,サ変名詞,抽象物
専属,せんぞく,senzoku,abstract_word,kanji_only,サ変名詞,抽象物
切迫,せっぱく,seppaku,abstract_word,kanji_only,サ変名詞,抽象物
折半,せっぱん,seppan,abstract_word,kanji_only,サ変名詞,抽象物
切腹,せっぷく,seppuku,abstract_word,kanji_only,サ変名詞,抽象物
世襲,せしゅう,seshu,abstract_word,kanji_only,サ変名詞,抽象物
世相,せそう,seso,abstract_word,kanji_only,普通名詞,抽象物
切磋,せっさ,sessa,abstract_word,kanji_only,サ変名詞,抽象物
切磋琢磨,せっさたくま,sessatakuma,abstract_word,kanji_only,サ変名詞,抽象物
節制,せっせい,sessei,abstract_word,kanji_only,サ変名詞,抽象物
接触,せっしょく,sesshoku,abstract_word,kanji_only,サ変名詞,抽象物
節操,せっそう,sesso,abstract_word,kanji_only,普通名詞,抽象物
接着,せっちゃく,setchaku,abstract_word,kanji_only,サ変名詞,抽象物
接地,せっち,setchi,abstract_word,kanji_only,サ変名詞,抽象物
設置,せっち,setchi,abstract_word,kanji_only,サ変名詞,抽象物
折衷,せっちゅう,setchu,abstract_word,kanji_only,サ変名詞,抽象物
雪中,せっちゅう,setchu,abstract_word,kanji_only,普通名詞,抽象物
瀬戸際,せとぎわ,setogiwa,abstract_word,kanji_only,普通名詞,抽象物
節,せつ,setsu,abstract_word,kanji_only,普通名詞,抽象物
説,せつ,setsu,abstract_word,kanji_only,普通名詞,抽象物
設備,せつび,setsubi,abstract_word,kanji_only,サ変名詞,抽象物
切望,せつぼう,setsubo,abstract_word,kanji_only,サ変名詞,抽象物
切断,せつだん,setsudan,abstract_word,kanji_only,サ変名詞,抽象物
節度,せつど,setsudo,abstract_word,kanji_only,普通名詞,抽象物
設営,せつえい,setsuei,abstract_word,kanji_only,サ変名詞,抽象物
接眼,せつがん,setsugan,abstract_word,kanji_only,普通名詞,抽象物
雪月花,せつげっか,setsugekka,abstract_word,kanji_only,普通名詞,抽象物
節減,せつげん,setsugen,abstract_word,kanji_only,サ変名詞,抽象物
接合,せつごう,setsugo,abstract_word,kanji_only,サ変名詞,抽象物
説明,せつめい,setsumei,abstract_word,kanji_only,サ変名詞,抽象物
摂理,せつり,setsuri,abstract_word,kanji_only,普通名詞,抽象物
設立,せつりつ,setsuritsu,abstract_word,kanji_only,サ変名詞,抽象物
接続,せつぞく,setsuzoku,abstract_word,kanji_only,サ変名詞,抽象物
接待,せったい,settai,abstract_word,kanji_only,サ変名詞,抽象物
設定,せってい,settei,abstract_word,kanji_only,サ変名詞,抽象物
接点,せってん,setten,abstract_word,kanji_only,普通名詞,抽象物
説得,せっとく,settoku,abstract_word,kanji_only,サ変名詞,抽象物
世話,せわ,sewa,abstract_word,kanji_only,サ変名詞,抽象物
世俗,せぞく,sezoku,abstract_word,kanji_only,普通名詞,抽象物
遮断,しゃだん,shadan,abstract_word,kanji_only,サ変名詞,抽象物
遮蔽,しゃへい,shahei,abstract_word,kanji_only,サ変名詞,抽象物
謝意,しゃい,shai,abstract_word,kanji_only,普通名詞,抽象物
謝辞,しゃじ,shaji,abstract_word,kanji_only,普通名詞,抽象物
尺貫法,しゃっかんほう,shakkanho,abstract_word,kanji_only,普通名詞,抽象物
社交,しゃこう,shako,abstract_word,kanji_only,普通名詞,抽象物
尺度,しゃくど,shakudo,abstract_word,kanji_only,普通名詞,抽象物
釈明,しゃくめい,shakumei,abstract_word,kanji_only,サ変名詞,抽象物
灼熱,しゃくねつ,shakunetsu,abstract_word,kanji_only,サ変名詞,抽象物
酌量,しゃくりょう,shakuryo,abstract_word,kanji_only,サ変名詞,抽象物
借用,しゃくよう,shakuyo,abstract_word,kanji_only,サ変名詞,抽象物
謝恩,しゃおん,shaon,abstract_word,kanji_only,サ変名詞,抽象物
遮音,しゃおん,shaon,abstract_word,kanji_only,サ変名詞,抽象物
車載,しゃさい,shasai,abstract_word,kanji_only,サ変名詞,抽象物
射程,しゃてい,shatei,abstract_word,kanji_only,普通名詞,抽象物
謝罪,しゃざい,shazai,abstract_word,kanji_only,サ変名詞,抽象物
謝絶,しゃぜつ,shazetsu,abstract_word,kanji_only,サ変名詞,抽象物
視,し,shi,abstract_word,kanji_only,サ変名詞,抽象物
思案,しあん,shian,abstract_word,kanji_only,サ変名詞,抽象物
私案,しあん,shian,abstract_word,kanji_only,普通名詞,抽象物
試案,しあん,shian,abstract_word,kanji_only,普通名詞,抽象物
志望,しぼう,shibo,abstract_word,kanji_only,サ変名詞,抽象物
質屋,しちや,shichiya,abstract_word,kanji_only,普通名詞,抽象物
思潮,しちょう,shicho,abstract_word,kanji_only,普通名詞,抽象物
次第,しだい,shidai,abstract_word,kanji_only,普通名詞,抽象物
指弾,しだん,shidan,abstract_word,kanji_only,サ変名詞,抽象物
始動,しどう,shido,abstract_word,kanji_only,サ変名詞,抽象物
指導,しどう,shido,abstract_word,kanji_only,サ変名詞,抽象物
使役,しえき,shieki,abstract_word,kanji_only,サ変名詞,抽象物
支援,しえん,shien,abstract_word,kanji_only,サ変名詞,抽象物
至福,しふく,shifuku,abstract_word,kanji_only,普通名詞,抽象物
志願,しがん,shigan,abstract_word,kanji_only,サ変名詞,抽象物
刺激,しげき,shigeki,abstract_word,kanji_only,サ変名詞,抽象物
時雨,しぐれ,shigure,abstract_word,kanji_only,普通名詞,抽象物
仕草,しぐさ,shigusa,abstract_word,kanji_only,普通名詞,抽象物
支配,しはい,shihai,abstract_word,kanji_only,サ変名詞,抽象物
四方八方,しほうはっぽう,shihohappo,abstract_word,kanji_only,普通名詞,抽象物
四囲,しい,shii,abstract_word,kanji_only,普通名詞,抽象物
恣意,しい,shii,abstract_word,kanji_only,普通名詞,抽象物
指示,しじ,shiji,abstract_word,kanji_only,サ変名詞,抽象物
支持,しじ,shiji,abstract_word,kanji_only,サ変名詞,抽象物
史実,しじつ,shijitsu,abstract_word,kanji_only,普通名詞,抽象物
私情,しじょう,shijo,abstract_word,kanji_only,普通名詞,抽象物
至上,しじょう,shijo,abstract_word,kanji_only,普通名詞,抽象物
視界,しかい,shikai,abstract_word,kanji_only,普通名詞,抽象物
資格,しかく,shikaku,abstract_word,kanji_only,普通名詞,抽象物
史観,しかん,shikan,abstract_word,kanji_only,普通名詞,抽象物
仕方,しかた,shikata,abstract_word,kanji_only,普通名詞,抽象物
死活,しかつ,shikatsu,abstract_word,kanji_only,普通名詞,抽象物
私見,しけん,shiken,abstract_word,kanji_only,普通名詞,抽象物
士気,しき,shiki,abstract_word,kanji_only,普通名詞,抽象物
式,しき,shiki,abstract_word,kanji_only,普通名詞,抽象物
指揮,しき,shiki,abstract_word,kanji_only,サ変名詞,抽象物
識別,しきべつ,shikibetsu,abstract_word,kanji_only,サ変名詞,抽象物
色調,しきちょう,shikicho,abstract_word,kanji_only,普通名詞,抽象物
式辞,しきじ,shikiji,abstract_word,kanji_only,普通名詞,抽象物
色感,しきかん,shikikan,abstract_word,kanji_only,普通名詞,抽象物
識見,しきけん,shikiken,abstract_word,kanji_only,普通名詞,抽象物
至近,しきん,shikin,abstract_word,kanji_only,普通名詞,抽象物
試金石,しきんせき,shikinseki,abstract_word,kanji_only,普通名詞,抽象物
色彩,しきさい,shikisai,abstract_word,kanji_only,普通名詞,抽象物
式典,しきてん,shikiten,abstract_word,kanji_only,普通名詞,抽象物
失火,しっか,shikka,abstract_word,kanji_only,サ変名詞,抽象物
湿気,しっけ,shikke,abstract_word,kanji_only,普通名詞,抽象物
失敬,しっけい,shikkei,abstract_word,kanji_only,サ変名詞,抽象物
疾駆,しっく,shikku,abstract_word,kanji_only,サ変名詞,抽象物
志向,しこう,shiko,abstract_word,kanji_only,サ変名詞,抽象物
思考,しこう,shiko,abstract_word,kanji_only,サ変名詞,抽象物
指向,しこう,shiko,abstract_word,kanji_only,サ変名詞,抽象物
至高,しこう,shiko,abstract_word,kanji_only,普通名詞,抽象物
試行,しこう,shiko,abstract_word,kanji_only,サ変名詞,抽象物
四苦八苦,しくはっく,shikuhakku,abstract_word,kanji_only,サ変名詞,抽象物
試掘,しくつ,shikutsu,abstract_word,kanji_only,サ変名詞,抽象物
始末,しまつ,shimatsu,abstract_word,kanji_only,サ変名詞,抽象物
使命,しめい,shimei,abstract_word,kanji_only,普通名詞,抽象物
指名,しめい,shimei,abstract_word,kanji_only,サ変名詞,抽象物
氏名,しめい,shimei,abstract_word,kanji_only,普通名詞,抽象物
霜柱,しもばしら,shimobashira,abstract_word,kanji_only,普通名詞,抽象物
信,しん,shin,abstract_word,kanji_only,普通名詞,抽象物
審,しん,shin,abstract_word,kanji_only,普通名詞,抽象物
心,しん,shin,abstract_word,kanji_only,普通名詞,抽象物
新,しん,shin,abstract_word,kanji_only,普通名詞,抽象物
真,しん,shin,abstract_word,kanji_only,普通名詞,抽象物
進,しん,shin,abstract_word,kanji_only,普通名詞,抽象物
品柄,しながら,shinagara,abstract_word,kanji_only,普通名詞,抽象物
親愛,しんあい,shinai,abstract_word,kanji_only,普通名詞,抽象物
指南,しなん,shinan,abstract_word,kanji_only,サ変名詞,抽象物
新案,しんあん,shinan,abstract_word,kanji_only,普通名詞,抽象物
審美眼,しんびがん,shinbigan,abstract_word,kanji_only,普通名詞,抽象物
信望,しんぼう,shinbo,abstract_word,kanji_only,普通名詞,抽象物
辛抱,しんぼう,shinbo,abstract_word,kanji_only,サ変名詞,抽象物
親睦,しんぼく,shinboku,abstract_word,kanji_only,サ変名詞,抽象物
新築,しんちく,shinchiku,abstract_word,kanji_only,サ変名詞,抽象物
新陳,しんちん,shinchin,abstract_word,kanji_only,普通名詞,抽象物
伸長,しんちょう,shincho,abstract_word,kanji_only,サ変名詞,抽象物
新調,しんちょう,shincho,abstract_word,kanji_only,サ変名詞,抽象物
進捗,しんちょく,shinchoku,abstract_word,kanji_only,サ変名詞,抽象物
心中,しんちゅう,shinchu,abstract_word,kanji_only,普通名詞,抽象物
進度,しんど,shindo,abstract_word,kanji_only,普通名詞,抽象物
振動,しんどう,shindo,abstract_word,kanji_only,サ変名詞,抽象物
震動,しんどう,shindo,abstract_word,kanji_only,サ変名詞,抽象物
侵害,しんがい,shingai,abstract_word,kanji_only,サ変名詞,抽象物
真贋,しんがん,shingan,abstract_word,kanji_only,普通名詞,抽象物
新型,しんがた,shingata,abstract_word,kanji_only,普通名詞,抽象物
進言,しんげん,shingen,abstract_word,kanji_only,サ変名詞,抽象物
新月,しんげつ,shingetsu,abstract_word,kanji_only,普通名詞,抽象物
信義,しんぎ,shingi,abstract_word,kanji_only,普通名詞,抽象物
真偽,しんぎ,shingi,abstract_word,kanji_only,普通名詞,抽象物
呻吟,しんぎん,shingin,abstract_word,kanji_only,サ変名詞,抽象物
新語,しんご,shingo,abstract_word,kanji_only,普通名詞,抽象物
真意,しんい,shini,abstract_word,kanji_only,普通名詞,抽象物
信条,しんじょう,shinjo,abstract_word,kanji_only,普通名詞,抽象物
心情,しんじょう,shinjo,abstract_word,kanji_only,普通名詞,抽象物
真情,しんじょう,shinjo,abstract_word,kanji_only,普通名詞,抽象物
身上,しんじょう,shinjo,abstract_word,kanji_only,普通名詞,抽象物
深化,しんか,shinka,abstract_word,kanji_only,サ変名詞,抽象物
真価,しんか,shinka,abstract_word,kanji_only,普通名詞,抽象物
進化,しんか,shinka,abstract_word,kanji_only,サ変名詞,抽象物
震撼,しんかん,shinkan,abstract_word,kanji_only,サ変名詞,抽象物
心血,しんけつ,shinketsu,abstract_word,kanji_only,普通名詞,抽象物
心機,しんき,shinki,abstract_word,kanji_only,普通名詞,抽象物
心機一転,しんきいってん,shinkiitten,abstract_word,kanji_only,サ変名詞,抽象物
親近感,しんきんかん,shinkinkan,abstract_word,kanji_only,普通名詞,抽象物
蜃気楼,しんきろう,shinkiro,abstract_word,kanji_only,普通名詞,抽象物
振興,しんこう,shinko,abstract_word,kanji_only,サ変名詞,抽象物
新興,しんこう,shinko,abstract_word,kanji_only,普通名詞,抽象物
親交,しんこう,shinko,abstract_word,kanji_only,普通名詞,抽象物
進行,しんこう,shinko,abstract_word,kanji_only,サ変名詞,抽象物
深呼吸,しんこきゅう,shinkokyu,abstract_word,kanji_only,サ変名詞,抽象物
真骨頂,しんこっちょう,shinkotcho,abstract_word,kanji_only,普通名詞,抽象物
真空,しんくう,shinku,abstract_word,kanji_only,普通名詞,抽象物
心境,しんきょう,shinkyo,abstract_word,kanji_only,普通名詞,抽象物
進境,しんきょう,shinkyo,abstract_word,kanji_only,普通名詞,抽象物
新旧,しんきゅう,shinkyu,abstract_word,kanji_only,普通名詞,抽象物
身命,しんめい,shinmei,abstract_word,kanji_only,普通名詞,抽象物
新味,しんみ,shinmi,abstract_word,kanji_only,普通名詞,抽象物
信念,しんねん,shinnen,abstract_word,kanji_only,普通名詞,抽象物
信任,しんにん,shinnin,abstract_word,kanji_only,サ変名詞,抽象物
真如,しんにょ,shinnyo,abstract_word,kanji_only,普通名詞,抽象物
侵入,しんにゅう,shinnyu,abstract_word,kanji_only,サ変名詞,抽象物
新入,しんにゅう,shinnyu,abstract_word,kanji_only,普通名詞,抽象物
進入,しんにゅう,shinnyu,abstract_word,kanji_only,サ変名詞,抽象物
心配,しんぱい,shinpai,abstract_word,kanji_only,サ変名詞,抽象物
心配事,しんぱいごと,shinpaigoto,abstract_word,kanji_only,普通名詞,抽象物
身辺,しんぺん,shinpen,abstract_word,kanji_only,普通名詞,抽象物
進歩,しんぽ,shinpo,abstract_word,kanji_only,サ変名詞,抽象物
新風,しんぷう,shinpu,abstract_word,kanji_only,普通名詞,抽象物
心服,しんぷく,shinpuku,abstract_word,kanji_only,サ変名詞,抽象物
信憑性,しんぴょうせい,shinpyosei,abstract_word,kanji_only,普通名詞,抽象物
森羅,しんら,shinra,abstract_word,kanji_only,サ変名詞,抽象物
信頼,しんらい,shinrai,abstract_word,kanji_only,サ変名詞,抽象物
心理,しんり,shinri,abstract_word,kanji_only,普通名詞,抽象物
真理,しんり,shinri,abstract_word,kanji_only,普通名詞,抽象物
審査,しんさ,shinsa,abstract_word,kanji_only,サ変名詞,抽象物
新作,しんさく,shinsaku,abstract_word,kanji_only,サ変名詞,抽象物
辛酸,しんさん,shinsan,abstract_word,kanji_only,普通名詞,抽象物
新生,しんせい,shinsei,abstract_word,kanji_only,サ変名詞,抽象物
新設,しんせつ,shinsetsu,abstract_word,kanji_only,サ変名詞,抽象物
新説,しんせつ,shinsetsu,abstract_word,kanji_only,普通名詞,抽象物
心身,しんしん,shinshin,abstract_word,kanji_only,普通名詞,抽象物
新進,しんしん,shinshin,abstract_word,kanji_only,普通名詞,抽象物
心象,しんしょう,shinsho,abstract_word,kanji_only,普通名詞,抽象物
侵食,しんしょく,shinshoku,abstract_word,kanji_only,サ変名詞,抽象物
浸食,しんしょく,shinshoku,abstract_word,kanji_only,サ変名詞,抽象物
新種,しんしゅ,shinshu,abstract_word,kanji_only,普通名詞,抽象物
進取,しんしゅ,shinshu,abstract_word,kanji_only,普通名詞,抽象物
伸縮,しんしゅく,shinshuku,abstract_word,kanji_only,サ変名詞,抽象物
進出,しんしゅつ,shinshutsu,abstract_word,kanji_only,サ変名詞,抽象物
新装,しんそう,shinso,abstract_word,kanji_only,サ変名詞,抽象物
真相,しんそう,shinso,abstract_word,kanji_only,普通名詞,抽象物
心酔,しんすい,shinsui,abstract_word,kanji_only,サ変名詞,抽象物
浸水,しんすい,shinsui,abstract_word,kanji_only,サ変名詞,抽象物
進退,しんたい,shintai,abstract_word,kanji_only,サ変名詞,抽象物
進呈,しんてい,shintei,abstract_word,kanji_only,サ変名詞,抽象物
親展,しんてん,shinten,abstract_word,kanji_only,普通名詞,抽象物
進展,しんてん,shinten,abstract_word,kanji_only,サ変名詞,抽象物
心頭,しんとう,shinto,abstract_word,kanji_only,普通名詞,抽象物
浸透,しんとう,shinto,abstract_word,kanji_only,サ変名詞,抽象物
心痛,しんつう,shintsu,abstract_word,kanji_only,サ変名詞,抽象物
親和,しんわ,shinwa,abstract_word,kanji_only,サ変名詞,抽象物
信用,しんよう,shinyo,abstract_word,kanji_only,サ変名詞,抽象物
新参,しんざん,shinzan,abstract_word,kanji_only,普通名詞,抽象物
神髄,しんずい,shinzui,abstract_word,kanji_only,普通名詞,抽象物
潮干,しおひ,shiohi,abstract_word,kanji_only,普通名詞,抽象物
潮風,しおかぜ,shiokaze,abstract_word,kanji_only,普通名詞,抽象物
潮騒,しおさい,shiosai,abstract_word,kanji_only,普通名詞,抽象物
失敗,しっぱい,shippai,abstract_word,kanji_only,サ変名詞,抽象物
疾風,しっぷう,shippu,abstract_word,kanji_only,普通名詞,抽象物
白浪,しらなみ,shiranami,abstract_word,kanji_only,普通名詞,抽象物
試練,しれん,shiren,abstract_word,kanji_only,普通名詞,抽象物
私利,しり,shiri,abstract_word,kanji_only,普通名詞,抽象物
尻目,しりめ,shirime,abstract_word,kanji_only,普通名詞,抽象物
尻餅,しりもち,shirimochi,abstract_word,kanji_only,普通名詞,抽象物
尻馬,しりうま,shiriuma,abstract_word,kanji_only,普通名詞,抽象物
白黒,しろくろ,shirokuro,abstract_word,kanji_only,普通名詞,抽象物
思慮,しりょ,shiryo,abstract_word,kanji_only,サ変名詞,抽象物
死力,しりょく,shiryoku,abstract_word,kanji_only,普通名詞,抽象物
資力,しりょく,shiryoku,abstract_word,kanji_only,普通名詞,抽象物
示唆,しさ,shisa,abstract_word,kanji_only,サ変名詞,抽象物
思索,しさく,shisaku,abstract_word,kanji_only,サ変名詞,抽象物
施策,しさく,shisaku,abstract_word,kanji_only,サ変名詞,抽象物
試作,しさく,shisaku,abstract_word,kanji_only,サ変名詞,抽象物
四散,しさん,shisan,abstract_word,kanji_only,サ変名詞,抽象物
試算,しさん,shisan,abstract_word,kanji_only,サ変名詞,抽象物
姿勢,しせい,shisei,abstract_word,kanji_only,普通名詞,抽象物
視線,しせん,shisen,abstract_word,kanji_only,普通名詞,抽象物
私設,しせつ,shisetsu,abstract_word,kanji_only,普通名詞,抽象物
試射,ししゃ,shisha,abstract_word,kanji_only,サ変名詞,抽象物
指針,ししん,shishin,abstract_word,kanji_only,普通名詞,抽象物
私心,ししん,shishin,abstract_word,kanji_only,普通名詞,抽象物
紙質,ししつ,shishitsu,abstract_word,kanji_only,普通名詞,抽象物
資質,ししつ,shishitsu,abstract_word,kanji_only,普通名詞,抽象物
支障,ししょう,shisho,abstract_word,kanji_only,普通名詞,抽象物
死守,ししゅ,shishu,abstract_word,kanji_only,サ変名詞,抽象物
始祖,しそ,shiso,abstract_word,kanji_only,普通名詞,抽象物
思想,しそう,shiso,abstract_word,kanji_only,普通名詞,抽象物
叱責,しっせき,shisseki,abstract_word,kanji_only,サ変名詞,抽象物
失笑,しっしょう,shissho,abstract_word,kanji_only,サ変名詞,抽象物
疾走,しっそう,shisso,abstract_word,kanji_only,サ変名詞,抽象物
失速,しっそく,shissoku,abstract_word,kanji_only,サ変名詞,抽象物
下火,したび,shitabi,abstract_word,kanji_only,普通名詞,抽象物
下心,したごころ,shitagokoro,abstract_word,kanji_only,普通名詞,抽象物
下検分,したけんぶん,shitakenbun,abstract_word,kanji_only,サ変名詞,抽象物
支度,したく,shitaku,abstract_word,kanji_only,サ変名詞,抽象物
下見,したみ,shitami,abstract_word,kanji_only,サ変名詞,抽象物
下相談,したそうだん,shitasodan,abstract_word,kanji_only,サ変名詞,抽象物
指定,してい,shitei,abstract_word,kanji_only,サ変名詞,抽象物
指摘,してき,shiteki,abstract_word,kanji_only,サ変名詞,抽象物
視点,してん,shiten,abstract_word,kanji_only,普通名詞,抽象物
質,しつ,shitsu,abstract_word,kanji_only,普通名詞,抽象物
失望,しつぼう,shitsubo,abstract_word,kanji_only,サ変名詞,抽象物
失言,しつげん,shitsugen,abstract_word,kanji_only,サ変名詞,抽象物
質疑,しつぎ,shitsugi,abstract_word,kanji_only,サ変名詞,抽象物
失意,しつい,shitsui,abstract_word,kanji_only,普通名詞,抽象物
湿潤,しつじゅん,shitsujun,abstract_word,kanji_only,普通名詞,抽象物
質感,しつかん,shitsukan,abstract_word,kanji_only,普通名詞,抽象物
質問,しつもん,shitsumon,abstract_word,kanji_only,サ変名詞,抽象物
失礼,しつれい,shitsurei,abstract_word,kanji_only,サ変名詞,抽象物
失態,しったい,shittai,abstract_word,kanji_only,普通名詞,抽象物
嫉妬,しっと,shitto,abstract_word,kanji_only,サ変名詞,抽象物
失墜,しっつい,shittsui,abstract_word,kanji_only,サ変名詞,抽象物
仕業,しわざ,shiwaza,abstract_word,kanji_only,普通名詞,抽象物
視野,しや,shiya,abstract_word,kanji_only,普通名詞,抽象物
仕様,しよう,shiyo,abstract_word,kanji_only,普通名詞,抽象物
使用,しよう,shiyo,abstract_word,kanji_only,サ変名詞,抽象物
私用,しよう,shiyo,abstract_word,kanji_only,サ変名詞,抽象物
試用,しよう,shiyo,abstract_word,kanji_only,サ変名詞,抽象物
私欲,しよく,shiyoku,abstract_word,kanji_only,普通名詞,抽象物
私有,しゆう,shiyu,abstract_word,kanji_only,サ変名詞,抽象物
雌雄,しゆう,shiyu,abstract_word,kanji_only,普通名詞,抽象物
視座,しざ,shiza,abstract_word,kanji_only,普通名詞,抽象物
自然,しぜん,shizen,abstract_word,kanji_only,普通名詞,抽象物
書,しょ,sho,abstract_word,kanji_only,普通名詞,抽象物
商,しょう,sho,abstract_word,kanji_only,普通名詞,抽象物
小,しょう,sho,abstract_word,kanji_only,普通名詞,抽象物
章,しょう,sho,abstract_word,kanji_only,普通名詞,抽象物
証,しょう,sho,abstract_word,kanji_only,普通名詞,抽象物
賞,しょう,sho,abstract_word,kanji_only,普通名詞,抽象物
照応,しょうおう,sho,abstract_word,kanji_only,サ変名詞,抽象物
諸悪,しょあく,shoaku,abstract_word,kanji_only,普通名詞,抽象物
掌握,しょうあく,shoaku,abstract_word,kanji_only,サ変名詞,抽象物
書案,しょあん,shoan,abstract_word,kanji_only,普通名詞,抽象物
焦眉,しょうび,shobi,abstract_word,kanji_only,普通名詞,抽象物
勝負,しょうぶ,shobu,abstract_word,kanji_only,サ変名詞,抽象物
勝負事,しょうぶごと,shobugoto,abstract_word,kanji_only,普通名詞,抽象物
性分,しょうぶん,shobun,abstract_word,kanji_only,普通名詞,抽象物
処分,しょぶん,shobun,abstract_word,kanji_only,サ変名詞,抽象物
承知,しょうち,shochi,abstract_word,kanji_only,サ変名詞,抽象物
招致,しょうち,shochi,abstract_word,kanji_only,サ変名詞,抽象物
松竹梅,しょうちくばい,shochikubai,abstract_word,kanji_only,普通名詞,抽象物
消沈,しょうちん,shochin,abstract_word,kanji_only,サ変名詞,抽象物
消長,しょうちょう,shocho,abstract_word,kanji_only,サ変名詞,抽象物
象徴,しょうちょう,shocho,abstract_word,kanji_only,サ変名詞,抽象物
承諾,しょうだく,shodaku,abstract_word,kanji_only,サ変名詞,抽象物
衝動,しょうどう,shodo,abstract_word,kanji_only,普通名詞,抽象物
初動,しょどう,shodo,abstract_word,kanji_only,普通名詞,抽象物
承服,しょうふく,shofuku,abstract_word,kanji_only,サ変名詞,抽象物
傷害,しょうがい,shogai,abstract_word,kanji_only,サ変名詞,抽象物
障害,しょうがい,shogai,abstract_word,kanji_only,普通名詞,抽象物
衝撃,しょうげき,shogeki,abstract_word,kanji_only,普通名詞,抽象物
照合,しょうごう,shogo,abstract_word,kanji_only,サ変名詞,抽象物
称号,しょうごう,shogo,abstract_word,kanji_only,普通名詞,抽象物
処遇,しょぐう,shogu,abstract_word,kanji_only,サ変名詞,抽象物
将軍家,しょうぐんけ,shogunke,abstract_word,kanji_only,普通名詞,抽象物
所業,しょぎょう,shogyo,abstract_word,kanji_only,普通名詞,抽象物
小破,しょうは,shoha,abstract_word,kanji_only,サ変名詞,抽象物
諸般,しょはん,shohan,abstract_word,kanji_only,普通名詞,抽象物
招聘,しょうへい,shohei,abstract_word,kanji_only,サ変名詞,抽象物
詳報,しょうほう,shoho,abstract_word,kanji_only,普通名詞,抽象物
初歩,しょほ,shoho,abstract_word,kanji_only,普通名詞,抽象物
書評,しょひょう,shohyo,abstract_word,kanji_only,普通名詞,抽象物
小異,しょうい,shoi,abstract_word,kanji_only,普通名詞,抽象物
小事,しょうじ,shoji,abstract_word,kanji_only,普通名詞,抽象物
所持,しょじ,shoji,abstract_word,kanji_only,サ変名詞,抽象物
精進,しょうじん,shojin,abstract_word,kanji_only,サ変名詞,抽象物
処女,しょじょ,shojo,abstract_word,kanji_only,普通名詞,抽象物
照準,しょうじゅん,shojun,abstract_word,kanji_only,普通名詞,抽象物
詳述,しょうじゅつ,shojutsu,abstract_word,kanji_only,サ変名詞,抽象物
昇華,しょうか,shoka,abstract_word,kanji_only,サ変名詞,抽象物
消火,しょうか,shoka,abstract_word,kanji_only,サ変名詞,抽象物
照会,しょうかい,shokai,abstract_word,kanji_only,サ変名詞,抽象物
紹介,しょうかい,shokai,abstract_word,kanji_only,サ変名詞,抽象物
召喚,しょうかん,shokan,abstract_word,kanji_only,サ変名詞,抽象物
召還,しょうかん,shokan,abstract_word,kanji_only,サ変名詞,抽象物
所感,しょかん,shokan,abstract_word,kanji_only,普通名詞,抽象物
憧憬,しょうけい,shokei,abstract_word,kanji_only,サ変名詞,抽象物
承継,しょうけい,shokei,abstract_word,kanji_only,サ変名詞,抽象物
所期,しょき,shoki,abstract_word,kanji_only,サ変名詞,抽象物
暑気,しょき,shoki,abstract_word,kanji_only,普通名詞,抽象物
触覚,しょっかく,shokkaku,abstract_word,kanji_only,普通名詞,抽象物
昇降,しょうこう,shoko,abstract_word,kanji_only,サ変名詞,抽象物
色,しょく,shoku,abstract_word,kanji_only,普通名詞,抽象物
嘱望,しょくぼう,shokubo,abstract_word,kanji_only,サ変名詞,抽象物
触発,しょくはつ,shokuhatsu,abstract_word,kanji_only,サ変名詞,抽象物
植樹,しょくじゅ,shokuju,abstract_word,kanji_only,サ変名詞,抽象物
植林,しょくりん,shokurin,abstract_word,kanji_only,サ変名詞,抽象物
植生,しょくせい,shokusei,abstract_word,kanji_only,普通名詞,抽象物
消却,しょうきゃく,shokyaku,abstract_word,kanji_only,サ変名詞,抽象物
焼却,しょうきゃく,shokyaku,abstract_word,kanji_only,サ変名詞,抽象物
消去,しょうきょ,shokyo,abstract_word,kanji_only,サ変名詞,抽象物
消極,しょうきょく,shokyoku,abstract_word,kanji_only,普通名詞,抽象物
初級,しょきゅう,shokyu,abstract_word,kanji_only,普通名詞,抽象物
正銘,しょうめい,shomei,abstract_word,kanji_only,普通名詞,抽象物
証明,しょうめい,shomei,abstract_word,kanji_only,サ変名詞,抽象物
書名,しょめい,shomei,abstract_word,kanji_only,普通名詞,抽象物
署名,しょめい,shomei,abstract_word,kanji_only,サ変名詞,抽象物
書面,しょめん,shomen,abstract_word,kanji_only,普通名詞,抽象物
消滅,しょうめつ,shometsu,abstract_word,kanji_only,サ変名詞,抽象物
正味,しょうみ,shomi,abstract_word,kanji_only,普通名詞,抽象物
消耗,しょうもう,shomo,abstract_word,kanji_only,サ変名詞,抽象物
所望,しょもう,shomo,abstract_word,kanji_only,サ変名詞,抽象物
勝運,しょううん,shon,abstract_word,kanji_only,普通名詞,抽象物
消音,しょうおん,shon,abstract_word,kanji_only,サ変名詞,抽象物
性根,しょうね,shone,abstract_word,kanji_only,普通名詞,抽象物
正念場,しょうねんば,shonenba,abstract_word,kanji_only,普通名詞,抽象物
承認,しょうにん,shonin,abstract_word,kanji_only,サ変名詞,抽象物
招来,しょうらい,shorai,abstract_word,kanji_only,サ変名詞,抽象物
奨励,しょうれい,shorei,abstract_word,kanji_only,サ変名詞,抽象物
勝利,しょうり,shori,abstract_word,kanji_only,サ変名詞,抽象物
処理,しょり,shori,abstract_word,kanji_only,サ変名詞,抽象物
省略,しょうりゃく,shoryaku,abstract_word,kanji_only,サ変名詞,抽象物
省力,しょうりょく,shoryoku,abstract_word,kanji_only,サ変名詞,抽象物
証左,しょうさ,shosa,abstract_word,kanji_only,普通名詞,抽象物
所作,しょさ,shosa,abstract_word,kanji_only,普通名詞,抽象物
勝算,しょうさん,shosan,abstract_word,kanji_only,普通名詞,抽象物
称賛,しょうさん,shosan,abstract_word,kanji_only,サ変名詞,抽象物
所産,しょさん,shosan,abstract_word,kanji_only,普通名詞,抽象物
招請,しょうせい,shosei,abstract_word,kanji_only,サ変名詞,抽象物
小雪,しょうせつ,shosetsu,abstract_word,kanji_only,時相名詞,抽象物
諸説,しょせつ,shosetsu,abstract_word,kanji_only,普通名詞,抽象物
照射,しょうしゃ,shosha,abstract_word,kanji_only,サ変名詞,抽象物
少子,しょうし,shoshi,abstract_word,kanji_only,普通名詞,抽象物
初志,しょし,shoshi,abstract_word,kanji_only,普通名詞,抽象物
書式,しょしき,shoshiki,abstract_word,kanji_only,普通名詞,抽象物
傷心,しょうしん,shoshin,abstract_word,kanji_only,サ変名詞,抽象物
正真,しょうしん,shoshin,abstract_word,kanji_only,普通名詞,抽象物
初心,しょしん,shoshin,abstract_word,kanji_only,普通名詞,抽象物
所信,しょしん,shoshin,abstract_word,kanji_only,普通名詞,抽象物
消失,しょうしつ,shoshitsu,abstract_word,kanji_only,サ変名詞,抽象物
焼失,しょうしつ,shoshitsu,abstract_word,kanji_only,サ変名詞,抽象物
消色,しょうしょく,shoshoku,abstract_word,kanji_only,普通名詞,抽象物
召集,しょうしゅう,shoshu,abstract_word,kanji_only,サ変名詞,抽象物
招集,しょうしゅう,shoshu,abstract_word,kanji_only,サ変名詞,抽象物
消臭,しょうしゅう,shoshu,abstract_word,kanji_only,サ変名詞,抽象物
焦燥,しょうそう,shoso,abstract_word,kanji_only,サ変名詞,抽象物
焼損,しょうそん,shoson,abstract_word,kanji_only,サ変名詞,抽象物
招待,しょうたい,shotai,abstract_word,kanji_only,サ変名詞,抽象物
正体,しょうたい,shotai,abstract_word,kanji_only,普通名詞,抽象物
初対面,しょたいめん,shotaimen,abstract_word,kanji_only,普通名詞,抽象物
所定,しょてい,shotei,abstract_word,kanji_only,普通名詞,抽象物
焦点,しょうてん,shoten,abstract_word,kanji_only,普通名詞,抽象物
衝突,しょうとつ,shototsu,abstract_word,kanji_only,サ変名詞,抽象物
所用,しょよう,shoyo,abstract_word,kanji_only,普通名詞,抽象物
所要,しょよう,shoyo,abstract_word,kanji_only,普通名詞,抽象物
所有,しょゆう,shoyu,abstract_word,kanji_only,サ変名詞,抽象物
所蔵,しょぞう,shozo,abstract_word,kanji_only,サ変名詞,抽象物
所属,しょぞく,shozoku,abstract_word,kanji_only,サ変名詞,抽象物
所存,しょぞん,shozon,abstract_word,kanji_only,普通名詞,抽象物
主,しゅ,shu,abstract_word,kanji_only,普通名詞,抽象物
守,しゅ,shu,abstract_word,kanji_only,普通名詞,抽象物
種,しゅ,shu,abstract_word,kanji_only,普通名詞,抽象物
秀,しゅう,shu,abstract_word,kanji_only,普通名詞,抽象物
臭,しゅう,shu,abstract_word,kanji_only,普通名詞,抽象物
集,しゅう,shu,abstract_word,kanji_only,普通名詞,抽象物
種別,しゅべつ,shubetsu,abstract_word,kanji_only,サ変名詞,抽象物
首尾,しゅび,shubi,abstract_word,kanji_only,サ変名詞,抽象物
首尾一貫,しゅびいっかん,shubiikkan,abstract_word,kanji_only,サ変名詞,抽象物
執着,しゅうちゃく,shuchaku,abstract_word,kanji_only,サ変名詞,抽象物
周知,しゅうち,shuchi,abstract_word,kanji_only,サ変名詞,抽象物
衆知,しゅうち,shuchi,abstract_word,kanji_only,普通名詞,抽象物
羞恥心,しゅうちしん,shuchishin,abstract_word,kanji_only,普通名詞,抽象物
主張,しゅちょう,shucho,abstract_word,kanji_only,サ変名詞,抽象物
集中,しゅうちゅう,shuchu,abstract_word,kanji_only,サ変名詞,抽象物
手中,しゅちゅう,shuchu,abstract_word,kanji_only,普通名詞,抽象物
手段,しゅだん,shudan,abstract_word,kanji_only,普通名詞,抽象物
主導,しゅどう,shudo,abstract_word,kanji_only,サ変名詞,抽象物
手動,しゅどう,shudo,abstract_word,kanji_only,普通名詞,抽象物
終焉,しゅうえん,shuen,abstract_word,kanji_only,普通名詞,抽象物
修復,しゅうふく,shufuku,abstract_word,kanji_only,サ変名詞,抽象物
主眼,しゅがん,shugan,abstract_word,kanji_only,普通名詞,抽象物
襲撃,しゅうげき,shugeki,abstract_word,kanji_only,サ変名詞,抽象物
主義,しゅぎ,shugi,abstract_word,kanji_only,普通名詞,抽象物
集合,しゅうごう,shugo,abstract_word,kanji_only,サ変名詞,抽象物
守護,しゅご,shugo,abstract_word,kanji_only,サ変名詞,抽象物
珠玉,しゅぎょく,shugyoku,abstract_word,kanji_only,普通名詞,抽象物
集配,しゅうはい,shuhai,abstract_word,kanji_only,サ変名詞,抽象物
手法,しゅほう,shuho,abstract_word,kanji_only,普通名詞,抽象物
趣意,しゅい,shui,abstract_word,kanji_only,普通名詞,抽象物
主因,しゅいん,shuin,abstract_word,kanji_only,普通名詞,抽象物
集塵,しゅうじん,shujin,abstract_word,kanji_only,サ変名詞,抽象物
衆人環視,しゅうじんかんし,shujinkanshi,abstract_word,kanji_only,普通名詞,抽象物
主従,しゅじゅう,shuju,abstract_word,kanji_only,普通名詞,抽象物
集荷,しゅうか,shuka,abstract_word,kanji_only,サ変名詞,抽象物
周回,しゅうかい,shukai,abstract_word,kanji_only,サ変名詞,抽象物
集会,しゅうかい,shukai,abstract_word,kanji_only,サ変名詞,抽象物
収穫,しゅうかく,shukaku,abstract_word,kanji_only,サ変名詞,抽象物
習慣,しゅうかん,shukan,abstract_word,kanji_only,普通名詞,抽象物
主管,しゅかん,shukan,abstract_word,kanji_only,サ変名詞,抽象物
主観,しゅかん,shukan,abstract_word,kanji_only,普通名詞,抽象物
集計,しゅうけい,shukei,abstract_word,kanji_only,サ変名詞,抽象物
終結,しゅうけつ,shuketsu,abstract_word,kanji_only,サ変名詞,抽象物
集結,しゅうけつ,shuketsu,abstract_word,kanji_only,サ変名詞,抽象物
臭気,しゅうき,shuki,abstract_word,kanji_only,普通名詞,抽象物
手記,しゅき,shuki,abstract_word,kanji_only,普通名詞,抽象物
集金,しゅうきん,shukin,abstract_word,kanji_only,サ変名詞,抽象物
出火,しゅっか,shukka,abstract_word,kanji_only,サ変名詞,抽象物
出欠,しゅっけつ,shukketsu,abstract_word,kanji_only,普通名詞,抽象物
修好,しゅうこう,shuko,abstract_word,kanji_only,サ変名詞,抽象物
趣向,しゅこう,shuko,abstract_word,kanji_only,普通名詞,抽象物
首肯,しゅこう,shuko,abstract_word,kanji_only,サ変名詞,抽象物
手工業,しゅこうぎょう,shukogyo,abstract_word,kanji_only,普通名詞,抽象物
宿望,しゅくぼう,shukubo,abstract_word,kanji_only,普通名詞,抽象物
祝宴,しゅくえん,shukuen,abstract_word,kanji_only,普通名詞,抽象物
祝福,しゅくふく,shukufuku,abstract_word,kanji_only,サ変名詞,抽象物
祝賀,しゅくが,shukuga,abstract_word,kanji_only,サ変名詞,抽象物
宿願,しゅくがん,shukugan,abstract_word,kanji_only,普通名詞,抽象物
縮減,しゅくげん,shukugen,abstract_word,kanji_only,サ変名詞,抽象物
祝辞,しゅくじ,shukuji,abstract_word,kanji_only,普通名詞,抽象物
宿命,しゅくめい,shukumei,abstract_word,kanji_only,普通名詞,抽象物
祝祭,しゅくさい,shukusai,abstract_word,kanji_only,サ変名詞,抽象物
縮写,しゅくしゃ,shukusha,abstract_word,kanji_only,サ変名詞,抽象物
縮小,しゅくしょう,shukusho,abstract_word,kanji_only,サ変名詞,抽象物
祝典,しゅくてん,shukuten,abstract_word,kanji_only,普通名詞,抽象物
守旧,しゅきゅう,shukyu,abstract_word,kanji_only,普通名詞,抽象物
主命,しゅうめい,shumei,abstract_word,kanji_only,普通名詞,抽象物
峻別,しゅんべつ,shunbetsu,abstract_word,kanji_only,サ変名詞,抽象物
執念,しゅうねん,shunen,abstract_word,kanji_only,普通名詞,抽象物
竣工,しゅんこう,shunko,abstract_word,kanji_only,サ変名詞,抽象物
収納,しゅうのう,shuno,abstract_word,kanji_only,サ変名詞,抽象物
就農,しゅうのう,shuno,abstract_word,kanji_only,サ変名詞,抽象物
出発,しゅっぱつ,shuppatsu,abstract_word,kanji_only,サ変名詞,抽象物
出費,しゅっぴ,shuppi,abstract_word,kanji_only,サ変名詞,抽象物
出奔,しゅっぽん,shuppon,abstract_word,kanji_only,サ変名詞,抽象物
修羅場,しゅらば,shuraba,abstract_word,kanji_only,普通名詞,抽象物
襲来,しゅうらい,shurai,abstract_word,kanji_only,サ変名詞,抽象物
修練,しゅうれん,shuren,abstract_word,kanji_only,サ変名詞,抽象物
収斂,しゅうれん,shuren,abstract_word,kanji_only,サ変名詞,抽象物
習練,しゅうれん,shuren,abstract_word,kanji_only,サ変名詞,抽象物
修理,しゅうり,shuri,abstract_word,kanji_only,サ変名詞,抽象物
種類,しゅるい,shurui,abstract_word,kanji_only,普通名詞,抽象物
終了,しゅうりょう,shuryo,abstract_word,kanji_only,サ変名詞,抽象物
狩猟,しゅりょう,shuryo,abstract_word,kanji_only,サ変名詞,抽象物
主力,しゅりょく,shuryoku,abstract_word,kanji_only,普通名詞,抽象物
主流,しゅりゅう,shuryu,abstract_word,kanji_only,普通名詞,抽象物
収載,しゅうさい,shusai,abstract_word,kanji_only,サ変名詞,抽象物
主催,しゅさい,shusai,abstract_word,kanji_only,サ変名詞,抽象物
主宰,しゅさい,shusai,abstract_word,kanji_only,サ変名詞,抽象物
集散,しゅうさん,shusan,abstract_word,kanji_only,サ変名詞,抽象物
修正,しゅうせい,shusei,abstract_word,kanji_only,サ変名詞,抽象物
習性,しゅうせい,shusei,abstract_word,kanji_only,普通名詞,抽象物
集積,しゅうせき,shuseki,abstract_word,kanji_only,サ変名詞,抽象物
主席,しゅせき,shuseki,abstract_word,kanji_only,普通名詞,抽象物
周旋,しゅうせん,shusen,abstract_word,kanji_only,サ変名詞,抽象物
取捨,しゅしゃ,shusha,abstract_word,kanji_only,サ変名詞,抽象物
主旨,しゅし,shushi,abstract_word,kanji_only,普通名詞,抽象物
趣旨,しゅし,shushi,abstract_word,kanji_only,普通名詞,抽象物
終止符,しゅうしふ,shushifu,abstract_word,kanji_only,普通名詞,抽象物
終始一貫,しゅうしいっかん,shushiikkan,abstract_word,kanji_only,サ変名詞,抽象物
修身,しゅうしん,shushin,abstract_word,kanji_only,普通名詞,抽象物
執心,しゅうしん,shushin,abstract_word,kanji_only,サ変名詞,抽象物
主唱,しゅしょう,shusho,abstract_word,kanji_only,サ変名詞,抽象物
修飾,しゅうしょく,shushoku,abstract_word,kanji_only,サ変名詞,抽象物
収拾,しゅうしゅう,shushu,abstract_word,kanji_only,サ変名詞,抽象物
収集,しゅうしゅう,shushu,abstract_word,kanji_only,サ変名詞,抽象物
収束,しゅうそく,shusoku,abstract_word,kanji_only,サ変名詞,抽象物
終息,しゅうそく,shusoku,abstract_word,kanji_only,サ変名詞,抽象物
出席,しゅっせき,shusseki,abstract_word,kanji_only,サ変名詞,抽象物
出仕,しゅっし,shusshi,abstract_word,kanji_only,サ変名詞,抽象物
出身,しゅっしん,shusshin,abstract_word,kanji_only,普通名詞,抽象物
出水,しゅっすい,shussui,abstract_word,kanji_only,サ変名詞,抽象物
取水,しゅすい,shusui,abstract_word,kanji_only,サ変名詞,抽象物
醜態,しゅうたい,shutai,abstract_word,kanji_only,普通名詞,抽象物
主体,しゅたい,shutai,abstract_word,kanji_only,普通名詞,抽象物
集大成,しゅうたいせい,shutaisei,abstract_word,kanji_only,サ変名詞,抽象物
拾得,しゅうとく,shutoku,abstract_word,kanji_only,サ変名詞,抽象物
習得,しゅうとく,shutoku,abstract_word,kanji_only,サ変名詞,抽象物
取得,しゅとく,shutoku,abstract_word,kanji_only,サ変名詞,抽象物
出没,しゅつぼつ,shutsubotsu,abstract_word,kanji_only,サ変名詞,抽象物
出土,しゅつど,shutsudo,abstract_word,kanji_only,サ変名詞,抽象物
出動,しゅつどう,shutsudo,abstract_word,kanji_only,サ変名詞,抽象物
出願,しゅつがん,shutsugan,abstract_word,kanji_only,サ変名詞,抽象物
出現,しゅつげん,shutsugen,abstract_word,kanji_only,サ変名詞,抽象物
出自,しゅつじ,shutsuji,abstract_word,kanji_only,普通名詞,抽象物
出陣,しゅつじん,shutsujin,abstract_word,kanji_only,サ変名詞,抽象物
出漁,しゅつりょう,shutsuryo,abstract_word,kanji_only,サ変名詞,抽象物
出力,しゅつりょく,shutsuryoku,abstract_word,kanji_only,サ変名詞,抽象物
手腕,しゅわん,shuwan,abstract_word,kanji_only,普通名詞,抽象物
集約,しゅうやく,shuyaku,abstract_word,kanji_only,サ変名詞,抽象物
修養,しゅうよう,shuyo,abstract_word,kanji_only,サ変名詞,抽象物
収容,しゅうよう,shuyo,abstract_word,kanji_only,サ変名詞,抽象物
修繕,しゅうぜん,shuzen,abstract_word,kanji_only,サ変名詞,抽象物
収蔵,しゅうぞう,shuzo,abstract_word,kanji_only,サ変名詞,抽象物
相愛,そうあい,soai,abstract_word,kanji_only,普通名詞,抽象物
素案,そあん,soan,abstract_word,kanji_only,普通名詞,抽象物
創案,そうあん,soan,abstract_word,kanji_only,サ変名詞,抽象物
草案,そうあん,soan,abstract_word,kanji_only,普通名詞,抽象物
層別,そうべつ,sobetsu,abstract_word,kanji_only,普通名詞,抽象物
送別,そうべつ,sobetsu,abstract_word,kanji_only,サ変名詞,抽象物
装着,そうちゃく,sochaku,abstract_word,kanji_only,サ変名詞,抽象物
送致,そうち,sochi,abstract_word,kanji_only,サ変名詞,抽象物
措置,そち,sochi,abstract_word,kanji_only,サ変名詞,抽象物
相談,そうだん,sodan,abstract_word,kanji_only,サ変名詞,抽象物
争奪,そうだつ,sodatsu,abstract_word,kanji_only,サ変名詞,抽象物
総出,そうで,sode,abstract_word,kanji_only,普通名詞,抽象物
騒動,そうどう,sodo,abstract_word,kanji_only,普通名詞,抽象物
送付,そうふ,sofu,abstract_word,kanji_only,サ変名詞,抽象物
疎外,そがい,sogai,abstract_word,kanji_only,サ変名詞,抽象物
送迎,そうげい,sogei,abstract_word,kanji_only,サ変名詞,抽象物
争議,そうぎ,sogi,abstract_word,kanji_only,普通名詞,抽象物
相互,そうご,sogo,abstract_word,kanji_only,普通名詞,抽象物
相好,そうごう,sogo,abstract_word,kanji_only,普通名詞,抽象物
総合,そうごう,sogo,abstract_word,kanji_only,サ変名詞,抽象物
齟齬,そご,sogo,abstract_word,kanji_only,サ変名詞,抽象物
遭遇,そうぐう,sogu,abstract_word,kanji_only,サ変名詞,抽象物
走破,そうは,soha,abstract_word,kanji_only,サ変名詞,抽象物
送筆,そうひつ,sohitsu,abstract_word,kanji_only,普通名詞,抽象物
双方,そうほう,soho,abstract_word,kanji_only,普通名詞,抽象物
双方向,そうほうこう,sohoko,abstract_word,kanji_only,普通名詞,抽象物
総評,そうひょう,sohyo,abstract_word,kanji_only,サ変名詞,抽象物
創意,そうい,soi,abstract_word,kanji_only,普通名詞,抽象物
相違,そうい,soi,abstract_word,kanji_only,サ変名詞,抽象物
総意,そうい,soi,abstract_word,kanji_only,普通名詞,抽象物
相似,そうじ,soji,abstract_word,kanji_only,サ変名詞,抽象物
相乗,そうじょう,sojo,abstract_word,kanji_only,サ変名詞,抽象物
遡上,そじょう,sojo,abstract_word,kanji_only,サ変名詞,抽象物
総会,そうかい,sokai,abstract_word,kanji_only,普通名詞,抽象物
疎開,そかい,sokai,abstract_word,kanji_only,サ変名詞,抽象物
相関,そうかん,sokan,abstract_word,kanji_only,サ変名詞,抽象物
総括,そうかつ,sokatsu,abstract_word,kanji_only,サ変名詞,抽象物
早計,そうけい,sokei,abstract_word,kanji_only,普通名詞,抽象物
総見,そうけん,soken,abstract_word,kanji_only,サ変名詞,抽象物
想起,そうき,soki,abstract_word,kanji_only,サ変名詞,抽象物
即決,そっけつ,sokketsu,abstract_word,kanji_only,サ変名詞,抽象物
速記,そっき,sokki,abstract_word,kanji_only,サ変名詞,抽象物
即効,そっこう,sokko,abstract_word,kanji_only,普通名詞,抽象物
速攻,そっこう,sokko,abstract_word,kanji_only,サ変名詞,抽象物
即興,そっきょう,sokkyo,abstract_word,kanji_only,普通名詞,抽象物
壮行,そうこう,soko,abstract_word,kanji_only,普通名詞,抽象物
奏功,そうこう,soko,abstract_word,kanji_only,サ変名詞,抽象物
装甲,そうこう,soko,abstract_word,kanji_only,サ変名詞,抽象物
素行,そこう,soko,abstract_word,kanji_only,普通名詞,抽象物
底力,そこぢから,sokojikara,abstract_word,kanji_only,普通名詞,抽象物
其所彼所,そこかしこ,sokokashiko,abstract_word,kanji_only,普通名詞,抽象物
則,そく,soku,abstract_word,kanji_only,普通名詞,抽象物
測,そく,soku,abstract_word,kanji_only,普通名詞,抽象物
束縛,そくばく,sokubaku,abstract_word,kanji_only,サ変名詞,抽象物
即断,そくだん,sokudan,abstract_word,kanji_only,サ変名詞,抽象物
即発,そくはつ,sokuhatsu,abstract_word,kanji_only,サ変名詞,抽象物
即応,そくおう,sokuo,abstract_word,kanji_only,サ変名詞,抽象物
測量,そくりょう,sokuryo,abstract_word,kanji_only,サ変名詞,抽象物
息災,そくさい,sokusai,abstract_word,kanji_only,普通名詞,抽象物
促成,そくせい,sokusei,abstract_word,kanji_only,サ変名詞,抽象物
速成,そくせい,sokusei,abstract_word,kanji_only,サ変名詞,抽象物
即席,そくせき,sokuseki,abstract_word,kanji_only,普通名詞,抽象物
即戦力,そくせんりょく,sokusenryoku,abstract_word,kanji_only,普通名詞,抽象物
促進,そくしん,sokushin,abstract_word,kanji_only,サ変名詞,抽象物
速達,そくたつ,sokutatsu,abstract_word,kanji_only,サ変名詞,抽象物
測定,そくてい,sokutei,abstract_word,kanji_only,サ変名詞,抽象物
即答,そくとう,sokuto,abstract_word,kanji_only,サ変名詞,抽象物
即座,そくざ,sokuza,abstract_word,kanji_only,普通名詞,抽象物
壮挙,そうきょ,sokyo,abstract_word,kanji_only,普通名詞,抽象物
遡及,そきゅう,sokyu,abstract_word,kanji_only,サ変名詞,抽象物
存亡,そんぼう,sonbo,abstract_word,kanji_only,普通名詞,抽象物
尊重,そんちょう,soncho,abstract_word,kanji_only,サ変名詞,抽象物
損害,そんがい,songai,abstract_word,kanji_only,サ変名詞,抽象物
損壊,そんかい,sonkai,abstract_word,kanji_only,サ変名詞,抽象物
尊敬,そんけい,sonkei,abstract_word,kanji_only,サ変名詞,抽象物
其分,そのぶん,sonobun,abstract_word,kanji_only,普通名詞,抽象物
其道,そのみち,sonomichi,abstract_word,kanji_only,普通名詞,抽象物
其物,そのもの,sonomono,abstract_word,kanji_only,普通名詞,抽象物
存廃,そんぱい,sonpai,abstract_word,kanji_only,普通名詞,抽象物
存立,そんりつ,sonritsu,abstract_word,kanji_only,サ変名詞,抽象物
損失,そんしつ,sonshitsu,abstract_word,kanji_only,普通名詞,抽象物
遜色,そんしょく,sonshoku,abstract_word,kanji_only,普通名詞,抽象物
損得,そんとく,sontoku,abstract_word,kanji_only,普通名詞,抽象物
挿入,そうにゅう,sonyu,abstract_word,kanji_only,サ変名詞,抽象物
存在,そんざい,sonzai,abstract_word,kanji_only,サ変名詞,抽象物
存続,そんぞく,sonzoku,abstract_word,kanji_only,サ変名詞,抽象物
空言,そらごと,soragoto,abstract_word,kanji_only,普通名詞,抽象物
空耳,そらみみ,soramimi,abstract_word,kanji_only,普通名詞,抽象物
空模様,そらもよう,soramoyo,abstract_word,kanji_only,普通名詞,抽象物
騒乱,そうらん,soran,abstract_word,kanji_only,普通名詞,抽象物
空似,そらに,sorani,abstract_word,kanji_only,普通名詞,抽象物
創立,そうりつ,soritsu,abstract_word,kanji_only,サ変名詞,抽象物
総論,そうろん,soron,abstract_word,kanji_only,普通名詞,抽象物
総力,そうりょく,soryoku,abstract_word,kanji_only,普通名詞,抽象物
操作,そうさ,sosa,abstract_word,kanji_only,サ変名詞,抽象物
創作,そうさく,sosaku,abstract_word,kanji_only,サ変名詞,抽象物
創世,そうせい,sosei,abstract_word,kanji_only,普通名詞,抽象物
創成,そうせい,sosei,abstract_word,kanji_only,サ変名詞,抽象物
組成,そせい,sosei,abstract_word,kanji_only,サ変名詞,抽象物
粗製乱造,そせいらんぞう,soseiranzo,abstract_word,kanji_only,サ変名詞,抽象物
創設,そうせつ,sosetsu,abstract_word,kanji_only,サ変名詞,抽象物
創始,そうし,soshi,abstract_word,kanji_only,サ変名詞,抽象物
阻止,そし,soshi,abstract_word,kanji_only,サ変名詞,抽象物
喪失,そうしつ,soshitsu,abstract_word,kanji_only,サ変名詞,抽象物
素質,そしつ,soshitsu,abstract_word,kanji_only,普通名詞,抽象物
総称,そうしょう,sosho,abstract_word,kanji_only,サ変名詞,抽象物
草食,そうしょく,soshoku,abstract_word,kanji_only,サ変名詞,抽象物
装飾,そうしょく,soshoku,abstract_word,kanji_only,サ変名詞,抽象物
総則,そうそく,sosoku,abstract_word,kanji_only,普通名詞,抽象物
率先,そっせん,sossen,abstract_word,kanji_only,サ変名詞,抽象物
送水,そうすい,sosui,abstract_word,kanji_only,サ変名詞,抽象物
相対,そうたい,sotai,abstract_word,kanji_only,普通名詞,抽象物
送達,そうたつ,sotatsu,abstract_word,kanji_only,サ変名詞,抽象物
想定,そうてい,sotei,abstract_word,kanji_only,サ変名詞,抽象物
争点,そうてん,soten,abstract_word,kanji_only,普通名詞,抽象物
装填,そうてん,soten,abstract_word,kanji_only,サ変名詞,抽象物
相当,そうとう,soto,abstract_word,kanji_only,サ変名詞,抽象物
疎通,そつう,sotsu,abstract_word,kanji_only,サ変名詞,抽象物
卒倒,そっとう,sotto,abstract_word,kanji_only,サ変名詞,抽象物
素養,そよう,soyo,abstract_word,kanji_only,普通名詞,抽象物
創造,そうぞう,sozo,abstract_word,kanji_only,サ変名詞,抽象物
想像,そうぞう,sozo,abstract_word,kanji_only,サ変名詞,抽象物
素手,すで,sude,abstract_word,kanji_only,普通名詞,抽象物
粋,すい,sui,abstract_word,kanji_only,普通名詞,抽象物
水圧,すいあつ,suiatsu,abstract_word,kanji_only,普通名詞,抽象物
衰亡,すいぼう,suibo,abstract_word,kanji_only,サ変名詞,抽象物
水没,すいぼつ,suibotsu,abstract_word,kanji_only,サ変名詞,抽象物
水害,すいがい,suigai,abstract_word,kanji_only,普通名詞,抽象物
垂範,すいはん,suihan,abstract_word,kanji_only,サ変名詞,抽象物
推移,すいい,suii,abstract_word,kanji_only,サ変名詞,抽象物
水位,すいい,suii,abstract_word,kanji_only,普通名詞,抽象物
水準,すいじゅん,suijun,abstract_word,kanji_only,普通名詞,抽象物
推計,すいけい,suikei,abstract_word,kanji_only,サ変名詞,抽象物
遂行,すいこう,suiko,abstract_word,kanji_only,サ変名詞,抽象物
推挙,すいきょ,suikyo,abstract_word,kanji_only,サ変名詞,抽象物
酔狂,すいきょう,suikyo,abstract_word,kanji_only,普通名詞,抽象物
水明,すいめい,suimei,abstract_word,kanji_only,普通名詞,抽象物
水難,すいなん,suinan,abstract_word,kanji_only,普通名詞,抽象物
推理,すいり,suiri,abstract_word,kanji_only,サ変名詞,抽象物
水利,すいり,suiri,abstract_word,kanji_only,普通名詞,抽象物
推量,すいりょう,suiryo,abstract_word,kanji_only,サ変名詞,抽象物
水流,すいりゅう,suiryu,abstract_word,kanji_only,普通名詞,抽象物
水彩,すいさい,suisai,abstract_word,kanji_only,普通名詞,抽象物
水産,すいさん,suisan,abstract_word,kanji_only,普通名詞,抽象物
推察,すいさつ,suisatsu,abstract_word,kanji_only,サ変名詞,抽象物
水勢,すいせい,suisei,abstract_word,kanji_only,普通名詞,抽象物
推薦,すいせん,suisen,abstract_word,kanji_only,サ変名詞,抽象物
推進,すいしん,suishin,abstract_word,kanji_only,サ変名詞,抽象物
水質,すいしつ,suishitsu,abstract_word,kanji_only,普通名詞,抽象物
推奨,すいしょう,suisho,abstract_word,kanji_only,サ変名詞,抽象物
推測,すいそく,suisoku,abstract_word,kanji_only,サ変名詞,抽象物
衰退,すいたい,suitai,abstract_word,kanji_only,サ変名詞,抽象物
推定,すいてい,suitei,abstract_word,kanji_only,サ変名詞,抽象物
水溶,すいよう,suiyo,abstract_word,kanji_only,サ変名詞,抽象物
筋道,すじみち,sujimichi,abstract_word,kanji_only,普通名詞,抽象物
素性,すじょう,sujo,abstract_word,kanji_only,普通名詞,抽象物
助太刀,すけだち,sukedachi,abstract_word,kanji_only,サ変名詞,抽象物
隅々,すみずみ,sumizumi,abstract_word,kanji_only,普通名詞,抽象物
寸断,すんだん,sundan,abstract_word,kanji_only,サ変名詞,抽象物
趨勢,すうせい,susei,abstract_word,kanji_only,普通名詞,抽象物
他愛,たあい,taai,abstract_word,kanji_only,普通名詞,
立場,たちば,tachiba,abstract_word,kanji_only,普通名詞,抽象物
立入,たちいり,tachiiri,abstract_word,kanji_only,普通名詞,抽象物
只事,ただごと,tadagoto,abstract_word,kanji_only,普通名詞,抽象物
多読,たどく,tadoku,abstract_word,kanji_only,サ変名詞,抽象物
多元,たげん,tagen,abstract_word,kanji_only,普通名詞,抽象物
多言,たげん,tagen,abstract_word,kanji_only,サ変名詞,抽象物
他言,たごん,tagon,abstract_word,kanji_only,サ変名詞,抽象物
多発,たはつ,tahatsu,abstract_word,kanji_only,サ変名詞,抽象物
他意,たい,tai,abstract_word,kanji_only,普通名詞,抽象物
対,たい,tai,abstract_word,kanji_only,普通名詞,抽象物
対案,たいあん,taian,abstract_word,kanji_only,普通名詞,抽象物
大別,たいべつ,taibetsu,abstract_word,kanji_only,サ変名詞,抽象物
待望,たいぼう,taibo,abstract_word,kanji_only,サ変名詞,抽象物
耐乏,たいぼう,taibo,abstract_word,kanji_only,サ変名詞,抽象物
退潮,たいちょう,taicho,abstract_word,kanji_only,サ変名詞,抽象物
対談,たいだん,taidan,abstract_word,kanji_only,サ変名詞,抽象物
態度,たいど,taido,abstract_word,kanji_only,普通名詞,抽象物
帯同,たいどう,taido,abstract_word,kanji_only,サ変名詞,抽象物
台風,たいふう,taifu,abstract_word,kanji_only,普通名詞,抽象物
対外,たいがい,taigai,abstract_word,kanji_only,普通名詞,抽象物
体現,たいげん,taigen,abstract_word,kanji_only,サ変名詞,抽象物
大言壮語,たいげんそうご,taigensogo,abstract_word,kanji_only,サ変名詞,抽象物
大義,たいぎ,taigi,abstract_word,kanji_only,普通名詞,抽象物
待遇,たいぐう,taigu,abstract_word,kanji_only,サ変名詞,抽象物
大群,たいぐん,taigun,abstract_word,kanji_only,普通名詞,抽象物
大破,たいは,taiha,abstract_word,kanji_only,サ変名詞,抽象物
退廃,たいはい,taihai,abstract_word,kanji_only,サ変名詞,抽象物
対比,たいひ,taihi,abstract_word,kanji_only,サ変名詞,抽象物
退避,たいひ,taihi,abstract_word,kanji_only,サ変名詞,抽象物
退歩,たいほ,taiho,abstract_word,kanji_only,サ変名詞,抽象物
大意,たいい,taii,abstract_word,kanji_only,普通名詞,抽象物
対峙,たいじ,taiji,abstract_word,kanji_only,サ変名詞,抽象物
退治,たいじ,taiji,abstract_word,kanji_only,サ変名詞,抽象物
対人,たいじん,taijin,abstract_word,kanji_only,普通名詞,抽象物
大火,たいか,taika,abstract_word,kanji_only,普通名詞,抽象物
耐火,たいか,taika,abstract_word,kanji_only,普通名詞,抽象物
退化,たいか,taika,abstract_word,kanji_only,サ変名詞,抽象物
大会,たいかい,taikai,abstract_word,kanji_only,普通名詞,抽象物
退会,たいかい,taikai,abstract_word,kanji_only,サ変名詞,抽象物
体格,たいかく,taikaku,abstract_word,kanji_only,普通名詞,抽象物
体感,たいかん,taikan,abstract_word,kanji_only,普通名詞,抽象物
大観,たいかん,taikan,abstract_word,kanji_only,サ変名詞,抽象物
耐寒,たいかん,taikan,abstract_word,kanji_only,普通名詞,抽象物
体系,たいけい,taikei,abstract_word,kanji_only,普通名詞,抽象物
大計,たいけい,taikei,abstract_word,kanji_only,普通名詞,抽象物
体験,たいけん,taiken,abstract_word,kanji_only,サ変名詞,抽象物
待機,たいき,taiki,abstract_word,kanji_only,サ変名詞,抽象物
大器晩成,たいきばんせい,taikibansei,abstract_word,kanji_only,普通名詞,抽象物
大綱,たいこう,taiko,abstract_word,kanji_only,普通名詞,抽象物
太鼓判,たいこばん,taikoban,abstract_word,kanji_only,普通名詞,抽象物
退屈,たいくつ,taikutsu,abstract_word,kanji_only,サ変名詞,抽象物
退却,たいきゃく,taikyaku,abstract_word,kanji_only,サ変名詞,抽象物
大挙,たいきょ,taikyo,abstract_word,kanji_only,サ変名詞,抽象物
退去,たいきょ,taikyo,abstract_word,kanji_only,サ変名詞,抽象物
大局,たいきょく,taikyoku,abstract_word,kanji_only,普通名詞,抽象物
対極,たいきょく,taikyoku,abstract_word,kanji_only,普通名詞,抽象物
耐久,たいきゅう,taikyu,abstract_word,kanji_only,普通名詞,抽象物
待命,たいめい,taimei,abstract_word,kanji_only,サ変名詞,抽象物
対面,たいめん,taimen,abstract_word,kanji_only,サ変名詞,抽象物
大望,たいもう,taimo,abstract_word,kanji_only,普通名詞,抽象物
大望,たいもう,taimo,abstract_word,kanji_only,普通名詞,抽象物
大任,たいにん,tainin,abstract_word,kanji_only,普通名詞,抽象物
対応,たいおう,taio,abstract_word,kanji_only,サ変名詞,抽象物
大輪,たいりん,tairin,abstract_word,kanji_only,普通名詞,抽象物
対立,たいりつ,tairitsu,abstract_word,kanji_only,サ変名詞,抽象物
退路,たいろ,tairo,abstract_word,kanji_only,普通名詞,抽象物
大漁,たいりょう,tairyo,abstract_word,kanji_only,普通名詞,抽象物
体力,たいりょく,tairyoku,abstract_word,kanji_only,普通名詞,抽象物
滞留,たいりゅう,tairyu,abstract_word,kanji_only,サ変名詞,抽象物
大差,たいさ,taisa,abstract_word,kanji_only,普通名詞,抽象物
大作,たいさく,taisaku,abstract_word,kanji_only,普通名詞,抽象物
対策,たいさく,taisaku,abstract_word,kanji_only,普通名詞,抽象物
退散,たいさん,taisan,abstract_word,kanji_only,サ変名詞,抽象物
体制,たいせい,taisei,abstract_word,kanji_only,普通名詞,抽象物
体勢,たいせい,taisei,abstract_word,kanji_only,普通名詞,抽象物
大成,たいせい,taisei,abstract_word,kanji_only,サ変名詞,抽象物
態勢,たいせい,taisei,abstract_word,kanji_only,普通名詞,抽象物
耐性,たいせい,taisei,abstract_word,kanji_only,普通名詞,抽象物
堆積,たいせき,taiseki,abstract_word,kanji_only,サ変名詞,抽象物
退席,たいせき,taiseki,abstract_word,kanji_only,サ変名詞,抽象物
大志,たいし,taishi,abstract_word,kanji_only,普通名詞,抽象物
耐震,たいしん,taishin,abstract_word,kanji_only,普通名詞,抽象物
体質,たいしつ,taishitsu,abstract_word,kanji_only,普通名詞,抽象物
退室,たいしつ,taishitsu,abstract_word,kanji_only,サ変名詞,抽象物
対処,たいしょ,taisho,abstract_word,kanji_only,サ変名詞,抽象物
大賞,たいしょう,taisho,abstract_word,kanji_only,普通名詞,抽象物
対照,たいしょう,taisho,abstract_word,kanji_only,サ変名詞,抽象物
対称,たいしょう,taisho,abstract_word,kanji_only,普通名詞,抽象物
対象,たいしょう,taisho,abstract_word,kanji_only,普通名詞,抽象物
貸出,たいしゅつ,taishutsu,abstract_word,kanji_only,サ変名詞,抽象物
退出,たいしゅつ,taishutsu,abstract_word,kanji_only,サ変名詞,抽象物
耐水,たいすい,taisui,abstract_word,kanji_only,普通名詞,抽象物
台頭,たいとう,taito,abstract_word,kanji_only,サ変名詞,抽象物
体得,たいとく,taitoku,abstract_word,kanji_only,サ変名詞,抽象物
対話,たいわ,taiwa,abstract_word,kanji_only,サ変名詞,抽象物
大役,たいやく,taiyaku,abstract_word,kanji_only,普通名詞,抽象物
貸与,たいよ,taiyo,abstract_word,kanji_only,サ変名詞,抽象物
大要,たいよう,taiyo,abstract_word,kanji_only,普通名詞,抽象物
態様,たいよう,taiyo,abstract_word,kanji_only,普通名詞,抽象物
耐用,たいよう,taiyo,abstract_word,kanji_only,普通名詞,抽象物
滞在,たいざい,taizai,abstract_word,kanji_only,サ変名詞,抽象物
多重,たじゅう,taju,abstract_word,kanji_only,普通名詞,抽象物
多角,たかく,takaku,abstract_word,kanji_only,普通名詞,抽象物
高波,たかなみ,takanami,abstract_word,kanji_only,普通名詞,抽象物
宝物,たからもの,takaramono,abstract_word,kanji_only,普通名詞,抽象物
高潮,たかしお,takashio,abstract_word,kanji_only,普通名詞,抽象物
竹取,たけとり,taketori,abstract_word,kanji_only,普通名詞,抽象物
達観,たっかん,takkan,abstract_word,kanji_only,サ変名詞,抽象物
卓見,たっけん,takken,abstract_word,kanji_only,普通名詞,抽象物
卓越,たくえつ,takuetsu,abstract_word,kanji_only,サ変名詞,抽象物
為,ため,tame,abstract_word,kanji_only,普通名詞,抽象物
多毛作,たもうさく,tamosaku,abstract_word,kanji_only,普通名詞,抽象物
短,たん,tan,abstract_word,kanji_only,普通名詞,抽象物
耽美,たんび,tanbi,abstract_word,kanji_only,普通名詞,抽象物
探訪,たんぼう,tanbo,abstract_word,kanji_only,サ変名詞,抽象物
短文,たんぶん,tanbun,abstract_word,kanji_only,普通名詞,抽象物
探知,たんち,tanchi,abstract_word,kanji_only,サ変名詞,抽象物
単独,たんどく,tandoku,abstract_word,kanji_only,普通名詞,抽象物
単眼,たんがん,tangan,abstract_word,kanji_only,普通名詞,抽象物
単語,たんご,tango,abstract_word,kanji_only,普通名詞,抽象物
単位,たんい,tani,abstract_word,kanji_only,普通名詞,抽象物
啖呵,たんか,tanka,abstract_word,kanji_only,普通名詞,抽象物
炭化,たんか,tanka,abstract_word,kanji_only,サ変名詞,抽象物
探検,たんけん,tanken,abstract_word,kanji_only,サ変名詞,抽象物
探求,たんきゅう,tankyu,abstract_word,kanji_only,サ変名詞,抽象物
探究,たんきゅう,tankyu,abstract_word,kanji_only,サ変名詞,抽象物
堪能,たんのう,tanno,abstract_word,kanji_only,サ変名詞,抽象物
単発,たんぱつ,tanpatsu,abstract_word,kanji_only,普通名詞,抽象物
短髪,たんぱつ,tanpatsu,abstract_word,kanji_only,普通名詞,抽象物
短絡,たんらく,tanraku,abstract_word,kanji_only,サ変名詞,抽象物
鍛錬,たんれん,tanren,abstract_word,kanji_only,サ変名詞,抽象物
丹精,たんせい,tansei,abstract_word,kanji_only,サ変名詞,抽象物
嘆声,たんせい,tansei,abstract_word,kanji_only,普通名詞,抽象物
短所,たんしょ,tansho,abstract_word,kanji_only,普通名詞,抽象物
端緒,たんしょ,tansho,abstract_word,kanji_only,普通名詞,抽象物
短縮,たんしゅく,tanshuku,abstract_word,kanji_only,サ変名詞,抽象物
嘆息,たんそく,tansoku,abstract_word,kanji_only,サ変名詞,抽象物
担当,たんとう,tanto,abstract_word,kanji_only,サ変名詞,抽象物
鍛造,たんぞう,tanzo,abstract_word,kanji_only,サ変名詞,抽象物
他力,たりき,tariki,abstract_word,kanji_only,普通名詞,抽象物
多作,たさく,tasaku,abstract_word,kanji_only,サ変名詞,抽象物
多産,たさん,tasan,abstract_word,kanji_only,普通名詞,抽象物
他薦,たせん,tasen,abstract_word,kanji_only,サ変名詞,抽象物
多湿,たしつ,tashitsu,abstract_word,kanji_only,普通名詞,抽象物
多層,たそう,taso,abstract_word,kanji_only,普通名詞,抽象物
達成,たっせい,tassei,abstract_word,kanji_only,サ変名詞,抽象物
多数決,たすうけつ,tasuketsu,abstract_word,kanji_only,普通名詞,抽象物
竜巻,たつまき,tatsumaki,abstract_word,kanji_only,普通名詞,抽象物
戯言,たわごと,tawagoto,abstract_word,kanji_only,普通名詞,抽象物
多用,たよう,tayo,abstract_word,kanji_only,サ変名詞,抽象物
手練,てだれ,tedare,abstract_word,kanji_only,普通名詞,抽象物
手柄,てがら,tegara,abstract_word,kanji_only,普通名詞,抽象物
手際,てぎわ,tegiwa,abstract_word,kanji_only,普通名詞,抽象物
手心,てごころ,tegokoro,abstract_word,kanji_only,普通名詞,抽象物
手口,てぐち,teguchi,abstract_word,kanji_only,普通名詞,抽象物
手配,てはい,tehai,abstract_word,kanji_only,サ変名詞,抽象物
手筈,てはず,tehazu,abstract_word,kanji_only,普通名詞,抽象物
低,てい,tei,abstract_word,kanji_only,普通名詞,抽象物
定,てい,tei,abstract_word,kanji_only,普通名詞,抽象物
提案,ていあん,teian,abstract_word,kanji_only,サ変名詞,抽象物
定番,ていばん,teiban,abstract_word,kanji_only,普通名詞,抽象物
定着,ていちゃく,teichaku,abstract_word,kanji_only,サ変名詞,抽象物
程度,ていど,teido,abstract_word,kanji_only,普通名詞,抽象物
低減,ていげん,teigen,abstract_word,kanji_only,サ変名詞,抽象物
定評,ていひょう,teihyo,abstract_word,kanji_only,普通名詞,抽象物
提示,ていじ,teiji,abstract_word,kanji_only,サ変名詞,抽象物
低下,ていか,teika,abstract_word,kanji_only,サ変名詞,抽象物
定見,ていけん,teiken,abstract_word,kanji_only,普通名詞,抽象物
締結,ていけつ,teiketsu,abstract_word,kanji_only,サ変名詞,抽象物
定期,ていき,teiki,abstract_word,kanji_only,普通名詞,抽象物
提起,ていき,teiki,abstract_word,kanji_only,サ変名詞,抽象物
抵抗,ていこう,teiko,abstract_word,kanji_only,サ変名詞,抽象物
提供,ていきょう,teikyo,abstract_word,kanji_only,サ変名詞,抽象物
低迷,ていめい,teimei,abstract_word,kanji_only,サ変名詞,抽象物
低音,ていおん,teion,abstract_word,kanji_only,普通名詞,抽象物
低落,ていらく,teiraku,abstract_word,kanji_only,サ変名詞,抽象物
定例,ていれい,teirei,abstract_word,kanji_only,普通名詞,抽象物
低廉,ていれん,teiren,abstract_word,kanji_only,普通名詞,抽象物
定率,ていりつ,teiritsu,abstract_word,kanji_only,普通名詞,抽象物
鼎立,ていりつ,teiritsu,abstract_word,kanji_only,サ変名詞,抽象物
底流,ていりゅう,teiryu,abstract_word,kanji_only,サ変名詞,抽象物
偵察,ていさつ,teisatsu,abstract_word,kanji_only,サ変名詞,抽象物
訂正,ていせい,teisei,abstract_word,kanji_only,サ変名詞,抽象物
停止,ていし,teishi,abstract_word,kanji_only,サ変名詞,抽象物
挺身,ていしん,teishin,abstract_word,kanji_only,サ変名詞,抽象物
提唱,ていしょう,teisho,abstract_word,kanji_only,サ変名詞,抽象物
抵触,ていしょく,teishoku,abstract_word,kanji_only,サ変名詞,抽象物
提出,ていしゅつ,teishutsu,abstract_word,kanji_only,サ変名詞,抽象物
低層,ていそう,teiso,abstract_word,kanji_only,普通名詞,抽象物
停滞,ていたい,teitai,abstract_word,kanji_only,サ変名詞,抽象物
手順,てじゅん,tejun,abstract_word,kanji_only,普通名詞,抽象物
手加減,てかげん,tekagen,abstract_word,kanji_only,サ変名詞,抽象物
的中,てきちゅう,tekichu,abstract_word,kanji_only,サ変名詞,抽象物
適合,てきごう,tekigo,abstract_word,kanji_only,サ変名詞,抽象物
適否,てきひ,tekihi,abstract_word,kanji_only,普通名詞,抽象物
敵意,てきい,tekii,abstract_word,kanji_only,普通名詞,抽象物
適応,てきおう,tekio,abstract_word,kanji_only,サ変名詞,抽象物
適性,てきせい,tekisei,abstract_word,kanji_only,普通名詞,抽象物
敵視,てきし,tekishi,abstract_word,kanji_only,サ変名詞,抽象物
適所,てきしょ,tekisho,abstract_word,kanji_only,普通名詞,抽象物
敵対,てきたい,tekitai,abstract_word,kanji_only,サ変名詞,抽象物
適用,てきよう,tekiyo,abstract_word,kanji_only,サ変名詞,抽象物
撤回,てっかい,tekkai,abstract_word,kanji_only,サ変名詞,抽象物
撤去,てっきょ,tekkyo,abstract_word,kanji_only,サ変名詞,抽象物
手癖,てくせ,tekuse,abstract_word,kanji_only,普通名詞,抽象物
手間隙,てまひま,temahima,abstract_word,kanji_only,普通名詞,抽象物
典,てん,ten,abstract_word,kanji_only,普通名詞,抽象物
展,てん,ten,abstract_word,kanji_only,普通名詞,抽象物
転,てん,ten,abstract_word,kanji_only,普通名詞,抽象物
天罰,てんばつ,tenbatsu,abstract_word,kanji_only,普通名詞,抽象物
展望,てんぼう,tenbo,abstract_word,kanji_only,サ変名詞,抽象物
天分,てんぶん,tenbun,abstract_word,kanji_only,普通名詞,抽象物
転地,てんち,tenchi,abstract_word,kanji_only,サ変名詞,抽象物
添加,てんか,tenka,abstract_word,kanji_only,サ変名詞,抽象物
点火,てんか,tenka,abstract_word,kanji_only,サ変名詞,抽象物
転化,てんか,tenka,abstract_word,kanji_only,サ変名詞,抽象物
転嫁,てんか,tenka,abstract_word,kanji_only,サ変名詞,抽象物
展開,てんかい,tenkai,abstract_word,kanji_only,サ変名詞,抽象物
転回,てんかい,tenkai,abstract_word,kanji_only,サ変名詞,抽象物
天下一,てんかいち,tenkaichi,abstract_word,kanji_only,普通名詞,抽象物
点画,てんかく,tenkaku,abstract_word,kanji_only,普通名詞,抽象物
転換,てんかん,tenkan,abstract_word,kanji_only,サ変名詞,抽象物
典型,てんけい,tenkei,abstract_word,kanji_only,普通名詞,抽象物
点検,てんけん,tenken,abstract_word,kanji_only,サ変名詞,抽象物
天気,てんき,tenki,abstract_word,kanji_only,普通名詞,抽象物
転機,てんき,tenki,abstract_word,kanji_only,普通名詞,抽象物
転記,てんき,tenki,abstract_word,kanji_only,サ変名詞,抽象物
点呼,てんこ,tenko,abstract_word,kanji_only,サ変名詞,抽象物
天候,てんこう,tenko,abstract_word,kanji_only,普通名詞,抽象物
転向,てんこう,tenko,abstract_word,kanji_only,サ変名詞,抽象物
顛末,てんまつ,tenmatsu,abstract_word,kanji_only,普通名詞,抽象物
天命,てんめい,tenmei,abstract_word,kanji_only,普通名詞,抽象物
点滅,てんめつ,tenmetsu,abstract_word,kanji_only,サ変名詞,抽象物
天然,てんねん,tennen,abstract_word,kanji_only,普通名詞,抽象物
天変,てんぺん,tenpen,abstract_word,kanji_only,普通名詞,抽象物
天日,てんぴ,tenpi,abstract_word,kanji_only,普通名詞,抽象物
添付,てんぷ,tenpu,abstract_word,kanji_only,サ変名詞,抽象物
転落,てんらく,tenraku,abstract_word,kanji_only,サ変名詞,抽象物
天理,てんり,tenri,abstract_word,kanji_only,普通名詞,抽象物
天災,てんさい,tensai,abstract_word,kanji_only,普通名詞,抽象物
転作,てんさく,tensaku,abstract_word,kanji_only,サ変名詞,抽象物
天性,てんせい,tensei,abstract_word,kanji_only,普通名詞,抽象物
転生,てんせい,tensei,abstract_word,kanji_only,サ変名詞,抽象物
転身,てんしん,tenshin,abstract_word,kanji_only,サ変名詞,抽象物
転進,てんしん,tenshin,abstract_word,kanji_only,サ変名詞,抽象物
転送,てんそう,tenso,abstract_word,kanji_only,サ変名詞,抽象物
点灯,てんとう,tento,abstract_word,kanji_only,サ変名詞,抽象物
転倒,てんとう,tento,abstract_word,kanji_only,サ変名詞,抽象物
転用,てんよう,tenyo,abstract_word,kanji_only,サ変名詞,抽象物
点在,てんざい,tenzai,abstract_word,kanji_only,サ変名詞,抽象物
鉄砲水,てっぽうみず,teppomizu,abstract_word,kanji_only,普通名詞,抽象物
撤収,てっしゅう,tesshu,abstract_word,kanji_only,サ変名詞,抽象物
鉄則,てっそく,tessoku,abstract_word,kanji_only,普通名詞,抽象物
手数,てすう,tesu,abstract_word,kanji_only,普通名詞,抽象物
手番,てつがい,tetsugai,abstract_word,kanji_only,普通名詞,抽象物
鉄製,てつせい,tetsusei,abstract_word,kanji_only,普通名詞,抽象物
鉄腕,てつわん,tetsuwan,abstract_word,kanji_only,普通名詞,抽象物
撤退,てったい,tettai,abstract_word,kanji_only,サ変名詞,抽象物
徹底,てってい,tettei,abstract_word,kanji_only,サ変名詞,抽象物
手蔓,てづる,tezuru,abstract_word,kanji_only,普通名詞,抽象物
遠浅,とおあさ,toasa,abstract_word,kanji_only,普通名詞,抽象物
逃亡,とうぼう,tobo,abstract_word,kanji_only,サ変名詞,抽象物
等分,とうぶん,tobun,abstract_word,kanji_only,サ変名詞,抽象物
到着,とうちゃく,tochaku,abstract_word,kanji_only,サ変名詞,抽象物
土地柄,とちがら,tochigara,abstract_word,kanji_only,普通名詞,抽象物
登頂,とうちょう,tocho,abstract_word,kanji_only,サ変名詞,抽象物
途中,とちゅう,tochu,abstract_word,kanji_only,時相名詞,抽象物
当代,とうだい,todai,abstract_word,kanji_only,時相名詞,抽象物
登壇,とうだん,todan,abstract_word,kanji_only,サ変名詞,抽象物
遠出,とおで,tode,abstract_word,kanji_only,サ変名詞,抽象物
届,とどけ,todoke,abstract_word,kanji_only,普通名詞,抽象物
十重二十重,とえはたえ,toehatae,abstract_word,kanji_only,普通名詞,抽象物
投影,とうえい,toei,abstract_word,kanji_only,サ変名詞,抽象物
討議,とうぎ,togi,abstract_word,kanji_only,サ変名詞,抽象物
投合,とうごう,togo,abstract_word,kanji_only,サ変名詞,抽象物
統合,とうごう,togo,abstract_word,kanji_only,サ変名詞,抽象物
統御,とうぎょ,togyo,abstract_word,kanji_only,サ変名詞,抽象物
踏破,とうは,toha,abstract_word,kanji_only,サ変名詞,抽象物
当否,とうひ,tohi,abstract_word,kanji_only,普通名詞,抽象物
逃避,とうひ,tohi,abstract_word,kanji_only,サ変名詞,抽象物
途方,とほう,toho,abstract_word,kanji_only,普通名詞,抽象物
吐息,といき,toiki,abstract_word,kanji_only,サ変名詞,抽象物
統一,とういつ,toitsu,abstract_word,kanji_only,サ変名詞,抽象物
当事,とうじ,toji,abstract_word,kanji_only,普通名詞,抽象物
登場,とうじょう,tojo,abstract_word,kanji_only,サ変名詞,抽象物
投下,とうか,toka,abstract_word,kanji_only,サ変名詞,抽象物
透過,とうか,toka,abstract_word,kanji_only,サ変名詞,抽象物
倒壊,とうかい,tokai,abstract_word,kanji_only,サ変名詞,抽象物
頭角,とうかく,tokaku,abstract_word,kanji_only,普通名詞,抽象物
等閑,とうかん,tokan,abstract_word,kanji_only,普通名詞,抽象物
統括,とうかつ,tokatsu,abstract_word,kanji_only,サ変名詞,抽象物
統計,とうけい,tokei,abstract_word,kanji_only,サ変名詞,抽象物
凍結,とうけつ,toketsu,abstract_word,kanji_only,サ変名詞,抽象物
投棄,とうき,toki,abstract_word,kanji_only,サ変名詞,抽象物
突貫,とっかん,tokkan,abstract_word,kanji_only,サ変名詞,抽象物
特権,とっけん,tokken,abstract_word,kanji_only,普通名詞,抽象物
特記,とっき,tokki,abstract_word,kanji_only,サ変名詞,抽象物
突起,とっき,tokki,abstract_word,kanji_only,サ変名詞,抽象物
特効,とっこう,tokko,abstract_word,kanji_only,普通名詞,抽象物
特攻,とっこう,tokko,abstract_word,kanji_only,普通名詞,抽象物
常夏,とこなつ,tokonatsu,abstract_word,kanji_only,普通名詞,抽象物
徳,とく,toku,abstract_word,kanji_only,普通名詞,抽象物
特徴,とくちょう,tokucho,abstract_word,kanji_only,普通名詞,抽象物
特長,とくちょう,tokucho,abstract_word,kanji_only,普通名詞,抽象物
特技,とくぎ,tokugi,abstract_word,kanji_only,普通名詞,抽象物
特筆,とくひつ,tokuhitsu,abstract_word,kanji_only,サ変名詞,抽象物
得意顔,とくいがお,tokuigao,abstract_word,kanji_only,普通名詞,抽象物
匿名,とくめい,tokumei,abstract_word,kanji_only,普通名詞,抽象物
特命,とくめい,tokumei,abstract_word,kanji_only,普通名詞,抽象物
徳目,とくもく,tokumoku,abstract_word,kanji_only,普通名詞,抽象物
特例,とくれい,tokurei,abstract_word,kanji_only,普通名詞,抽象物
督励,とくれい,tokurei,abstract_word,kanji_only,サ変名詞,抽象物
得策,とくさく,tokusaku,abstract_word,kanji_only,普通名詞,抽象物
特性,とくせい,tokusei,abstract_word,kanji_only,普通名詞,抽象物
特製,とくせい,tokusei,abstract_word,kanji_only,サ変名詞,抽象物
特選,とくせん,tokusen,abstract_word,kanji_only,サ変名詞,抽象物
特設,とくせつ,tokusetsu,abstract_word,kanji_only,サ変名詞,抽象物
得心,とくしん,tokushin,abstract_word,kanji_only,サ変名詞,抽象物
得失,とくしつ,tokushitsu,abstract_word,kanji_only,普通名詞,抽象物
特質,とくしつ,tokushitsu,abstract_word,kanji_only,普通名詞,抽象物
特色,とくしょく,tokushoku,abstract_word,kanji_only,普通名詞,抽象物
特集,とくしゅう,tokushu,abstract_word,kanji_only,サ変名詞,抽象物
特定,とくてい,tokutei,abstract_word,kanji_only,サ変名詞,抽象物
特典,とくてん,tokuten,abstract_word,kanji_only,普通名詞,抽象物
特等,とくとう,tokuto,abstract_word,kanji_only,普通名詞,抽象物
特約,とくやく,tokuyaku,abstract_word,kanji_only,サ変名詞,抽象物
等級,とうきゅう,tokyu,abstract_word,kanji_only,普通名詞,抽象物
冬眠,とうみん,tomin,abstract_word,kanji_only,サ変名詞,抽象物
盗難,とうなん,tonan,abstract_word,kanji_only,普通名詞,抽象物
頓着,とんちゃく,tonchaku,abstract_word,kanji_only,サ変名詞,抽象物
頓知,とんち,tonchi,abstract_word,kanji_only,普通名詞,抽象物
投入,とうにゅう,tonyu,abstract_word,kanji_only,サ変名詞,抽象物
頓挫,とんざ,tonza,abstract_word,kanji_only,サ変名詞,抽象物
突破,とっぱ,toppa,abstract_word,kanji_only,サ変名詞,抽象物
突発,とっぱつ,toppatsu,abstract_word,kanji_only,サ変名詞,抽象物
突風,とっぷう,toppu,abstract_word,kanji_only,普通名詞,抽象物
到来,とうらい,torai,abstract_word,kanji_only,サ変名詞,抽象物
答礼,とうれい,torei,abstract_word,kanji_only,サ変名詞,抽象物
取扱,とりあつかい,toriatsukai,abstract_word,kanji_only,普通名詞,抽象物
取組,とりくみ,torikumi,abstract_word,kanji_only,普通名詞,抽象物
鳥目,とりめ,torime,abstract_word,kanji_only,普通名詞,抽象物
取留,とりとめ,toritome,abstract_word,kanji_only,普通名詞,抽象物
倒立,とうりつ,toritsu,abstract_word,kanji_only,サ変名詞,抽象物
吐露,とろ,toro,abstract_word,kanji_only,サ変名詞,抽象物
徒労,とろう,toro,abstract_word,kanji_only,普通名詞,抽象物
登録,とうろく,toroku,abstract_word,kanji_only,サ変名詞,抽象物
討論,とうろん,toron,abstract_word,kanji_only,サ変名詞,抽象物
逗留,とうりゅう,toryu,abstract_word,kanji_only,サ変名詞,抽象物
踏査,とうさ,tosa,abstract_word,kanji_only,サ変名詞,抽象物
搭載,とうさい,tosai,abstract_word,kanji_only,サ変名詞,抽象物
登載,とうさい,tosai,abstract_word,kanji_only,サ変名詞,抽象物
当世,とうせい,tosei,abstract_word,kanji_only,時相名詞,抽象物
陶製,とうせい,tosei,abstract_word,kanji_only,普通名詞,抽象物
渡世,とせい,tosei,abstract_word,kanji_only,普通名詞,抽象物
投石,とうせき,toseki,abstract_word,kanji_only,サ変名詞,抽象物
透視,とうし,toshi,abstract_word,kanji_only,サ変名詞,抽象物
闘志,とうし,toshi,abstract_word,kanji_only,普通名詞,抽象物
年嵩,としかさ,toshikasa,abstract_word,kanji_only,普通名詞,抽象物
年下,としした,toshishita,abstract_word,kanji_only,普通名詞,抽象物
等質,とうしつ,toshitsu,abstract_word,kanji_only,普通名詞,抽象物
年上,としうえ,toshiue,abstract_word,kanji_only,普通名詞,抽象物
投書,とうしょ,tosho,abstract_word,kanji_only,サ変名詞,抽象物
踏襲,とうしゅう,toshu,abstract_word,kanji_only,サ変名詞,抽象物
徒手,としゅ,toshu,abstract_word,kanji_only,普通名詞,抽象物
逃走,とうそう,toso,abstract_word,kanji_only,サ変名詞,抽象物
塗装,とそう,toso,abstract_word,kanji_only,サ変名詞,抽象物
統率,とうそつ,tosotsu,abstract_word,kanji_only,サ変名詞,抽象物
突進,とっしん,tosshin,abstract_word,kanji_only,サ変名詞,抽象物
突出,とっしゅつ,tosshutsu,abstract_word,kanji_only,サ変名詞,抽象物
陶酔,とうすい,tosui,abstract_word,kanji_only,サ変名詞,抽象物
淘汰,とうた,tota,abstract_word,kanji_only,サ変名詞,抽象物
到達,とうたつ,totatsu,abstract_word,kanji_only,サ変名詞,抽象物
投擲,とうてき,toteki,abstract_word,kanji_only,サ変名詞,抽象物
凸,とつ,totsu,abstract_word,kanji_only,普通名詞,抽象物
突撃,とつげき,totsugeki,abstract_word,kanji_only,サ変名詞,抽象物
突入,とつにゅう,totsunyu,abstract_word,kanji_only,サ変名詞,抽象物
当惑,とうわく,towaku,abstract_word,kanji_only,サ変名詞,抽象物
当用,とうよう,toyo,abstract_word,kanji_only,普通名詞,抽象物
盗用,とうよう,toyo,abstract_word,kanji_only,サ変名詞,抽象物
当座,とうざ,toza,abstract_word,kanji_only,普通名詞,抽象物
途絶,とぜつ,tozetsu,abstract_word,kanji_only,サ変名詞,抽象物
通知,つうち,tsuchi,abstract_word,kanji_only,サ変名詞,抽象物
槌音,つちおと,tsuchioto,abstract_word,kanji_only,普通名詞,抽象物
通読,つうどく,tsudoku,abstract_word,kanji_only,サ変名詞,抽象物
痛撃,つうげき,tsugeki,abstract_word,kanji_only,サ変名詞,抽象物
対,つい,tsui,abstract_word,kanji_only,普通名詞,抽象物
追,つい,tsui,abstract_word,kanji_only,普通名詞,抽象物
追尾,ついび,tsuibi,abstract_word,kanji_only,サ変名詞,抽象物
追従,ついじゅう,tsuiju,abstract_word,kanji_only,サ変名詞,抽象物
追加,ついか,tsuika,abstract_word,kanji_only,サ変名詞,抽象物
追記,ついき,tsuiki,abstract_word,kanji_only,サ変名詞,抽象物
追求,ついきゅう,tsuikyu,abstract_word,kanji_only,サ変名詞,抽象物
追憶,ついおく,tsuioku,abstract_word,kanji_only,サ変名詞,抽象物
追跡,ついせき,tsuiseki,abstract_word,kanji_only,サ変名詞,抽象物
追伸,ついしん,tsuishin,abstract_word,kanji_only,普通名詞,抽象物
追想,ついそう,tsuiso,abstract_word,kanji_only,サ変名詞,抽象物
追随,ついずい,tsuizui,abstract_word,kanji_only,サ変名詞,抽象物
通常,つうじょう,tsujo,abstract_word,kanji_only,時相名詞,抽象物
通過,つうか,tsuka,abstract_word,kanji_only,サ変名詞,抽象物
痛感,つうかん,tsukan,abstract_word,kanji_only,サ変名詞,抽象物
付,つき,tsuki,abstract_word,kanji_only,普通名詞,抽象物
月別,つきべつ,tsukibetsu,abstract_word,kanji_only,普通名詞,抽象物
月見,つきみ,tsukimi,abstract_word,kanji_only,普通名詞,抽象物
月夜,つきよ,tsukiyo,abstract_word,kanji_only,普通名詞,抽象物
通告,つうこく,tsukoku,abstract_word,kanji_only,サ変名詞,抽象物
痛恨,つうこん,tsukon,abstract_word,kanji_only,サ変名詞,抽象物
夫恋,つまごい,tsumagoi,abstract_word,kanji_only,サ変名詞,抽象物
爪痕,つめあと,tsumeato,abstract_word,kanji_only,普通名詞,抽象物
通名,つうめい,tsumei,abstract_word,kanji_only,普通名詞,抽象物
津波,つなみ,tsunami,abstract_word,kanji_only,普通名詞,抽象物
通念,つうねん,tsunen,abstract_word,kanji_only,普通名詞,抽象物
氷柱,つらら,tsurara,abstract_word,kanji_only,普通名詞,抽象物
釣,つり,tsuri,abstract_word,kanji_only,普通名詞,抽象物
通算,つうさん,tsusan,abstract_word,kanji_only,サ変名詞,抽象物
通説,つうせつ,tsusetsu,abstract_word,kanji_only,サ変名詞,抽象物
通史,つうし,tsushi,abstract_word,kanji_only,普通名詞,抽象物
通称,つうしょう,tsusho,abstract_word,kanji_only,普通名詞,抽象物
通達,つうたつ,tsutatsu,abstract_word,kanji_only,サ変名詞,抽象物
通底,つうてい,tsutei,abstract_word,kanji_only,サ変名詞,抽象物
通天,つうてん,tsuten,abstract_word,kanji_only,普通名詞,抽象物
勉,つとめ,tsutome,abstract_word,kanji_only,普通名詞,抽象物
通話,つうわ,tsuwa,abstract_word,kanji_only,サ変名詞,抽象物
艶,つや,tsuya,abstract_word,kanji_only,普通名詞,抽象物
通用,つうよう,tsuyo,abstract_word,kanji_only,サ変名詞,抽象物
強腰,つよごし,tsuyogoshi,abstract_word,kanji_only,普通名詞,抽象物
梅雨,つゆ,tsuyu,abstract_word,kanji_only,時相名詞,抽象物
通俗,つうぞく,tsuzoku,abstract_word,kanji_only,普通名詞,抽象物
綴,つづり,tsuzuri,abstract_word,kanji_only,普通名詞,抽象物
内弁慶,うちべんけい,uchibenkei,abstract_word,kanji_only,普通名詞,抽象物
内幕,うちまく,uchimaku,abstract_word,kanji_only,普通名詞,抽象物
内々,うちうち,uchiuchi,abstract_word,kanji_only,普通名詞,抽象物
内輪,うちわ,uchiwa,abstract_word,kanji_only,普通名詞,抽象物
内訳,うちわけ,uchiwake,abstract_word,kanji_only,普通名詞,抽象物
腕前,うでまえ,udemae,abstract_word,kanji_only,普通名詞,抽象物
羽化,うか,uka,abstract_word,kanji_only,サ変名詞,抽象物
受取,うけとり,uketori,abstract_word,kanji_only,普通名詞,抽象物
受付,うけつけ,uketsuke,abstract_word,kanji_only,普通名詞,抽象物
鬱屈,うっくつ,ukkutsu,abstract_word,kanji_only,サ変名詞,抽象物
右顧左眄,うこさべん,ukosaben,abstract_word,kanji_only,サ変名詞,抽象物
有無,うむ,umu,abstract_word,kanji_only,普通名詞,抽象物
雲泥,うんでい,undei,abstract_word,kanji_only,普通名詞,抽象物
運動,うんどう,undo,abstract_word,kanji_only,サ変名詞,抽象物
運命,うんめい,unmei,abstract_word,kanji_only,普通名詞,抽象物
云々,うんぬん,unnun,abstract_word,kanji_only,サ変名詞,抽象物
雲水,うんすい,unsui,abstract_word,kanji_only,普通名詞,抽象物
運用,うんよう,unyo,abstract_word,kanji_only,サ変名詞,抽象物
右往左往,うおうさおう,uosao,abstract_word,kanji_only,サ変名詞,抽象物
鬱憤,うっぷん,uppun,abstract_word,kanji_only,普通名詞,抽象物
裏話,うらばなし,urabanashi,abstract_word,kanji_only,普通名詞,抽象物
裏目,うらめ,urame,abstract_word,kanji_only,普通名詞,抽象物
裏表,うらおもて,uraomote,abstract_word,kanji_only,普通名詞,抽象物
裏作,うらさく,urasaku,abstract_word,kanji_only,サ変名詞,抽象物
鱗雲,うろこぐも,urokogumo,abstract_word,kanji_only,普通名詞,抽象物
嘘,うそ,uso,abstract_word,kanji_only,普通名詞,抽象物
鬱積,うっせき,usseki,abstract_word,kanji_only,サ変名詞,抽象物
薄日,うすび,usubi,abstract_word,kanji_only,普通名詞,抽象物
薄着,うすぎ,usugi,abstract_word,kanji_only,サ変名詞,抽象物
雨天,うてん,uten,abstract_word,kanji_only,普通名詞,抽象物
現,うつつ,utsutsu,abstract_word,kanji_only,普通名詞,抽象物
囈言,うわごと,uwagoto,abstract_word,kanji_only,普通名詞,抽象物
噂,うわさ,uwasa,abstract_word,kanji_only,サ変名詞,抽象物
紆余,うよ,uyo,abstract_word,kanji_only,普通名詞,抽象物
渦潮,うずしお,uzushio,abstract_word,kanji_only,普通名詞,抽象物
和睦,わぼく,waboku,abstract_word,kanji_only,サ変名詞,抽象物
和文,わぶん,wabun,abstract_word,kanji_only,普通名詞,抽象物
和風,わふう,wafu,abstract_word,kanji_only,普通名詞,抽象物
和語,わご,wago,abstract_word,kanji_only,普通名詞,抽象物
和合,わごう,wago,abstract_word,kanji_only,サ変名詞,抽象物
和平,わへい,wahei,abstract_word,kanji_only,サ変名詞,抽象物
歪曲,わいきょく,waikyoku,abstract_word,kanji_only,サ変名詞,抽象物
矮小,わいしょう,waisho,abstract_word,kanji_only,普通名詞,抽象物
若気,わかげ,wakage,abstract_word,kanji_only,普通名詞,抽象物
和解,わかい,wakai,abstract_word,kanji_only,サ変名詞,抽象物
脇目,わきめ,wakime,abstract_word,kanji_only,普通名詞,抽象物
和名,わめい,wamei,abstract_word,kanji_only,普通名詞,抽象物
湾曲,わんきょく,wankyoku,abstract_word,kanji_only,サ変名詞,抽象物
腕力,わんりょく,wanryoku,abstract_word,kanji_only,普通名詞,抽象物
割当,わりあて,wariate,abstract_word,kanji_only,普通名詞,抽象物
悪気,わるぎ,warugi,abstract_word,kanji_only,普通名詞,抽象物
悪知恵,わるぢえ,warujie,abstract_word,kanji_only,普通名詞,抽象物
和製,わせい,wasei,abstract_word,kanji_only,普通名詞,抽象物
和洋,わよう,wayo,abstract_word,kanji_only,普通名詞,抽象物
和洋折衷,わようせっちゅう,wayosetchu,abstract_word,kanji_only,普通名詞,抽象物
野望,やぼう,yabo,abstract_word,kanji_only,普通名詞,抽象物
藪蛇,やぶへび,yabuhebi,abstract_word,kanji_only,普通名詞,抽象物
八重,やえ,yae,abstract_word,kanji_only,普通名詞,抽象物
屋号,やごう,yago,abstract_word,kanji_only,普通名詞,抽象物
野次,やじ,yaji,abstract_word,kanji_only,普通名詞,抽象物
夜景,やけい,yakei,abstract_word,kanji_only,普通名詞,抽象物
夜警,やけい,yakei,abstract_word,kanji_only,普通名詞,抽象物
冶金,やきん,yakin,abstract_word,kanji_only,普通名詞,抽象物
夜行,やこう,yako,abstract_word,kanji_only,サ変名詞,抽象物
役,やく,yaku,abstract_word,kanji_only,普通名詞,抽象物
躍動,やくどう,yakudo,abstract_word,kanji_only,サ変名詞,抽象物
約定,やくじょう,yakujo,abstract_word,kanji_only,サ変名詞,抽象物
役目,やくめ,yakume,abstract_word,kanji_only,普通名詞,抽象物
躍進,やくしん,yakushin,abstract_word,kanji_only,サ変名詞,抽象物
約束,やくそく,yakusoku,abstract_word,kanji_only,サ変名詞,抽象物
役割,やくわり,yakuwari,abstract_word,kanji_only,普通名詞,抽象物
山嵐,やまあらし,yamaarashi,abstract_word,kanji_only,普通名詞,抽象物
山彦,やまびこ,yamabiko,abstract_word,kanji_only,普通名詞,抽象物
山勘,やまかん,yamakan,abstract_word,kanji_only,普通名詞,抽象物
山颪,やまおろし,yamaoroshi,abstract_word,kanji_only,普通名詞,抽象物
闇,やみ,yami,abstract_word,kanji_only,普通名詞,抽象物
闇夜,やみよ,yamiyo,abstract_word,kanji_only,普通名詞,抽象物
槍玉,やりだま,yaridama,abstract_word,kanji_only,普通名詞,抽象物
痩我慢,やせがまん,yasegaman,abstract_word,kanji_only,サ変名詞,抽象物
野性,やせい,yasei,abstract_word,kanji_only,普通名詞,抽象物
野生,やせい,yasei,abstract_word,kanji_only,サ変名詞,抽象物
野心,やしん,yashin,abstract_word,kanji_only,普通名詞,抽象物
夜襲,やしゅう,yashu,abstract_word,kanji_only,サ変名詞,抽象物
揶揄,やゆ,yayu,abstract_word,kanji_only,サ変名詞,抽象物
予備,よび,yobi,abstract_word,kanji_only,普通名詞,抽象物
容貌,ようぼう,yobo,abstract_word,kanji_only,普通名詞,抽象物
要望,ようぼう,yobo,abstract_word,kanji_only,サ変名詞,抽象物
養分,ようぶん,yobun,abstract_word,kanji_only,普通名詞,抽象物
予知,よち,yochi,abstract_word,kanji_only,サ変名詞,抽象物
予兆,よちょう,yocho,abstract_word,kanji_only,普通名詞,抽象物
要注意,ようちゅうい,yochui,abstract_word,kanji_only,普通名詞,抽象物
予断,よだん,yodan,abstract_word,kanji_only,サ変名詞,抽象物
余談,よだん,yodan,abstract_word,kanji_only,普通名詞,抽象物
与奪,よだつ,yodatsu,abstract_word,kanji_only,サ変名詞,抽象物
陽動,ようどう,yodo,abstract_word,kanji_only,普通名詞,抽象物
予言,よげん,yogen,abstract_word,kanji_only,サ変名詞,抽象物
預言,よげん,yogen,abstract_word,kanji_only,サ変名詞,抽象物
余技,よぎ,yogi,abstract_word,kanji_only,普通名詞,抽象物
夜霧,よぎり,yogiri,abstract_word,kanji_only,普通名詞,抽象物
擁護,ようご,yogo,abstract_word,kanji_only,サ変名詞,抽象物
用語,ようご,yogo,abstract_word,kanji_only,普通名詞,抽象物
養魚,ようぎょ,yogyo,abstract_word,kanji_only,普通名詞,抽象物
窯業,ようぎょう,yogyo,abstract_word,kanji_only,普通名詞,抽象物
余波,よは,yoha,abstract_word,kanji_only,普通名詞,抽象物
用法,ようほう,yoho,abstract_word,kanji_only,普通名詞,抽象物
用意,ようい,yoi,abstract_word,kanji_only,サ変名詞,抽象物
余韻,よいん,yoin,abstract_word,kanji_only,普通名詞,抽象物
要因,よういん,yoin,abstract_word,kanji_only,普通名詞,抽象物
用事,ようじ,yoji,abstract_word,kanji_only,普通名詞,抽象物
用字,ようじ,yoji,abstract_word,kanji_only,普通名詞,抽象物
用心,ようじん,yojin,abstract_word,kanji_only,サ変名詞,抽象物
余剰,よじょう,yojo,abstract_word,kanji_only,普通名詞,抽象物
余情,よじょう,yojo,abstract_word,kanji_only,普通名詞,抽象物
予感,よかん,yokan,abstract_word,kanji_only,サ変名詞,抽象物
余寒,よかん,yokan,abstract_word,kanji_only,普通名詞,抽象物
夜風,よかぜ,yokaze,abstract_word,kanji_only,普通名詞,抽象物
養鶏,ようけい,yokei,abstract_word,kanji_only,サ変名詞,抽象物
用件,ようけん,yoken,abstract_word,kanji_only,普通名詞,抽象物
要件,ようけん,yoken,abstract_word,kanji_only,普通名詞,抽象物
予見,よけん,yoken,abstract_word,kanji_only,サ変名詞,抽象物
陽気,ようき,yoki,abstract_word,kanji_only,普通名詞,抽象物
予期,よき,yoki,abstract_word,kanji_only,サ変名詞,抽象物
欲求,よっきゅう,yokkyu,abstract_word,kanji_only,サ変名詞,抽象物
要綱,ようこう,yoko,abstract_word,kanji_only,普通名詞,抽象物
要項,ようこう,yoko,abstract_word,kanji_only,普通名詞,抽象物
陽光,ようこう,yoko,abstract_word,kanji_only,普通名詞,抽象物
予行,よこう,yoko,abstract_word,kanji_only,サ変名詞,抽象物
横車,よこぐるま,yokoguruma,abstract_word,kanji_only,普通名詞,抽象物
横風,よこかぜ,yokokaze,abstract_word,kanji_only,普通名詞,抽象物
予告,よこく,yokoku,abstract_word,kanji_only,サ変名詞,抽象物
横目,よこめ,yokome,abstract_word,kanji_only,普通名詞,抽象物
横波,よこなみ,yokonami,abstract_word,kanji_only,普通名詞,抽象物
横槍,よこやり,yokoyari,abstract_word,kanji_only,普通名詞,抽象物
欲,よく,yoku,abstract_word,kanji_only,普通名詞,抽象物
浴,よく,yoku,abstract_word,kanji_only,普通名詞,抽象物
抑圧,よくあつ,yokuatsu,abstract_word,kanji_only,サ変名詞,抽象物
欲望,よくぼう,yokubo,abstract_word,kanji_only,普通名詞,抽象物
欲目,よくめ,yokume,abstract_word,kanji_only,普通名詞,抽象物
抑制,よくせい,yokusei,abstract_word,kanji_only,サ変名詞,抽象物
抑止,よくし,yokushi,abstract_word,kanji_only,サ変名詞,抽象物
欲得,よくとく,yokutoku,abstract_word,kanji_only,普通名詞,抽象物
抑揚,よくよう,yokuyo,abstract_word,kanji_only,普通名詞,抽象物
要求,ようきゅう,yokyu,abstract_word,kanji_only,サ変名詞,抽象物
夜目,よめ,yome,abstract_word,kanji_only,普通名詞,抽象物
用務,ようむ,yomu,abstract_word,kanji_only,普通名詞,抽象物
夜長,よなが,yonaga,abstract_word,kanji_only,普通名詞,抽象物
余念,よねん,yonen,abstract_word,kanji_only,普通名詞,抽象物
容認,ようにん,yonin,abstract_word,kanji_only,サ変名詞,抽象物
用例,ようれい,yorei,abstract_word,kanji_only,普通名詞,抽象物
養老,ようろう,yoro,abstract_word,kanji_only,普通名詞,抽象物
要領,ようりょう,yoryo,abstract_word,kanji_only,普通名詞,抽象物
余力,よりょく,yoryoku,abstract_word,kanji_only,普通名詞,抽象物
夜寒,よさむ,yosamu,abstract_word,kanji_only,普通名詞,抽象物
養蚕,ようさん,yosan,abstract_word,kanji_only,普通名詞,抽象物
要請,ようせい,yosei,abstract_word,kanji_only,サ変名詞,抽象物
養成,ようせい,yosei,abstract_word,kanji_only,サ変名詞,抽象物
余勢,よせい,yosei,abstract_word,kanji_only,普通名詞,抽象物
容赦,ようしゃ,yosha,abstract_word,kanji_only,サ変名詞,抽象物
容姿,ようし,yoshi,abstract_word,kanji_only,普通名詞,抽象物
要旨,ようし,yoshi,abstract_word,kanji_only,普通名詞,抽象物
様式,ようしき,yoshiki,abstract_word,kanji_only,普通名詞,抽象物
余震,よしん,yoshin,abstract_word,kanji_only,普通名詞,抽象物
要所,ようしょ,yosho,abstract_word,kanji_only,普通名詞,抽象物
幼少,ようしょう,yosho,abstract_word,kanji_only,普通名詞,抽象物
養殖,ようしょく,yoshoku,abstract_word,kanji_only,サ変名詞,抽象物
要素,ようそ,yoso,abstract_word,kanji_only,普通名詞,抽象物
様相,ようそう,yoso,abstract_word,kanji_only,普通名詞,抽象物
予想,よそう,yoso,abstract_word,kanji_only,サ変名詞,抽象物
余所事,よそごと,yosogoto,abstract_word,kanji_only,普通名詞,抽象物
予測,よそく,yosoku,abstract_word,kanji_only,サ変名詞,抽象物
余所目,よそめ,yosome,abstract_word,kanji_only,普通名詞,抽象物
余所見,よそみ,yosomi,abstract_word,kanji_only,サ変名詞,抽象物
様子,ようす,yosu,abstract_word,kanji_only,普通名詞,抽象物
要諦,ようてい,yotei,abstract_word,kanji_only,普通名詞,抽象物
予定,よてい,yotei,abstract_word,kanji_only,サ変名詞,抽象物
要点,ようてん,yoten,abstract_word,kanji_only,普通名詞,抽象物
用途,ようと,yoto,abstract_word,kanji_only,普通名詞,抽象物
夜露,よつゆ,yotsuyu,abstract_word,kanji_only,普通名詞,抽象物
弱音,よわね,yowane,abstract_word,kanji_only,普通名詞,抽象物
要約,ようやく,yoyaku,abstract_word,kanji_only,サ変名詞,抽象物
予約,よやく,yoyaku,abstract_word,kanji_only,サ変名詞,抽象物
余裕,よゆう,yoyu,abstract_word,kanji_only,普通名詞,抽象物
友愛,ゆうあい,yuai,abstract_word,kanji_only,普通名詞,抽象物
遊牧,ゆうぼく,yuboku,abstract_word,kanji_only,サ変名詞,抽象物
夕立,ゆうだち,yudachi,abstract_word,kanji_only,普通名詞,抽象物
勇断,ゆうだん,yudan,abstract_word,kanji_only,サ変名詞,抽象物
油断,ゆだん,yudan,abstract_word,kanji_only,サ変名詞,抽象物
油断大敵,ゆだんたいてき,yudantaiteki,abstract_word,kanji_only,普通名詞,抽象物
誘導,ゆうどう,yudo,abstract_word,kanji_only,サ変名詞,抽象物
油煙,ゆえん,yuen,abstract_word,kanji_only,普通名詞,抽象物
由縁,ゆえん,yuen,abstract_word,kanji_only,普通名詞,抽象物
優越,ゆうえつ,yuetsu,abstract_word,kanji_only,サ変名詞,抽象物
歪,ゆがみ,yugami,abstract_word,kanji_only,普通名詞,抽象物
湯気,ゆげ,yuge,abstract_word,kanji_only,普通名詞,抽象物
夕霧,ゆうぎり,yugiri,abstract_word,kanji_only,普通名詞,抽象物
融合,ゆうごう,yugo,abstract_word,kanji_only,サ変名詞,抽象物
優遇,ゆうぐう,yugu,abstract_word,kanji_only,サ変名詞,抽象物
雄飛,ゆうひ,yuhi,abstract_word,kanji_only,サ変名詞,抽象物
唯我独尊,ゆいがどくそん,yuigadokuson,abstract_word,kanji_only,普通名詞,抽象物
唯一無二,ゆいいつむに,yuiitsumuni,abstract_word,kanji_only,普通名詞,抽象物
誘因,ゆういん,yuin,abstract_word,kanji_only,普通名詞,抽象物
誘引,ゆういん,yuin,abstract_word,kanji_only,サ変名詞,抽象物
由緒,ゆいしょ,yuisho,abstract_word,kanji_only,普通名詞,抽象物
有人,ゆうじん,yujin,abstract_word,kanji_only,普通名詞,抽象物
友情,ゆうじょう,yujo,abstract_word,kanji_only,普通名詞,抽象物
所縁,ゆかり,yukari,abstract_word,kanji_only,普通名詞,抽象物
有形,ゆうけい,yukei,abstract_word,kanji_only,普通名詞,抽象物
勇気,ゆうき,yuki,abstract_word,kanji_only,普通名詞,抽象物
有機,ゆうき,yuki,abstract_word,kanji_only,普通名詞,抽象物
雪空,ゆきぞら,yukizora,abstract_word,kanji_only,普通名詞,抽象物
友好,ゆうこう,yuko,abstract_word,kanji_only,普通名詞,抽象物
遊休,ゆうきゅう,yukyu,abstract_word,kanji_only,普通名詞,抽象物
夢心地,ゆめごこち,yumegokochi,abstract_word,kanji_only,普通名詞,抽象物
勇名,ゆうめい,yumei,abstract_word,kanji_only,普通名詞,抽象物
夢現,ゆめうつつ,yumeutsutsu,abstract_word,kanji_only,普通名詞,抽象物
夕靄,ゆうもや,yumoya,abstract_word,kanji_only,普通名詞,抽象物
由来,ゆらい,yurai,abstract_word,kanji_only,サ変名詞,抽象物
優劣,ゆうれつ,yuretsu,abstract_word,kanji_only,普通名詞,抽象物
遊離,ゆうり,yuri,abstract_word,kanji_only,サ変名詞,抽象物
憂慮,ゆうりょ,yuryo,abstract_word,kanji_only,サ変名詞,抽象物
油性,ゆせい,yusei,abstract_word,kanji_only,普通名詞,抽象物
優先,ゆうせん,yusen,abstract_word,kanji_only,サ変名詞,抽象物
有線,ゆうせん,yusen,abstract_word,kanji_only,普通名詞,抽象物
有刺,ゆうし,yushi,abstract_word,kanji_only,普通名詞,抽象物
雄姿,ゆうし,yushi,abstract_word,kanji_only,普通名詞,抽象物
有識,ゆうしき,yushiki,abstract_word,kanji_only,普通名詞,抽象物
有償,ゆうしょう,yusho,abstract_word,kanji_only,普通名詞,抽象物
有色,ゆうしょく,yushoku,abstract_word,kanji_only,普通名詞,抽象物
有数,ゆうすう,yusu,abstract_word,kanji_only,普通名詞,抽象物
勇退,ゆうたい,yutai,abstract_word,kanji_only,サ変名詞,抽象物
優等,ゆうとう,yuto,abstract_word,kanji_only,普通名詞,抽象物
融和,ゆうわ,yuwa,abstract_word,kanji_only,サ変名詞,抽象物
誘惑,ゆうわく,yuwaku,abstract_word,kanji_only,サ変名詞,抽象物
夕闇,ゆうやみ,yuyami,abstract_word,kanji_only,普通名詞,抽象物
猶予,ゆうよ,yuyo,abstract_word,kanji_only,サ変名詞,抽象物
融通,ゆうずう,yuzu,abstract_word,kanji_only,サ変名詞,抽象物
夕月夜,ゆうづきよ,yuzukiyo,abstract_word,kanji_only,普通名詞,抽象物
融通無碍,ゆうずうむげ,yuzumuge,abstract_word,kanji_only,普通名詞,抽象物
座談,ざだん,zadan,abstract_word,kanji_only,サ変名詞,抽象物
在,ざい,zai,abstract_word,kanji_only,普通名詞,抽象物
罪悪,ざいあく,zaiaku,abstract_word,kanji_only,普通名詞,抽象物
在中,ざいちゅう,zaichu,abstract_word,kanji_only,サ変名詞,抽象物
在外,ざいがい,zaigai,abstract_word,kanji_only,普通名詞,抽象物
在住,ざいじゅう,zaiju,abstract_word,kanji_only,サ変名詞,抽象物
在京,ざいきょう,zaikyo,abstract_word,kanji_only,サ変名詞,抽象物
在郷,ざいきょう,zaikyo,abstract_word,kanji_only,サ変名詞,抽象物
在来,ざいらい,zairai,abstract_word,kanji_only,普通名詞,抽象物
財力,ざいりょく,zairyoku,abstract_word,kanji_only,普通名詞,抽象物
材質,ざいしつ,zaishitsu,abstract_word,kanji_only,普通名詞,抽象物
在宅,ざいたく,zaitaku,abstract_word,kanji_only,サ変名詞,抽象物
在野,ざいや,zaiya,abstract_word,kanji_only,普通名詞,抽象物
雑記,ざっき,zakki,abstract_word,kanji_only,普通名詞,抽象物
雑居,ざっきょ,zakkyo,abstract_word,kanji_only,サ変名詞,抽象物
残,ざん,zan,abstract_word,kanji_only,普通名詞,抽象物
残部,ざんぶ,zanbu,abstract_word,kanji_only,普通名詞,抽象物
残害,ざんがい,zangai,abstract_word,kanji_only,サ変名詞,抽象物
讒言,ざんげん,zangen,abstract_word,kanji_only,サ変名詞,抽象物
慙愧,ざんき,zanki,abstract_word,kanji_only,サ変名詞,抽象物
残留,ざんりゅう,zanryu,abstract_word,kanji_only,サ変名詞,抽象物
残暑,ざんしょ,zansho,abstract_word,kanji_only,普通名詞,抽象物
残照,ざんしょう,zansho,abstract_word,kanji_only,普通名詞,抽象物
残存,ざんそん,zanson,abstract_word,kanji_only,サ変名詞,抽象物
暫定,ざんてい,zantei,abstract_word,kanji_only,普通名詞,抽象物
残像,ざんぞう,zanzo,abstract_word,kanji_only,普通名詞,抽象物
挫折,ざせつ,zasetsu,abstract_word,kanji_only,サ変名詞,抽象物
座視,ざし,zashi,abstract_word,kanji_only,サ変名詞,抽象物
座礁,ざしょう,zasho,abstract_word,kanji_only,サ変名詞,抽象物
雑種,ざっしゅ,zasshu,abstract_word,kanji_only,普通名詞,抽象物
雑文,ざつぶん,zatsubun,abstract_word,kanji_only,普通名詞,抽象物
雑談,ざつだん,zatsudan,abstract_word,kanji_only,サ変名詞,抽象物
雑事,ざつじ,zatsuji,abstract_word,kanji_only,普通名詞,抽象物
雑務,ざつむ,zatsumu,abstract_word,kanji_only,普通名詞,抽象物
雑念,ざつねん,zatsunen,abstract_word,kanji_only,普通名詞,抽象物
雑音,ざつおん,zatsuon,abstract_word,kanji_only,普通名詞,抽象物
雑用,ざつよう,zatsuyo,abstract_word,kanji_only,普通名詞,抽象物
雑踏,ざっとう,zatto,abstract_word,kanji_only,サ変名詞,抽象物
贅沢,ぜいたく,zeitaku,abstract_word,kanji_only,サ変名詞,抽象物
絶景,ぜっけい,zekkei,abstract_word,kanji_only,普通名詞,抽象物
絶交,ぜっこう,zekko,abstract_word,kanji_only,サ変名詞,抽象物
絶好,ぜっこう,zekko,abstract_word,kanji_only,普通名詞,抽象物
絶句,ぜっく,zekku,abstract_word,kanji_only,サ変名詞,抽象物
絶叫,ぜっきょう,zekkyo,abstract_word,kanji_only,サ変名詞,抽象物
善,ぜん,zen,abstract_word,kanji_only,普通名詞,抽象物
善悪,ぜんあく,zenaku,abstract_word,kanji_only,普通名詞,抽象物
全貌,ぜんぼう,zenbo,abstract_word,kanji_only,普通名詞,抽象物
前部,ぜんぶ,zenbu,abstract_word,kanji_only,普通名詞,抽象物
全文,ぜんぶん,zenbun,abstract_word,kanji_only,普通名詞,抽象物
前兆,ぜんちょう,zencho,abstract_word,kanji_only,普通名詞,抽象物
前代未聞,ぜんだいみもん,zendaimimon,abstract_word,kanji_only,普通名詞,抽象物
前言,ぜんげん,zengen,abstract_word,kanji_only,普通名詞,抽象物
前後不覚,ぜんごふかく,zengofukaku,abstract_word,kanji_only,普通名詞,抽象物
善後策,ぜんごさく,zengosaku,abstract_word,kanji_only,普通名詞,抽象物
善意,ぜんい,zeni,abstract_word,kanji_only,普通名詞,抽象物
是認,ぜにん,zenin,abstract_word,kanji_only,サ変名詞,抽象物
前人未到,ぜんじんみとう,zenjinmito,abstract_word,kanji_only,普通名詞,抽象物
前述,ぜんじゅつ,zenjutsu,abstract_word,kanji_only,サ変名詞,抽象物
全壊,ぜんかい,zenkai,abstract_word,kanji_only,サ変名詞,抽象物
全開,ぜんかい,zenkai,abstract_word,kanji_only,サ変名詞,抽象物
全景,ぜんけい,zenkei,abstract_word,kanji_only,普通名詞,抽象物
前傾,ぜんけい,zenkei,abstract_word,kanji_only,サ変名詞,抽象物
前掲,ぜんけい,zenkei,abstract_word,kanji_only,サ変名詞,抽象物
前記,ぜんき,zenki,abstract_word,kanji_only,サ変名詞,抽象物
前項,ぜんこう,zenko,abstract_word,kanji_only,普通名詞,抽象物
善行,ぜんこう,zenko,abstract_word,kanji_only,普通名詞,抽象物
全休,ぜんきゅう,zenkyu,abstract_word,kanji_only,サ変名詞,抽象物
全滅,ぜんめつ,zenmetsu,abstract_word,kanji_only,サ変名詞,抽象物
全廃,ぜんぱい,zenpai,abstract_word,kanji_only,サ変名詞,抽象物
全般,ぜんぱん,zenpan,abstract_word,kanji_only,普通名詞,抽象物
全幅,ぜんぷく,zenpuku,abstract_word,kanji_only,普通名詞,抽象物
前例,ぜんれい,zenrei,abstract_word,kanji_only,普通名詞,抽象物
前歴,ぜんれき,zenreki,abstract_word,kanji_only,普通名詞,抽象物
前略,ぜんりゃく,zenryaku,abstract_word,kanji_only,普通名詞,抽象物
全力,ぜんりょく,zenryoku,abstract_word,kanji_only,普通名詞,抽象物
全盛,ぜんせい,zensei,abstract_word,kanji_only,普通名詞,抽象物
前者,ぜんしゃ,zensha,abstract_word,kanji_only,普通名詞,抽象物
前身,ぜんしん,zenshin,abstract_word,kanji_only,普通名詞,抽象物
前進,ぜんしん,zenshin,abstract_word,kanji_only,サ変名詞,抽象物
漸進,ぜんしん,zenshin,abstract_word,kanji_only,サ変名詞,抽象物
善処,ぜんしょ,zensho,abstract_word,kanji_only,サ変名詞,抽象物
全焼,ぜんしょう,zensho,abstract_word,kanji_only,サ変名詞,抽象物
前出,ぜんしゅつ,zenshutsu,abstract_word,kanji_only,普通名詞,抽象物
全速力,ぜんそくりょく,zensokuryoku,abstract_word,kanji_only,普通名詞,抽象物
全体,ぜんたい,zentai,abstract_word,kanji_only,普通名詞,抽象物
前提,ぜんてい,zentei,abstract_word,kanji_only,普通名詞,抽象物
全天,ぜんてん,zenten,abstract_word,kanji_only,普通名詞,抽象物
前途,ぜんと,zento,abstract_word,kanji_only,普通名詞,抽象物
善徳,ぜんとく,zentoku,abstract_word,kanji_only,普通名詞,抽象物
全容,ぜんよう,zenyo,abstract_word,kanji_only,普通名詞,抽象物
絶賛,ぜっさん,zessan,abstract_word,kanji_only,サ変名詞,抽象物
絶世,ぜっせい,zessei,abstract_word,kanji_only,普通名詞,抽象物
舌戦,ぜっせん,zessen,abstract_word,kanji_only,普通名詞,抽象物
絶望,ぜつぼう,zetsubo,abstract_word,kanji_only,サ変名詞,抽象物
絶滅,ぜつめつ,zetsumetsu,abstract_word,kanji_only,サ変名詞,抽象物
是々非々,ぜぜひひ,zezehihi,abstract_word,kanji_only,普通名詞,抽象物
増築,ぞうちく,zochiku,abstract_word,kanji_only,サ変名詞,抽象物
増長,ぞうちょう,zocho,abstract_word,kanji_only,サ変名詞,抽象物
増大,ぞうだい,zodai,abstract_word,kanji_only,サ変名詞,抽象物
造営,ぞうえい,zoei,abstract_word,kanji_only,サ変名詞,抽象物
造園,ぞうえん,zoen,abstract_word,kanji_only,サ変名詞,抽象物
増幅,ぞうふく,zofuku,abstract_word,kanji_only,サ変名詞,抽象物
増減,ぞうげん,zogen,abstract_word,kanji_only,サ変名詞,抽象物
増加,ぞうか,zoka,abstract_word,kanji_only,サ変名詞,抽象物
造形,ぞうけい,zokei,abstract_word,kanji_only,サ変名詞,抽象物
続行,ぞっこう,zokko,abstract_word,kanji_only,サ変名詞,抽象物
属,ぞく,zoku,abstract_word,kanji_only,普通名詞,抽象物
続発,ぞくはつ,zokuhatsu,abstract_word,kanji_only,サ変名詞,抽象物
属性,ぞくせい,zokusei,abstract_word,kanji_only,普通名詞,抽象物
俗説,ぞくせつ,zokusetsu,abstract_word,kanji_only,普通名詞,抽象物
続出,ぞくしゅつ,zokushutsu,abstract_word,kanji_only,サ変名詞,抽象物
増強,ぞうきょう,zokyo,abstract_word,kanji_only,サ変名詞,抽象物
存命,ぞんめい,zonmei,abstract_word,kanji_only,サ変名詞,抽象物
造林,ぞうりん,zorin,abstract_word,kanji_only,サ変名詞,抽象物
造作,ぞうさ,zosa,abstract_word,kanji_only,普通名詞,抽象物
造作,ぞうさく,zosaku,abstract_word,kanji_only,サ変名詞,抽象物
増勢,ぞうせい,zosei,abstract_word,kanji_only,普通名詞,抽象物
造成,ぞうせい,zosei,abstract_word,kanji_only,サ変名詞,抽象物
増設,ぞうせつ,zosetsu,abstract_word,kanji_only,サ変名詞,抽象物
蔵書,ぞうしょ,zosho,abstract_word,kanji_only,普通名詞,抽象物
増殖,ぞうしょく,zoshoku,abstract_word,kanji_only,サ変名詞,抽象物
増水,ぞうすい,zosui,abstract_word,kanji_only,サ変名詞,抽象物
贈呈,ぞうてい,zotei,abstract_word,kanji_only,サ変名詞,抽象物
蔵匿,ぞうとく,zotoku,abstract_word,kanji_only,サ変名詞,抽象物
図星,ずぼし,zuboshi,abstract_word,kanji_only,普通名詞,抽象物
図柄,ずがら,zugara,abstract_word,kanji_only,普通名詞,抽象物
図表,ずひょう,zuhyo,abstract_word,kanji_only,普通名詞,抽象物
随一,ずいいち,zuiichi,abstract_word,kanji_only,普通名詞,抽象物
随行,ずいこう,zuiko,abstract_word,kanji_only,サ変名詞,抽象物
図解,ずかい,zukai,abstract_word,kanji_only,サ変名詞,抽象物
図説,ずせつ,zusetsu,abstract_word,kanji_only,サ変名詞,抽象物
図示,ずし,zushi,abstract_word,kanji_only,サ変名詞,抽象物
図式,ずしき,zushiki,abstract_word,kanji_only,普通名詞,抽象物
相容れない,あいいれない,aiirenai,compound_adjective,,イ形容詞,
味気無い,あじけない,ajikenai,compound_adjective,,イ形容詞,
飽き足りない,あきたりない,akitarinai,compound_adjective,,イ形容詞,
呆気無い,あっけない,akkenai,compound_adjective,,イ形容詞,
悪名高い,あくめいたかい,akumeitakai,compound_adjective,,イ形容詞,
甘辛い,あまからい,amakarai,compound_adjective,,イ形容詞,
青白い,あおじろい,aojiroi,compound_adjective,,イ形容詞,
青臭い,あおくさい,aokusai,compound_adjective,,イ形容詞,
荒々しい,あらあらしい,araarashii,compound_adjective,,イ形容詞,
荒れ模様だ,あれもようだ,aremoyoda,compound_adjective,,ナ形容詞,
有り難い,ありがたい,arigatai,compound_adjective,,イ形容詞,
有り難迷惑だ,ありがためいわくだ,arigatameiwakuda,compound_adjective,,ナ形容詞,
浅黒い,あさぐろい,asaguroi,compound_adjective,,イ形容詞,
足手纏いだ,あしでまといだ,ashidematoida,compound_adjective,,ナ形容詞,
遊び半分だ,あそびはんぶんだ,asobihanbunda,compound_adjective,,ナ形容詞,
暑苦しい,あつくるしい,atsukurushii,compound_adjective,,イ形容詞,
馬鹿馬鹿しい,ばかばかしい,bakabakashii,compound_adjective,,イ形容詞,
馬鹿らしい,ばからしい,bakarashii,compound_adjective,,イ形容詞,
馬鹿正直だ,ばかしょうじきだ,bakashojikida,compound_adjective,,ナ形容詞,
馬鹿丁寧だ,ばかていねいだ,bakateineida,compound_adjective,,ナ形容詞,
傍若無人だ,ぼうじゃくぶじんだ,bojakubujinda,compound_adjective,,ナ形容詞,
無愛想だ,ぶあいそうだ,buaisoda,compound_adjective,,ナ形容詞,
分厚い,ぶあつい,buatsui,compound_adjective,,イ形容詞,
無調法だ,ぶちょうほうだ,buchohoda,compound_adjective,,ナ形容詞,
無遠慮だ,ぶえんりょだ,buenryoda,compound_adjective,,ナ形容詞,
不格好だ,ぶかっこうだ,bukakkoda,compound_adjective,,ナ形容詞,
不気味だ,ぶきみだ,bukimida,compound_adjective,,ナ形容詞,
不器用だ,ぶきようだ,bukiyoda,compound_adjective,,ナ形容詞,
分相応だ,ぶんそうおうだ,bunsoda,compound_adjective,,ナ形容詞,
不作法だ,ぶさほうだ,busahoda,compound_adjective,,ナ形容詞,
不細工だ,ぶさいくだ,busaikuda,compound_adjective,,ナ形容詞,
無用心だ,ぶようじんだ,buyojinda,compound_adjective,,ナ形容詞,
茶色い,ちゃいろい,chairoi,compound_adjective,,イ形容詞,
違い無い,ちがいない,chigainai,compound_adjective,,イ形容詞,
力無い,ちからない,chikaranai,compound_adjective,,イ形容詞,
力強い,ちからづよい,chikarazuyoi,compound_adjective,,イ形容詞,
血生臭い,ちなまぐさい,chinamagusai,compound_adjective,,イ形容詞,
血腥い,ちなまぐさい,chinamagusai,compound_adjective,,イ形容詞,
注意深い,ちゅういぶかい,chuibukai,compound_adjective,,イ形容詞,
中途半端だ,ちゅうとはんぱだ,chutohanpada,compound_adjective,,ナ形容詞,
大同小異だ,だいどうしょういだ,daidoshoida,compound_adjective,,ナ形容詞,
大丈夫だ,だいじょうぶだ,daijobuda,compound_adjective,,ナ形容詞,
大胆不敵だ,だいたんふてきだ,daitanfutekida,compound_adjective,,ナ形容詞,
毒々しい,どくどくしい,dokudokushii,compound_adjective,,イ形容詞,
泥臭い,どろくさい,dorokusai,compound_adjective,,イ形容詞,
得難い,えがたい,egatai,compound_adjective,,イ形容詞,
縁遠い,えんどおい,endoi,compound_adjective,,イ形容詞,
遠慮深い,えんりょぶかい,enryobukai,compound_adjective,,イ形容詞,
不安気だ,ふあんげだ,fuangeda,compound_adjective,,ナ形容詞,
不案内だ,ふあんないだ,fuannaida,compound_adjective,,ナ形容詞,
不安定だ,ふあんていだ,fuanteida,compound_adjective,,ナ形容詞,
不平等だ,ふびょうどうだ,fubyododa,compound_adjective,,ナ形容詞,
不調和だ,ふちょうわだ,fuchowada,compound_adjective,,ナ形容詞,
不注意だ,ふちゅういだ,fuchuida,compound_adjective,,ナ形容詞,
筆不精だ,ふでぶしょうだ,fudebushoda,compound_adjective,,ナ形容詞,
不出来だ,ふできだ,fudekida,compound_adjective,,ナ形容詞,
筆忠実だ,ふでまめだ,fudemameda,compound_adjective,,ナ形容詞,
不道徳だ,ふどうとくだ,fudotokuda,compound_adjective,,ナ形容詞,
不衛生だ,ふえいせいだ,fueiseida,compound_adjective,,ナ形容詞,
不得手だ,ふえてだ,fueteda,compound_adjective,,ナ形容詞,
不合理だ,ふごうりだ,fugorida,compound_adjective,,ナ形容詞,
不必要だ,ふひつようだ,fuhitsuyoda,compound_adjective,,ナ形容詞,
不本意だ,ふほんいだ,fuhonida,compound_adjective,,ナ形容詞,
不死身だ,ふじみだ,fujimida,compound_adjective,,ナ形容詞,
不自由だ,ふじゆうだ,fujiyuda,compound_adjective,,ナ形容詞,
不条理だ,ふじょうりだ,fujorida,compound_adjective,,ナ形容詞,
不十分だ,ふじゅうぶんだ,fujubunda,compound_adjective,,ナ形容詞,
不可分だ,ふかぶんだ,fukabunda,compound_adjective,,ナ形容詞,
不可避だ,ふかひだ,fukahida,compound_adjective,,ナ形容詞,
不可解だ,ふかかいだ,fukakaida,compound_adjective,,ナ形容詞,
不可欠だ,ふかけつだ,fukaketsuda,compound_adjective,,ナ形容詞,
不確実だ,ふかくじつだ,fukakujitsuda,compound_adjective,,ナ形容詞,
不確定だ,ふかくていだ,fukakuteida,compound_adjective,,ナ形容詞,
不可能だ,ふかのうだ,fukanoda,compound_adjective,,ナ形容詞,
不可思議だ,ふかしぎだ,fukashigida,compound_adjective,,ナ形容詞,
不景気だ,ふけいきだ,fukeikida,compound_adjective,,ナ形容詞,
不経済だ,ふけいざいだ,fukeizaida,compound_adjective,,ナ形容詞,
不健全だ,ふけんぜんだ,fukenzenda,compound_adjective,,ナ形容詞,
不機嫌だ,ふきげんだ,fukigenda,compound_adjective,,ナ形容詞,
不均衡だ,ふきんこうだ,fukinkoda,compound_adjective,,ナ形容詞,
不謹慎だ,ふきんしんだ,fukinshinda,compound_adjective,,ナ形容詞,
不規則だ,ふきそくだ,fukisokuda,compound_adjective,,ナ形容詞,
不公平だ,ふこうへいだ,fukoheida,compound_adjective,,ナ形容詞,
不心得だ,ふこころえだ,fukokoroeda,compound_adjective,,ナ形容詞,
風光明媚だ,ふうこうめいびだ,fukomeibida,compound_adjective,,ナ形容詞,
福々しい,ふくぶくしい,fukubukushii,compound_adjective,,イ形容詞,
複雑怪奇だ,ふくざつかいきだ,fukuzatsukaikida,compound_adjective,,ナ形容詞,
不真面目だ,ふまじめだ,fumajimeda,compound_adjective,,ナ形容詞,
不満足だ,ふまんぞくだ,fumanzokuda,compound_adjective,,ナ形容詞,
不明朗だ,ふめいろうだ,fumeiroda,compound_adjective,,ナ形容詞,
不明瞭だ,ふめいりょうだ,fumeiryoda,compound_adjective,,ナ形容詞,
不名誉だ,ふめいよだ,fumeiyoda,compound_adjective,,ナ形容詞,
不似合いだ,ふにあいだ,funiaida,compound_adjective,,ナ形容詞,
不人情だ,ふにんじょうだ,funinjoda,compound_adjective,,ナ形容詞,
不穏当だ,ふおんとうだ,fuontoda,compound_adjective,,ナ形容詞,
不利益だ,ふりえきだ,furiekida,compound_adjective,,ナ形容詞,
古臭い,ふるくさい,furukusai,compound_adjective,,イ形容詞,
相応しい,ふさわしい,fusawashii,compound_adjective,,イ形容詞,
不誠実だ,ふせいじつだ,fuseijitsuda,compound_adjective,,ナ形容詞,
不正確だ,ふせいかくだ,fuseikakuda,compound_adjective,,ナ形容詞,
不成功だ,ふせいこうだ,fuseikoda,compound_adjective,,ナ形容詞,
不鮮明だ,ふせんめいだ,fusenmeida,compound_adjective,,ナ形容詞,
不摂生だ,ふせっせいだ,fusesseida,compound_adjective,,ナ形容詞,
不思議だ,ふしぎだ,fushigida,compound_adjective,,ナ形容詞,
不親切だ,ふしんせつだ,fushinsetsuda,compound_adjective,,ナ形容詞,
不自然だ,ふしぜんだ,fushizenda,compound_adjective,,ナ形容詞,
不相応だ,ふそうおうだ,fusoda,compound_adjective,,ナ形容詞,
不手際だ,ふてぎわだ,futegiwada,compound_adjective,,ナ形容詞,
不定期だ,ふていきだ,futeikida,compound_adjective,,ナ形容詞,
不適任だ,ふてきにんだ,futekininda,compound_adjective,,ナ形容詞,
不適当だ,ふてきとうだ,futekitoda,compound_adjective,,ナ形容詞,
不徹底だ,ふてっていだ,futetteida,compound_adjective,,ナ形容詞,
不統一だ,ふとういつだ,futoitsuda,compound_adjective,,ナ形容詞,
不得意だ,ふとくいだ,futokuida,compound_adjective,,ナ形容詞,
不透明だ,ふとうめいだ,futomeida,compound_adjective,,ナ形容詞,
不都合だ,ふつごうだ,futsugoda,compound_adjective,,ナ形容詞,
不釣り合いだ,ふつりあいだ,futsuriaida,compound_adjective,,ナ形容詞,
不用意だ,ふよういだ,fuyoida,compound_adjective,,ナ形容詞,
不養生だ,ふようじょうだ,fuyojoda,compound_adjective,,ナ形容詞,
不愉快だ,ふゆかいだ,fuyukaida,compound_adjective,,ナ形容詞,
不行き届きだ,ふゆきとどきだ,fuyukitodokida,compound_adjective,,ナ形容詞,
我慢強い,がまんづよい,gamanzuyoi,compound_adjective,,イ形容詞,
義理堅い,ぎりがたい,girigatai,compound_adjective,,イ形容詞,
御機嫌だ,ごきげんだ,gokigenda,compound_adjective,,ナ形容詞,
御機嫌斜めだ,ごきげんななめだ,gokigennanameda,compound_adjective,,ナ形容詞,
御苦労様だ,ごくろうさまだ,gokurosamada,compound_adjective,,ナ形容詞,
言語道断だ,ごんごどうだんだ,gongododanda,compound_adjective,,ナ形容詞,
仰々しい,ぎょうぎょうしい,gyogyoshii,compound_adjective,,イ形容詞,
幅広い,はばひろい,habahiroi,compound_adjective,,イ形容詞,
肌寒い,はださむい,hadasamui,compound_adjective,,イ形容詞,
歯痒い,はがゆい,hagayui,compound_adjective,,イ形容詞,
果無い,はかない,hakanai,compound_adjective,,イ形容詞,
計り知れない,はかりしれない,hakarishirenai,compound_adjective,,イ形容詞,
花々しい,はなばなしい,hanabanashii,compound_adjective,,イ形容詞,
鼻高々だ,はなたかだかだ,hanatakadakada,compound_adjective,,ナ形容詞,
腹立たしい,はらだたしい,haradatashii,compound_adjective,,イ形容詞,
腹黒い,はらぐろい,haraguroi,compound_adjective,,イ形容詞,
晴れ晴れしい,はればれしい,harebareshii,compound_adjective,,イ形容詞,
破廉恥だ,はれんちだ,harenchida,compound_adjective,,ナ形容詞,
破天荒だ,はてんこうだ,hatenkoda,compound_adjective,,ナ形容詞,
果てし無い,はてしない,hateshinai,compound_adjective,,イ形容詞,
変幻自在だ,へんげんじざいだ,hengenjizaida,compound_adjective,,ナ形容詞,
下手糞だ,へたくそだ,hetakusoda,compound_adjective,,ナ形容詞,
非合法だ,ひごうほうだ,higohoda,compound_adjective,,ナ形容詞,
非常識だ,ひじょうしきだ,hijoshikida,compound_adjective,,ナ形容詞,
引っ切り無い,ひっきりない,hikkirinai,compound_adjective,,イ形容詞,
引っ切り無しだ,ひっきりなしだ,hikkirinashida,compound_adjective,,ナ形容詞,
非公式だ,ひこうしきだ,hikoshikida,compound_adjective,,ナ形容詞,
久方振りだ,ひさかたぶりだ,hisakataburida,compound_adjective,,ナ形容詞,
人懐こい,ひとなつこい,hitonatsukoi,compound_adjective,,イ形容詞,
必要不可欠だ,ひつようふかけつだ,hitsuyofukaketsuda,compound_adjective,,ナ形容詞,
程近い,ほどちかい,hodochikai,compound_adjective,,イ形容詞,
程遠い,ほどとおい,hodotoi,compound_adjective,,イ形容詞,
程好い,ほどよい,hodoyoi,compound_adjective,,イ形容詞,
頬笑ましい,ほほえましい,hohoemashii,compound_adjective,,イ形容詞,
仄暗い,ほのぐらい,honogurai,compound_adjective,,イ形容詞,
仄白い,ほのじろい,honojiroi,compound_adjective,,イ形容詞,
細長い,ほそながい,hosonagai,compound_adjective,,イ形容詞,
一目瞭然だ,いちもくりょうぜんだ,ichimokuryozenda,compound_adjective,,ナ形容詞,
一人前だ,いちにんまえだ,ichininmaeda,compound_adjective,,ナ形容詞,
意義深い,いぎぶかい,igibukai,compound_adjective,,イ形容詞,
言い難い,いいがたい,iigatai,compound_adjective,,イ形容詞,
好い加減だ,いいかげんだ,iikagenda,compound_adjective,,ナ形容詞,
意地っ張りだ,いじっぱりだ,ijipparida,compound_adjective,,ナ形容詞,
意地悪だ,いじわるだ,ijiwaruda,compound_adjective,,ナ形容詞,
如何様だ,いかようだ,ikayoda,compound_adjective,,ナ形容詞,
息苦しい,いきぐるしい,ikigurushii,compound_adjective,,イ形容詞,
意固地だ,いこじだ,ikojida,compound_adjective,,ナ形容詞,
意味深長だ,いみしんちょうだ,imishinchoda,compound_adjective,,ナ形容詞,
印象深い,いんしょうぶかい,inshobukai,compound_adjective,,イ形容詞,
一本気だ,いっぽんぎだ,ippongida,compound_adjective,,ナ形容詞,
一本調子だ,いっぽんぢょうしだ,ipponjoshida,compound_adjective,,ナ形容詞,
色取り取りだ,いろとりどりだ,irotoridorida,compound_adjective,,ナ形容詞,
一生懸命だ,いっしょうけんめいだ,isshokenmeida,compound_adjective,,ナ形容詞,
痛々しい,いたいたしい,itaitashii,compound_adjective,,イ形容詞,
居丈高だ,いたけだかだ,itakedakada,compound_adjective,,ナ形容詞,
致し方無い,いたしかたない,itashikatanai,compound_adjective,,イ形容詞,
謂れ無い,いわれない,iwarenai,compound_adjective,,イ形容詞,
嫌味たらしい,いやみたらしい,iyamitarashii,compound_adjective,,イ形容詞,
嫌味たらしい,いやみたらしい,iyamitarashii,compound_adjective,,イ形容詞,
自暴自棄だ,じぼうじきだ,jibojikida,compound_adjective,,ナ形容詞,
自分勝手だ,じぶんかってだ,jibunkatteda,compound_adjective,,ナ形容詞,
時代遅れだ,じだいおくれだ,jidaiokureda,compound_adjective,,ナ形容詞,
時期尚早だ,じきしょうそうだ,jikishosoda,compound_adjective,,ナ形容詞,
自慢気だ,じまんげだ,jimangeda,compound_adjective,,ナ形容詞,
実現可能だ,じつげんかのうだ,jitsugenkanoda,compound_adjective,,ナ形容詞,
自由自在だ,じゆうじざいだ,jiyujizaida,compound_adjective,,ナ形容詞,
自由勝手だ,じゆうかってだ,jiyukatteda,compound_adjective,,ナ形容詞,
上出来だ,じょうできだ,jodekida,compound_adjective,,ナ形容詞,
上機嫌だ,じょうきげんだ,jokigenda,compound_adjective,,ナ形容詞,
如才無い,じょさいない,josainai,compound_adjective,,イ形容詞,
十二分だ,じゅうにぶんだ,junibunda,compound_adjective,,ナ形容詞,
十人並みだ,じゅうにんなみだ,juninnamida,compound_adjective,,ナ形容詞,
縦横無尽だ,じゅうおうむじんだ,juomujinda,compound_adjective,,ナ形容詞,
限り無い,かぎりない,kagirinai,compound_adjective,,イ形容詞,
過保護だ,かほごだ,kahogoda,compound_adjective,,ナ形容詞,
恰好悪い,かっこわるい,kakkowarui,compound_adjective,,イ形容詞,
恰好良い,かっこよい,kakkoyoi,compound_adjective,,イ形容詞,
恰好良い,かっこよい,kakkoyoi,compound_adjective,,イ形容詞,
甲高い,かんだかい,kandakai,compound_adjective,,イ形容詞,
感無量だ,かんむりょうだ,kanmuryoda,compound_adjective,,ナ形容詞,
完全無欠だ,かんぜんむけつだ,kanzenmuketsuda,compound_adjective,,ナ形容詞,
軽々しい,かるがるしい,karugarushii,compound_adjective,,イ形容詞,
片腹痛い,かたはらいたい,kataharaitai,compound_adjective,,イ形容詞,
片意地だ,かたいじだ,kataijida,compound_adjective,,ナ形容詞,
堅苦しい,かたくるしい,katakurushii,compound_adjective,,イ形容詞,
片手落ちだ,かたておちだ,katateochida,compound_adjective,,ナ形容詞,
勝手気侭だ,かってきままだ,kattekimamada,compound_adjective,,ナ形容詞,
可愛い,かわいい,kawaii,compound_adjective,,イ形容詞,
可愛らしい,かわいらしい,kawairashii,compound_adjective,,イ形容詞,
可哀相だ,かわいそうだ,kawaisoda,compound_adjective,,ナ形容詞,
数多い,かずおおい,kazuoi,compound_adjective,,イ形容詞,
数知れない,かずしれない,kazushirenai,compound_adjective,,イ形容詞,
気高い,けだかい,kedakai,compound_adjective,,イ形容詞,
気怠い,けだるい,kedarui,compound_adjective,,イ形容詞,
見当違いだ,けんとうちがいだ,kentochigaida,compound_adjective,,ナ形容詞,
几帳面だ,きちょうめんだ,kichomenda,compound_adjective,,ナ形容詞,
気恥ずかしい,きはずかしい,kihazukashii,compound_adjective,,イ形容詞,
生一本だ,きいっぽんだ,kiipponda,compound_adjective,,ナ形容詞,
黄色い,きいろい,kiiroi,compound_adjective,,イ形容詞,
聞き苦しい,ききぐるしい,kikigurushii,compound_adjective,,イ形容詞,
生真面目だ,きまじめだ,kimajimeda,compound_adjective,,ナ形容詞,
気不味い,きまずい,kimazui,compound_adjective,,イ形容詞,
肌理細かだ,きめこまかだ,kimekomakada,compound_adjective,,ナ形容詞,
気持ち良い,きもちよい,kimochiyoi,compound_adjective,,イ形容詞,
気難しい,きむずかしい,kimuzukashii,compound_adjective,,イ形容詞,
謹厳実直だ,きんげんじっちょくだ,kingenjitchokuda,compound_adjective,,ナ形容詞,
気乗り薄だ,きのりうすだ,kinoriusuda,compound_adjective,,ナ形容詞,
綺麗好きだ,きれいずきだ,kireizukida,compound_adjective,,ナ形容詞,
規則正しい,きそくただしい,kisokutadashii,compound_adjective,,イ形容詞,
奇想天外だ,きそうてんがいだ,kisotengaida,compound_adjective,,ナ形容詞,
気忙しい,きぜわしい,kizewashii,compound_adjective,,イ形容詞,
気強い,きづよい,kizuyoi,compound_adjective,,イ形容詞,
広大無辺だ,こうだいむへんだ,kodaimuhenda,compound_adjective,,ナ形容詞,
小高い,こだかい,kodakai,compound_adjective,,イ形容詞,
小綺麗だ,こぎれいだ,kogireida,compound_adjective,,ナ形容詞,
神々しい,こうごうしい,kogoshii,compound_adjective,,イ形容詞,
広範囲だ,こうはんいだ,kohanida,compound_adjective,,ナ形容詞,
小気味好い,こきみよい,kokimiyoi,compound_adjective,,イ形容詞,
心地好い,ここちよい,kokochiyoi,compound_adjective,,イ形容詞,
心細い,こころぼそい,kokorobosoi,compound_adjective,,イ形容詞,
心苦しい,こころぐるしい,kokorogurushii,compound_adjective,,イ形容詞,
心許無い,こころもとない,kokoromotonai,compound_adjective,,イ形容詞,
心無い,こころない,kokoronai,compound_adjective,,イ形容詞,
心憎い,こころにくい,kokoronikui,compound_adjective,,イ形容詞,
心安い,こころやすい,kokoroyasui,compound_adjective,,イ形容詞,
心強い,こころづよい,kokorozuyoi,compound_adjective,,イ形容詞,
公明正大だ,こうめいせいだいだ,komeiseidaida,compound_adjective,,ナ形容詞,
事新しい,ことあたらしい,kotoatarashii,compound_adjective,,イ形容詞,
言葉巧みだ,ことばだくみだ,kotobadakumida,compound_adjective,,ナ形容詞,
言葉少なだ,ことばずくなだ,kotobazukunada,compound_adjective,,ナ形容詞,
荒唐無稽だ,こうとうむけいだ,kotomukeida,compound_adjective,,ナ形容詞,
好都合だ,こうつごうだ,kotsugoda,compound_adjective,,ナ形容詞,
口下手だ,くちべただ,kuchibetada,compound_adjective,,ナ形容詞,
口汚い,くちぎたない,kuchigitanai,compound_adjective,,イ形容詞,
口幅ったい,くちはばったい,kuchihabattai,compound_adjective,,イ形容詞,
口惜しい,くちおしい,kuchioshii,compound_adjective,,イ形容詞,
口煩い,くちうるさい,kuchiurusai,compound_adjective,,イ形容詞,
口喧しい,くちやかましい,kuchiyakamashii,compound_adjective,,イ形容詞,
草深い,くさぶかい,kusabukai,compound_adjective,,イ形容詞,
興味深い,きょうみぶかい,kyomibukai,compound_adjective,,イ形容詞,
興味本位だ,きょうみほんいだ,kyomihonida,compound_adjective,,ナ形容詞,
待ち遠しい,まちどおしい,machidoshii,compound_adjective,,イ形容詞,
間近い,まぢかい,majikai,compound_adjective,,イ形容詞,
真面目だ,まじめだ,majimeda,compound_adjective,,ナ形容詞,
真っ暗闇だ,まっくらやみだ,makkurayamida,compound_adjective,,ナ形容詞,
満遍無い,まんべんない,manbennai,compound_adjective,,イ形容詞,
満足気だ,まんぞくげだ,manzokugeda,compound_adjective,,ナ形容詞,
回り諄い,まわりくどい,mawarikudoi,compound_adjective,,イ形容詞,
目新しい,めあたらしい,meatarashii,compound_adjective,,イ形容詞,
目星い,めぼしい,meboshii,compound_adjective,,イ形容詞,
女々しい,めめしい,memeshii,compound_adjective,,イ形容詞,
面目無い,めんぼくない,menbokunai,compound_adjective,,イ形容詞,
面倒臭い,めんどうくさい,mendokusai,compound_adjective,,イ形容詞,
目覚ましい,めざましい,mezamashii,compound_adjective,,イ形容詞,
目敏い,めざとい,mezatoi,compound_adjective,,イ形容詞,
身勝手だ,みがってだ,migatteda,compound_adjective,,ナ形容詞,
見苦しい,みぐるしい,migurushii,compound_adjective,,イ形容詞,
未解決だ,みかいけつだ,mikaiketsuda,compound_adjective,,ナ形容詞,
未開拓だ,みかいたくだ,mikaitakuda,compound_adjective,,ナ形容詞,
未完成だ,みかんせいだ,mikanseida,compound_adjective,,ナ形容詞,
未経験だ,みけいけんだ,mikeikenda,compound_adjective,,ナ形容詞,
耳新しい,みみあたらしい,mimiatarashii,compound_adjective,,イ形容詞,
未練がましい,みれんがましい,mirengamashii,compound_adjective,,イ形容詞,
未曽有だ,みぞうだ,mizoda,compound_adjective,,ナ形容詞,
水臭い,みずくさい,mizukusai,compound_adjective,,イ形容詞,
文句無しだ,もんくなしだ,monkunashida,compound_adjective,,ナ形容詞,
物悲しい,ものがなしい,monoganashii,compound_adjective,,イ形容詞,
物珍しい,ものめずらしい,monomezurashii,compound_adjective,,イ形容詞,
物見高い,ものみだかい,monomidakai,compound_adjective,,イ形容詞,
物々しい,ものものしい,monomonoshii,compound_adjective,,イ形容詞,
物寂しい,ものさびしい,monosabishii,compound_adjective,,イ形容詞,
物凄い,ものすごい,monosugoi,compound_adjective,,イ形容詞,
物足りない,ものたりない,monotarinai,compound_adjective,,イ形容詞,
盛り沢山だ,もりだくさんだ,moridakusanda,compound_adjective,,ナ形容詞,
申し訳無い,もうしわけない,moshiwakenai,compound_adjective,,イ形容詞,
勿体無い,もったいない,mottainai,compound_adjective,,イ形容詞,
無防備だ,むぼうびだ,mubobida,compound_adjective,,ナ形容詞,
無茶苦茶だ,むちゃくちゃだ,muchakuchada,compound_adjective,,ナ形容詞,
無秩序だ,むちつじょだ,muchitsujoda,compound_adjective,,ナ形容詞,
無分別だ,むふんべつだ,mufunbetsuda,compound_adjective,,ナ形容詞,
無限大だ,むげんだいだ,mugendaida,compound_adjective,,ナ形容詞,
無批判だ,むひはんだ,muhihanda,compound_adjective,,ナ形容詞,
無表情だ,むひょうじょうだ,muhyojoda,compound_adjective,,ナ形容詞,
無一文だ,むいちもんだ,muichimonda,compound_adjective,,ナ形容詞,
無意味だ,むいみだ,muimida,compound_adjective,,ナ形容詞,
無意識だ,むいしきだ,muishikida,compound_adjective,,ナ形容詞,
無邪気だ,むじゃきだ,mujakida,compound_adjective,,ナ形容詞,
無慈悲だ,むじひだ,mujihida,compound_adjective,,ナ形容詞,
無自覚だ,むじかくだ,mujikakuda,compound_adjective,,ナ形容詞,
無尽蔵だ,むじんぞうだ,mujinzoda,compound_adjective,,ナ形容詞,
無関係だ,むかんけいだ,mukankeida,compound_adjective,,ナ形容詞,
無関心だ,むかんしんだ,mukanshinda,compound_adjective,,ナ形容詞,
昔気質だ,むかしかたぎだ,mukashikatagida,compound_adjective,,ナ形容詞,
無軌道だ,むきどうだ,mukidoda,compound_adjective,,ナ形容詞,
無気力だ,むきりょくだ,mukiryokuda,compound_adjective,,ナ形容詞,
無機質だ,むきしつだ,mukishitsuda,compound_adjective,,ナ形容詞,
無味乾燥だ,むみかんそうだ,mumikansoda,compound_adjective,,ナ形容詞,
胸苦しい,むなぐるしい,munagurushii,compound_adjective,,イ形容詞,
無能力だ,むのうりょくだ,munoryokuda,compound_adjective,,ナ形容詞,
無理解だ,むりかいだ,murikaida,compound_adjective,,ナ形容詞,
無差別だ,むさべつだ,musabetsuda,compound_adjective,,ナ形容詞,
無作為だ,むさくいだ,musakuida,compound_adjective,,ナ形容詞,
無制限だ,むせいげんだ,museigenda,compound_adjective,,ナ形容詞,
無責任だ,むせきにんだ,musekininda,compound_adjective,,ナ形容詞,
蒸し暑い,むしあつい,mushiatsui,compound_adjective,,イ形容詞,
無神経だ,むしんけいだ,mushinkeida,compound_adjective,,ナ形容詞,
無抵抗だ,むていこうだ,muteikoda,compound_adjective,,ナ形容詞,
無鉄砲だ,むてっぽうだ,muteppoda,compound_adjective,,ナ形容詞,
無頓着だ,むとんちゃくだ,mutonchakuda,compound_adjective,,ナ形容詞,
無造作だ,むぞうさだ,muzosada,compound_adjective,,ナ形容詞,
名高い,なだかい,nadakai,compound_adjective,,イ形容詞,
名残惜しい,なごりおしい,nagorioshii,compound_adjective,,イ形容詞,
生暖かい,なまあたたかい,namaatatakai,compound_adjective,,イ形容詞,
生臭い,なまぐさい,namagusai,compound_adjective,,イ形容詞,
生半可だ,なまはんかだ,namahankada,compound_adjective,,ナ形容詞,
生意気だ,なまいきだ,namaikida,compound_adjective,,ナ形容詞,
生々しい,なまなましい,namanamashii,compound_adjective,,イ形容詞,
生温い,なまぬるい,namanurui,compound_adjective,,イ形容詞,
生易しい,なまやさしい,namayasashii,compound_adjective,,イ形容詞,
涙脆い,なみだもろい,namidamoroi,compound_adjective,,イ形容詞,
並大抵だ,なみたいていだ,namitaiteida,compound_adjective,,ナ形容詞,
何でも無い,なんでもない,nandemonai,compound_adjective,,イ形容詞,
何気無い,なにげない,nanigenai,compound_adjective,,イ形容詞,
馴れ馴れしい,なれなれしい,narenareshii,compound_adjective,,イ形容詞,
情け深い,なさけぶかい,nasakebukai,compound_adjective,,イ形容詞,
情け無い,なさけない,nasakenai,compound_adjective,,イ形容詞,
粘り強い,ねばりづよい,nebarizuyoi,compound_adjective,,イ形容詞,
根深い,ねぶかい,nebukai,compound_adjective,,イ形容詞,
寝不足だ,ねぶそくだ,nebusokuda,compound_adjective,,ナ形容詞,
寝苦しい,ねぐるしい,negurushii,compound_adjective,,イ形容詞,
根強い,ねづよい,nezuyoi,compound_adjective,,イ形容詞,
苦々しい,にがにがしい,niganigashii,compound_adjective,,イ形容詞,
忍耐強い,にんたいづよい,nintaizuyoi,compound_adjective,,イ形容詞,
似付かわしい,につかわしい,nitsukawashii,compound_adjective,,イ形容詞,
野太い,のぶとい,nobutoi,compound_adjective,,イ形容詞,
野放図だ,のほうずだ,nohozuda,compound_adjective,,ナ形容詞,
大袈裟だ,おおげさだ,ogesada,compound_adjective,,ナ形容詞,
御人好しだ,おひとよしだ,ohitoyoshida,compound_adjective,,ナ形容詞,
美味しい,おいしい,oishii,compound_adjective,,イ形容詞,
大仕掛けだ,おおじかけだ,ojikakeda,compound_adjective,,ナ形容詞,
御構い無しだ,おかまいなしだ,okamainashida,compound_adjective,,ナ形容詞,
奥深い,おくふかい,okufukai,compound_adjective,,イ形容詞,
奥床しい,おくゆかしい,okuyukashii,compound_adjective,,イ形容詞,
大真面目だ,おおまじめだ,omajimeda,compound_adjective,,ナ形容詞,
面映ゆい,おもはゆい,omohayui,compound_adjective,,イ形容詞,
思い掛け無い,おもいがけない,omoigakenai,compound_adjective,,イ形容詞,
重苦しい,おもくるしい,omokurushii,compound_adjective,,イ形容詞,
重々しい,おもおもしい,omomoshii,compound_adjective,,イ形容詞,
面白い,おもしろい,omoshiroi,compound_adjective,,イ形容詞,
面白可笑しい,おもしろおかしい,omoshirokashii,compound_adjective,,イ形容詞,
御先真っ暗だ,おさきまっくらだ,osakimakkurada,compound_adjective,,ナ形容詞,
御節介だ,おせっかいだ,osekkaida,compound_adjective,,ナ形容詞,
雄々しい,おおしい,oshii,compound_adjective,,イ形容詞,
惜しみ無い,おしみない,oshiminai,compound_adjective,,イ形容詞,
御粗末だ,おそまつだ,osomatsuda,compound_adjective,,ナ形容詞,
恐れ多い,おそれおおい,osoreoi,compound_adjective,,イ形容詞,
御互い様だ,おたがいさまだ,otagaisamada,compound_adjective,,ナ形容詞,
御転婆だ,おてんばだ,otenbada,compound_adjective,,ナ形容詞,
御手柔らかだ,おてやわらかだ,oteyawarakada,compound_adjective,,ナ形容詞,
大人気無い,おとなげない,otonagenai,compound_adjective,,イ形容詞,
親不孝だ,おやふこうだ,oyafukoda,compound_adjective,,ナ形容詞,
親孝行だ,おやこうこうだ,oyakokoda,compound_adjective,,ナ形容詞,
御座成りだ,おざなりだ,ozanarida,compound_adjective,,ナ形容詞,
大雑把だ,おおざっぱだ,ozappada,compound_adjective,,ナ形容詞,
礼儀正しい,れいぎただしい,reigitadashii,compound_adjective,,イ形容詞,
理不尽だ,りふじんだ,rifujinda,compound_adjective,,ナ形容詞,
殺風景だ,さっぷうけいだ,sappukeida,compound_adjective,,ナ形容詞,
差し出がましい,さしでがましい,sashidegamashii,compound_adjective,,イ形容詞,
世知辛い,せちがらい,sechigarai,compound_adjective,,イ形容詞,
正反対だ,せいはんたいだ,seihantaida,compound_adjective,,ナ形容詞,
世界共通だ,せかいきょうつうだ,sekaikyotsuda,compound_adjective,,ナ形容詞,
世間並みだ,せけんなみだ,sekennamida,compound_adjective,,ナ形容詞,
世間知らずだ,せけんしらずだ,sekenshirazuda,compound_adjective,,ナ形容詞,
赤裸々だ,せきららだ,sekirarada,compound_adjective,,ナ形容詞,
説教がましい,せっきょうがましい,sekkyogamashii,compound_adjective,,イ形容詞,
狭苦しい,せまくるしい,semakurushii,compound_adjective,,イ形容詞,
千差万別だ,せんさばんべつだ,sensabanbetsuda,compound_adjective,,ナ形容詞,
切無い,せつない,setsunai,compound_adjective,,イ形容詞,
世話好きだ,せわずきだ,sewazukida,compound_adjective,,ナ形容詞,
四角い,しかくい,shikakui,compound_adjective,,イ形容詞,
仕方が無い,しかたがない,shikataganai,compound_adjective,,イ形容詞,
仕方無い,しかたない,shikatanai,compound_adjective,,イ形容詞,
辛抱強い,しんぼうづよい,shinbozuyoi,compound_adjective,,イ形容詞,
信心深い,しんじんぶかい,shinjinbukai,compound_adjective,,イ形容詞,
神経質だ,しんけいしつだ,shinkeishitsuda,compound_adjective,,ナ形容詞,
心配気だ,しんぱいげだ,shinpaigeda,compound_adjective,,ナ形容詞,
針小棒大だ,しんしょうぼうだいだ,shinshobodaida,compound_adjective,,ナ形容詞,
塩辛い,しおからい,shiokarai,compound_adjective,,イ形容詞,
白々しい,しらじらしい,shirajirashii,compound_adjective,,イ形容詞,
支離滅裂だ,しりめつれつだ,shirimetsuretsuda,compound_adjective,,ナ形容詞,
仕様が無い,しようがない,shiyoganai,compound_adjective,,イ形容詞,
所在無い,しょざいない,shozainai,compound_adjective,,イ形容詞,
種々雑多だ,しゅじゅざっただ,shujuzattada,compound_adjective,,ナ形容詞,
執念深い,しゅうねんぶかい,shunenbukai,compound_adjective,,イ形容詞,
素っ気無い,そっけない,sokkenai,compound_adjective,,イ形容詞,
其の場限りだ,そのばかぎりだ,sonobakagirida,compound_adjective,,ナ形容詞,
其の場凌ぎだ,そのばしのぎだ,sonobashinogida,compound_adjective,,ナ形容詞,
空恐ろしい,そらおそろしい,soraosoroshii,compound_adjective,,イ形容詞,
空々しい,そらぞらしい,sorazorashii,compound_adjective,,イ形容詞,
騒々しい,そうぞうしい,sozoshii,compound_adjective,,イ形容詞,
素晴らしい,すばらしい,subarashii,compound_adjective,,イ形容詞,
素早い,すばやい,subayai,compound_adjective,,イ形容詞,
末恐ろしい,すえおそろしい,sueosoroshii,compound_adjective,,イ形容詞,
末頼もしい,すえたのもしい,suetanomoshii,compound_adjective,,イ形容詞,
好き勝手だ,すきかってだ,sukikatteda,compound_adjective,,ナ形容詞,
素っ頓狂だ,すっとんきょうだ,suttonkyoda,compound_adjective,,ナ形容詞,
耐え難い,たえがたい,taegatai,compound_adjective,,イ形容詞,
多方面だ,たほうめんだ,tahomenda,compound_adjective,,ナ形容詞,
高飛車だ,たかびしゃだ,takabishada,compound_adjective,,ナ形容詞,
他人行儀だ,たにんぎょうぎだ,taningyogida,compound_adjective,,ナ形容詞,
多種多様だ,たしゅたようだ,tashutayoda,compound_adjective,,ナ形容詞,
頼り無い,たよりない,tayorinai,compound_adjective,,イ形容詞,
手荒い,てあらい,tearai,compound_adjective,,イ形容詞,
手厚い,てあつい,teatsui,compound_adjective,,イ形容詞,
手早い,てばやい,tebayai,compound_adjective,,イ形容詞,
手広い,てびろい,tebiroi,compound_adjective,,イ形容詞,
手堅い,てがたい,tegatai,compound_adjective,,イ形容詞,
手強い,てごわい,tegowai,compound_adjective,,イ形容詞,
低次元だ,ていじげんだ,teijigenda,compound_adjective,,ナ形容詞,
手一杯だ,ていっぱいだ,teippaida,compound_adjective,,ナ形容詞,
低姿勢だ,ていしせいだ,teishiseida,compound_adjective,,ナ形容詞,
手痛い,ていたい,teitai,compound_adjective,,イ形容詞,
手厳しい,てきびしい,tekibishii,compound_adjective,,イ形容詞,
手前勝手だ,てまえがってだ,temaegatteda,compound_adjective,,ナ形容詞,
天真爛漫だ,てんしんらんまんだ,tenshinranmanda,compound_adjective,,ナ形容詞,
照れ臭い,てれくさい,terekusai,compound_adjective,,イ形容詞,
鉄面皮だ,てつめんぴだ,tetsumenpida,compound_adjective,,ナ形容詞,
手っ取り早い,てっとりばやい,tettoribayai,compound_adjective,,イ形容詞,
得意気だ,とくいげだ,tokuigeda,compound_adjective,,ナ形容詞,
通り一遍だ,とおりいっぺんだ,toriippenda,compound_adjective,,ナ形容詞,
罪深い,つみふかい,tsumifukai,compound_adjective,,イ形容詞,
慎み深い,つつしみぶかい,tsutsushimibukai,compound_adjective,,イ形容詞,
有頂天だ,うちょうてんだ,uchotenda,compound_adjective,,ナ形容詞,
初々しい,ういういしい,uiuishii,compound_adjective,,イ形容詞,
上手い,うまい,umai,compound_adjective,,イ形容詞,
胡散臭い,うさんくさい,usankusai,compound_adjective,,イ形容詞,
後ろ暗い,うしろぐらい,ushirogurai,compound_adjective,,イ形容詞,
薄汚い,うすぎたない,usugitanai,compound_adjective,,イ形容詞,
薄暗い,うすぐらい,usugurai,compound_adjective,,イ形容詞,
薄気味悪い,うすきみわるい,usukimiwarui,compound_adjective,,イ形容詞,
薄ら寒い,うすらさむい,usurasamui,compound_adjective,,イ形容詞,
鬱陶しい,うっとうしい,uttoshii,compound_adjective,,イ形容詞,
鬱陶しい,うっとうしい,uttoshii,compound_adjective,,イ形容詞,
鬱陶しい,うっとうしい,uttoshii,compound_adjective,,イ形容詞,
若々しい,わかわかしい,wakawakashii,compound_adjective,,イ形容詞,
訳無い,わけない,wakenai,compound_adjective,,イ形容詞,
悪賢い,わるがしこい,warugashikoi,compound_adjective,,イ形容詞,
忘れ難い,わすれがたい,wasuregatai,compound_adjective,,イ形容詞,
野暮ったい,やぼったい,yabottai,compound_adjective,,イ形容詞,
遣り切れない,やりきれない,yarikirenai,compound_adjective,,イ形容詞,
遣る方無い,やるかたない,yarukatanai,compound_adjective,,イ形容詞,
矢継ぎ早だ,やつぎばやだ,yatsugibayada,compound_adjective,,ナ形容詞,
余儀無い,よぎない,yoginai,compound_adjective,,イ形容詞,
用心深い,ようじんぶかい,yojinbukai,compound_adjective,,イ形容詞,
拠所無い,よんどころない,yondokoronai,compound_adjective,,イ形容詞,
予想外だ,よそうがいだ,yosogaida,compound_adjective,,ナ形容詞,
余所余所しい,よそよそしい,yosoyososhii,compound_adjective,,イ形容詞,
弱々しい,よわよわしい,yowayowashii,compound_adjective,,イ形容詞,
有意義だ,ゆういぎだ,yuigida,compound_adjective,,ナ形容詞,
優柔不断だ,ゆうじゅうふだんだ,yujufudanda,compound_adjective,,ナ形容詞,
有名無実だ,ゆうめいむじつだ,yumeimujitsuda,compound_adjective,,ナ形容詞,
揺るぎ無い,ゆるぎない,yuruginai,compound_adjective,,イ形容詞,
悠々自適だ,ゆうゆうじてきだ,yuyujitekida,compound_adjective,,ナ形容詞,
由々しい,ゆゆしい,yuyushii,compound_adjective,,イ形容詞,
絶好調だ,ぜっこうちょうだ,zekkochoda,compound_adjective,,ナ形容詞,
絶体絶命だ,ぜったいぜつめいだ,zettaizetsumeida,compound_adjective,,ナ形容詞,
造作無い,ぞうさない,zosanai,compound_adjective,,イ形容詞,
図太い,ずぶとい,zubutoi,compound_adjective,,イ形容詞,
狡賢い,ずるがしこい,zurugashikoi,compound_adjective,,イ形容詞,
焙り出す,あぶりだす,aburidasu,compound_verb,,動詞,
溢れ出る,あふれでる,afurederu,compound_verb,,動詞,
相俟つ,あいまつ,aimatsu,compound_verb,,動詞,
相手取る,あいてどる,aitedoru,compound_verb,,動詞,
相次ぐ,あいつぐ,aitsugu,compound_verb,,動詞,
赤茶ける,あかちゃける,akachakeru,compound_verb,,動詞,
垢抜ける,あかぬける,akanukeru,compound_verb,,動詞,
開け放つ,あけはなつ,akehanatsu,compound_verb,,動詞,
明け暮れる,あけくれる,akekureru,compound_verb,,動詞,
明け渡す,あけわたす,akewatasu,compound_verb,,動詞,
飽き足る,あきたる,akitaru,compound_verb,,動詞,
天下る,あまくだる,amakudaru,compound_verb,,動詞,
編み出す,あみだす,amidasu,compound_verb,,動詞,
仰ぎ見る,あおぎみる,aogimiru,compound_verb,,動詞,
仰向く,あおむく,aomuku,compound_verb,,動詞,
青褪める,あおざめる,aozameru,compound_verb,,動詞,
荒立てる,あらだてる,aradateru,compound_verb,,動詞,
洗い出す,あらいだす,araidasu,compound_verb,,動詞,
洗い流す,あらいながす,arainagasu,compound_verb,,動詞,
荒れ狂う,あれくるう,arekuruu,compound_verb,,動詞,
有り余る,ありあまる,ariamaru,compound_verb,,動詞,
当て嵌まる,あてはまる,atehamaru,compound_verb,,動詞,
当て嵌める,あてはめる,atehameru,compound_verb,,動詞,
当て付ける,あてつける,atetsukeru,compound_verb,,動詞,
泡立てる,あわだてる,awadateru,compound_verb,,動詞,
泡立つ,あわだつ,awadatsu,compound_verb,,動詞,
併せ持つ,あわせもつ,awasemotsu,compound_verb,,動詞,
歩み寄る,あゆみよる,ayumiyoru,compound_verb,,動詞,
預け入れる,あずけいれる,azukeireru,compound_verb,,動詞,
馬鹿げる,ばかげる,bakageru,compound_verb,,動詞,
分捕る,ぶんどる,bundoru,compound_verb,,動詞,
茶化す,ちゃかす,chakasu,compound_verb,,動詞,
血走る,ちばしる,chibashiru,compound_verb,,動詞,
千切れる,ちぎれる,chigireru,compound_verb,,動詞,
千切る,ちぎる,chigiru,compound_verb,,動詞,
縮み上がる,ちぢみあがる,chijimiagaru,compound_verb,,動詞,
力尽きる,ちからつきる,chikaratsukiru,compound_verb,,動詞,
力付ける,ちからづける,chikarazukeru,compound_verb,,動詞,
近寄る,ちかよる,chikayoru,compound_verb,,動詞,
近付ける,ちかづける,chikazukeru,compound_verb,,動詞,
近付く,ちかづく,chikazuku,compound_verb,,動詞,
血迷う,ちまよう,chimayou,compound_verb,,動詞,
抱き上げる,だきあげる,dakiageru,compound_verb,,動詞,
抱き合う,だきあう,dakiau,compound_verb,,動詞,
抱き抱える,だきかかえる,dakikakaeru,compound_verb,,動詞,
抱き込む,だきこむ,dakikomu,compound_verb,,動詞,
抱き締める,だきしめる,dakishimeru,compound_verb,,動詞,
抱き竦める,だきすくめる,dakisukumeru,compound_verb,,動詞,
抱き付く,だきつく,dakitsuku,compound_verb,,動詞,
出し抜く,だしぬく,dashinuku,compound_verb,,動詞,
出歩く,であるく,dearuku,compound_verb,,動詞,
出会う,であう,deau,compound_verb,,動詞,
出控える,でびかえる,debikaeru,compound_verb,,動詞,
出払う,ではらう,deharau,compound_verb,,動詞,
出掛ける,でかける,dekakeru,compound_verb,,動詞,
出来る,できる,dekiru,compound_verb,,動詞,
出会す,でくわす,dekuwasu,compound_verb,,動詞,
出迎える,でむかえる,demukaeru,compound_verb,,動詞,
出向く,でむく,demuku,compound_verb,,動詞,
出直す,でなおす,denaosu,compound_verb,,動詞,
出遅れる,でおくれる,deokureru,compound_verb,,動詞,
出っ張る,でっぱる,depparu,compound_verb,,動詞,
出揃う,でそろう,desorou,compound_verb,,動詞,
捏ち上げる,でっちあげる,detchiageru,compound_verb,,動詞,
怒鳴る,どなる,donaru,compound_verb,,動詞,
抉り出す,えぐりだす,eguridasu,compound_verb,,動詞,
選り分ける,えりわける,eriwakeru,compound_verb,,動詞,
選り分ける,えりわける,eriwakeru,compound_verb,,動詞,
縁取る,ふちどる,fuchidoru,compound_verb,,動詞,
噴き上がる,ふきあがる,fukiagaru,compound_verb,,動詞,
吹き荒れる,ふきあれる,fukiareru,compound_verb,,動詞,
吹き出す,ふきだす,fukidasu,compound_verb,,動詞,
噴き出る,ふきでる,fukideru,compound_verb,,動詞,
吹き掛ける,ふきかける,fukikakeru,compound_verb,,動詞,
噴き零れる,ふきこぼれる,fukikoboreru,compound_verb,,動詞,
吹き抜ける,ふきぬける,fukinukeru,compound_verb,,動詞,
吹き下ろす,ふきおろす,fukiorosu,compound_verb,,動詞,
封切る,ふうきる,fukiru,compound_verb,,動詞,
吹き飛ばす,ふきとばす,fukitobasu,compound_verb,,動詞,
吹き飛ぶ,ふきとぶ,fukitobu,compound_verb,,動詞,
吹き付ける,ふきつける,fukitsukeru,compound_verb,,動詞,
吹き募る,ふきつのる,fukitsunoru,compound_verb,,動詞,
吹っ掛ける,ふっかける,fukkakeru,compound_verb,,動詞,
吹っ切れる,ふっきれる,fukkireru,compound_verb,,動詞,
踏み荒らす,ふみあらす,fumiarasu,compound_verb,,動詞,
踏み出す,ふみだす,fumidasu,compound_verb,,動詞,
踏み外す,ふみはずす,fumihazusu,compound_verb,,動詞,
踏み入れる,ふみいれる,fumiireru,compound_verb,,動詞,
踏み切る,ふみきる,fumikiru,compound_verb,,動詞,
踏み越える,ふみこえる,fumikoeru,compound_verb,,動詞,
踏み込む,ふみこむ,fumikomu,compound_verb,,動詞,
踏み迷う,ふみまよう,fumimayou,compound_verb,,動詞,
踏み均す,ふみならす,fuminarasu,compound_verb,,動詞,
踏み鳴らす,ふみならす,fuminarasu,compound_verb,,動詞,
踏み躙る,ふみにじる,fuminijiru,compound_verb,,動詞,
踏み締める,ふみしめる,fumishimeru,compound_verb,,動詞,
踏み倒す,ふみたおす,fumitaosu,compound_verb,,動詞,
踏み止まる,ふみとどまる,fumitodomaru,compound_verb,,動詞,
踏み潰す,ふみつぶす,fumitsubusu,compound_verb,,動詞,
踏み分ける,ふみわける,fumiwakeru,compound_verb,,動詞,
踏ん張る,ふんばる,funbaru,compound_verb,,動詞,
踏ん反り返る,ふんぞりかえる,funzorikaeru,compound_verb,,動詞,
踏ん付ける,ふんづける,funzukeru,compound_verb,,動詞,
触れ歩く,ふれあるく,furearuku,compound_verb,,動詞,
触れ合う,ふれあう,fureau,compound_verb,,動詞,
触れ回る,ふれまわる,furemawaru,compound_verb,,動詞,
振り出す,ふりだす,furidasu,compound_verb,,動詞,
振り払う,ふりはらう,furiharau,compound_verb,,動詞,
振り替える,ふりかえる,furikaeru,compound_verb,,動詞,
振り返る,ふりかえる,furikaeru,compound_verb,,動詞,
降り掛かる,ふりかかる,furikakaru,compound_verb,,動詞,
振り翳す,ふりかざす,furikazasu,compound_verb,,動詞,
振り切る,ふりきる,furikiru,compound_verb,,動詞,
降り篭める,ふりこめる,furikomeru,compound_verb,,動詞,
振り込む,ふりこむ,furikomu,compound_verb,,動詞,
振り撒く,ふりまく,furimaku,compound_verb,,動詞,
振り乱す,ふりみだす,furimidasu,compound_verb,,動詞,
振り向ける,ふりむける,furimukeru,compound_verb,,動詞,
振り向く,ふりむく,furimuku,compound_verb,,動詞,
振り下ろす,ふりおろす,furiorosu,compound_verb,,動詞,
振り落とす,ふりおとす,furiotosu,compound_verb,,動詞,
振り絞る,ふりしぼる,furishiboru,compound_verb,,動詞,
降り頻る,ふりしきる,furishikiru,compound_verb,,動詞,
降り注ぐ,ふりそそぐ,furisosogu,compound_verb,,動詞,
振り付ける,ふりつける,furitsukeru,compound_verb,,動詞,
降り積もる,ふりつもる,furitsumoru,compound_verb,,動詞,
降り募る,ふりつのる,furitsunoru,compound_verb,,動詞,
降り続く,ふりつづく,furitsuzuku,compound_verb,,動詞,
振り分ける,ふりわける,furiwakeru,compound_verb,,動詞,
古惚ける,ふるぼける,furubokeru,compound_verb,,動詞,
奮い起こす,ふるいおこす,furuiokosu,compound_verb,,動詞,
振るい落とす,ふるいおとす,furuiotosu,compound_verb,,動詞,
篩い落とす,ふるいおとす,furuiotosu,compound_verb,,動詞,
奮い立つ,ふるいたつ,furuitatsu,compound_verb,,動詞,
振る舞う,ふるまう,furumau,compound_verb,,動詞,
節榑立つ,ふしくれだつ,fushikuredatsu,compound_verb,,動詞,
伏し拝む,ふしおがむ,fushiogamu,compound_verb,,動詞,
不貞腐れる,ふてくされる,futekusareru,compound_verb,,動詞,
降って湧く,ふってわく,futtewaku,compound_verb,,動詞,
吹っ飛ぶ,ふっとぶ,futtobu,compound_verb,,動詞,
頑張る,がんばる,ganbaru,compound_verb,,動詞,
元気付ける,げんきづける,genkizukeru,compound_verb,,動詞,
義務付ける,ぎむづける,gimuzukeru,compound_verb,,動詞,
御座る,ござる,gozaru,compound_verb,,動詞,
牛耳る,ぎゅうじる,gyujiru,compound_verb,,動詞,
剥ぎ取る,はぎとる,hagitoru,compound_verb,,動詞,
這い上がる,はいあがる,haiagaru,compound_verb,,動詞,
恥じ入る,はじいる,hajiiru,compound_verb,,動詞,
弾き出す,はじきだす,hajikidasu,compound_verb,,動詞,
履き違える,はきちがえる,hakichigaeru,compound_verb,,動詞,
吐き出す,はきだす,hakidasu,compound_verb,,動詞,
運び出す,はこびだす,hakobidasu,compound_verb,,動詞,
運び入れる,はこびいれる,hakobiireru,compound_verb,,動詞,
食み出す,はみだす,hamidasu,compound_verb,,動詞,
食み出る,はみでる,hamideru,compound_verb,,動詞,
刃向かう,はむかう,hamukau,compound_verb,,動詞,
話し出す,はなしだす,hanashidasu,compound_verb,,動詞,
跳ね上がる,はねあがる,haneagaru,compound_verb,,動詞,
撥ね上げる,はねあげる,haneageru,compound_verb,,動詞,
跳ね返る,はねかえる,hanekaeru,compound_verb,,動詞,
跳ね返す,はねかえす,hanekaesu,compound_verb,,動詞,
跳ね飛ばす,はねとばす,hanetobasu,compound_verb,,動詞,
撥ね付ける,はねつける,hanetsukeru,compound_verb,,動詞,
腹這う,はらばう,harabau,compound_verb,,動詞,
腹立てる,はらだてる,haradateru,compound_verb,,動詞,
腹立つ,はらだつ,haradatsu,compound_verb,,動詞,
払い戻す,はらいもどす,haraimodosu,compound_verb,,動詞,
払い下げる,はらいさげる,haraisageru,compound_verb,,動詞,
張り上げる,はりあげる,hariageru,compound_verb,,動詞,
張り合う,はりあう,hariau,compound_verb,,動詞,
張り出す,はりだす,haridasu,compound_verb,,動詞,
張り切る,はりきる,harikiru,compound_verb,,動詞,
張り巡らす,はりめぐらす,harimegurasu,compound_verb,,動詞,
張り裂ける,はりさける,harisakeru,compound_verb,,動詞,
張り付ける,はりつける,haritsukeru,compound_verb,,動詞,
張り付く,はりつく,haritsuku,compound_verb,,動詞,
走り回る,はしりまわる,hashirimawaru,compound_verb,,動詞,
働き掛ける,はたらきかける,hatarakikakeru,compound_verb,,動詞,
流行る,はやる,hayaru,compound_verb,,動詞,
圧し折る,へしおる,heshioru,compound_verb,,動詞,
干上がる,ひあがる,hiagaru,compound_verb,,動詞,
罅割れる,ひびわれる,hibiwareru,compound_verb,,動詞,
干涸びる,ひからびる,hikarabiru,compound_verb,,動詞,
光り輝く,ひかりかがやく,hikarikagayaku,compound_verb,,動詞,
引き上げる,ひきあげる,hikiageru,compound_verb,,動詞,
引き千切れる,ひきちぎれる,hikichigireru,compound_verb,,動詞,
引き千切る,ひきちぎる,hikichigiru,compound_verb,,動詞,
引き出す,ひきだす,hikidasu,compound_verb,,動詞,
引き離す,ひきはなす,hikihanasu,compound_verb,,動詞,
引き払う,ひきはらう,hikiharau,compound_verb,,動詞,
引き入れる,ひきいれる,hikiireru,compound_verb,,動詞,
引き換える,ひきかえる,hikikaeru,compound_verb,,動詞,
引き籠る,ひきこもる,hikikomoru,compound_verb,,動詞,
引き戻す,ひきもどす,hikimodosu,compound_verb,,動詞,
引き延ばす,ひきのばす,hikinobasu,compound_verb,,動詞,
引き抜く,ひきぬく,hikinuku,compound_verb,,動詞,
引き起こす,ひきおこす,hikiokosu,compound_verb,,動詞,
引き落とす,ひきおとす,hikiotosu,compound_verb,,動詞,
引き下がる,ひきさがる,hikisagaru,compound_verb,,動詞,
引き下げる,ひきさげる,hikisageru,compound_verb,,動詞,
引き裂く,ひきさく,hikisaku,compound_verb,,動詞,
引き絞る,ひきしぼる,hikishiboru,compound_verb,,動詞,
引き締まる,ひきしまる,hikishimaru,compound_verb,,動詞,
引き締める,ひきしめる,hikishimeru,compound_verb,,動詞,
引き立てる,ひきたてる,hikitateru,compound_verb,,動詞,
引き立つ,ひきたつ,hikitatsu,compound_verb,,動詞,
引き留める,ひきとめる,hikitomeru,compound_verb,,動詞,
引き取る,ひきとる,hikitoru,compound_verb,,動詞,
引き継ぐ,ひきつぐ,hikitsugu,compound_verb,,動詞,
引き攣れる,ひきつれる,hikitsureru,compound_verb,,動詞,
引き連れる,ひきつれる,hikitsureru,compound_verb,,動詞,
引き攣る,ひきつる,hikitsuru,compound_verb,,動詞,
引き続く,ひきつづく,hikitsuzuku,compound_verb,,動詞,
引き受ける,ひきうける,hikiukeru,compound_verb,,動詞,
引き分ける,ひきわける,hikiwakeru,compound_verb,,動詞,
引き渡す,ひきわたす,hikiwatasu,compound_verb,,動詞,
引き寄せる,ひきよせる,hikiyoseru,compound_verb,,動詞,
引き摺り出す,ひきずりだす,hikizuridasu,compound_verb,,動詞,
引き摺る,ひきずる,hikizuru,compound_verb,,動詞,
引っ被る,ひっかぶる,hikkaburu,compound_verb,,動詞,
引っ掛かる,ひっかかる,hikkakaru,compound_verb,,動詞,
引っ掛ける,ひっかける,hikkakeru,compound_verb,,動詞,
引っ掻ける,ひっかける,hikkakeru,compound_verb,,動詞,
引っ掻く,ひっかく,hikkaku,compound_verb,,動詞,
引っ込める,ひっこめる,hikkomeru,compound_verb,,動詞,
引っ込む,ひっこむ,hikkomu,compound_verb,,動詞,
引っこ抜く,ひっこぬく,hikkonuku,compound_verb,,動詞,
引っ越す,ひっこす,hikkosu,compound_verb,,動詞,
引っ繰り返る,ひっくりかえる,hikkurikaeru,compound_verb,,動詞,
引っ繰り返す,ひっくりかえす,hikkurikaesu,compound_verb,,動詞,
紐解く,ひもとく,himotoku,compound_verb,,動詞,
捻り出す,ひねりだす,hineridasu,compound_verb,,動詞,
引っ張り出す,ひっぱりだす,hipparidasu,compound_verb,,動詞,
引っ張る,ひっぱる,hipparu,compound_verb,,動詞,
引っ叩く,ひっぱたく,hippataku,compound_verb,,動詞,
開き直る,ひらきなおる,hirakinaoru,compound_verb,,動詞,
引っ提げる,ひっさげる,hissageru,compound_verb,,動詞,
直走る,ひたはしる,hitahashiru,compound_verb,,動詞,
直隠す,ひたかくす,hitakakusu,compound_verb,,動詞,
引っ手繰る,ひったくる,hittakuru,compound_verb,,動詞,
引っ付く,ひっつく,hittsuku,compound_verb,,動詞,
頬張る,ほおばる,hobaru,compound_verb,,動詞,
微笑む,ほおえむ,hoemu,compound_verb,,動詞,
頬笑む,ほほえむ,hohoemu,compound_verb,,動詞,
方向付ける,ほうこうづける,hokozukeru,compound_verb,,動詞,
褒め称える,ほめたたえる,hometataeru,compound_verb,,動詞,
仄見える,ほのみえる,honomieru,compound_verb,,動詞,
掘り当てる,ほりあてる,horiateru,compound_verb,,動詞,
掘り出す,ほりだす,horidasu,compound_verb,,動詞,
放り投げる,ほうりなげる,horinageru,compound_verb,,動詞,
掘り起こす,ほりおこす,horiokosu,compound_verb,,動詞,
掘り下げる,ほりさげる,horisageru,compound_verb,,動詞,
火照る,ほてる,hoteru,compound_verb,,動詞,
威張る,いばる,ibaru,compound_verb,,動詞,
位置付ける,いちづける,ichizukeru,compound_verb,,動詞,
啀み合う,いがみあう,igamiau,compound_verb,,動詞,
意義付ける,いぎづける,igizukeru,compound_verb,,動詞,
言い争う,いいあらそう,iiarasou,compound_verb,,動詞,
言い表す,いいあらわす,iiarawasu,compound_verb,,動詞,
言い当てる,いいあてる,iiateru,compound_verb,,動詞,
言い含める,いいふくめる,iifukumeru,compound_verb,,動詞,
言い触らす,いいふらす,iifurasu,compound_verb,,動詞,
言い古す,いいふるす,iifurusu,compound_verb,,動詞,
言い放つ,いいはなつ,iihanatsu,compound_verb,,動詞,
言い張る,いいはる,iiharu,compound_verb,,動詞,
言い交わす,いいかわす,iikawasu,compound_verb,,動詞,
言い聞かせる,いいきかせる,iikikaseru,compound_verb,,動詞,
言い包める,いいくるめる,iikurumeru,compound_verb,,動詞,
言い習わす,いいならわす,iinarawasu,compound_verb,,動詞,
言い逃れる,いいのがれる,iinogareru,compound_verb,,動詞,
言い抜ける,いいぬける,iinukeru,compound_verb,,動詞,
言い添える,いいそえる,iisoeru,compound_verb,,動詞,
言い付かる,いいつかる,iitsukaru,compound_verb,,動詞,
言い付ける,いいつける,iitsukeru,compound_verb,,動詞,
言い伝える,いいつたえる,iitsutaeru,compound_verb,,動詞,
言い淀む,いいよどむ,iiyodomu,compound_verb,,動詞,
怒り狂う,いかりくるう,ikarikuruu,compound_verb,,動詞,
生け捕る,いけどる,ikedoru,compound_verb,,動詞,
行き当たる,いきあたる,ikiataru,compound_verb,,動詞,
行き当たる,いきあたる,ikiataru,compound_verb,,動詞,
行き合う,いきあう,ikiau,compound_verb,,動詞,
行き合う,いきあう,ikiau,compound_verb,,動詞,
行き違う,いきちがう,ikichigau,compound_verb,,動詞,
行き違う,いきちがう,ikichigau,compound_verb,,動詞,
意気込む,いきごむ,ikigomu,compound_verb,,動詞,
生き返る,いきかえる,ikikaeru,compound_verb,,動詞,
行き交う,いきかう,ikikau,compound_verb,,動詞,
行き交う,いきかう,ikikau,compound_verb,,動詞,
息巻く,いきまく,ikimaku,compound_verb,,動詞,
生き長らえる,いきながらえる,ikinagaraeru,compound_verb,,動詞,
生き延びる,いきのびる,ikinobiru,compound_verb,,動詞,
生き残る,いきのこる,ikinokoru,compound_verb,,動詞,
勢い付ける,いきおいづける,ikioizukeru,compound_verb,,動詞,
勢い付く,いきおいづく,ikioizuku,compound_verb,,動詞,
熱り立つ,いきりたつ,ikiritatsu,compound_verb,,動詞,
行き届く,いきとどく,ikitodoku,compound_verb,,動詞,
行き届く,いきとどく,ikitodoku,compound_verb,,動詞,
行き着く,いきつく,ikitsuku,compound_verb,,動詞,
行き着く,いきつく,ikitsuku,compound_verb,,動詞,
生き別れる,いきわかれる,ikiwakareru,compound_verb,,動詞,
息衝く,いきづく,ikizuku,compound_verb,,動詞,
息詰まる,いきづまる,ikizumaru,compound_verb,,動詞,
行き詰まる,いきづまる,ikizumaru,compound_verb,,動詞,
行き詰まる,いきづまる,ikizumaru,compound_verb,,動詞,
意味付ける,いみづける,imizukeru,compound_verb,,動詞,
居直る,いなおる,inaoru,compound_verb,,動詞,
居並ぶ,いならぶ,inarabu,compound_verb,,動詞,
居眠る,いねむる,inemuru,compound_verb,,動詞,
居残る,いのこる,inokoru,compound_verb,,動詞,
印象付ける,いんしょうづける,inshozukeru,compound_verb,,動詞,
射落とす,いおとす,iotosu,compound_verb,,動詞,
苛立つ,いらだつ,iradatsu,compound_verb,,動詞,
入れ替える,いれかえる,irekaeru,compound_verb,,動詞,
入れ替わる,いれかわる,irekawaru,compound_verb,,動詞,
入り浸る,いりびたる,iribitaru,compound_verb,,動詞,
入り組む,いりくむ,irikumu,compound_verb,,動詞,
入り交じる,いりまじる,irimajiru,compound_verb,,動詞,
入り乱れる,いりみだれる,irimidareru,compound_verb,,動詞,
色褪せる,いろあせる,iroaseru,compound_verb,,動詞,
色めき立つ,いろめきたつ,iromekitatsu,compound_verb,,動詞,
色付ける,いろづける,irozukeru,compound_verb,,動詞,
色付く,いろづく,irozuku,compound_verb,,動詞,
勇み立つ,いさみたつ,isamitatsu,compound_verb,,動詞,
居竦まる,いすくまる,isukumaru,compound_verb,,動詞,
射竦める,いすくめる,isukumeru,compound_verb,,動詞,
居竦む,いすくむ,isukumu,compound_verb,,動詞,
居座る,いすわる,isuwaru,compound_verb,,動詞,
痛め付ける,いためつける,itametsukeru,compound_verb,,動詞,
射止める,いとめる,itomeru,compound_verb,,動詞,
居着く,いつく,itsuku,compound_verb,,動詞,
陣取る,じんどる,jindoru,compound_verb,,動詞,
気触れる,かぶれる,kabureru,compound_verb,,動詞,
搗ち合う,かちあう,kachiau,compound_verb,,動詞,
勝ち得る,かちえる,kachieru,compound_verb,,動詞,
勝ち誇る,かちほこる,kachihokoru,compound_verb,,動詞,
勝ち越す,かちこす,kachikosu,compound_verb,,動詞,
勝ち残る,かちのこる,kachinokoru,compound_verb,,動詞,
勝ち取る,かちとる,kachitoru,compound_verb,,動詞,
角張る,かどばる,kadobaru,compound_verb,,動詞,
帰り着く,かえりつく,kaeritsuku,compound_verb,,動詞,
返り咲く,かえりざく,kaerizaku,compound_verb,,動詞,
嗅ぎ付ける,かぎつける,kagitsukeru,compound_verb,,動詞,
嗅ぎ分ける,かぎわける,kagiwakeru,compound_verb,,動詞,
掻い出す,かいだす,kaidasu,compound_verb,,動詞,
買い入れる,かいいれる,kaiireru,compound_verb,,動詞,
買い被る,かいかぶる,kaikaburu,compound_verb,,動詞,
垣間見える,かいまみえる,kaimamieru,compound_verb,,動詞,
垣間見る,かいまみる,kaimamiru,compound_verb,,動詞,
買い戻す,かいもどす,kaimodosu,compound_verb,,動詞,
買い求める,かいもとめる,kaimotomeru,compound_verb,,動詞,
飼い馴らす,かいならす,kainarasu,compound_verb,,動詞,
買い占める,かいしめる,kaishimeru,compound_verb,,動詞,
買い叩く,かいたたく,kaitataku,compound_verb,,動詞,
買い取る,かいとる,kaitoru,compound_verb,,動詞,
齧り付く,かじりつく,kajiritsuku,compound_verb,,動詞,
掛かり合う,かかりあう,kakariau,compound_verb,,動詞,
掛かり付ける,かかりつける,kakaritsukeru,compound_verb,,動詞,
係わり合う,かかわりあう,kakawariau,compound_verb,,動詞,
駆け上がる,かけあがる,kakeagaru,compound_verb,,動詞,
掛け違える,かけちがえる,kakechigaeru,compound_verb,,動詞,
掛け違う,かけちがう,kakechigau,compound_verb,,動詞,
掛け離れる,かけはなれる,kakehanareru,compound_verb,,動詞,
駆け回る,かけまわる,kakemawaru,compound_verb,,動詞,
駆け巡る,かけめぐる,kakemeguru,compound_verb,,動詞,
駆け抜ける,かけぬける,kakenukeru,compound_verb,,動詞,
駆け付ける,かけつける,kaketsukeru,compound_verb,,動詞,
駆け寄る,かけよる,kakeyoru,compound_verb,,動詞,
駆けずり回る,かけずりまわる,kakezurimawaru,compound_verb,,動詞,
書き表す,かきあらわす,kakiarawasu,compound_verb,,動詞,
掻き集める,かきあつめる,kakiatsumeru,compound_verb,,動詞,
書き集める,かきあつめる,kakiatsumeru,compound_verb,,動詞,
書き入れる,かきいれる,kakiireru,compound_verb,,動詞,
掻き消す,かきけす,kakikesu,compound_verb,,動詞,
掻き切る,かききる,kakikiru,compound_verb,,動詞,
掻き回す,かきまわす,kakimawasu,compound_verb,,動詞,
掻き混ぜる,かきまぜる,kakimazeru,compound_verb,,動詞,
掻き乱す,かきみだす,kakimidasu,compound_verb,,動詞,
掻き毟る,かきむしる,kakimushiru,compound_verb,,動詞,
書き殴る,かきなぐる,kakinaguru,compound_verb,,動詞,
掻き鳴らす,かきならす,kakinarasu,compound_verb,,動詞,
書き起こす,かきおこす,kakiokosu,compound_verb,,動詞,
書き下ろす,かきおろす,kakiorosu,compound_verb,,動詞,
書き記す,かきしるす,kakishirusu,compound_verb,,動詞,
書き添える,かきそえる,kakisoeru,compound_verb,,動詞,
書き溜める,かきためる,kakitameru,compound_verb,,動詞,
掻き立てる,かきたてる,kakitateru,compound_verb,,動詞,
書き留める,かきとめる,kakitomeru,compound_verb,,動詞,
書き連ねる,かきつらねる,kakitsuraneru,compound_verb,,動詞,
書き綴る,かきつづる,kakitsuzuru,compound_verb,,動詞,
書き写す,かきうつす,kakiutsusu,compound_verb,,動詞,
掻き分ける,かきわける,kakiwakeru,compound_verb,,動詞,
書き分ける,かきわける,kakiwakeru,compound_verb,,動詞,
掻き寄せる,かきよせる,kakiyoseru,compound_verb,,動詞,
活気付ける,かっきづける,kakkizukeru,compound_verb,,動詞,
活気付く,かっきづく,kakkizuku,compound_verb,,動詞,
角張る,かくばる,kakubaru,compound_verb,,動詞,
隠し持つ,かくしもつ,kakushimotsu,compound_verb,,動詞,
噛み合う,かみあう,kamiau,compound_verb,,動詞,
噛み殺す,かみころす,kamikorosu,compound_verb,,動詞,
噛み砕く,かみくだく,kamikudaku,compound_verb,,動詞,
噛み締める,かみしめる,kamishimeru,compound_verb,,動詞,
噛み付く,かみつく,kamitsuku,compound_verb,,動詞,
醸し出す,かもしだす,kamoshidasu,compound_verb,,動詞,
兼ね備える,かねそなえる,kanesonaeru,compound_verb,,動詞,
勘繰る,かんぐる,kanguru,compound_verb,,動詞,
感極まる,かんきわまる,kankiwamaru,compound_verb,,動詞,
関連付ける,かんれんづける,kanrenzukeru,compound_verb,,動詞,
感付く,かんづく,kanzuku,compound_verb,,動詞,
掻っ払う,かっぱらう,kapparau,compound_verb,,動詞,
絡み付く,からみつく,karamitsuku,compound_verb,,動詞,
駆り集める,かりあつめる,kariatsumeru,compound_verb,,動詞,
借り出す,かりだす,karidasu,compound_verb,,動詞,
駆り出す,かりだす,karidasu,compound_verb,,動詞,
借り入れる,かりいれる,kariireru,compound_verb,,動詞,
駆り立てる,かりたてる,karitateru,compound_verb,,動詞,
借り受ける,かりうける,kariukeru,compound_verb,,動詞,
嵩張る,かさばる,kasabaru,compound_verb,,動詞,
貸し切る,かしきる,kashikiru,compound_verb,,動詞,
形作る,かたちづくる,katachizukuru,compound_verb,,動詞,
語り明かす,かたりあかす,katariakasu,compound_verb,,動詞,
語り伝える,かたりつたえる,kataritsutaeru,compound_verb,,動詞,
片付ける,かたづける,katazukeru,compound_verb,,動詞,
片付く,かたづく,katazuku,compound_verb,,動詞,
担ぎ出す,かつぎだす,katsugidasu,compound_verb,,動詞,
買って出る,かってでる,kattederu,compound_verb,,動詞,
可愛がる,かわいがる,kawaigaru,compound_verb,,動詞,
蹴散らかす,けちらかす,kechirakasu,compound_verb,,動詞,
蹴散らす,けちらす,kechirasu,compound_verb,,動詞,
気圧される,けおされる,keosareru,compound_verb,,動詞,
蹴落とす,けおとす,keotosu,compound_verb,,動詞,
蹴り出す,けりだす,keridasu,compound_verb,,動詞,
気色ばむ,けしきばむ,keshikibamu,compound_verb,,動詞,
消し飛ぶ,けしとぶ,keshitobu,compound_verb,,動詞,
消し止める,けしとめる,keshitomeru,compound_verb,,動詞,
蹴飛ばす,けとばす,ketobasu,compound_verb,,動詞,
結論付ける,けつろんづける,ketsuronzukeru,compound_verb,,動詞,
決定付ける,けっていづける,ketteizukeru,compound_verb,,動詞,
蹴破る,けやぶる,keyaburu,compound_verb,,動詞,
気張る,きばる,kibaru,compound_verb,,動詞,
気取る,きどる,kidoru,compound_verb,,動詞,
消え失せる,きえうせる,kieuseru,compound_verb,,動詞,
着替える,きがえる,kigaeru,compound_verb,,動詞,
着飾る,きかざる,kikazaru,compound_verb,,動詞,
聞き古す,ききふるす,kikifurusu,compound_verb,,動詞,
聞き惚れる,ききほれる,kikihoreru,compound_verb,,動詞,
聞き入れる,ききいれる,kikiireru,compound_verb,,動詞,
聞き入る,ききいる,kikiiru,compound_verb,,動詞,
聴き入る,ききいる,kikiiru,compound_verb,,動詞,
聞き齧る,ききかじる,kikikajiru,compound_verb,,動詞,
聞き流す,ききながす,kikinagasu,compound_verb,,動詞,
聞き逃す,ききのがす,kikinogasu,compound_verb,,動詞,
聞き届ける,ききとどける,kikitodokeru,compound_verb,,動詞,
聞き咎める,ききとがめる,kikitogameru,compound_verb,,動詞,
聞き分ける,ききわける,kikiwakeru,compound_verb,,動詞,
決め付ける,きめつける,kimetsukeru,compound_verb,,動詞,
気に入る,きにいる,kiniiru,compound_verb,,動詞,
気負う,きおう,kiou,compound_verb,,動詞,
切り上げる,きりあげる,kiriageru,compound_verb,,動詞,
切り出す,きりだす,kiridasu,compound_verb,,動詞,
切り離す,きりはなす,kirihanasu,compound_verb,,動詞,
切り払う,きりはらう,kiriharau,compound_verb,,動詞,
切り開く,きりひらく,kirihiraku,compound_verb,,動詞,
切り替える,きりかえる,kirikaeru,compound_verb,,動詞,
切り替わる,きりかわる,kirikawaru,compound_verb,,動詞,
切り殺す,きりころす,kirikorosu,compound_verb,,動詞,
切り崩す,きりくずす,kirikuzusu,compound_verb,,動詞,
切り回す,きりまわす,kirimawasu,compound_verb,,動詞,
切り落とす,きりおとす,kiriotosu,compound_verb,,動詞,
切り下げる,きりさげる,kirisageru,compound_verb,,動詞,
切り裂く,きりさく,kirisaku,compound_verb,,動詞,
切り立つ,きりたつ,kiritatsu,compound_verb,,動詞,
切り分ける,きりわける,kiriwakeru,compound_verb,,動詞,
着付ける,きつける,kitsukeru,compound_verb,,動詞,
際立てる,きわだてる,kiwadateru,compound_verb,,動詞,
際立つ,きわだつ,kiwadatsu,compound_verb,,動詞,
気遣う,きづかう,kizukau,compound_verb,,動詞,
気付く,きづく,kizuku,compound_verb,,動詞,
傷付ける,きずつける,kizutsukeru,compound_verb,,動詞,
傷付く,きずつく,kizutsuku,compound_verb,,動詞,
零れ落ちる,こぼれおちる,koboreochiru,compound_verb,,動詞,
焦げ付く,こげつく,kogetsuku,compound_verb,,動詞,
漕ぎ着ける,こぎつける,kogitsukeru,compound_verb,,動詞,
凍え死ぬ,こごえじぬ,kogoejinu,compound_verb,,動詞,
乞い願う,こいねがう,koinegau,compound_verb,,動詞,
請い願う,こいねがう,koinegau,compound_verb,,動詞,
抉じ開ける,こじあける,kojiakeru,compound_verb,,動詞,
扱き下ろす,こきおろす,kokiorosu,compound_verb,,動詞,
扱き使う,こきつかう,kokitsukau,compound_verb,,動詞,
心温まる,こころあたたまる,kokoroatatamaru,compound_verb,,動詞,
心得る,こころえる,kokoroeru,compound_verb,,動詞,
心掛ける,こころがける,kokorogakeru,compound_verb,,動詞,
心惹かれる,こころひかれる,kokorohikareru,compound_verb,,動詞,
込み上げる,こみあげる,komiageru,compound_verb,,動詞,
込み入る,こみいる,komiiru,compound_verb,,動詞,
凝り固まる,こりかたまる,korikatamaru,compound_verb,,動詞,
腰掛ける,こしかける,koshikakeru,compound_verb,,動詞,
事欠ける,ことかける,kotokakeru,compound_verb,,動詞,
事欠く,ことかく,kotokaku,compound_verb,,動詞,
言付かる,ことづかる,kotozukaru,compound_verb,,動詞,
言付ける,ことづける,kotozukeru,compound_verb,,動詞,
小突く,こづく,kozuku,compound_verb,,動詞,
口走る,くちばしる,kuchibashiru,compound_verb,,動詞,
口籠る,くちごもる,kuchigomoru,compound_verb,,動詞,
口遊む,くちずさむ,kuchizusamu,compound_verb,,動詞,
口説く,くどく,kudoku,compound_verb,,動詞,
区切る,くぎる,kugiru,compound_verb,,動詞,
釘付ける,くぎづける,kugizukeru,compound_verb,,動詞,
食い荒らす,くいあらす,kuiarasu,compound_verb,,動詞,
悔い改める,くいあらためる,kuiaratameru,compound_verb,,動詞,
食い違う,くいちがう,kuichigau,compound_verb,,動詞,
食い千切る,くいちぎる,kuichigiru,compound_verb,,動詞,
食い入る,くいいる,kuiiru,compound_verb,,動詞,
食い込む,くいこむ,kuikomu,compound_verb,,動詞,
食い下がる,くいさがる,kuisagaru,compound_verb,,動詞,
食い縛る,くいしばる,kuishibaru,compound_verb,,動詞,
食い止める,くいとめる,kuitomeru,compound_verb,,動詞,
食い潰す,くいつぶす,kuitsubusu,compound_verb,,動詞,
食い付く,くいつく,kuitsuku,compound_verb,,動詞,
食い繋ぐ,くいつなぐ,kuitsunagu,compound_verb,,動詞,
括り付ける,くくりつける,kukuritsukeru,compound_verb,,動詞,
組み合わさる,くみあわさる,kumiawasaru,compound_verb,,動詞,
組み合わせる,くみあわせる,kumiawaseru,compound_verb,,動詞,
組み合わす,くみあわす,kumiawasu,compound_verb,,動詞,
汲み出す,くみだす,kumidasu,compound_verb,,動詞,
組み入れる,くみいれる,kumiireru,compound_verb,,動詞,
組み立てる,くみたてる,kumitateru,compound_verb,,動詞,
汲み取る,くみとる,kumitoru,compound_verb,,動詞,
食らい付く,くらいつく,kuraitsuku,compound_verb,,動詞,
繰り上がる,くりあがる,kuriagaru,compound_verb,,動詞,
繰り上げる,くりあげる,kuriageru,compound_verb,,動詞,
繰り合わせる,くりあわせる,kuriawaseru,compound_verb,,動詞,
繰り合わす,くりあわす,kuriawasu,compound_verb,,動詞,
繰り出す,くりだす,kuridasu,compound_verb,,動詞,
繰り広げる,くりひろげる,kurihirogeru,compound_verb,,動詞,
繰り入れる,くりいれる,kuriireru,compound_verb,,動詞,
繰り返す,くりかえす,kurikaesu,compound_verb,,動詞,
繰り越す,くりこす,kurikosu,compound_verb,,動詞,
繰り延べる,くりのべる,kurinoberu,compound_verb,,動詞,
繰り下げる,くりさげる,kurisageru,compound_verb,,動詞,
狂い咲く,くるいざく,kuruizaku,compound_verb,,動詞,
食って掛かる,くってかかる,kuttekakaru,compound_verb,,動詞,
崩れ落ちる,くずれおちる,kuzureochiru,compound_verb,,動詞,
間引く,まびく,mabiku,compound_verb,,動詞,
待ち合わせる,まちあわせる,machiawaseru,compound_verb,,動詞,
待ち合わす,まちあわす,machiawasu,compound_verb,,動詞,
間違える,まちがえる,machigaeru,compound_verb,,動詞,
間違う,まちがう,machigau,compound_verb,,動詞,
待ち構える,まちかまえる,machikamaeru,compound_verb,,動詞,
待ち草臥れる,まちくたびれる,machikutabireru,compound_verb,,動詞,
待ち望む,まちのぞむ,machinozomu,compound_verb,,動詞,
待ち受ける,まちうける,machiukeru,compound_verb,,動詞,
待ち侘びる,まちわびる,machiwabiru,compound_verb,,動詞,
間切る,まぎる,magiru,compound_verb,,動詞,
舞い上がる,まいあがる,maiagaru,compound_verb,,動詞,
舞い込む,まいこむ,maikomu,compound_verb,,動詞,
舞い戻る,まいもどる,maimodoru,compound_verb,,動詞,
舞い降りる,まいおりる,maioriru,compound_verb,,動詞,
罷り通る,まかりとおる,makaritoru,compound_verb,,動詞,
負け越す,まけこす,makekosu,compound_verb,,動詞,
巻き上がる,まきあがる,makiagaru,compound_verb,,動詞,
巻き上げる,まきあげる,makiageru,compound_verb,,動詞,
巻き返す,まきかえす,makikaesu,compound_verb,,動詞,
巻き戻す,まきもどす,makimodosu,compound_verb,,動詞,
巻き起こる,まきおこる,makiokoru,compound_verb,,動詞,
巻き起こす,まきおこす,makiokosu,compound_verb,,動詞,
巻き付ける,まきつける,makitsukeru,compound_verb,,動詞,
巻き付く,まきつく,makitsuku,compound_verb,,動詞,
捲くし立てる,まくしたてる,makushitateru,compound_verb,,動詞,
招き入れる,まねきいれる,manekiireru,compound_verb,,動詞,
真似る,まねる,maneru,compound_verb,,動詞,
間に合う,まにあう,maniau,compound_verb,,動詞,
祭り上げる,まつりあげる,matsuriageru,compound_verb,,動詞,
纏わり付く,まつわりつく,matsuwaritsuku,compound_verb,,動詞,
芽生える,めばえる,mebaeru,compound_verb,,動詞,
芽吹く,めぶく,mebuku,compound_verb,,動詞,
目立つ,めだつ,medatsu,compound_verb,,動詞,
目掛ける,めがける,megakeru,compound_verb,,動詞,
巡り合える,めぐりあえる,meguriaeru,compound_verb,,動詞,
巡逢う,めぐりあう,meguriau,compound_verb,,動詞,
滅入る,めいる,meiru,compound_verb,,動詞,
銘打つ,めいうつ,meiutsu,compound_verb,,動詞,
面食らう,めんくらう,menkurau,compound_verb,,動詞,
減り込む,めりこむ,merikomu,compound_verb,,動詞,
召し上がる,めしあがる,meshiagaru,compound_verb,,動詞,
召し抱える,めしかかえる,meshikakaeru,compound_verb,,動詞,
召し捕る,めしとる,meshitoru,compound_verb,,動詞,
目覚める,めざめる,mezameru,compound_verb,,動詞,
目指す,めざす,mezasu,compound_verb,,動詞,
見上げる,みあげる,miageru,compound_verb,,動詞,
見当たる,みあたる,miataru,compound_verb,,動詞,
見合う,みあう,miau,compound_verb,,動詞,
見合わせる,みあわせる,miawaseru,compound_verb,,動詞,
見合わす,みあわす,miawasu,compound_verb,,動詞,
見違える,みちがえる,michigaeru,compound_verb,,動詞,
満ち満ちる,みちみちる,michimichiru,compound_verb,,動詞,
満ち足りる,みちたりる,michitariru,compound_verb,,動詞,
乱れ飛ぶ,みだれとぶ,midaretobu,compound_verb,,動詞,
見え透く,みえすく,miesuku,compound_verb,,動詞,
身構える,みがまえる,migamaeru,compound_verb,,動詞,
身籠もる,みごもる,migomoru,compound_verb,,動詞,
見計らう,みはからう,mihakarau,compound_verb,,動詞,
見放す,みはなす,mihanasu,compound_verb,,動詞,
見晴らす,みはらす,miharasu,compound_verb,,動詞,
見張る,みはる,miharu,compound_verb,,動詞,
見開く,みひらく,mihiraku,compound_verb,,動詞,
見出だす,みいだす,miidasu,compound_verb,,動詞,
見入る,みいる,miiru,compound_verb,,動詞,
見返る,みかえる,mikaeru,compound_verb,,動詞,
見返す,みかえす,mikaesu,compound_verb,,動詞,
見限る,みかぎる,mikagiru,compound_verb,,動詞,
見掛ける,みかける,mikakeru,compound_verb,,動詞,
見交わす,みかわす,mikawasu,compound_verb,,動詞,
見切る,みきる,mikiru,compound_verb,,動詞,
見極める,みきわめる,mikiwameru,compound_verb,,動詞,
見込む,みこむ,mikomu,compound_verb,,動詞,
見越す,みこす,mikosu,compound_verb,,動詞,
見縊る,みくびる,mikubiru,compound_verb,,動詞,
見下す,みくだす,mikudasu,compound_verb,,動詞,
見比べる,みくらべる,mikuraberu,compound_verb,,動詞,
見紛える,みまがえる,mimagaeru,compound_verb,,動詞,
見紛う,みまがう,mimagau,compound_verb,,動詞,
見守る,みまもる,mimamoru,compound_verb,,動詞,
見舞う,みまう,mimau,compound_verb,,動詞,
見回る,みまわる,mimawaru,compound_verb,,動詞,
耳慣れる,みみなれる,miminareru,compound_verb,,動詞,
見向ける,みむける,mimukeru,compound_verb,,動詞,
見向く,みむく,mimuku,compound_verb,,動詞,
見直す,みなおす,minaosu,compound_verb,,動詞,
見習う,みならう,minarau,compound_verb,,動詞,
見做す,みなす,minasu,compound_verb,,動詞,
見逃す,みのがす,minogasu,compound_verb,,動詞,
見抜く,みぬく,minuku,compound_verb,,動詞,
見送る,みおくる,miokuru,compound_verb,,動詞,
見下ろす,みおろす,miorosu,compound_verb,,動詞,
見落とす,みおとす,miotosu,compound_verb,,動詞,
見定める,みさだめる,misadameru,compound_verb,,動詞,
見下げる,みさげる,misageru,compound_verb,,動詞,
見せ掛ける,みせかける,misekakeru,compound_verb,,動詞,
見せ付ける,みせつける,misetsukeru,compound_verb,,動詞,
見損なう,みそこなう,misokonau,compound_verb,,動詞,
見初める,みそめる,misomeru,compound_verb,,動詞,
見据える,みすえる,misueru,compound_verb,,動詞,
見過ごす,みすごす,misugosu,compound_verb,,動詞,
見透かす,みすかす,misukasu,compound_verb,,動詞,
見捨てる,みすてる,misuteru,compound_verb,,動詞,
見立てる,みたてる,mitateru,compound_verb,,動詞,
見て取れる,みてとれる,mitetoreru,compound_verb,,動詞,
見て取る,みてとる,mitetoru,compound_verb,,動詞,
見届ける,みとどける,mitodokeru,compound_verb,,動詞,
見咎める,みとがめる,mitogameru,compound_verb,,動詞,
看取る,みとる,mitoru,compound_verb,,動詞,
見取る,みとる,mitoru,compound_verb,,動詞,
見通す,みとおす,mitosu,compound_verb,,動詞,
見付かる,みつかる,mitsukaru,compound_verb,,動詞,
見付ける,みつける,mitsukeru,compound_verb,,動詞,
見繕う,みつくろう,mitsukurou,compound_verb,,動詞,
見詰める,みつめる,mitsumeru,compound_verb,,動詞,
見積もる,みつもる,mitsumoru,compound_verb,,動詞,
見受ける,みうける,miukeru,compound_verb,,動詞,
見失う,みうしなう,miushinau,compound_verb,,動詞,
見分ける,みわける,miwakeru,compound_verb,,動詞,
見渡す,みわたす,miwatasu,compound_verb,,動詞,
見破る,みやぶる,miyaburu,compound_verb,,動詞,
水際立つ,みずぎわだつ,mizugiwadatsu,compound_verb,,動詞,
持ち上がる,もちあがる,mochiagaru,compound_verb,,動詞,
持ち上げる,もちあげる,mochiageru,compound_verb,,動詞,
持ち歩く,もちあるく,mochiaruku,compound_verb,,動詞,
持ち出す,もちだす,mochidasu,compound_verb,,動詞,
持ち帰る,もちかえる,mochikaeru,compound_verb,,動詞,
持ち掛ける,もちかける,mochikakeru,compound_verb,,動詞,
持ち越す,もちこす,mochikosu,compound_verb,,動詞,
持ち堪える,もちこたえる,mochikotaeru,compound_verb,,動詞,
持ち寄る,もちよる,mochiyoru,compound_verb,,動詞,
萌え出る,もえでる,moederu,compound_verb,,動詞,
燃え広がる,もえひろがる,moehirogaru,compound_verb,,動詞,
燃え盛る,もえさかる,moesakaru,compound_verb,,動詞,
燃え尽きる,もえつきる,moetsukiru,compound_verb,,動詞,
目論む,もくろむ,mokuromu,compound_verb,,動詞,
揉み消す,もみけす,momikesu,compound_verb,,動詞,
盛り上がる,もりあがる,moriagaru,compound_verb,,動詞,
盛り上げる,もりあげる,moriageru,compound_verb,,動詞,
盛り込む,もりこむ,morikomu,compound_verb,,動詞,
守り立てる,もりたてる,moritateru,compound_verb,,動詞,
申し上げる,もうしあげる,moshiageru,compound_verb,,動詞,
申し合わせる,もうしあわせる,moshiawaseru,compound_verb,,動詞,
申し合わす,もうしあわす,moshiawasu,compound_verb,,動詞,
申し出る,もうしでる,moshideru,compound_verb,,動詞,
申し入れる,もうしいれる,moshiireru,compound_verb,,動詞,
申し込む,もうしこむ,moshikomu,compound_verb,,動詞,
申し送る,もうしおくる,moshiokuru,compound_verb,,動詞,
申し立てる,もうしたてる,moshitateru,compound_verb,,動詞,
申し付ける,もうしつける,moshitsukeru,compound_verb,,動詞,
申し渡す,もうしわたす,moshiwatasu,compound_verb,,動詞,
持て余す,もてあます,moteamasu,compound_verb,,動詞,
持て囃す,もてはやす,motehayasu,compound_verb,,動詞,
勿体振る,もったいぶる,mottaiburu,compound_verb,,動詞,
持って回る,もってまわる,mottemawaru,compound_verb,,動詞,
鞭打つ,むちうつ,muchiutsu,compound_verb,,動詞,
迎え入れる,むかえいれる,mukaeireru,compound_verb,,動詞,
迎え撃つ,むかえうつ,mukaeutsu,compound_verb,,動詞,
向かい合う,むかいあう,mukaiau,compound_verb,,動詞,
向き合う,むきあう,mukiau,compound_verb,,動詞,
向き直る,むきなおる,mukinaoru,compound_verb,,動詞,
浮腫む,むくむ,mukumu,compound_verb,,動詞,
咽び泣く,むせびなく,musebinaku,compound_verb,,動詞,
蒸し返す,むしかえす,mushikaesu,compound_verb,,動詞,
結び付ける,むすびつける,musubitsukeru,compound_verb,,動詞,
結び付く,むすびつく,musubitsuku,compound_verb,,動詞,
脈打つ,みゃくうつ,myakutsu,compound_verb,,動詞,
宥め賺す,なだめすかす,nadamesukasu,compound_verb,,動詞,
雪崩れる,なだれる,nadareru,compound_verb,,動詞,
撫で下ろす,なでおろす,nadeorosu,compound_verb,,動詞,
長引く,ながびく,nagabiku,compound_verb,,動詞,
流れ出る,ながれでる,nagarederu,compound_verb,,動詞,
投げ出す,なげだす,nagedasu,compound_verb,,動詞,
投げ入れる,なげいれる,nageireru,compound_verb,,動詞,
投げ勝つ,なげかつ,nagekatsu,compound_verb,,動詞,
投げ下ろす,なげおろす,nageorosu,compound_verb,,動詞,
投げ飛ばす,なげとばす,nagetobasu,compound_verb,,動詞,
投げ打つ,なげうつ,nageutsu,compound_verb,,動詞,
薙ぎ倒す,なぎたおす,nagitaosu,compound_verb,,動詞,
殴り合う,なぐりあう,naguriau,compound_verb,,動詞,
殴り殺す,なぐりころす,nagurikorosu,compound_verb,,動詞,
馴染む,なじむ,najimu,compound_verb,,動詞,
泣き明かす,なきあかす,nakiakasu,compound_verb,,動詞,
泣き伏す,なきふす,nakifusu,compound_verb,,動詞,
泣き腫らせる,なきはらせる,nakiharaseru,compound_verb,,動詞,
泣き腫らす,なきはらす,nakiharasu,compound_verb,,動詞,
泣き崩れる,なきくずれる,nakikuzureru,compound_verb,,動詞,
泣き叫ぶ,なきさけぶ,nakisakebu,compound_verb,,動詞,
鳴き頻る,なきしきる,nakishikiru,compound_verb,,動詞,
泣き付く,なきつく,nakitsuku,compound_verb,,動詞,
泣き止む,なきやむ,nakiyamu,compound_verb,,動詞,
波立てる,なみだてる,namidateru,compound_verb,,動詞,
波立つ,なみだつ,namidatsu,compound_verb,,動詞,
並外れる,なみはずれる,namihazureru,compound_verb,,動詞,
並み居る,なみいる,namiiru,compound_verb,,動詞,
波打つ,なみうつ,namiutsu,compound_verb,,動詞,
名乗り出る,なのりでる,nanorideru,compound_verb,,動詞,
名乗る,なのる,nanoru,compound_verb,,動詞,
並べ立てる,ならべたてる,narabetateru,compound_verb,,動詞,
馴れ合う,なれあう,nareau,compound_verb,,動詞,
鳴り響く,なりひびく,narihibiku,compound_verb,,動詞,
成り切る,なりきる,narikiru,compound_verb,,動詞,
成り下がる,なりさがる,narisagaru,compound_verb,,動詞,
成り済ます,なりすます,narisumasu,compound_verb,,動詞,
成り立つ,なりたつ,naritatsu,compound_verb,,動詞,
鳴り止む,なりやむ,nariyamu,compound_verb,,動詞,
済し崩す,なしくずす,nashikuzusu,compound_verb,,動詞,
名指す,なざす,nazasu,compound_verb,,動詞,
名付ける,なづける,nazukeru,compound_verb,,動詞,
粘着く,ねばつく,nebatsuku,compound_verb,,動詞,
寝惚ける,ねぼける,nebokeru,compound_verb,,動詞,
寝返る,ねがえる,negaeru,compound_verb,,動詞,
値切る,ねぎる,negiru,compound_verb,,動詞,
寝入る,ねいる,neiru,compound_verb,,動詞,
捩じ伏せる,ねじふせる,nejifuseru,compound_verb,,動詞,
捩じ曲がる,ねじまがる,nejimagaru,compound_verb,,動詞,
捩じ曲げる,ねじまげる,nejimageru,compound_verb,,動詞,
寝転ぶ,ねころぶ,nekorobu,compound_verb,,動詞,
狙い打つ,ねらいうつ,neraiutsu,compound_verb,,動詞,
練り歩く,ねりあるく,neriaruku,compound_verb,,動詞,
寝静まる,ねしずまる,neshizumaru,compound_verb,,動詞,
根差す,ねざす,nezasu,compound_verb,,動詞,
根付く,ねづく,nezuku,compound_verb,,動詞,
似合う,にあう,niau,compound_verb,,動詞,
煮え繰り返る,にえくりかえる,niekurikaeru,compound_verb,,動詞,
煮え滾る,にえたぎる,nietagiru,compound_verb,,動詞,
逃げ延びる,にげのびる,nigenobiru,compound_verb,,動詞,
握り締める,にぎりしめる,nigirishimeru,compound_verb,,動詞,
握り潰す,にぎりつぶす,nigiritsubusu,compound_verb,,動詞,
滲み出る,にじみでる,nijimideru,compound_verb,,動詞,
躙り寄る,にじりよる,nijiriyoru,compound_verb,,動詞,
似通う,にかよう,nikayou,compound_verb,,動詞,
睨み合う,にらみあう,niramiau,compound_verb,,動詞,
睨み据える,にらみすえる,niramisueru,compound_verb,,動詞,
煮染める,にしめる,nishimeru,compound_verb,,動詞,
似付く,につく,nitsuku,compound_verb,,動詞,
煮詰まる,につまる,nitsumaru,compound_verb,,動詞,
煮詰める,につめる,nitsumeru,compound_verb,,動詞,
伸び悩む,のびなやむ,nobinayamu,compound_verb,,動詞,
逆上せる,のぼせる,noboseru,compound_verb,,動詞,
仰け反る,のけぞる,nokezoru,compound_verb,,動詞,
飲み干す,のみほす,nomihosu,compound_verb,,動詞,
乗り出す,のりだす,noridasu,compound_verb,,動詞,
乗り入れる,のりいれる,noriireru,compound_verb,,動詞,
乗り切る,のりきる,norikiru,compound_verb,,動詞,
乗り越える,のりこえる,norikoeru,compound_verb,,動詞,
乗り越す,のりこす,norikosu,compound_verb,,動詞,
乗り組む,のりくむ,norikumu,compound_verb,,動詞,
乗り付ける,のりつける,noritsukeru,compound_verb,,動詞,
乗り移る,のりうつる,noriutsuru,compound_verb,,動詞,
伸し上がる,のしあがる,noshiagaru,compound_verb,,動詞,
伸し掛かる,のしかかる,noshikakaru,compound_verb,,動詞,
乗っ取る,のっとる,nottoru,compound_verb,,動詞,
額突く,ぬかずく,nukazuku,compound_verb,,動詞,
抜け出す,ぬけだす,nukedasu,compound_verb,,動詞,
抜け出る,ぬけでる,nukederu,compound_verb,,動詞,
抜け落ちる,ぬけおちる,nukeochiru,compound_verb,,動詞,
抜き出す,ぬきだす,nukidasu,compound_verb,,動詞,
抜き出る,ぬきでる,nukideru,compound_verb,,動詞,
抜きん出る,ぬきんでる,nukinderu,compound_verb,,動詞,
抜き取る,ぬきとる,nukitoru,compound_verb,,動詞,
塗り固める,ぬりかためる,nurikatameru,compound_verb,,動詞,
塗り潰す,ぬりつぶす,nuritsubusu,compound_verb,,動詞,
誘き出す,おびきだす,obikidasu,compound_verb,,動詞,
誘き寄せる,おびきよせる,obikiyoseru,compound_verb,,動詞,
思し召す,おぼしめす,oboshimesu,compound_verb,,動詞,
落ち合う,おちあう,ochiau,compound_verb,,動詞,
落ち零れる,おちこぼれる,ochikoboreru,compound_verb,,動詞,
落ち延びる,おちのびる,ochinobiru,compound_verb,,動詞,
落ち着ける,おちつける,ochitsukeru,compound_verb,,動詞,
落ち着き払う,おちつきはらう,ochitsukiharau,compound_verb,,動詞,
落ち着く,おちつく,ochitsuku,compound_verb,,動詞,
躍り上がる,おどりあがる,odoriagaru,compound_verb,,動詞,
躍り出る,おどりでる,odorideru,compound_verb,,動詞,
躍り掛かる,おどりかかる,odorikakaru,compound_verb,,動詞,
脅し取る,おどしとる,odoshitoru,compound_verb,,動詞,
追い上げる,おいあげる,oiageru,compound_verb,,動詞,
追い出す,おいだす,oidasu,compound_verb,,動詞,
追い払う,おいはらう,oiharau,compound_verb,,動詞,
覆い被さる,おおいかぶさる,oikabusaru,compound_verb,,動詞,
追い返す,おいかえす,oikaesu,compound_verb,,動詞,
覆い隠す,おおいかくす,oikakusu,compound_verb,,動詞,
追い越す,おいこす,oikosu,compound_verb,,動詞,
追い求める,おいもとめる,oimotomeru,compound_verb,,動詞,
追い抜く,おいぬく,oinuku,compound_verb,,動詞,
生い茂る,おいしげる,oishigeru,compound_verb,,動詞,
追い縋る,おいすがる,oisugaru,compound_verb,,動詞,
追い付く,おいつく,oitsuku,compound_verb,,動詞,
追い遣る,おいやる,oiyaru,compound_verb,,動詞,
起き上がる,おきあがる,okiagaru,compound_verb,,動詞,
置き換える,おきかえる,okikaeru,compound_verb,,動詞,
置き換わる,おきかわる,okikawaru,compound_verb,,動詞,
追っ掛ける,おっかける,okkakeru,compound_verb,,動詞,
送り出す,おくりだす,okuridasu,compound_verb,,動詞,
送り届ける,おくりとどける,okuritodokeru,compound_verb,,動詞,
御目に掛かる,おめにかかる,omenikakaru,compound_verb,,動詞,
思い上がる,おもいあがる,omoiagaru,compound_verb,,動詞,
思い余る,おもいあまる,omoiamaru,compound_verb,,動詞,
思い当たる,おもいあたる,omoiataru,compound_verb,,動詞,
思い出す,おもいだす,omoidasu,compound_verb,,動詞,
思い描く,おもいえがく,omoiegaku,compound_verb,,動詞,
思い切る,おもいきる,omoikiru,compound_verb,,動詞,
思い悩む,おもいなやむ,omoinayamu,compound_verb,,動詞,
思い起こす,おもいおこす,omoiokosu,compound_verb,,動詞,
思い知る,おもいしる,omoishiru,compound_verb,,動詞,
思い立つ,おもいたつ,omoitatsu,compound_verb,,動詞,
思い浮かべる,おもいうかべる,omoiukaberu,compound_verb,,動詞,
思い浮かぶ,おもいうかぶ,omoiukabu,compound_verb,,動詞,
思い遣る,おもいやる,omoiyaru,compound_verb,,動詞,
表立つ,おもてだつ,omotedatsu,compound_verb,,動詞,
折れ曲がる,おれまがる,oremagaru,compound_verb,,動詞,
折り合う,おりあう,oriau,compound_verb,,動詞,
折り重なる,おりかさなる,orikasanaru,compound_verb,,動詞,
折り曲げる,おりまげる,orimageru,compound_verb,,動詞,
織り交ぜる,おりまぜる,orimazeru,compound_verb,,動詞,
織り成す,おりなす,orinasu,compound_verb,,動詞,
折り畳む,おりたたむ,oritatamu,compound_verb,,動詞,
降り立つ,おりたつ,oritatsu,compound_verb,,動詞,
仰せ付かる,おおせつかる,osetsukaru,compound_verb,,動詞,
仰せ付ける,おおせつける,osetsukeru,compound_verb,,動詞,
押し上げる,おしあげる,oshiageru,compound_verb,,動詞,
押し当てる,おしあてる,oshiateru,compound_verb,,動詞,
押し黙る,おしだまる,oshidamaru,compound_verb,,動詞,
押し出す,おしだす,oshidasu,compound_verb,,動詞,
推し量る,おしはかる,oshihakaru,compound_verb,,動詞,
押し入る,おしいる,oshiiru,compound_verb,,動詞,
押し掛ける,おしかける,oshikakeru,compound_verb,,動詞,
押し切る,おしきる,oshikiru,compound_verb,,動詞,
押し殺す,おしころす,oshikorosu,compound_verb,,動詞,
押し戻す,おしもどす,oshimodosu,compound_verb,,動詞,
押し流す,おしながす,oshinagasu,compound_verb,,動詞,
押し下げる,おしさげる,oshisageru,compound_verb,,動詞,
押し迫る,おしせまる,oshisemaru,compound_verb,,動詞,
推し進める,おしすすめる,oshisusumeru,compound_verb,,動詞,
押し倒す,おしたおす,oshitaosu,compound_verb,,動詞,
押し立てる,おしたてる,oshitateru,compound_verb,,動詞,
押し止める,おしとどめる,oshitodomeru,compound_verb,,動詞,
押し通す,おしとおす,oshitosu,compound_verb,,動詞,
押し潰す,おしつぶす,oshitsubusu,compound_verb,,動詞,
押し付ける,おしつける,oshitsukeru,compound_verb,,動詞,
押し詰まる,おしつまる,oshitsumaru,compound_verb,,動詞,
押し遣る,おしやる,oshiyaru,compound_verb,,動詞,
押し寄せる,おしよせる,oshiyoseru,compound_verb,,動詞,
恐れ入る,おそれいる,osoreiru,compound_verb,,動詞,
錆び付く,さびつく,sabitsuku,compound_verb,,動詞,
探し当てる,さがしあてる,sagashiateru,compound_verb,,動詞,
探し求める,さがしもとめる,sagashimotomeru,compound_verb,,動詞,
逆立てる,さかだてる,sakadateru,compound_verb,,動詞,
逆巻く,さかまく,sakamaku,compound_verb,,動詞,
逆撫でる,さかなでる,sakanaderu,compound_verb,,動詞,
先走る,さきばしる,sakibashiru,compound_verb,,動詞,
先立つ,さきだつ,sakidatsu,compound_verb,,動詞,
先駆ける,さきがける,sakigakeru,compound_verb,,動詞,
咲き誇る,さきほこる,sakihokoru,compound_verb,,動詞,
咲き溢れる,さきこぼれる,sakikoboreru,compound_verb,,動詞,
咲き乱れる,さきみだれる,sakimidareru,compound_verb,,動詞,
咲き匂う,さきにおう,sakiniou,compound_verb,,動詞,
咲き揃う,さきそろう,sakisorou,compound_verb,,動詞,
彷徨う,さまよう,samayou,compound_verb,,動詞,
差し上げる,さしあげる,sashiageru,compound_verb,,動詞,
差し出す,さしだす,sashidasu,compound_verb,,動詞,
差し出る,さしでる,sashideru,compound_verb,,動詞,
差し挟む,さしはさむ,sashihasamu,compound_verb,,動詞,
差し控える,さしひかえる,sashihikaeru,compound_verb,,動詞,
差し引く,さしひく,sashihiku,compound_verb,,動詞,
差し入れる,さしいれる,sashiireru,compound_verb,,動詞,
差し替える,さしかえる,sashikaeru,compound_verb,,動詞,
差し掛かる,さしかかる,sashikakaru,compound_verb,,動詞,
刺し殺す,さしころす,sashikorosu,compound_verb,,動詞,
差し戻す,さしもどす,sashimodosu,compound_verb,,動詞,
差し向ける,さしむける,sashimukeru,compound_verb,,動詞,
差し伸べる,さしのべる,sashinoberu,compound_verb,,動詞,
差し置く,さしおく,sashioku,compound_verb,,動詞,
差し押さえる,さしおさえる,sashiosaeru,compound_verb,,動詞,
差し迫る,さしせまる,sashisemaru,compound_verb,,動詞,
指し示す,さししめす,sashishimesu,compound_verb,,動詞,
差し止める,さしとめる,sashitomeru,compound_verb,,動詞,
差し支える,さしつかえる,sashitsukaeru,compound_verb,,動詞,
誘い出す,さそいだす,sasoidasu,compound_verb,,動詞,
扠置く,さておく,sateoku,compound_verb,,動詞,
性格付ける,せいかくづける,seikakuzukeru,compound_verb,,動詞,
咳き込む,せきこむ,sekikomu,compound_verb,,動詞,
急き立てる,せきたてる,sekitateru,compound_verb,,動詞,
塞き止める,せきとめる,sekitomeru,compound_verb,,動詞,
鬩ぎ合う,せめぎあう,semegiau,compound_verb,,動詞,
攻め落とす,せめおとす,semeotosu,compound_verb,,動詞,
背負う,せおう,seou,compound_verb,,動詞,
切羽詰まる,せっぱつまる,seppatsumaru,compound_verb,,動詞,
競り上がる,せりあがる,seriagaru,compound_verb,,動詞,
競り勝つ,せりかつ,serikatsu,compound_verb,,動詞,
競り負ける,せりまける,serimakeru,compound_verb,,動詞,
競り落とす,せりおとす,seriotosu,compound_verb,,動詞,
責っ付く,せっつく,settsuku,compound_verb,,動詞,
鯱張る,しゃちほこばる,shachihokobaru,compound_verb,,動詞,
洒落る,しゃれる,shareru,compound_verb,,動詞,
仕上がる,しあがる,shiagaru,compound_verb,,動詞,
仕上げる,しあげる,shiageru,compound_verb,,動詞,
絞り出す,しぼりだす,shiboridasu,compound_verb,,動詞,
枝垂れる,しだれる,shidareru,compound_verb,,動詞,
仕出かす,しでかす,shidekasu,compound_verb,,動詞,
支払う,しはらう,shiharau,compound_verb,,動詞,
仕入れる,しいれる,shiireru,compound_verb,,動詞,
仕掛ける,しかける,shikakeru,compound_verb,,動詞,
四角張る,しかくばる,shikakubaru,compound_verb,,動詞,
仕切る,しきる,shikiru,compound_verb,,動詞,
仕込む,しこむ,shikomu,compound_verb,,動詞,
仕組む,しくむ,shikumu,compound_verb,,動詞,
仕舞う,しまう,shimau,compound_verb,,動詞,
締め出す,しめだす,shimedasu,compound_verb,,動詞,
締め切る,しめきる,shimekiru,compound_verb,,動詞,
締め括る,しめくくる,shimekukuru,compound_verb,,動詞,
示し合わせる,しめしあわせる,shimeshiawaseru,compound_verb,,動詞,
示し合わす,しめしあわす,shimeshiawasu,compound_verb,,動詞,
染み込む,しみこむ,shimikomu,compound_verb,,動詞,
染み付ける,しみつける,shimitsukeru,compound_verb,,動詞,
染み付く,しみつく,shimitsuku,compound_verb,,動詞,
仕向ける,しむける,shimukeru,compound_verb,,動詞,
死に別れる,しにわかれる,shiniwakareru,compound_verb,,動詞,
忍び込む,しのびこむ,shinobikomu,compound_verb,,動詞,
忍び寄る,しのびよる,shinobiyoru,compound_verb,,動詞,
知り合う,しりあう,shiriau,compound_verb,,動詞,
仕損じる,しそんじる,shisonjiru,compound_verb,,動詞,
下回る,したまわる,shitamawaru,compound_verb,,動詞,
下向く,したむく,shitamuku,compound_verb,,動詞,
仕立てる,したてる,shitateru,compound_verb,,動詞,
仕留める,しとめる,shitomeru,compound_verb,,動詞,
仕付ける,しつける,shitsukeru,compound_verb,,動詞,
仕分ける,しわける,shiwakeru,compound_verb,,動詞,
悄気返る,しょげかえる,shogekaeru,compound_verb,,動詞,
反っくり返る,そっくりかえる,sokkurikaeru,compound_verb,,動詞,
空惚ける,そらとぼける,soratobokeru,compound_verb,,動詞,
滑り落ちる,すべりおちる,suberiochiru,compound_verb,,動詞,
巣立つ,すだつ,sudatsu,compound_verb,,動詞,
据え置く,すえおく,sueoku,compound_verb,,動詞,
据え付ける,すえつける,suetsukeru,compound_verb,,動詞,
吸い出す,すいだす,suidasu,compound_verb,,動詞,
吸い取る,すいとる,suitoru,compound_verb,,動詞,
吸い付ける,すいつける,suitsukeru,compound_verb,,動詞,
吸い付く,すいつく,suitsuku,compound_verb,,動詞,
吸い寄せる,すいよせる,suiyoseru,compound_verb,,動詞,
透かし見える,すかしみえる,sukashimieru,compound_verb,,動詞,
透き通る,すきとおる,sukitoru,compound_verb,,動詞,
掬い取る,すくいとる,sukuitoru,compound_verb,,動詞,
巣食う,すくう,sukuu,compound_verb,,動詞,
住み分ける,すみわける,sumiwakeru,compound_verb,,動詞,
素っ破抜く,すっぱぬく,suppanuku,compound_verb,,動詞,
擦れ違う,すれちがう,surechigau,compound_verb,,動詞,
磨り減らす,すりへらす,suriherasu,compound_verb,,動詞,
擦り減る,すりへる,suriheru,compound_verb,,動詞,
擦り切れる,すりきれる,surikireru,compound_verb,,動詞,
擦り剥く,すりむく,surimuku,compound_verb,,動詞,
擦り抜ける,すりぬける,surinukeru,compound_verb,,動詞,
擂り潰す,すりつぶす,suritsubusu,compound_verb,,動詞,
擦り寄る,すりよる,suriyoru,compound_verb,,動詞,
啜り泣く,すすりなく,susurinaku,compound_verb,,動詞,
食べ歩く,たべあるく,tabearuku,compound_verb,,動詞,
旅立つ,たびだつ,tabidatsu,compound_verb,,動詞,
度重なる,たびかさなる,tabikasanaru,compound_verb,,動詞,
立ち上がる,たちあがる,tachiagaru,compound_verb,,動詞,
立ち上げる,たちあげる,tachiageru,compound_verb,,動詞,
立ち現れる,たちあらわれる,tachiarawareru,compound_verb,,動詞,
立ち会う,たちあう,tachiau,compound_verb,,動詞,
立ち合う,たちあう,tachiau,compound_verb,,動詞,
立ち止まる,たちどまる,tachidomaru,compound_verb,,動詞,
立ち塞がる,たちふさがる,tachifusagaru,compound_verb,,動詞,
立ち働く,たちはたらく,tachihataraku,compound_verb,,動詞,
立ち入る,たちいる,tachiiru,compound_verb,,動詞,
立ち返る,たちかえる,tachikaeru,compound_verb,,動詞,
断ち切る,たちきる,tachikiru,compound_verb,,動詞,
裁ち切る,たちきる,tachikiru,compound_verb,,動詞,
立ち回る,たちまわる,tachimawaru,compound_verb,,動詞,
立ち戻る,たちもどる,tachimodoru,compound_verb,,動詞,
立ち向かう,たちむかう,tachimukau,compound_verb,,動詞,
立ち直る,たちなおる,tachinaoru,compound_verb,,動詞,
立ち上る,たちのぼる,tachinoboru,compound_verb,,動詞,
立ち退く,たちのく,tachinoku,compound_verb,,動詞,
立ち遅れる,たちおくれる,tachiokureru,compound_verb,,動詞,
立ち去る,たちさる,tachisaru,compound_verb,,動詞,
立ち竦む,たちすくむ,tachisukumu,compound_verb,,動詞,
立ち寄る,たちよる,tachiyoru,compound_verb,,動詞,
辿り着く,たどりつく,tadoritsuku,compound_verb,,動詞,
耐え忍ぶ,たえしのぶ,taeshinobu,compound_verb,,動詞,
手繰り寄せる,たぐりよせる,taguriyoseru,compound_verb,,動詞,
手繰る,たぐる,taguru,compound_verb,,動詞,
高鳴る,たかなる,takanaru,compound_verb,,動詞,
哮り立つ,たけりたつ,takeritatsu,compound_verb,,動詞,
猛り立つ,たけりたつ,takeritatsu,compound_verb,,動詞,
薫き染める,たきしめる,takishimeru,compound_verb,,動詞,
焚き付ける,たきつける,takitsukeru,compound_verb,,動詞,
棚引く,たなびく,tanabiku,compound_verb,,動詞,
垂れ流す,たれながす,tarenagasu,compound_verb,,動詞,
垂れ下がる,たれさがる,taresagaru,compound_verb,,動詞,
叩き上げる,たたきあげる,tatakiageru,compound_verb,,動詞,
叩き出す,たたきだす,tatakidasu,compound_verb,,動詞,
叩き込む,たたきこむ,tatakikomu,compound_verb,,動詞,
叩き直す,たたきなおす,tatakinaosu,compound_verb,,動詞,
叩き起こす,たたきおこす,tatakiokosu,compound_verb,,動詞,
叩き付ける,たたきつける,tatakitsukeru,compound_verb,,動詞,
畳み掛ける,たたみかける,tatamikakeru,compound_verb,,動詞,
立て替える,たてかえる,tatekaeru,compound_verb,,動詞,
立て掛ける,たてかける,tatekakeru,compound_verb,,動詞,
立て籠る,たてこもる,tatekomoru,compound_verb,,動詞,
建て直す,たてなおす,tatenaosu,compound_verb,,動詞,
立て直す,たてなおす,tatenaosu,compound_verb,,動詞,
盾突く,たてつく,tatetsuku,compound_verb,,動詞,
手放す,てばなす,tebanasu,compound_verb,,動詞,
手控える,てびかえる,tebikaeru,compound_verb,,動詞,
手掛ける,てがける,tegakeru,compound_verb,,動詞,
手薬煉引く,てぐすねひく,tegusunehiku,compound_verb,,動詞,
定義付ける,ていぎづける,teigizukeru,compound_verb,,動詞,
手間取る,てまどる,temadoru,compound_verb,,動詞,
手向かう,てむかう,temukau,compound_verb,,動詞,
手慣れる,てなれる,tenareru,compound_verb,,動詞,
手懐ける,てなずける,tenazukeru,compound_verb,,動詞,
照らし合わせる,てらしあわせる,terashiawaseru,compound_verb,,動詞,
照らし合わす,てらしあわす,terashiawasu,compound_verb,,動詞,
照り映える,てりはえる,terihaeru,compound_verb,,動詞,
照り付ける,てりつける,teritsukeru,compound_verb,,動詞,
手伝う,てつだう,tetsudau,compound_verb,,動詞,
手渡す,てわたす,tewatasu,compound_verb,,動詞,
飛び上がる,とびあがる,tobiagaru,compound_verb,,動詞,
飛び歩く,とびあるく,tobiaruku,compound_verb,,動詞,
飛び散る,とびちる,tobichiru,compound_verb,,動詞,
飛び出す,とびだす,tobidasu,compound_verb,,動詞,
飛び出る,とびでる,tobideru,compound_verb,,動詞,
飛び交う,とびかう,tobikau,compound_verb,,動詞,
飛び越える,とびこえる,tobikoeru,compound_verb,,動詞,
飛び越す,とびこす,tobikosu,compound_verb,,動詞,
飛び回る,とびまわる,tobimawaru,compound_verb,,動詞,
飛び退く,とびのく,tobinoku,compound_verb,,動詞,
飛び乗る,とびのる,tobinoru,compound_verb,,動詞,
飛び抜ける,とびぬける,tobinukeru,compound_verb,,動詞,
飛び起きる,とびおきる,tobiokiru,compound_verb,,動詞,
飛び降りる,とびおりる,tobioriru,compound_verb,,動詞,
飛び付く,とびつく,tobitsuku,compound_verb,,動詞,
途絶える,とだえる,todaeru,compound_verb,,動詞,
届け出る,とどけでる,todokederu,compound_verb,,動詞,
途切れる,とぎれる,togireru,compound_verb,,動詞,
問い合わせる,といあわせる,toiawaseru,compound_verb,,動詞,
問い合わす,といあわす,toiawasu,compound_verb,,動詞,
問い質す,といただす,toitadasu,compound_verb,,動詞,
閉じ篭もる,とじこもる,tojikomoru,compound_verb,,動詞,
解き明かす,ときあかす,tokiakasu,compound_verb,,動詞,
説き明かす,ときあかす,tokiakasu,compound_verb,,動詞,
説き伏せる,ときふせる,tokifuseru,compound_verb,,動詞,
解き放つ,ときはなつ,tokihanatsu,compound_verb,,動詞,
特徴付ける,とくちょうづける,tokuchozukeru,compound_verb,,動詞,
戸惑う,とまどう,tomadou,compound_verb,,動詞,
留め置く,とめおく,tomeoku,compound_verb,,動詞,
隣り合う,となりあう,tonariau,compound_verb,,動詞,
遠退ける,とおのける,tonokeru,compound_verb,,動詞,
遠退く,とおのく,tonoku,compound_verb,,動詞,
取り扱う,とりあつかう,toriatsukau,compound_verb,,動詞,
取り出す,とりだす,toridasu,compound_verb,,動詞,
取り計らう,とりはからう,torihakarau,compound_verb,,動詞,
取り運ぶ,とりはこぶ,torihakobu,compound_verb,,動詞,
取り払う,とりはらう,toriharau,compound_verb,,動詞,
取り外す,とりはずす,torihazusu,compound_verb,,動詞,
取り入れる,とりいれる,toriireru,compound_verb,,動詞,
取り入る,とりいる,toriiru,compound_verb,,動詞,
取り替える,とりかえる,torikaeru,compound_verb,,動詞,
取り掛かる,とりかかる,torikakaru,compound_verb,,動詞,
取り囲む,とりかこむ,torikakomu,compound_verb,,動詞,
取り交わす,とりかわす,torikawasu,compound_verb,,動詞,
取り消す,とりけす,torikesu,compound_verb,,動詞,
取り決める,とりきめる,torikimeru,compound_verb,,動詞,
取り零す,とりこぼす,torikobosu,compound_verb,,動詞,
通り越す,とおりこす,torikosu,compound_verb,,動詞,
取り壊す,とりこわす,torikowasu,compound_verb,,動詞,
取り組む,とりくむ,torikumu,compound_verb,,動詞,
取り崩す,とりくずす,torikuzusu,compound_verb,,動詞,
取り紛れる,とりまぎれる,torimagireru,compound_verb,,動詞,
取り巻く,とりまく,torimaku,compound_verb,,動詞,
取り纏める,とりまとめる,torimatomeru,compound_verb,,動詞,
取り混ぜる,とりまぜる,torimazeru,compound_verb,,動詞,
取り乱す,とりみだす,torimidasu,compound_verb,,動詞,
取り戻す,とりもどす,torimodosu,compound_verb,,動詞,
取り持つ,とりもつ,torimotsu,compound_verb,,動詞,
取り成す,とりなす,torinasu,compound_verb,,動詞,
取り逃がす,とりにがす,torinigasu,compound_verb,,動詞,
取り除く,とりのぞく,torinozoku,compound_verb,,動詞,
通り抜ける,とおりぬける,torinukeru,compound_verb,,動詞,
執り行う,とりおこなう,toriokonau,compound_verb,,動詞,
取り押さえる,とりおさえる,toriosaeru,compound_verb,,動詞,
取り下げる,とりさげる,torisageru,compound_verb,,動詞,
取り仕切る,とりしきる,torishikiru,compound_verb,,動詞,
取り締まる,とりしまる,torishimaru,compound_verb,,動詞,
取り調べる,とりしらべる,torishiraberu,compound_verb,,動詞,
取り揃える,とりそろえる,torisoroeru,compound_verb,,動詞,
取り縋る,とりすがる,torisugaru,compound_verb,,動詞,
取り立てる,とりたてる,toritateru,compound_verb,,動詞,
取り留める,とりとめる,toritomeru,compound_verb,,動詞,
取り次ぐ,とりつぐ,toritsugu,compound_verb,,動詞,
取り付ける,とりつける,toritsukeru,compound_verb,,動詞,
取り付く,とりつく,toritsuku,compound_verb,,動詞,
取り繕う,とりつくろう,toritsukurou,compound_verb,,動詞,
取り分ける,とりわける,toriwakeru,compound_verb,,動詞,
取り止める,とりやめる,toriyameru,compound_verb,,動詞,
取り寄せる,とりよせる,toriyoseru,compound_verb,,動詞,
年老いる,としおいる,toshioiru,compound_verb,,動詞,
取って返す,とってかえす,tottekaesu,compound_verb,,動詞,
取って代わる,とってかわる,tottekawaru,compound_verb,,動詞,
継ぎ足す,つぎたす,tsugitasu,compound_verb,,動詞,
付いて回る,ついてまわる,tsuitemawaru,compound_verb,,動詞,
通じ合う,つうじあう,tsujiau,compound_verb,,動詞,
使い古す,つかいふるす,tsukaifurusu,compound_verb,,動詞,
使い果たす,つかいはたす,tsukaihatasu,compound_verb,,動詞,
使い分ける,つかいわける,tsukaiwakeru,compound_verb,,動詞,
掴み取る,つかみとる,tsukamitoru,compound_verb,,動詞,
付け上がる,つけあがる,tsukeagaru,compound_verb,,動詞,
付け入る,つけいる,tsukeiru,compound_verb,,動詞,
付け替える,つけかえる,tsukekaeru,compound_verb,,動詞,
付け込む,つけこむ,tsukekomu,compound_verb,,動詞,
付け加える,つけくわえる,tsukekuwaeru,compound_verb,,動詞,
付け回す,つけまわす,tsukemawasu,compound_verb,,動詞,
付け狙う,つけねらう,tsukenerau,compound_verb,,動詞,
付け足す,つけたす,tsuketasu,compound_verb,,動詞,
突き上げる,つきあげる,tsukiageru,compound_verb,,動詞,
突き当たる,つきあたる,tsukiataru,compound_verb,,動詞,
突き当てる,つきあてる,tsukiateru,compound_verb,,動詞,
付き合う,つきあう,tsukiau,compound_verb,,動詞,
突き出す,つきだす,tsukidasu,compound_verb,,動詞,
突き出る,つきでる,tsukideru,compound_verb,,動詞,
突き放す,つきはなす,tsukihanasu,compound_verb,,動詞,
突き返す,つきかえす,tsukikaesu,compound_verb,,動詞,
突き崩す,つきくずす,tsukikuzusu,compound_verb,,動詞,
付き纏う,つきまとう,tsukimatou,compound_verb,,動詞,
突き抜ける,つきぬける,tsukinukeru,compound_verb,,動詞,
突き落とす,つきおとす,tsukiotosu,compound_verb,,動詞,
突き刺さる,つきささる,tsukisasaru,compound_verb,,動詞,
突き刺す,つきさす,tsukisasu,compound_verb,,動詞,
付き添う,つきそう,tsukisou,compound_verb,,動詞,
突き進む,つきすすむ,tsukisusumu,compound_verb,,動詞,
突き飛ばす,つきとばす,tsukitobasu,compound_verb,,動詞,
突き止める,つきとめる,tsukitomeru,compound_verb,,動詞,
突き通す,つきとおす,tsukitosu,compound_verb,,動詞,
突き付ける,つきつける,tsukitsukeru,compound_verb,,動詞,
突き詰める,つきつめる,tsukitsumeru,compound_verb,,動詞,
突き動かす,つきうごかす,tsukiugokasu,compound_verb,,動詞,
突き破る,つきやぶる,tsukiyaburu,compound_verb,,動詞,
突っ掛かる,つっかかる,tsukkakaru,compound_verb,,動詞,
突っ掛ける,つっかける,tsukkakeru,compound_verb,,動詞,
突っ切る,つっきる,tsukkiru,compound_verb,,動詞,
突っ込む,つっこむ,tsukkomu,compound_verb,,動詞,
爪弾く,つまびく,tsumabiku,compound_verb,,動詞,
摘み出す,つまみだす,tsumamidasu,compound_verb,,動詞,
詰め掛ける,つめかける,tsumekakeru,compound_verb,,動詞,
詰め寄る,つめよる,tsumeyoru,compound_verb,,動詞,
積み上がる,つみあがる,tsumiagaru,compound_verb,,動詞,
積み上げる,つみあげる,tsumiageru,compound_verb,,動詞,
積み出す,つみだす,tsumidasu,compound_verb,,動詞,
積み重なる,つみかさなる,tsumikasanaru,compound_verb,,動詞,
積み重ねる,つみかさねる,tsumikasaneru,compound_verb,,動詞,
摘み取る,つみとる,tsumitoru,compound_verb,,動詞,
繋ぎ止める,つなぎとめる,tsunagitomeru,compound_verb,,動詞,
角突き合わせる,つのつきあわせる,tsunotsukiawaseru,compound_verb,,動詞,
突っ撥ねる,つっぱねる,tsuppaneru,compound_verb,,動詞,
突っ張る,つっぱる,tsupparu,compound_verb,,動詞,
突っ走る,つっぱしる,tsuppashiru,compound_verb,,動詞,
貫き通す,つらぬきとおす,tsuranukitosu,compound_verb,,動詞,
連れ出す,つれだす,tsuredasu,compound_verb,,動詞,
連れ立つ,つれだつ,tsuredatsu,compound_verb,,動詞,
連れ帰る,つれかえる,tsurekaeru,compound_verb,,動詞,
連れ戻す,つれもどす,tsuremodosu,compound_verb,,動詞,
連れ添う,つれそう,tsuresou,compound_verb,,動詞,
釣り合う,つりあう,tsuriau,compound_verb,,動詞,
吊り下げる,つりさげる,tsurisageru,compound_verb,,動詞,
吊るし上げる,つるしあげる,tsurushiageru,compound_verb,,動詞,
伝え聞く,つたえきく,tsutaekiku,compound_verb,,動詞,
包み隠す,つつみかくす,tsutsumikakusu,compound_verb,,動詞,
突っ立つ,つったつ,tsuttatsu,compound_verb,,動詞,
奪い取る,うばいとる,ubaitoru,compound_verb,,動詞,
打ち上げる,うちあげる,uchiageru,compound_verb,,動詞,
打ち明ける,うちあける,uchiakeru,compound_verb,,動詞,
打ち合わせる,うちあわせる,uchiawaseru,compound_verb,,動詞,
打ち合わす,うちあわす,uchiawasu,compound_verb,,動詞,
打ち出す,うちだす,uchidasu,compound_verb,,動詞,
打ち拉げる,うちひしげる,uchihishigeru,compound_verb,,動詞,
打ち拉ぐ,うちひしぐ,uchihishigu,compound_verb,,動詞,
打ち勝つ,うちかつ,uchikatsu,compound_verb,,動詞,
打ち消す,うちけす,uchikesu,compound_verb,,動詞,
打ち切る,うちきる,uchikiru,compound_verb,,動詞,
打ち砕く,うちくだく,uchikudaku,compound_verb,,動詞,
打ち崩す,うちくずす,uchikuzusu,compound_verb,,動詞,
打ち抜く,うちぬく,uchinuku,compound_verb,,動詞,
撃ち抜く,うちぬく,uchinuku,compound_verb,,動詞,
撃ち落とす,うちおとす,uchiotosu,compound_verb,,動詞,
打ち沈める,うちしずめる,uchishizumeru,compound_verb,,動詞,
打ち沈む,うちしずむ,uchishizumu,compound_verb,,動詞,
打ち揃う,うちそろう,uchisorou,compound_verb,,動詞,
打ち捨てる,うちすてる,uchisuteru,compound_verb,,動詞,
打ち立てる,うちたてる,uchitateru,compound_verb,,動詞,
打ち解ける,うちとける,uchitokeru,compound_verb,,動詞,
打ち取る,うちとる,uchitoru,compound_verb,,動詞,
打ち続く,うちつづく,uchitsuzuku,compound_verb,,動詞,
打ち破る,うちやぶる,uchiyaburu,compound_verb,,動詞,
打ち寄せる,うちよせる,uchiyoseru,compound_verb,,動詞,
請け合う,うけあう,ukeau,compound_verb,,動詞,
受け入れる,うけいれる,ukeireru,compound_verb,,動詞,
受け持つ,うけもつ,ukemotsu,compound_verb,,動詞,
受け流す,うけながす,ukenagasu,compound_verb,,動詞,
請け負う,うけおう,ukeou,compound_verb,,動詞,
受けて立つ,うけてたつ,uketetatsu,compound_verb,,動詞,
受け止める,うけとめる,uketomeru,compound_verb,,動詞,
受け取る,うけとる,uketoru,compound_verb,,動詞,
受け付ける,うけつける,uketsukeru,compound_verb,,動詞,
受け渡す,うけわたす,ukewatasu,compound_verb,,動詞,
浮き足立つ,うきあしだつ,ukiashidatsu,compound_verb,,動詞,
浮き出る,うきでる,ukideru,compound_verb,,動詞,
生まれ変わる,うまれかわる,umarekawaru,compound_verb,,動詞,
生まれ育つ,うまれそだつ,umaresodatsu,compound_verb,,動詞,
埋め合わせる,うめあわせる,umeawaseru,compound_verb,,動詞,
埋め合わす,うめあわす,umeawasu,compound_verb,,動詞,
生み付ける,うみつける,umitsukeru,compound_verb,,動詞,
首肯く,うなずく,unazuku,compound_verb,,動詞,
自惚れる,うぬぼれる,unuboreru,compound_verb,,動詞,
裏返す,うらがえす,uragaesu,compound_verb,,動詞,
裏切る,うらぎる,uragiru,compound_verb,,動詞,
裏付ける,うらづける,urazukeru,compound_verb,,動詞,
売れ残る,うれのこる,urenokoru,compound_verb,,動詞,
売り払う,うりはらう,uriharau,compound_verb,,動詞,
売り捌く,うりさばく,urisabaku,compound_verb,,動詞,
薄汚れる,うすよごれる,usuyogoreru,compound_verb,,動詞,
移り変わる,うつりかわる,utsurikawaru,compound_verb,,動詞,
打って出る,うってでる,uttederu,compound_verb,,動詞,
打って変わる,うってかわる,uttekawaru,compound_verb,,動詞,
上回る,うわまわる,uwamawaru,compound_verb,,動詞,
上向ける,うわむける,uwamukeru,compound_verb,,動詞,
上向く,うわむく,uwamuku,compound_verb,,動詞,
上擦る,うわずる,uwazuru,compound_verb,,動詞,
渦巻く,うずまく,uzumaku,compound_verb,,動詞,
若返る,わかがえる,wakagaeru,compound_verb,,動詞,
分け入る,わけいる,wakeiru,compound_verb,,動詞,
湧き出る,わきでる,wakideru,compound_verb,,動詞,
湧き起こる,わきおこる,wakiokoru,compound_verb,,動詞,
戦慄く,わななく,wananaku,compound_verb,,動詞,
笑い転ける,わらいこける,waraikokeru,compound_verb,,動詞,
笑い転げる,わらいころげる,waraikorogeru,compound_verb,,動詞,
割り当てる,わりあてる,wariateru,compound_verb,,動詞,
割り引く,わりびく,waribiku,compound_verb,,動詞,
割り出す,わりだす,waridasu,compound_verb,,動詞,
割り振る,わりふる,warifuru,compound_verb,,動詞,
割り切る,わりきる,warikiru,compound_verb,,動詞,
割り戻す,わりもどす,warimodosu,compound_verb,,動詞,
渡り歩く,わたりあるく,watariaruku,compound_verb,,動詞,
渡り合う,わたりあう,watariau,compound_verb,,動詞,
焼け焦げる,やけこげる,yakekogeru,compound_verb,,動詞,
焼け残る,やけのこる,yakenokoru,compound_verb,,動詞,
焼け落ちる,やけおちる,yakeochiru,compound_verb,,動詞,
焼け付く,やけつく,yaketsuku,compound_verb,,動詞,
焼き払う,やきはらう,yakiharau,compound_verb,,動詞,
焼き殺す,やきころす,yakikorosu,compound_verb,,動詞,
焼き付ける,やきつける,yakitsukeru,compound_verb,,動詞,
焼き付く,やきつく,yakitsuku,compound_verb,,動詞,
役立てる,やくだてる,yakudateru,compound_verb,,動詞,
役立つ,やくだつ,yakudatsu,compound_verb,,動詞,
遣り通す,やりとおす,yaritosu,compound_verb,,動詞,
痩せ細る,やせほそる,yasehosoru,compound_verb,,動詞,
痩せ衰える,やせおとろえる,yaseotoroeru,compound_verb,,動詞,
呼び掛ける,よびかける,yobikakeru,compound_verb,,動詞,
呼び交わす,よびかわす,yobikawasu,compound_verb,,動詞,
呼び戻す,よびもどす,yobimodosu,compound_verb,,動詞,
呼び起こす,よびおこす,yobiokosu,compound_verb,,動詞,
呼び覚ます,よびさます,yobisamasu,compound_verb,,動詞,
呼び止める,よびとめる,yobitomeru,compound_verb,,動詞,
呼び寄せる,よびよせる,yobiyoseru,compound_verb,,動詞,
用立てる,ようだてる,yodateru,compound_verb,,動詞,
酔い痴れる,よいしれる,yoishireru,compound_verb,,動詞,
酔い潰れる,よいつぶれる,yoitsubureru,compound_verb,,動詞,
攀じ登る,よじのぼる,yojinoboru,compound_verb,,動詞,
横切る,よこぎる,yokogiru,compound_verb,,動詞,
寄越す,よこす,yokosu,compound_verb,,動詞,
欲張る,よくばる,yokubaru,compound_verb,,動詞,
読み耽る,よみふける,yomifukeru,compound_verb,,動詞,
読み聞かせる,よみきかせる,yomikikaseru,compound_verb,,動詞,
読み通す,よみとおす,yomitosu,compound_verb,,動詞,
世慣れる,よなれる,yonareru,compound_verb,,動詞,
酔っ払う,よっぱらう,yopparau,compound_verb,,動詞,
寄り集まる,よりあつまる,yoriatsumaru,compound_verb,,動詞,
寄り掛かる,よりかかる,yorikakaru,compound_verb,,動詞,
寄り切る,よりきる,yorikiru,compound_verb,,動詞,
寄り添う,よりそう,yorisou,compound_verb,,動詞,
寄り倒す,よりたおす,yoritaosu,compound_verb,,動詞,
寄り付く,よりつく,yoritsuku,compound_verb,,動詞,
喜び勇む,よろこびいさむ,yorokobiisamu,compound_verb,,動詞,
寄せ付ける,よせつける,yosetsukeru,compound_verb,,動詞,
指差す,ゆびさす,yubisasu,compound_verb,,動詞,
湯掻く,ゆがく,yugaku,compound_verb,,動詞,
勇気付ける,ゆうきづける,yukizukeru,compound_verb,,動詞,
夢見る,ゆめみる,yumemiru,compound_verb,,動詞,
揺り起こす,ゆりおこす,yuriokosu,compound_verb,,動詞,
揺り動かす,ゆりうごかす,yuriugokasu,compound_verb,,動詞,
揺さ振る,ゆさぶる,yusaburu,compound_verb,,動詞,
揺す振る,ゆすぶる,yusuburu,compound_verb,,動詞,
譲り受ける,ゆずりうける,yuzuriukeru,compound_verb,,動詞,
譲り渡す,ゆずりわたす,yuzuriwatasu,compound_verb,,動詞,
存じ上げる,ぞんじあげる,zonjiageru,compound_verb,,動詞,
図抜ける,ずぬける,zunukeru,compound_verb,,動詞,
余る,あまる,amaru,derived_pair,kept:余り,動詞,
恥じる,はじる,hajiru,derived_pair,kept:恥,動詞,
肥える,こえる,koeru,derived_pair,kept:肥,動詞,
志す,こころざす,kokorozasu,derived_pair,kept:志,動詞,
祭る,まつる,matsuru,derived_pair,kept:祭,動詞,
舞う,まう,mau,derived_pair,kept:舞,動詞,
帯びる,おびる,obiru,derived_pair,kept:帯,動詞,
錆びる,さびる,sabiru,derived_pair,kept:錆,動詞,
住まう,すまう,sumau,derived_pair,kept:住まい,動詞,
畳む,たたむ,tatamu,derived_pair,kept:畳,動詞,
富む,とむ,tomu,derived_pair,kept:富,動詞,
問う,とう,tou,derived_pair,kept:問,動詞,
赤らめる,あからめる,akarameru,derived_verb,形容詞派生:赤い/あかい,動詞,
赤らむ,あからむ,akaramu,derived_verb,形容詞派生:赤い/あかい,動詞,
明るむ,あかるむ,akarumu,derived_verb,形容詞派生:明るい/あかるい,動詞,
汗す,あせす,asesu,derived_verb,名詞派生:汗/あせ,動詞,
暖まる,あたたまる,atatamaru,derived_verb,形容詞派生:暖かい/あたたかい,動詞,
温まる,あたたまる,atatamaru,derived_verb,形容詞派生:温かい/あたたかい,動詞,
暖める,あたためる,atatameru,derived_verb,形容詞派生:暖かい/あたたかい,動詞,
温める,あたためる,atatameru,derived_verb,形容詞派生:温かい/あたたかい,動詞,
哀れむ,あわれむ,awaremu,derived_verb,形容詞派生:哀れだ/あわれだ,動詞,
罰す,ばっす,bassu,derived_verb,名詞派生:罰/ばつ,動詞,
題す,だいす,daisu,derived_verb,名詞派生:題/だい,動詞,
毒す,どくす,dokusu,derived_verb,名詞派生:毒/どく,動詞,
深まる,ふかまる,fukamaru,derived_verb,形容詞派生:深い/ふかい,動詞,
深める,ふかめる,fukameru,derived_verb,形容詞派生:深い/ふかい,動詞,
古びる,ふるびる,furubiru,derived_verb,形容詞派生:古い/ふるい,動詞,
害す,がいす,gaisu,derived_verb,名詞派生:害/がい,動詞,
愚痴る,ぐちる,guchiru,derived_verb,名詞派生:愚痴/ぐち,動詞,
謀る,はかる,hakaru,derived_verb,名詞派生:謀/はかりごと,動詞,
羽織る,はおる,haoru,derived_verb,名詞派生:羽織/はおり,動詞,
春めく,はるめく,harumeku,derived_verb,名詞派生:春/はる,動詞,
早まる,はやまる,hayamaru,derived_verb,形容詞派生:早い/はやい,動詞,
速まる,はやまる,hayamaru,derived_verb,形容詞派生:速い/はやい,動詞,
早める,はやめる,hayameru,derived_verb,形容詞派生:早い/はやい,動詞,
速める,はやめる,hayameru,derived_verb,形容詞派生:速い/はやい,動詞,
光る,ひかる,hikaru,derived_verb,名詞派生:光/ひかり,動詞,
低まる,ひくまる,hikumaru,derived_verb,形容詞派生:低い/ひくい,動詞,
低める,ひくめる,hikumeru,derived_verb,形容詞派生:低い/ひくい,動詞,
皮肉る,ひにくる,hinikuru,derived_verb,形容詞派生:皮肉だ/ひにくだ,動詞,
広がる,ひろがる,hirogaru,derived_verb,形容詞派生:広い/ひろい,動詞,
広げる,ひろげる,hirogeru,derived_verb,形容詞派生:広い/ひろい,動詞,
広まる,ひろまる,hiromaru,derived_verb,形容詞派生:広い/ひろい,動詞,
広める,ひろめる,hiromeru,derived_verb,形容詞派生:広い/ひろい,動詞,
比す,ひす,hisu,derived_verb,名詞派生:比/ひ,動詞,
細める,ほそめる,hosomeru,derived_verb,形容詞派生:細い/ほそい,動詞,
細る,ほそる,hosoru,derived_verb,形容詞派生:細い/ほそい,動詞,
痛める,いためる,itameru,derived_verb,形容詞派生:痛い/いたい,動詞,
痛む,いたむ,itamu,derived_verb,形容詞派生:痛い/いたい,動詞,
輝く,かがやく,kagayaku,derived_verb,形容詞派生:輝かしい/かがやかしい,動詞,
陰る,かげる,kageru,derived_verb,名詞派生:陰/かげ,動詞,
係る,かかる,kakaru,derived_verb,名詞派生:係/かかり,動詞,
固まる,かたまる,katamaru,derived_verb,形容詞派生:固い/かたい,動詞,
固める,かためる,katameru,derived_verb,形容詞派生:固い/かたい,動詞,
汚す,けがす,kegasu,derived_verb,形容詞派生:汚らわしい/けがらわしい,動詞,
煙る,けむる,kemuru,derived_verb,名詞派生:煙/けむり,動詞,
黄ばむ,きばむ,kibamu,derived_verb,名詞派生:黄/き,動詞,
清まる,きよまる,kiyomaru,derived_verb,形容詞派生:清い/きよい,動詞,
清める,きよめる,kiyomeru,derived_verb,形容詞派生:清い/きよい,動詞,
恋す,こいす,koisu,derived_verb,名詞派生:恋/こい,動詞,
曇る,くもる,kumoru,derived_verb,名詞派生:曇/くもり,動詞,
黒ずむ,くろずむ,kurozumu,derived_verb,名詞派生:黒/くろ,動詞,
苦しめる,くるしめる,kurushimeru,derived_verb,形容詞派生:苦しい/くるしい,動詞,
苦しむ,くるしむ,kurushimu,derived_verb,形容詞派生:苦しい/くるしい,動詞,
丸まる,まるまる,marumaru,derived_verb,形容詞派生:丸い/まるい,動詞,
丸める,まるめる,marumeru,derived_verb,形容詞派生:丸い/まるい,動詞,
物語る,ものがたる,monogataru,derived_verb,名詞派生:物語/ものがたり,動詞,
涙ぐむ,なみだぐむ,namidagumu,derived_verb,形容詞派生:涙ぐましい/なみだぐましい,動詞,
懐ける,なつける,natsukeru,derived_verb,形容詞派生:懐っこい/なつっこい,動詞,
懐く,なつく,natsuku,derived_verb,形容詞派生:懐っこい/なつっこい,動詞,
鈍る,にぶる,niburu,derived_verb,形容詞派生:鈍い/にぶい,動詞,
ぬくまる,ぬくまる,nukumaru,derived_verb,形容詞派生:温い/ぬくい,動詞,
ぬくめる,ぬくめる,nukumeru,derived_verb,形容詞派生:温い/ぬくい,動詞,
温もる,ぬくもる,nukumoru,derived_verb,形容詞派生:温い/ぬくい,動詞,
踊る,おどる,odoru,derived_verb,名詞派生:踊/おどり,動詞,
奥まる,おくまる,okumaru,derived_verb,名詞派生:奥/おく,動詞,
遅れる,おくれる,okureru,derived_verb,形容詞派生:遅い/おそい,動詞,
大人びる,おとなびる,otonabiru,derived_verb,名詞派生:大人/おとな,動詞,
先んじる,さきんじる,sakinjiru,derived_verb,名詞派生:先/さき,動詞,
騒ぐ,さわぐ,sawagu,derived_verb,形容詞派生:騒がしい/さわがしい,動詞,
狭まる,せばまる,sebamaru,derived_verb,形容詞派生:狭い/せまい,動詞,
狭める,せばめる,sebameru,derived_verb,形容詞派生:狭い/せまい,動詞,
渋る,しぶる,shiburu,derived_verb,名詞派生:渋/しぶ,動詞,
時雨れる,しぐれる,shigureru,derived_verb,名詞派生:時雨/しぐれ,動詞,
湿気る,しける,shikeru,derived_verb,名詞派生:湿気/しっけ,動詞,
白む,しらむ,shiramu,derived_verb,名詞派生:白/しろ,動詞,
親しむ,したしむ,shitashimu,derived_verb,形容詞派生:親しい/したしい,動詞,
静まる,しずまる,shizumaru,derived_verb,形容詞派生:静かだ/しずかだ,動詞,
静める,しずめる,shizumeru,derived_verb,形容詞派生:静かだ/しずかだ,動詞,
涼む,すずむ,suzumu,derived_verb,形容詞派生:涼しい/すずしい,動詞,
正す,ただす,tadasu,derived_verb,形容詞派生:正しい/ただしい,動詞,
高まる,たかまる,takamaru,derived_verb,形容詞派生:高い/たかい,動詞,
高める,たかめる,takameru,derived_verb,形容詞派生:高い/たかい,動詞,
楽しむ,たのしむ,tanoshimu,derived_verb,形容詞派生:楽しい/たのしい,動詞,
釣る,つる,tsuru,derived_verb,名詞派生:釣/つり,動詞,
強まる,つよまる,tsuyomaru,derived_verb,形容詞派生:強い/つよい,動詞,
強める,つよめる,tsuyomeru,derived_verb,形容詞派生:強い/つよい,動詞,
綴る,つづる,tsuzuru,derived_verb,名詞派生:綴/つづり,動詞,
薄まる,うすまる,usumaru,derived_verb,形容詞派生:薄い/うすい,動詞,
薄める,うすめる,usumeru,derived_verb,形容詞派生:薄い/うすい,動詞,
薄らぐ,うすらぐ,usuragu,derived_verb,形容詞派生:薄い/うすい,動詞,
薄れる,うすれる,usureru,derived_verb,形容詞派生:薄い/うすい,動詞,
侘びる,わびる,wabiru,derived_verb,形容詞派生:侘しい/わびしい,動詞,
割る,わる,waru,derived_verb,名詞派生:割/わり,動詞,
宿る,やどる,yadoru,derived_verb,名詞派生:宿/やど,動詞,
野次る,やじる,yajiru,derived_verb,名詞派生:野次/やじ,動詞,
弱まる,よわまる,yowamaru,derived_verb,形容詞派生:弱い/よわい,動詞,
弱める,よわめる,yowameru,derived_verb,形容詞派生:弱い/よわい,動詞,
弱る,よわる,yowaru,derived_verb,形容詞派生:弱い/よわい,動詞,
緩める,ゆるめる,yurumeru,derived_verb,形容詞派生:緩い/ゆるい,動詞,
緩む,ゆるむ,yurumu,derived_verb,形容詞派生:緩い/ゆるい,動詞,
物,ぶつ,butsu,duplicate_on_reading,kept:物/もの,普通名詞,人工物-その他
池,ち,chi,duplicate_on_reading,kept:池/いけ,普通名詞,場所-自然
鳥,ちょう,cho,duplicate_on_reading,kept:鳥/とり,普通名詞,動物
柱,ちゅう,chu,duplicate_on_reading,kept:柱/はしら,普通名詞,場所-施設部位
虫,ちゅう,chu,duplicate_on_reading,kept:虫/むし,普通名詞,動物
外,がい,gai,duplicate_on_reading,kept:外/そと,普通名詞,場所-機能
街,がい,gai,duplicate_on_reading,kept:街/まち,普通名詞,場所-その他
岩,がん,gan,duplicate_on_reading,kept:岩/いわ,普通名詞,自然物
月,げつ,getsu,duplicate_on_reading,kept:月/つき,時相名詞,時間
魚,ぎょ,gyo,duplicate_on_reading,kept:魚/さかな,普通名詞,動物
人,じん,jin,duplicate_on_reading,kept:人/ひと,普通名詞,人
海,かい,kai,duplicate_on_reading,kept:海/うみ,普通名詞,自然物
冠,かん,kan,duplicate_on_reading,kept:冠/かんむり,普通名詞,人工物-その他
管,かん,kan,duplicate_on_reading,kept:管/くだ,普通名詞,人工物-その他
肝,かん,kan,duplicate_on_reading,kept:肝/きも,普通名詞,動物-部位;抽象物
間,かん,kan,duplicate_on_reading,kept:間/あいだ,普通名詞,場所-機能;時間
形,けい,kei,duplicate_on_reading,kept:形/かた,普通名詞,形・模様
金,きん,kin,duplicate_on_reading,kept:金/かね,普通名詞,自然物
国,こく,koku,duplicate_on_reading,kept:国/くに,普通名詞,場所-その他
骨,こつ,kotsu,duplicate_on_reading,kept:骨/ほね,普通名詞,動物-部位
橋,きょう,kyo,duplicate_on_reading,kept:橋/はし,普通名詞,場所-施設
鏡,きょう,kyo,duplicate_on_reading,kept:鏡/かがみ,普通名詞,人工物-その他
米,まい,mai,duplicate_on_reading,kept:米/こめ,普通名詞,人工物-食べ物
末,まつ,matsu,duplicate_on_reading,kept:末/すえ,普通名詞,場所-機能;時間
綿,めん,men,duplicate_on_reading,kept:綿/わた,普通名詞,人工物-その他
面,めん,men,duplicate_on_reading,kept:面/おもて,普通名詞,人工物-その他
民,みん,min,duplicate_on_reading,kept:民/たみ,普通名詞,人
年,ねん,nen,duplicate_on_reading,kept:年/とし,時相名詞,時間
卵,らん,ran,duplicate_on_reading,kept:卵/たまご,普通名詞,自然物
林,りん,rin,duplicate_on_reading,kept:林/はやし,普通名詞,場所-自然
山,さん,san,duplicate_on_reading,kept:山/やま,普通名詞,場所-自然
札,さつ,satsu,duplicate_on_reading,kept:札/ふだ,普通名詞,人工物-金銭;抽象物
石,せき,seki,duplicate_on_reading,kept:石/いし,普通名詞,自然物
泉,せん,sen,duplicate_on_reading,kept:泉/いずみ,普通名詞,場所-自然
船,せん,sen,duplicate_on_reading,kept:船/ふね,普通名詞,人工物-乗り物
銭,せん,sen,duplicate_on_reading,kept:銭/ぜに,普通名詞,人工物-金銭
社,しゃ,sha,duplicate_on_reading,kept:社/やしろ,普通名詞,組織・団体
車,しゃ,sha,duplicate_on_reading,kept:車/くるま,普通名詞,人工物-乗り物
氏,し,shi,duplicate_on_reading,kept:氏/うじ,普通名詞,人
紙,し,shi,duplicate_on_reading,kept:紙/かみ,普通名詞,人工物-その他
所,しょ,sho,duplicate_on_reading,kept:所/ところ,普通名詞,場所-施設
酒,しゅ,shu,duplicate_on_reading,kept:酒/さけ,普通名詞,人工物-食べ物
秋,しゅう,shu,duplicate_on_reading,kept:秋/あき,時相名詞,時間
春,しゅん,shun,duplicate_on_reading,kept:春/はる,時相名詞,時間
水,すい,sui,duplicate_on_reading,kept:水/みず,普通名詞,自然物
体,たい,tai,duplicate_on_reading,kept:体/からだ,普通名詞,組織・団体
帯,たい,tai,duplicate_on_reading,kept:帯/おび,普通名詞,人工物-衣類;抽象物
店,てん,ten,duplicate_on_reading,kept:店/みせ,普通名詞,場所-施設
薬,やく,yaku,duplicate_on_reading,kept:薬/くすり,普通名詞,人工物-食べ物
訳,やく,yaku,duplicate_on_reading,kept:訳/わけ,普通名詞,抽象物
危なかしい,あぶなかしい,abunakashii,duplicate_romaji,kept:危なかしい,イ形容詞,
脂,あぶら,abura,duplicate_romaji,kept:油,普通名詞,人工物-食べ物
挙がる,あがる,agaru,duplicate_romaji,kept:上がる,動詞,
揚がる,あがる,agaru,duplicate_romaji,kept:上がる,動詞,
挙げる,あげる,ageru,duplicate_romaji,kept:上げる,動詞,
揚げる,あげる,ageru,duplicate_romaji,kept:上げる,動詞,
味,あじ,aji,duplicate_romaji,kept:鰺,普通名詞,抽象物
垢,あか,aka,duplicate_romaji,kept:赤,普通名詞,動物-部位
空ける,あける,akeru,duplicate_romaji,kept:明ける,動詞,
開ける,あける,akeru,duplicate_romaji,kept:明ける,動詞,
明く,あく,aku,duplicate_romaji,kept:灰汁,動詞,
空く,あく,aku,duplicate_romaji,kept:灰汁,動詞,
開く,あく,aku,duplicate_romaji,kept:灰汁,動詞,
海人,あま,ama,duplicate_romaji,kept:尼,普通名詞,人
海女,あま,ama,duplicate_romaji,kept:尼,普通名詞,人
余り,あまり,amari,duplicate_romaji,kept:余り,ナ形容詞,
雨,あめ,ame,duplicate_romaji,kept:飴,普通名詞,抽象物
あなた,あなた,anata,duplicate_romaji,kept:あなた,普通名詞,人
安易,あんい,ani,duplicate_romaji,kept:兄,ナ形容詞,
暗記,あんき,anki,duplicate_romaji,kept:暗鬼,サ変名詞,抽象物
鮟鱇,あんこう,anko,duplicate_romaji,kept:餡子,普通名詞,動物;人工物-食べ物
安穏,あんのん,annon,duplicate_romaji,kept:安穏,ナ形容詞,
暗唱,あんしょう,ansho,duplicate_romaji,kept:暗礁,サ変名詞,抽象物
暗算,あんざん,anzan,duplicate_romaji,kept:安産,サ変名詞,抽象物
扇ぐ,あおぐ,aogu,duplicate_romaji,kept:仰ぐ,動詞,
青い,あおい,aoi,duplicate_romaji,kept:葵,イ形容詞,
荒い,あらい,arai,duplicate_romaji,kept:粗い,イ形容詞,
荒っぽい,あらっぽい,arappoi,duplicate_romaji,kept:粗っぽい,イ形容詞,
表れる,あらわれる,arawareru,duplicate_romaji,kept:現れる,動詞,
著す,あらわす,arawasu,duplicate_romaji,kept:現す,動詞,
朝,あさ,asa,duplicate_romaji,kept:麻,時相名詞,時間
明後日,あさって,asatte,duplicate_romaji,kept:明後日,時相名詞,時間
脚,あし,ashi,duplicate_romaji,kept:芦,普通名詞,動物-部位
足,あし,ashi,duplicate_romaji,kept:芦,普通名詞,動物-部位
明日,あす,asu,duplicate_romaji,kept:明日,時相名詞,時間
明日,あす,asu,duplicate_romaji,kept:明日,時相名詞,時間
温か,あたたか,atataka,duplicate_romaji,kept:暖か,ナ形容詞,
暖かい,あたたかい,atatakai,duplicate_romaji,kept:暖かい,イ形容詞,
温かい,あたたかい,atatakai,duplicate_romaji,kept:暖かい,イ形容詞,
温かい,あたたかい,atatakai,duplicate_romaji,kept:暖かい,イ形容詞,
宛てる,あてる,ateru,duplicate_romaji,kept:充てる,動詞,
当てる,あてる,ateru,duplicate_romaji,kept:充てる,動詞,
痕,あと,ato,duplicate_romaji,kept:後,普通名詞,人工物-その他;抽象物
跡,あと,ato,duplicate_romaji,kept:後,普通名詞,場所-その他;形・模様
暑い,あつい,atsui,duplicate_romaji,kept:厚い,イ形容詞,
熱い,あつい,atsui,duplicate_romaji,kept:厚い,イ形容詞,
粟,あわ,awa,duplicate_romaji,kept:泡,普通名詞,植物
謝る,あやまる,ayamaru,duplicate_romaji,kept:誤る,動詞,
怪しい,あやしい,ayashii,duplicate_romaji,kept:妖しい,イ形容詞,
字,あざ,aza,duplicate_romaji,kept:痣,普通名詞,抽象物
預かる,あずかる,azukaru,duplicate_romaji,kept:与る,動詞,
麦秋,ばくしゅう,bakushu,duplicate_romaji,kept:麦酒,時相名詞,時間
盤上,ばんじょう,banjo,duplicate_romaji,kept:板状,普通名詞,場所-その他
挽歌,ばんか,banka,duplicate_romaji,kept:晩夏,普通名詞,抽象物
番人,ばんにん,bannin,duplicate_romaji,kept:万人,普通名詞,人
晩産,ばんさん,bansan,duplicate_romaji,kept:晩餐,普通名詞,抽象物
板書,ばんしょ,bansho,duplicate_romaji,kept:万象,サ変名詞,抽象物
伴走,ばんそう,banso,duplicate_romaji,kept:伴奏,サ変名詞,抽象物
番頭,ばんとう,banto,duplicate_romaji,kept:晩冬,普通名詞,人
場所,ばしょ,basho,duplicate_romaji,kept:芭蕉,普通名詞,場所-その他
別館,べっかん,bekkan,duplicate_romaji,kept:別巻,普通名詞,場所-施設
別個,べっこ,bekko,duplicate_romaji,kept:鼈甲,ナ形容詞,
便覧,べんらん,benran,duplicate_romaji,kept:便覧,普通名詞,人工物-その他;抽象物
琵琶,びわ,biwa,duplicate_romaji,kept:びわ,普通名詞,人工物-その他
亡父,ぼうふ,bofu,duplicate_romaji,kept:亡夫,普通名詞,人
防寒,ぼうかん,bokan,duplicate_romaji,kept:母艦,普通名詞,抽象物
母港,ぼこう,boko,duplicate_romaji,kept:母校,普通名詞,場所-その他
母国,ぼこく,bokoku,duplicate_romaji,kept:亡国,普通名詞,場所-その他
傍線,ぼうせん,bosen,duplicate_romaji,kept:母船,普通名詞,形・模様
母子,ぼし,boshi,duplicate_romaji,kept:帽子,普通名詞,人
武道,ぶどう,budo,duplicate_romaji,kept:葡萄,普通名詞,抽象物
舞曲,ぶきょく,bukyoku,duplicate_romaji,kept:部局,普通名詞,抽象物
文壇,ぶんだん,bundan,duplicate_romaji,kept:分団,普通名詞,場所-その他
文語,ぶんご,bungo,duplicate_romaji,kept:文豪,普通名詞,抽象物
分乗,ぶんじょう,bunjo,duplicate_romaji,kept:分譲,サ変名詞,抽象物
分校,ぶんこう,bunko,duplicate_romaji,kept:文庫,普通名詞,場所-施設
文士,ぶんし,bunshi,duplicate_romaji,kept:分子,普通名詞,人
文書,ぶんしょ,bunsho,duplicate_romaji,kept:分署,普通名詞,人工物-その他
文体,ぶんたい,buntai,duplicate_romaji,kept:分隊,普通名詞,抽象物
不精,ぶしょう,busho,duplicate_romaji,kept:武将,ナ形容詞,
無性,ぶしょう,busho,duplicate_romaji,kept:武将,ナ形容詞,
物資,ぶっし,busshi,duplicate_romaji,kept:仏師,普通名詞,人工物-その他
部隊,ぶたい,butai,duplicate_romaji,kept:舞台,普通名詞,組織・団体
蚋,ぶよ,buyo,duplicate_romaji,kept:蚋,普通名詞,動物
舞踊,ぶよう,buyo,duplicate_romaji,kept:蚋,普通名詞,抽象物
鋲,びょう,byo,duplicate_romaji,kept:廟,普通名詞,人工物-その他
小さい,ちいさい,chiisai,duplicate_romaji,kept:小さい,イ形容詞,
小さい,ちいさい,chiisai,duplicate_romaji,kept:小さい,イ形容詞,
近い,ちかい,chikai,duplicate_romaji,kept:地階,イ形容詞,
地殻,ちかく,chikaku,duplicate_romaji,kept:地核,普通名詞,場所-自然
近く,ちかく,chikaku,duplicate_romaji,kept:地核,普通名詞,場所-機能;時間
跳馬,ちょうば,choba,duplicate_romaji,kept:帳場,普通名詞,抽象物
町長,ちょうちょう,chocho,duplicate_romaji,kept:ちょうちょ,普通名詞,人
長調,ちょうちょう,chocho,duplicate_romaji,kept:ちょうちょ,普通名詞,抽象物
調髪,ちょうはつ,chohatsu,duplicate_romaji,kept:長髪,サ変名詞,抽象物
長城,ちょうじょう,chojo,duplicate_romaji,kept:長女,普通名詞,場所-施設
頂上,ちょうじょう,chojo,duplicate_romaji,kept:長女,普通名詞,場所-機能
長寿,ちょうじゅ,choju,duplicate_romaji,kept:鳥獣,サ変名詞,抽象物
懲戒,ちょうかい,chokai,duplicate_romaji,kept:町会,サ変名詞,抽象物
朝会,ちょうかい,chokai,duplicate_romaji,kept:町会,普通名詞,抽象物
長官,ちょうかん,chokan,duplicate_romaji,kept:朝刊,普通名詞,人
著名,ちょめい,chomei,duplicate_romaji,kept:長命,ナ形容詞,
調律,ちょうりつ,choritsu,duplicate_romaji,kept:町立,サ変名詞,抽象物
著者,ちょしゃ,chosha,duplicate_romaji,kept:庁舎,普通名詞,人
忠誠,ちゅうせい,chusei,duplicate_romaji,kept:中世,ナ形容詞,
中退,ちゅうたい,chutai,duplicate_romaji,kept:中隊,サ変名詞,抽象物
柱頭,ちゅうとう,chuto,duplicate_romaji,kept:中途,普通名詞,植物-部位;場所-施設部位
大地,だいち,daichi,duplicate_romaji,kept:台地,普通名詞,場所-その他
台帳,だいちょう,daicho,duplicate_romaji,kept:台長,普通名詞,人工物-金銭
大腸,だいちょう,daicho,duplicate_romaji,kept:台長,普通名詞,動物-部位
代官,だいかん,daikan,duplicate_romaji,kept:大寒,普通名詞,人
大師,だいし,daishi,duplicate_romaji,kept:台紙,普通名詞,人
壇上,だんじょう,danjo,duplicate_romaji,kept:男女,普通名詞,場所-その他
だらしない,だらしない,darashinai,duplicate_romaji,kept:だらしない,イ形容詞,
だらしない,だらしない,darashinai,duplicate_romaji,kept:だらしない,イ形容詞,
山車,だし,dashi,duplicate_romaji,kept:出汁,普通名詞,人工物-乗り物
泥酔,でいすい,deisui,duplicate_romaji,kept:泥水,サ変名詞,抽象物
でかい,でかい,dekai,duplicate_romaji,kept:でかい,イ形容詞,
田地,でんち,denchi,duplicate_romaji,kept:電池,普通名詞,場所-その他
伝道,でんどう,dendo,duplicate_romaji,kept:殿堂,サ変名詞,抽象物
伝家,でんか,denka,duplicate_romaji,kept:殿下,普通名詞,抽象物
伝記,でんき,denki,duplicate_romaji,kept:電器,普通名詞,抽象物
電機,でんき,denki,duplicate_romaji,kept:電器,普通名詞,人工物-その他
電気,でんき,denki,duplicate_romaji,kept:電器,普通名詞,抽象物
土中,どちゅう,dochu,duplicate_romaji,kept:道中,普通名詞,場所-その他
土偶,どぐう,dogu,duplicate_romaji,kept:道具,普通名詞,人工物-その他
土俵,どひょう,dohyo,duplicate_romaji,kept:道標,普通名詞,場所-施設
同位,どうい,doi,duplicate_romaji,kept:胴衣,普通名詞,場所-その他;抽象物
同乗,どうじょう,dojo,duplicate_romaji,kept:土壌,サ変名詞,抽象物
道場,どうじょう,dojo,duplicate_romaji,kept:土壌,普通名詞,場所-施設
泥鰌,どじょう,dojo,duplicate_romaji,kept:土壌,普通名詞,動物;人工物-食べ物
同期,どうき,doki,duplicate_romaji,kept:土器,サ変名詞,時間
独唱,どくしょう,dokusho,duplicate_romaji,kept:読書,サ変名詞,抽象物
独走,どくそう,dokuso,duplicate_romaji,kept:独奏,サ変名詞,抽象物
同居,どうきょ,dokyo,duplicate_romaji,kept:道教,サ変名詞,抽象物
読経,どきょう,dokyo,duplicate_romaji,kept:道教,サ変名詞,抽象物
道路,どうろ,doro,duplicate_romaji,kept:泥,普通名詞,場所-施設
同棲,どうせい,dosei,duplicate_romaji,kept:土星,サ変名詞,抽象物
同船,どうせん,dosen,duplicate_romaji,kept:導線,サ変名詞,抽象物
銅線,どうせん,dosen,duplicate_romaji,kept:導線,普通名詞,人工物-その他
動詞,どうし,doshi,duplicate_romaji,kept:同志,普通名詞,抽象物
同質,どうしつ,doshitsu,duplicate_romaji,kept:同室,ナ形容詞,
胴体,どうたい,dotai,duplicate_romaji,kept:導体,普通名詞,動物-部位
同様,どうよう,doyo,duplicate_romaji,kept:土曜,ナ形容詞,
童謡,どうよう,doyo,duplicate_romaji,kept:土曜,普通名詞,抽象物
土用,どよう,doyo,duplicate_romaji,kept:土曜,普通名詞,時間
永世,えいせい,eisei,duplicate_romaji,kept:衛星,普通名詞,時間
駅長,えきちょう,ekicho,duplicate_romaji,kept:益鳥,普通名詞,人
駅舎,えきしゃ,ekisha,duplicate_romaji,kept:易者,普通名詞,場所-施設
演題,えんだい,endai,duplicate_romaji,kept:縁台,普通名詞,抽象物
遠大,えんだい,endai,duplicate_romaji,kept:縁台,ナ形容詞,
縁談,えんだん,endan,duplicate_romaji,kept:演壇,普通名詞,抽象物
沿道,えんどう,endo,duplicate_romaji,kept:豌豆,普通名詞,場所-その他
演芸,えんげい,engei,duplicate_romaji,kept:園芸,普通名詞,抽象物
演技,えんぎ,engi,duplicate_romaji,kept:縁起,サ変名詞,抽象物
縁者,えんじゃ,enja,duplicate_romaji,kept:演者,普通名詞,人
宴会,えんかい,enkai,duplicate_romaji,kept:沿海,普通名詞,抽象物
遠海,えんかい,enkai,duplicate_romaji,kept:沿海,普通名詞,場所-その他
演習,えんしゅう,enshu,duplicate_romaji,kept:円周,サ変名詞,抽象物
演奏,えんそう,enso,duplicate_romaji,kept:塩素,サ変名詞,抽象物
遠投,えんとう,ento,duplicate_romaji,kept:円筒,サ変名詞,抽象物
選り取り,えりどり,eridori,duplicate_romaji,kept:選り取り,普通名詞,抽象物
選り好み,えりごのみ,erigonomi,duplicate_romaji,kept:選り好み,サ変名詞,抽象物
選りすぐる,えりすぐる,erisuguru,duplicate_romaji,kept:選りすぐる,動詞,
得る,える,eru,duplicate_romaji,kept:選る,動詞,
不敏,ふびん,fubin,duplicate_romaji,kept:不憫,ナ形容詞,
不調,ふちょう,fucho,duplicate_romaji,kept:婦長,ナ形容詞,
府庁,ふちょう,fucho,duplicate_romaji,kept:婦長,普通名詞,組織・団体;場所-施設
不遇,ふぐう,fugu,duplicate_romaji,kept:河豚,ナ形容詞,
不法,ふほう,fuho,duplicate_romaji,kept:訃報,ナ形容詞,
夫人,ふじん,fujin,duplicate_romaji,kept:風神,普通名詞,人
婦人,ふじん,fujin,duplicate_romaji,kept:風神,普通名詞,人
布陣,ふじん,fujin,duplicate_romaji,kept:風神,サ変名詞,抽象物
不順,ふじゅん,fujun,duplicate_romaji,kept:不純,ナ形容詞,
不快,ふかい,fukai,duplicate_romaji,kept:深井,ナ形容詞,
深い,ふかい,fukai,duplicate_romaji,kept:深井,イ形容詞,
府警,ふけい,fukei,duplicate_romaji,kept:婦警,普通名詞,組織・団体
父兄,ふけい,fukei,duplicate_romaji,kept:婦警,普通名詞,人
父系,ふけい,fukei,duplicate_romaji,kept:婦警,普通名詞,抽象物
更ける,ふける,fukeru,duplicate_romaji,kept:耽る,動詞,
老ける,ふける,fukeru,duplicate_romaji,kept:耽る,動詞,
付近,ふきん,fukin,duplicate_romaji,kept:布巾,普通名詞,場所-機能
吹く,ふく,fuku,duplicate_romaji,kept:服,動詞,
噴く,ふく,fuku,duplicate_romaji,kept:服,動詞,
拭く,ふく,fuku,duplicate_romaji,kept:服,動詞,
復路,ふくろ,fukuro,duplicate_romaji,kept:梟,普通名詞,場所-その他
袋,ふくろ,fukuro,duplicate_romaji,kept:梟,普通名詞,人工物-その他
福祉,ふくし,fukushi,duplicate_romaji,kept:副詞,普通名詞,抽象物
副賞,ふくしょう,fukusho,duplicate_romaji,kept:副将,普通名詞,人工物-その他
服飾,ふくしょく,fukushoku,duplicate_romaji,kept:副食,普通名詞,人工物-衣類
文月,ふみづき,fumizuki,duplicate_romaji,kept:文月,時相名詞,時間
槽,ふね,fune,duplicate_romaji,kept:船,普通名詞,人工物-その他
降る,ふる,furu,duplicate_romaji,kept:振る,動詞,
古い,ふるい,furui,duplicate_romaji,kept:古井,イ形容詞,
振るう,ふるう,furuu,duplicate_romaji,kept:奮う,動詞,
負債,ふさい,fusai,duplicate_romaji,kept:夫妻,普通名詞,人工物-金銭
不正,ふせい,fusei,duplicate_romaji,kept:不整,ナ形容詞,
付箋,ふせん,fusen,duplicate_romaji,kept:風船,普通名詞,人工物-その他
伏せる,ふせる,fuseru,duplicate_romaji,kept:臥せる,動詞,
風刺,ふうし,fushi,duplicate_romaji,kept:節,サ変名詞,抽象物
父子,ふし,fushi,duplicate_romaji,kept:節,普通名詞,組織・団体
伏し目,ふしめ,fushime,duplicate_romaji,kept:節目,普通名詞,抽象物
不振,ふしん,fushin,duplicate_romaji,kept:不審,ナ形容詞,
不詳,ふしょう,fusho,duplicate_romaji,kept:封書,ナ形容詞,
不当,ふとう,futo,duplicate_romaji,kept:封筒,ナ形容詞,
埠頭,ふとう,futo,duplicate_romaji,kept:封筒,普通名詞,場所-施設
不用,ふよう,fuyo,duplicate_romaji,kept:芙蓉,ナ形容詞,
不要,ふよう,fuyo,duplicate_romaji,kept:芙蓉,ナ形容詞,
扶養,ふよう,fuyo,duplicate_romaji,kept:芙蓉,サ変名詞,抽象物
富裕,ふゆう,fuyu,duplicate_romaji,kept:冬,ナ形容詞,
画法,がほう,gaho,duplicate_romaji,kept:画報,普通名詞,抽象物
凱歌,がいか,gaika,duplicate_romaji,kept:外貨,普通名詞,抽象物
外界,がいかい,gaikai,duplicate_romaji,kept:外海,普通名詞,場所-その他
外角,がいかく,gaikaku,duplicate_romaji,kept:外郭,普通名詞,場所-その他
外史,がいし,gaishi,duplicate_romaji,kept:外使,普通名詞,抽象物
外資,がいし,gaishi,duplicate_romaji,kept:外使,普通名詞,人工物-金銭
街頭,がいとう,gaito,duplicate_romaji,kept:外套,普通名詞,場所-その他
賀状,がじょう,gajo,duplicate_romaji,kept:牙城,普通名詞,人工物-その他
学課,がっか,gakka,duplicate_romaji,kept:学科,普通名詞,抽象物
学界,がっかい,gakkai,duplicate_romaji,kept:学会,普通名詞,場所-その他
楽器,がっき,gakki,duplicate_romaji,kept:学期,普通名詞,人工物-その他
学級,がっきゅう,gakkyu,duplicate_romaji,kept:学究,普通名詞,抽象物
学,がく,gaku,duplicate_romaji,kept:萼,普通名詞,抽象物
楽,がく,gaku,duplicate_romaji,kept:萼,普通名詞,抽象物
額,がく,gaku,duplicate_romaji,kept:萼,普通名詞,人工物-金銭;人工物-その他
学部,がくぶ,gakubu,duplicate_romaji,kept:楽部,普通名詞,抽象物
学風,がくふう,gakufu,duplicate_romaji,kept:楽譜,普通名詞,抽象物
楽聖,がくせい,gakusei,duplicate_romaji,kept:学生,普通名詞,人
学舎,がくしゃ,gakusha,duplicate_romaji,kept:学者,普通名詞,場所-施設
学士,がくし,gakushi,duplicate_romaji,kept:学資,普通名詞,抽象物
蝦蟇,がま,gama,duplicate_romaji,kept:蒲,普通名詞,動物
願書,がんしょ,gansho,duplicate_romaji,kept:岩床,普通名詞,人工物-その他
岩松,がんしょう,gansho,duplicate_romaji,kept:岩床,普通名詞,植物
岩漿,がんしょう,gansho,duplicate_romaji,kept:岩床,普通名詞,自然物
岩礁,がんしょう,gansho,duplicate_romaji,kept:岩床,普通名詞,自然物
賀正,がしょう,gasho,duplicate_romaji,kept:画商,普通名詞,抽象物
合掌,がっしょう,gassho,duplicate_romaji,kept:合唱,サ変名詞,抽象物
月刊,げっかん,gekkan,duplicate_romaji,kept:月間,普通名詞,抽象物
原題,げんだい,gendai,duplicate_romaji,kept:現代,普通名詞,抽象物
現役,げんえき,geneki,duplicate_romaji,kept:原液,普通名詞,抽象物
原価,げんか,genka,duplicate_romaji,kept:現下,普通名詞,人工物-金銭
減俸,げんぽう,genpo,duplicate_romaji,kept:減法,サ変名詞,抽象物
原紙,げんし,genshi,duplicate_romaji,kept:原子,普通名詞,人工物-その他
原資,げんし,genshi,duplicate_romaji,kept:原子,普通名詞,人工物-金銭
原書,げんしょ,gensho,duplicate_romaji,kept:原初,普通名詞,人工物-その他;抽象物
原種,げんしゅ,genshu,duplicate_romaji,kept:元首,普通名詞,人工物-その他
減点,げんてん,genten,duplicate_romaji,kept:原典,サ変名詞,抽象物
議長,ぎちょう,gicho,duplicate_romaji,kept:毬杖,普通名詞,人
議院,ぎいん,giin,duplicate_romaji,kept:議員,普通名詞,組織・団体;場所-施設
義姉,ぎし,gishi,duplicate_romaji,kept:技師,普通名詞,人
義歯,ぎし,gishi,duplicate_romaji,kept:技師,普通名詞,人工物-その他
義肢,ぎし,gishi,duplicate_romaji,kept:技師,普通名詞,人工物-その他
合板,ごうはん,gohan,duplicate_romaji,kept:御飯,普通名詞,人工物-その他
合法,ごうほう,goho,duplicate_romaji,kept:語法,ナ形容詞,
豪放,ごうほう,goho,duplicate_romaji,kept:語法,ナ形容詞,
互角,ごかく,gokaku,duplicate_romaji,kept:合格,ナ形容詞,
豪勢,ごうせい,gosei,duplicate_romaji,kept:碁聖,ナ形容詞,
御所,ごしょ,gosho,duplicate_romaji,kept:豪商,普通名詞,場所-施設
御前,ごぜん,gozen,duplicate_romaji,kept:午前,普通名詞,人
郡部,ぐんぶ,gunbu,duplicate_romaji,kept:軍部,普通名詞,場所-その他
軍歌,ぐんか,gunka,duplicate_romaji,kept:軍靴,普通名詞,抽象物
軍機,ぐんき,gunki,duplicate_romaji,kept:軍旗,普通名詞,人工物-その他
軍記,ぐんき,gunki,duplicate_romaji,kept:軍旗,普通名詞,抽象物
業界,ぎょうかい,gyokai,duplicate_romaji,kept:魚介,普通名詞,場所-その他
御者,ぎょしゃ,gyosha,duplicate_romaji,kept:業者,普通名詞,人
餃子,ぎょーざ,gyoza,duplicate_romaji,kept:餃子,普通名詞,人工物-食べ物
牛舎,ぎゅうしゃ,gyusha,duplicate_romaji,kept:牛車,普通名詞,場所-施設
鉢,はち,hachi,duplicate_romaji,kept:蜂,普通名詞,人工物-その他
栄え,はえ,hae,duplicate_romaji,kept:蠅,普通名詞,抽象物
生える,はえる,haeru,duplicate_romaji,kept:映える,動詞,
歯切れ,はぎれ,hagire,duplicate_romaji,kept:端切れ,普通名詞,抽象物
牌,はい,hai,duplicate_romaji,kept:灰,普通名詞,人工物-その他
胚,はい,hai,duplicate_romaji,kept:灰,普通名詞,植物-部位
配線,はいせん,haisen,duplicate_romaji,kept:廃船,サ変名詞,人工物-その他
敗者,はいしゃ,haisha,duplicate_romaji,kept:廃車,普通名詞,人
測る,はかる,hakaru,duplicate_romaji,kept:図る,動詞,
計る,はかる,hakaru,duplicate_romaji,kept:図る,動詞,
諮る,はかる,hakaru,duplicate_romaji,kept:図る,動詞,
量る,はかる,hakaru,duplicate_romaji,kept:図る,動詞,
発酵,はっこう,hakko,duplicate_romaji,kept:発行,サ変名詞,抽象物
吐く,はく,haku,duplicate_romaji,kept:箔,動詞,
履く,はく,haku,duplicate_romaji,kept:箔,動詞,
掃く,はく,haku,duplicate_romaji,kept:箔,動詞,
薄謝,はくしゃ,hakusha,duplicate_romaji,kept:拍車,普通名詞,人工物-その他;抽象物
破門,はもん,hamon,duplicate_romaji,kept:波紋,サ変名詞,抽象物
はな,はな,hana,duplicate_romaji,kept:花,普通名詞,時間
鼻,はな,hana,duplicate_romaji,kept:花,普通名詞,動物-部位
離れる,はなれる,hanareru,duplicate_romaji,kept:放れる,動詞,
噺,はなし,hanashi,duplicate_romaji,kept:話,普通名詞,抽象物
話す,はなす,hanasu,duplicate_romaji,kept:放す,動詞,
離す,はなす,hanasu,duplicate_romaji,kept:放す,動詞,
花輪,はなわ,hanawa,duplicate_romaji,kept:塙,普通名詞,人工物-その他
跳ねる,はねる,haneru,duplicate_romaji,kept:撥ねる,動詞,
半旗,はんき,hanki,duplicate_romaji,kept:半期,普通名詞,人工物-その他
反旗,はんき,hanki,duplicate_romaji,kept:半期,普通名詞,人工物-その他
藩士,はんし,hanshi,duplicate_romaji,kept:半紙,普通名詞,人
斑点,はんてん,hanten,duplicate_romaji,kept:半纏,普通名詞,形・模様
飯店,はんてん,hanten,duplicate_romaji,kept:半纏,普通名詞,場所-施設
腹,はら,hara,duplicate_romaji,kept:原,普通名詞,動物-部位
腫らす,はらす,harasu,duplicate_romaji,kept:晴らす,動詞,
祓う,はらう,harau,duplicate_romaji,kept:払う,動詞,
腫れる,はれる,hareru,duplicate_romaji,kept:晴れる,動詞,
梁,はり,hari,duplicate_romaji,kept:針,普通名詞,場所-施設部位
張る,はる,haru,duplicate_romaji,kept:春,動詞,
貼る,はる,haru,duplicate_romaji,kept:春,動詞,
端,はし,hashi,duplicate_romaji,kept:橋,普通名詞,場所-機能
箸,はし,hashi,duplicate_romaji,kept:橋,普通名詞,人工物-その他
速い,はやい,hayai,duplicate_romaji,kept:早い,イ形容詞,
囃子,はやし,hayashi,duplicate_romaji,kept:林,普通名詞,抽象物
生やす,はやす,hayasu,duplicate_romaji,kept:囃す,動詞,
黄櫨,はぜ,haze,duplicate_romaji,kept:沙魚,普通名詞,植物
平淡,へいたん,heitan,duplicate_romaji,kept:平坦,ナ形容詞,
変調,へんちょう,hencho,duplicate_romaji,kept:編著,サ変名詞,抽象物
編者,へんじゃ,henja,duplicate_romaji,kept:編者,普通名詞,人
偏狭,へんきょう,henkyo,duplicate_romaji,kept:辺境,ナ形容詞,
編集,へんしゅう,henshu,duplicate_romaji,kept:変種,サ変名詞,抽象物
変則,へんそく,hensoku,duplicate_romaji,kept:変速,ナ形容詞,
経る,へる,heru,duplicate_romaji,kept:減る,動詞,
下手,へた,heta,duplicate_romaji,kept:蔕,ナ形容詞,
へっちゃら,へっちゃら,hetchara,duplicate_romaji,kept:へっちゃら,ナ形容詞,
東,ひがし,higashi,duplicate_romaji,kept:干菓子,普通名詞,場所-機能
火偏,ひへん,hihen,duplicate_romaji,kept:日偏,普通名詞,抽象物
非情,ひじょう,hijo,duplicate_romaji,kept:非常,ナ形容詞,
悲歌,ひか,hika,duplicate_romaji,kept:皮下,普通名詞,抽象物
日陰,ひかげ,hikage,duplicate_romaji,kept:日影,普通名詞,場所-自然
弾く,ひく,hiku,duplicate_romaji,kept:引く,動詞,
挽く,ひく,hiku,duplicate_romaji,kept:引く,動詞,
卑怯,ひきょう,hikyo,duplicate_romaji,kept:秘境,ナ形容詞,
陳ねる,ひねる,hineru,duplicate_romaji,kept:捻る,動詞,
開く,ひらく,hiraku,duplicate_romaji,kept:披く,動詞,
干る,ひる,hiru,duplicate_romaji,kept:昼,動詞,
避暑,ひしょ,hisho,duplicate_romaji,kept:秘書,サ変名詞,抽象物
費消,ひしょう,hisho,duplicate_romaji,kept:秘書,サ変名詞,抽象物
悲壮,ひそう,hiso,duplicate_romaji,kept:砒素,ナ形容詞,
顰める,ひそめる,hisomeru,duplicate_romaji,kept:潜める,動詞,
人手,ひとで,hitode,duplicate_romaji,kept:海星,普通名詞,人
人並み,ひとなみ,hitonami,duplicate_romaji,kept:人波,ナ形容詞,
未,ひつじ,hitsuji,duplicate_romaji,kept:羊,普通名詞,場所-機能;時間
秘蔵っ子,ひぞっこ,hizokko,duplicate_romaji,kept:秘蔵っ子,普通名詞,人
邦文,ほうぶん,hobun,duplicate_romaji,kept:法文,普通名詞,抽象物
程,ほど,hodo,duplicate_romaji,kept:歩道,普通名詞,抽象物
舗道,ほどう,hodo,duplicate_romaji,kept:歩道,普通名詞,場所-施設
補導,ほどう,hodo,duplicate_romaji,kept:歩道,サ変名詞,抽象物
豊富,ほうふ,hofu,duplicate_romaji,kept:保父,ナ形容詞,
奉加,ほうが,hoga,duplicate_romaji,kept:邦画,サ変名詞,抽象物
法学,ほうがく,hogaku,duplicate_romaji,kept:方角,普通名詞,抽象物
邦楽,ほうがく,hogaku,duplicate_romaji,kept:方角,普通名詞,抽象物
方位,ほうい,hoi,duplicate_romaji,kept:法衣,普通名詞,場所-その他
法人,ほうじん,hojin,duplicate_romaji,kept:邦人,普通名詞,組織・団体
法科,ほうか,hoka,duplicate_romaji,kept:砲火,普通名詞,抽象物
外,ほか,hoka,duplicate_romaji,kept:砲火,普通名詞,抽象物
法華,ほっけ,hokke,duplicate_romaji,kept:ほっけ,普通名詞,組織・団体;抽象物
宝庫,ほうこ,hoko,duplicate_romaji,kept:芳香,普通名詞,場所-施設
方向,ほうこう,hoko,duplicate_romaji,kept:芳香,普通名詞,場所-機能
矛,ほこ,hoko,duplicate_romaji,kept:芳香,普通名詞,人工物-その他
捕球,ほきゅう,hokyu,duplicate_romaji,kept:俸給,サ変名詞,抽象物
報恩,ほうおん,hon,duplicate_romaji,kept:本 (manual_include),普通名詞,抽象物
本土,ほんど,hondo,duplicate_romaji,kept:本堂,普通名詞,場所-その他
本道,ほんどう,hondo,duplicate_romaji,kept:本堂,普通名詞,場所-施設
豊年,ほうねん,honen,duplicate_romaji,kept:芳年,普通名詞,時間
奉納,ほうのう,hono,duplicate_romaji,kept:炎,サ変名詞,抽象物
奔放,ほんぽう,honpo,duplicate_romaji,kept:本舗,ナ形容詞,
本邦,ほんぽう,honpo,duplicate_romaji,kept:本舗,普通名詞,場所-その他
本選,ほんせん,honsen,duplicate_romaji,kept:本線,普通名詞,抽象物
本誌,ほんし,honshi,duplicate_romaji,kept:本紙,普通名詞,人工物-その他;抽象物
本省,ほんしょう,honsho,duplicate_romaji,kept:本書,普通名詞,組織・団体
本当,ほんとう,honto,duplicate_romaji,kept:本島,ナ形容詞,
本当,ほんとう,honto,duplicate_romaji,kept:本島,ナ形容詞,
彫る,ほる,horu,duplicate_romaji,kept:ほうる,動詞,
掘る,ほる,horu,duplicate_romaji,kept:ほうる,動詞,
法師,ほうし,hoshi,duplicate_romaji,kept:星,普通名詞,人
胞子,ほうし,hoshi,duplicate_romaji,kept:星,普通名詞,植物-部位
奉職,ほうしょく,hoshoku,duplicate_romaji,kept:補色,サ変名詞,抽象物
宝飾,ほうしょく,hoshoku,duplicate_romaji,kept:補色,普通名詞,人工物-その他
飽食,ほうしょく,hoshoku,duplicate_romaji,kept:補色,サ変名詞,抽象物
報酬,ほうしゅう,hoshu,duplicate_romaji,kept:法主,普通名詞,人工物-金銭
捕手,ほしゅ,hoshu,duplicate_romaji,kept:法主,普通名詞,人
補習,ほしゅう,hoshu,duplicate_romaji,kept:法主,普通名詞,抽象物
舗装,ほそう,hoso,duplicate_romaji,kept:法曹,サ変名詞,抽象物
百科,ひゃっか,hyakka,duplicate_romaji,kept:百花,普通名詞,抽象物
拍子,ひょうし,hyoshi,duplicate_romaji,kept:表紙,普通名詞,抽象物
遺物,いぶつ,ibutsu,duplicate_romaji,kept:異物,普通名詞,人工物-その他;抽象物
一堂,いちどう,ichido,duplicate_romaji,kept:一同,普通名詞,場所-その他
一期,いちご,ichigo,duplicate_romaji,kept:苺,普通名詞,時間
胃腸,いちょう,icho,duplicate_romaji,kept:銀杏,普通名詞,動物-部位
偉大,いだい,idai,duplicate_romaji,kept:医大,ナ形容詞,
家中,いえじゅう,ieju,duplicate_romaji,kept:家中,普通名詞,場所-その他
囲碁,いご,igo,duplicate_romaji,kept:以後,普通名詞,抽象物
違法,いほう,iho,duplicate_romaji,kept:異邦,ナ形容詞,
委員,いいん,iin,duplicate_romaji,kept:医院,普通名詞,人
異人,いじん,ijin,duplicate_romaji,kept:偉人,普通名詞,人
医科,いか,ika,duplicate_romaji,kept:烏賊,普通名詞,抽象物
粋,いき,iki,duplicate_romaji,kept:息,ナ形容詞,
行き止まり,いきどまり,ikidomari,duplicate_romaji,kept:行き止まり,普通名詞,抽象物
行き掛け,いきがけ,ikigake,duplicate_romaji,kept:行き掛け,普通名詞,抽象物
行き先,いきさき,ikisaki,duplicate_romaji,kept:行き先,普通名詞,場所-その他
遺稿,いこう,iko,duplicate_romaji,kept:以降,普通名詞,抽象物
行く,いく,iku,duplicate_romaji,kept:行く,動詞,
逝く,いく,iku,duplicate_romaji,kept:行く,動詞,
行く先,いくさき,ikusaki,duplicate_romaji,kept:行く先,普通名詞,場所-その他;時間
居間,いま,ima,duplicate_romaji,kept:今,普通名詞,場所-施設
今時,いまどき,imadoki,duplicate_romaji,kept:今どき,時相名詞,時間
陰性,いんせい,insei,duplicate_romaji,kept:院生,ナ形容詞,
飲酒,いんしゅ,inshu,duplicate_romaji,kept:因習,サ変名詞,抽象物
戌,いぬ,inu,duplicate_romaji,kept:犬,普通名詞,場所-機能;時間
異例,いれい,irei,duplicate_romaji,kept:慰霊,ナ形容詞,
射る,いる,iru,duplicate_romaji,kept:煎る,動詞,
居る,いる,iru,duplicate_romaji,kept:煎る,動詞,
要る,いる,iru,duplicate_romaji,kept:煎る,動詞,
鋳る,いる,iru,duplicate_romaji,kept:煎る,動詞,
遺産,いさん,isan,duplicate_romaji,kept:胃酸,普通名詞,人工物-金銭
医師,いし,ishi,duplicate_romaji,kept:石,普通名詞,人
意匠,いしょう,isho,duplicate_romaji,kept:衣装,普通名詞,抽象物
異色,いしょく,ishoku,duplicate_romaji,kept:衣食,ナ形容詞,
悪戯,いたずら,itazura,duplicate_romaji,kept:悪戯,ナ形容詞,
以東,いとう,ito,duplicate_romaji,kept:糸,普通名詞,場所-その他
磁場,じば,jiba,duplicate_romaji,kept:地場,普通名詞,場所-その他
字母,じぼ,jibo,duplicate_romaji,kept:慈母,普通名詞,抽象物
自分,じぶん,jibun,duplicate_romaji,kept:時分,普通名詞,人
自著,じちょ,jicho,duplicate_romaji,kept:次長,普通名詞,抽象物
次代,じだい,jidai,duplicate_romaji,kept:時代,普通名詞,時間
字源,じげん,jigen,duplicate_romaji,kept:時限,普通名詞,抽象物
次女,じじょ,jijo,duplicate_romaji,kept:侍女,普通名詞,人
じか,じか,jika,duplicate_romaji,kept:自家,普通名詞,抽象物
磁界,じかい,jikai,duplicate_romaji,kept:次回,普通名詞,場所-その他
直播き,じかまき,jikamaki,duplicate_romaji,kept:直播き,サ変名詞,抽象物
次官,じかん,jikan,duplicate_romaji,kept:時間,普通名詞,人
字形,じけい,jikei,duplicate_romaji,kept:次兄,普通名詞,形・模様
時機,じき,jiki,duplicate_romaji,kept:時期,普通名詞,時間
次期,じき,jiki,duplicate_romaji,kept:時期,時相名詞,時間
磁器,じき,jiki,duplicate_romaji,kept:時期,普通名詞,人工物-その他
事故,じこ,jiko,duplicate_romaji,kept:自校,普通名詞,抽象物
自国,じこく,jikoku,duplicate_romaji,kept:時刻,普通名詞,場所-その他
字句,じく,jiku,duplicate_romaji,kept:軸,普通名詞,抽象物
靱帯,じんたい,jintai,duplicate_romaji,kept:人体,普通名詞,動物-部位
寺社,じしゃ,jisha,duplicate_romaji,kept:侍者,普通名詞,組織・団体
自社,じしゃ,jisha,duplicate_romaji,kept:侍者,普通名詞,組織・団体
時針,じしん,jishin,duplicate_romaji,kept:地神,普通名詞,人工物-その他
磁針,じしん,jishin,duplicate_romaji,kept:地神,普通名詞,人工物-その他
自身,じしん,jishin,duplicate_romaji,kept:地神,普通名詞,人
字書,じしょ,jisho,duplicate_romaji,kept:地所,普通名詞,抽象物
辞書,じしょ,jisho,duplicate_romaji,kept:地所,普通名詞,抽象物
自習,じしゅう,jishu,duplicate_romaji,kept:次週,サ変名詞,抽象物
実姉,じっし,jisshi,duplicate_romaji,kept:十指,普通名詞,人
実子,じっし,jisshi,duplicate_romaji,kept:十指,普通名詞,人
事典,じてん,jiten,duplicate_romaji,kept:時点,普通名詞,人工物-その他;抽象物
字典,じてん,jiten,duplicate_romaji,kept:時点,普通名詞,人工物-その他;抽象物
次点,じてん,jiten,duplicate_romaji,kept:時点,普通名詞,抽象物
自転,じてん,jiten,duplicate_romaji,kept:時点,サ変名詞,抽象物
辞典,じてん,jiten,duplicate_romaji,kept:時点,普通名詞,人工物-その他;抽象物
自党,じとう,jito,duplicate_romaji,kept:地頭,普通名詞,組織・団体
助演,じょえん,joen,duplicate_romaji,kept:上演,サ変名詞,抽象物
乗法,じょうほう,joho,duplicate_romaji,kept:上方,普通名詞,抽象物
除法,じょほう,joho,duplicate_romaji,kept:上方,普通名詞,抽象物
乗員,じょういん,join,duplicate_romaji,kept:上院,普通名詞,人
情事,じょうじ,joji,duplicate_romaji,kept:常時,普通名詞,抽象物
女児,じょじ,joji,duplicate_romaji,kept:常時,普通名詞,人
上々,じょうじょう,jojo,duplicate_romaji,kept:乗除,ナ形容詞,
抒情,じょじょう,jojo,duplicate_romaji,kept:乗除,普通名詞,抽象物
上巻,じょうかん,jokan,duplicate_romaji,kept:上官,普通名詞,人工物-その他
乗降,じょうこう,joko,duplicate_romaji,kept:上皇,サ変名詞,抽象物
女工,じょこう,joko,duplicate_romaji,kept:上皇,普通名詞,人
徐行,じょこう,joko,duplicate_romaji,kept:上皇,サ変名詞,抽象物
上流,じょうりゅう,joryu,duplicate_romaji,kept:女流,普通名詞,場所-その他
女性,じょせい,josei,duplicate_romaji,kept:女婿,普通名詞,人
除籍,じょせき,joseki,duplicate_romaji,kept:上席,サ変名詞,抽象物
助詞,じょし,joshi,duplicate_romaji,kept:上司,普通名詞,抽象物
女史,じょし,joshi,duplicate_romaji,kept:上司,普通名詞,人
女子,じょし,joshi,duplicate_romaji,kept:上司,普通名詞,人
助手,じょしゅ,joshu,duplicate_romaji,kept:城主,普通名詞,人
助走,じょそう,joso,duplicate_romaji,kept:上層,サ変名詞,抽象物
除数,じょすう,josu,duplicate_romaji,kept:乗数,普通名詞,抽象物
上水,じょうすい,josui,duplicate_romaji,kept:浄水,普通名詞,人工物-その他
常体,じょうたい,jotai,duplicate_romaji,kept:上体,普通名詞,抽象物
浄財,じょうざい,jozai,duplicate_romaji,kept:錠剤,普通名詞,人工物-金銭
十分,じゅうぶん,jubun,duplicate_romaji,kept:重文,ナ形容詞,
重大,じゅうだい,judai,duplicate_romaji,kept:十代,ナ形容詞,
重度,じゅうど,judo,duplicate_romaji,kept:柔道,ナ形容詞,
十字,じゅうじ,juji,duplicate_romaji,kept:住持,普通名詞,形・模様
重厚,じゅうこう,juko,duplicate_romaji,kept:住戸,ナ形容詞,
受講,じゅこう,juko,duplicate_romaji,kept:住戸,サ変名詞,抽象物
熟成,じゅくせい,jukusei,duplicate_romaji,kept:塾生,サ変名詞,抽象物
儒教,じゅきょう,jukyo,duplicate_romaji,kept:住居,普通名詞,抽象物
純情,じゅんじょう,junjo,duplicate_romaji,kept:順序,ナ形容詞,
旬刊,じゅんかん,junkan,duplicate_romaji,kept:旬間,普通名詞,抽象物
重心,じゅうしん,jushin,duplicate_romaji,kept:重臣,普通名詞,場所-機能
重唱,じゅうしょう,jusho,duplicate_romaji,kept:住所,サ変名詞,抽象物
重奏,じゅうそう,juso,duplicate_romaji,kept:重曹,サ変名詞,抽象物
述語,じゅつご,jutsugo,duplicate_romaji,kept:術後,普通名詞,抽象物
過敏,かびん,kabin,duplicate_romaji,kept:花瓶,ナ形容詞,
花鳥,かちょう,kacho,duplicate_romaji,kept:家長,普通名詞,抽象物
課長,かちょう,kacho,duplicate_romaji,kept:家長,普通名詞,人
火中,かちゅう,kachu,duplicate_romaji,kept:渦中,普通名詞,場所-その他
過大,かだい,kadai,duplicate_romaji,kept:課題,ナ形容詞,
果断,かだん,kadan,duplicate_romaji,kept:花壇,ナ形容詞,
歌壇,かだん,kadan,duplicate_romaji,kept:花壇,普通名詞,場所-その他
過度,かど,kado,duplicate_romaji,kept:角,ナ形容詞,
華道,かどう,kado,duplicate_romaji,kept:角,普通名詞,抽象物
顧みる,かえりみる,kaerimiru,duplicate_romaji,kept:省みる,動詞,
代える,かえる,kaeru,duplicate_romaji,kept:蛙,動詞,
変える,かえる,kaeru,duplicate_romaji,kept:蛙,動詞,
孵る,かえる,kaeru,duplicate_romaji,kept:蛙,動詞,
帰る,かえる,kaeru,duplicate_romaji,kept:蛙,動詞,
換える,かえる,kaeru,duplicate_romaji,kept:蛙,動詞,
替える,かえる,kaeru,duplicate_romaji,kept:蛙,動詞,
返る,かえる,kaeru,duplicate_romaji,kept:蛙,動詞,
歌風,かふう,kafu,duplicate_romaji,kept:家風,普通名詞,抽象物
陰,かげ,kage,duplicate_romaji,kept:影,普通名詞,抽象物
過激,かげき,kageki,duplicate_romaji,kept:歌劇,ナ形容詞,
嗅ぐ,かぐ,kagu,duplicate_romaji,kept:家具,動詞,
下方,かほう,kaho,duplicate_romaji,kept:家宝,普通名詞,場所-機能
加法,かほう,kaho,duplicate_romaji,kept:家宝,普通名詞,抽象物
櫂,かい,kai,duplicate_romaji,kept:貝,普通名詞,人工物-その他
飼い葉,かいば,kaiba,duplicate_romaji,kept:海馬,普通名詞,人工物-食べ物
快調,かいちょう,kaicho,duplicate_romaji,kept:会長,ナ形容詞,
開帳,かいちょう,kaicho,duplicate_romaji,kept:会長,サ変名詞,抽象物
懐中,かいちゅう,kaichu,duplicate_romaji,kept:回虫,サ変名詞,抽象物
海中,かいちゅう,kaichu,duplicate_romaji,kept:回虫,普通名詞,場所-自然
怪談,かいだん,kaidan,duplicate_romaji,kept:階段,普通名詞,抽象物
街道,かいどう,kaido,duplicate_romaji,kept:海道,普通名詞,場所-施設
海員,かいいん,kaiin,duplicate_romaji,kept:会員,普通名詞,人
介助,かいじょ,kaijo,duplicate_romaji,kept:会場,サ変名詞,抽象物
海上,かいじょう,kaijo,duplicate_romaji,kept:会場,普通名詞,場所-その他
階上,かいじょう,kaijo,duplicate_romaji,kept:会場,普通名詞,場所-機能
海獣,かいじゅう,kaiju,duplicate_romaji,kept:怪獣,普通名詞,動物
回忌,かいき,kaiki,duplicate_romaji,kept:会期,普通名詞,抽象物
怪奇,かいき,kaiki,duplicate_romaji,kept:会期,ナ形容詞,
開基,かいき,kaiki,duplicate_romaji,kept:会期,普通名詞,抽象物
回航,かいこう,kaiko,duplicate_romaji,kept:蚕,サ変名詞,抽象物
海溝,かいこう,kaiko,duplicate_romaji,kept:蚕,普通名詞,場所-自然
開校,かいこう,kaiko,duplicate_romaji,kept:蚕,サ変名詞,抽象物
開港,かいこう,kaiko,duplicate_romaji,kept:蚕,サ変名詞,抽象物
開講,かいこう,kaiko,duplicate_romaji,kept:蚕,サ変名詞,抽象物
快挙,かいきょ,kaikyo,duplicate_romaji,kept:海峡,普通名詞,抽象物
回教,かいきょう,kaikyo,duplicate_romaji,kept:海峡,普通名詞,抽象物
海面,かいめん,kaimen,duplicate_romaji,kept:海綿,普通名詞,場所-その他
懐炉,かいろ,kairo,duplicate_romaji,kept:回路,普通名詞,人工物-その他
海路,かいろ,kairo,duplicate_romaji,kept:回路,普通名詞,抽象物
回廊,かいろう,kairo,duplicate_romaji,kept:回路,普通名詞,場所-施設部位
懐石,かいせき,kaiseki,duplicate_romaji,kept:会席,普通名詞,人工物-食べ物
解析,かいせき,kaiseki,duplicate_romaji,kept:会席,サ変名詞,抽象物
楷書,かいしょ,kaisho,duplicate_romaji,kept:会所,普通名詞,抽象物
快勝,かいしょう,kaisho,duplicate_romaji,kept:会所,サ変名詞,抽象物
開祖,かいそ,kaiso,duplicate_romaji,kept:海藻,普通名詞,人
回送,かいそう,kaiso,duplicate_romaji,kept:海藻,サ変名詞,抽象物
快走,かいそう,kaiso,duplicate_romaji,kept:海藻,サ変名詞,抽象物
快足,かいそく,kaisoku,duplicate_romaji,kept:快速,普通名詞,抽象物
快投,かいとう,kaito,duplicate_romaji,kept:会頭,サ変名詞,抽象物
解凍,かいとう,kaito,duplicate_romaji,kept:会頭,サ変名詞,抽象物
解答,かいとう,kaito,duplicate_romaji,kept:会頭,サ変名詞,抽象物
家事,かじ,kaji,duplicate_romaji,kept:舵,普通名詞,抽象物
火事,かじ,kaji,duplicate_romaji,kept:舵,普通名詞,抽象物
歌人,かじん,kajin,duplicate_romaji,kept:家人,普通名詞,人
華人,かじん,kajin,duplicate_romaji,kept:家人,普通名詞,人
果実,かじつ,kajitsu,duplicate_romaji,kept:過日,普通名詞,植物-部位
過剰,かじょう,kajo,duplicate_romaji,kept:加除,ナ形容詞,
果汁,かじゅう,kaju,duplicate_romaji,kept:果樹,普通名詞,自然物
過重,かじゅう,kaju,duplicate_romaji,kept:果樹,ナ形容詞,
掛,かかり,kakari,duplicate_romaji,kept:係,普通名詞,抽象物
掛かりきり,かかりきり,kakarikiri,duplicate_romaji,kept:掛かりきり,普通名詞,抽象物
掛かる,かかる,kakaru,duplicate_romaji,kept:罹る,動詞,
家計,かけい,kakei,duplicate_romaji,kept:家系,普通名詞,抽象物
欠ける,かける,kakeru,duplicate_romaji,kept:掛ける,動詞,
駆ける,かける,kakeru,duplicate_romaji,kept:掛ける,動詞,
垣,かき,kaki,duplicate_romaji,kept:柿,普通名詞,場所-施設部位
夏季,かき,kaki,duplicate_romaji,kept:柿,時相名詞,時間
夏期,かき,kaki,duplicate_romaji,kept:柿,時相名詞,時間
火器,かき,kaki,duplicate_romaji,kept:柿,普通名詞,人工物-その他
牡蠣,かき,kaki,duplicate_romaji,kept:柿,普通名詞,動物;人工物-食べ物
花器,かき,kaki,duplicate_romaji,kept:柿,普通名詞,人工物-その他
各戸,かっこ,kakko,duplicate_romaji,kept:郭公,普通名詞,場所-施設
各校,かっこう,kakko,duplicate_romaji,kept:郭公,普通名詞,組織・団体;場所-施設
恰好,かっこう,kakko,duplicate_romaji,kept:郭公,ナ形容詞,
滑降,かっこう,kakko,duplicate_romaji,kept:郭公,サ変名詞,抽象物
過去,かこ,kako,duplicate_romaji,kept:河口,普通名詞,時間
火口,かこう,kako,duplicate_romaji,kept:河口,普通名詞,場所-自然
過酷,かこく,kakoku,duplicate_romaji,kept:苛酷,ナ形容詞,
掻く,かく,kaku,duplicate_romaji,kept:閣,動詞,
書く,かく,kaku,duplicate_romaji,kept:閣,動詞,
欠く,かく,kaku,duplicate_romaji,kept:閣,動詞,
架空,かくう,kaku,duplicate_romaji,kept:閣,ナ形容詞,
格調,かくちょう,kakucho,duplicate_romaji,kept:各庁,普通名詞,抽象物
確実,かくじつ,kakujitsu,duplicate_romaji,kept:隔日,ナ形容詞,
角界,かくかい,kakukai,duplicate_romaji,kept:各界,普通名詞,場所-その他
隠れん坊,かくれんぼう,kakurenbo,duplicate_romaji,kept:隠れん坊,普通名詞,抽象物
各紙,かくし,kakushi,duplicate_romaji,kept:各氏,普通名詞,組織・団体
各誌,かくし,kakushi,duplicate_romaji,kept:各氏,普通名詞,組織・団体
各省,かくしょう,kakusho,duplicate_romaji,kept:各所,普通名詞,組織・団体
佳境,かきょう,kakyo,duplicate_romaji,kept:華僑,普通名詞,場所-その他
架橋,かきょう,kakyo,duplicate_romaji,kept:華僑,サ変名詞,抽象物
釜,かま,kama,duplicate_romaji,kept:窯,普通名詞,人工物-その他
鎌,かま,kama,duplicate_romaji,kept:窯,普通名詞,人工物-その他
かめ,かめ,kame,duplicate_romaji,kept:亀,普通名詞,人工物-その他
紙,かみ,kami,duplicate_romaji,kept:神,普通名詞,人工物-その他
髪,かみ,kami,duplicate_romaji,kept:神,普通名詞,動物-部位
上下,かみしも,kamishimo,duplicate_romaji,kept:裃,普通名詞,場所-機能;抽象物
寡黙,かもく,kamoku,duplicate_romaji,kept:科目,ナ形容詞,
課目,かもく,kamoku,duplicate_romaji,kept:科目,普通名詞,抽象物
患部,かんぶ,kanbu,duplicate_romaji,kept:幹部,普通名詞,場所-その他
官長,かんちょう,kancho,duplicate_romaji,kept:官庁,普通名詞,人
艦長,かんちょう,kancho,duplicate_romaji,kept:官庁,普通名詞,人
館長,かんちょう,kancho,duplicate_romaji,kept:官庁,普通名詞,人
勘当,かんどう,kando,duplicate_romaji,kept:間道,サ変名詞,抽象物
金,かね,kane,duplicate_romaji,kept:鐘,普通名詞,人工物-金銭
漢学,かんがく,kangaku,duplicate_romaji,kept:官学,普通名詞,抽象物
観劇,かんげき,kangeki,duplicate_romaji,kept:間隙,サ変名詞,抽象物
簡易,かんい,kani,duplicate_romaji,kept:蟹,ナ形容詞,
監事,かんじ,kanji,duplicate_romaji,kept:幹事,普通名詞,人
勧進,かんじん,kanjin,duplicate_romaji,kept:漢人,サ変名詞,抽象物
肝心,かんじん,kanjin,duplicate_romaji,kept:漢人,ナ形容詞,
勘定,かんじょう,kanjo,duplicate_romaji,kept:冠状,サ変名詞,人工物-金銭
環状,かんじょう,kanjo,duplicate_romaji,kept:冠状,普通名詞,形・模様
艦上,かんじょう,kanjo,duplicate_romaji,kept:冠状,普通名詞,場所-その他
観光,かんこう,kanko,duplicate_romaji,kept:刊行,サ変名詞,抽象物
完敗,かんぱい,kanpai,duplicate_romaji,kept:乾杯,サ変名詞,抽象物
艦砲,かんぽう,kanpo,duplicate_romaji,kept:官報,普通名詞,人工物-その他
完済,かんさい,kansai,duplicate_romaji,kept:簡裁,サ変名詞,抽象物
幹線,かんせん,kansen,duplicate_romaji,kept:艦船,普通名詞,場所-施設
汗腺,かんせん,kansen,duplicate_romaji,kept:艦船,普通名詞,動物-部位
完勝,かんしょう,kansho,duplicate_romaji,kept:環礁,サ変名詞,抽象物
観賞,かんしょう,kansho,duplicate_romaji,kept:環礁,サ変名詞,抽象物
鑑賞,かんしょう,kansho,duplicate_romaji,kept:環礁,サ変名詞,抽象物
看守,かんしゅ,kanshu,duplicate_romaji,kept:観衆,サ変名詞,人
慣習,かんしゅう,kanshu,duplicate_romaji,kept:観衆,普通名詞,抽象物
監修,かんしゅう,kanshu,duplicate_romaji,kept:観衆,サ変名詞,抽象物
簡素,かんそ,kanso,duplicate_romaji,kept:間奏,ナ形容詞,
完走,かんそう,kanso,duplicate_romaji,kept:間奏,サ変名詞,抽象物
艦隊,かんたい,kantai,duplicate_romaji,kept:寒帯,普通名詞,組織・団体
官邸,かんてい,kantei,duplicate_romaji,kept:艦艇,普通名詞,場所-施設
完投,かんとう,kanto,duplicate_romaji,kept:巻頭,サ変名詞,抽象物
敢闘,かんとう,kanto,duplicate_romaji,kept:巻頭,サ変名詞,抽象物
肝要,かんよう,kanyo,duplicate_romaji,kept:寛容,ナ形容詞,
空,から,kara,duplicate_romaji,kept:殻,普通名詞,抽象物
枯らす,からす,karasu,duplicate_romaji,kept:烏,動詞,
加齢,かれい,karei,duplicate_romaji,kept:鰈,サ変名詞,抽象物
華麗,かれい,karei,duplicate_romaji,kept:鰈,ナ形容詞,
刈り入れ,かりいれ,kariire,duplicate_romaji,kept:借入,サ変名詞,抽象物
狩る,かる,karu,duplicate_romaji,kept:刈る,動詞,
駆る,かる,karu,duplicate_romaji,kept:刈る,動詞,
笠,かさ,kasa,duplicate_romaji,kept:傘,普通名詞,人工物-その他
火災,かさい,kasai,duplicate_romaji,kept:家裁,普通名詞,抽象物
家政,かせい,kasei,duplicate_romaji,kept:火星,普通名詞,抽象物
化繊,かせん,kasen,duplicate_romaji,kept:河川,普通名詞,人工物-その他
架線,かせん,kasen,duplicate_romaji,kept:河川,サ変名詞,人工物-その他
下肢,かし,kashi,duplicate_romaji,kept:樫,普通名詞,動物-部位
歌詞,かし,kashi,duplicate_romaji,kept:樫,普通名詞,抽象物
菓子,かし,kashi,duplicate_romaji,kept:樫,普通名詞,人工物-食べ物
花神,かしん,kashin,duplicate_romaji,kept:家臣,普通名詞,人
箇所,かしょ,kasho,duplicate_romaji,kept:華商,普通名詞,場所-その他;数量
歌唱,かしょう,kasho,duplicate_romaji,kept:華商,サ変名詞,抽象物
過小,かしょう,kasho,duplicate_romaji,kept:華商,ナ形容詞,
過少,かしょう,kasho,duplicate_romaji,kept:華商,ナ形容詞,
歌集,かしゅう,kashu,duplicate_romaji,kept:歌手,普通名詞,人工物-その他
過疎,かそ,kaso,duplicate_romaji,kept:下層,ナ形容詞,
仮装,かそう,kaso,duplicate_romaji,kept:下層,サ変名詞,抽象物
活写,かっしゃ,kassha,duplicate_romaji,kept:滑車,サ変名詞,抽象物
化す,かす,kasu,duplicate_romaji,kept:かす,動詞,
貸す,かす,kasu,duplicate_romaji,kept:かす,動詞,
型,かた,kata,duplicate_romaji,kept:潟,普通名詞,人工物-その他
形,かた,kata,duplicate_romaji,kept:潟,普通名詞,形・模様
方,かた,kata,duplicate_romaji,kept:潟,普通名詞,抽象物
片,かた,kata,duplicate_romaji,kept:潟,普通名詞,抽象物
肩,かた,kata,duplicate_romaji,kept:潟,普通名詞,動物-部位
過多,かた,kata,duplicate_romaji,kept:潟,ナ形容詞,
難い,かたい,katai,duplicate_romaji,kept:堅い,イ形容詞,
肩身,かたみ,katami,duplicate_romaji,kept:形見,普通名詞,動物-部位
課程,かてい,katei,duplicate_romaji,kept:家庭,普通名詞,抽象物
かつら,かつら,katsura,duplicate_romaji,kept:桂,普通名詞,人工物-その他
飼う,かう,kau,duplicate_romaji,kept:買う,動詞,
河,かわ,kawa,duplicate_romaji,kept:川,普通名詞,場所-自然
皮,かわ,kawa,duplicate_romaji,kept:川,普通名詞,動物-部位;植物-部位
革,かわ,kawa,duplicate_romaji,kept:川,普通名詞,人工物-その他
渇く,かわく,kawaku,duplicate_romaji,kept:乾く,動詞,
瓦,かわら,kawara,duplicate_romaji,kept:河原,普通名詞,人工物-その他
変わる,かわる,kawaru,duplicate_romaji,kept:代わる,動詞,
換わる,かわる,kawaru,duplicate_romaji,kept:代わる,動詞,
替わる,かわる,kawaru,duplicate_romaji,kept:代わる,動詞,
交わす,かわす,kawasu,duplicate_romaji,kept:躱す,動詞,
歌謡,かよう,kayo,duplicate_romaji,kept:火曜,普通名詞,抽象物
華族,かぞく,kazoku,duplicate_romaji,kept:家族,普通名詞,組織・団体
頚部,けいぶ,keibu,duplicate_romaji,kept:警部,普通名詞,動物-部位
経路,けいろ,keiro,duplicate_romaji,kept:毛色,普通名詞,場所-その他
敬老,けいろう,keiro,duplicate_romaji,kept:毛色,普通名詞,抽象物
警視,けいし,keishi,duplicate_romaji,kept:罫紙,普通名詞,人
軽装,けいそう,keiso,duplicate_romaji,kept:勁草,サ変名詞,抽象物
形態,けいたい,keitai,duplicate_romaji,kept:携帯,普通名詞,形・模様
敬体,けいたい,keitai,duplicate_romaji,kept:携帯,普通名詞,抽象物
毛糸,けいと,keito,duplicate_romaji,kept:鶏頭,普通名詞,人工物-その他
継投,けいとう,keito,duplicate_romaji,kept:鶏頭,サ変名詞,抽象物
経由,けいゆ,keiyu,duplicate_romaji,kept:軽油,サ変名詞,抽象物
結構,けっこう,kekko,duplicate_romaji,kept:欠航,ナ形容詞,
獣,けもの,kemono,duplicate_romaji,kept:獣,普通名詞,動物
拳,けん,ken,duplicate_romaji,kept:剣 (manual_include),普通名詞,動物-部位
腱,けん,ken,duplicate_romaji,kept:拳,普通名詞,動物-部位
顕著,けんちょ,kencho,duplicate_romaji,kept:県鳥,ナ形容詞,
堅調,けんちょう,kencho,duplicate_romaji,kept:県鳥,ナ形容詞,
県庁,けんちょう,kencho,duplicate_romaji,kept:県鳥,普通名詞,組織・団体;場所-施設
剣道,けんどう,kendo,duplicate_romaji,kept:県道,普通名詞,抽象物
堅固,けんご,kengo,duplicate_romaji,kept:剣豪,ナ形容詞,
牽引,けんいん,kenin,duplicate_romaji,kept:検印,サ変名詞,抽象物
堅陣,けんじん,kenjin,duplicate_romaji,kept:賢人,普通名詞,場所-その他
献花,けんか,kenka,duplicate_romaji,kept:県花,サ変名詞,抽象物
県下,けんか,kenka,duplicate_romaji,kept:県花,普通名詞,場所-その他
謙虚,けんきょ,kenkyo,duplicate_romaji,kept:県境,ナ形容詞,
賢明,けんめい,kenmei,duplicate_romaji,kept:懸命,ナ形容詞,
拳法,けんぽう,kenpo,duplicate_romaji,kept:健保,普通名詞,抽象物
検札,けんさつ,kensatsu,duplicate_romaji,kept:検察,サ変名詞,抽象物
犬歯,けんし,kenshi,duplicate_romaji,kept:剣士,普通名詞,動物-部位
健勝,けんしょう,kensho,duplicate_romaji,kept:顕正,ナ形容詞,
研修,けんしゅう,kenshu,duplicate_romaji,kept:堅守,サ変名詞,抽象物
健闘,けんとう,kento,duplicate_romaji,kept:拳闘,サ変名詞,抽象物
健在,けんざい,kenzai,duplicate_romaji,kept:建材,ナ形容詞,
検算,けんざん,kenzan,duplicate_romaji,kept:剣山,普通名詞,抽象物
今朝,けさ,kesa,duplicate_romaji,kept:袈裟,時相名詞,時間
傑作,けっさく,kessaku,duplicate_romaji,kept:傑作,ナ形容詞,
木場,きば,kiba,duplicate_romaji,kept:牙,普通名詞,場所-その他
危地,きち,kichi,duplicate_romaji,kept:基地,普通名詞,場所-その他
既知,きち,kichi,duplicate_romaji,kept:基地,ナ形容詞,
貴重,きちょう,kicho,duplicate_romaji,kept:機長,ナ形容詞,
忌中,きちゅう,kichu,duplicate_romaji,kept:機中,時相名詞,抽象物
気道,きどう,kido,duplicate_romaji,kept:木戸,普通名詞,動物-部位
軌道,きどう,kido,duplicate_romaji,kept:木戸,普通名詞,場所-施設;抽象物
棋風,きふう,kifu,duplicate_romaji,kept:棋譜,普通名詞,抽象物
紀元,きげん,kigen,duplicate_romaji,kept:期限,普通名詞,時間
機具,きぐ,kigu,duplicate_romaji,kept:器具,普通名詞,人工物-その他
木地,きじ,kiji,duplicate_romaji,kept:雉,普通名詞,人工物-その他
生地,きじ,kiji,duplicate_romaji,kept:雉,普通名詞,人工物-その他
機上,きじょう,kijo,duplicate_romaji,kept:机上,普通名詞,場所-その他
気丈,きじょう,kijo,duplicate_romaji,kept:机上,ナ形容詞,
騎乗,きじょう,kijo,duplicate_romaji,kept:机上,サ変名詞,抽象物
奇怪,きかい,kikai,duplicate_romaji,kept:器械,ナ形容詞,
棋界,きかい,kikai,duplicate_romaji,kept:器械,普通名詞,抽象物
機会,きかい,kikai,duplicate_romaji,kept:器械,普通名詞,時間
機械,きかい,kikai,duplicate_romaji,kept:器械,普通名詞,人工物-その他
器官,きかん,kikan,duplicate_romaji,kept:期間,普通名詞,動物-部位
季刊,きかん,kikan,duplicate_romaji,kept:期間,普通名詞,抽象物
既刊,きかん,kikan,duplicate_romaji,kept:期間,普通名詞,抽象物
機関,きかん,kikan,duplicate_romaji,kept:期間,普通名詞,組織・団体
気管,きかん,kikan,duplicate_romaji,kept:期間,普通名詞,動物-部位
危険,きけん,kiken,duplicate_romaji,kept:棄権,ナ形容詞,
器機,きき,kiki,duplicate_romaji,kept:危機,普通名詞,人工物-その他
寄金,ききん,kikin,duplicate_romaji,kept:基金,普通名詞,人工物-金銭;抽象物
寄港,きこう,kiko,duplicate_romaji,kept:気孔,サ変名詞,抽象物
帰港,きこう,kiko,duplicate_romaji,kept:気孔,サ変名詞,抽象物
帰航,きこう,kiko,duplicate_romaji,kept:気孔,サ変名詞,抽象物
機構,きこう,kiko,duplicate_romaji,kept:気孔,普通名詞,組織・団体
紀行,きこう,kiko,duplicate_romaji,kept:気孔,普通名詞,抽象物
帰国,きこく,kikoku,duplicate_romaji,kept:貴国,サ変名詞,抽象物
既婚,きこん,kikon,duplicate_romaji,kept:気根,普通名詞,抽象物
利く,きく,kiku,duplicate_romaji,kept:菊,動詞,
効く,きく,kiku,duplicate_romaji,kept:菊,動詞,
聞く,きく,kiku,duplicate_romaji,kept:菊,動詞,
聴く,きく,kiku,duplicate_romaji,kept:菊,動詞,
起居,ききょ,kikyo,duplicate_romaji,kept:桔梗,サ変名詞,抽象物
帰京,ききょう,kikyo,duplicate_romaji,kept:桔梗,サ変名詞,抽象物
帰郷,ききょう,kikyo,duplicate_romaji,kept:桔梗,サ変名詞,抽象物
君,きみ,kimi,duplicate_romaji,kept:黄身,普通名詞,人
気門,きもん,kimon,duplicate_romaji,kept:鬼門,普通名詞,動物-部位
近海,きんかい,kinkai,duplicate_romaji,kept:金塊,普通名詞,場所-その他
金管,きんかん,kinkan,duplicate_romaji,kept:金柑,普通名詞,人工物-その他
金券,きんけん,kinken,duplicate_romaji,kept:近県,普通名詞,人工物-金銭
金庫,きんこ,kinko,duplicate_romaji,kept:金鉱,普通名詞,人工物-その他
近郊,きんこう,kinko,duplicate_romaji,kept:金鉱,普通名詞,場所-その他
禁猟区,きんりょうく,kinryoku,duplicate_romaji,kept:禁漁区,普通名詞,場所-その他
筋力,きんりょく,kinryoku,duplicate_romaji,kept:禁漁区,普通名詞,抽象物
近世,きんせい,kinsei,duplicate_romaji,kept:金星,普通名詞,時間
金銭,きんせん,kinsen,duplicate_romaji,kept:琴線,普通名詞,人工物-金銭
金糸,きんし,kinshi,duplicate_romaji,kept:菌糸,普通名詞,人工物-その他
嫌い,きらい,kirai,duplicate_romaji,kept:機雷,ナ形容詞,
錐,きり,kiri,duplicate_romaji,kept:桐,普通名詞,人工物-その他
霧,きり,kiri,duplicate_romaji,kept:桐,普通名詞,抽象物
帰路,きろ,kiro,duplicate_romaji,kept:岐路,普通名詞,場所-その他
斬る,きる,kiru,duplicate_romaji,kept:切る,動詞,
着る,きる,kiru,duplicate_romaji,kept:切る,動詞,
帰省,きせい,kisei,duplicate_romaji,kept:棋聖,サ変名詞,抽象物
機先,きせん,kisen,duplicate_romaji,kept:汽船,普通名詞,時間
記者,きしゃ,kisha,duplicate_romaji,kept:汽車,普通名詞,人
棋士,きし,kishi,duplicate_romaji,kept:岸,普通名詞,人
騎士,きし,kishi,duplicate_romaji,kept:岸,普通名詞,人
起床,きしょう,kisho,duplicate_romaji,kept:記章,サ変名詞,抽象物
機首,きしゅ,kishu,duplicate_romaji,kept:旗手,普通名詞,人工物-その他
騎手,きしゅ,kishu,duplicate_romaji,kept:旗手,普通名詞,人
機体,きたい,kitai,duplicate_romaji,kept:気体,普通名詞,人工物-その他
起点,きてん,kiten,duplicate_romaji,kept:基点,普通名詞,場所-機能
帰途,きと,kito,duplicate_romaji,kept:気筒,普通名詞,場所-その他
祈祷,きとう,kito,duplicate_romaji,kept:気筒,サ変名詞,抽象物
究める,きわめる,kiwameru,duplicate_romaji,kept:極める,動詞,
窮める,きわめる,kiwameru,duplicate_romaji,kept:極める,動詞,
器用,きよう,kiyo,duplicate_romaji,kept:紀要,ナ形容詞,
機材,きざい,kizai,duplicate_romaji,kept:器材,普通名詞,人工物-その他
購買,こうばい,kobai,duplicate_romaji,kept:紅梅,サ変名詞,抽象物
交番,こうばん,koban,duplicate_romaji,kept:鋼板,サ変名詞,場所-施設
降板,こうばん,koban,duplicate_romaji,kept:鋼板,サ変名詞,抽象物
小判,こばん,koban,duplicate_romaji,kept:鋼板,普通名詞,人工物-金銭
工房,こうぼう,kobo,duplicate_romaji,kept:酵母,普通名詞,場所-施設
公僕,こうぼく,koboku,duplicate_romaji,kept:高木,普通名詞,人
零れる,こぼれる,koboreru,duplicate_romaji,kept:毀れる,動詞,
古文,こぶん,kobun,duplicate_romaji,kept:子分,普通名詞,抽象物
鉱物,こうぶつ,kobutsu,duplicate_romaji,kept:好物,普通名詞,自然物
古物,こぶつ,kobutsu,duplicate_romaji,kept:好物,普通名詞,人工物-その他
高地,こうち,kochi,duplicate_romaji,kept:耕地,普通名詞,場所-その他
好調,こうちょう,kocho,duplicate_romaji,kept:校長,ナ形容詞,
巧打,こうだ,koda,duplicate_romaji,kept:好打,サ変名詞,抽象物
広大,こうだい,kodai,duplicate_romaji,kept:古代,ナ形容詞,
誇大,こだい,kodai,duplicate_romaji,kept:古代,ナ形容詞,
講談,こうだん,kodan,duplicate_romaji,kept:公団,普通名詞,抽象物
高度,こうど,kodo,duplicate_romaji,kept:公道,ナ形容詞,
坑道,こうどう,kodo,duplicate_romaji,kept:公道,普通名詞,場所-施設
講堂,こうどう,kodo,duplicate_romaji,kept:公道,普通名詞,場所-施設
声,こえ,koe,duplicate_romaji,kept:肥,普通名詞,抽象物
光栄,こうえい,koei,duplicate_romaji,kept:後衛,ナ形容詞,
公演,こうえん,koen,duplicate_romaji,kept:公園,サ変名詞,抽象物
好演,こうえん,koen,duplicate_romaji,kept:公園,サ変名詞,抽象物
講演,こうえん,koen,duplicate_romaji,kept:公園,サ変名詞,抽象物
超える,こえる,koeru,duplicate_romaji,kept:肥える,動詞,
越える,こえる,koeru,duplicate_romaji,kept:肥える,動詞,
古風,こふう,kofu,duplicate_romaji,kept:校風,ナ形容詞,
子飼い,こがい,kogai,duplicate_romaji,kept:郊外,普通名詞,抽象物
戸外,こがい,kogai,duplicate_romaji,kept:郊外,普通名詞,場所-その他
高額,こうがく,kogaku,duplicate_romaji,kept:工学,ナ形容詞,
古楽,こがく,kogaku,duplicate_romaji,kept:工学,普通名詞,抽象物
厚顔,こうがん,kogan,duplicate_romaji,kept:湖岸,ナ形容詞,
膠原,こうげん,kogen,duplicate_romaji,kept:抗原,普通名詞,自然物
高原,こうげん,kogen,duplicate_romaji,kept:抗原,普通名詞,場所-自然
古豪,こごう,kogo,duplicate_romaji,kept:皇后,普通名詞,人
皇宮,こうぐう,kogu,duplicate_romaji,kept:工具,普通名詞,場所-施設
漕ぐ,こぐ,kogu,duplicate_romaji,kept:工具,動詞,
孤軍,こぐん,kogun,duplicate_romaji,kept:皇軍,普通名詞,組織・団体
紅白,こうはく,kohaku,duplicate_romaji,kept:琥珀,普通名詞,形・模様
広範,こうはん,kohan,duplicate_romaji,kept:湖畔,ナ形容詞,
後半,こうはん,kohan,duplicate_romaji,kept:湖畔,時相名詞,時間
工費,こうひ,kohi,duplicate_romaji,kept:公費,普通名詞,人工物-金銭
航法,こうほう,koho,duplicate_romaji,kept:後方,普通名詞,抽象物
恋,こい,koi,duplicate_romaji,kept:鯉,普通名詞,抽象物
濃い,こい,koi,duplicate_romaji,kept:鯉,イ形容詞,
好意,こうい,koi,duplicate_romaji,kept:鯉,普通名詞,抽象物
校医,こうい,koi,duplicate_romaji,kept:鯉,普通名詞,人
工員,こういん,koin,duplicate_romaji,kept:公印,普通名詞,人
行員,こういん,koin,duplicate_romaji,kept:公印,普通名詞,人
孤児,こじ,koji,duplicate_romaji,kept:麹,普通名詞,人
居士,こじ,koji,duplicate_romaji,kept:麹,普通名詞,人
故事,こじ,koji,duplicate_romaji,kept:麹,普通名詞,抽象物
工人,こうじん,kojin,duplicate_romaji,kept:公人,普通名詞,人
個人,こじん,kojin,duplicate_romaji,kept:公人,普通名詞,人
古人,こじん,kojin,duplicate_romaji,kept:公人,普通名詞,人
故人,こじん,kojin,duplicate_romaji,kept:公人,普通名詞,人
恒常,こうじょう,kojo,duplicate_romaji,kept:工場,普通名詞,時間
湖上,こじょう,kojo,duplicate_romaji,kept:工場,普通名詞,場所-その他
工科,こうか,koka,duplicate_romaji,kept:硬貨,普通名詞,抽象物
校歌,こうか,koka,duplicate_romaji,kept:硬貨,普通名詞,抽象物
高価,こうか,koka,duplicate_romaji,kept:硬貨,ナ形容詞,
航海,こうかい,kokai,duplicate_romaji,kept:公海,サ変名詞,抽象物
公刊,こうかん,kokan,duplicate_romaji,kept:公館,サ変名詞,抽象物
鋼管,こうかん,kokan,duplicate_romaji,kept:公館,普通名詞,人工物-その他
高官,こうかん,kokan,duplicate_romaji,kept:公館,普通名詞,人
転ける,こける,kokeru,duplicate_romaji,kept:痩ける,動詞,
好機,こうき,koki,duplicate_romaji,kept:後期,普通名詞,時間
工期,こうき,koki,duplicate_romaji,kept:後期,普通名詞,時間
校旗,こうき,koki,duplicate_romaji,kept:後期,普通名詞,人工物-その他
高貴,こうき,koki,duplicate_romaji,kept:後期,ナ形容詞,
古希,こき,koki,duplicate_romaji,kept:後期,普通名詞,時間
国家,こっか,kokka,duplicate_romaji,kept:国花,普通名詞,組織・団体
滑稽,こっけい,kokkei,duplicate_romaji,kept:国警,ナ形容詞,
国教,こっきょう,kokkyo,duplicate_romaji,kept:国境,普通名詞,抽象物
公庫,こうこ,koko,duplicate_romaji,kept:口腔,普通名詞,組織・団体
孝行,こうこう,koko,duplicate_romaji,kept:口腔,サ変名詞,抽象物
孝行,こうこう,koko,duplicate_romaji,kept:口腔,ナ形容詞,
後攻,こうこう,koko,duplicate_romaji,kept:口腔,サ変名詞,抽象物
航行,こうこう,koko,duplicate_romaji,kept:口腔,サ変名詞,抽象物
高校,こうこう,koko,duplicate_romaji,kept:口腔,普通名詞,組織・団体;場所-施設
孤高,ここう,koko,duplicate_romaji,kept:口腔,ナ形容詞,
故国,ここく,kokoku,duplicate_romaji,kept:広告,普通名詞,場所-その他
校区,こうく,koku,duplicate_romaji,kept:高空,普通名詞,場所-その他
航空,こうくう,koku,duplicate_romaji,kept:高空,普通名詞,抽象物
酷,こく,koku,duplicate_romaji,kept:高空,ナ形容詞,
穀雨,こくう,koku,duplicate_romaji,kept:高空,時相名詞,時間
国土,こくど,kokudo,duplicate_romaji,kept:国道,普通名詞,場所-その他
国保,こくほ,kokuho,duplicate_romaji,kept:国宝,普通名詞,抽象物
交響,こうきょう,kokyo,duplicate_romaji,kept:皇居,サ変名詞,抽象物
故郷,こきょう,kokyo,duplicate_romaji,kept:皇居,普通名詞,場所-その他
後宮,こうきゅう,kokyu,duplicate_romaji,kept:好球,普通名詞,場所-施設
恒久,こうきゅう,kokyu,duplicate_romaji,kept:好球,普通名詞,時間
硬球,こうきゅう,kokyu,duplicate_romaji,kept:好球,普通名詞,人工物-その他
高級,こうきゅう,kokyu,duplicate_romaji,kept:好球,ナ形容詞,
故宮,こきゅう,kokyu,duplicate_romaji,kept:好球,普通名詞,場所-施設
胡弓,こきゅう,kokyu,duplicate_romaji,kept:好球,普通名詞,人工物-その他
独楽,こま,koma,duplicate_romaji,kept:駒,普通名詞,人工物-その他
拱く,こまねく,komaneku,duplicate_romaji,kept:拱く,動詞,
公明,こうめい,komei,duplicate_romaji,kept:校名,ナ形容詞,
高名,こうめい,komei,duplicate_romaji,kept:校名,ナ形容詞,
顧問,こもん,komon,duplicate_romaji,kept:校門,普通名詞,人
子守り,こもり,komori,duplicate_romaji,kept:蝙蝠,普通名詞,抽象物
込もる,こもる,komoru,duplicate_romaji,kept:籠る,動詞,
幸運,こううん,kon,duplicate_romaji,kept:紺 (manual_include),ナ形容詞,
混紡,こんぼう,konbo,duplicate_romaji,kept:棍棒,普通名詞,人工物-その他
金堂,こんどう,kondo,duplicate_romaji,kept:今度,普通名詞,場所-施設
金銅,こんどう,kondo,duplicate_romaji,kept:今度,普通名詞,人工物-その他
金剛,こんごう,kongo,duplicate_romaji,kept:今後,普通名詞,人工物-その他
今季,こんき,konki,duplicate_romaji,kept:耕運機,時相名詞,時間
今期,こんき,konki,duplicate_romaji,kept:耕運機,時相名詞,時間
懇切,こんせつ,konsetsu,duplicate_romaji,kept:今節,ナ形容詞,
購入,こうにゅう,konyu,duplicate_romaji,kept:今夕,サ変名詞,抽象物
懲らす,こらす,korasu,duplicate_romaji,kept:凝らす,動詞,
氷,こおり,kori,duplicate_romaji,kept:行李,普通名詞,抽象物
懲り懲り,こりごり,korigori,duplicate_romaji,kept:懲り懲り,ナ形容詞,
降臨,こうりん,korin,duplicate_romaji,kept:後輪,サ変名詞,抽象物
高率,こうりつ,koritsu,duplicate_romaji,kept:公立,ナ形容詞,
航路,こうろ,koro,duplicate_romaji,kept:頃,普通名詞,場所-その他
香炉,こうろ,koro,duplicate_romaji,kept:頃,普通名詞,人工物-その他
高炉,こうろ,koro,duplicate_romaji,kept:頃,普通名詞,場所-施設
古老,ころう,koro,duplicate_romaji,kept:頃,普通名詞,人
凝る,こる,koru,duplicate_romaji,kept:凍る,動詞,
公正,こうせい,kosei,duplicate_romaji,kept:恒星,ナ形容詞,
後世,こうせい,kosei,duplicate_romaji,kept:恒星,普通名詞,時間
校正,こうせい,kosei,duplicate_romaji,kept:恒星,サ変名詞,抽象物
航跡,こうせき,koseki,duplicate_romaji,kept:鉱石,普通名詞,人工物-その他
戸籍,こせき,koseki,duplicate_romaji,kept:鉱石,普通名詞,抽象物
高専,こうせん,kosen,duplicate_romaji,kept:鉱泉,普通名詞,組織・団体;場所-施設
黄泉,こうせん,kosen,duplicate_romaji,kept:鉱泉,普通名詞,場所-その他
公社,こうしゃ,kosha,duplicate_romaji,kept:公舎,普通名詞,組織・団体
巧者,こうしゃ,kosha,duplicate_romaji,kept:公舎,普通名詞,人
校舎,こうしゃ,kosha,duplicate_romaji,kept:公舎,普通名詞,場所-施設
降車,こうしゃ,kosha,duplicate_romaji,kept:公舎,サ変名詞,抽象物
公爵,こうしゃく,koshaku,duplicate_romaji,kept:侯爵,普通名詞,人
講釈,こうしゃく,koshaku,duplicate_romaji,kept:侯爵,サ変名詞,抽象物
公使,こうし,koshi,duplicate_romaji,kept:輿,普通名詞,人
公司,こうし,koshi,duplicate_romaji,kept:輿,普通名詞,組織・団体;場所-施設
校史,こうし,koshi,duplicate_romaji,kept:輿,普通名詞,抽象物
格子,こうし,koshi,duplicate_romaji,kept:輿,普通名詞,形・模様
講師,こうし,koshi,duplicate_romaji,kept:輿,普通名詞,人
古紙,こし,koshi,duplicate_romaji,kept:輿,普通名詞,人工物-その他
腰,こし,koshi,duplicate_romaji,kept:輿,普通名詞,動物-部位;抽象物
公式,こうしき,koshiki,duplicate_romaji,kept:公式,ナ形容詞,
硬式,こうしき,koshiki,duplicate_romaji,kept:公式,普通名詞,抽象物
後進,こうしん,koshin,duplicate_romaji,kept:庚申,サ変名詞,人
皇室,こうしつ,koshitsu,duplicate_romaji,kept:公室,普通名詞,組織・団体
個室,こしつ,koshitsu,duplicate_romaji,kept:公室,普通名詞,場所-施設
高所,こうしょ,kosho,duplicate_romaji,kept:鉱床,普通名詞,場所-その他
校章,こうしょう,kosho,duplicate_romaji,kept:鉱床,普通名詞,人工物-その他
高尚,こうしょう,kosho,duplicate_romaji,kept:鉱床,ナ形容詞,
古書,こしょ,kosho,duplicate_romaji,kept:鉱床,普通名詞,人工物-その他;抽象物
湖沼,こしょう,kosho,duplicate_romaji,kept:鉱床,普通名詞,場所-自然
胡椒,こしょう,kosho,duplicate_romaji,kept:鉱床,普通名詞,植物;人工物-食べ物
好守,こうしゅ,koshu,duplicate_romaji,kept:好手,サ変名詞,抽象物
攻守,こうしゅ,koshu,duplicate_romaji,kept:好手,普通名詞,抽象物
公衆,こうしゅう,koshu,duplicate_romaji,kept:好手,普通名詞,人
講習,こうしゅう,koshu,duplicate_romaji,kept:好手,サ変名詞,抽象物
好走,こうそう,koso,duplicate_romaji,kept:酵素,サ変名詞,抽象物
高僧,こうそう,koso,duplicate_romaji,kept:酵素,普通名詞,人
高速,こうそく,kosoku,duplicate_romaji,kept:校則,ナ形容詞,
姑息,こそく,kosoku,duplicate_romaji,kept:校則,ナ形容詞,
超す,こす,kosu,duplicate_romaji,kept:漉す,動詞,
越す,こす,kosu,duplicate_romaji,kept:漉す,動詞,
香水,こうすい,kosui,duplicate_romaji,kept:硬水,普通名詞,人工物-その他
湖水,こすい,kosui,duplicate_romaji,kept:硬水,普通名詞,自然物
答える,こたえる,kotaeru,duplicate_romaji,kept:応える,動詞,
固体,こたい,kotai,duplicate_romaji,kept:抗体,普通名詞,自然物
公邸,こうてい,kotei,duplicate_romaji,kept:湖底,普通名詞,場所-施設
校庭,こうてい,kotei,duplicate_romaji,kept:湖底,普通名詞,場所-施設
皇帝,こうてい,kotei,duplicate_romaji,kept:湖底,普通名詞,人
高弟,こうてい,kotei,duplicate_romaji,kept:湖底,普通名詞,人
個展,こてん,koten,duplicate_romaji,kept:後転,普通名詞,抽象物
古典,こてん,koten,duplicate_romaji,kept:後転,普通名詞,抽象物
公党,こうとう,koto,duplicate_romaji,kept:孤島,普通名詞,組織・団体
口頭,こうとう,koto,duplicate_romaji,kept:孤島,普通名詞,動物-部位
好投,こうとう,koto,duplicate_romaji,kept:孤島,サ変名詞,抽象物
高等,こうとう,koto,duplicate_romaji,kept:孤島,ナ形容詞,
事,こと,koto,duplicate_romaji,kept:孤島,普通名詞,抽象物
古都,こと,koto,duplicate_romaji,kept:孤島,普通名詞,場所-その他
琴,こと,koto,duplicate_romaji,kept:孤島,普通名詞,人工物-その他
請う,こう,kou,duplicate_romaji,kept:恋う,動詞,
紺屋,こうや,koya,duplicate_romaji,kept:荒野,普通名詞,組織・団体
小屋,こや,koya,duplicate_romaji,kept:荒野,普通名詞,場所-施設
子役,こやく,koyaku,duplicate_romaji,kept:膏薬,普通名詞,人
孝養,こうよう,koyo,duplicate_romaji,kept:紅葉,サ変名詞,抽象物
黄葉,こうよう,koyo,duplicate_romaji,kept:紅葉,サ変名詞,植物-部位;抽象物
校友,こうゆう,koyu,duplicate_romaji,kept:交友,普通名詞,人
固有,こゆう,koyu,duplicate_romaji,kept:交友,ナ形容詞,
講座,こうざ,koza,duplicate_romaji,kept:口座,普通名詞,抽象物
高座,こうざ,koza,duplicate_romaji,kept:口座,普通名詞,場所-その他
高山,こうざん,kozan,duplicate_romaji,kept:鉱山,普通名詞,場所-自然
小僧,こぞう,kozo,duplicate_romaji,kept:楮,普通名詞,人
口無し,くちなし,kuchinashi,duplicate_romaji,kept:梔子,普通名詞,植物
区長,くちょう,kucho,duplicate_romaji,kept:空調,普通名詞,人
空域,くういき,kuiki,duplicate_romaji,kept:区域,普通名詞,場所-その他
区間,くかん,kukan,duplicate_romaji,kept:空間,普通名詞,場所-機能
茎,くき,kuki,duplicate_romaji,kept:空気,普通名詞,植物-部位
蜘蛛,くも,kumo,duplicate_romaji,kept:雲,普通名詞,動物
組む,くむ,kumu,duplicate_romaji,kept:汲む,動詞,
鞍,くら,kura,duplicate_romaji,kept:蔵,普通名詞,人工物-その他
暗い,くらい,kurai,duplicate_romaji,kept:位,イ形容詞,
暮れる,くれる,kureru,duplicate_romaji,kept:くれる,動詞,
庫裏,くり,kuri,duplicate_romaji,kept:栗,普通名詞,場所-施設
空路,くうろ,kuro,duplicate_romaji,kept:黒,普通名詞,場所-その他
繰る,くる,kuru,duplicate_romaji,kept:刳る,動詞,
櫛,くし,kushi,duplicate_romaji,kept:串,普通名詞,人工物-その他
鍬,くわ,kuwa,duplicate_romaji,kept:桑,普通名詞,人工物-その他
銜える,くわえる,kuwaeru,duplicate_romaji,kept:加える,動詞,
今日,きょう,kyo,duplicate_romaji,kept:卿,時相名詞,時間
供応,きょうおう,kyo,duplicate_romaji,kept:卿,サ変名詞,抽象物
強大,きょうだい,kyodai,duplicate_romaji,kept:兄弟,ナ形容詞,
鏡台,きょうだい,kyodai,duplicate_romaji,kept:兄弟,普通名詞,人工物-その他
巨大,きょだい,kyodai,duplicate_romaji,kept:兄弟,ナ形容詞,
教団,きょうだん,kyodan,duplicate_romaji,kept:凶弾,普通名詞,組織・団体
教壇,きょうだん,kyodan,duplicate_romaji,kept:凶弾,普通名詞,場所-その他
強度,きょうど,kyodo,duplicate_romaji,kept:郷土,ナ形容詞,
共演,きょうえん,kyoen,duplicate_romaji,kept:饗宴,サ変名詞,抽象物
競演,きょうえん,kyoen,duplicate_romaji,kept:饗宴,サ変名詞,抽象物
共学,きょうがく,kyogaku,duplicate_romaji,kept:教学,サ変名詞,抽象物
巨額,きょがく,kyogaku,duplicate_romaji,kept:教学,ナ形容詞,
競技,きょうぎ,kyogi,duplicate_romaji,kept:教義,サ変名詞,抽象物
強靭,きょうじん,kyojin,duplicate_romaji,kept:巨人,ナ形容詞,
強靱,きょうじん,kyojin,duplicate_romaji,kept:巨人,ナ形容詞,
共助,きょうじょ,kyojo,duplicate_romaji,kept:橋上,サ変名詞,抽象物
教条,きょうじょう,kyojo,duplicate_romaji,kept:橋上,普通名詞,抽象物
教授,きょうじゅ,kyoju,duplicate_romaji,kept:巨樹,サ変名詞,人
居住,きょじゅう,kyoju,duplicate_romaji,kept:巨樹,サ変名詞,抽象物
協会,きょうかい,kyokai,duplicate_romaji,kept:教会,普通名詞,組織・団体
境界,きょうかい,kyokai,duplicate_romaji,kept:教会,普通名詞,場所-機能
巨漢,きょかん,kyokan,duplicate_romaji,kept:教官,普通名詞,人
強健,きょうけん,kyoken,duplicate_romaji,kept:強肩,ナ形容詞,
強固,きょうこ,kyoko,duplicate_romaji,kept:強硬,ナ形容詞,
強国,きょうこく,kyokoku,duplicate_romaji,kept:峡谷,普通名詞,場所-その他
教区,きょうく,kyoku,duplicate_romaji,kept:局,普通名詞,場所-その他
曲,きょく,kyoku,duplicate_romaji,kept:局,普通名詞,抽象物
極地,きょくち,kyokuchi,duplicate_romaji,kept:局地,普通名詞,場所-その他
去年,きょねん,kyonen,duplicate_romaji,kept:凶年,時相名詞,時間
居室,きょしつ,kyoshitsu,duplicate_romaji,kept:教室,普通名詞,場所-施設
教書,きょうしょ,kyosho,duplicate_romaji,kept:巨匠,普通名詞,抽象物
狭小,きょうしょう,kyosho,duplicate_romaji,kept:巨匠,ナ形容詞,
教習,きょうしゅう,kyoshu,duplicate_romaji,kept:教主,サ変名詞,抽象物
教組,きょうそ,kyoso,duplicate_romaji,kept:教祖,普通名詞,組織・団体
強壮,きょうそう,kyoso,duplicate_romaji,kept:教祖,ナ形容詞,
競走,きょうそう,kyoso,duplicate_romaji,kept:教祖,サ変名詞,抽象物
競艇,きょうてい,kyotei,duplicate_romaji,kept:教程,普通名詞,抽象物
経典,きょうてん,kyoten,duplicate_romaji,kept:拠点,普通名詞,抽象物
教頭,きょうとう,kyoto,duplicate_romaji,kept:教徒,普通名詞,人
巨頭,きょとう,kyoto,duplicate_romaji,kept:教徒,普通名詞,人
興醒め,きょうざめ,kyozame,duplicate_romaji,kept:興醒め,ナ形容詞,
胸像,きょうぞう,kyozo,duplicate_romaji,kept:虚像,普通名詞,抽象物
弓道,きゅうどう,kyudo,duplicate_romaji,kept:旧道,普通名詞,抽象物
休園,きゅうえん,kyuen,duplicate_romaji,kept:球宴,サ変名詞,抽象物
休演,きゅうえん,kyuen,duplicate_romaji,kept:球宴,サ変名詞,抽象物
給仕,きゅうじ,kyuji,duplicate_romaji,kept:球児,サ変名詞,人;抽象物
休場,きゅうじょう,kyujo,duplicate_romaji,kept:宮城,サ変名詞,抽象物
球場,きゅうじょう,kyujo,duplicate_romaji,kept:宮城,普通名詞,場所-施設
休館,きゅうかん,kyukan,duplicate_romaji,kept:急患,サ変名詞,抽象物
休校,きゅうこう,kyuko,duplicate_romaji,kept:急行,サ変名詞,抽象物
休講,きゅうこう,kyuko,duplicate_romaji,kept:急行,サ変名詞,抽象物
旧交,きゅうこう,kyuko,duplicate_romaji,kept:急行,普通名詞,抽象物
求婚,きゅうこん,kyukon,duplicate_romaji,kept:球根,サ変名詞,抽象物
旧教,きゅうきょう,kyukyo,duplicate_romaji,kept:旧居,普通名詞,抽象物
給料,きゅうりょう,kyuryo,duplicate_romaji,kept:丘陵,普通名詞,人工物-金銭
旧姓,きゅうせい,kyusei,duplicate_romaji,kept:旧制,普通名詞,抽象物
鳩舎,きゅうしゃ,kyusha,duplicate_romaji,kept:厩舎,普通名詞,場所-施設
給油,きゅうゆ,kyuyu,duplicate_romaji,kept:旧友,サ変名詞,抽象物
級友,きゅうゆう,kyuyu,duplicate_romaji,kept:旧友,普通名詞,人
街,まち,machi,duplicate_romaji,kept:町,普通名詞,場所-その他
まだら,まだら,madara,duplicate_romaji,kept:斑,ナ形容詞,
真鱈,まだら,madara,duplicate_romaji,kept:斑,普通名詞,動物;人工物-食べ物
馬子,まご,mago,duplicate_romaji,kept:孫,普通名詞,人
混じる,まじる,majiru,duplicate_romaji,kept:交じる,動詞,
負かせる,まかせる,makaseru,duplicate_romaji,kept:任せる,動詞,
負かす,まかす,makasu,duplicate_romaji,kept:任す,動詞,
牧,まき,maki,duplicate_romaji,kept:薪,普通名詞,場所-その他
巻く,まく,maku,duplicate_romaji,kept:幕,動詞,
撒く,まく,maku,duplicate_romaji,kept:幕,動詞,
膜,まく,maku,duplicate_romaji,kept:幕,普通名詞,動物-部位;植物-部位
蒔く,まく,maku,duplicate_romaji,kept:幕,動詞,
まめ,まめ,mame,duplicate_romaji,kept:豆,ナ形容詞,
免れる,まぬがれる,manugareru,duplicate_romaji,kept:免れる,動詞,
丸飲み,まるのみ,marunomi,duplicate_romaji,kept:丸鑿,サ変名詞,抽象物
増す,ます,masu,duplicate_romaji,kept:鱒,動詞,
桝,ます,masu,duplicate_romaji,kept:鱒,普通名詞,人工物-その他
待つ,まつ,matsu,duplicate_romaji,kept:松,動詞,
眉,まゆ,mayu,duplicate_romaji,kept:繭,普通名詞,動物-部位
混ざる,まざる,mazaru,duplicate_romaji,kept:交ざる,動詞,
混ぜる,まぜる,mazeru,duplicate_romaji,kept:交ぜる,動詞,
銘木,めいぼく,meiboku,duplicate_romaji,kept:名木,普通名詞,人工物-その他
明月,めいげつ,meigetsu,duplicate_romaji,kept:名月,普通名詞,自然物
名歌,めいか,meika,duplicate_romaji,kept:名家,普通名詞,抽象物
明解,めいかい,meikai,duplicate_romaji,kept:明快,ナ形容詞,
明朗,めいろう,meiro,duplicate_romaji,kept:迷路,ナ形容詞,
名士,めいし,meishi,duplicate_romaji,kept:名刺,普通名詞,人
名詞,めいし,meishi,duplicate_romaji,kept:名刺,普通名詞,抽象物
名所,めいしょ,meisho,duplicate_romaji,kept:名匠,普通名詞,場所-その他
名勝,めいしょう,meisho,duplicate_romaji,kept:名匠,普通名詞,場所-その他
名将,めいしょう,meisho,duplicate_romaji,kept:名匠,普通名詞,人
盟主,めいしゅ,meishu,duplicate_romaji,kept:名手,普通名詞,人
盟友,めいゆう,meiyu,duplicate_romaji,kept:名優,普通名詞,人
召す,めす,mesu,duplicate_romaji,kept:雌,動詞,
未知,みち,michi,duplicate_romaji,kept:道,ナ形容詞,
見頃,みごろ,migoro,duplicate_romaji,kept:身頃,普通名詞,時間
民法,みんぽう,minpo,duplicate_romaji,kept:民放,普通名詞,抽象物
民俗,みんぞく,minzoku,duplicate_romaji,kept:民族,普通名詞,抽象物
診る,みる,miru,duplicate_romaji,kept:見る,動詞,
診せる,みせる,miseru,duplicate_romaji,kept:見せる,動詞,
密,みつ,mitsu,duplicate_romaji,kept:蜜,ナ形容詞,
萌える,もえる,moeru,duplicate_romaji,kept:燃える,動詞,
設ける,もうける,mokeru,duplicate_romaji,kept:儲ける,動詞,
木簡,もっかん,mokkan,duplicate_romaji,kept:木管,普通名詞,人工物-その他
木犀,もくせい,mokusei,duplicate_romaji,kept:木星,普通名詞,植物
籾,もみ,momi,duplicate_romaji,kept:樅,普通名詞,植物-部位
股,もも,momo,duplicate_romaji,kept:桃,普通名詞,動物-部位
者,もの,mono,duplicate_romaji,kept:物,普通名詞,人
銛,もり,mori,duplicate_romaji,kept:森,普通名詞,人工物-その他
盛る,もる,moru,duplicate_romaji,kept:漏る,動詞,
燃す,もす,mosu,duplicate_romaji,kept:申す,動詞,
基,もと,moto,duplicate_romaji,kept:元,普通名詞,抽象物
無知,むち,muchi,duplicate_romaji,kept:鞭,ナ形容詞,
無常,むじょう,mujo,duplicate_romaji,kept:無上,ナ形容詞,
無情,むじょう,mujo,duplicate_romaji,kept:無上,ナ形容詞,
向ける,むける,mukeru,duplicate_romaji,kept:剥ける,動詞,
向こう,むこう,muko,duplicate_romaji,kept:婿,普通名詞,場所-機能
無効,むこう,muko,duplicate_romaji,kept:婿,ナ形容詞,
向く,むく,muku,duplicate_romaji,kept:剥く,動詞,
無垢,むく,muku,duplicate_romaji,kept:剥く,ナ形容詞,
尨毛,むくげ,mukuge,duplicate_romaji,kept:木槿,普通名詞,動物-部位
旨,むね,mune,duplicate_romaji,kept:棟,普通名詞,抽象物
胸,むね,mune,duplicate_romaji,kept:棟,普通名詞,動物-部位
むら,むら,mura,duplicate_romaji,kept:村,普通名詞,抽象物;形・模様
蒸れる,むれる,mureru,duplicate_romaji,kept:群れる,動詞,
無私,むし,mushi,duplicate_romaji,kept:虫,ナ形容詞,
無数,むすう,musu,duplicate_romaji,kept:蒸す,ナ形容詞,
無敵,むてき,muteki,duplicate_romaji,kept:霧笛,ナ形容詞,
長い,ながい,nagai,duplicate_romaji,kept:永い,イ形容詞,
長たらしい,ながたらしい,nagatarashii,duplicate_romaji,kept:長たらしい,イ形容詞,
投げ遣り,なげやり,nageyari,duplicate_romaji,kept:投げ槍,ナ形容詞,
薙ぐ,なぐ,nagu,duplicate_romaji,kept:凪ぐ,動詞,
無い,ない,nai,duplicate_romaji,kept:亡い,イ形容詞,
内閣,ないかく,naikaku,duplicate_romaji,kept:内角,普通名詞,組織・団体
仲,なか,naka,duplicate_romaji,kept:中,普通名詞,抽象物
鳴き声,なきごえ,nakigoe,duplicate_romaji,kept:泣き声,普通名詞,抽象物
鳴く,なく,naku,duplicate_romaji,kept:泣く,動詞,
無くなる,なくなる,nakunaru,duplicate_romaji,kept:亡くなる,動詞,
無くす,なくす,nakusu,duplicate_romaji,kept:亡くす,動詞,
訛る,なまる,namaru,duplicate_romaji,kept:なまる,動詞,
並み,なみ,nami,duplicate_romaji,kept:波,普通名詞,抽象物
何,なに,nani,duplicate_romaji,kept:何,普通名詞,抽象物
難解,なんかい,nankai,duplicate_romaji,kept:南海,ナ形容詞,
軟鋼,なんこう,nanko,duplicate_romaji,kept:軟膏,普通名詞,人工物-その他
直る,なおる,naoru,duplicate_romaji,kept:治る,動詞,
直す,なおす,naosu,duplicate_romaji,kept:治す,動詞,
慣らす,ならす,narasu,duplicate_romaji,kept:均す,動詞,
鳴らす,ならす,narasu,duplicate_romaji,kept:均す,動詞,
習う,ならう,narau,duplicate_romaji,kept:倣う,動詞,
鳴る,なる,naru,duplicate_romaji,kept:成る,動詞,
無し,なし,nashi,duplicate_romaji,kept:梨,普通名詞,抽象物
成す,なす,nasu,duplicate_romaji,kept:茄子,動詞,
年度,ねんど,nendo,duplicate_romaji,kept:粘土,普通名詞,時間
年刊,ねんかん,nenkan,duplicate_romaji,kept:年間,普通名詞,抽象物
年鑑,ねんかん,nenkan,duplicate_romaji,kept:年間,普通名詞,人工物-その他;抽象物
年金,ねんきん,nenkin,duplicate_romaji,kept:粘菌,普通名詞,人工物-金銭
年俸,ねんぽう,nenpo,duplicate_romaji,kept:年報,普通名詞,人工物-金銭
撚糸,ねんし,nenshi,duplicate_romaji,kept:年始,普通名詞,人工物-その他
念書,ねんしょ,nensho,duplicate_romaji,kept:年初,普通名詞,抽象物
年少,ねんしょう,nensho,duplicate_romaji,kept:年初,ナ形容詞,
寝る,ねる,neru,duplicate_romaji,kept:練る,動詞,
熱闘,ねっとう,netto,duplicate_romaji,kept:熱湯,普通名詞,抽象物
憎たらしい,にくたらしい,nikutarashii,duplicate_romaji,kept:憎たらしい,イ形容詞,
肉付き,にくづき,nikuzuki,duplicate_romaji,kept:肉月,普通名詞,抽象物
人形,にんぎょう,ningyo,duplicate_romaji,kept:人魚,普通名詞,人工物-その他
煮る,にる,niru,duplicate_romaji,kept:似る,動詞,
偽者,にせもの,nisemono,duplicate_romaji,kept:偽物,普通名詞,人
延ばす,のばす,nobasu,duplicate_romaji,kept:伸ばす,動詞,
延べ,のべ,nobe,duplicate_romaji,kept:野辺,普通名詞,抽象物
延びる,のびる,nobiru,duplicate_romaji,kept:伸びる,動詞,
昇る,のぼる,noboru,duplicate_romaji,kept:上る,動詞,
登る,のぼる,noboru,duplicate_romaji,kept:上る,動詞,
農地,のうち,nochi,duplicate_romaji,kept:後,普通名詞,場所-その他
農道,のうどう,nodo,duplicate_romaji,kept:喉,普通名詞,場所-その他
納期,のうき,noki,duplicate_romaji,kept:軒,普通名詞,時間
濃厚,のうこう,noko,duplicate_romaji,kept:農高,ナ形容詞,
納経,のうきょう,nokyo,duplicate_romaji,kept:農協,普通名詞,抽象物
のみ,のみ,nomi,duplicate_romaji,kept:蚤,普通名詞,人工物-その他
脳裏,のうり,nori,duplicate_romaji,kept:海苔,普通名詞,場所-その他
糊,のり,nori,duplicate_romaji,kept:海苔,普通名詞,人工物-その他
載る,のる,noru,duplicate_romaji,kept:乗る,動詞,
載せる,のせる,noseru,duplicate_romaji,kept:乗せる,動詞,
熨す,のす,nosu,duplicate_romaji,kept:伸す,動詞,
脳天,のうてん,noten,duplicate_romaji,kept:野天,普通名詞,場所-機能
除く,のぞく,nozoku,duplicate_romaji,kept:覗く,動詞,
臨む,のぞむ,nozomu,duplicate_romaji,kept:望む,動詞,
入港,にゅうこう,nyuko,duplicate_romaji,kept:入校,サ変名詞,抽象物
入試,にゅうし,nyushi,duplicate_romaji,kept:乳歯,普通名詞,抽象物
雄花,おばな,obana,duplicate_romaji,kept:尾花,普通名詞,植物
黄銅,おうどう,odo,duplicate_romaji,kept:黄土,普通名詞,自然物
踊,おどり,odori,duplicate_romaji,kept:大通り,普通名詞,抽象物
奥義,おうぎ,ogi,duplicate_romaji,kept:扇,普通名詞,抽象物
奥義,おうぎ,ogi,duplicate_romaji,kept:扇,普通名詞,抽象物
驕る,おごる,ogoru,duplicate_romaji,kept:奢る,動詞,
皇子,おうじ,oji,duplicate_romaji,kept:王子,普通名詞,人
伯父,おじ,oji,duplicate_romaji,kept:王子,普通名詞,人
皇女,おうじょ,ojo,duplicate_romaji,kept:王女,普通名詞,人
往生,おうじょう,ojo,duplicate_romaji,kept:王女,サ変名詞,抽象物
謳歌,おうか,oka,duplicate_romaji,kept:丘,サ変名詞,抽象物
女将,おかみ,okami,duplicate_romaji,kept:狼,普通名詞,人
御上,おかみ,okami,duplicate_romaji,kept:狼,普通名詞,人
冒す,おかす,okasu,duplicate_romaji,kept:侵す,動詞,
王家,おうけ,oke,duplicate_romaji,kept:桶,普通名詞,組織・団体
大きい,おおきい,okii,duplicate_romaji,kept:大きい,イ形容詞,
興る,おこる,okoru,duplicate_romaji,kept:怒る,動詞,
起こる,おこる,okoru,duplicate_romaji,kept:怒る,動詞,
起こす,おこす,okosu,duplicate_romaji,kept:興す,動詞,
大奥,おおおく,oku,duplicate_romaji,kept:奥,普通名詞,場所-その他
多く,おおく,oku,duplicate_romaji,kept:奥,普通名詞,抽象物
置く,おく,oku,duplicate_romaji,kept:奥,動詞,
送る,おくる,okuru,duplicate_romaji,kept:贈る,動詞,
大盛り,おおもり,omori,duplicate_romaji,kept:錘,普通名詞,抽象物
御守り,おもり,omori,duplicate_romaji,kept:錘,サ変名詞,人
面,おもて,omote,duplicate_romaji,kept:表,普通名詞,場所-機能
穏便,おんびん,onbin,duplicate_romaji,kept:音便,ナ形容詞,
音質,おんしつ,onshitsu,duplicate_romaji,kept:温室,普通名詞,抽象物
穏和,おんわ,onwa,duplicate_romaji,kept:温和,ナ形容詞,
降りる,おりる,oriru,duplicate_romaji,kept:下りる,動詞,
下ろす,おろす,orosu,duplicate_romaji,kept:卸す,動詞,
降ろす,おろす,orosu,duplicate_romaji,kept:卸す,動詞,
折る,おる,oru,duplicate_romaji,kept:居る,動詞,
織る,おる,oru,duplicate_romaji,kept:居る,動詞,
押さえる,おさえる,osaeru,duplicate_romaji,kept:抑える,動詞,
治まる,おさまる,osamaru,duplicate_romaji,kept:収まる,動詞,
納まる,おさまる,osamaru,duplicate_romaji,kept:収まる,動詞,
収める,おさめる,osameru,duplicate_romaji,kept:修める,動詞,
治める,おさめる,osameru,duplicate_romaji,kept:修める,動詞,
納める,おさめる,osameru,duplicate_romaji,kept:修める,動詞,
おしゃべり,おしゃべり,oshaberi,duplicate_romaji,kept:おしゃべり,ナ形容詞,
おしゃれ,おしゃれ,oshare,duplicate_romaji,kept:おしゃれ,ナ形容詞,
和尚,おしょう,osho,duplicate_romaji,kept:王将,普通名詞,人
押す,おす,osu,duplicate_romaji,kept:雄,動詞,
推す,おす,osu,duplicate_romaji,kept:雄,動詞,
王手,おうて,ote,duplicate_romaji,kept:大手,普通名詞,抽象物
大喜び,おおよろこび,oyorokobi,duplicate_romaji,kept:大喜び,ナ形容詞,
大掴み,おおづかみ,ozukami,duplicate_romaji,kept:大掴み,ナ形容詞,
来週,らいしゅう,raishu,duplicate_romaji,kept:来秋,時相名詞,時間
欄干,らんかん,rankan,duplicate_romaji,kept:卵管,普通名詞,場所-施設部位
老酒,らおちゅー,raochu,duplicate_romaji,kept:老酒,普通名詞,人工物-食べ物
令状,れいじょう,reijo,duplicate_romaji,kept:令嬢,普通名詞,人工物-その他
礼状,れいじょう,reijo,duplicate_romaji,kept:令嬢,普通名詞,人工物-その他
霊場,れいじょう,reijo,duplicate_romaji,kept:令嬢,普通名詞,場所-その他
零細,れいさい,reisai,duplicate_romaji,kept:例祭,ナ形容詞,
連歌,れんが,renga,duplicate_romaji,kept:煉瓦,普通名詞,抽象物
連語,れんご,rengo,duplicate_romaji,kept:連合,普通名詞,抽象物
廉価,れんか,renka,duplicate_romaji,kept:恋歌,ナ形容詞,
連覇,れんぱ,renpa,duplicate_romaji,kept:連破,サ変名詞,抽象物
連邦,れんぽう,renpo,duplicate_romaji,kept:連峰,普通名詞,組織・団体
利発,りはつ,rihatsu,duplicate_romaji,kept:理髪,ナ形容詞,
理科,りか,rika,duplicate_romaji,kept:理化,普通名詞,抽象物
利口,りこう,riko,duplicate_romaji,kept:理工,ナ形容詞,
燐,りん,rin,duplicate_romaji,kept:輪 (manual_include),普通名詞,自然物
輪唱,りんしょう,rinsho,duplicate_romaji,kept:臨床,サ変名詞,抽象物
理数,りすう,risu,duplicate_romaji,kept:りす,普通名詞,抽象物
蝋梅,ろうばい,robai,duplicate_romaji,kept:老梅,普通名詞,植物
路傍,ろぼう,robo,duplicate_romaji,kept:老母,普通名詞,場所-その他
老父,ろうふ,rofu,duplicate_romaji,kept:老婦,普通名詞,人
路地,ろじ,roji,duplicate_romaji,kept:露地,普通名詞,場所-その他
路上,ろじょう,rojo,duplicate_romaji,kept:老女,普通名詞,場所-その他
録,ろく,roku,duplicate_romaji,kept:禄,普通名詞,抽象物
老練,ろうれん,roren,duplicate_romaji,kept:労連,ナ形容詞,
浪士,ろうし,roshi,duplicate_romaji,kept:ろ紙,普通名詞,人
労組,ろうそ,roso,duplicate_romaji,kept:老僧,普通名詞,組織・団体
露天,ろてん,roten,duplicate_romaji,kept:露店,普通名詞,場所-その他
路頭,ろとう,roto,duplicate_romaji,kept:漏斗,普通名詞,場所-その他
旅客機,りょかっき,ryokakki,duplicate_romaji,kept:旅客機,普通名詞,人工物-乗り物
旅客,りょかく,ryokaku,duplicate_romaji,kept:旅客,普通名詞,人
旅券,りょけん,ryoken,duplicate_romaji,kept:猟犬,普通名詞,人工物-その他
良好,りょうこう,ryoko,duplicate_romaji,kept:良港,ナ形容詞,
旅行,りょこう,ryoko,duplicate_romaji,kept:良港,サ変名詞,抽象物
稜線,りょうせん,ryosen,duplicate_romaji,kept:僚船,普通名詞,形・模様
漁師,りょうし,ryoshi,duplicate_romaji,kept:両氏,普通名詞,人
猟師,りょうし,ryoshi,duplicate_romaji,kept:両氏,普通名詞,人
領袖,りょうしゅう,ryoshu,duplicate_romaji,kept:領主,普通名詞,人
旅程,りょてい,ryotei,duplicate_romaji,kept:料亭,普通名詞,抽象物
両党,りょうとう,ryoto,duplicate_romaji,kept:両刀,普通名詞,組織・団体
僚友,りょうゆう,ryoyu,duplicate_romaji,kept:両雄,普通名詞,人
良友,りょうゆう,ryoyu,duplicate_romaji,kept:両雄,普通名詞,人
流暢,りゅうちょう,ryucho,duplicate_romaji,kept:留鳥,ナ形容詞,
隆盛,りゅうせい,ryusei,duplicate_romaji,kept:流星,ナ形容詞,
捌く,さばく,sabaku,duplicate_romaji,kept:砂漠,動詞,
裁く,さばく,sabaku,duplicate_romaji,kept:砂漠,動詞,
寂しい,さびしい,sabishii,duplicate_romaji,kept:寂しい,イ形容詞,
砂岩,さがん,sagan,duplicate_romaji,kept:左岸,普通名詞,自然物
探す,さがす,sagasu,duplicate_romaji,kept:捜す,動詞,
提げる,さげる,sageru,duplicate_romaji,kept:下げる,動詞,
賽,さい,sai,duplicate_romaji,kept:犀,普通名詞,人工物-その他
再演,さいえん,saien,duplicate_romaji,kept:菜園,サ変名詞,抽象物
最後,さいご,saigo,duplicate_romaji,kept:最期,ナ形容詞,
祭事,さいじ,saiji,duplicate_romaji,kept:歳時,普通名詞,抽象物
斎場,さいじょう,saijo,duplicate_romaji,kept:才女,普通名詞,場所-施設
最上,さいじょう,saijo,duplicate_romaji,kept:才女,ナ形容詞,
最近,さいきん,saikin,duplicate_romaji,kept:細菌,時相名詞,時間
最古,さいこ,saiko,duplicate_romaji,kept:最高,ナ形容詞,
祭祀,さいし,saishi,duplicate_romaji,kept:妻子,普通名詞,抽象物
細心,さいしん,saishin,duplicate_romaji,kept:最新,ナ形容詞,
最初,さいしょ,saisho,duplicate_romaji,kept:最初,ナ形容詞,
宰相,さいしょう,saisho,duplicate_romaji,kept:最初,普通名詞,人
最小,さいしょう,saisho,duplicate_romaji,kept:最初,ナ形容詞,
最少,さいしょう,saisho,duplicate_romaji,kept:最初,ナ形容詞,
最終,さいしゅう,saishu,duplicate_romaji,kept:祭主,ナ形容詞,
左官,さかん,sakan,duplicate_romaji,kept:佐官,普通名詞,人
盛ん,さかん,sakan,duplicate_romaji,kept:佐官,ナ形容詞,
肴,さかな,sakana,duplicate_romaji,kept:魚,普通名詞,人工物-食べ物
鮭,さけ,sake,duplicate_romaji,kept:酒,普通名詞,動物;人工物-食べ物
鮭,さけ,sake,duplicate_romaji,kept:酒,普通名詞,動物;人工物-食べ物
避ける,さける,sakeru,duplicate_romaji,kept:裂ける,動詞,
左記,さき,saki,duplicate_romaji,kept:先,普通名詞,場所-その他
作家,さっか,sakka,duplicate_romaji,kept:昨夏,普通名詞,人
割く,さく,saku,duplicate_romaji,kept:柵,動詞,
咲く,さく,saku,duplicate_romaji,kept:柵,動詞,
裂く,さく,saku,duplicate_romaji,kept:柵,動詞,
作詩,さくし,sakushi,duplicate_romaji,kept:作詞,サ変名詞,抽象物
覚ませる,さませる,samaseru,duplicate_romaji,kept:冷ませる,動詞,
覚ます,さます,samasu,duplicate_romaji,kept:冷ます,動詞,
覚める,さめる,sameru,duplicate_romaji,kept:冷める,動詞,
参謀,さんぼう,sanbo,duplicate_romaji,kept:三方,普通名詞,人
産地,さんち,sanchi,duplicate_romaji,kept:山地,普通名詞,場所-その他
産学,さんがく,sangaku,duplicate_romaji,kept:山岳,普通名詞,抽象物
産後,さんご,sango,duplicate_romaji,kept:珊瑚,時相名詞,時間
参院,さんいん,sanin,duplicate_romaji,kept:産院,普通名詞,組織・団体
産所,さんじょ,sanjo,duplicate_romaji,kept:三女,普通名詞,場所-施設
賛歌,さんか,sanka,duplicate_romaji,kept:山河,普通名詞,抽象物
参観,さんかん,sankan,duplicate_romaji,kept:山間,サ変名詞,抽象物
参詣,さんけい,sankei,duplicate_romaji,kept:山系,サ変名詞,抽象物
山椒,さんしょう,sansho,duplicate_romaji,kept:山椒,普通名詞,植物;人工物-食べ物
山荘,さんそう,sanso,duplicate_romaji,kept:酸素,普通名詞,場所-施設
新,さら,sara,duplicate_romaji,kept:皿,ナ形容詞,
去る,さる,saru,duplicate_romaji,kept:猿,動詞,
申,さる,saru,duplicate_romaji,kept:猿,普通名詞,場所-機能;時間
指し手,さして,sashite,duplicate_romaji,kept:差し手,普通名詞,抽象物
刺す,さす,sasu,duplicate_romaji,kept:砂州,動詞,
差す,さす,sasu,duplicate_romaji,kept:砂州,動詞,
指す,さす,sasu,duplicate_romaji,kept:砂州,動詞,
挿す,さす,sasu,duplicate_romaji,kept:砂州,動詞,
砂糖,さとう,sato,duplicate_romaji,kept:里,普通名詞,人工物-食べ物
茶話,さわ,sawa,duplicate_romaji,kept:沢,普通名詞,抽象物
障る,さわる,sawaru,duplicate_romaji,kept:触る,動詞,
鞘,さや,saya,duplicate_romaji,kept:莢,普通名詞,人工物-その他
さようなら,さようなら,sayonara,duplicate_romaji,kept:さようなら,サ変名詞,抽象物
左右,さゆう,sayu,duplicate_romaji,kept:さ湯,普通名詞,場所-機能
生母,せいぼ,seibo,duplicate_romaji,kept:歳暮,普通名詞,人
聖母,せいぼ,seibo,duplicate_romaji,kept:歳暮,普通名詞,人
精緻,せいち,seichi,duplicate_romaji,kept:聖地,ナ形容詞,
政庁,せいちょう,seicho,duplicate_romaji,kept:成鳥,普通名詞,組織・団体
聖堂,せいどう,seido,duplicate_romaji,kept:青銅,普通名詞,場所-施設
成人,せいじん,seijin,duplicate_romaji,kept:聖人,サ変名詞,人
清浄,せいじょう,seijo,duplicate_romaji,kept:正常,ナ形容詞,
生家,せいか,seika,duplicate_romaji,kept:生花,普通名詞,場所-施設
盛夏,せいか,seika,duplicate_romaji,kept:生花,普通名詞,時間
聖歌,せいか,seika,duplicate_romaji,kept:生花,普通名詞,抽象物
聖火,せいか,seika,duplicate_romaji,kept:生花,普通名詞,自然物
製菓,せいか,seika,duplicate_romaji,kept:生花,普通名詞,抽象物
青果,せいか,seika,duplicate_romaji,kept:生花,普通名詞,人工物-食べ物
生計,せいけい,seikei,duplicate_romaji,kept:政経,普通名詞,抽象物
正規,せいき,seiki,duplicate_romaji,kept:世紀,ナ形容詞,
盛期,せいき,seiki,duplicate_romaji,kept:世紀,普通名詞,時間
精機,せいき,seiki,duplicate_romaji,kept:世紀,普通名詞,人工物-その他
逝去,せいきょ,seikyo,duplicate_romaji,kept:生協,サ変名詞,抽象物
政教,せいきょう,seikyo,duplicate_romaji,kept:生協,普通名詞,抽象物
声紋,せいもん,seimon,duplicate_romaji,kept:正門,普通名詞,形・模様
青年,せいねん,seinen,duplicate_romaji,kept:成年,普通名詞,人
製作,せいさく,seisaku,duplicate_romaji,kept:制作,サ変名詞,抽象物
凄惨,せいさん,seisan,duplicate_romaji,kept:青酸,ナ形容詞,
清算,せいさん,seisan,duplicate_romaji,kept:青酸,サ変名詞,抽象物
精算,せいさん,seisan,duplicate_romaji,kept:青酸,サ変名詞,抽象物
生鮮,せいせん,seisen,duplicate_romaji,kept:清泉,普通名詞,抽象物
声質,せいしつ,seishitsu,duplicate_romaji,kept:正室,普通名詞,抽象物
清書,せいしょ,seisho,duplicate_romaji,kept:聖書,サ変名詞,抽象物
政商,せいしょう,seisho,duplicate_romaji,kept:聖書,普通名詞,人
斉唱,せいしょう,seisho,duplicate_romaji,kept:聖書,サ変名詞,抽象物
生食,せいしょく,seishoku,duplicate_romaji,kept:聖職,サ変名詞,抽象物
正数,せいすう,seisu,duplicate_romaji,kept:整数,普通名詞,抽象物
声帯,せいたい,seitai,duplicate_romaji,kept:生体,普通名詞,動物-部位
聖徒,せいと,seito,duplicate_romaji,kept:生徒,普通名詞,人
政党,せいとう,seito,duplicate_romaji,kept:生徒,普通名詞,組織・団体;場所-施設
正当,せいとう,seito,duplicate_romaji,kept:生徒,ナ形容詞,
正答,せいとう,seito,duplicate_romaji,kept:生徒,サ変名詞,抽象物
正統,せいとう,seito,duplicate_romaji,kept:生徒,ナ形容詞,
精油,せいゆ,seiyu,duplicate_romaji,kept:声優,サ変名詞,人工物-その他
関,せき,seki,duplicate_romaji,kept:席,普通名詞,場所-その他
脊柱,せきちゅう,sekichu,duplicate_romaji,kept:石柱,普通名詞,動物-部位
拙攻,せっこう,sekko,duplicate_romaji,kept:石膏,普通名詞,抽象物
責める,せめる,semeru,duplicate_romaji,kept:攻める,動詞,
鮮度,せんど,sendo,duplicate_romaji,kept:船頭,普通名詞,抽象物
先陣,せんじん,senjin,duplicate_romaji,kept:先人,普通名詞,組織・団体
先攻,せんこう,senko,duplicate_romaji,kept:千古,サ変名詞,抽象物
専攻,せんこう,senko,duplicate_romaji,kept:千古,サ変名詞,抽象物
潜航,せんこう,senko,duplicate_romaji,kept:千古,サ変名詞,抽象物
線香,せんこう,senko,duplicate_romaji,kept:千古,普通名詞,人工物-その他
船客,せんきゃく,senkyaku,duplicate_romaji,kept:先客,普通名詞,人
先鋒,せんぽう,senpo,duplicate_romaji,kept:先方,普通名詞,人
選良,せんりょう,senryo,duplicate_romaji,kept:染料,普通名詞,人
先制,せんせい,sensei,duplicate_romaji,kept:先生,サ変名詞,抽象物
船室,せんしつ,senshitsu,duplicate_romaji,kept:泉質,普通名詞,場所-施設
先勝,せんしょう,sensho,duplicate_romaji,kept:選書,サ変名詞,抽象物
選奨,せんしょう,sensho,duplicate_romaji,kept:選書,サ変名詞,抽象物
選手,せんしゅ,senshu,duplicate_romaji,kept:船首,普通名詞,人
先週,せんしゅう,senshu,duplicate_romaji,kept:船首,時相名詞,時間
専修,せんしゅう,senshu,duplicate_romaji,kept:船首,サ変名詞,抽象物
選集,せんしゅう,senshu,duplicate_romaji,kept:船首,普通名詞,人工物-その他;抽象物
潜水,せんすい,sensui,duplicate_romaji,kept:泉水,サ変名詞,抽象物
船底,せんてい,sentei,duplicate_romaji,kept:船艇,普通名詞,場所-その他
尖塔,せんとう,sento,duplicate_romaji,kept:先頭,普通名詞,場所-施設
銭湯,せんとう,sento,duplicate_romaji,kept:先頭,普通名詞,場所-施設
洗剤,せんざい,senzai,duplicate_romaji,kept:前栽,普通名詞,人工物-その他
線材,せんざい,senzai,duplicate_romaji,kept:前栽,普通名詞,人工物-その他
迫る,せる,seru,duplicate_romaji,kept:競る,動詞,
酌,しゃく,shaku,duplicate_romaji,kept:しゃく,普通名詞,抽象物
斜線,しゃせん,shasen,duplicate_romaji,kept:車線,普通名詞,形・模様
車種,しゃしゅ,shashu,duplicate_romaji,kept:社主,普通名詞,抽象物
脂肪,しぼう,shibo,duplicate_romaji,kept:子房,普通名詞,動物-部位
市部,しぶ,shibu,duplicate_romaji,kept:支部,普通名詞,場所-その他
渋,しぶ,shibu,duplicate_romaji,kept:支部,普通名詞,抽象物
市庁,しちょう,shicho,duplicate_romaji,kept:士長,普通名詞,組織・団体;場所-施設
市町,しちょう,shicho,duplicate_romaji,kept:士長,普通名詞,場所-その他
市長,しちょう,shicho,duplicate_romaji,kept:士長,普通名詞,人
支庁,しちょう,shicho,duplicate_romaji,kept:士長,普通名詞,組織・団体;場所-施設
市中,しちゅう,shichu,duplicate_romaji,kept:支柱,普通名詞,場所-その他
私道,しどう,shido,duplicate_romaji,kept:市道,普通名詞,場所-施設
私腹,しふく,shifuku,duplicate_romaji,kept:私服,普通名詞,人工物-金銭
史学,しがく,shigaku,duplicate_romaji,kept:私学,普通名詞,抽象物
志学,しがく,shigaku,duplicate_romaji,kept:私学,普通名詞,抽象物
歯学,しがく,shigaku,duplicate_romaji,kept:私学,普通名詞,抽象物
試技,しぎ,shigi,duplicate_romaji,kept:市議,普通名詞,抽象物
詩編,しへん,shihen,duplicate_romaji,kept:紙片,普通名詞,抽象物
四方,しほう,shiho,duplicate_romaji,kept:至宝,普通名詞,場所-機能
試飲,しいん,shiin,duplicate_romaji,kept:子音,サ変名詞,抽象物
詩人,しじん,shijin,duplicate_romaji,kept:私人,普通名詞,人
史上,しじょう,shijo,duplicate_romaji,kept:子女,時相名詞,時間
紙上,しじょう,shijo,duplicate_romaji,kept:子女,普通名詞,場所-その他
試乗,しじょう,shijo,duplicate_romaji,kept:子女,サ変名詞,抽象物
詩情,しじょう,shijo,duplicate_romaji,kept:子女,普通名詞,抽象物
誌上,しじょう,shijo,duplicate_romaji,kept:子女,普通名詞,場所-その他
史家,しか,shika,duplicate_romaji,kept:鹿,普通名詞,人
市会,しかい,shikai,duplicate_romaji,kept:司会,普通名詞,組織・団体
四角,しかく,shikaku,duplicate_romaji,kept:刺客,ナ形容詞,
市警,しけい,shikei,duplicate_romaji,kept:紙型,普通名詞,組織・団体
色相,しきそう,shikiso,duplicate_romaji,kept:色素,普通名詞,色
嗜好,しこう,shiko,duplicate_romaji,kept:歯垢,サ変名詞,抽象物
敷く,しく,shiku,duplicate_romaji,kept:市区,動詞,
縞,しま,shima,duplicate_romaji,kept:島,普通名詞,形・模様
閉まる,しまる,shimaru,duplicate_romaji,kept:締まる,動詞,
誌面,しめん,shimen,duplicate_romaji,kept:紙面,普通名詞,場所-その他
占める,しめる,shimeru,duplicate_romaji,kept:湿る,動詞,
絞める,しめる,shimeru,duplicate_romaji,kept:湿る,動詞,
締める,しめる,shimeru,duplicate_romaji,kept:湿る,動詞,
閉める,しめる,shimeru,duplicate_romaji,kept:湿る,動詞,
辛,しん,shin,duplicate_romaji,kept:芯,普通名詞,場所-機能;時間
慎重,しんちょう,shincho,duplicate_romaji,kept:新著,ナ形容詞,
深長,しんちょう,shincho,duplicate_romaji,kept:新著,ナ形容詞,
新田,しんでん,shinden,duplicate_romaji,kept:寝殿,普通名詞,場所-その他
神殿,しんでん,shinden,duplicate_romaji,kept:寝殿,普通名詞,場所-施設
神田,しんでん,shinden,duplicate_romaji,kept:寝殿,普通名詞,場所-その他
深遠,しんえん,shinen,duplicate_romaji,kept:深淵,ナ形容詞,
進学,しんがく,shingaku,duplicate_romaji,kept:神学,サ変名詞,抽象物
箴言,しんげん,shingen,duplicate_romaji,kept:震源,普通名詞,抽象物
信心,しんじん,shinjin,duplicate_romaji,kept:新人,サ変名詞,抽象物
深甚,しんじん,shinjin,duplicate_romaji,kept:新人,ナ形容詞,
新刊,しんかん,shinkan,duplicate_romaji,kept:新館,普通名詞,抽象物
神官,しんかん,shinkan,duplicate_romaji,kept:新館,普通名詞,人
真剣,しんけん,shinken,duplicate_romaji,kept:真剣,ナ形容詞,
親権,しんけん,shinken,duplicate_romaji,kept:真剣,普通名詞,抽象物
新奇,しんき,shinki,duplicate_romaji,kept:神器,ナ形容詞,
新規,しんき,shinki,duplicate_romaji,kept:神器,ナ形容詞,
進講,しんこう,shinko,duplicate_romaji,kept:信仰,サ変名詞,抽象物
深刻,しんこく,shinkoku,duplicate_romaji,kept:申告,ナ形容詞,
信教,しんきょう,shinkyo,duplicate_romaji,kept:新居,普通名詞,抽象物
新教,しんきょう,shinkyo,duplicate_romaji,kept:新居,普通名詞,抽象物
忍ぶ,しのぶ,shinobu,duplicate_romaji,kept:偲ぶ,動詞,
心配,しんぱい,shinpai,duplicate_romaji,kept:心肺,ナ形容詞,
親藩,しんぱん,shinpan,duplicate_romaji,kept:審判,普通名詞,組織・団体
新譜,しんぷ,shinpu,duplicate_romaji,kept:新婦,普通名詞,抽象物
神父,しんぷ,shinpu,duplicate_romaji,kept:新婦,普通名詞,人
進路,しんろ,shinro,duplicate_romaji,kept:新郎,普通名詞,抽象物
針路,しんろ,shinro,duplicate_romaji,kept:新郎,普通名詞,場所-その他
心労,しんろう,shinro,duplicate_romaji,kept:新郎,サ変名詞,抽象物
進塁,しんるい,shinrui,duplicate_romaji,kept:親類,サ変名詞,抽象物
申請,しんせい,shinsei,duplicate_romaji,kept:新星,サ変名詞,抽象物
神聖,しんせい,shinsei,duplicate_romaji,kept:新星,ナ形容詞,
親切,しんせつ,shinsetsu,duplicate_romaji,kept:新雪,ナ形容詞,
真摯,しんし,shinshi,duplicate_romaji,kept:紳士,ナ形容詞,
新式,しんしき,shinshiki,duplicate_romaji,kept:神式,ナ形容詞,
辛勝,しんしょう,shinsho,duplicate_romaji,kept:新書,サ変名詞,抽象物
寝食,しんしょく,shinshoku,duplicate_romaji,kept:神職,普通名詞,抽象物
新都,しんと,shinto,duplicate_romaji,kept:信徒,普通名詞,場所-その他
新党,しんとう,shinto,duplicate_romaji,kept:信徒,普通名詞,組織・団体
神道,しんとう,shinto,duplicate_romaji,kept:信徒,普通名詞,抽象物
新約,しんやく,shinyaku,duplicate_romaji,kept:新薬,普通名詞,抽象物
親善,しんぜん,shinzen,duplicate_romaji,kept:神前,普通名詞,抽象物
神像,しんぞう,shinzo,duplicate_romaji,kept:心臓,普通名詞,人工物-その他
潮,しお,shio,duplicate_romaji,kept:塩,普通名詞,抽象物
知らん振り,しらんふり,shiranfuri,duplicate_romaji,kept:知らん振り,サ変名詞,抽象物
私立,しりつ,shiritsu,duplicate_romaji,kept:市立,普通名詞,抽象物
城,しろ,shiro,duplicate_romaji,kept:白,普通名詞,場所-施設
知る,しる,shiru,duplicate_romaji,kept:汁,動詞,
史料,しりょう,shiryo,duplicate_romaji,kept:飼料,普通名詞,人工物-その他
資料,しりょう,shiryo,duplicate_romaji,kept:飼料,普通名詞,人工物-その他
子細,しさい,shisai,duplicate_romaji,kept:司祭,ナ形容詞,
市債,しさい,shisai,duplicate_romaji,kept:司祭,普通名詞,人工物-金銭
史跡,しせき,shiseki,duplicate_romaji,kept:歯石,普通名詞,場所-その他
施設,しせつ,shisetsu,duplicate_romaji,kept:使節,サ変名詞,場所-施設
支社,ししゃ,shisha,duplicate_romaji,kept:使者,普通名詞,場所-施設
視写,ししゃ,shisha,duplicate_romaji,kept:使者,サ変名詞,抽象物
試写,ししゃ,shisha,duplicate_romaji,kept:使者,サ変名詞,抽象物
志士,しし,shishi,duplicate_romaji,kept:獅子,普通名詞,人
史書,ししょ,shisho,duplicate_romaji,kept:司書,普通名詞,抽象物
支所,ししょ,shisho,duplicate_romaji,kept:司書,普通名詞,場所-施設
支署,ししょ,shisho,duplicate_romaji,kept:司書,普通名詞,組織・団体;場所-施設
師匠,ししょう,shisho,duplicate_romaji,kept:司書,普通名詞,人
刺繍,ししゅう,shishu,duplicate_romaji,kept:詩集,サ変名詞,人工物-その他;抽象物
歯槽,しそう,shiso,duplicate_romaji,kept:紫蘇,普通名詞,動物-部位
試走,しそう,shiso,duplicate_romaji,kept:紫蘇,サ変名詞,抽象物
四則,しそく,shisoku,duplicate_romaji,kept:子息,普通名詞,抽象物
下,した,shita,duplicate_romaji,kept:舌,普通名詞,場所-機能
失地,しっち,shitchi,duplicate_romaji,kept:湿地,普通名詞,場所-その他
子弟,してい,shitei,duplicate_romaji,kept:姉弟,普通名詞,人
師弟,してい,shitei,duplicate_romaji,kept:姉弟,普通名詞,組織・団体
支点,してん,shiten,duplicate_romaji,kept:支店,普通名詞,場所-機能
使途,しと,shito,duplicate_romaji,kept:使徒,普通名詞,抽象物
私財,しざい,shizai,duplicate_romaji,kept:資材,普通名詞,人工物-金銭
氏族,しぞく,shizoku,duplicate_romaji,kept:士族,普通名詞,組織・団体
鎮める,しずめる,shizumeru,duplicate_romaji,kept:沈める,動詞,
消防,しょうぼう,shobo,duplicate_romaji,kept:書房,普通名詞,組織・団体
省庁,しょうちょう,shocho,duplicate_romaji,kept:小腸,普通名詞,組織・団体
所長,しょちょう,shocho,duplicate_romaji,kept:小腸,普通名詞,人
署長,しょちょう,shocho,duplicate_romaji,kept:小腸,普通名詞,人
暑中,しょちゅう,shochu,duplicate_romaji,kept:焼酎,普通名詞,時間
昇段,しょうだん,shodan,duplicate_romaji,kept:初段,サ変名詞,抽象物
書道,しょどう,shodo,duplicate_romaji,kept:焦土,普通名詞,抽象物
荘園,しょうえん,shoen,duplicate_romaji,kept:硝煙,普通名詞,場所-施設
初演,しょえん,shoen,duplicate_romaji,kept:硝煙,サ変名詞,抽象物
商学,しょうがく,shogaku,duplicate_romaji,kept:小学,普通名詞,抽象物
奨学,しょうがく,shogaku,duplicate_romaji,kept:小学,普通名詞,抽象物
少額,しょうがく,shogaku,duplicate_romaji,kept:小学,ナ形容詞,
勝敗,しょうはい,shohai,duplicate_romaji,kept:賞牌,普通名詞,抽象物
賞品,しょうひん,shohin,duplicate_romaji,kept:商品,普通名詞,人工物-その他
書院,しょいん,shoin,duplicate_romaji,kept:所員,普通名詞,場所-施設
署員,しょいん,shoin,duplicate_romaji,kept:所員,普通名詞,人
勝因,しょういん,shoin,duplicate_romaji,kept:所員,普通名詞,抽象物
賞状,しょうじょう,shojo,duplicate_romaji,kept:少女,普通名詞,人工物-その他
書状,しょじょう,shojo,duplicate_romaji,kept:少女,普通名詞,人工物-その他
唱歌,しょうか,shoka,duplicate_romaji,kept:商家,普通名詞,抽象物
商科,しょうか,shoka,duplicate_romaji,kept:商家,普通名詞,抽象物
初夏,しょか,shoka,duplicate_romaji,kept:商家,時相名詞,時間
書家,しょか,shoka,duplicate_romaji,kept:商家,普通名詞,人
書架,しょか,shoka,duplicate_romaji,kept:商家,普通名詞,人工物-その他;場所-施設部位
商会,しょうかい,shokai,duplicate_romaji,kept:初回,普通名詞,組織・団体
将官,しょうかん,shokan,duplicate_romaji,kept:小寒,普通名詞,人
書簡,しょかん,shokan,duplicate_romaji,kept:小寒,普通名詞,人工物-その他
諸兄,しょけい,shokei,duplicate_romaji,kept:小径,普通名詞,人
正気,しょうき,shoki,duplicate_romaji,kept:勝機,ナ形容詞,
初期,しょき,shoki,duplicate_romaji,kept:勝機,時相名詞,時間
書記,しょき,shoki,duplicate_romaji,kept:勝機,普通名詞,人
食器,しょっき,shokki,duplicate_romaji,kept:織機,普通名詞,人工物-その他
焼香,しょうこう,shoko,duplicate_romaji,kept:将校,サ変名詞,抽象物
書庫,しょこ,shoko,duplicate_romaji,kept:将校,普通名詞,場所-施設
諸侯,しょこう,shoko,duplicate_romaji,kept:将校,普通名詞,人
諸国,しょこく,shokoku,duplicate_romaji,kept:小国,普通名詞,場所-その他
食道,しょくどう,shokudo,duplicate_romaji,kept:食堂,普通名詞,動物-部位
植字,しょくじ,shokuji,duplicate_romaji,kept:食事,サ変名詞,抽象物
食糧,しょくりょう,shokuryo,duplicate_romaji,kept:食料,普通名詞,人工物-食べ物
昇級,しょうきゅう,shokyu,duplicate_romaji,kept:初球,サ変名詞,抽象物
生年,しょうねん,shonen,duplicate_romaji,kept:少年,普通名詞,時間
初年,しょねん,shonen,duplicate_romaji,kept:少年,時相名詞,時間
商人,しょうにん,shonin,duplicate_romaji,kept:上人,普通名詞,人
証人,しょうにん,shonin,duplicate_romaji,kept:上人,普通名詞,人
詳細,しょうさい,shosai,duplicate_romaji,kept:書斎,ナ形容詞,
書生,しょせい,shosei,duplicate_romaji,kept:小生,普通名詞,人
小説,しょうせつ,shosetsu,duplicate_romaji,kept:小節,普通名詞,抽象物
商社,しょうしゃ,shosha,duplicate_romaji,kept:勝者,普通名詞,組織・団体;場所-施設
書写,しょしゃ,shosha,duplicate_romaji,kept:勝者,サ変名詞,抽象物
証書,しょうしょ,shosho,duplicate_romaji,kept:小暑,普通名詞,人工物-その他
少将,しょうしょう,shosho,duplicate_romaji,kept:小暑,普通名詞,人
処暑,しょしょ,shosho,duplicate_romaji,kept:小暑,時相名詞,時間
書体,しょたい,shotai,duplicate_romaji,kept:所帯,普通名詞,抽象物
昇天,しょうてん,shoten,duplicate_romaji,kept:商店,サ変名詞,抽象物
賞典,しょうてん,shoten,duplicate_romaji,kept:商店,普通名詞,人工物-その他;抽象物
書店,しょてん,shoten,duplicate_romaji,kept:商店,普通名詞,場所-施設
商都,しょうと,shoto,duplicate_romaji,kept:諸島,普通名詞,場所-その他
小党,しょうとう,shoto,duplicate_romaji,kept:諸島,普通名詞,組織・団体
消灯,しょうとう,shoto,duplicate_romaji,kept:諸島,サ変名詞,抽象物
初冬,しょとう,shoto,duplicate_romaji,kept:諸島,時相名詞,時間
初等,しょとう,shoto,duplicate_romaji,kept:諸島,普通名詞,抽象物
初頭,しょとう,shoto,duplicate_romaji,kept:諸島,時相名詞,時間
週番,しゅうばん,shuban,duplicate_romaji,kept:終盤,普通名詞,抽象物
主著,しゅちょ,shucho,duplicate_romaji,kept:酋長,普通名詞,人工物-その他;抽象物
首長,しゅちょう,shucho,duplicate_romaji,kept:酋長,普通名詞,人
終演,しゅうえん,shuen,duplicate_romaji,kept:周縁,サ変名詞,抽象物
主演,しゅえん,shuen,duplicate_romaji,kept:周縁,サ変名詞,抽象物
酒宴,しゅえん,shuen,duplicate_romaji,kept:周縁,普通名詞,抽象物
主婦,しゅふ,shufu,duplicate_romaji,kept:主夫,普通名詞,人
首府,しゅふ,shufu,duplicate_romaji,kept:主夫,普通名詞,場所-その他
就学,しゅうがく,shugaku,duplicate_romaji,kept:修学,サ変名詞,抽象物
修業,しゅぎょう,shugyo,duplicate_romaji,kept:終業,サ変名詞,抽象物
修行,しゅぎょう,shugyo,duplicate_romaji,kept:終業,サ変名詞,抽象物
首位,しゅい,shui,duplicate_romaji,kept:周囲,普通名詞,抽象物
衆院,しゅういん,shuin,duplicate_romaji,kept:朱印,普通名詞,組織・団体
習字,しゅうじ,shuji,duplicate_romaji,kept:主事,普通名詞,抽象物
主客,しゅかく,shukaku,duplicate_romaji,kept:主客,普通名詞,人;抽象物
終刊,しゅうかん,shukan,duplicate_romaji,kept:週間,サ変名詞,抽象物
週刊,しゅうかん,shukan,duplicate_romaji,kept:週間,普通名詞,抽象物
主幹,しゅかん,shukan,duplicate_romaji,kept:週間,普通名詞,人
周期,しゅうき,shuki,duplicate_romaji,kept:秋季,普通名詞,時間
秋期,しゅうき,shuki,duplicate_romaji,kept:秋季,時相名詞,時間
酒器,しゅき,shuki,duplicate_romaji,kept:秋季,普通名詞,人工物-その他
出港,しゅっこう,shukko,duplicate_romaji,kept:出庫,サ変名詞,抽象物
出航,しゅっこう,shukko,duplicate_romaji,kept:出庫,サ変名詞,抽象物
就航,しゅうこう,shuko,duplicate_romaji,kept:周航,サ変名詞,抽象物
殊勲,しゅくん,shukun,duplicate_romaji,kept:主君,普通名詞,抽象物
蹴球,しゅうきゅう,shukyu,duplicate_romaji,kept:週給,普通名詞,抽象物
焼売,しゅーまい,shumai,duplicate_romaji,kept:焼売,普通名詞,人工物-食べ物
宗務,しゅうむ,shumu,duplicate_romaji,kept:主務,普通名詞,抽象物
春期,しゅんき,shunki,duplicate_romaji,kept:春季,時相名詞,時間
出版,しゅっぱん,shuppan,duplicate_romaji,kept:出帆,サ変名詞,抽象物
集録,しゅうろく,shuroku,duplicate_romaji,kept:収録,サ変名詞,抽象物
修了,しゅうりょう,shuryo,duplicate_romaji,kept:首領,サ変名詞,抽象物
習作,しゅうさく,shusaku,duplicate_romaji,kept:秀作,普通名詞,抽象物
守勢,しゅせい,shusei,duplicate_romaji,kept:終生,普通名詞,抽象物
酒席,しゅせき,shuseki,duplicate_romaji,kept:首席,普通名詞,場所-その他
修士,しゅうし,shushi,duplicate_romaji,kept:手指,普通名詞,抽象物
宗旨,しゅうし,shushi,duplicate_romaji,kept:手指,普通名詞,抽象物
終始,しゅうし,shushi,duplicate_romaji,kept:手指,サ変名詞,時間
種子,しゅし,shushi,duplicate_romaji,kept:手指,普通名詞,人工物-その他
就寝,しゅうしん,shushin,duplicate_romaji,kept:終身,サ変名詞,抽象物
主審,しゅしん,shushin,duplicate_romaji,kept:終身,普通名詞,人
終章,しゅうしょう,shusho,duplicate_romaji,kept:主将,普通名詞,抽象物
殊勝,しゅしょう,shusho,duplicate_romaji,kept:主将,ナ形容詞,
首相,しゅしょう,shusho,duplicate_romaji,kept:主将,普通名詞,人
酒食,しゅしょく,shushoku,duplicate_romaji,kept:主食,普通名詞,抽象物
出生,しゅっせい,shussei,duplicate_romaji,kept:出生,サ変名詞,抽象物
州都,しゅうと,shuto,duplicate_romaji,kept:舅,普通名詞,場所-その他
周到,しゅうとう,shuto,duplicate_romaji,kept:舅,ナ形容詞,
首都,しゅと,shuto,duplicate_romaji,kept:舅,普通名詞,場所-その他
出展,しゅってん,shutten,duplicate_romaji,kept:出典,サ変名詞,抽象物
習俗,しゅうぞく,shuzoku,duplicate_romaji,kept:種族,普通名詞,抽象物
傍,そば,soba,duplicate_romaji,kept:蕎麦,普通名詞,場所-機能
総長,そうちょう,socho,duplicate_romaji,kept:早朝,普通名詞,人
荘重,そうちょう,socho,duplicate_romaji,kept:早朝,ナ形容詞,
壮大,そうだい,sodai,duplicate_romaji,kept:総代,ナ形容詞,
粗大,そだい,sodai,duplicate_romaji,kept:総代,ナ形容詞,
そぐ,そぐ,sogu,duplicate_romaji,kept:装具,動詞,
俎上,そじょう,sojo,duplicate_romaji,kept:僧正,普通名詞,場所-その他
爽快,そうかい,sokai,duplicate_romaji,kept:壮快,ナ形容詞,
創刊,そうかん,sokan,duplicate_romaji,kept:総監,サ変名詞,抽象物
壮観,そうかん,sokan,duplicate_romaji,kept:総監,ナ形容詞,
創建,そうけん,soken,duplicate_romaji,kept:総研,サ変名詞,抽象物
壮健,そうけん,soken,duplicate_romaji,kept:総研,ナ形容詞,
草稿,そうこう,soko,duplicate_romaji,kept:倉庫,普通名詞,抽象物
走行,そうこう,soko,duplicate_romaji,kept:倉庫,サ変名詞,抽象物
霜降,そうこう,soko,duplicate_romaji,kept:倉庫,時相名詞,時間
底,そこ,soko,duplicate_romaji,kept:倉庫,普通名詞,場所-機能
粗鋼,そこう,soko,duplicate_romaji,kept:倉庫,普通名詞,人工物-その他
そこら,そこら,sokora,duplicate_romaji,kept:そこら,普通名詞,場所-機能
箏曲,そうきょく,sokyoku,duplicate_romaji,kept:総局,普通名詞,抽象物
早急,そうきゅう,sokyu,duplicate_romaji,kept:送球,ナ形容詞,
索麺,そうめん,somen,duplicate_romaji,kept:索麺,普通名詞,人工物-食べ物
騒音,そうおん,son,duplicate_romaji,kept:層雲,普通名詞,抽象物
損,そん,son,duplicate_romaji,kept:層雲,ナ形容詞,
備える,そなえる,sonaeru,duplicate_romaji,kept:供える,動詞,
その他,そのた,sonota,duplicate_romaji,kept:その他,普通名詞,抽象物
走繞,そうにょう,sonyo,duplicate_romaji,kept:爪繞,普通名詞,抽象物
逸らす,そらす,sorasu,duplicate_romaji,kept:反らす,動詞,
壮麗,そうれい,sorei,duplicate_romaji,kept:祖霊,ナ形容詞,
総理,そうり,sori,duplicate_romaji,kept:橇,サ変名詞,人
反る,そる,soru,duplicate_romaji,kept:剃る,動詞,
走塁,そうるい,sorui,duplicate_romaji,kept:藻類,サ変名詞,抽象物
送料,そうりょう,soryo,duplicate_romaji,kept:僧侶,普通名詞,人工物-金銭
僧籍,そうせき,soseki,duplicate_romaji,kept:礎石,普通名詞,抽象物
草書,そうしょ,sosho,duplicate_romaji,kept:叢書,普通名詞,抽象物
粗相,そそう,soso,duplicate_romaji,kept:早々,サ変名詞,抽象物
疎水,そすい,sosui,duplicate_romaji,kept:総帥,普通名詞,場所-施設
装丁,そうてい,sotei,duplicate_romaji,kept:漕艇,サ変名詞,抽象物
相当,そうとう,soto,duplicate_romaji,kept:総統,ナ形容詞,
外,そと,soto,duplicate_romaji,kept:総統,普通名詞,場所-機能
卒,そつ,sotsu,duplicate_romaji,kept:そつ,普通名詞,抽象物
添う,そう,sou,duplicate_romaji,kept:沿う,動詞,
素材,そざい,sozai,duplicate_romaji,kept:総菜,普通名詞,人工物-その他
統べる,すべる,suberu,duplicate_romaji,kept:滑る,動詞,
凄い,すごい,sugoi,duplicate_romaji,kept:凄い,イ形容詞,
水星,すいせい,suisei,duplicate_romaji,kept:彗星,普通名詞,自然物
垂線,すいせん,suisen,duplicate_romaji,kept:水仙,普通名詞,形・模様
水洗,すいせん,suisen,duplicate_romaji,kept:水仙,サ変名詞,抽象物
吹奏,すいそう,suiso,duplicate_romaji,kept:水素,サ変名詞,抽象物
水槽,すいそう,suiso,duplicate_romaji,kept:水素,普通名詞,人工物-その他
水筒,すいとう,suito,duplicate_romaji,kept:水稲,普通名詞,人工物-その他
透かせる,すかせる,sukaseru,duplicate_romaji,kept:空かせる,動詞,
透かす,すかす,sukasu,duplicate_romaji,kept:空かす,動詞,
数奇,すうき,suki,duplicate_romaji,kept:鋤,ナ形容詞,
好き,すき,suki,duplicate_romaji,kept:鋤,ナ形容詞,
隙,すき,suki,duplicate_romaji,kept:鋤,普通名詞,場所-その他
空く,すく,suku,duplicate_romaji,kept:好く,動詞,
透く,すく,suku,duplicate_romaji,kept:好く,動詞,
救う,すくう,sukuu,duplicate_romaji,kept:掬う,動詞,
澄ます,すます,sumasu,duplicate_romaji,kept:済ます,動詞,
墨,すみ,sumi,duplicate_romaji,kept:炭,普通名詞,人工物-その他
隅,すみ,sumi,duplicate_romaji,kept:炭,普通名詞,場所-機能
済む,すむ,sumu,duplicate_romaji,kept:住む,動詞,
澄む,すむ,sumu,duplicate_romaji,kept:住む,動詞,
数理,すうり,suri,duplicate_romaji,kept:すり,普通名詞,抽象物
掏る,する,suru,duplicate_romaji,kept:刷る,動詞,
擦る,する,suru,duplicate_romaji,kept:刷る,動詞,
数詞,すうし,sushi,duplicate_romaji,kept:鮨,普通名詞,抽象物
薦める,すすめる,susumeru,duplicate_romaji,kept:勧める,動詞,
進める,すすめる,susumeru,duplicate_romaji,kept:勧める,動詞,
据わる,すわる,suwaru,duplicate_romaji,kept:座る,動詞,
鈴,すず,suzu,duplicate_romaji,kept:錫,普通名詞,人工物-その他
度,たび,tabi,duplicate_romaji,kept:足袋,普通名詞,時間
旅,たび,tabi,duplicate_romaji,kept:足袋,サ変名詞,抽象物
たち,たち,tachi,duplicate_romaji,kept:太刀,普通名詞,抽象物
質す,ただす,tadasu,duplicate_romaji,kept:糺す,動詞,
絶える,たえる,taeru,duplicate_romaji,kept:堪える,動詞,
耐える,たえる,taeru,duplicate_romaji,kept:堪える,動詞,
待避,たいひ,taihi,duplicate_romaji,kept:堆肥,サ変名詞,抽象物
大尉,たいい,taii,duplicate_romaji,kept:大医,普通名詞,人
対価,たいか,taika,duplicate_romaji,kept:大家,普通名詞,人工物-金銭
隊形,たいけい,taikei,duplicate_romaji,kept:体形,普通名詞,形・模様
大器,たいき,taiki,duplicate_romaji,kept:大気,普通名詞,人;人工物-その他
太鼓,たいこ,taiko,duplicate_romaji,kept:太古,普通名詞,人工物-その他
太后,たいこう,taiko,duplicate_romaji,kept:太古,普通名詞,人
太閤,たいこう,taiko,duplicate_romaji,kept:太古,普通名詞,人
対向,たいこう,taiko,duplicate_romaji,kept:太古,サ変名詞,抽象物
対抗,たいこう,taiko,duplicate_romaji,kept:太古,サ変名詞,抽象物
対校,たいこう,taiko,duplicate_romaji,kept:太古,サ変名詞,抽象物
対局,たいきょく,taikyoku,duplicate_romaji,kept:大曲,サ変名詞,抽象物
大切,たいせつ,taisetsu,duplicate_romaji,kept:大雪,ナ形容詞,
隊舎,たいしゃ,taisha,duplicate_romaji,kept:大社,普通名詞,場所-施設
大勝,たいしょう,taisho,duplicate_romaji,kept:大暑,サ変名詞,抽象物
大将,たいしょう,taisho,duplicate_romaji,kept:大暑,普通名詞,人
隊商,たいしょう,taisho,duplicate_romaji,kept:大暑,普通名詞,人
大酒,たいしゅ,taishu,duplicate_romaji,kept:大衆,サ変名詞,抽象物
体操,たいそう,taiso,duplicate_romaji,kept:大宗,普通名詞,抽象物
大層,たいそう,taiso,duplicate_romaji,kept:大宗,ナ形容詞,
大洋,たいよう,taiyo,duplicate_romaji,kept:太陽,普通名詞,場所-その他
泰山,たいざん,taizan,duplicate_romaji,kept:大山,普通名詞,場所-自然
高,たか,taka,duplicate_romaji,kept:鷹,普通名詞,抽象物
高い,たかい,takai,duplicate_romaji,kept:他界,イ形容詞,
他家,たけ,take,duplicate_romaji,kept:岳,普通名詞,場所-施設
竹,たけ,take,duplicate_romaji,kept:岳,普通名詞,植物
長ける,たける,takeru,duplicate_romaji,kept:炊ける,動詞,
多岐,たき,taki,duplicate_romaji,kept:滝,ナ形容詞,
凧,たこ,tako,duplicate_romaji,kept:蛸,普通名詞,人工物-その他
胼胝,たこ,tako,duplicate_romaji,kept:蛸,普通名詞,動物-部位
多幸,たこう,tako,duplicate_romaji,kept:蛸,ナ形容詞,
炊く,たく,taku,duplicate_romaji,kept:宅,動詞,
焚く,たく,taku,duplicate_romaji,kept:宅,動詞,
巧み,たくみ,takumi,duplicate_romaji,kept:内匠,ナ形容詞,
偶,たま,tama,duplicate_romaji,kept:弾,ナ形容詞,
玉,たま,tama,duplicate_romaji,kept:弾,普通名詞,形・模様
球,たま,tama,duplicate_romaji,kept:弾,普通名詞,人工物-その他;形・模様
溜まる,たまる,tamaru,duplicate_romaji,kept:堪る,動詞,
貯める,ためる,tameru,duplicate_romaji,kept:溜める,動詞,
単調,たんちょう,tancho,duplicate_romaji,kept:丹頂,ナ形容詞,
短調,たんちょう,tancho,duplicate_romaji,kept:丹頂,普通名詞,抽象物
炭田,たんでん,tanden,duplicate_romaji,kept:丹田,普通名詞,場所-その他
短歌,たんか,tanka,duplicate_romaji,kept:担架,普通名詞,抽象物
短気,たんき,tanki,duplicate_romaji,kept:短期,ナ形容詞,
堪能,たんのう,tanno,duplicate_romaji,kept:胆嚢,ナ形容詞,
淡泊,たんぱく,tanpaku,duplicate_romaji,kept:蛋白,ナ形容詞,
単産,たんさん,tansan,duplicate_romaji,kept:炭酸,普通名詞,組織・団体
短資,たんし,tanshi,duplicate_romaji,kept:端子,普通名詞,人工物-金銭
足る,たる,taru,duplicate_romaji,kept:樽,動詞,
称える,たたえる,tataeru,duplicate_romaji,kept:湛える,動詞,
縦,たて,tate,duplicate_romaji,kept:盾,普通名詞,場所-機能
立て前,たてまえ,tatemae,duplicate_romaji,kept:建て前,普通名詞,抽象物
立てる,たてる,tateru,duplicate_romaji,kept:建てる,動詞,
建つ,たつ,tatsu,duplicate_romaji,kept:辰,動詞,
断つ,たつ,tatsu,duplicate_romaji,kept:辰,動詞,
発つ,たつ,tatsu,duplicate_romaji,kept:辰,動詞,
立つ,たつ,tatsu,duplicate_romaji,kept:辰,動詞,
経つ,たつ,tatsu,duplicate_romaji,kept:辰,動詞,
絶つ,たつ,tatsu,duplicate_romaji,kept:辰,動詞,
裁つ,たつ,tatsu,duplicate_romaji,kept:辰,動詞,
訪ねる,たずねる,tazuneru,duplicate_romaji,kept:尋ねる,動詞,
低調,ていちょう,teicho,duplicate_romaji,kept:丁重,ナ形容詞,
低額,ていがく,teigaku,duplicate_romaji,kept:定額,ナ形容詞,
停学,ていがく,teigaku,duplicate_romaji,kept:定額,普通名詞,抽象物
帝国,ていこく,teikoku,duplicate_romaji,kept:定刻,普通名詞,場所-その他
低級,ていきゅう,teikyu,duplicate_romaji,kept:庭球,ナ形容詞,
定理,ていり,teiri,duplicate_romaji,kept:低利,普通名詞,抽象物
抵当,ていとう,teito,duplicate_romaji,kept:帝都,普通名詞,抽象物
適地,てきち,tekichi,duplicate_romaji,kept:敵地,普通名詞,場所-その他
的確,てきかく,tekikaku,duplicate_romaji,kept:適格,ナ形容詞,
的確,てきかく,tekikaku,duplicate_romaji,kept:適格,ナ形容詞,
適格,てきかく,tekikaku,duplicate_romaji,kept:適格,ナ形容詞,
鉄器,てっき,tekki,duplicate_romaji,kept:敵機,普通名詞,人工物-その他
鉄筋,てっきん,tekkin,duplicate_romaji,kept:鉄琴,普通名詞,人工物-その他
鉄鋼,てっこう,tekko,duplicate_romaji,kept:鉄鉱,普通名詞,人工物-その他
展示,てんじ,tenji,duplicate_romaji,kept:点字,サ変名詞,抽象物
天井,てんじょう,tenjo,duplicate_romaji,kept:天上,普通名詞,場所-施設部位
添乗,てんじょう,tenjo,duplicate_romaji,kept:天上,サ変名詞,抽象物
転載,てんさい,tensai,duplicate_romaji,kept:天才,サ変名詞,抽象物
天子,てんし,tenshi,duplicate_romaji,kept:天使,普通名詞,人
店主,てんしゅ,tenshu,duplicate_romaji,kept:天主,普通名詞,人
天辺,てっぺん,teppen,duplicate_romaji,kept:鉄片,普通名詞,場所-その他
鉄索,てっさく,tessaku,duplicate_romaji,kept:鉄柵,普通名詞,人工物-その他
手透き,てすき,tesuki,duplicate_romaji,kept:手漉き,普通名詞,抽象物
手討ち,てうち,teuchi,duplicate_romaji,kept:手打ち,普通名詞,抽象物
登板,とうばん,toban,duplicate_romaji,kept:当番,サ変名詞,抽象物
鳶,とび,tobi,duplicate_romaji,kept:鳶,普通名詞,動物
遠吠え,とおぼえ,toboe,duplicate_romaji,kept:遠ぼえ,サ変名詞,抽象物
東部,とうぶ,tobu,duplicate_romaji,kept:頭部,普通名詞,場所-機能
翔ぶ,とぶ,tobu,duplicate_romaji,kept:頭部,動詞,
跳ぶ,とぶ,tobu,duplicate_romaji,kept:頭部,動詞,
飛ぶ,とぶ,tobu,duplicate_romaji,kept:頭部,動詞,
土地,とち,tochi,duplicate_romaji,kept:当地,普通名詞,場所-その他
刺,とげ,toge,duplicate_romaji,kept:峠,普通名詞,植物-部位
投法,とうほう,toho,duplicate_romaji,kept:当方,普通名詞,抽象物
東方,とうほう,toho,duplicate_romaji,kept:当方,普通名詞,場所-その他
徒歩,とほ,toho,duplicate_romaji,kept:当方,普通名詞,抽象物
遠い,とおい,toi,duplicate_romaji,kept:問,イ形容詞,
当時,とうじ,toji,duplicate_romaji,kept:冬至,時相名詞,時間
答辞,とうじ,toji,duplicate_romaji,kept:冬至,普通名詞,抽象物
閉じる,とじる,tojiru,duplicate_romaji,kept:綴じる,動詞,
搭乗,とうじょう,tojo,duplicate_romaji,kept:途上,サ変名詞,抽象物
都下,とか,toka,duplicate_romaji,kept:灯火,普通名詞,場所-その他
解かす,とかす,tokasu,duplicate_romaji,kept:溶かす,動詞,
解ける,とける,tokeru,duplicate_romaji,kept:溶ける,動詞,
冬季,とうき,toki,duplicate_romaji,kept:朱鷺,時相名詞,時間
冬期,とうき,toki,duplicate_romaji,kept:朱鷺,時相名詞,時間
当期,とうき,toki,duplicate_romaji,kept:朱鷺,時相名詞,時間
陶器,とうき,toki,duplicate_romaji,kept:朱鷺,普通名詞,人工物-その他
時,とき,toki,duplicate_romaji,kept:朱鷺,時相名詞,時間
登校,とうこう,toko,duplicate_romaji,kept:刀工,サ変名詞,抽象物
陶工,とうこう,toko,duplicate_romaji,kept:刀工,普通名詞,人
床,とこ,toko,duplicate_romaji,kept:刀工,普通名詞,場所-その他
渡航,とこう,toko,duplicate_romaji,kept:刀工,サ変名詞,抽象物
投句,とうく,toku,duplicate_romaji,kept:遠く,サ変名詞,抽象物
得,とく,toku,duplicate_romaji,kept:遠く,ナ形容詞,
溶く,とく,toku,duplicate_romaji,kept:遠く,動詞,
解く,とく,toku,duplicate_romaji,kept:遠く,動詞,
説く,とく,toku,duplicate_romaji,kept:遠く,動詞,
特異,とくい,tokui,duplicate_romaji,kept:得意,ナ形容詞,
泊まる,とまる,tomaru,duplicate_romaji,kept:止まる,動詞,
遠眼鏡,とおめがね,tomegane,duplicate_romaji,kept:留め金,普通名詞,人工物-その他
当面,とうめん,tomen,duplicate_romaji,kept:当面,サ変名詞,抽象物;時間
泊める,とめる,tomeru,duplicate_romaji,kept:止める,動詞,
都民,とみん,tomin,duplicate_romaji,kept:島民,普通名詞,人
共,とも,tomo,duplicate_romaji,kept:供,普通名詞,抽象物
友,とも,tomo,duplicate_romaji,kept:供,普通名詞,人
寅,とら,tora,duplicate_romaji,kept:虎,普通名詞,場所-機能;時間
捕れる,とれる,toreru,duplicate_romaji,kept:取れる,動詞,
採れる,とれる,toreru,duplicate_romaji,kept:取れる,動詞,
摂れる,とれる,toreru,duplicate_romaji,kept:取れる,動詞,
撮れる,とれる,toreru,duplicate_romaji,kept:取れる,動詞,
酉,とり,tori,duplicate_romaji,kept:鳥,普通名詞,場所-機能;時間
取る,とる,toru,duplicate_romaji,kept:通る,動詞,
執る,とる,toru,duplicate_romaji,kept:通る,動詞,
捕る,とる,toru,duplicate_romaji,kept:通る,動詞,
採る,とる,toru,duplicate_romaji,kept:通る,動詞,
摂る,とる,toru,duplicate_romaji,kept:通る,動詞,
撮る,とる,toru,duplicate_romaji,kept:通る,動詞,
投了,とうりょう,toryo,duplicate_romaji,kept:棟梁,サ変名詞,抽象物
頭領,とうりょう,toryo,duplicate_romaji,kept:棟梁,サ変名詞,人
塗料,とりょう,toryo,duplicate_romaji,kept:棟梁,普通名詞,人工物-その他
闘士,とうし,toshi,duplicate_romaji,kept:年,普通名詞,人
都市,とし,toshi,duplicate_romaji,kept:年,普通名詞,場所-その他
都心,としん,toshin,duplicate_romaji,kept:灯心,普通名詞,場所-その他
当初,とうしょ,tosho,duplicate_romaji,kept:島嶼,時相名詞,時間
闘将,とうしょう,tosho,duplicate_romaji,kept:島嶼,普通名詞,人
図書,としょ,tosho,duplicate_romaji,kept:島嶼,普通名詞,抽象物
当主,とうしゅ,toshu,duplicate_romaji,kept:党首,普通名詞,人
投手,とうしゅ,toshu,duplicate_romaji,kept:党首,普通名詞,人
東端,とうたん,totan,duplicate_romaji,kept:途端,普通名詞,場所-その他
読点,とうてん,toten,duplicate_romaji,kept:当店,普通名詞,場所-機能
調える,ととのえる,totonoeru,duplicate_romaji,kept:整える,動詞,
調う,ととのう,totonou,duplicate_romaji,kept:整う,動詞,
党友,とうゆう,toyu,duplicate_romaji,kept:灯油,普通名詞,人
瞑る,つぶる,tsuburu,duplicate_romaji,kept:瞑る,動詞,
接ぐ,つぐ,tsugu,duplicate_romaji,kept:告ぐ,動詞,
次ぐ,つぐ,tsugu,duplicate_romaji,kept:告ぐ,動詞,
注ぐ,つぐ,tsugu,duplicate_romaji,kept:告ぐ,動詞,
継ぐ,つぐ,tsugu,duplicate_romaji,kept:告ぐ,動詞,
通貨,つうか,tsuka,duplicate_romaji,kept:塚,普通名詞,人工物-金銭
掴まる,つかまる,tsukamaru,duplicate_romaji,kept:捕まる,動詞,
遣う,つかう,tsukau,duplicate_romaji,kept:使う,動詞,
就ける,つける,tsukeru,duplicate_romaji,kept:付ける,動詞,
浸ける,つける,tsukeru,duplicate_romaji,kept:付ける,動詞,
点ける,つける,tsukeru,duplicate_romaji,kept:付ける,動詞,
着ける,つける,tsukeru,duplicate_romaji,kept:付ける,動詞,
付ききり,つききり,tsukikiri,duplicate_romaji,kept:付ききり,普通名詞,抽象物
通行,つうこう,tsuko,duplicate_romaji,kept:通航,サ変名詞,抽象物
就く,つく,tsuku,duplicate_romaji,kept:付く,動詞,
搗く,つく,tsuku,duplicate_romaji,kept:付く,動詞,
点く,つく,tsuku,duplicate_romaji,kept:付く,動詞,
着く,つく,tsuku,duplicate_romaji,kept:付く,動詞,
突く,つく,tsuku,duplicate_romaji,kept:付く,動詞,
創る,つくる,tsukuru,duplicate_romaji,kept:作る,動詞,
造る,つくる,tsukuru,duplicate_romaji,kept:作る,動詞,
積む,つむ,tsumu,duplicate_romaji,kept:摘む,動詞,
詰む,つむ,tsumu,duplicate_romaji,kept:摘む,動詞,
繋ぐ,つなぐ,tsunagu,duplicate_romaji,kept:綱具,動詞,
釣れる,つれる,tsureru,duplicate_romaji,kept:連れる,動詞,
釣り上げ,つりあげ,tsuriage,duplicate_romaji,kept:吊り上げ,普通名詞,抽象物
吊る,つる,tsuru,duplicate_romaji,kept:鶴,動詞,
蔓,つる,tsuru,duplicate_romaji,kept:鶴,普通名詞,植物-部位
務める,つとめる,tsutomeru,duplicate_romaji,kept:努める,動詞,
勤める,つとめる,tsutomeru,duplicate_romaji,kept:努める,動詞,
露,つゆ,tsuyu,duplicate_romaji,kept:つゆ,普通名詞,抽象物
飢える,うえる,ueru,duplicate_romaji,kept:植える,動詞,
窺う,うかがう,ukagau,duplicate_romaji,kept:伺う,動詞,
迂回,うかい,ukai,duplicate_romaji,kept:鵜飼い,サ変名詞,抽象物
請ける,うける,ukeru,duplicate_romaji,kept:受ける,動詞,
午,うま,uma,duplicate_romaji,kept:馬,普通名詞,場所-機能;時間
産まれる,うまれる,umareru,duplicate_romaji,kept:生まれる,動詞,
埋まる,うまる,umaru,duplicate_romaji,kept:埋まる,動詞,
埋める,うめる,umeru,duplicate_romaji,kept:埋める,動詞,
膿,うみ,umi,duplicate_romaji,kept:海,普通名詞,自然物
埋もれる,うもれる,umoreru,duplicate_romaji,kept:埋もれる,動詞,
産む,うむ,umu,duplicate_romaji,kept:生む,動詞,
膿む,うむ,umu,duplicate_romaji,kept:生む,動詞,
運航,うんこう,unko,duplicate_romaji,kept:うんこ,サ変名詞,抽象物
運行,うんこう,unko,duplicate_romaji,kept:うんこ,サ変名詞,抽象物
裏,うら,ura,duplicate_romaji,kept:浦,普通名詞,場所-機能;抽象物
熟れる,うれる,ureru,duplicate_romaji,kept:売れる,動詞,
丑,うし,ushi,duplicate_romaji,kept:牛,普通名詞,場所-機能;時間
薄い,うすい,usui,duplicate_romaji,kept:雨水,イ形容詞,
詠う,うたう,utau,duplicate_romaji,kept:歌う,動詞,
謳う,うたう,utau,duplicate_romaji,kept:歌う,動詞,
撃つ,うつ,utsu,duplicate_romaji,kept:打つ,動詞,
討つ,うつ,utsu,duplicate_romaji,kept:打つ,動詞,
移ろう,うつろう,utsurou,duplicate_romaji,kept:映ろう,動詞,
移る,うつる,utsuru,duplicate_romaji,kept:写る,動詞,
遷る,うつる,utsuru,duplicate_romaji,kept:写る,動詞,
移す,うつす,utsusu,duplicate_romaji,kept:写す,動詞,
上滑り,うわすべり,uwasuberi,duplicate_romaji,kept:上滑り,ナ形容詞,
上積み,うわづみ,uwazumi,duplicate_romaji,kept:上澄み,サ変名詞,抽象物
分かれる,わかれる,wakareru,duplicate_romaji,kept:別れる,動詞,
沸く,わく,waku,duplicate_romaji,kept:枠,動詞,
湧く,わく,waku,duplicate_romaji,kept:枠,動詞,
わし,わし,washi,duplicate_romaji,kept:鷲,普通名詞,人
和紙,わし,washi,duplicate_romaji,kept:鷲,普通名詞,人工物-その他
私,わたし,watashi,duplicate_romaji,kept:私,普通名詞,人
私,わたし,watashi,duplicate_romaji,kept:私,普通名詞,人
煩う,わずらう,wazurau,duplicate_romaji,kept:患う,動詞,
破れる,やぶれる,yabureru,duplicate_romaji,kept:敗れる,動詞,
薬缶,やかん,yakan,duplicate_romaji,kept:夜間,普通名詞,人工物-その他
妬く,やく,yaku,duplicate_romaji,kept:葯,動詞,
焼く,やく,yaku,duplicate_romaji,kept:葯,動詞,
約分,やくぶん,yakubun,duplicate_romaji,kept:訳文,サ変名詞,抽象物
訳者,やくしゃ,yakusha,duplicate_romaji,kept:役者,普通名詞,人
訳書,やくしょ,yakusho,duplicate_romaji,kept:役所,普通名詞,抽象物
厄除け,やくよけ,yakuyoke,duplicate_romaji,kept:厄除,サ変名詞,抽象物
辞める,やめる,yameru,duplicate_romaji,kept:止める,動詞,
易しい,やさしい,yasashii,duplicate_romaji,kept:優しい,イ形容詞,
易い,やすい,yasui,duplicate_romaji,kept:安い,イ形容詞,
呼ぶ,よぶ,yobu,duplicate_romaji,kept:腰部,動詞,
幼稚,ようち,yochi,duplicate_romaji,kept:用地,ナ形容詞,
余地,よち,yochi,duplicate_romaji,kept:用地,普通名詞,場所-その他
洋風,ようふう,yofu,duplicate_romaji,kept:養父,普通名詞,抽象物
洋楽,ようがく,yogaku,duplicate_romaji,kept:洋学,普通名詞,抽象物
用品,ようひん,yohin,duplicate_romaji,kept:洋品,普通名詞,人工物-その他
良い,よい,yoi,duplicate_romaji,kept:宵,イ形容詞,
良い,よい,yoi,duplicate_romaji,kept:宵,イ形容詞,
容易,ようい,yoi,duplicate_romaji,kept:宵,ナ形容詞,
幼児,ようじ,yoji,duplicate_romaji,kept:幼時,普通名詞,人
楊枝,ようじ,yoji,duplicate_romaji,kept:幼時,普通名詞,人工物-その他
余人,よじん,yojin,duplicate_romaji,kept:要人,普通名詞,人
養女,ようじょ,yojo,duplicate_romaji,kept:幼女,普通名詞,人
洋上,ようじょう,yojo,duplicate_romaji,kept:幼女,普通名詞,場所-その他
葉状,ようじょう,yojo,duplicate_romaji,kept:幼女,普通名詞,形・模様
予科,よか,yoka,duplicate_romaji,kept:余暇,普通名詞,抽象物
溶解,ようかい,yokai,duplicate_romaji,kept:妖怪,サ変名詞,抽象物
洋館,ようかん,yokan,duplicate_romaji,kept:羊羮,普通名詞,場所-施設
陽気,ようき,yoki,duplicate_romaji,kept:容器,ナ形容詞,
洋行,ようこう,yoko,duplicate_romaji,kept:横,サ変名詞,抽象物
陽極,ようきょく,yokyoku,duplicate_romaji,kept:謡曲,普通名詞,抽象物
読む,よむ,yomu,duplicate_romaji,kept:詠む,動詞,
余年,よねん,yonen,duplicate_romaji,kept:幼年,普通名詞,時間
因る,よる,yoru,duplicate_romaji,kept:夜,動詞,
寄る,よる,yoru,duplicate_romaji,kept:夜,動詞,
縒る,よる,yoru,duplicate_romaji,kept:夜,動詞,
選る,よる,yoru,duplicate_romaji,kept:夜,動詞,
洋裁,ようさい,yosai,duplicate_romaji,kept:要塞,普通名詞,抽象物
陽性,ようせい,yosei,duplicate_romaji,kept:妖精,ナ形容詞,
余生,よせい,yosei,duplicate_romaji,kept:妖精,普通名詞,抽象物
用紙,ようし,yoshi,duplicate_romaji,kept:洋紙,普通名詞,人工物-その他
養子,ようし,yoshi,duplicate_romaji,kept:洋紙,普通名詞,人
由,よし,yoshi,duplicate_romaji,kept:洋紙,普通名詞,抽象物
要衝,ようしょう,yosho,duplicate_romaji,kept:洋書,普通名詞,場所-その他
予習,よしゅう,yoshu,duplicate_romaji,kept:洋酒,サ変名詞,抽象物
洋装,ようそう,yoso,duplicate_romaji,kept:余所,サ変名詞,抽象物
余所行き,よそいき,yosoiki,duplicate_romaji,kept:余所行き,普通名詞,人工物-衣類;抽象物
羊水,ようすい,yosui,duplicate_romaji,kept:用水,普通名詞,自然物
羊頭,ようとう,yoto,duplicate_romaji,kept:洋陶,普通名詞,動物-部位
与党,よとう,yoto,duplicate_romaji,kept:洋陶,普通名詞,組織・団体
弱い,よわい,yowai,duplicate_romaji,kept:齢,イ形容詞,
用材,ようざい,yozai,duplicate_romaji,kept:溶剤,普通名詞,人工物-その他
夕べ,ゆうべ,yube,duplicate_romaji,kept:ゆうべ,時相名詞,時間
優美,ゆうび,yubi,duplicate_romaji,kept:指,ナ形容詞,
有益,ゆうえき,yueki,duplicate_romaji,kept:輸液,ナ形容詞,
優雅,ゆうが,yuga,duplicate_romaji,kept:油画,ナ形容詞,
歪む,ゆがむ,yugamu,duplicate_romaji,kept:歪む,動詞,
有限,ゆうげん,yugen,duplicate_romaji,kept:幽玄,ナ形容詞,
有意,ゆうい,yui,duplicate_romaji,kept:優位,ナ形容詞,
有為,ゆうい,yui,duplicate_romaji,kept:優位,ナ形容詞,
愉快,ゆかい,yukai,duplicate_romaji,kept:融解,ナ形容詞,
勇敢,ゆうかん,yukan,duplicate_romaji,kept:夕刊,ナ形容詞,
有利,ゆうり,yuri,duplicate_romaji,kept:百合,ナ形容詞,
優良,ゆうりょう,yuryo,duplicate_romaji,kept:遊漁,ナ形容詞,
優勢,ゆうせい,yusei,duplicate_romaji,kept:遊星,ナ形容詞,
油井,ゆせい,yusei,duplicate_romaji,kept:遊星,普通名詞,場所-施設
勇士,ゆうし,yushi,duplicate_romaji,kept:油脂,普通名詞,人
有志,ゆうし,yushi,duplicate_romaji,kept:油脂,普通名詞,人;抽象物
諭旨,ゆし,yushi,duplicate_romaji,kept:油脂,普通名詞,抽象物
勇壮,ゆうそう,yuso,duplicate_romaji,kept:郵送,ナ形容詞,
輸送,ゆそう,yuso,duplicate_romaji,kept:郵送,サ変名詞,抽象物
在校,ざいこう,zaiko,duplicate_romaji,kept:在庫,サ変名詞,抽象物
前人,ぜんじん,zenjin,duplicate_romaji,kept:全人,普通名詞,人
前日,ぜんじつ,zenjitsu,duplicate_romaji,kept:全日,時相名詞,時間
全会,ぜんかい,zenkai,duplicate_romaji,kept:前回,普通名詞,組織・団体
全館,ぜんかん,zenkan,duplicate_romaji,kept:全巻,普通名詞,場所-施設
全校,ぜんこう,zenko,duplicate_romaji,kept:全戸,普通名詞,組織・団体
全高,ぜんこう,zenko,duplicate_romaji,kept:全戸,普通名詞,組織・団体
前面,ぜんめん,zenmen,duplicate_romaji,kept:全面,普通名詞,場所-その他
禅林,ぜんりん,zenrin,duplicate_romaji,kept:前輪,普通名詞,組織・団体;場所-施設
前妻,ぜんさい,zensai,duplicate_romaji,kept:前菜,普通名詞,人
前線,ぜんせん,zensen,duplicate_romaji,kept:全線,普通名詞,場所-機能
全勝,ぜんしょう,zensho,duplicate_romaji,kept:全書,サ変名詞,抽象物
全集,ぜんしゅう,zenshu,duplicate_romaji,kept:前週,普通名詞,人工物-その他;抽象物
前転,ぜんてん,zenten,duplicate_romaji,kept:全店,普通名詞,抽象物
全島,ぜんとう,zento,duplicate_romaji,kept:全党,普通名詞,組織・団体;場所-その他
臓器,ぞうき,zoki,duplicate_romaji,kept:雑木,普通名詞,動物-部位
俗,ぞく,zoku,duplicate_romaji,kept:賊,ナ形容詞,
族,ぞく,zoku,duplicate_romaji,kept:賊,普通名詞,組織・団体
おっぱい,おっぱい,oppai,inappropriate,sensitive_words_file,普通名詞,動物-部位
相反する,あいはんする,aihansuru,irregular_verb,サ変動詞,動詞,
愛する,あいする,aisuru,irregular_verb,サ変動詞,動詞,
相対する,あいたいする,aitaisuru,irregular_verb,サ変動詞,動詞,
甘んずる,あまんずる,amanzuru,irregular_verb,ザ変動詞,動詞,
案ずる,あんずる,anzuru,irregular_verb,ザ変動詞,動詞,
汗する,あせする,asesuru,irregular_verb,サ変動詞,動詞,
圧する,あっする,assuru,irregular_verb,サ変動詞,動詞,
値する,あたいする,ataisuru,irregular_verb,サ変動詞,動詞,
倍する,ばいする,baisuru,irregular_verb,サ変動詞,動詞,
罰する,ばっする,bassuru,irregular_verb,サ変動詞,動詞,
便する,べんする,bensuru,irregular_verb,サ変動詞,動詞,
没する,ぼっする,bossuru,irregular_verb,サ変動詞,動詞,
長ずる,ちょうずる,chozuru,irregular_verb,ザ変動詞,動詞,
題する,だいする,daisuru,irregular_verb,サ変動詞,動詞,
断ずる,だんずる,danzuru,irregular_verb,ザ変動詞,動詞,
脱する,だっする,dassuru,irregular_verb,サ変動詞,動詞,
堕する,だする,dasuru,irregular_verb,サ変動詞,動詞,
どうかする,どうかする,dokasuru,irregular_verb,サ変動詞,動詞,
毒する,どくする,dokusuru,irregular_verb,サ変動詞,動詞,
動ずる,どうずる,dozuru,irregular_verb,ザ変動詞,動詞,
演ずる,えんずる,enzuru,irregular_verb,ザ変動詞,動詞,
伏する,ふくする,fukusuru,irregular_verb,サ変動詞,動詞,
復する,ふくする,fukusuru,irregular_verb,サ変動詞,動詞,
服する,ふくする,fukusuru,irregular_verb,サ変動詞,動詞,
扮する,ふんする,funsuru,irregular_verb,サ変動詞,動詞,
付する,ふする,fusuru,irregular_verb,サ変動詞,動詞,
害する,がいする,gaisuru,irregular_verb,サ変動詞,動詞,
減ずる,げんずる,genzuru,irregular_verb,ザ変動詞,動詞,
擬する,ぎする,gisuru,irregular_verb,サ変動詞,動詞,
号する,ごうする,gosuru,irregular_verb,サ変動詞,動詞,
御座います,ございます,gozaimasu,irregular_verb,動詞性接尾辞ます型,動詞,
御する,ぎょする,gyosuru,irregular_verb,サ変動詞,動詞,
廃する,はいする,haisuru,irregular_verb,サ変動詞,動詞,
拝する,はいする,haisuru,irregular_verb,サ変動詞,動詞,
排する,はいする,haisuru,irregular_verb,サ変動詞,動詞,
配する,はいする,haisuru,irregular_verb,サ変動詞,動詞,
博する,はくする,hakusuru,irregular_verb,サ変動詞,動詞,
反する,はんする,hansuru,irregular_verb,サ変動詞,動詞,
発する,はっする,hassuru,irregular_verb,サ変動詞,動詞,
偏する,へんする,hensuru,irregular_verb,サ変動詞,動詞,
瀕する,ひんする,hinsuru,irregular_verb,サ変動詞,動詞,
貧する,ひんする,hinsuru,irregular_verb,サ変動詞,動詞,
比する,ひする,hisuru,irregular_verb,サ変動詞,動詞,
欲する,ほっする,hossuru,irregular_verb,サ変動詞,動詞,
報ずる,ほうずる,hozuru,irregular_verb,ザ変動詞,動詞,
封ずる,ほうずる,hozuru,irregular_verb,ザ変動詞,動詞,
表する,ひょうする,hyosuru,irregular_verb,サ変動詞,動詞,
評する,ひょうする,hyosuru,irregular_verb,サ変動詞,動詞,
逸する,いっする,issuru,irregular_verb,サ変動詞,動詞,
寂する,じゃくする,jakusuru,irregular_verb,サ変動詞,動詞,
持する,じする,jisuru,irregular_verb,サ変動詞,動詞,
辞する,じする,jisuru,irregular_verb,サ変動詞,動詞,
乗ずる,じょうずる,jozuru,irregular_verb,ザ変動詞,動詞,
熟する,じゅくする,jukusuru,irregular_verb,サ変動詞,動詞,
準ずる,じゅんずる,junzuru,irregular_verb,ザ変動詞,動詞,
介する,かいする,kaisuru,irregular_verb,サ変動詞,動詞,
会する,かいする,kaisuru,irregular_verb,サ変動詞,動詞,
解する,かいする,kaisuru,irregular_verb,サ変動詞,動詞,
画する,かくする,kakusuru,irregular_verb,サ変動詞,動詞,
冠する,かんする,kansuru,irregular_verb,サ変動詞,動詞,
関する,かんする,kansuru,irregular_verb,サ変動詞,動詞,
感ずる,かんずる,kanzuru,irregular_verb,ザ変動詞,動詞,
科する,かする,kasuru,irregular_verb,サ変動詞,動詞,
課する,かする,kasuru,irregular_verb,サ変動詞,動詞,
献ずる,けんずる,kenzuru,irregular_verb,ザ変動詞,動詞,
決する,けっする,kessuru,irregular_verb,サ変動詞,動詞,
禁ずる,きんずる,kinzuru,irregular_verb,ザ変動詞,動詞,
喫する,きっする,kissuru,irregular_verb,サ変動詞,動詞,
帰する,きする,kisuru,irregular_verb,サ変動詞,動詞,
期する,きする,kisuru,irregular_verb,サ変動詞,動詞,
恋する,こいする,koisuru,irregular_verb,サ変動詞,動詞,
心する,こころする,kokorosuru,irregular_verb,サ変動詞,動詞,
抗する,こうする,kosuru,irregular_verb,サ変動詞,動詞,
異にする,ことにする,kotonisuru,irregular_verb,サ変動詞,動詞,
講ずる,こうずる,kozuru,irregular_verb,ザ変動詞,動詞,
高ずる,こうずる,kozuru,irregular_verb,ザ変動詞,動詞,
与する,くみする,kumisuru,irregular_verb,サ変動詞,動詞,
来る,くる,kuru,irregular_verb,カ変動詞,動詞,
来る,くる,kuru,irregular_verb,カ変動詞来,動詞,
屈する,くっする,kussuru,irregular_verb,サ変動詞,動詞,
供する,きょうする,kyosuru,irregular_verb,サ変動詞,動詞,
興ずる,きょうずる,kyozuru,irregular_verb,ザ変動詞,動詞,
休する,きゅうする,kyusuru,irregular_verb,サ変動詞,動詞,
窮する,きゅうする,kyusuru,irregular_verb,サ変動詞,動詞,
全うする,まっとうする,mattosuru,irregular_verb,サ変動詞,動詞,
命ずる,めいずる,meizuru,irregular_verb,ザ変動詞,動詞,
銘ずる,めいずる,meizuru,irregular_verb,ザ変動詞,動詞,
面する,めんする,mensuru,irregular_verb,サ変動詞,動詞,
免ずる,めんずる,menzuru,irregular_verb,ザ変動詞,動詞,
黙する,もくする,mokusuru,irregular_verb,サ変動詞,動詞,
模する,もする,mosuru,irregular_verb,サ変動詞,動詞,
無にする,むにする,munisuru,irregular_verb,サ変動詞,動詞,
並び称する,ならびしょうする,narabishosuru,irregular_verb,サ変動詞,動詞,
念ずる,ねんずる,nenzuru,irregular_verb,ザ変動詞,動詞,
熱する,ねっする,nessuru,irregular_verb,サ変動詞,動詞,
任ずる,にんずる,ninzuru,irregular_verb,ザ変動詞,動詞,
臆する,おくする,okusuru,irregular_verb,サ変動詞,動詞,
重んずる,おもんずる,omonzuru,irregular_verb,ザ変動詞,動詞,
応ずる,おうずる,ozuru,irregular_verb,ザ変動詞,動詞,
列する,れっする,ressuru,irregular_verb,サ変動詞,動詞,
律する,りっする,rissuru,irregular_verb,サ変動詞,動詞,
利する,りする,risuru,irregular_verb,サ変動詞,動詞,
論ずる,ろんずる,ronzuru,irregular_verb,ザ変動詞,動詞,
労する,ろうする,rosuru,irregular_verb,サ変動詞,動詞,
弄する,ろうする,rosuru,irregular_verb,サ変動詞,動詞,
類する,るいする,ruisuru,irregular_verb,サ変動詞,動詞,
略する,りゃくする,ryakusuru,irregular_verb,サ変動詞,動詞,
際する,さいする,saisuru,irregular_verb,サ変動詞,動詞,
幸いする,さいわいする,saiwaisuru,irregular_verb,サ変動詞,動詞,
先んずる,さきんずる,sakinzuru,irregular_verb,ザ変動詞,動詞,
産する,さんする,sansuru,irregular_verb,サ変動詞,動詞,
参ずる,さんずる,sanzuru,irregular_verb,ザ変動詞,動詞,
察する,さっする,sassuru,irregular_verb,サ変動詞,動詞,
左右する,さゆうする,sayusuru,irregular_verb,サ変動詞,動詞,
制する,せいする,seisuru,irregular_verb,サ変動詞,動詞,
接する,せっする,sessuru,irregular_verb,サ変動詞,動詞,
信ずる,しんずる,shinzuru,irregular_verb,ザ変動詞,動詞,
失する,しっする,shissuru,irregular_verb,サ変動詞,動詞,
資する,しする,shisuru,irregular_verb,サ変動詞,動詞,
食する,しょくする,shokusuru,irregular_verb,サ変動詞,動詞,
称する,しょうする,shosuru,irregular_verb,サ変動詞,動詞,
証する,しょうする,shosuru,irregular_verb,サ変動詞,動詞,
賞する,しょうする,shosuru,irregular_verb,サ変動詞,動詞,
処する,しょする,shosuru,irregular_verb,サ変動詞,動詞,
生ずる,しょうずる,shozuru,irregular_verb,ザ変動詞,動詞,
則する,そくする,sokusuru,irregular_verb,サ変動詞,動詞,
損する,そんする,sonsuru,irregular_verb,サ変動詞,動詞,
損ずる,そんずる,sonzuru,irregular_verb,ザ変動詞,動詞,
奏する,そうする,sosuru,irregular_verb,サ変動詞,動詞,
する,する,suru,irregular_verb,サ変動詞,動詞,
対する,たいする,taisuru,irregular_verb,サ変動詞,動詞,
託する,たくする,takusuru,irregular_verb,サ変動詞,動詞,
たむろする,たむろする,tamurosuru,irregular_verb,サ変動詞,動詞,
達する,たっする,tassuru,irregular_verb,サ変動詞,動詞,
呈する,ていする,teisuru,irregular_verb,サ変動詞,動詞,
適する,てきする,tekisuru,irregular_verb,サ変動詞,動詞,
点ずる,てんずる,tenzuru,irregular_verb,ザ変動詞,動詞,
転ずる,てんずる,tenzuru,irregular_verb,ザ変動詞,動詞,
徹する,てっする,tessuru,irregular_verb,サ変動詞,動詞,
得する,とくする,tokusuru,irregular_verb,サ変動詞,動詞,
投ずる,とうずる,tozuru,irregular_verb,ザ変動詞,動詞,
通ずる,つうずる,tsuzuru,irregular_verb,ザ変動詞,動詞,
和する,わする,wasuru,irregular_verb,サ変動詞,動詞,
私する,わたくしする,watakushisuru,irregular_verb,サ変動詞,動詞,
約する,やくする,yakusuru,irregular_verb,サ変動詞,動詞,
訳する,やくする,yakusuru,irregular_verb,サ変動詞,動詞,
やってくる,やってくる,yattekuru,irregular_verb,カ変動詞,動詞,
浴する,よくする,yokusuru,irregular_verb,サ変動詞,動詞,
擁する,ようする,yosuru,irregular_verb,サ変動詞,動詞,
要する,ようする,yosuru,irregular_verb,サ変動詞,動詞,
有する,ゆうする,yusuru,irregular_verb,サ変動詞,動詞,
絶する,ぜっする,zessuru,irregular_verb,サ変動詞,動詞,
属する,ぞくする,zokusuru,irregular_verb,サ変動詞,動詞,
存ずる,ぞんずる,zonzuru,irregular_verb,ザ変動詞,動詞,
アボカド,あぼかど,abokado,katakana_loanword,,普通名詞,植物;人工物-食べ物
アーチ,あーち,achi,katakana_loanword,,普通名詞,場所-施設
アダルト,あだると,adaruto,katakana_loanword,,普通名詞,人
アドバイス,あどばいす,adobaisu,katakana_loanword,,サ変名詞,抽象物
アドバイザー,あどばいざー,adobaiza,katakana_loanword,,普通名詞,人
アドバイザー,あどばいざー,adobaiza,katakana_loanword,,普通名詞,人
アドレス,あどれす,adoresu,katakana_loanword,,普通名詞,抽象物
アドリブ,あどりぶ,adoribu,katakana_loanword,,普通名詞,抽象物
アフタ,あふた,afuta,katakana_loanword,,普通名詞,抽象物
アヘン,あへん,ahen,katakana_loanword,,普通名詞,人工物-その他
アイデア,あいであ,aidea,katakana_loanword,,普通名詞,抽象物
アイデア,あいであ,aidea,katakana_loanword,,普通名詞,抽象物
アイデンティティー,あいでんてぃてぃー,aidentiti,katakana_loanword,,普通名詞,抽象物
アイデンティティー,あいでんてぃてぃー,aidentiti,katakana_loanword,,普通名詞,抽象物
アイドル,あいどる,aidoru,katakana_loanword,,普通名詞,人
アイコン,あいこん,aikon,katakana_loanword,,普通名詞,抽象物
アイランド,あいらんど,airando,katakana_loanword,,普通名詞,場所-自然
アイロン,あいろん,airon,katakana_loanword,,普通名詞,人工物-その他
アイス,あいす,aisu,katakana_loanword,,普通名詞,人工物-食べ物
アイスホッケー,あいすほっけー,aisuhokke,katakana_loanword,,普通名詞,抽象物
アイスホッケー,あいすほっけー,aisuhokke,katakana_loanword,,普通名詞,抽象物
アイスクリーム,あいすくりーむ,aisukurimu,katakana_loanword,,普通名詞,人工物-食べ物
アイテム,あいてむ,aitemu,katakana_loanword,,普通名詞,人工物-その他
アジェンダ,あじぇんだ,ajenda,katakana_loanword,,普通名詞,抽象物
アカデミー,あかでみー,akademi,katakana_loanword,,普通名詞,組織・団体;場所-施設
アカデミー,あかでみー,akademi,katakana_loanword,,普通名詞,組織・団体;場所-施設
アカシア,あかしあ,akashia,katakana_loanword,,普通名詞,植物
アーケード,あーけーど,akedo,katakana_loanword,,普通名詞,場所-施設
アキレス腱,あきれすけん,akiresuken,katakana_loanword,,普通名詞,動物-部位
アクリル,あくりる,akuriru,katakana_loanword,,普通名詞,人工物-その他
アクセント,あくせんと,akusento,katakana_loanword,,普通名詞,抽象物
アクセル,あくせる,akuseru,katakana_loanword,,普通名詞,人工物-その他
アクセサリー,あくせさりー,akusesari,katakana_loanword,,普通名詞,人工物-衣類
アクセサリー,あくせさりー,akusesari,katakana_loanword,,普通名詞,人工物-衣類
アクセス,あくせす,akusesu,katakana_loanword,,サ変名詞,抽象物
アクション,あくしょん,akushon,katakana_loanword,,普通名詞,抽象物
アクター,あくたー,akuta,katakana_loanword,,普通名詞,人
アクティブ,あくてぃぶ,akutibu,katakana_loanword,,ナ形容詞,
アマ,あま,ama,katakana_loanword,,普通名詞,人
アマチュア,あまちゅあ,amachua,katakana_loanword,,ナ形容詞,
アメリカン,あめりかん,amerikan,katakana_loanword,,普通名詞,抽象物
アミノ酸,あみのさん,aminosan,katakana_loanword,,普通名詞,自然物
アナリスト,あなりすと,anarisuto,katakana_loanword,,普通名詞,人
アナログ,あなろぐ,anarogu,katakana_loanword,,普通名詞,抽象物
アナウンサー,あなうんさー,anaunsa,katakana_loanword,,普通名詞,人
アナウンサー,あなうんさー,anaunsa,katakana_loanword,,普通名詞,人
アナウンス,あなうんす,anaunsu,katakana_loanword,,サ変名詞,抽象物
アンバランス,あんばらんす,anbaransu,katakana_loanword,,ナ形容詞,
アンチ,あんち,anchi,katakana_loanword,,普通名詞,抽象物
アンダー,あんだー,anda,katakana_loanword,,普通名詞,場所-機能
アンド,あんど,ando,katakana_loanword,,普通名詞,抽象物
アンフェア,あんふぇあ,anfea,katakana_loanword,,ナ形容詞,
アングル,あんぐる,anguru,katakana_loanword,,普通名詞,抽象物
アニメ,あにめ,anime,katakana_loanword,,普通名詞,抽象物
アニメーション,あにめーしょん,animeshon,katakana_loanword,,普通名詞,抽象物
アンカー,あんかー,anka,katakana_loanword,,普通名詞,人;人工物-その他
アンケート,あんけーと,anketo,katakana_loanword,,サ変名詞,抽象物
アンコール,あんこーる,ankoru,katakana_loanword,,普通名詞,抽象物
アンモニア,あんもにあ,anmonia,katakana_loanword,,普通名詞,自然物
アンテナ,あんてな,antena,katakana_loanword,,普通名詞,人工物-その他
アパート,あぱーと,apato,katakana_loanword,,普通名詞,場所-施設
アピール,あぴーる,apiru,katakana_loanword,,サ変名詞,抽象物
アポ,あぽ,apo,katakana_loanword,,普通名詞,抽象物
アップ,あっぷ,appu,katakana_loanword,,サ変名詞,抽象物
アップデート,あっぷでーと,appudeto,katakana_loanword,,サ変名詞,抽象物
アプリ,あぷり,apuri,katakana_loanword,,普通名詞,抽象物
アプリケーション,あぷりけーしょん,apurikeshon,katakana_loanword,,普通名詞,抽象物
アプローチ,あぷろーち,apurochi,katakana_loanword,,サ変名詞,場所-施設部位;抽象物
アレンジ,あれんじ,arenji,katakana_loanword,,サ変名詞,抽象物
アレルギー,あれるぎー,arerugi,katakana_loanword,,普通名詞,抽象物
アレルギー,あれるぎー,arerugi,katakana_loanword,,普通名詞,抽象物
アリバイ,ありばい,aribai,katakana_loanword,,普通名詞,抽象物
アリーナ,ありーな,arina,katakana_loanword,,普通名詞,場所-施設;場所-施設部位
アロハ,あろは,aroha,katakana_loanword,,普通名詞,抽象物
アール,あーる,aru,katakana_loanword,,普通名詞,数量
アルバイト,あるばいと,arubaito,katakana_loanword,,サ変名詞,人;抽象物
アルバム,あるばむ,arubamu,katakana_loanword,,普通名詞,人工物-その他
アルファ,あるふぁ,arufa,katakana_loanword,,普通名詞,抽象物
アルファベット,あるふぁべっと,arufabetto,katakana_loanword,,普通名詞,抽象物
アルゴリズム,あるごりずむ,arugorizumu,katakana_loanword,,普通名詞,抽象物
アルカリ,あるかり,arukari,katakana_loanword,,普通名詞,自然物
アルコール,あるこーる,arukoru,katakana_loanword,,普通名詞,自然物
アルミ,あるみ,arumi,katakana_loanword,,普通名詞,自然物
アルミニウム,あるみにうむ,aruminiumu,katakana_loanword,,普通名詞,自然物
アルペン,あるぺん,arupen,katakana_loanword,,普通名詞,抽象物
アシスト,あしすと,ashisuto,katakana_loanword,,サ変名詞,抽象物
アース,あーす,asu,katakana_loanword,,普通名詞,人工物-その他
アスベスト,あすべすと,asubesuto,katakana_loanword,,普通名詞,自然物
アスレチック,あすれちっく,asurechikku,katakana_loanword,,普通名詞,場所-施設
アタッカー,あたっかー,atakka,katakana_loanword,,普通名詞,人
アタッカー,あたっかー,atakka,katakana_loanword,,普通名詞,人
アタック,あたっく,atakku,katakana_loanword,,サ変名詞,抽象物
アーティスト,あーてぃすと,atisuto,katakana_loanword,,普通名詞,人
アーティスト,あーてぃすと,atisuto,katakana_loanword,,普通名詞,人
アート,あーと,ato,katakana_loanword,,普通名詞,抽象物
アトホーム,あとほーむ,atohomu,katakana_loanword,,ナ形容詞,
アトム,あとむ,atomu,katakana_loanword,,普通名詞,自然物
アトピー,あとぴー,atopi,katakana_loanword,,普通名詞,抽象物
アトピー,あとぴー,atopi,katakana_loanword,,普通名詞,抽象物
アトリエ,あとりえ,atorie,katakana_loanword,,普通名詞,場所-施設
アッと言う間,あっというま,attoiuma,katakana_loanword,,時相名詞,時間
アウト,あうと,auto,katakana_loanword,,普通名詞,抽象物
アウトドア,あうとどあ,autodoa,katakana_loanword,,普通名詞,場所-その他
バー,ばー,ba,katakana_loanword,,普通名詞,場所-施設
バーベキュー,ばーべきゅー,babekyu,katakana_loanword,,普通名詞,人工物-食べ物
バーベキュー,ばーべきゅー,babekyu,katakana_loanword,,普通名詞,人工物-食べ物
バーベル,ばーべる,baberu,katakana_loanword,,普通名詞,人工物-その他
バブル,ばぶる,baburu,katakana_loanword,,普通名詞,抽象物
バーチャル,ばーちゃる,bacharu,katakana_loanword,,普通名詞,抽象物
バドミントン,ばどみんとん,badominton,katakana_loanword,,普通名詞,抽象物
バーゲン,ばーげん,bagen,katakana_loanword,,普通名詞,抽象物
バッグ,ばっぐ,baggu,katakana_loanword,,普通名詞,人工物-その他
バイブル,ばいぶる,baiburu,katakana_loanword,,普通名詞,抽象物
バイキング,ばいきんぐ,baikingu,katakana_loanword,,普通名詞,人
バイク,ばいく,baiku,katakana_loanword,,普通名詞,人工物-乗り物
バイオリン,ばいおりん,baiorin,katakana_loanword,,普通名詞,人工物-その他
バイオリン,ばいおりん,baiorin,katakana_loanword,,普通名詞,人工物-その他
バイパス,ばいぱす,baipasu,katakana_loanword,,普通名詞,場所-施設
バイト,ばいと,baito,katakana_loanword,,サ変名詞,人工物-その他
バジル,ばじる,bajiru,katakana_loanword,,普通名詞,植物
バッジ,ばっじ,bajji,katakana_loanword,,普通名詞,人工物-その他
バージョン,ばーじょん,bajon,katakana_loanword,,普通名詞,抽象物;数量
バカンス,ばかんす,bakansu,katakana_loanword,,普通名詞,抽象物
バケツ,ばけつ,baketsu,katakana_loanword,,普通名詞,人工物-その他
バック,ばっく,bakku,katakana_loanword,,サ変名詞,人工物-その他;場所-機能;抽象物
バックアップ,ばっくあっぷ,bakkuappu,katakana_loanword,,サ変名詞,抽象物
バックス,ばっくす,bakkusu,katakana_loanword,,普通名詞,人
バーコード,ばーこーど,bakodo,katakana_loanword,,普通名詞,抽象物
バクテリア,ばくてりあ,bakuteria,katakana_loanword,,普通名詞,動物
バン,ばん,ban,katakana_loanword,,普通名詞,人工物-乗り物
バーナー,ばーなー,bana,katakana_loanword,,普通名詞,人工物-その他
バナナ,ばなな,banana,katakana_loanword,,普通名詞,植物;人工物-食べ物
バンド,ばんど,bando,katakana_loanword,,普通名詞,組織・団体;人工物-その他
バネ,ばね,bane,katakana_loanword,,普通名詞,人工物-その他
バンガロー,ばんがろー,bangaro,katakana_loanword,,普通名詞,場所-施設
バンガロー,ばんがろー,bangaro,katakana_loanword,,普通名詞,場所-施設
バンカー,ばんかー,banka,katakana_loanword,,普通名詞,人;場所-その他
バンキング,ばんきんぐ,bankingu,katakana_loanword,,普通名詞,抽象物
バンク,ばんく,banku,katakana_loanword,,普通名詞,場所-施設
バラバラ,ばらばら,barabara,katakana_loanword,,ナ形容詞,
バラード,ばらーど,barado,katakana_loanword,,普通名詞,抽象物
バラエティー,ばらえてぃー,baraeti,katakana_loanword,,普通名詞,抽象物
バラエティー,ばらえてぃー,baraeti,katakana_loanword,,普通名詞,抽象物
バラック,ばらっく,barakku,katakana_loanword,,普通名詞,場所-施設
バラまく,ばらまく,baramaku,katakana_loanword,,動詞,
バランス,ばらんす,baransu,katakana_loanword,,普通名詞,抽象物
バレー,ばれー,bare,katakana_loanword,,普通名詞,抽象物
バレーボール,ばれーぼーる,bareboru,katakana_loanword,,普通名詞,抽象物
バレエ,ばれえ,baree,katakana_loanword,,普通名詞,抽象物
バレリーナ,ばれりーな,barerina,katakana_loanword,,普通名詞,人
バリア,ばりあ,baria,katakana_loanword,,普通名詞,抽象物
バリケード,ばりけーど,barikedo,katakana_loanword,,普通名詞,人工物-その他
バリトン,ばりとん,bariton,katakana_loanword,,普通名詞,抽象物
バロック,ばろっく,barokku,katakana_loanword,,普通名詞,抽象物
バルブ,ばるぶ,barubu,katakana_loanword,,普通名詞,人工物-その他
バルコニー,ばるこにー,barukoni,katakana_loanword,,普通名詞,場所-施設部位
バルコニー,ばるこにー,barukoni,katakana_loanword,,普通名詞,場所-施設部位
バッシング,ばっしんぐ,basshingu,katakana_loanword,,サ変名詞,抽象物
バス,ばす,basu,katakana_loanword,,普通名詞,人工物-乗り物
バースデー,ばーすでー,basude,katakana_loanword,,時相名詞,時間
バースデー,ばーすでー,basude,katakana_loanword,,時相名詞,時間
バスケット,ばすけっと,basuketto,katakana_loanword,,普通名詞,人工物-その他;抽象物
バスケットボール,ばすけっとぼーる,basukettoboru,katakana_loanword,,普通名詞,抽象物
バス停,ばすてい,basutei,katakana_loanword,,普通名詞,場所-施設
バスト,ばすと,basuto,katakana_loanword,,普通名詞,動物-部位
バター,ばたー,bata,katakana_loanword,,普通名詞,人工物-食べ物
バタフライ,ばたふらい,batafurai,katakana_loanword,,普通名詞,動物;抽象物
バトン,ばとん,baton,katakana_loanword,,普通名詞,人工物-その他
バツ,ばつ,batsu,katakana_loanword,,普通名詞,抽象物;形・模様
バーツ,ばーつ,batsu,katakana_loanword,,普通名詞,数量
バッター,ばったー,batta,katakana_loanword,,普通名詞,人
バッテリー,ばってりー,batteri,katakana_loanword,,普通名詞,組織・団体;人工物-その他
バッテリー,ばってりー,batteri,katakana_loanword,,普通名詞,組織・団体;人工物-その他
バット,ばっと,batto,katakana_loanword,,普通名詞,人工物-その他
バウンド,ばうんど,baundo,katakana_loanword,,サ変名詞,抽象物
バザー,ばざー,baza,katakana_loanword,,普通名詞,場所-その他
ベア,べあ,bea,katakana_loanword,,普通名詞,抽象物
ベビー,べびー,bebi,katakana_loanword,,普通名詞,人
ベッド,べっど,beddo,katakana_loanword,,普通名詞,人工物-その他
ベイ,べい,bei,katakana_loanword,,普通名詞,場所-自然
ベーコン,べーこん,bekon,katakana_loanword,,普通名詞,人工物-食べ物
ベンチャー,べんちゃー,bencha,katakana_loanword,,普通名詞,組織・団体
ベンチャー,べんちゃー,bencha,katakana_loanword,,普通名詞,組織・団体
ベンチ,べんち,benchi,katakana_loanword,,普通名詞,人工物-その他
ベニヤ板,べにやいた,beniyaita,katakana_loanword,,普通名詞,人工物-その他
ベランダ,べらんだ,beranda,katakana_loanword,,普通名詞,場所-施設部位
ベル,べる,beru,katakana_loanword,,普通名詞,人工物-その他
ベール,べーる,beru,katakana_loanword,,普通名詞,人工物-その他
ベルト,べると,beruto,katakana_loanword,,普通名詞,人工物-衣類
ベース,べーす,besu,katakana_loanword,,普通名詞,人工物-その他
ベースボール,べーすぼーる,besuboru,katakana_loanword,,普通名詞,抽象物
ベスト,べすと,besuto,katakana_loanword,,ナ形容詞,
ベストセラー,べすとせらー,besutosera,katakana_loanword,,普通名詞,人工物-その他;抽象物
ベストセラー,べすとせらー,besutosera,katakana_loanword,,普通名詞,人工物-その他;抽象物
ベター,べたー,beta,katakana_loanword,,ナ形容詞,
ベテラン,べてらん,beteran,katakana_loanword,,普通名詞,人
ビーバー,びーばー,biba,katakana_loanword,,普通名詞,動物
ビビッド,びびっど,bibiddo,katakana_loanword,,ナ形容詞,
ビーチ,びーち,bichi,katakana_loanword,,普通名詞,場所-自然
ビデオ,びでお,bideo,katakana_loanword,,普通名詞,人工物-その他
ビデオテープ,びでおてーぷ,bideotepu,katakana_loanword,,普通名詞,人工物-その他
ビッグ,びっぐ,biggu,katakana_loanword,,ナ形容詞,
ビジネス,びじねす,bijinesu,katakana_loanword,,普通名詞,抽象物
ビジネスライク,びじねすらいく,bijinesuraiku,katakana_loanword,,ナ形容詞,
ビジョン,びじょん,bijon,katakana_loanword,,普通名詞,抽象物
ビジュアル,びじゅある,bijuaru,katakana_loanword,,ナ形容詞,
ビーカー,びーかー,bika,katakana_loanword,,普通名詞,人工物-その他
ビーカー,びーかー,bika,katakana_loanword,,普通名詞,人工物-その他
ビキニ,びきに,bikini,katakana_loanword,,普通名詞,人工物-衣類
ビックリ,びっくり,bikkuri,katakana_loanword,,サ変名詞,抽象物
ビーナス,びーなす,binasu,katakana_loanword,,普通名詞,人
ビニロン,びにろん,biniron,katakana_loanword,,普通名詞,人工物-その他
ビニール,びにーる,biniru,katakana_loanword,,普通名詞,人工物-その他
ビオラ,びおら,biora,katakana_loanword,,普通名詞,人工物-その他
ビラ,びら,bira,katakana_loanword,,普通名詞,人工物-その他
ビロード,びろーど,birodo,katakana_loanword,,普通名詞,人工物-その他
ビル,びる,biru,katakana_loanword,,普通名詞,場所-施設
ビール,びーる,biru,katakana_loanword,,普通名詞,人工物-食べ物
ビスケット,びすけっと,bisuketto,katakana_loanword,,普通名詞,人工物-食べ物
ビタミン,びたみん,bitamin,katakana_loanword,,普通名詞,自然物
ビート,びーと,bito,katakana_loanword,,普通名詞,植物;抽象物
ビット,びっと,bitto,katakana_loanword,,普通名詞,数量
ビザ,びざ,biza,katakana_loanword,,普通名詞,抽象物
ビーズ,びーず,bizu,katakana_loanword,,普通名詞,人工物-その他
ボーッ,ぼーっ,bo,katakana_loanword,,普通名詞,抽象物
ボディー,ぼでぃー,bodi,katakana_loanword,,普通名詞,動物-部位
ボディー,ぼでぃー,bodi,katakana_loanword,,普通名詞,動物-部位
ボード,ぼーど,bodo,katakana_loanword,,普通名詞,人工物-その他
ボーイ,ぼーい,boi,katakana_loanword,,普通名詞,人
ボーイフレンド,ぼーいふれんど,boifurendo,katakana_loanword,,普通名詞,人
ボイコット,ぼいこっと,boikotto,katakana_loanword,,サ変名詞,抽象物
ボイラー,ぼいらー,boira,katakana_loanword,,普通名詞,人工物-その他
ボイラー,ぼいらー,boira,katakana_loanword,,普通名詞,人工物-その他
ボーカル,ぼーかる,bokaru,katakana_loanword,,普通名詞,人;抽象物
ボーカル,ぼーかる,bokaru,katakana_loanword,,普通名詞,人;抽象物
ボックス,ぼっくす,bokkusu,katakana_loanword,,普通名詞,人工物-その他
ボクサー,ぼくさー,bokusa,katakana_loanword,,普通名詞,人
ボクシング,ぼくしんぐ,bokushingu,katakana_loanword,,普通名詞,抽象物
ボーナス,ぼーなす,bonasu,katakana_loanword,,普通名詞,人工物-金銭
ボンベ,ぼんべ,bonbe,katakana_loanword,,普通名詞,人工物-その他
ボンネット,ぼんねっと,bonnetto,katakana_loanword,,普通名詞,人工物-その他
ボランティア,ぼらんてぃあ,borantia,katakana_loanword,,普通名詞,人
ボーリング,ぼーりんぐ,boringu,katakana_loanword,,普通名詞,抽象物
ボーリング,ぼーりんぐ,boringu,katakana_loanword,,普通名詞,抽象物
ボウル,ぼうる,boru,katakana_loanword,,普通名詞,人工物-その他
ボール,ぼーる,boru,katakana_loanword,,普通名詞,人工物-その他
ボール紙,ぼーるがみ,borugami,katakana_loanword,,普通名詞,人工物-その他
ボールペン,ぼーるぺん,borupen,katakana_loanword,,普通名詞,人工物-その他
ボルト,ぼると,boruto,katakana_loanword,,普通名詞,人工物-その他
ボリューム,ぼりゅーむ,boryumu,katakana_loanword,,普通名詞,抽象物
ボサノバ,ぼさのば,bosanoba,katakana_loanword,,普通名詞,抽象物
ボス,ぼす,bosu,katakana_loanword,,普通名詞,人
ボタン,ぼたん,botan,katakana_loanword,,普通名詞,植物;人工物-その他
ボート,ぼーと,boto,katakana_loanword,,普通名詞,人工物-乗り物
ボヤ,ぼや,boya,katakana_loanword,,普通名詞,抽象物
ブッフェ,ぶっふぇ,buffe,katakana_loanword,,普通名詞,場所-施設;抽象物
ブイ,ぶい,bui,katakana_loanword,,普通名詞,人工物-その他
ブーイング,ぶーいんぐ,buingu,katakana_loanword,,普通名詞,抽象物
ブック,ぶっく,bukku,katakana_loanword,,普通名詞,人工物-その他
ブーメラン,ぶーめらん,bumeran,katakana_loanword,,普通名詞,人工物-その他
ブーム,ぶーむ,bumu,katakana_loanword,,普通名詞,抽象物
ブラインド,ぶらいんど,buraindo,katakana_loanword,,普通名詞,人工物-その他
ブラジャー,ぶらじゃー,buraja,katakana_loanword,,普通名詞,人工物-衣類
ブラジャー,ぶらじゃー,buraja,katakana_loanword,,普通名詞,人工物-衣類
ブラック,ぶらっく,burakku,katakana_loanword,,普通名詞,色
ブランド,ぶらんど,burando,katakana_loanword,,普通名詞,抽象物
ブランコ,ぶらんこ,buranko,katakana_loanword,,普通名詞,人工物-その他
ブランク,ぶらんく,buranku,katakana_loanword,,普通名詞,抽象物
ブラシ,ぶらし,burashi,katakana_loanword,,普通名詞,人工物-その他
ブラスバンド,ぶらすばんど,burasubando,katakana_loanword,,普通名詞,組織・団体
ブラウン管,ぶらうんかん,buraunkan,katakana_loanword,,普通名詞,人工物-その他
ブラウス,ぶらうす,burausu,katakana_loanword,,普通名詞,人工物-衣類
ブラウザ,ぶらうざ,burauza,katakana_loanword,,普通名詞,抽象物
ブレイク,ぶれいく,bureiku,katakana_loanword,,サ変名詞,抽象物
ブレーカー,ぶれーかー,bureka,katakana_loanword,,普通名詞,人工物-その他
ブレーカー,ぶれーかー,bureka,katakana_loanword,,普通名詞,人工物-その他
ブレーキ,ぶれーき,bureki,katakana_loanword,,普通名詞,人工物-その他
ブレーン,ぶれーん,buren,katakana_loanword,,普通名詞,人
ブレンド,ぶれんど,burendo,katakana_loanword,,サ変名詞,人工物-食べ物;抽象物
ブリーチ,ぶりーち,burichi,katakana_loanword,,普通名詞,抽象物
ブリーフ,ぶりーふ,burifu,katakana_loanword,,サ変名詞,人工物-衣類
ブリッジ,ぶりっじ,burijji,katakana_loanword,,普通名詞,場所-施設
ブリキ,ぶりき,buriki,katakana_loanword,,普通名詞,人工物-その他
ブローチ,ぶろーち,burochi,katakana_loanword,,普通名詞,人工物-衣類
ブログ,ぶろぐ,burogu,katakana_loanword,,普通名詞,抽象物
ブローカー,ぶろーかー,buroka,katakana_loanword,,普通名詞,人
ブローカー,ぶろーかー,buroka,katakana_loanword,,普通名詞,人
ブロック,ぶろっく,burokku,katakana_loanword,,サ変名詞,人工物-その他;場所-その他
ブロンド,ぶろんど,burondo,katakana_loanword,,普通名詞,色
ブロンズ,ぶろんず,buronzu,katakana_loanword,,普通名詞,自然物
ブルー,ぶるー,buru,katakana_loanword,,普通名詞,色
ブルゾン,ぶるぞん,buruzon,katakana_loanword,,普通名詞,人工物-衣類
ブース,ぶーす,busu,katakana_loanword,,普通名詞,場所-施設部位
ブティック,ぶてぃっく,butikku,katakana_loanword,,普通名詞,場所-施設
ブーツ,ぶーつ,butsu,katakana_loanword,,普通名詞,人工物-衣類
ブザー,ぶざー,buza,katakana_loanword,,普通名詞,人工物-その他
チャーハン,ちゃーはん,chahan,katakana_loanword,,普通名詞,人工物-食べ物
チャイム,ちゃいむ,chaimu,katakana_loanword,,普通名詞,人工物-その他
チャージ,ちゃーじ,chaji,katakana_loanword,,サ変名詞,抽象物
チャック,ちゃっく,chakku,katakana_loanword,,普通名詞,人工物-その他
チャーミング,ちゃーみんぐ,chamingu,katakana_loanword,,ナ形容詞,
チャンバラ,ちゃんばら,chanbara,katakana_loanword,,普通名詞,抽象物
チャンコ,ちゃんこ,chanko,katakana_loanword,,普通名詞,人工物-食べ物
チャンネル,ちゃんねる,channeru,katakana_loanword,,普通名詞,抽象物
チャンネル,ちゃんねる,channeru,katakana_loanword,,普通名詞,抽象物
チャンピオン,ちゃんぴおん,chanpion,katakana_loanword,,普通名詞,人
チャンス,ちゃんす,chansu,katakana_loanword,,普通名詞,時間
チャレンジ,ちゃれんじ,charenji,katakana_loanword,,サ変名詞,抽象物
チャリティー,ちゃりてぃー,chariti,katakana_loanword,,普通名詞,抽象物
チャリティー,ちゃりてぃー,chariti,katakana_loanword,,普通名詞,抽象物
チャーター,ちゃーたー,chata,katakana_loanword,,サ変名詞,抽象物
チャーター,ちゃーたー,chata,katakana_loanword,,サ変名詞,抽象物
チャート,ちゃーと,chato,katakana_loanword,,普通名詞,抽象物
チャット,ちゃっと,chatto,katakana_loanword,,サ変名詞,抽象物
チェアマン,ちぇあまん,cheaman,katakana_loanword,,普通名詞,人
チェック,ちぇっく,chekku,katakana_loanword,,サ変名詞,形・模様
チェーン,ちぇーん,chen,katakana_loanword,,普通名詞,人工物-その他
チェンバロ,ちぇんばろ,chenbaro,katakana_loanword,,普通名詞,人工物-その他
チェンジ,ちぇんじ,chenji,katakana_loanword,,サ変名詞,抽象物
チェリー,ちぇりー,cheri,katakana_loanword,,普通名詞,植物;人工物-食べ物
チェロ,ちぇろ,chero,katakana_loanword,,普通名詞,人工物-その他
チーフ,ちーふ,chifu,katakana_loanword,,普通名詞,人
チフス,ちふす,chifusu,katakana_loanword,,普通名詞,抽象物
チグハグ,ちぐはぐ,chiguhagu,katakana_loanword,,ナ形容詞,
チケット,ちけっと,chiketto,katakana_loanword,,普通名詞,人工物-その他
チキン,ちきん,chikin,katakana_loanword,,普通名詞,人工物-食べ物
チーム,ちーむ,chimu,katakana_loanword,,普通名詞,組織・団体
チンピラ,ちんぴら,chinpira,katakana_loanword,,普通名詞,人
チップ,ちっぷ,chippu,katakana_loanword,,普通名詞,人工物-金銭
チラシ,ちらし,chirashi,katakana_loanword,,普通名詞,人工物-その他
チタン,ちたん,chitan,katakana_loanword,,普通名詞,自然物
チーズ,ちーず,chizu,katakana_loanword,,普通名詞,人工物-食べ物
腸チフス,ちょうちふす,chochifusu,katakana_loanword,,普通名詞,抽象物
チョキ,ちょき,choki,katakana_loanword,,普通名詞,形・模様
チョッキ,ちょっき,chokki,katakana_loanword,,普通名詞,人工物-衣類
チョコ,ちょこ,choko,katakana_loanword,,普通名詞,人工物-食べ物
チョコレート,ちょこれーと,chokoreto,katakana_loanword,,普通名詞,人工物-食べ物
チョーク,ちょーく,choku,katakana_loanword,,普通名詞,人工物-その他
チューブ,ちゅーぶ,chubu,katakana_loanword,,普通名詞,人工物-その他
チューナー,ちゅーなー,chuna,katakana_loanword,,普通名詞,人工物-その他
チューナー,ちゅーなー,chuna,katakana_loanword,,普通名詞,人工物-その他
チューリップ,ちゅーりっぷ,churippu,katakana_loanword,,普通名詞,植物
ダビング,だびんぐ,dabingu,katakana_loanword,,サ変名詞,抽象物
ダブる,だぶる,daburu,katakana_loanword,,動詞,
ダブル,だぶる,daburu,katakana_loanword,,普通名詞,数量
ダブルス,だぶるす,daburusu,katakana_loanword,,普通名詞,抽象物
ダイバー,だいばー,daiba,katakana_loanword,,普通名詞,人
ダイビング,だいびんぐ,daibingu,katakana_loanword,,サ変名詞,抽象物
ダイエット,だいえっと,daietto,katakana_loanword,,サ変名詞,抽象物
ダイナマイト,だいなまいと,dainamaito,katakana_loanword,,普通名詞,人工物-その他
ダイナミック,だいなみっく,dainamikku,katakana_loanword,,ナ形容詞,
ダイニング,だいにんぐ,dainingu,katakana_loanword,,普通名詞,場所-施設
ダイオキシン,だいおきしん,daiokishin,katakana_loanword,,普通名詞,自然物
ダイレクト,だいれくと,dairekuto,katakana_loanword,,ナ形容詞,
大リーガー,だいりーがー,dairiga,katakana_loanword,,普通名詞,人
大リーグ,だいりーぐ,dairigu,katakana_loanword,,普通名詞,組織・団体
ダイヤ,だいや,daiya,katakana_loanword,,普通名詞,自然物;抽象物;形・模様
ダイヤモンド,だいやもんど,daiyamondo,katakana_loanword,,普通名詞,自然物
ダイヤモンド,だいやもんど,daiyamondo,katakana_loanword,,普通名詞,自然物
ダイヤル,だいやる,daiyaru,katakana_loanword,,サ変名詞,人工物-その他;抽象物
ダーク,だーく,daku,katakana_loanword,,普通名詞,抽象物
ダクト,だくと,dakuto,katakana_loanword,,普通名詞,人工物-その他
ダメージ,だめーじ,dameji,katakana_loanword,,普通名詞,抽象物
ダミー,だみー,dami,katakana_loanword,,普通名詞,人工物-その他
ダム,だむ,damu,katakana_loanword,,普通名詞,人工物-その他
段ボール,だんぼーる,danboru,katakana_loanword,,普通名詞,人工物-その他
ダンディー,だんでぃー,dandi,katakana_loanword,,ナ形容詞,
ダンピング,だんぴんぐ,danpingu,katakana_loanword,,サ変名詞,抽象物
ダンプ,だんぷ,danpu,katakana_loanword,,普通名詞,人工物-乗り物
ダンプカー,だんぷかー,danpuka,katakana_loanword,,普通名詞,人工物-乗り物
ダンプカー,だんぷかー,danpuka,katakana_loanword,,普通名詞,人工物-乗り物
ダンサー,だんさー,dansa,katakana_loanword,,普通名詞,人
ダンス,だんす,dansu,katakana_loanword,,普通名詞,抽象物
断トツ,だんとつ,dantotsu,katakana_loanword,,普通名詞,抽象物
ダリア,だりあ,daria,katakana_loanword,,普通名詞,植物
ダッシュ,だっしゅ,dasshu,katakana_loanword,,サ変名詞,抽象物
ダース,だーす,dasu,katakana_loanword,,普通名詞,数量
脱サラ,だつさら,datsusara,katakana_loanword,,サ変名詞,抽象物
ダウン,だうん,daun,katakana_loanword,,サ変名詞,抽象物
ダウンロード,だうんろーど,daunrodo,katakana_loanword,,サ変名詞,抽象物
デー,でー,de,katakana_loanword,,時相名詞,時間
デバイス,でばいす,debaisu,katakana_loanword,,普通名詞,人工物-その他
デビュー,でびゅー,debyu,katakana_loanword,,サ変名詞,抽象物
デフォルト,でふぉると,deforuto,katakana_loanword,,普通名詞,抽象物
デフレ,でふれ,defure,katakana_loanword,,普通名詞,抽象物
デーゲーム,でーげーむ,degemu,katakana_loanword,,普通名詞,抽象物
デイケア,でいけあ,deikea,katakana_loanword,,普通名詞,抽象物
デイリー,でいりー,deiri,katakana_loanword,,普通名詞,時間
デジカメ,でじかめ,dejikame,katakana_loanword,,普通名詞,人工物-その他
デジタル,でじたる,dejitaru,katakana_loanword,,普通名詞,抽象物
デジタル,でじたる,dejitaru,katakana_loanword,,普通名詞,抽象物
デッキ,でっき,dekki,katakana_loanword,,普通名詞,人工物-その他;場所-その他
デマ,でま,dema,katakana_loanword,,普通名詞,抽象物
デマンド,でまんど,demando,katakana_loanword,,普通名詞,抽象物
デメリット,でめりっと,demeritto,katakana_loanword,,普通名詞,抽象物
デモ,でも,demo,katakana_loanword,,普通名詞,抽象物
デパート,でぱーと,depato,katakana_loanword,,普通名詞,場所-施設
デラックス,でらっくす,derakkusu,katakana_loanword,,ナ形容詞,
デリバティブ,でりばてぃぶ,deribatibu,katakana_loanword,,普通名詞,抽象物
デリケート,でりけーと,deriketo,katakana_loanword,,ナ形容詞,
デルタ,でるた,deruta,katakana_loanword,,普通名詞,場所-自然
デッサン,でっさん,dessan,katakana_loanword,,サ変名詞,人工物-その他;抽象物
デスク,ですく,desuku,katakana_loanword,,普通名詞,人工物-その他
データ,でーた,deta,katakana_loanword,,普通名詞,抽象物
データベース,でーたべーす,detabesu,katakana_loanword,,普通名詞,抽象物
デート,でーと,deto,katakana_loanword,,サ変名詞,抽象物
デザイン,でざいん,dezain,katakana_loanword,,サ変名詞,抽象物
デザイナー,でざいなー,dezaina,katakana_loanword,,普通名詞,人
デザイナー,でざいなー,dezaina,katakana_loanword,,普通名詞,人
デザート,でざーと,dezato,katakana_loanword,,普通名詞,人工物-食べ物
ディベート,でぃべーと,dibeto,katakana_loanword,,サ変名詞,抽象物
ディフェンス,でぃふぇんす,difensu,katakana_loanword,,普通名詞,抽象物
ディナー,でぃなー,dina,katakana_loanword,,普通名詞,人工物-食べ物
ディーラー,でぃーらー,dira,katakana_loanword,,普通名詞,人
ディーラー,でぃーらー,dira,katakana_loanword,,普通名詞,人
ディレクター,でぃれくたー,direkuta,katakana_loanword,,普通名詞,人
ディレクター,でぃれくたー,direkuta,katakana_loanword,,普通名詞,人
ディレクトリ,でぃれくとり,direkutori,katakana_loanword,,普通名詞,抽象物
ディスコ,でぃすこ,disuko,katakana_loanword,,普通名詞,場所-施設
ディスク,でぃすく,disuku,katakana_loanword,,普通名詞,人工物-その他
ディスプレー,でぃすぷれー,disupure,katakana_loanword,,普通名詞,人工物-その他;抽象物
ディスプレー,でぃすぷれー,disupure,katakana_loanword,,普通名詞,人工物-その他;抽象物
ディスプレー,でぃすぷれー,disupure,katakana_loanword,,普通名詞,人工物-その他;抽象物
ディーゼル,でぃーぜる,dizeru,katakana_loanword,,普通名詞,人工物-その他
ドア,どあ,doa,katakana_loanword,,普通名詞,場所-施設
ドブ,どぶ,dobu,katakana_loanword,,普通名詞,場所-施設
ドッジボール,どっじぼーる,dojjiboru,katakana_loanword,,普通名詞,抽象物
ドジョウ,どじょう,dojo,katakana_loanword,,普通名詞,動物
ドッキング,どっきんぐ,dokkingu,katakana_loanword,,サ変名詞,抽象物
ドック,どっく,dokku,katakana_loanword,,普通名詞,場所-施設
ドクター,どくたー,dokuta,katakana_loanword,,普通名詞,人
ドキュメンタリー,どきゅめんたりー,dokyumentari,katakana_loanword,,普通名詞,抽象物
ドキュメンタリー,どきゅめんたりー,dokyumentari,katakana_loanword,,普通名詞,抽象物
ドキュメント,どきゅめんと,dokyumento,katakana_loanword,,普通名詞,抽象物
ドメイン,どめいん,domein,katakana_loanword,,普通名詞,抽象物
ドミノ,どみの,domino,katakana_loanword,,普通名詞,抽象物
ドーム,どーむ,domu,katakana_loanword,,普通名詞,場所-施設;形・模様
ドナー,どなー,dona,katakana_loanword,,普通名詞,人
ドーナツ,どーなつ,donatsu,katakana_loanword,,普通名詞,人工物-食べ物
ドーピング,どーぴんぐ,dopingu,katakana_loanword,,普通名詞,抽象物
ドラ,どら,dora,katakana_loanword,,普通名詞,抽象物
ドラフト,どらふと,dorafuto,katakana_loanword,,普通名詞,抽象物
ドラッグ,どらっぐ,doraggu,katakana_loanword,,サ変名詞,人工物-その他;抽象物
ドライ,どらい,dorai,katakana_loanword,,ナ形容詞,
ドライバ,どらいば,doraiba,katakana_loanword,,普通名詞,抽象物
ドライバー,どらいばー,doraiba,katakana_loanword,,普通名詞,人;人工物-その他
ドライブ,どらいぶ,doraibu,katakana_loanword,,サ変名詞,抽象物
ドライヤー,どらいやー,doraiya,katakana_loanword,,普通名詞,人工物-その他
ドライヤー,どらいやー,doraiya,katakana_loanword,,普通名詞,人工物-その他
ドラマ,どらま,dorama,katakana_loanword,,普通名詞,抽象物
ドラマー,どらまー,dorama,katakana_loanword,,普通名詞,人
ドラマチック,どらまちっく,doramachikku,katakana_loanword,,ナ形容詞,
ドラム,どらむ,doramu,katakana_loanword,,普通名詞,人工物-その他
ドラム缶,どらむかん,doramukan,katakana_loanword,,普通名詞,人工物-その他
ドレッシング,どれっしんぐ,doresshingu,katakana_loanword,,普通名詞,人工物-食べ物
ドレス,どれす,doresu,katakana_loanword,,普通名詞,人工物-衣類
ドリブル,どりぶる,doriburu,katakana_loanword,,サ変名詞,抽象物
ドリーム,どりーむ,dorimu,katakana_loanword,,普通名詞,抽象物
ドリル,どりる,doriru,katakana_loanword,,普通名詞,人工物-その他
ドロップ,どろっぷ,doroppu,katakana_loanword,,サ変名詞,人工物-食べ物
ドル,どる,doru,katakana_loanword,,普通名詞,数量
ドル高,どるだか,dorudaka,katakana_loanword,,普通名詞,抽象物
ドル建て,どるだて,dorudate,katakana_loanword,,普通名詞,抽象物
ドル買い,どるかい,dorukai,katakana_loanword,,普通名詞,抽象物
ドル安,どるやす,doruyasu,katakana_loanword,,普通名詞,抽象物
デュエット,でゅえっと,dyuetto,katakana_loanword,,サ変名詞,抽象物
デュオ,でゅお,dyuo,katakana_loanword,,普通名詞,抽象物
エア,えあ,ea,katakana_loanword,,普通名詞,自然物
エアバス,えあばす,eabasu,katakana_loanword,,普通名詞,人工物-乗り物
エアコン,えあこん,eakon,katakana_loanword,,普通名詞,人工物-その他
エアポート,えあぽーと,eapoto,katakana_loanword,,普通名詞,場所-施設
エアロビクス,えあろびくす,earobikusu,katakana_loanword,,普通名詞,抽象物
エチケット,えちけっと,echiketto,katakana_loanword,,普通名詞,抽象物
エフエム,えふえむ,efuemu,katakana_loanword,,普通名詞,抽象物
エゴ,えご,ego,katakana_loanword,,普通名詞,抽象物
エイジ,えいじ,eiji,katakana_loanword,,普通名詞,時間
エイズ,えいず,eizu,katakana_loanword,,普通名詞,抽象物
エキサイティング,えきさいてぃんぐ,ekisaitingu,katakana_loanword,,ナ形容詞,
エキサイト,えきさいと,ekisaito,katakana_loanword,,サ変名詞,抽象物
エキセントリック,えきせんとりっく,ekisentorikku,katakana_loanword,,ナ形容詞,
エキス,えきす,ekisu,katakana_loanword,,普通名詞,自然物
エキスパート,えきすぱーと,ekisupato,katakana_loanword,,普通名詞,人
エキストラ,えきすとら,ekisutora,katakana_loanword,,普通名詞,人
エキゾチック,えきぞちっく,ekizochikku,katakana_loanword,,ナ形容詞,
エックス線,えっくすせん,ekkususen,katakana_loanword,,普通名詞,抽象物
エコ,えこ,eko,katakana_loanword,,普通名詞,抽象物
エコノミスト,えこのみすと,ekonomisuto,katakana_loanword,,普通名詞,人
エナメル,えなめる,enameru,katakana_loanword,,普通名詞,人工物-その他
エンディング,えんでぃんぐ,endingu,katakana_loanword,,普通名詞,抽象物
エンド,えんど,endo,katakana_loanword,,普通名詞,抽象物
エネルギー,えねるぎー,enerugi,katakana_loanword,,普通名詞,抽象物
エネルギー,えねるぎー,enerugi,katakana_loanword,,普通名詞,抽象物
エネルギッシュ,えねるぎっしゅ,enerugisshu,katakana_loanword,,ナ形容詞,
エンジン,えんじん,enjin,katakana_loanword,,普通名詞,人工物-その他
エンジニア,えんじにあ,enjinia,katakana_loanword,,普通名詞,人
エンジョイ,えんじょい,enjoi,katakana_loanword,,サ変名詞,抽象物
エノキ,えのき,enoki,katakana_loanword,,普通名詞,植物;人工物-食べ物
エンターテインメント,えんたーていんめんと,entateinmento,katakana_loanword,,普通名詞,抽象物
エンターテインメント,えんたーていんめんと,entateinmento,katakana_loanword,,普通名詞,抽象物
エンターテインメント,えんたーていんめんと,entateinmento,katakana_loanword,,普通名詞,抽象物
エンターテインメント,えんたーていんめんと,entateinmento,katakana_loanword,,普通名詞,抽象物
エントリー,えんとりー,entori,katakana_loanword,,普通名詞,抽象物
エントリー,えんとりー,entori,katakana_loanword,,普通名詞,抽象物
エンゼル,えんぜる,enzeru,katakana_loanword,,普通名詞,人
エピソード,えぴそーど,episodo,katakana_loanword,,普通名詞,抽象物
エポック,えぽっく,epokku,katakana_loanword,,普通名詞,時間
エプロン,えぷろん,epuron,katakana_loanword,,普通名詞,人工物-衣類
エラー,えらー,era,katakana_loanword,,サ変名詞,抽象物
エレベーター,えれべーたー,erebeta,katakana_loanword,,普通名詞,人工物-乗り物
エレベーター,えれべーたー,erebeta,katakana_loanword,,普通名詞,人工物-乗り物
エレガント,えれがんと,ereganto,katakana_loanword,,ナ形容詞,
エリア,えりあ,eria,katakana_loanword,,普通名詞,場所-その他
エリート,えりーと,erito,katakana_loanword,,普通名詞,人
エール,えーる,eru,katakana_loanword,,普通名詞,抽象物
エッセー,えっせー,esse,katakana_loanword,,普通名詞,抽象物
エッセー,えっせー,esse,katakana_loanword,,普通名詞,抽象物
エッセー,えっせー,esse,katakana_loanword,,普通名詞,抽象物
エース,えーす,esu,katakana_loanword,,普通名詞,人
エスカレーター,えすかれーたー,esukareta,katakana_loanword,,普通名詞,人工物-その他
エスカレーター,えすかれーたー,esukareta,katakana_loanword,,普通名詞,人工物-その他
エスカレート,えすかれーと,esukareto,katakana_loanword,,サ変名詞,抽象物
エッチング,えっちんぐ,etchingu,katakana_loanword,,普通名詞,人工物-その他;抽象物
エトセトラ,えとせとら,etosetora,katakana_loanword,,普通名詞,抽象物
ファイバー,ふぁいばー,faiba,katakana_loanword,,普通名詞,人工物-その他
ファイバー,ふぁいばー,faiba,katakana_loanword,,普通名詞,人工物-その他
ファイル,ふぁいる,fairu,katakana_loanword,,サ変名詞,人工物-その他
ファイター,ふぁいたー,faita,katakana_loanword,,普通名詞,人
ファイター,ふぁいたー,faita,katakana_loanword,,普通名詞,人
ファイト,ふぁいと,faito,katakana_loanword,,普通名詞,抽象物
ファクシミリ,ふぁくしみり,fakushimiri,katakana_loanword,,普通名詞,人工物-その他
ファクス,ふぁくす,fakusu,katakana_loanword,,サ変名詞,人工物-その他
ファクス,ふぁくす,fakusu,katakana_loanword,,サ変名詞,人工物-その他
ファクター,ふぁくたー,fakuta,katakana_loanword,,普通名詞,抽象物
ファクター,ふぁくたー,fakuta,katakana_loanword,,普通名詞,抽象物
ファミコン,ふぁみこん,famikon,katakana_loanword,,普通名詞,人工物-その他
ファミリー,ふぁみりー,famiri,katakana_loanword,,普通名詞,組織・団体
ファミリー,ふぁみりー,famiri,katakana_loanword,,普通名詞,組織・団体
ファーム,ふぁーむ,famu,katakana_loanword,,普通名詞,組織・団体;場所-その他
ファン,ふぁん,fan,katakana_loanword,,普通名詞,人
ファンド,ふぁんど,fando,katakana_loanword,,普通名詞,人工物-金銭
ファンク,ふぁんく,fanku,katakana_loanword,,普通名詞,抽象物
ファンタジー,ふぁんたじー,fantaji,katakana_loanword,,普通名詞,抽象物
ファンタジー,ふぁんたじー,fantaji,katakana_loanword,,普通名詞,抽象物
ファシスト,ふぁしすと,fashisuto,katakana_loanword,,普通名詞,人
ファシズム,ふぁしずむ,fashizumu,katakana_loanword,,普通名詞,抽象物
ファッション,ふぁっしょん,fasshon,katakana_loanword,,普通名詞,抽象物
ファッショナブル,ふぁっしょなぶる,fasshonaburu,katakana_loanword,,ナ形容詞,
ファスナー,ふぁすなー,fasuna,katakana_loanword,,普通名詞,人工物-その他
ファスナー,ふぁすなー,fasuna,katakana_loanword,,普通名詞,人工物-その他
ファースト,ふぁーすと,fasuto,katakana_loanword,,普通名詞,人;場所-その他;時間
ファウル,ふぁうる,fauru,katakana_loanword,,サ変名詞,抽象物
フェア,ふぇあ,fea,katakana_loanword,,普通名詞,抽象物
フェイント,ふぇいんと,feinto,katakana_loanword,,普通名詞,抽象物
フェンス,ふぇんす,fensu,katakana_loanword,,普通名詞,人工物-その他
フェリー,ふぇりー,feri,katakana_loanword,,普通名詞,人工物-乗り物
フェロモン,ふぇろもん,feromon,katakana_loanword,,普通名詞,自然物
フェルト,ふぇると,feruto,katakana_loanword,,普通名詞,人工物-その他
フェスティバル,ふぇすてぃばる,fesutibaru,katakana_loanword,,普通名詞,抽象物
フィーバー,ふぃーばー,fiba,katakana_loanword,,サ変名詞,抽象物
フィーバー,ふぃーばー,fiba,katakana_loanword,,サ変名詞,抽象物
フィギュア,ふぃぎゅあ,figyua,katakana_loanword,,普通名詞,人工物-その他;抽象物
フィクション,ふぃくしょん,fikushon,katakana_loanword,,普通名詞,抽象物
フィナーレ,ふぃなーれ,finare,katakana_loanword,,普通名詞,抽象物
フィールド,ふぃーるど,firudo,katakana_loanword,,普通名詞,場所-その他
フィルム,ふぃるむ,firumu,katakana_loanword,,普通名詞,人工物-その他
フィルム,ふぃるむ,firumu,katakana_loanword,,普通名詞,人工物-その他
フィルター,ふぃるたー,firuta,katakana_loanword,,普通名詞,人工物-その他
フィルター,ふぃるたー,firuta,katakana_loanword,,普通名詞,人工物-その他
フォーク,ふぉーく,foku,katakana_loanword,,普通名詞,人工物-その他
フォーマット,ふぉーまっと,fomatto,katakana_loanword,,サ変名詞,抽象物
フォーム,ふぉーむ,fomu,katakana_loanword,,普通名詞,抽象物
フォント,ふぉんと,fonto,katakana_loanword,,普通名詞,抽象物
フォーラム,ふぉーらむ,foramu,katakana_loanword,,普通名詞,抽象物
フォロー,ふぉろー,foro,katakana_loanword,,サ変名詞,抽象物
フォルダ,ふぉるだ,foruda,katakana_loanword,,普通名詞,人工物-その他
フォース,ふぉーす,fosu,katakana_loanword,,普通名詞,組織・団体;抽象物
フード,ふーど,fudo,katakana_loanword,,普通名詞,人工物-食べ物
フッカー,ふっかー,fukka,katakana_loanword,,普通名詞,人
フック,ふっく,fukku,katakana_loanword,,サ変名詞,人工物-その他
フラダンス,ふらだんす,furadansu,katakana_loanword,,普通名詞,抽象物
フライ,ふらい,furai,katakana_loanword,,普通名詞,抽象物
フライング,ふらいんぐ,furaingu,katakana_loanword,,サ変名詞,抽象物
フライパン,ふらいぱん,furaipan,katakana_loanword,,普通名詞,人工物-その他
フライト,ふらいと,furaito,katakana_loanword,,普通名詞,抽象物
フラメンコ,ふらめんこ,furamenko,katakana_loanword,,普通名詞,抽象物
フラン,ふらん,furan,katakana_loanword,,普通名詞,数量
フランク,ふらんく,furanku,katakana_loanword,,ナ形容詞,
フラッシュ,ふらっしゅ,furasshu,katakana_loanword,,普通名詞,人工物-その他
フラスコ,ふらすこ,furasuko,katakana_loanword,,普通名詞,人工物-その他
フラット,ふらっと,furatto,katakana_loanword,,ナ形容詞,
フレキシブル,ふれきしぶる,furekishiburu,katakana_loanword,,ナ形容詞,
フレーム,ふれーむ,furemu,katakana_loanword,,普通名詞,人工物-その他
フレッシュ,ふれっしゅ,furesshu,katakana_loanword,,ナ形容詞,
フリー,ふりー,furi,katakana_loanword,,ナ形容詞,
フリーダム,ふりーだむ,furidamu,katakana_loanword,,普通名詞,抽象物
フリーパス,ふりーぱす,furipasu,katakana_loanword,,普通名詞,抽象物
フリーター,ふりーたー,furita,katakana_loanword,,普通名詞,人
フリーター,ふりーたー,furita,katakana_loanword,,普通名詞,人
フロー,ふろー,furo,katakana_loanword,,普通名詞,抽象物
フロア,ふろあ,furoa,katakana_loanword,,普通名詞,場所-施設部位
フロン,ふろん,furon,katakana_loanword,,普通名詞,自然物
フロント,ふろんと,furonto,katakana_loanword,,普通名詞,場所-施設;場所-機能
フロッピー,ふろっぴー,furoppi,katakana_loanword,,普通名詞,人工物-その他
フロッピー,ふろっぴー,furoppi,katakana_loanword,,普通名詞,人工物-その他
フロッピー,ふろっぴー,furoppi,katakana_loanword,,普通名詞,人工物-その他
フロート,ふろーと,furoto,katakana_loanword,,普通名詞,人工物-食べ物;人工物-その他
フル,ふる,furu,katakana_loanword,,ナ形容詞,
フルコース,ふるこーす,furukosu,katakana_loanword,,普通名詞,人工物-食べ物;抽象物
フルート,ふるーと,furuto,katakana_loanword,,普通名詞,人工物-その他
フルーツ,ふるーつ,furutsu,katakana_loanword,,普通名詞,人工物-食べ物
フットボール,ふっとぼーる,futtoboru,katakana_loanword,,普通名詞,抽象物
ガード,がーど,gado,katakana_loanword,,サ変名詞,人;場所-施設;抽象物
ガードマン,がーどまん,gadoman,katakana_loanword,,普通名詞,人
ガイド,がいど,gaido,katakana_loanword,,サ変名詞,人;抽象物
ガイドブック,がいどぶっく,gaidobukku,katakana_loanword,,普通名詞,人工物-その他
ガイドライン,がいどらいん,gaidorain,katakana_loanword,,普通名詞,抽象物
ガム,がむ,gamu,katakana_loanword,,普通名詞,人工物-食べ物
ガムテープ,がむてーぷ,gamutepu,katakana_loanword,,普通名詞,人工物-その他
ガン,がん,gan,katakana_loanword,,普通名詞,人工物-その他
ガラ,がら,gara,katakana_loanword,,普通名詞,人工物-その他
硝子,がらす,garasu,katakana_loanword,kanji_loanword,普通名詞,人工物-その他
ガラス張り,がらすばり,garasubari,katakana_loanword,,普通名詞,抽象物
ガレージ,がれーじ,gareji,katakana_loanword,,普通名詞,場所-施設
ガール,がーる,garu,katakana_loanword,,普通名詞,人
ガソリン,がそりん,gasorin,katakana_loanword,,普通名詞,自然物
ガス,がす,gasu,katakana_loanword,,普通名詞,自然物
ガッツ,がっつ,gattsu,katakana_loanword,,普通名詞,抽象物
ガウン,がうん,gaun,katakana_loanword,,普通名詞,人工物-衣類
ガーゼ,がーぜ,gaze,katakana_loanword,,普通名詞,人工物-その他
ゲイ,げい,gei,katakana_loanword,,普通名詞,人
ゲーム,げーむ,gemu,katakana_loanword,,普通名詞,抽象物
ゲノム,げのむ,genomu,katakana_loanword,,普通名詞,自然物
ゲレンデ,げれんで,gerende,katakana_loanword,,普通名詞,場所-施設
ゲリラ,げりら,gerira,katakana_loanword,,普通名詞,組織・団体
ゲーセン,げーせん,gesen,katakana_loanword,,普通名詞,場所-施設
ゲスト,げすと,gesuto,katakana_loanword,,普通名詞,人
ゲート,げーと,geto,katakana_loanword,,普通名詞,場所-施設部位
ゲートボール,げーとぼーる,getoboru,katakana_loanword,,普通名詞,抽象物
ゲット,げっと,getto,katakana_loanword,,サ変名詞,抽象物
ギア,ぎあ,gia,katakana_loanword,,普通名詞,人工物-その他
ギフト,ぎふと,gifuto,katakana_loanword,,普通名詞,抽象物
ギックリ腰,ぎっくりごし,gikkurigoshi,katakana_loanword,,普通名詞,抽象物
ギプス,ぎぷす,gipusu,katakana_loanword,,普通名詞,人工物-その他
ギルド,ぎるど,girudo,katakana_loanword,,普通名詞,組織・団体
ギター,ぎたー,gita,katakana_loanword,,普通名詞,人工物-その他
ゴーグル,ごーぐる,goguru,katakana_loanword,,普通名詞,人工物-その他
ゴイサギ,ごいさぎ,goisagi,katakana_loanword,,普通名詞,動物
ゴミ,ごみ,gomi,katakana_loanword,,普通名詞,人工物-その他
ゴム,ごむ,gomu,katakana_loanword,,普通名詞,植物;人工物-その他
ゴンドラ,ごんどら,gondora,katakana_loanword,,普通名詞,人工物-乗り物
ゴリラ,ごりら,gorira,katakana_loanword,,普通名詞,動物
ゴール,ごーる,goru,katakana_loanword,,サ変名詞,場所-その他
ゴールデン,ごーるでん,goruden,katakana_loanword,,普通名詞,抽象物
ゴールデンウイーク,ごーるでんういーく,gorudenuiku,katakana_loanword,,時相名詞,時間
ゴルフ,ごるふ,gorufu,katakana_loanword,,普通名詞,抽象物
ゴールイン,ごーるいん,goruin,katakana_loanword,,サ変名詞,抽象物
ゴーサイン,ごーさいん,gosain,katakana_loanword,,普通名詞,抽象物
ゴシック,ごしっく,goshikku,katakana_loanword,,普通名詞,形・模様
ゴシップ,ごしっぷ,goshippu,katakana_loanword,,普通名詞,抽象物
ゴースト,ごーすと,gosuto,katakana_loanword,,普通名詞,人
グウ,ぐう,gu,katakana_loanword,,普通名詞,形・模様
グッド,ぐっど,guddo,katakana_loanword,,普通名詞,抽象物
グラフィック,ぐらふぃっく,gurafikku,katakana_loanword,,普通名詞,人工物-その他
グラフ,ぐらふ,gurafu,katakana_loanword,,普通名詞,抽象物
グラハム,ぐらはむ,gurahamu,katakana_loanword,,普通名詞,人工物-食べ物
グライダー,ぐらいだー,guraida,katakana_loanword,,普通名詞,人工物-乗り物
グライダー,ぐらいだー,guraida,katakana_loanword,,普通名詞,人工物-乗り物
グラミー,ぐらみー,gurami,katakana_loanword,,普通名詞,抽象物
グラム,ぐらむ,guramu,katakana_loanword,,普通名詞,数量
グランド,ぐらんど,gurando,katakana_loanword,,普通名詞,場所-施設
グランプリ,ぐらんぷり,guranpuri,katakana_loanword,,普通名詞,抽象物
グラス,ぐらす,gurasu,katakana_loanword,,普通名詞,人工物-その他
グラタン,ぐらたん,guratan,katakana_loanword,,普通名詞,人工物-食べ物
グラウンド,ぐらうんど,guraundo,katakana_loanword,,普通名詞,場所-施設
グレー,ぐれー,gure,katakana_loanword,,普通名詞,色
グリーン,ぐりーん,gurin,katakana_loanword,,普通名詞,色
グリーンピース,ぐりーんぴーす,gurinpisu,katakana_loanword,,普通名詞,人工物-食べ物
グリセリン,ぐりせりん,guriserin,katakana_loanword,,普通名詞,自然物
グローバル,ぐろーばる,gurobaru,katakana_loanword,,ナ形容詞,
グローブ,ぐろーぶ,gurobu,katakana_loanword,,普通名詞,人工物-その他
グローブ,ぐろーぶ,gurobu,katakana_loanword,,普通名詞,人工物-その他
グロテスク,ぐろてすく,gurotesuku,katakana_loanword,,ナ形容詞,
グルメ,ぐるめ,gurume,katakana_loanword,,普通名詞,抽象物
グループ,ぐるーぷ,gurupu,katakana_loanword,,普通名詞,抽象物
グッズ,ぐっず,guzzu,katakana_loanword,,普通名詞,人工物-その他
ギャグ,ぎゃぐ,gyagu,katakana_loanword,,普通名詞,抽象物
ギャンブル,ぎゃんぶる,gyanburu,katakana_loanword,,普通名詞,抽象物
ギャング,ぎゃんぐ,gyangu,katakana_loanword,,普通名詞,組織・団体
ギャップ,ぎゃっぷ,gyappu,katakana_loanword,,普通名詞,抽象物
ギャラ,ぎゃら,gyara,katakana_loanword,,普通名詞,人工物-金銭
ギャラリー,ぎゃらりー,gyarari,katakana_loanword,,普通名詞,場所-施設
ギャラリー,ぎゃらりー,gyarari,katakana_loanword,,普通名詞,場所-施設
ギャル,ぎゃる,gyaru,katakana_loanword,,普通名詞,人
ハーバー,はーばー,haba,katakana_loanword,,普通名詞,場所-施設
ハーブ,はーぶ,habu,katakana_loanword,,普通名詞,植物
ハード,はーど,hado,katakana_loanword,,普通名詞,抽象物
ハード,はーど,hado,katakana_loanword,,ナ形容詞,
ハードウエア,はーどうえあ,hadoea,katakana_loanword,,普通名詞,人工物-その他
ハードウエア,はーどうえあ,hadoea,katakana_loanword,,普通名詞,人工物-その他
ハードル,はーどる,hadoru,katakana_loanword,,普通名詞,人工物-その他
ハーフ,はーふ,hafu,katakana_loanword,,普通名詞,数量
ハイ,はい,hai,katakana_loanword,,ナ形容詞,
ハイボール,はいぼーる,haiboru,katakana_loanword,,普通名詞,人工物-食べ物
排ガス,はいがす,haigasu,katakana_loanword,,普通名詞,自然物;抽象物
ハイヒール,はいひーる,haihiru,katakana_loanword,,普通名詞,人工物-衣類
ハイジャック,はいじゃっく,haijakku,katakana_loanword,,サ変名詞,抽象物
ハイカー,はいかー,haika,katakana_loanword,,普通名詞,人
ハイカラ,はいから,haikara,katakana_loanword,,ナ形容詞,
ハイキング,はいきんぐ,haikingu,katakana_loanword,,サ変名詞,抽象物
ハイレベル,はいれべる,haireberu,katakana_loanword,,ナ形容詞,
ハイテク,はいてく,haiteku,katakana_loanword,,普通名詞,抽象物
ハイツ,はいつ,haitsu,katakana_loanword,,普通名詞,場所-施設
ハイウエー,はいうえー,haiue,katakana_loanword,,普通名詞,場所-施設
ハイウエー,はいうえー,haiue,katakana_loanword,,普通名詞,場所-施設
ハイヤー,はいやー,haiya,katakana_loanword,,普通名詞,人工物-乗り物
ハミング,はみんぐ,hamingu,katakana_loanword,,サ変名詞,抽象物
ハーモニー,はーもにー,hamoni,katakana_loanword,,普通名詞,抽象物
ハーモニー,はーもにー,hamoni,katakana_loanword,,普通名詞,抽象物
ハーモニカ,はーもにか,hamonika,katakana_loanword,,普通名詞,人工物-その他
ハム,はむ,hamu,katakana_loanword,,普通名詞,人工物-食べ物
ハムスター,はむすたー,hamusuta,katakana_loanword,,普通名詞,動物
ハムスター,はむすたー,hamusuta,katakana_loanword,,普通名詞,動物
ハンバーガー,はんばーがー,hanbaga,katakana_loanword,,普通名詞,人工物-食べ物
ハンバーガー,はんばーがー,hanbaga,katakana_loanword,,普通名詞,人工物-食べ物
ハンバーグ,はんばーぐ,hanbagu,katakana_loanword,,普通名詞,人工物-食べ物
ハンデ,はんで,hande,katakana_loanword,,普通名詞,抽象物
ハンデキャップ,はんできゃっぷ,handekyappu,katakana_loanword,,普通名詞,抽象物
ハンデキャップ,はんできゃっぷ,handekyappu,katakana_loanword,,普通名詞,抽象物
ハンディ,はんでぃ,handi,katakana_loanword,,普通名詞,抽象物
ハンディ,はんでぃ,handi,katakana_loanword,,普通名詞,抽象物
ハンドバッグ,はんどばっぐ,handobaggu,katakana_loanword,,普通名詞,人工物-その他
ハンドボール,はんどぼーる,handoboru,katakana_loanword,,普通名詞,抽象物
ハンドル,はんどる,handoru,katakana_loanword,,普通名詞,人工物-その他
ハネムーン,はねむーん,hanemun,katakana_loanword,,普通名詞,抽象物
ハンガー,はんがー,hanga,katakana_loanword,,普通名詞,人工物-その他
ハングル,はんぐる,hanguru,katakana_loanword,,普通名詞,抽象物
ハンカチ,はんかち,hankachi,katakana_loanword,,普通名詞,人工物-その他
ハンマー,はんまー,hanma,katakana_loanword,,普通名詞,人工物-その他
ハンモック,はんもっく,hanmokku,katakana_loanword,,普通名詞,人工物-その他
ハンサム,はんさむ,hansamu,katakana_loanword,,ナ形容詞,
ハンスト,はんすと,hansuto,katakana_loanword,,サ変名詞,抽象物
ハンター,はんたー,hanta,katakana_loanword,,普通名詞,人
ハッピー,はっぴー,happi,katakana_loanword,,ナ形容詞,
ハープ,はーぷ,hapu,katakana_loanword,,普通名詞,人工物-その他
ハプニング,はぷにんぐ,hapuningu,katakana_loanword,,普通名詞,抽象物
腹ペコ,はらぺこ,harapeko,katakana_loanword,,ナ形容詞,
ハーレム,はーれむ,haremu,katakana_loanword,,普通名詞,場所-施設
ハリケーン,はりけーん,hariken,katakana_loanword,,普通名詞,抽象物
ハッスル,はっする,hassuru,katakana_loanword,,サ変名詞,抽象物
ハスキー,はすきー,hasuki,katakana_loanword,,ナ形容詞,
ハート,はーと,hato,katakana_loanword,,普通名詞,動物-部位;色
ハウス,はうす,hausu,katakana_loanword,,普通名詞,場所-施設
ハザード,はざーど,hazado,katakana_loanword,,普通名詞,人工物-その他;抽象物
ヘア,へあ,hea,katakana_loanword,,普通名詞,動物-部位
ヘアヌード,へあぬーど,heanudo,katakana_loanword,,普通名詞,抽象物
ヘッド,へっど,heddo,katakana_loanword,,普通名詞,動物-部位;人工物-その他
ヘッドホン,へっどほん,heddohon,katakana_loanword,,普通名詞,人工物-その他
ヘッドライト,へっどらいと,heddoraito,katakana_loanword,,普通名詞,抽象物
ヘディング,へでぃんぐ,hedingu,katakana_loanword,,サ変名詞,抽象物
ヘリ,へり,heri,katakana_loanword,,普通名詞,人工物-乗り物
ヘリコプター,へりこぷたー,herikoputa,katakana_loanword,,普通名詞,人工物-乗り物
ヘリコプター,へりこぷたー,herikoputa,katakana_loanword,,普通名詞,人工物-乗り物
ヘリポート,へりぽーと,heripoto,katakana_loanword,,普通名詞,場所-施設
ヘリウム,へりうむ,heriumu,katakana_loanword,,普通名詞,自然物
ヘロイン,へろいん,heroin,katakana_loanword,,普通名詞,人工物-その他
ヘルメット,へるめっと,herumetto,katakana_loanword,,普通名詞,人工物-衣類
ヘルパー,へるぱー,herupa,katakana_loanword,,普通名詞,人
ヘルパー,へるぱー,herupa,katakana_loanword,,普通名詞,人
ヘルシー,へるしー,herushi,katakana_loanword,,ナ形容詞,
ヒアリング,ひありんぐ,hiaringu,katakana_loanword,,サ変名詞,抽象物
ヒビ,ひび,hibi,katakana_loanword,,普通名詞,抽象物
ヒント,ひんと,hinto,katakana_loanword,,普通名詞,抽象物
ヒップ,ひっぷ,hippu,katakana_loanword,,普通名詞,動物-部位
ヒーロー,ひーろー,hiro,katakana_loanword,,普通名詞,人
ヒロイン,ひろいん,hiroin,katakana_loanword,,普通名詞,人
ヒーター,ひーたー,hita,katakana_loanword,,普通名詞,人工物-その他
ヒーター,ひーたー,hita,katakana_loanword,,普通名詞,人工物-その他
ヒット,ひっと,hitto,katakana_loanword,,サ変名詞,抽象物
ホチキス,ほちきす,hochikisu,katakana_loanword,,普通名詞,人工物-その他
ホイッスル,ほいっする,hoissuru,katakana_loanword,,普通名詞,人工物-その他
ホッケー,ほっけー,hokke,katakana_loanword,,普通名詞,抽象物
ホーム,ほーむ,homu,katakana_loanword,,普通名詞,場所-その他
ホームイン,ほーむいん,homuin,katakana_loanword,,サ変名詞,抽象物
ホームページ,ほーむぺーじ,homupeji,katakana_loanword,,普通名詞,抽象物
ホームラン,ほーむらん,homuran,katakana_loanword,,普通名詞,抽象物
ホームレス,ほーむれす,homuresu,katakana_loanword,,普通名詞,人
ホームステイ,ほーむすてい,homusutei,katakana_loanword,,サ変名詞,抽象物
ホップ,ほっぷ,hoppu,katakana_loanword,,普通名詞,植物
ホープ,ほーぷ,hopu,katakana_loanword,,普通名詞,人;抽象物
ホール,ほーる,horu,katakana_loanword,,普通名詞,場所-施設
ホルマリン,ほるまりん,horumarin,katakana_loanword,,普通名詞,自然物
ホルモン,ほるもん,horumon,katakana_loanword,,普通名詞,自然物
ホルン,ほるん,horun,katakana_loanword,,普通名詞,人工物-その他
ホース,ほーす,hosu,katakana_loanword,,普通名詞,人工物-その他
ホステス,ほすてす,hosutesu,katakana_loanword,,普通名詞,人
ホスト,ほすと,hosuto,katakana_loanword,,普通名詞,人
ホテル,ほてる,hoteru,katakana_loanword,,普通名詞,場所-施設
ホット,ほっと,hotto,katakana_loanword,,ナ形容詞,
ホワイト,ほわいと,howaito,katakana_loanword,,普通名詞,色
ヒューマン,ひゅーまん,hyuman,katakana_loanword,,普通名詞,抽象物
ヒューズ,ひゅーず,hyuzu,katakana_loanword,,普通名詞,人工物-その他
イベント,いべんと,ibento,katakana_loanword,,普通名詞,抽象物
イデオロギー,いでおろぎー,ideorogi,katakana_loanword,,普通名詞,抽象物
イデオロギー,いでおろぎー,ideorogi,katakana_loanword,,普通名詞,抽象物
イエロー,いえろー,iero,katakana_loanword,,普通名詞,色
イコール,いこーる,ikoru,katakana_loanword,,ナ形容詞,
イメージ,いめーじ,imeji,katakana_loanword,,サ変名詞,抽象物;形・模様
イン,いん,in,katakana_loanword,,サ変名詞,場所-機能
インチ,いんち,inchi,katakana_loanword,,普通名詞,数量
インチキ,いんちき,inchiki,katakana_loanword,,サ変名詞,抽象物
インフラ,いんふら,infura,katakana_loanword,,普通名詞,場所-施設
インフレ,いんふれ,infure,katakana_loanword,,普通名詞,抽象物
インフルエンザ,いんふるえんざ,infuruenza,katakana_loanword,,普通名詞,抽象物
イニシアチブ,いにしあちぶ,inishiachibu,katakana_loanword,,普通名詞,抽象物
イニシアチブ,いにしあちぶ,inishiachibu,katakana_loanword,,普通名詞,抽象物
イニシアチブ,いにしあちぶ,inishiachibu,katakana_loanword,,普通名詞,抽象物
イニシアル,いにしある,inishiaru,katakana_loanword,,普通名詞,抽象物
インカレ,いんかれ,inkare,katakana_loanword,,普通名詞,抽象物
インキ,いんき,inki,katakana_loanword,,普通名詞,人工物-その他
インク,いんく,inku,katakana_loanword,,普通名詞,人工物-その他
インパクト,いんぱくと,inpakuto,katakana_loanword,,普通名詞,抽象物
インスタント,いんすたんと,insutanto,katakana_loanword,,ナ形容詞,
インストール,いんすとーる,insutoru,katakana_loanword,,サ変名詞,抽象物
インター,いんたー,inta,katakana_loanword,,普通名詞,場所-施設
インタビュー,いんたびゅー,intabyu,katakana_loanword,,サ変名詞,抽象物
インタビュー,いんたびゅー,intabyu,katakana_loanword,,サ変名詞,抽象物
インターン,いんたーん,intan,katakana_loanword,,普通名詞,人
インタナショナル,いんたなしょなる,intanashonaru,katakana_loanword,,ナ形容詞,
インターナショナル,いんたーなしょなる,intanashonaru,katakana_loanword,,ナ形容詞,
インターネット,いんたーねっと,intanetto,katakana_loanword,,普通名詞,人工物-その他
インテリ,いんてり,interi,katakana_loanword,,普通名詞,人
インテリア,いんてりあ,interia,katakana_loanword,,普通名詞,人工物-その他
イオン,いおん,ion,katakana_loanword,,普通名詞,自然物
イラスト,いらすと,irasuto,katakana_loanword,,普通名詞,抽象物
伊呂波ガルタ,いろはがるた,irohagaruta,katakana_loanword,,普通名詞,人工物-その他
イースター,いーすたー,isuta,katakana_loanword,,普通名詞,時間
イースター,いーすたー,isuta,katakana_loanword,,普通名詞,時間
イースト,いーすと,isuto,katakana_loanword,,普通名詞,動物
イタリアン,いたりあん,itarian,katakana_loanword,,普通名詞,人工物-食べ物;抽象物
イヤー,いやー,iya,katakana_loanword,,時相名詞,時間
イヤホーン,いやほーん,iyahon,katakana_loanword,,普通名詞,人工物-その他
イヤホーン,いやほーん,iyahon,katakana_loanword,,普通名詞,人工物-その他
イヤリング,いやりんぐ,iyaringu,katakana_loanword,,普通名詞,人工物-衣類
ジャー,じゃー,ja,katakana_loanword,,普通名詞,人工物-その他
ジャブ,じゃぶ,jabu,katakana_loanword,,普通名詞,抽象物
ジャッジ,じゃっじ,jajji,katakana_loanword,,サ変名詞,人;抽象物
ジャケット,じゃけっと,jaketto,katakana_loanword,,普通名詞,人工物-衣類
ジャッキ,じゃっき,jakki,katakana_loanword,,普通名詞,人工物-その他
ジャック,じゃっく,jakku,katakana_loanword,,普通名詞,人工物-その他
ジャム,じゃむ,jamu,katakana_loanword,,普通名詞,人工物-食べ物
ジャーナリスト,じゃーなりすと,janarisuto,katakana_loanword,,普通名詞,人
ジャーナリズム,じゃーなりずむ,janarizumu,katakana_loanword,,普通名詞,抽象物
ジャーナル,じゃーなる,janaru,katakana_loanword,,普通名詞,抽象物
ジャンボ,じゃんぼ,janbo,katakana_loanword,,普通名詞,人工物-乗り物;数量
ジャングル,じゃんぐる,janguru,katakana_loanword,,普通名詞,場所-自然
ジャンパー,じゃんぱー,janpa,katakana_loanword,,普通名詞,人工物-衣類
ジャンパー,じゃんぱー,janpa,katakana_loanword,,普通名詞,人工物-衣類
ジャンプ,じゃんぷ,janpu,katakana_loanword,,サ変名詞,抽象物
ジャンル,じゃんる,janru,katakana_loanword,,普通名詞,抽象物
ジャズ,じゃず,jazu,katakana_loanword,,普通名詞,抽象物
ジェット機,じぇっとき,jettoki,katakana_loanword,,普通名詞,人工物-乗り物
ジフテリア,じふてりあ,jifuteria,katakana_loanword,,普通名詞,抽象物
ジグザグ,じぐざぐ,jiguzagu,katakana_loanword,,ナ形容詞,
ジハード,じはーど,jihado,katakana_loanword,,普通名詞,抽象物
ジム,じむ,jimu,katakana_loanword,,普通名詞,場所-施設
ジンクス,じんくす,jinkusu,katakana_loanword,,普通名詞,抽象物
ジーンズ,じーんず,jinzu,katakana_loanword,,普通名詞,人工物-その他
ジーパン,じーぱん,jipan,katakana_loanword,,普通名詞,人工物-衣類
ジッパー,じっぱー,jippa,katakana_loanword,,普通名詞,人工物-その他
ジッパー,じっぱー,jippa,katakana_loanword,,普通名詞,人工物-その他
ジープ,じーぷ,jipu,katakana_loanword,,普通名詞,人工物-乗り物
ジレンマ,じれんま,jirenma,katakana_loanword,,普通名詞,抽象物
ジョギング,じょぎんぐ,jogingu,katakana_loanword,,サ変名詞,抽象物
ジョイント,じょいんと,jointo,katakana_loanword,,サ変名詞,人工物-その他;抽象物
ジョーク,じょーく,joku,katakana_loanword,,普通名詞,抽象物
ジュニア,じゅにあ,junia,katakana_loanword,,普通名詞,人
ジュース,じゅーす,jusu,katakana_loanword,,普通名詞,人工物-食べ物;抽象物
カー,かー,ka,katakana_loanword,,普通名詞,人工物-乗り物
カバー,かばー,kaba,katakana_loanword,,サ変名詞,人工物-その他;抽象物
カビ,かび,kabi,katakana_loanword,,普通名詞,植物
カーブ,かーぶ,kabu,katakana_loanword,,サ変名詞,形・模様
カード,かーど,kado,katakana_loanword,,普通名詞,人工物-金銭;人工物-その他
カフェ,かふぇ,kafe,katakana_loanword,,普通名詞,場所-施設
カフェー,かふぇー,kafe,katakana_loanword,,普通名詞,場所-施設
カフェイン,かふぇいん,kafein,katakana_loanword,,普通名詞,自然物
カフェオレ,かふぇおれ,kafeore,katakana_loanword,,普通名詞,人工物-食べ物
カジノ,かじの,kajino,katakana_loanword,,普通名詞,場所-施設
カジュアル,かじゅある,kajuaru,katakana_loanword,,ナ形容詞,
カカオ,かかお,kakao,katakana_loanword,,普通名詞,植物
カーキ色,かーきいろ,kakiiro,katakana_loanword,,普通名詞,色
カメラ,かめら,kamera,katakana_loanword,,普通名詞,人工物-その他
カメラマン,かめらまん,kameraman,katakana_loanword,,普通名詞,人
カミさん,かみさん,kamisan,katakana_loanword,,普通名詞,人
カムバック,かむばっく,kamubakku,katakana_loanword,,サ変名詞,抽象物
カナリア,かなりあ,kanaria,katakana_loanword,,普通名詞,動物
カーネーション,かーねーしょん,kaneshon,katakana_loanword,,普通名詞,植物
カンフル,かんふる,kanfuru,katakana_loanword,,普通名詞,人工物-その他
カンガルー,かんがるー,kangaru,katakana_loanword,,普通名詞,動物
カンガルー,かんがるー,kangaru,katakana_loanword,,普通名詞,動物
カーニバル,かーにばる,kanibaru,katakana_loanword,,普通名詞,抽象物
カンニング,かんにんぐ,kanningu,katakana_loanword,,サ変名詞,抽象物
カンパ,かんぱ,kanpa,katakana_loanword,,サ変名詞,人工物-金銭;抽象物
カンパチ,かんぱち,kanpachi,katakana_loanword,,普通名詞,動物;人工物-食べ物
乾パン,かんぱん,kanpan,katakana_loanword,,普通名詞,人工物-食べ物
カンパニー,かんぱにー,kanpani,katakana_loanword,,普通名詞,組織・団体
カンパニー,かんぱにー,kanpani,katakana_loanword,,普通名詞,組織・団体
カントリー,かんとりー,kantori,katakana_loanword,,普通名詞,抽象物
カントリー,かんとりー,kantori,katakana_loanword,,普通名詞,抽象物
カヌー,かぬー,kanu,katakana_loanword,,普通名詞,人工物-乗り物
カオス,かおす,kaosu,katakana_loanword,,普通名詞,抽象物
カップ,かっぷ,kappu,katakana_loanword,,普通名詞,人工物-その他
カップル,かっぷる,kappuru,katakana_loanword,,普通名詞,組織・団体
カプセル,かぷせる,kapuseru,katakana_loanword,,普通名詞,人工物-その他
カラー,からー,kara,katakana_loanword,,普通名詞,人工物-その他
カラフル,からふる,karafuru,katakana_loanword,,ナ形容詞,
カラオケ,からおけ,karaoke,katakana_loanword,,普通名詞,抽象物
カラット,からっと,karatto,katakana_loanword,,普通名詞,数量
カレー,かれー,kare,katakana_loanword,,普通名詞,人工物-食べ物
カレンダー,かれんだー,karenda,katakana_loanword,,普通名詞,人工物-その他
カレンダー,かれんだー,karenda,katakana_loanword,,普通名詞,人工物-その他
カリキュラム,かりきゅらむ,karikyuramu,katakana_loanword,,普通名詞,抽象物
カリウム,かりうむ,kariumu,katakana_loanword,,普通名詞,自然物
カロチン,かろちん,karochin,katakana_loanword,,普通名詞,自然物
カロリー,かろりー,karori,katakana_loanword,,普通名詞,数量
カール,かーる,karu,katakana_loanword,,サ変名詞,形・模様
カルチャー,かるちゃー,karucha,katakana_loanword,,普通名詞,抽象物
カルチャー,かるちゃー,karucha,katakana_loanword,,普通名詞,抽象物
カルキ,かるき,karuki,katakana_loanword,,普通名詞,人工物-その他
カルシウム,かるしうむ,karushiumu,katakana_loanword,,普通名詞,自然物
カルテ,かるて,karute,katakana_loanword,,普通名詞,人工物-その他
カルテル,かるてる,karuteru,katakana_loanword,,普通名詞,抽象物
カルテット,かるてっと,karutetto,katakana_loanword,,普通名詞,組織・団体
カルト,かると,karuto,katakana_loanword,,普通名詞,抽象物
カセット,かせっと,kasetto,katakana_loanword,,普通名詞,人工物-その他
カステラ,かすてら,kasutera,katakana_loanword,,普通名詞,人工物-食べ物
カタログ,かたろぐ,katarogu,katakana_loanword,,普通名詞,人工物-その他;抽象物
カテゴリー,かてごりー,kategori,katakana_loanword,,普通名詞,抽象物
カテゴリー,かてごりー,kategori,katakana_loanword,,普通名詞,抽象物
カーテン,かーてん,katen,katakana_loanword,,普通名詞,人工物-その他
カトリック,かとりっく,katorikku,katakana_loanword,,普通名詞,抽象物
カツ,かつ,katsu,katakana_loanword,,普通名詞,人工物-食べ物
カッター,かったー,katta,katakana_loanword,,普通名詞,人工物-その他
カット,かっと,katto,katakana_loanword,,サ変名詞,抽象物
カウンセラー,かうんせらー,kaunsera,katakana_loanword,,普通名詞,人
カウンセラー,かうんせらー,kaunsera,katakana_loanword,,普通名詞,人
カウンセリング,かうんせりんぐ,kaunseringu,katakana_loanword,,サ変名詞,抽象物
カウンター,かうんたー,kaunta,katakana_loanword,,普通名詞,場所-施設部位
カウンター,かうんたー,kaunta,katakana_loanword,,普通名詞,場所-施設部位
カウント,かうんと,kaunto,katakana_loanword,,サ変名詞,抽象物
革ジャン,かわじゃん,kawajan,katakana_loanword,,普通名詞,人工物-衣類
ケア,けあ,kea,katakana_loanword,,サ変名詞,抽象物
ケーブル,けーぶる,keburu,katakana_loanword,,普通名詞,人工物-その他
ケチャップ,けちゃっぷ,kechappu,katakana_loanword,,普通名詞,人工物-食べ物
ケチる,けちる,kechiru,katakana_loanword,,動詞,
ケジメ,けじめ,kejime,katakana_loanword,,普通名詞,抽象物
ケーキ,けーき,keki,katakana_loanword,,普通名詞,人工物-食べ物
ケミカル,けみかる,kemikaru,katakana_loanword,,普通名詞,抽象物
ケロイド,けろいど,keroido,katakana_loanword,,普通名詞,動物-部位
ケース,けーす,kesu,katakana_loanword,,普通名詞,人工物-その他;抽象物
キー,きー,ki,katakana_loanword,,普通名詞,人工物-その他;抽象物
キーボード,きーぼーど,kibodo,katakana_loanword,,普通名詞,人工物-その他
キッカー,きっかー,kikka,katakana_loanword,,普通名詞,人
キック,きっく,kikku,katakana_loanword,,サ変名詞,抽象物
キックオフ,きっくおふ,kikkuofu,katakana_loanword,,サ変名詞,抽象物
キーマン,きーまん,kiman,katakana_loanword,,普通名詞,人
キムチ,きむち,kimuchi,katakana_loanword,,普通名詞,人工物-食べ物
キナ臭い,きなくさい,kinakusai,katakana_loanword,,イ形容詞,
キング,きんぐ,kingu,katakana_loanword,,普通名詞,人
金ピカ,きんぴか,kinpika,katakana_loanword,,ナ形容詞,
キーパー,きーぱー,kipa,katakana_loanword,,普通名詞,人
キーパー,きーぱー,kipa,katakana_loanword,,普通名詞,人
キープ,きーぷ,kipu,katakana_loanword,,サ変名詞,抽象物
キラー,きらー,kira,katakana_loanword,,普通名詞,人
キレ,きれ,kire,katakana_loanword,,普通名詞,抽象物
キリキリ舞い,きりきりまい,kirikirimai,katakana_loanword,,サ変名詞,抽象物
キリシタン,きりしたん,kirishitan,katakana_loanword,,普通名詞,抽象物
キリスト教,きりすときょう,kirisutokyo,katakana_loanword,,普通名詞,抽象物
キロ,きろ,kiro,katakana_loanword,,普通名詞,数量
キセル,きせる,kiseru,katakana_loanword,,普通名詞,人工物-その他;抽象物
キス,きす,kisu,katakana_loanword,,サ変名詞,抽象物
キタキツネ,きたきつね,kitakitsune,katakana_loanword,,普通名詞,動物
キッチン,きっちん,kitchin,katakana_loanword,,普通名詞,場所-施設
キット,きっと,kitto,katakana_loanword,,普通名詞,人工物-その他
キウイ,きうい,kiui,katakana_loanword,,普通名詞,動物
キーワード,きーわーど,kiwado,katakana_loanword,,普通名詞,抽象物
キッズ,きっず,kizzu,katakana_loanword,,普通名詞,人
コア,こあ,koa,katakana_loanword,,普通名詞,抽象物
コアラ,こあら,koara,katakana_loanword,,普通名詞,動物
コバルト,こばると,kobaruto,katakana_loanword,,普通名詞,自然物
コブ,こぶ,kobu,katakana_loanword,,普通名詞,抽象物
コブラ,こぶら,kobura,katakana_loanword,,普通名詞,動物
コーチ,こーち,kochi,katakana_loanword,,サ変名詞,人
コーディネーター,こーでぃねーたー,kodineta,katakana_loanword,,普通名詞,人
コーディネーター,こーでぃねーたー,kodineta,katakana_loanword,,普通名詞,人
コード,こーど,kodo,katakana_loanword,,普通名詞,人工物-その他
コードレス,こーどれす,kodoresu,katakana_loanword,,普通名詞,抽象物
珈琲,こーひー,kohi,katakana_loanword,kanji_loanword,普通名詞,人工物-食べ物
コイル,こいる,koiru,katakana_loanword,,普通名詞,人工物-その他
コカイン,こかいん,kokain,katakana_loanword,,普通名詞,自然物
コック,こっく,kokku,katakana_loanword,,普通名詞,人
ココア,ここあ,kokoa,katakana_loanword,,普通名詞,人工物-食べ物
コーク,こーく,koku,katakana_loanword,,普通名詞,人工物-食べ物
コマンド,こまんど,komando,katakana_loanword,,普通名詞,抽象物
コマーシャル,こまーしゃる,komasharu,katakana_loanword,,普通名詞,抽象物
コメディー,こめでぃー,komedi,katakana_loanword,,普通名詞,抽象物
コメディー,こめでぃー,komedi,katakana_loanword,,普通名詞,抽象物
コメント,こめんと,komento,katakana_loanword,,サ変名詞,抽象物
コミ,こみ,komi,katakana_loanword,,普通名詞,抽象物
コミカル,こみかる,komikaru,katakana_loanword,,ナ形容詞,
コミック,こみっく,komikku,katakana_loanword,,普通名詞,抽象物
コミッショナー,こみっしょなー,komisshona,katakana_loanword,,普通名詞,人
コミッショナー,こみっしょなー,komisshona,katakana_loanword,,普通名詞,人
コミット,こみっと,komitto,katakana_loanword,,サ変名詞,抽象物
コミュニケ,こみゅにけ,komyunike,katakana_loanword,,普通名詞,抽象物
コミュニケーション,こみゅにけーしょん,komyunikeshon,katakana_loanword,,普通名詞,抽象物
コミュニティー,こみゅにてぃー,komyuniti,katakana_loanword,,普通名詞,組織・団体;場所-その他
コミュニティー,こみゅにてぃー,komyuniti,katakana_loanword,,普通名詞,組織・団体;場所-その他
コーン,こーん,kon,katakana_loanword,,普通名詞,人工物-食べ物;人工物-その他
コーナー,こーなー,kona,katakana_loanword,,普通名詞,場所-機能
コーナー,こーなー,kona,katakana_loanword,,普通名詞,場所-機能
コンバイン,こんばいん,konbain,katakana_loanword,,普通名詞,人工物-乗り物
コンビ,こんび,konbi,katakana_loanword,,普通名詞,組織・団体
コンビニ,こんびに,konbini,katakana_loanword,,普通名詞,場所-施設
コンビニエンス,こんびにえんす,konbiniensu,katakana_loanword,,ナ形容詞,
コンディション,こんでぃしょん,kondishon,katakana_loanword,,普通名詞,抽象物
コンドーム,こんどーむ,kondomu,katakana_loanword,,普通名詞,人工物-その他
コンドル,こんどる,kondoru,katakana_loanword,,普通名詞,動物
コネ,こね,kone,katakana_loanword,,普通名詞,抽象物
コンコース,こんこーす,konkosu,katakana_loanword,,普通名詞,場所-施設
コンクリート,こんくりーと,konkurito,katakana_loanword,,普通名詞,人工物-その他
コンクール,こんくーる,konkuru,katakana_loanword,,普通名詞,抽象物
コンパイル,こんぱいる,konpairu,katakana_loanword,,サ変名詞,抽象物
コンパクト,こんぱくと,konpakuto,katakana_loanword,,普通名詞,人工物-その他
コンパス,こんぱす,konpasu,katakana_loanword,,普通名詞,人工物-その他
コンペ,こんぺ,konpe,katakana_loanword,,普通名詞,抽象物
コンピューター,こんぴゅーたー,konpyuta,katakana_loanword,,普通名詞,人工物-その他
コンピューター,こんぴゅーたー,konpyuta,katakana_loanword,,普通名詞,人工物-その他
コンロ,こんろ,konro,katakana_loanword,,普通名詞,人工物-その他
コンサルタント,こんさるたんと,konsarutanto,katakana_loanword,,普通名詞,人
コンサート,こんさーと,konsato,katakana_loanword,,普通名詞,抽象物
コンセンサス,こんせんさす,konsensasu,katakana_loanword,,普通名詞,抽象物
コンセント,こんせんと,konsento,katakana_loanword,,普通名詞,人工物-その他
コンセプト,こんせぷと,konseputo,katakana_loanword,,サ変名詞,抽象物
コンタクト,こんたくと,kontakuto,katakana_loanword,,サ変名詞,人工物-その他;抽象物
コンテナ,こんてな,kontena,katakana_loanword,,普通名詞,人工物-その他
コンテンツ,こんてんつ,kontentsu,katakana_loanword,,普通名詞,抽象物
コンテスト,こんてすと,kontesuto,katakana_loanword,,普通名詞,抽象物
コント,こんと,konto,katakana_loanword,,普通名詞,抽象物
コントロール,こんとろーる,kontororu,katakana_loanword,,サ変名詞,抽象物
コピー,こぴー,kopi,katakana_loanword,,サ変名詞,人工物-その他;抽象物
コップ,こっぷ,koppu,katakana_loanword,,普通名詞,人工物-その他
コーラ,こーら,kora,katakana_loanword,,普通名詞,人工物-食べ物
コラージュ,こらーじゅ,koraju,katakana_loanword,,サ変名詞,抽象物
コラム,こらむ,koramu,katakana_loanword,,普通名詞,抽象物
コーラン,こーらん,koran,katakana_loanword,,普通名詞,抽象物
コーラス,こーらす,korasu,katakana_loanword,,普通名詞,抽象物
コレクション,これくしょん,korekushon,katakana_loanword,,普通名詞,抽象物
コレラ,これら,korera,katakana_loanword,,普通名詞,抽象物
コレステロール,これすてろーる,koresuteroru,katakana_loanword,,普通名詞,自然物
コロッケ,ころっけ,korokke,katakana_loanword,,普通名詞,人工物-食べ物
コロナ,ころな,korona,katakana_loanword,,普通名詞,自然物
コロニー,ころにー,koroni,katakana_loanword,,普通名詞,場所-その他
コロニー,ころにー,koroni,katakana_loanword,,普通名詞,場所-その他
コール,こーる,koru,katakana_loanword,,サ変名詞,抽象物
コルク,こるく,koruku,katakana_loanword,,普通名詞,人工物-その他
コース,こーす,kosu,katakana_loanword,,普通名詞,抽象物
コスモス,こすもす,kosumosu,katakana_loanword,,普通名詞,植物
コスト,こすと,kosuto,katakana_loanword,,普通名詞,人工物-金銭
コート,こーと,koto,katakana_loanword,,普通名詞,人工物-衣類
コツ,こつ,kotsu,katakana_loanword,,普通名詞,抽象物
口コミ,くちこみ,kuchikomi,katakana_loanword,,普通名詞,抽象物
クーデター,くーでたー,kudeta,katakana_loanword,,普通名詞,抽象物
クーデター,くーでたー,kudeta,katakana_loanword,,普通名詞,抽象物
クエン酸,くえんさん,kuensan,katakana_loanword,,普通名詞,自然物
クイン,くいん,kuin,katakana_loanword,,普通名詞,人
クイーン,くいーん,kuin,katakana_loanword,,普通名詞,人
クイズ,くいず,kuizu,katakana_loanword,,普通名詞,抽象物
クッキー,くっきー,kukki,katakana_loanword,,普通名詞,人工物-食べ物
クッキング,くっきんぐ,kukkingu,katakana_loanword,,普通名詞,抽象物
クオーク,くおーく,kuoku,katakana_loanword,,普通名詞,自然物
クーポン,くーぽん,kupon,katakana_loanword,,普通名詞,人工物-その他
クーラー,くーらー,kura,katakana_loanword,,普通名詞,人工物-その他
クラブ,くらぶ,kurabu,katakana_loanword,,普通名詞,組織・団体;人工物-その他;形・模様
クラフト,くらふと,kurafuto,katakana_loanword,,普通名詞,人工物-その他
クライアント,くらいあんと,kuraianto,katakana_loanword,,普通名詞,人
クラッカー,くらっかー,kurakka,katakana_loanword,,普通名詞,人工物-食べ物
クラッカー,くらっかー,kurakka,katakana_loanword,,普通名詞,人工物-食べ物
クラリネット,くらりねっと,kurarinetto,katakana_loanword,,普通名詞,人工物-その他
クラシカル,くらしかる,kurashikaru,katakana_loanword,,普通名詞,抽象物
クラシック,くらしっく,kurashikku,katakana_loanword,,普通名詞,抽象物
クラシック,くらしっく,kurashikku,katakana_loanword,,ナ形容詞,
クラス,くらす,kurasu,katakana_loanword,,普通名詞,組織・団体;抽象物
クレジット,くれじっと,kurejitto,katakana_loanword,,普通名詞,抽象物
クレーム,くれーむ,kuremu,katakana_loanword,,普通名詞,抽象物
クレーン,くれーん,kuren,katakana_loanword,,普通名詞,人工物-乗り物
クレーター,くれーたー,kureta,katakana_loanword,,普通名詞,場所-自然
クレーター,くれーたー,kureta,katakana_loanword,,普通名詞,場所-自然
クレヨン,くれよん,kureyon,katakana_loanword,,普通名詞,人工物-その他
クリア,くりあ,kuria,katakana_loanword,,サ変名詞,抽象物
クリア,くりあ,kuria,katakana_loanword,,ナ形容詞,
クリエーティブ,くりえーてぃぶ,kurietibu,katakana_loanword,,ナ形容詞,
クリエート,くりえーと,kurieto,katakana_loanword,,普通名詞,抽象物
クリック,くりっく,kurikku,katakana_loanword,,サ変名詞,抽象物
クリーム,くりーむ,kurimu,katakana_loanword,,普通名詞,人工物-その他
クリーン,くりーん,kurin,katakana_loanword,,ナ形容詞,
クリーナー,くりーなー,kurina,katakana_loanword,,普通名詞,人工物-その他
クリーナー,くりーなー,kurina,katakana_loanword,,普通名詞,人工物-その他
クリニック,くりにっく,kurinikku,katakana_loanword,,普通名詞,組織・団体;場所-施設
クリーニング,くりーにんぐ,kuriningu,katakana_loanword,,普通名詞,抽象物
クリップ,くりっぷ,kurippu,katakana_loanword,,普通名詞,人工物-その他
クリスチャン,くりすちゃん,kurisuchan,katakana_loanword,,普通名詞,人
クリスマス,くりすます,kurisumasu,katakana_loanword,,普通名詞,抽象物;時間
クローバー,くろーばー,kuroba,katakana_loanword,,普通名詞,植物
クローバー,くろーばー,kuroba,katakana_loanword,,普通名詞,植物
クローン,くろーん,kuron,katakana_loanword,,普通名詞,抽象物
クロール,くろーる,kuroru,katakana_loanword,,普通名詞,抽象物
クロス,くろす,kurosu,katakana_loanword,,サ変名詞,抽象物;形・模様
クローズアップ,くろーずあっぷ,kurozuappu,katakana_loanword,,サ変名詞,抽象物
クルー,くるー,kuru,katakana_loanword,,普通名詞,人
クール,くーる,kuru,katakana_loanword,,ナ形容詞,
クルーズ,くるーず,kuruzu,katakana_loanword,,普通名詞,抽象物
クッション,くっしょん,kusshon,katakana_loanword,,普通名詞,人工物-その他
クズ,くず,kuzu,katakana_loanword,,普通名詞,人工物-その他
キャベツ,きゃべつ,kyabetsu,katakana_loanword,,普通名詞,植物;人工物-食べ物
キャンバス,きゃんばす,kyanbasu,katakana_loanword,,普通名詞,人工物-その他
キャンデー,きゃんでー,kyande,katakana_loanword,,普通名詞,人工物-食べ物
キャンデー,きゃんでー,kyande,katakana_loanword,,普通名詞,人工物-食べ物
キャンドル,きゃんどる,kyandoru,katakana_loanword,,普通名詞,人工物-その他
キャンパス,きゃんぱす,kyanpasu,katakana_loanword,,普通名詞,場所-機能
キャンペーン,きゃんぺーん,kyanpen,katakana_loanword,,普通名詞,抽象物
キャンプ,きゃんぷ,kyanpu,katakana_loanword,,サ変名詞,抽象物
キャンセル,きゃんせる,kyanseru,katakana_loanword,,サ変名詞,抽象物
キャップ,きゃっぷ,kyappu,katakana_loanword,,普通名詞,人工物-衣類
キャプテン,きゃぷてん,kyaputen,katakana_loanword,,普通名詞,人
キャラ,きゃら,kyara,katakana_loanword,,普通名詞,抽象物
キャラバン,きゃらばん,kyaraban,katakana_loanword,,普通名詞,組織・団体
キャラクター,きゃらくたー,kyarakuta,katakana_loanword,,普通名詞,抽象物
キャラクター,きゃらくたー,kyarakuta,katakana_loanword,,普通名詞,抽象物
キャラメル,きゃらめる,kyarameru,katakana_loanword,,普通名詞,人工物-食べ物
キャリア,きゃりあ,kyaria,katakana_loanword,,普通名詞,抽象物
キャッシュ,きゃっしゅ,kyasshu,katakana_loanword,,普通名詞,人工物-金銭
キャスター,きゃすたー,kyasuta,katakana_loanword,,普通名詞,人
キャスター,きゃすたー,kyasuta,katakana_loanword,,普通名詞,人
キャスト,きゃすと,kyasuto,katakana_loanword,,普通名詞,人
キャッチ,きゃっち,kyatchi,katakana_loanword,,サ変名詞,抽象物
キャッチボール,きゃっちぼーる,kyatchiboru,katakana_loanword,,サ変名詞,抽象物
キャッチフレーズ,きゃっちふれーず,kyatchifurezu,katakana_loanword,,普通名詞,抽象物
急ピッチ,きゅうぴっち,kyupitchi,katakana_loanword,,ナ形容詞,
キュロット,きゅろっと,kyurotto,katakana_loanword,,普通名詞,人工物-衣類
急テンポ,きゅうてんぽ,kyutenpo,katakana_loanword,,ナ形容詞,
キュート,きゅーと,kyuto,katakana_loanword,,ナ形容詞,
マーチ,まーち,machi,katakana_loanword,,普通名詞,抽象物
マフィア,まふぃあ,mafia,katakana_loanword,,普通名詞,組織・団体
マフラー,まふらー,mafura,katakana_loanword,,普通名詞,人工物-衣類
マガジン,まがじん,magajin,katakana_loanword,,普通名詞,人工物-その他
マーガリン,まーがりん,magarin,katakana_loanword,,普通名詞,人工物-食べ物
マグマ,まぐま,maguma,katakana_loanword,,普通名詞,自然物
マグニチュード,まぐにちゅーど,magunichudo,katakana_loanword,,普通名詞,数量
マッハ,まっは,mahha,katakana_loanword,,普通名詞,数量
マイ,まい,mai,katakana_loanword,,普通名詞,抽象物
マイホーム,まいほーむ,maihomu,katakana_loanword,,普通名詞,場所-施設
マイカー,まいかー,maika,katakana_loanword,,普通名詞,人工物-乗り物
マイコン,まいこん,maikon,katakana_loanword,,普通名詞,人工物-その他
マイク,まいく,maiku,katakana_loanword,,普通名詞,人工物-その他
マイナー,まいなー,maina,katakana_loanword,,ナ形容詞,
マイナス,まいなす,mainasu,katakana_loanword,,サ変名詞,抽象物
マイナス,まいなす,mainasu,katakana_loanword,,ナ形容詞,
マインド,まいんど,maindo,katakana_loanword,,普通名詞,抽象物
マイル,まいる,mairu,katakana_loanword,,普通名詞,数量
マイルド,まいるど,mairudo,katakana_loanword,,ナ形容詞,
マジック,まじっく,majikku,katakana_loanword,,普通名詞,抽象物
マカロニ,まかろに,makaroni,katakana_loanword,,普通名詞,人工物-食べ物
マーケティング,まーけてぃんぐ,maketingu,katakana_loanword,,普通名詞,抽象物
マーケット,まーけっと,maketto,katakana_loanword,,普通名詞,場所-その他
マキシマム,まきしまむ,makishimamu,katakana_loanword,,普通名詞,数量
マーク,まーく,maku,katakana_loanword,,サ変名詞,抽象物
マクロ,まくろ,makuro,katakana_loanword,,普通名詞,抽象物
ママ,まま,mama,katakana_loanword,,普通名詞,人
マン,まん,man,katakana_loanword,,普通名詞,人
マナー,まなー,mana,katakana_loanword,,普通名詞,抽象物
マンダリン,まんだりん,mandarin,katakana_loanword,,普通名詞,植物;人工物-食べ物;抽象物
マンドリン,まんどりん,mandorin,katakana_loanword,,普通名詞,人工物-その他
マネー,まねー,mane,katakana_loanword,,普通名詞,人工物-金銭
マネージャー,まねーじゃー,maneja,katakana_loanword,,普通名詞,人
マネージャー,まねーじゃー,maneja,katakana_loanword,,普通名詞,人
マネージャー,まねーじゃー,maneja,katakana_loanword,,普通名詞,人
マネージャー,まねーじゃー,maneja,katakana_loanword,,普通名詞,人
マネジメント,まねじめんと,manejimento,katakana_loanword,,普通名詞,抽象物
マネジメント,まねじめんと,manejimento,katakana_loanword,,普通名詞,抽象物
マネキン,まねきん,manekin,katakana_loanword,,普通名詞,人工物-その他
マンガン,まんがん,mangan,katakana_loanword,,普通名詞,自然物
マンホール,まんほーる,manhoru,katakana_loanword,,普通名詞,人工物-その他
マニア,まにあ,mania,katakana_loanword,,普通名詞,人
マニアック,まにあっく,maniakku,katakana_loanword,,ナ形容詞,
マニキュア,まにきゅあ,manikyua,katakana_loanword,,普通名詞,人工物-その他
マンモス,まんもす,manmosu,katakana_loanword,,普通名詞,動物
マンネリ,まんねり,manneri,katakana_loanword,,普通名詞,抽象物
マンション,まんしょん,manshon,katakana_loanword,,普通名詞,場所-施設
満タン,まんたん,mantan,katakana_loanword,,普通名詞,抽象物
マント,まんと,manto,katakana_loanword,,普通名詞,人工物-衣類
マニュアル,まにゅある,manyuaru,katakana_loanword,,普通名詞,人工物-その他;抽象物
マップ,まっぷ,mappu,katakana_loanword,,普通名詞,人工物-その他
マラリア,まらりあ,mararia,katakana_loanword,,普通名詞,抽象物
マラソン,まらそん,marason,katakana_loanword,,普通名詞,抽象物
マリーナ,まりーな,marina,katakana_loanword,,普通名詞,場所-施設
マリンバ,まりんば,marinba,katakana_loanword,,普通名詞,人工物-その他
マルチ,まるち,maruchi,katakana_loanword,,普通名詞,抽象物
マルチメディア,まるちめでぃあ,maruchimedia,katakana_loanword,,普通名詞,抽象物
マルク,まるく,maruku,katakana_loanword,,普通名詞,数量
マシン,ましん,mashin,katakana_loanword,,普通名詞,人工物-その他
マシーン,ましーん,mashin,katakana_loanword,,普通名詞,人工物-その他
マッサージ,まっさーじ,massaji,katakana_loanword,,サ変名詞,抽象物
マッシュルーム,まっしゅるーむ,masshurumu,katakana_loanword,,普通名詞,植物;人工物-食べ物
マスゲーム,ますげーむ,masugemu,katakana_loanword,,普通名詞,抽象物
マスカラ,ますから,masukara,katakana_loanword,,普通名詞,人工物-その他
マスコミ,ますこみ,masukomi,katakana_loanword,,普通名詞,抽象物
マスコット,ますこっと,masukotto,katakana_loanword,,普通名詞,抽象物
マスク,ますく,masuku,katakana_loanword,,普通名詞,人工物-衣類
マスメディア,ますめでぃあ,masumedia,katakana_loanword,,普通名詞,抽象物
マスター,ますたー,masuta,katakana_loanword,,サ変名詞,人
マスター,ますたー,masuta,katakana_loanword,,サ変名詞,人
マスタード,ますたーど,masutado,katakana_loanword,,普通名詞,人工物-食べ物
マスターズ,ますたーず,masutazu,katakana_loanword,,普通名詞,抽象物
マスト,ますと,masuto,katakana_loanword,,普通名詞,人工物-その他
マッチ,まっち,matchi,katakana_loanword,,サ変名詞,人工物-その他
マテリアル,まてりある,materiaru,katakana_loanword,,普通名詞,抽象物
マート,まーと,mato,katakana_loanword,,普通名詞,場所-その他
マット,まっと,matto,katakana_loanword,,普通名詞,人工物-その他
マットレス,まっとれす,mattoresu,katakana_loanword,,普通名詞,人工物-その他
マウンド,まうんど,maundo,katakana_loanword,,普通名詞,場所-その他
マウス,まうす,mausu,katakana_loanword,,普通名詞,動物;動物-部位;人工物-その他
マヨネーズ,まよねーず,mayonezu,katakana_loanword,,普通名詞,人工物-食べ物
メバル,めばる,mebaru,katakana_loanword,,普通名詞,動物;人工物-食べ物
メチャメチャ,めちゃめちゃ,mechamecha,katakana_loanword,,ナ形容詞,
メチル,めちる,mechiru,katakana_loanword,,普通名詞,自然物
メダリスト,めだりすと,medarisuto,katakana_loanword,,普通名詞,人
メダル,めだる,medaru,katakana_loanword,,普通名詞,人工物-その他
メーデー,めーでー,mede,katakana_loanword,,時相名詞,時間
メディア,めでぃあ,media,katakana_loanword,,普通名詞,抽象物
メード,めーど,medo,katakana_loanword,,普通名詞,人
メード,めーど,medo,katakana_loanword,,普通名詞,人
メドレー,めどれー,medore,katakana_loanword,,普通名詞,抽象物
メドレー,めどれー,medore,katakana_loanword,,普通名詞,抽象物
メガホン,めがほん,megahon,katakana_loanword,,普通名詞,人工物-その他
メジャー,めじゃー,meja,katakana_loanword,,普通名詞,人工物-その他
メジャー,めじゃー,meja,katakana_loanword,,ナ形容詞,
メーカー,めーかー,meka,katakana_loanword,,普通名詞,組織・団体
メーカー,めーかー,meka,katakana_loanword,,普通名詞,組織・団体
メカニック,めかにっく,mekanikku,katakana_loanword,,普通名詞,人;抽象物
メカニズム,めかにずむ,mekanizumu,katakana_loanword,,普通名詞,抽象物
メーク,めーく,meku,katakana_loanword,,サ変名詞,抽象物
メーク,めーく,meku,katakana_loanword,,サ変名詞,抽象物
メモ,めも,memo,katakana_loanword,,サ変名詞,人工物-その他
メモリー,めもりー,memori,katakana_loanword,,普通名詞,抽象物
メモリー,めもりー,memori,katakana_loanword,,普通名詞,抽象物
メモリアル,めもりある,memoriaru,katakana_loanword,,普通名詞,抽象物
メーン,めーん,men,katakana_loanword,,普通名詞,抽象物
メーン,めーん,men,katakana_loanword,,普通名詞,抽象物
メンバー,めんばー,menba,katakana_loanword,,普通名詞,人
メンバー,めんばー,menba,katakana_loanword,,普通名詞,人
メンテナンス,めんてなんす,mentenansu,katakana_loanword,,サ変名詞,抽象物
メヌエット,めぬえっと,menuetto,katakana_loanword,,普通名詞,抽象物
メニュー,めにゅー,menyu,katakana_loanword,,普通名詞,人工物-その他
メニュー,めにゅー,menyu,katakana_loanword,,普通名詞,人工物-その他
メリット,めりっと,meritto,katakana_loanword,,普通名詞,抽象物
メロディ,めろでぃ,merodi,katakana_loanword,,普通名詞,抽象物
メロディ,めろでぃ,merodi,katakana_loanword,,普通名詞,抽象物
メロドラマ,めろどらま,merodorama,katakana_loanword,,普通名詞,抽象物
メロン,めろん,meron,katakana_loanword,,普通名詞,植物;人工物-食べ物
メール,めーる,meru,katakana_loanword,,普通名詞,抽象物
メセナ,めせな,mesena,katakana_loanword,,普通名詞,抽象物
メソッド,めそっど,mesoddo,katakana_loanword,,普通名詞,抽象物
メッセ,めっせ,messe,katakana_loanword,,普通名詞,抽象物
メッセージ,めっせーじ,messeji,katakana_loanword,,普通名詞,抽象物
メス,めす,mesu,katakana_loanword,,普通名詞,人工物-その他
メーター,めーたー,meta,katakana_loanword,,普通名詞,数量
メーター,めーたー,meta,katakana_loanword,,普通名詞,数量
メタン,めたん,metan,katakana_loanword,,普通名詞,自然物
メトロ,めとろ,metoro,katakana_loanword,,普通名詞,人工物-乗り物
メートル,めーとる,metoru,katakana_loanword,,普通名詞,数量
ミディアム,みでぃあむ,midiamu,katakana_loanword,,普通名詞,抽象物
ミイラ,みいら,miira,katakana_loanword,,普通名詞,人工物-その他
ミキサー,みきさー,mikisa,katakana_loanword,,普通名詞,人工物-その他
ミキサー,みきさー,mikisa,katakana_loanword,,普通名詞,人工物-その他
ミックス,みっくす,mikkusu,katakana_loanword,,サ変名詞,抽象物
ミクロ,みくろ,mikuro,katakana_loanword,,普通名詞,抽象物
ミクロン,みくろん,mikuron,katakana_loanword,,普通名詞,数量
ミンチ,みんち,minchi,katakana_loanword,,普通名詞,人工物-食べ物
ミネラル,みねらる,mineraru,katakana_loanword,,普通名詞,自然物
ミニ,みに,mini,katakana_loanword,,普通名詞,抽象物
ミニバン,みにばん,miniban,katakana_loanword,,普通名詞,人工物-乗り物
ミニチュア,みにちゅあ,minichua,katakana_loanword,,普通名詞,人工物-その他
ミニカー,みにかー,minika,katakana_loanword,,普通名詞,人工物-その他
ミニカー,みにかー,minika,katakana_loanword,,普通名詞,人工物-その他
ミニコミ,みにこみ,minikomi,katakana_loanword,,普通名詞,抽象物
ミニマム,みにまむ,minimamu,katakana_loanword,,普通名詞,数量
ミント,みんと,minto,katakana_loanword,,普通名詞,植物;人工物-食べ物
ミルク,みるく,miruku,katakana_loanword,,普通名詞,人工物-食べ物
ミサイル,みさいる,misairu,katakana_loanword,,普通名詞,人工物-その他
ミシン,みしん,mishin,katakana_loanword,,普通名詞,人工物-その他
ミッション,みっしょん,misshon,katakana_loanword,,普通名詞,抽象物
ミス,みす,misu,katakana_loanword,,サ変名詞,人
ミスコン,みすこん,misukon,katakana_loanword,,普通名詞,抽象物
ミスマッチ,みすまっち,misumatchi,katakana_loanword,,普通名詞,抽象物
ミスター,みすたー,misuta,katakana_loanword,,普通名詞,抽象物
ミステーク,みすてーく,misuteku,katakana_loanword,,普通名詞,抽象物
ミステリー,みすてりー,misuteri,katakana_loanword,,普通名詞,抽象物
ミステリー,みすてりー,misuteri,katakana_loanword,,普通名詞,抽象物
ミステリアス,みすてりあす,misuteriasu,katakana_loanword,,ナ形容詞,
ミーティング,みーてぃんぐ,mitingu,katakana_loanword,,サ変名詞,抽象物
ミット,みっと,mitto,katakana_loanword,,普通名詞,人工物-その他
モバイル,もばいる,mobairu,katakana_loanword,,普通名詞,抽象物
モチーフ,もちーふ,mochifu,katakana_loanword,,普通名詞,抽象物
モダン,もだん,modan,katakana_loanword,,ナ形容詞,
モデム,もでむ,modemu,katakana_loanword,,普通名詞,人工物-その他
モデル,もでる,moderu,katakana_loanword,,普通名詞,人;抽象物
モード,もーど,modo,katakana_loanword,,普通名詞,抽象物
モジュール,もじゅーる,mojuru,katakana_loanword,,普通名詞,抽象物
モーニング,もーにんぐ,moningu,katakana_loanword,,時相名詞,人工物-衣類;時間
モニター,もにたー,monita,katakana_loanword,,サ変名詞,人;人工物-その他
モニター,もにたー,monita,katakana_loanword,,サ変名詞,人;人工物-その他
モノレール,ものれーる,monoreru,katakana_loanword,,普通名詞,人工物-乗り物
モンスーン,もんすーん,monsun,katakana_loanword,,普通名詞,抽象物
モンスター,もんすたー,monsuta,katakana_loanword,,普通名詞,人
モンスター,もんすたー,monsuta,katakana_loanword,,普通名詞,人
モップ,もっぷ,moppu,katakana_loanword,,普通名詞,人工物-その他
モラル,もらる,moraru,katakana_loanword,,普通名詞,抽象物
モロヘイヤ,もろへいや,moroheiya,katakana_loanword,,普通名詞,植物;人工物-食べ物
モール,もーる,moru,katakana_loanword,,普通名詞,人工物-その他
モルヒネ,もるひね,moruhine,katakana_loanword,,普通名詞,人工物-その他
モルモット,もるもっと,morumotto,katakana_loanword,,普通名詞,動物
モルタル,もるたる,morutaru,katakana_loanword,,普通名詞,人工物-その他
モーション,もーしょん,moshon,katakana_loanword,,普通名詞,抽象物
モスク,もすく,mosuku,katakana_loanword,,普通名詞,場所-施設
モーター,もーたー,mota,katakana_loanword,,普通名詞,人工物-その他
モーター,もーたー,mota,katakana_loanword,,普通名詞,人工物-その他
モーターボート,もーたーぼーと,motaboto,katakana_loanword,,普通名詞,人工物-乗り物
モットー,もっとー,motto,katakana_loanword,,普通名詞,抽象物
モザイク,もざいく,mozaiku,katakana_loanword,,普通名詞,人工物-その他;形・模様
ムービー,むーびー,mubi,katakana_loanword,,普通名詞,抽象物
ムード,むーど,mudo,katakana_loanword,,普通名詞,抽象物
ムササビ,むささび,musasabi,katakana_loanword,,普通名詞,動物
ミュージアム,みゅーじあむ,myujiamu,katakana_loanword,,普通名詞,場所-施設
ミュージカル,みゅーじかる,myujikaru,katakana_loanword,,普通名詞,抽象物
ミュージック,みゅーじっく,myujikku,katakana_loanword,,普通名詞,抽象物
ミュージシャン,みゅーじしゃん,myujishan,katakana_loanword,,普通名詞,人
ナチュラル,なちゅらる,nachuraru,katakana_loanword,,ナ形容詞,
ナイフ,ないふ,naifu,katakana_loanword,,普通名詞,人工物-その他
ナイロン,ないろん,nairon,katakana_loanword,,普通名詞,人工物-その他
ナイター,ないたー,naita,katakana_loanword,,普通名詞,抽象物
ナンバー,なんばー,nanba,katakana_loanword,,普通名詞,抽象物
ナンバーワン,なんばーわん,nanbawan,katakana_loanword,,普通名詞,抽象物
ナンセンス,なんせんす,nansensu,katakana_loanword,,ナ形容詞,
ナプキン,なぷきん,napukin,katakana_loanword,,普通名詞,人工物-その他
ナレーション,なれーしょん,nareshon,katakana_loanword,,普通名詞,抽象物
ナレーター,なれーたー,nareta,katakana_loanword,,普通名詞,人
ナレーター,なれーたー,nareta,katakana_loanword,,普通名詞,人
ナショナル,なしょなる,nashonaru,katakana_loanword,,普通名詞,抽象物
ナトリウム,なとりうむ,natoriumu,katakana_loanword,,普通名詞,自然物
ナツメ,なつめ,natsume,katakana_loanword,,普通名詞,植物
ナツメロ,なつめろ,natsumero,katakana_loanword,,普通名詞,抽象物
ナット,なっと,natto,katakana_loanword,,普通名詞,人工物-その他
ナッツ,なっつ,nattsu,katakana_loanword,,普通名詞,植物-部位;人工物-食べ物
ネーチャー,ねーちゃー,necha,katakana_loanword,,普通名詞,抽象物
ネーチャー,ねーちゃー,necha,katakana_loanword,,普通名詞,抽象物
ネーチャー,ねーちゃー,necha,katakana_loanword,,普通名詞,抽象物
ネーチャー,ねーちゃー,necha,katakana_loanword,,普通名詞,抽象物
ネガ,ねが,nega,katakana_loanword,,普通名詞,人工物-その他;抽象物
ネガティブ,ねがてぃぶ,negatibu,katakana_loanword,,ナ形容詞,
ネジ,ねじ,neji,katakana_loanword,,普通名詞,人工物-その他
ネック,ねっく,nekku,katakana_loanword,,普通名詞,人工物-その他;抽象物
ネックレス,ねっくれす,nekkuresu,katakana_loanword,,普通名詞,人工物-衣類
ネクタイ,ねくたい,nekutai,katakana_loanword,,普通名詞,人工物-衣類
ネーミング,ねーみんぐ,nemingu,katakana_loanword,,サ変名詞,抽象物
ネーム,ねーむ,nemu,katakana_loanword,,普通名詞,抽象物
ネオン,ねおん,neon,katakana_loanword,,普通名詞,人工物-その他;自然物
ネーション,ねーしょん,neshon,katakana_loanword,,普通名詞,組織・団体
ネタ,ねた,neta,katakana_loanword,,普通名詞,抽象物
ネット,ねっと,netto,katakana_loanword,,普通名詞,人工物-その他;抽象物
ネットワーク,ねっとわーく,nettowaku,katakana_loanword,,普通名詞,抽象物
ニア,にあ,nia,katakana_loanword,,普通名詞,抽象物
ニヒリズム,にひりずむ,nihirizumu,katakana_loanword,,普通名詞,抽象物
ニッケル,にっける,nikkeru,katakana_loanword,,普通名詞,自然物
ニコチン,にこちん,nikochin,katakana_loanword,,普通名詞,自然物
人間ドック,にんげんどっく,ningendokku,katakana_loanword,,普通名詞,抽象物
ニット,にっと,nitto,katakana_loanword,,普通名詞,人工物-その他
ニーズ,にーず,nizu,katakana_loanword,,普通名詞,抽象物
ノウハウ,のうはう,nohau,katakana_loanword,,普通名詞,抽象物
ノイローゼ,のいろーぜ,noiroze,katakana_loanword,,普通名詞,抽象物
ノイズ,のいず,noizu,katakana_loanword,,普通名詞,抽象物
ノック,のっく,nokku,katakana_loanword,,サ変名詞,抽象物
ノックアウト,のっくあうと,nokkuauto,katakana_loanword,,サ変名詞,抽象物
ノーマル,のーまる,nomaru,katakana_loanword,,ナ形容詞,
ノミネート,のみねーと,nomineto,katakana_loanword,,サ変名詞,抽象物
ノンフィクション,のんふぃくしょん,nonfikushon,katakana_loanword,,普通名詞,抽象物
ノルマ,のるま,noruma,katakana_loanword,,普通名詞,数量
ノーサイド,のーさいど,nosaido,katakana_loanword,,普通名詞,抽象物
ノース,のーす,nosu,katakana_loanword,,普通名詞,場所-機能
ノスタルジック,のすたるじっく,nosutarujikku,katakana_loanword,,ナ形容詞,
ノータッチ,のーたっち,notatchi,katakana_loanword,,普通名詞,抽象物
ノート,のーと,noto,katakana_loanword,,サ変名詞,人工物-その他
ノートライ,のーとらい,notorai,katakana_loanword,,普通名詞,抽象物
ノット,のっと,notto,katakana_loanword,,普通名詞,数量
ノズル,のずる,nozuru,katakana_loanword,,普通名詞,人工物-その他
ヌード,ぬーど,nudo,katakana_loanword,,普通名詞,抽象物
ニュー,にゅー,nyu,katakana_loanword,,普通名詞,時間
ニュアンス,にゅあんす,nyuansu,katakana_loanword,,普通名詞,抽象物
ニュース,にゅーす,nyusu,katakana_loanword,,普通名詞,抽象物
ニュータウン,にゅーたうん,nyutaun,katakana_loanword,,普通名詞,場所-その他
ニューズ,にゅーず,nyuzu,katakana_loanword,,普通名詞,抽象物
オアシス,おあしす,oashisu,katakana_loanword,,普通名詞,場所-自然
オーバー,おーばー,oba,katakana_loanword,,サ変名詞,抽象物
オーバー,おーばー,oba,katakana_loanword,,ナ形容詞,
オブジェクト,おぶじぇくと,obujekuto,katakana_loanword,,普通名詞,抽象物
オーブン,おーぶん,obun,katakana_loanword,,普通名詞,人工物-その他
オブラート,おぶらーと,oburato,katakana_loanword,,普通名詞,人工物-その他
オブザーバー,おぶざーばー,obuzaba,katakana_loanword,,普通名詞,人
オブザーバー,おぶざーばー,obuzaba,katakana_loanword,,普通名詞,人
オチ,おち,ochi,katakana_loanword,,普通名詞,抽象物
オーダー,おーだー,oda,katakana_loanword,,サ変名詞,抽象物
オーダー,おーだー,oda,katakana_loanword,,サ変名詞,抽象物
オーディオ,おーでぃお,odio,katakana_loanword,,普通名詞,人工物-その他
オードブル,おーどぶる,odoburu,katakana_loanword,,普通名詞,人工物-食べ物
オフェンス,おふぇんす,ofensu,katakana_loanword,,普通名詞,抽象物
オフィシャル,おふぃしゃる,ofisharu,katakana_loanword,,ナ形容詞,
オフィス,おふぃす,ofisu,katakana_loanword,,普通名詞,場所-施設
オフ,おふ,ofu,katakana_loanword,,サ変名詞,抽象物
オフサイド,おふさいど,ofusaido,katakana_loanword,,普通名詞,抽象物
オイル,おいる,oiru,katakana_loanword,,普通名詞,自然物
オカルト,おかると,okaruto,katakana_loanword,,普通名詞,抽象物
オーケー,おーけー,oke,katakana_loanword,,サ変名詞,抽象物
オーケストラ,おーけすとら,okesutora,katakana_loanword,,普通名詞,組織・団体
オクラ,おくら,okura,katakana_loanword,,普通名詞,植物;人工物-食べ物
オークション,おーくしょん,okushon,katakana_loanword,,普通名詞,抽象物
オクターブ,おくたーぶ,okutabu,katakana_loanword,,普通名詞,数量
オムニバス,おむにばす,omunibasu,katakana_loanword,,普通名詞,抽象物
オムレツ,おむれつ,omuretsu,katakana_loanword,,普通名詞,人工物-食べ物
オン,おん,on,katakana_loanword,,サ変名詞,抽象物
オーナー,おーなー,ona,katakana_loanword,,普通名詞,人
オーナー,おーなー,ona,katakana_loanword,,普通名詞,人
オンブズマン,おんぶずまん,onbuzuman,katakana_loanword,,普通名詞,人
オンエア,おんえあ,onea,katakana_loanword,,サ変名詞,抽象物
オンライン,おんらいん,onrain,katakana_loanword,,普通名詞,抽象物
オペラ,おぺら,opera,katakana_loanword,,普通名詞,抽象物
オペレッタ,おぺれった,operetta,katakana_loanword,,普通名詞,抽象物
オープン,おーぷん,opun,katakana_loanword,,サ変名詞,抽象物
オープン,おーぷん,opun,katakana_loanword,,ナ形容詞,
オプション,おぷしょん,opushon,katakana_loanword,,普通名詞,抽象物
オレンジ,おれんじ,orenji,katakana_loanword,,普通名詞,植物;人工物-食べ物
オレンジ色,おれんじいろ,orenjiiro,katakana_loanword,,普通名詞,色
オリーブ,おりーぶ,oribu,katakana_loanword,,普通名詞,植物;人工物-食べ物
オリジナル,おりじなる,orijinaru,katakana_loanword,,ナ形容詞,
オーロラ,おーろら,orora,katakana_loanword,,普通名詞,抽象物
オール,おーる,oru,katakana_loanword,,普通名詞,人工物-その他
オルガン,おるがん,orugan,katakana_loanword,,普通名詞,人工物-その他
オルゴール,おるごーる,orugoru,katakana_loanword,,普通名詞,人工物-その他
オーソドックス,おーそどっくす,osodokkusu,katakana_loanword,,ナ形容詞,
オートバイ,おーとばい,otobai,katakana_loanword,,普通名詞,人工物-乗り物
オートメーション,おーとめーしょん,otomeshon,katakana_loanword,,普通名詞,抽象物
オオワシ,おおわし,owashi,katakana_loanword,,普通名詞,動物
オゾン,おぞん,ozon,katakana_loanword,,普通名詞,自然物
パア,ぱあ,paa,katakana_loanword,,普通名詞,抽象物;形・模様
パビリオン,ぱびりおん,pabirion,katakana_loanword,,普通名詞,場所-施設
パブリック,ぱぶりっく,paburikku,katakana_loanword,,普通名詞,抽象物
パチンコ,ぱちんこ,pachinko,katakana_loanword,,普通名詞,人工物-その他
パフェ,ぱふぇ,pafe,katakana_loanword,,普通名詞,人工物-食べ物
パーフェクト,ぱーふぇくと,pafekuto,katakana_loanword,,ナ形容詞,
パフォーマンス,ぱふぉーまんす,pafomansu,katakana_loanword,,サ変名詞,抽象物
パイ,ぱい,pai,katakana_loanword,,普通名詞,人工物-食べ物;数量
パイナップル,ぱいなっぷる,painappuru,katakana_loanword,,普通名詞,植物;人工物-食べ物
パイオニア,ぱいおにあ,paionia,katakana_loanword,,普通名詞,人
パイプ,ぱいぷ,paipu,katakana_loanword,,普通名詞,人工物-その他
パイロット,ぱいろっと,pairotto,katakana_loanword,,普通名詞,人
パジャマ,ぱじゃま,pajama,katakana_loanword,,普通名詞,人工物-衣類
パケット,ぱけっと,paketto,katakana_loanword,,普通名詞,数量
パーキング,ぱーきんぐ,pakingu,katakana_loanword,,普通名詞,場所-施設
パッケージ,ぱっけーじ,pakkeji,katakana_loanword,,普通名詞,人工物-その他;抽象物
パック,ぱっく,pakku,katakana_loanword,,サ変名詞,人工物-その他;抽象物
パーク,ぱーく,paku,katakana_loanword,,普通名詞,場所-施設
パーマ,ぱーま,pama,katakana_loanword,,サ変名詞,抽象物
パン,ぱん,pan,katakana_loanword,,普通名詞,人工物-食べ物
パンチ,ぱんち,panchi,katakana_loanword,,普通名詞,人工物-その他;抽象物
パンダ,ぱんだ,panda,katakana_loanword,,普通名詞,動物
パネリスト,ぱねりすと,panerisuto,katakana_loanword,,普通名詞,人
パネル,ぱねる,paneru,katakana_loanword,,普通名詞,人工物-その他
パンフレット,ぱんふれっと,panfuretto,katakana_loanword,,普通名詞,人工物-その他;抽象物
パニック,ぱにっく,panikku,katakana_loanword,,普通名詞,抽象物
パンジー,ぱんじー,panji,katakana_loanword,,普通名詞,植物
パン粉,ぱんこ,panko,katakana_loanword,,普通名詞,人工物-食べ物
パンク,ぱんく,panku,katakana_loanword,,サ変名詞,抽象物
パノラマ,ぱのらま,panorama,katakana_loanword,,普通名詞,人工物-その他
パンパン,ぱんぱん,panpan,katakana_loanword,,ナ形容詞,
パンタグラフ,ぱんたぐらふ,pantagurafu,katakana_loanword,,普通名詞,人工物-その他
パンティー,ぱんてぃー,panti,katakana_loanword,,普通名詞,人工物-衣類
パンティー,ぱんてぃー,panti,katakana_loanword,,普通名詞,人工物-衣類
パント,ぱんと,panto,katakana_loanword,,普通名詞,抽象物
パンツ,ぱんつ,pantsu,katakana_loanword,,普通名詞,人工物-衣類
パパ,ぱぱ,papa,katakana_loanword,,普通名詞,人
パパイヤ,ぱぱいや,papaiya,katakana_loanword,,普通名詞,植物;人工物-食べ物
パピルス,ぱぴるす,papirusu,katakana_loanword,,普通名詞,植物;人工物-その他
パラダイム,ぱらだいむ,paradaimu,katakana_loanword,,普通名詞,抽象物
パラダイス,ぱらだいす,paradaisu,katakana_loanword,,普通名詞,場所-その他
パラメータ,ぱらめーた,parameta,katakana_loanword,,普通名詞,抽象物
パラパラ,ぱらぱら,parapara,katakana_loanword,,ナ形容詞,
パラレル,ぱられる,parareru,katakana_loanword,,ナ形容詞,
パラソル,ぱらそる,parasoru,katakana_loanword,,普通名詞,人工物-その他
パレード,ぱれーど,paredo,katakana_loanword,,サ変名詞,抽象物
パレット,ぱれっと,paretto,katakana_loanword,,普通名詞,人工物-その他
パルプ,ぱるぷ,parupu,katakana_loanword,,普通名詞,人工物-その他
パーセント,ぱーせんと,pasento,katakana_loanword,,普通名詞,数量
パセリ,ぱせり,paseri,katakana_loanword,,普通名詞,植物;人工物-食べ物
パソコン,ぱそこん,pasokon,katakana_loanword,,普通名詞,人工物-その他
パス,ぱす,pasu,katakana_loanword,,サ変名詞,抽象物
パスポート,ぱすぽーと,pasupoto,katakana_loanword,,普通名詞,人工物-その他
パスタ,ぱすた,pasuta,katakana_loanword,,普通名詞,人工物-食べ物
パステル,ぱすてる,pasuteru,katakana_loanword,,普通名詞,人工物-その他
パスワード,ぱすわーど,pasuwado,katakana_loanword,,普通名詞,抽象物
パスワーク,ぱすわーく,pasuwaku,katakana_loanword,,普通名詞,抽象物
パターン,ぱたーん,patan,katakana_loanword,,普通名詞,抽象物
パッチ,ぱっち,patchi,katakana_loanword,,普通名詞,抽象物
パテ,ぱて,pate,katakana_loanword,,普通名詞,人工物-食べ物;人工物-その他
パーティー,ぱーてぃー,pati,katakana_loanword,,普通名詞,抽象物
パーティー,ぱーてぃー,pati,katakana_loanword,,普通名詞,抽象物
パート,ぱーと,pato,katakana_loanword,,普通名詞,人;抽象物
パトカー,ぱとかー,patoka,katakana_loanword,,普通名詞,人工物-乗り物
パートナー,ぱーとなー,patona,katakana_loanword,,普通名詞,人
パートナー,ぱーとなー,patona,katakana_loanword,,普通名詞,人
パトロール,ぱとろーる,patororu,katakana_loanword,,サ変名詞,抽象物
パーツ,ぱーつ,patsu,katakana_loanword,,普通名詞,人工物-その他
パット,ぱっと,patto,katakana_loanword,,サ変名詞,人工物-その他;抽象物
パワー,ぱわー,pawa,katakana_loanword,,普通名詞,抽象物
パワフル,ぱわふる,pawafuru,katakana_loanword,,ナ形容詞,
パズル,ぱずる,pazuru,katakana_loanword,,普通名詞,抽象物
ペア,ぺあ,pea,katakana_loanword,,普通名詞,組織・団体
ペダル,ぺだる,pedaru,katakana_loanword,,普通名詞,人工物-その他
頁,ぺーじ,peji,katakana_loanword,kanji_loanword,普通名詞,場所-その他;数量
ペン,ぺん,pen,katakana_loanword,,普通名詞,人工物-その他
ペナント,ぺなんと,penanto,katakana_loanword,,普通名詞,人工物-その他
ペナルティー,ぺなるてぃー,penaruti,katakana_loanword,,普通名詞,抽象物
ペナルティー,ぺなるてぃー,penaruti,katakana_loanword,,普通名詞,抽象物
ペンチ,ぺんち,penchi,katakana_loanword,,普通名詞,人工物-その他
ペンダント,ぺんだんと,pendanto,katakana_loanword,,普通名詞,人工物-その他
ペンギン,ぺんぎん,pengin,katakana_loanword,,普通名詞,動物
ペンキ,ぺんき,penki,katakana_loanword,,普通名詞,人工物-その他
ペンネーム,ぺんねーむ,pennemu,katakana_loanword,,普通名詞,抽象物
ペンション,ぺんしょん,penshon,katakana_loanword,,普通名詞,場所-施設
ペーパー,ぺーぱー,pepa,katakana_loanword,,普通名詞,人工物-その他;抽象物
ペーパー,ぺーぱー,pepa,katakana_loanword,,普通名詞,人工物-その他;抽象物
ペリカン,ぺりかん,perikan,katakana_loanword,,普通名詞,動物
ペソ,ぺそ,peso,katakana_loanword,,普通名詞,数量
ペース,ぺーす,pesu,katakana_loanword,,普通名詞,数量
ペスト,ぺすと,pesuto,katakana_loanword,,普通名詞,抽象物
ペースト,ぺーすと,pesuto,katakana_loanword,,普通名詞,人工物-食べ物
ペット,ぺっと,petto,katakana_loanword,,普通名詞,動物
ペットボトル,ぺっとぼとる,pettobotoru,katakana_loanword,,普通名詞,人工物-その他
ピアニスト,ぴあにすと,pianisuto,katakana_loanword,,普通名詞,人
ピアノ,ぴあの,piano,katakana_loanword,,普通名詞,人工物-その他
ピアス,ぴあす,piasu,katakana_loanword,,普通名詞,人工物-衣類
ピエロ,ぴえろ,piero,katakana_loanword,,普通名詞,人
ピケ,ぴけ,pike,katakana_loanword,,普通名詞,人工物-その他;抽象物
ピッコロ,ぴっころ,pikkoro,katakana_loanword,,普通名詞,人工物-その他
ピーク,ぴーく,piku,katakana_loanword,,普通名詞,場所-その他;抽象物
ピクニック,ぴくにっく,pikunikku,katakana_loanword,,普通名詞,抽象物
ピーマン,ぴーまん,piman,katakana_loanword,,普通名詞,植物;人工物-食べ物
ピン,ぴん,pin,katakana_loanword,,普通名詞,人工物-その他
ピーナッツ,ぴーなっつ,pinattsu,katakana_loanword,,普通名詞,植物-部位;人工物-食べ物
ピンぼけ,ぴんぼけ,pinboke,katakana_loanword,,普通名詞,抽象物
ピンチ,ぴんち,pinchi,katakana_loanword,,普通名詞,抽象物
ピンク,ぴんく,pinku,katakana_loanword,,普通名詞,色
ピンポン,ぴんぽん,pinpon,katakana_loanword,,普通名詞,抽象物
ピンセット,ぴんせっと,pinsetto,katakana_loanword,,普通名詞,人工物-その他
ピント,ぴんと,pinto,katakana_loanword,,普通名詞,抽象物
ピーピー,ぴーぴー,pipi,katakana_loanword,,普通名詞,抽象物
ピラミッド,ぴらみっど,piramiddo,katakana_loanword,,普通名詞,場所-施設
ピリオド,ぴりおど,piriodo,katakana_loanword,,普通名詞,抽象物
ピース,ぴーす,pisu,katakana_loanword,,普通名詞,抽象物
ピストン,ぴすとん,pisuton,katakana_loanword,,普通名詞,人工物-その他
ピストル,ぴすとる,pisutoru,katakana_loanword,,普通名詞,人工物-その他
ピッチャー,ぴっちゃー,pitcha,katakana_loanword,,普通名詞,人
ピッチャー,ぴっちゃー,pitcha,katakana_loanword,,普通名詞,人
ピッチ,ぴっち,pitchi,katakana_loanword,,普通名詞,抽象物
ピザ,ぴざ,piza,katakana_loanword,,普通名詞,人工物-食べ物
ポーチ,ぽーち,pochi,katakana_loanword,,普通名詞,場所-施設
ポイント,ぽいんと,pointo,katakana_loanword,,普通名詞,抽象物
ポジション,ぽじしょん,pojishon,katakana_loanword,,普通名詞,場所-その他
ポジティブ,ぽじてぃぶ,pojitibu,katakana_loanword,,ナ形容詞,
ポカ,ぽか,poka,katakana_loanword,,普通名詞,抽象物
ポケベル,ぽけべる,pokeberu,katakana_loanword,,普通名詞,人工物-その他
ポケット,ぽけっと,poketto,katakana_loanword,,普通名詞,人工物-その他
ポンド,ぽんど,pondo,katakana_loanword,,普通名詞,数量
ポンプ,ぽんぷ,ponpu,katakana_loanword,,普通名詞,人工物-その他
ポップ,ぽっぷ,poppu,katakana_loanword,,ナ形容詞,
ポップス,ぽっぷす,poppusu,katakana_loanword,,普通名詞,抽象物
ポプラ,ぽぷら,popura,katakana_loanword,,普通名詞,植物
ポピュラー,ぽぴゅらー,popyura,katakana_loanword,,ナ形容詞,
ポリ袋,ぽりぶくろ,poribukuro,katakana_loanword,,普通名詞,人工物-その他
ポリオ,ぽりお,porio,katakana_loanword,,普通名詞,抽象物
ポリシー,ぽりしー,porishi,katakana_loanword,,普通名詞,抽象物
ポリシー,ぽりしー,porishi,katakana_loanword,,普通名詞,抽象物
ポロ,ぽろ,poro,katakana_loanword,,普通名詞,抽象物
ポロシャツ,ぽろしゃつ,poroshatsu,katakana_loanword,,普通名詞,人工物-衣類
ポルノ,ぽるの,poruno,katakana_loanword,,普通名詞,抽象物
ポスター,ぽすたー,posuta,katakana_loanword,,普通名詞,人工物-その他
ポスター,ぽすたー,posuta,katakana_loanword,,普通名詞,人工物-その他
ポスト,ぽすと,posuto,katakana_loanword,,普通名詞,人工物-その他
ポータブル,ぽーたぶる,potaburu,katakana_loanword,,普通名詞,抽象物
ポテト,ぽてと,poteto,katakana_loanword,,普通名詞,人工物-食べ物
ポット,ぽっと,potto,katakana_loanword,,普通名詞,人工物-その他
ポーズ,ぽーず,pozu,katakana_loanword,,普通名詞,抽象物
プードル,ぷーどる,pudoru,katakana_loanword,,普通名詞,動物
プラチナ,ぷらちな,purachina,katakana_loanword,,普通名詞,自然物
プラグ,ぷらぐ,puragu,katakana_loanword,,普通名詞,人工物-その他
プライバシー,ぷらいばしー,puraibashi,katakana_loanword,,普通名詞,抽象物
プライバシー,ぷらいばしー,puraibashi,katakana_loanword,,普通名詞,抽象物
プライベート,ぷらいべーと,puraibeto,katakana_loanword,,ナ形容詞,
プライド,ぷらいど,puraido,katakana_loanword,,普通名詞,抽象物
プライム,ぷらいむ,puraimu,katakana_loanword,,普通名詞,抽象物
プライス,ぷらいす,puraisu,katakana_loanword,,普通名詞,抽象物
プラカード,ぷらかーど,purakado,katakana_loanword,,普通名詞,人工物-その他
プラモデル,ぷらもでる,puramoderu,katakana_loanword,,普通名詞,人工物-その他
プラン,ぷらん,puran,katakana_loanword,,普通名詞,抽象物
プランナー,ぷらんなー,puranna,katakana_loanword,,普通名詞,人
プランナー,ぷらんなー,puranna,katakana_loanword,,普通名詞,人
プランター,ぷらんたー,puranta,katakana_loanword,,普通名詞,人工物-その他
プランター,ぷらんたー,puranta,katakana_loanword,,普通名詞,人工物-その他
プラント,ぷらんと,puranto,katakana_loanword,,普通名詞,場所-施設
プラス,ぷらす,purasu,katakana_loanword,,サ変名詞,抽象物
プラスチック,ぷらすちっく,purasuchikku,katakana_loanword,,普通名詞,人工物-その他
プラタナス,ぷらたなす,puratanasu,katakana_loanword,,普通名詞,植物
プラットホーム,ぷらっとほーむ,purattohomu,katakana_loanword,,普通名詞,場所-施設
プラザ,ぷらざ,puraza,katakana_loanword,,普通名詞,場所-施設
プレー,ぷれー,pure,katakana_loanword,,サ変名詞,抽象物
プレー,ぷれー,pure,katakana_loanword,,サ変名詞,抽象物
プレハブ,ぷれはぶ,purehabu,katakana_loanword,,普通名詞,抽象物
プレミアム,ぷれみあむ,puremiamu,katakana_loanword,,普通名詞,抽象物
プレーオフ,ぷれーおふ,pureofu,katakana_loanword,,普通名詞,抽象物
プレッシャー,ぷれっしゃー,puressha,katakana_loanword,,普通名詞,抽象物
プレッシャー,ぷれっしゃー,puressha,katakana_loanword,,普通名詞,抽象物
プレス,ぷれす,puresu,katakana_loanword,,普通名詞,抽象物
プレート,ぷれーと,pureto,katakana_loanword,,普通名詞,人工物-その他
プレーヤー,ぷれーやー,pureya,katakana_loanword,,普通名詞,人
プレーヤー,ぷれーやー,pureya,katakana_loanword,,普通名詞,人
プレーヤー,ぷれーやー,pureya,katakana_loanword,,普通名詞,人
プレーヤー,ぷれーやー,pureya,katakana_loanword,,普通名詞,人
プレゼンス,ぷれぜんす,purezensu,katakana_loanword,,普通名詞,抽象物
プレゼント,ぷれぜんと,purezento,katakana_loanword,,サ変名詞,人工物-その他;抽象物
プリマ,ぷりま,purima,katakana_loanword,,普通名詞,人
プリン,ぷりん,purin,katakana_loanword,,普通名詞,人工物-食べ物
プリンセス,ぷりんせす,purinsesu,katakana_loanword,,普通名詞,人
プリンス,ぷりんす,purinsu,katakana_loanword,,普通名詞,人
プリンター,ぷりんたー,purinta,katakana_loanword,,普通名詞,人工物-その他
プリンター,ぷりんたー,purinta,katakana_loanword,,普通名詞,人工物-その他
プリント,ぷりんと,purinto,katakana_loanword,,サ変名詞,人工物-その他;抽象物
プリズム,ぷりずむ,purizumu,katakana_loanword,,普通名詞,人工物-その他
プロ,ぷろ,puro,katakana_loanword,,普通名詞,人
プロバイダー,ぷろばいだー,purobaida,katakana_loanword,,普通名詞,組織・団体
プロバイダー,ぷろばいだー,purobaida,katakana_loanword,,普通名詞,組織・団体
プロデューサー,ぷろでゅーさー,purodyusa,katakana_loanword,,普通名詞,人
プロデューサー,ぷろでゅーさー,purodyusa,katakana_loanword,,普通名詞,人
プロデュース,ぷろでゅーす,purodyusu,katakana_loanword,,サ変名詞,抽象物
プロフェッショナル,ぷろふぇっしょなる,purofesshonaru,katakana_loanword,,ナ形容詞,
プロフィール,ぷろふぃーる,purofiru,katakana_loanword,,普通名詞,抽象物
プログラミング,ぷろぐらみんぐ,puroguramingu,katakana_loanword,,サ変名詞,抽象物
プログラム,ぷろぐらむ,puroguramu,katakana_loanword,,普通名詞,抽象物
プロジェクト,ぷろじぇくと,purojekuto,katakana_loanword,,普通名詞,抽象物
プロペラ,ぷろぺら,puropera,katakana_loanword,,普通名詞,人工物-その他
プロポーズ,ぷろぽーず,puropozu,katakana_loanword,,サ変名詞,抽象物
プロレス,ぷろれす,puroresu,katakana_loanword,,普通名詞,抽象物
プロローグ,ぷろろーぐ,purorogu,katakana_loanword,,普通名詞,抽象物
プロセス,ぷろせす,purosesu,katakana_loanword,,普通名詞,抽象物
プロテスタント,ぷろてすたんと,purotesutanto,katakana_loanword,,普通名詞,人
プール,ぷーる,puru,katakana_loanword,,サ変名詞,場所-施設
プルトニウム,ぷるとにうむ,purutoniumu,katakana_loanword,,普通名詞,自然物
ピューマ,ぴゅーま,pyuma,katakana_loanword,,普通名詞,動物
ラベンダー,らべんだー,rabenda,katakana_loanword,,普通名詞,植物
ラベンダー,らべんだー,rabenda,katakana_loanword,,普通名詞,植物
ラベル,らべる,raberu,katakana_loanword,,普通名詞,人工物-その他
ラブ,らぶ,rabu,katakana_loanword,,普通名詞,抽象物
ラード,らーど,rado,katakana_loanword,,普通名詞,人工物-食べ物
ラフ,らふ,rafu,katakana_loanword,,ナ形容詞,
ラガー,らがー,raga,katakana_loanword,,普通名詞,人;抽象物
ラグビー,らぐびー,ragubi,katakana_loanword,,普通名詞,抽象物
ライバル,らいばる,raibaru,katakana_loanword,,普通名詞,人
ライブ,らいぶ,raibu,katakana_loanword,,普通名詞,抽象物
ライブラリー,らいぶらりー,raiburari,katakana_loanword,,普通名詞,場所-施設;抽象物
ライブラリー,らいぶらりー,raiburari,katakana_loanword,,普通名詞,場所-施設;抽象物
ライダー,らいだー,raida,katakana_loanword,,普通名詞,人
ライフ,らいふ,raifu,katakana_loanword,,普通名詞,抽象物
ライフル,らいふる,raifuru,katakana_loanword,,普通名詞,人工物-その他
ライン,らいん,rain,katakana_loanword,,普通名詞,人工物-その他;抽象物
ライナー,らいなー,raina,katakana_loanword,,普通名詞,人工物-その他;抽象物
ライオン,らいおん,raion,katakana_loanword,,普通名詞,動物
ライラック,らいらっく,rairakku,katakana_loanword,,普通名詞,植物
ライセンス,らいせんす,raisensu,katakana_loanword,,普通名詞,抽象物
ライス,らいす,raisu,katakana_loanword,,普通名詞,人工物-食べ物
ライター,らいたー,raita,katakana_loanword,,普通名詞,人工物-その他
ライター,らいたー,raita,katakana_loanword,,普通名詞,人工物-その他
ライト,らいと,raito,katakana_loanword,,普通名詞,人工物-その他;場所-機能;抽象物
ライトバン,らいとばん,raitoban,katakana_loanword,,普通名詞,人工物-乗り物
ラジカル,らじかる,rajikaru,katakana_loanword,,ナ形容詞,
ラジカセ,らじかせ,rajikase,katakana_loanword,,普通名詞,人工物-その他
ラジコン,らじこん,rajikon,katakana_loanword,,普通名詞,人工物-その他
ラジオ,らじお,rajio,katakana_loanword,,普通名詞,人工物-その他
ラジウム,らじうむ,rajiumu,katakana_loanword,,普通名詞,自然物
ラケット,らけっと,raketto,katakana_loanword,,普通名詞,人工物-その他
ラッキー,らっきー,rakki,katakana_loanword,,ナ形容詞,
ラッコ,らっこ,rakko,katakana_loanword,,普通名詞,動物
ラック,らっく,rakku,katakana_loanword,,普通名詞,人工物-その他
ラマ,らま,rama,katakana_loanword,,普通名詞,動物
ラーメン,らーめん,ramen,katakana_loanword,,普通名詞,人工物-食べ物
ラムネ,らむね,ramune,katakana_loanword,,普通名詞,人工物-食べ物
ラン,らん,ran,katakana_loanword,,サ変名詞,抽象物
ランチ,らんち,ranchi,katakana_loanword,,普通名詞,人工物-食べ物
ランドセル,らんどせる,randoseru,katakana_loanword,,普通名詞,人工物-その他
ランキング,らんきんぐ,rankingu,katakana_loanword,,普通名詞,抽象物
ランク,らんく,ranku,katakana_loanword,,サ変名詞,抽象物
ランナー,らんなー,ranna,katakana_loanword,,普通名詞,人
ランナー,らんなー,ranna,katakana_loanword,,普通名詞,人
ランニング,らんにんぐ,ranningu,katakana_loanword,,サ変名詞,抽象物
ランプ,らんぷ,ranpu,katakana_loanword,,普通名詞,抽象物
ラップ,らっぷ,rappu,katakana_loanword,,サ変名詞,人工物-その他;抽象物
ラリー,らりー,rari,katakana_loanword,,普通名詞,抽象物
ラッシュ,らっしゅ,rasshu,katakana_loanword,,サ変名詞,抽象物
ラスト,らすと,rasuto,katakana_loanword,,普通名詞,時間
ラウンド,らうんど,raundo,katakana_loanword,,サ変名詞,抽象物
レバー,ればー,reba,katakana_loanword,,普通名詞,人工物-その他
レベル,れべる,reberu,katakana_loanword,,普通名詞,抽象物
レビュー,れびゅー,rebyu,katakana_loanword,,サ変名詞,抽象物
レビュー,れびゅー,rebyu,katakana_loanword,,サ変名詞,抽象物
レーダー,れーだー,reda,katakana_loanword,,普通名詞,人工物-その他
レーダー,れーだー,reda,katakana_loanword,,普通名詞,人工物-その他
レッド,れっど,reddo,katakana_loanword,,普通名詞,色
レディー,れでぃー,redi,katakana_loanword,,普通名詞,人
レフェリー,れふぇりー,referi,katakana_loanword,,普通名詞,人
レフェリー,れふぇりー,referi,katakana_loanword,,普通名詞,人
レフト,れふと,refuto,katakana_loanword,,普通名詞,場所-機能;抽象物
レギュラー,れぎゅらー,regyura,katakana_loanword,,普通名詞,抽象物
レギュラー,れぎゅらー,regyura,katakana_loanword,,普通名詞,抽象物
レイ,れい,rei,katakana_loanword,,普通名詞,人工物-衣類
レイアウト,れいあうと,reiauto,katakana_loanword,,サ変名詞,抽象物
レイク,れいく,reiku,katakana_loanword,,普通名詞,場所-自然
レイオフ,れいおふ,reiofu,katakana_loanword,,サ変名詞,抽象物
レイプ,れいぷ,reipu,katakana_loanword,,サ変名詞,抽象物
レジャー,れじゃー,reja,katakana_loanword,,普通名詞,抽象物
レジ,れじ,reji,katakana_loanword,,普通名詞,人工物-その他;場所-施設部位
レジスター,れじすたー,rejisuta,katakana_loanword,,普通名詞,人工物-その他
レジスター,れじすたー,rejisuta,katakana_loanword,,普通名詞,人工物-その他
レッカー車,れっかーしゃ,rekkasha,katakana_loanword,,普通名詞,人工物-乗り物
レコード,れこーど,rekodo,katakana_loanword,,普通名詞,抽象物
レクイエム,れくいえむ,rekuiemu,katakana_loanword,,普通名詞,抽象物
レクリエーション,れくりえーしょん,rekurieshon,katakana_loanword,,普通名詞,抽象物
レモン,れもん,remon,katakana_loanword,,普通名詞,植物;人工物-食べ物
レンジャー,れんじゃー,renja,katakana_loanword,,普通名詞,人
レンジャー,れんじゃー,renja,katakana_loanword,,普通名詞,人
レンジ,れんじ,renji,katakana_loanword,,普通名詞,人工物-その他
レンタカー,れんたかー,rentaka,katakana_loanword,,普通名詞,人工物-乗り物
レンタカー,れんたかー,rentaka,katakana_loanword,,普通名詞,人工物-乗り物
レンタル,れんたる,rentaru,katakana_loanword,,サ変名詞,抽象物
レンズ,れんず,renzu,katakana_loanword,,普通名詞,人工物-その他
レオタード,れおたーど,reotado,katakana_loanword,,普通名詞,人工物-衣類
レパートリー,れぱーとりー,repatori,katakana_loanword,,普通名詞,抽象物
レパートリー,れぱーとりー,repatori,katakana_loanword,,普通名詞,抽象物
レポーター,れぽーたー,repota,katakana_loanword,,普通名詞,人
レポーター,れぽーたー,repota,katakana_loanword,,普通名詞,人
レポート,れぽーと,repoto,katakana_loanword,,サ変名詞,抽象物
レリーフ,れりーふ,rerifu,katakana_loanword,,普通名詞,人工物-その他;抽象物
レール,れーる,reru,katakana_loanword,,普通名詞,場所-施設
レセプション,れせぷしょん,resepushon,katakana_loanword,,普通名詞,抽象物
レシーバー,れしーばー,reshiba,katakana_loanword,,普通名詞,人工物-その他
レシーバー,れしーばー,reshiba,katakana_loanword,,普通名詞,人工物-その他
レシーブ,れしーぶ,reshibu,katakana_loanword,,サ変名詞,抽象物
レシピ,れしぴ,reshipi,katakana_loanword,,普通名詞,抽象物
レシート,れしーと,reshito,katakana_loanword,,普通名詞,人工物-金銭
レッスン,れっすん,ressun,katakana_loanword,,普通名詞,抽象物
レース,れーす,resu,katakana_loanword,,普通名詞,人工物-その他
レスポンス,れすぽんす,resuponsu,katakana_loanword,,普通名詞,抽象物
レスラー,れすらー,resura,katakana_loanword,,普通名詞,人
レスリング,れすりんぐ,resuringu,katakana_loanword,,普通名詞,抽象物
レストラン,れすとらん,resutoran,katakana_loanword,,普通名詞,場所-施設
レター,れたー,reta,katakana_loanword,,普通名詞,抽象物
レタス,れたす,retasu,katakana_loanword,,普通名詞,植物;人工物-食べ物
レート,れーと,reto,katakana_loanword,,普通名詞,数量
レトリック,れとりっく,retorikku,katakana_loanword,,普通名詞,抽象物
レトロ,れとろ,retoro,katakana_loanword,,普通名詞,抽象物
レッテル,れってる,retteru,katakana_loanword,,普通名詞,抽象物
レーヨン,れーよん,reyon,katakana_loanword,,普通名詞,人工物-その他
レーザー,れーざー,reza,katakana_loanword,,普通名詞,人工物-その他
レーザー,れーざー,reza,katakana_loanword,,普通名詞,人工物-その他
リア,りあ,ria,katakana_loanword,,普通名詞,抽象物
リアル,りある,riaru,katakana_loanword,,ナ形容詞,
リバイバル,りばいばる,ribaibaru,katakana_loanword,,普通名詞,抽象物
リバティー,りばてぃー,ribati,katakana_loanword,,普通名詞,抽象物
リバティー,りばてぃー,ribati,katakana_loanword,,普通名詞,抽象物
リバウンド,りばうんど,ribaundo,katakana_loanword,,普通名詞,抽象物
リベラル,りべらる,riberaru,katakana_loanword,,ナ形容詞,
リベート,りべーと,ribeto,katakana_loanword,,普通名詞,人工物-金銭
リビング,りびんぐ,ribingu,katakana_loanword,,普通名詞,場所-施設
リボン,りぼん,ribon,katakana_loanword,,普通名詞,人工物-その他
リーダー,りーだー,rida,katakana_loanword,,普通名詞,人
リーダー,りーだー,rida,katakana_loanword,,普通名詞,人
リーダーシップ,りーだーしっぷ,ridashippu,katakana_loanword,,普通名詞,抽象物
リード,りーど,rido,katakana_loanword,,サ変名詞,人工物-その他;抽象物
リフト,りふと,rifuto,katakana_loanword,,普通名詞,人工物-乗り物
リーグ,りーぐ,rigu,katakana_loanword,,普通名詞,組織・団体
リハビリ,りはびり,rihabiri,katakana_loanword,,普通名詞,抽象物
リハーサル,りはーさる,rihasaru,katakana_loanword,,普通名詞,抽象物
リコーダー,りこーだー,rikoda,katakana_loanword,,普通名詞,人工物-その他
リコーダー,りこーだー,rikoda,katakana_loanword,,普通名詞,人工物-その他
リコール,りこーる,rikoru,katakana_loanword,,サ変名詞,抽象物
リクエスト,りくえすと,rikuesuto,katakana_loanword,,サ変名詞,抽象物
リミット,りみっと,rimitto,katakana_loanword,,普通名詞,抽象物
リモコン,りもこん,rimokon,katakana_loanword,,普通名詞,人工物-その他
リンチ,りんち,rinchi,katakana_loanword,,サ変名詞,抽象物
リング,りんぐ,ringu,katakana_loanword,,普通名詞,人工物-衣類;人工物-その他;場所-施設
リニア,りにあ,rinia,katakana_loanword,,普通名詞,人工物-乗り物
リンケージ,りんけーじ,rinkeji,katakana_loanword,,普通名詞,抽象物
リンク,りんく,rinku,katakana_loanword,,サ変名詞,場所-施設;抽象物
リンパ,りんぱ,rinpa,katakana_loanword,,普通名詞,動物-部位
リニューアル,りにゅーある,rinyuaru,katakana_loanword,,サ変名詞,抽象物
リポーター,りぽーたー,ripota,katakana_loanword,,普通名詞,人
リポーター,りぽーたー,ripota,katakana_loanword,,普通名詞,人
リポート,りぽーと,ripoto,katakana_loanword,,サ変名詞,抽象物
リラ,りら,rira,katakana_loanword,,普通名詞,数量
リラックス,りらっくす,rirakkusu,katakana_loanword,,サ変名詞,抽象物
リレー,りれー,rire,katakana_loanword,,サ変名詞,抽象物
リリース,りりーす,ririsu,katakana_loanword,,サ変名詞,抽象物
リール,りーる,riru,katakana_loanword,,普通名詞,人工物-その他
リサーチ,りさーち,risachi,katakana_loanword,,普通名詞,抽象物
リサイクル,りさいくる,risaikuru,katakana_loanword,,サ変名詞,抽象物
リサイタル,りさいたる,risaitaru,katakana_loanword,,普通名詞,抽象物
リセット,りせっと,risetto,katakana_loanword,,サ変名詞,抽象物
リース,りーす,risu,katakana_loanword,,サ変名詞,抽象物
リスク,りすく,risuku,katakana_loanword,,普通名詞,抽象物
リスナー,りすなー,risuna,katakana_loanword,,普通名詞,人
リスナー,りすなー,risuna,katakana_loanword,,普通名詞,人
リスト,りすと,risuto,katakana_loanword,,普通名詞,抽象物
リストラ,りすとら,risutora,katakana_loanword,,サ変名詞,抽象物
リタイア,りたいあ,ritaia,katakana_loanword,,サ変名詞,抽象物
リターン,りたーん,ritan,katakana_loanword,,サ変名詞,抽象物
リッチ,りっち,ritchi,katakana_loanword,,ナ形容詞,
リトル,りとる,ritoru,katakana_loanword,,普通名詞,抽象物
リウマチ,りうまち,riumachi,katakana_loanword,,普通名詞,抽象物
リヤカー,りやかー,riyaka,katakana_loanword,,普通名詞,人工物-乗り物
リザーブ,りざーぶ,rizabu,katakana_loanword,,普通名詞,抽象物
リゾート,りぞーと,rizoto,katakana_loanword,,普通名詞,場所-その他
リズム,りずむ,rizumu,katakana_loanword,,普通名詞,抽象物
リーズナブル,りーずなぶる,rizunaburu,katakana_loanword,,ナ形容詞,
ロビー,ろびー,robi,katakana_loanword,,普通名詞,場所-施設
ロビイスト,ろびいすと,robiisuto,katakana_loanword,,普通名詞,人
ロボット,ろぼっと,robotto,katakana_loanword,,普通名詞,人工物-その他
ロード,ろーど,rodo,katakana_loanword,,普通名詞,場所-施設
ロードレース,ろーどれーす,rodoresu,katakana_loanword,,普通名詞,抽象物
ロゴ,ろご,rogo,katakana_loanword,,普通名詞,抽象物
ログイン,ろぐいん,roguin,katakana_loanword,,サ変名詞,抽象物
ロイヤル,ろいやる,roiyaru,katakana_loanword,,普通名詞,抽象物
ロッジ,ろっじ,rojji,katakana_loanword,,普通名詞,場所-施設
ローカル,ろーかる,rokaru,katakana_loanword,,ナ形容詞,
ロケ,ろけ,roke,katakana_loanword,,サ変名詞,抽象物
ロケット,ろけっと,roketto,katakana_loanword,,普通名詞,人工物-乗り物
ロケット弾,ろけっとだん,rokettodan,katakana_loanword,,普通名詞,人工物-その他
ロッカー,ろっかー,rokka,katakana_loanword,,普通名詞,人工物-その他
ロック,ろっく,rokku,katakana_loanword,,サ変名詞,自然物;抽象物
ローマ字,ろーまじ,romaji,katakana_loanword,,普通名詞,抽象物
ロマン,ろまん,roman,katakana_loanword,,普通名詞,抽象物
ロマンチック,ろまんちっく,romanchikku,katakana_loanword,,ナ形容詞,
ロマンチック,ろまんちっく,romanchikku,katakana_loanword,,ナ形容詞,
ロマンス,ろまんす,romansu,katakana_loanword,,普通名詞,抽象物
ローン,ろーん,ron,katakana_loanword,,普通名詞,人工物-金銭
ロング,ろんぐ,rongu,katakana_loanword,,普通名詞,抽象物
ロープ,ろーぷ,ropu,katakana_loanword,,普通名詞,人工物-その他
ローラー,ろーらー,rora,katakana_loanword,,普通名詞,人工物-その他
ローラー,ろーらー,rora,katakana_loanword,,普通名詞,人工物-その他
ロール,ろーる,roru,katakana_loanword,,普通名詞,形・模様
ロス,ろす,rosu,katakana_loanword,,サ変名詞,抽象物
ロース,ろーす,rosu,katakana_loanword,,普通名詞,動物-部位;人工物-食べ物
ロータリー,ろーたりー,rotari,katakana_loanword,,普通名詞,場所-施設
ロータリー,ろーたりー,rotari,katakana_loanword,,普通名詞,場所-施設
ローテーション,ろーてーしょん,roteshon,katakana_loanword,,普通名詞,抽象物
ルー,るー,ru,katakana_loanword,,普通名詞,人工物-食べ物
ルビー,るびー,rubi,katakana_loanword,,普通名詞,自然物
ルーキー,るーきー,ruki,katakana_loanword,,普通名詞,人
ルックス,るっくす,rukkusu,katakana_loanword,,普通名詞,抽象物
ルーム,るーむ,rumu,katakana_loanword,,普通名詞,場所-施設
ルネサンス,るねさんす,runesansu,katakana_loanword,,普通名詞,抽象物
ルネサンス,るねさんす,runesansu,katakana_loanword,,普通名詞,抽象物
ルーペ,るーぺ,rupe,katakana_loanword,,普通名詞,人工物-その他
ルポ,るぽ,rupo,katakana_loanword,,サ変名詞,抽象物
ルール,るーる,ruru,katakana_loanword,,普通名詞,抽象物
ルート,るーと,ruto,katakana_loanword,,普通名詞,場所-施設;抽象物
ルーツ,るーつ,rutsu,katakana_loanword,,普通名詞,抽象物
ルーズ,るーず,ruzu,katakana_loanword,,ナ形容詞,
リュック,りゅっく,ryukku,katakana_loanword,,普通名詞,人工物-その他
リューマチ,りゅーまち,ryumachi,katakana_loanword,,普通名詞,抽象物
サーバー,さーばー,saba,katakana_loanword,,普通名詞,抽象物
サーバー,さーばー,saba,katakana_loanword,,普通名詞,抽象物
サバイバル,さばいばる,sabaibaru,katakana_loanword,,普通名詞,抽象物
サービス,さーびす,sabisu,katakana_loanword,,サ変名詞,抽象物
サボる,さぼる,saboru,katakana_loanword,,動詞,
サボテン,さぼてん,saboten,katakana_loanword,,普通名詞,植物
サーブ,さーぶ,sabu,katakana_loanword,,サ変名詞,抽象物
サード,さーど,sado,katakana_loanword,,普通名詞,人;場所-その他
サドンデス,さどんです,sadondesu,katakana_loanword,,普通名詞,抽象物
サファイア,さふぁいあ,safaia,katakana_loanword,,普通名詞,自然物
サーフィン,さーふぃん,safin,katakana_loanword,,サ変名詞,抽象物
サイダー,さいだー,saida,katakana_loanword,,普通名詞,人工物-食べ物
サイド,さいど,saido,katakana_loanword,,普通名詞,場所-機能
サイエンス,さいえんす,saiensu,katakana_loanword,,普通名詞,抽象物
サイクリング,さいくりんぐ,saikuringu,katakana_loanword,,普通名詞,抽象物
サイクロン,さいくろん,saikuron,katakana_loanword,,普通名詞,場所-機能
サイクル,さいくる,saikuru,katakana_loanword,,普通名詞,抽象物
サイン,さいん,sain,katakana_loanword,,サ変名詞,抽象物
サイレン,さいれん,sairen,katakana_loanword,,普通名詞,人工物-その他
サイロ,さいろ,sairo,katakana_loanword,,普通名詞,場所-施設
サイト,さいと,saito,katakana_loanword,,普通名詞,場所-その他
サイズ,さいず,saizu,katakana_loanword,,普通名詞,抽象物
サーカス,さーかす,sakasu,katakana_loanword,,普通名詞,抽象物
サーキット,さーきっと,sakitto,katakana_loanword,,普通名詞,場所-施設
サッカー,さっかー,sakka,katakana_loanword,,普通名詞,抽象物
サクラエビ,さくらえび,sakuraebi,katakana_loanword,,普通名詞,動物;人工物-食べ物
サークル,さーくる,sakuru,katakana_loanword,,普通名詞,組織・団体
サマー,さまー,sama,katakana_loanword,,時相名詞,時間
サミット,さみっと,samitto,katakana_loanword,,普通名詞,抽象物
サムシング,さむしんぐ,samushingu,katakana_loanword,,普通名詞,抽象物
サンダル,さんだる,sandaru,katakana_loanword,,普通名詞,人工物-衣類
サンデー,さんでー,sande,katakana_loanword,,時相名詞,人工物-食べ物;時間
サンドイッチ,さんどいっち,sandoitchi,katakana_loanword,,普通名詞,人工物-食べ物
サングラス,さんぐらす,sangurasu,katakana_loanword,,普通名詞,人工物-その他
サンプル,さんぷる,sanpuru,katakana_loanword,,普通名詞,人工物-その他
サンセット,さんせっと,sansetto,katakana_loanword,,普通名詞,抽象物
サンタ,さんた,santa,katakana_loanword,,普通名詞,人
サントラ,さんとら,santora,katakana_loanword,,普通名詞,抽象物
サポーター,さぽーたー,sapota,katakana_loanword,,普通名詞,人工物-その他
サポーター,さぽーたー,sapota,katakana_loanword,,普通名詞,人工物-その他
サポート,さぽーと,sapoto,katakana_loanword,,サ変名詞,抽象物
サラダ,さらだ,sarada,katakana_loanword,,普通名詞,人工物-食べ物
サラリー,さらりー,sarari,katakana_loanword,,普通名詞,人工物-金銭
サラリーマン,さらりーまん,sarariman,katakana_loanword,,普通名詞,人
サリン,さりん,sarin,katakana_loanword,,普通名詞,人工物-その他
サロン,さろん,saron,katakana_loanword,,普通名詞,場所-施設
サシ,さし,sashi,katakana_loanword,,普通名詞,抽象物
サッシ,さっし,sasshi,katakana_loanword,,普通名詞,人工物-その他
サスペンス,さすぺんす,sasupensu,katakana_loanword,,普通名詞,抽象物
サテライト,さてらいと,sateraito,katakana_loanword,,普通名詞,自然物
サウナ,さうな,sauna,katakana_loanword,,普通名詞,人工物-その他
サウンド,さうんど,saundo,katakana_loanword,,普通名詞,抽象物
サウスポー,さうすぽー,sausupo,katakana_loanword,,普通名詞,人
サウスポー,さうすぽー,sausupo,katakana_loanword,,普通名詞,人
セーブ,せーぶ,sebu,katakana_loanword,,サ変名詞,抽象物
セダン,せだん,sedan,katakana_loanword,,普通名詞,人工物-乗り物
セーフ,せーふ,sefu,katakana_loanword,,普通名詞,抽象物
青酸カリ,せいさんかり,seisankari,katakana_loanword,,普通名詞,自然物
セカンド,せかんど,sekando,katakana_loanword,,普通名詞,人;場所-その他
セックス,せっくす,sekkusu,katakana_loanword,,サ変名詞,抽象物
セクハラ,せくはら,sekuhara,katakana_loanword,,サ変名詞,抽象物
セクシー,せくしー,sekushi,katakana_loanword,,ナ形容詞,
セクション,せくしょん,sekushon,katakana_loanword,,普通名詞,抽象物
セキュリティ,せきゅりてぃ,sekyuriti,katakana_loanword,,普通名詞,抽象物
セメント,せめんと,semento,katakana_loanword,,普通名詞,人工物-その他
セミナー,せみなー,semina,katakana_loanword,,普通名詞,抽象物
セミナー,せみなー,semina,katakana_loanword,,普通名詞,抽象物
セミプロ,せみぷろ,semipuro,katakana_loanword,,普通名詞,抽象物
セミロング,せみろんぐ,semirongu,katakana_loanword,,普通名詞,抽象物
センチ,せんち,senchi,katakana_loanword,,普通名詞,数量
センチメンタル,せんちめんたる,senchimentaru,katakana_loanword,,ナ形容詞,
センサー,せんさー,sensa,katakana_loanword,,普通名詞,人工物-その他
センサー,せんさー,sensa,katakana_loanword,,普通名詞,人工物-その他
センセーショナル,せんせーしょなる,senseshonaru,katakana_loanword,,ナ形容詞,
センス,せんす,sensu,katakana_loanword,,普通名詞,抽象物
センター,せんたー,senta,katakana_loanword,,普通名詞,場所-施設;場所-機能
セント,せんと,sento,katakana_loanword,,普通名詞,数量
セントラル,せんとらる,sentoraru,katakana_loanword,,普通名詞,場所-機能
セピア,せぴあ,sepia,katakana_loanword,,普通名詞,色
セーラー,せーらー,sera,katakana_loanword,,普通名詞,人
セラミック,せらみっく,seramikku,katakana_loanword,,普通名詞,自然物
セレモニー,せれもにー,seremoni,katakana_loanword,,普通名詞,抽象物
セレモニー,せれもにー,seremoni,katakana_loanword,,普通名詞,抽象物
セレナーデ,せれなーで,serenade,katakana_loanword,,普通名詞,抽象物
セロハン,せろはん,serohan,katakana_loanword,,普通名詞,人工物-その他
セロリ,せろり,serori,katakana_loanword,,普通名詞,植物;人工物-食べ物
セール,せーる,seru,katakana_loanword,,普通名詞,抽象物
セルフ,せるふ,serufu,katakana_loanword,,普通名詞,抽象物
セルロイド,せるろいど,seruroido,katakana_loanword,,普通名詞,人工物-その他
セールス,せーるす,serusu,katakana_loanword,,サ変名詞,抽象物
セッション,せっしょん,sesshon,katakana_loanword,,普通名詞,抽象物
セスナ,せすな,sesuna,katakana_loanword,,普通名詞,人工物-乗り物
セーター,せーたー,seta,katakana_loanword,,普通名詞,人工物-衣類
セット,せっと,setto,katakana_loanword,,サ変名詞,抽象物
シャベル,しゃべる,shaberu,katakana_loanword,,普通名詞,人工物-その他
シャボン玉,しゃぼんだま,shabondama,katakana_loanword,,普通名詞,人工物-その他
シャドー,しゃどー,shado,katakana_loanword,,普通名詞,抽象物
シャンパン,しゃんぱん,shanpan,katakana_loanword,,普通名詞,人工物-食べ物
シャンプー,しゃんぷー,shanpu,katakana_loanword,,サ変名詞,人工物-その他;抽象物
シャンプー,しゃんぷー,shanpu,katakana_loanword,,サ変名詞,人工物-その他;抽象物
シャンソン,しゃんそん,shanson,katakana_loanword,,普通名詞,抽象物
シャープ,しゃーぷ,shapu,katakana_loanword,,ナ形容詞,
シャトル,しゃとる,shatoru,katakana_loanword,,普通名詞,人工物-乗り物;人工物-その他
シャツ,しゃつ,shatsu,katakana_loanword,,普通名詞,人工物-衣類
シャッター,しゃったー,shatta,katakana_loanword,,普通名詞,人工物-その他
シャッター,しゃったー,shatta,katakana_loanword,,普通名詞,人工物-その他
シャットアウト,しゃっとあうと,shattoauto,katakana_loanword,,サ変名詞,抽象物
シャワー,しゃわー,shawa,katakana_loanword,,普通名詞,人工物-その他
シェア,しぇあ,shea,katakana_loanword,,普通名詞,抽象物;数量
シェフ,しぇふ,shefu,katakana_loanword,,普通名詞,人
シェパード,しぇぱーど,shepado,katakana_loanword,,普通名詞,動物
シェルター,しぇるたー,sheruta,katakana_loanword,,普通名詞,場所-施設
シェルター,しぇるたー,sheruta,katakana_loanword,,普通名詞,場所-施設
シアター,しあたー,shiata,katakana_loanword,,普通名詞,場所-施設
シアター,しあたー,shiata,katakana_loanword,,普通名詞,場所-施設
シビア,しびあ,shibia,katakana_loanword,,ナ形容詞,
シチュー,しちゅー,shichu,katakana_loanword,,普通名詞,人工物-食べ物
シード,しーど,shido,katakana_loanword,,サ変名詞,抽象物
シフト,しふと,shifuto,katakana_loanword,,サ変名詞,抽象物
シグナル,しぐなる,shigunaru,katakana_loanword,,普通名詞,抽象物
シケ,しけ,shike,katakana_loanword,,普通名詞,抽象物
シック,しっく,shikku,katakana_loanword,,ナ形容詞,
シクラメン,しくらめん,shikuramen,katakana_loanword,,普通名詞,植物
シミ,しみ,shimi,katakana_loanword,,普通名詞,抽象物
シミュレーション,しみゅれーしょん,shimyureshon,katakana_loanword,,サ変名詞,抽象物
シーン,しーん,shin,katakana_loanword,,普通名詞,抽象物
シナリオ,しなりお,shinario,katakana_loanword,,普通名詞,抽象物
シンバル,しんばる,shinbaru,katakana_loanword,,普通名詞,人工物-その他
シンボル,しんぼる,shinboru,katakana_loanword,,普通名詞,抽象物
シネマ,しねま,shinema,katakana_loanword,,普通名詞,抽象物
シンガー,しんがー,shinga,katakana_loanword,,普通名詞,人
シングル,しんぐる,shinguru,katakana_loanword,,普通名詞,数量
シングルス,しんぐるす,shingurusu,katakana_loanword,,普通名詞,抽象物
シニア,しにあ,shinia,katakana_loanword,,普通名詞,人
シニカル,しにかる,shinikaru,katakana_loanword,,ナ形容詞,
シンクタンク,しんくたんく,shinkutanku,katakana_loanword,,普通名詞,組織・団体
シンナー,しんなー,shinna,katakana_loanword,,普通名詞,自然物
シンパ,しんぱ,shinpa,katakana_loanword,,普通名詞,人
シンポジア,しんぽじあ,shinpojia,katakana_loanword,,普通名詞,抽象物
シンポジウム,しんぽじうむ,shinpojiumu,katakana_loanword,,普通名詞,抽象物
シンポジウム,しんぽじうむ,shinpojiumu,katakana_loanword,,普通名詞,抽象物
シンポジウム,しんぽじうむ,shinpojiumu,katakana_loanword,,普通名詞,抽象物
シンプル,しんぷる,shinpuru,katakana_loanword,,ナ形容詞,
シリアス,しりあす,shiriasu,katakana_loanword,,ナ形容詞,
シリンダー,しりんだー,shirinda,katakana_loanword,,普通名詞,人工物-その他
シリンダー,しりんだー,shirinda,katakana_loanword,,普通名詞,人工物-その他
シーリング,しーりんぐ,shiringu,katakana_loanword,,普通名詞,抽象物
シリーズ,しりーず,shirizu,katakana_loanword,,普通名詞,抽象物
シロップ,しろっぷ,shiroppu,katakana_loanword,,普通名詞,人工物-食べ物
シール,しーる,shiru,katakana_loanword,,普通名詞,人工物-その他
シルエット,しるえっと,shiruetto,katakana_loanword,,普通名詞,抽象物
システム,しすてむ,shisutemu,katakana_loanword,,普通名詞,抽象物
シティ,してぃ,shiti,katakana_loanword,,普通名詞,場所-その他
シティ,してぃ,shiti,katakana_loanword,,普通名詞,場所-その他
シート,しーと,shito,katakana_loanword,,普通名詞,人工物-その他
シーツ,しーつ,shitsu,katakana_loanword,,普通名詞,人工物-その他
シーズ,しーず,shizu,katakana_loanword,,普通名詞,抽象物
シーズン,しーずん,shizun,katakana_loanword,,時相名詞,時間
ショウ,しょう,sho,katakana_loanword,,普通名詞,抽象物
ショー,しょー,sho,katakana_loanword,,普通名詞,抽象物
省エネ,しょうえね,shoene,katakana_loanword,,普通名詞,抽象物
ショウガ,しょうが,shoga,katakana_loanword,,普通名詞,植物;人工物-食べ物
ショッキング,しょっきんぐ,shokkingu,katakana_loanword,,ナ形容詞,
ショック,しょっく,shokku,katakana_loanword,,普通名詞,抽象物
食パン,しょくぱん,shokupan,katakana_loanword,,普通名詞,人工物-食べ物
ショッピング,しょっぴんぐ,shoppingu,katakana_loanword,,普通名詞,抽象物
ショップ,しょっぷ,shoppu,katakana_loanword,,普通名詞,場所-施設
ショール,しょーる,shoru,katakana_loanword,,普通名詞,人工物-衣類
ショート,しょーと,shoto,katakana_loanword,,サ変名詞,抽象物
ショット,しょっと,shotto,katakana_loanword,,普通名詞,抽象物
シュー,しゅー,shu,katakana_loanword,,普通名詞,人工物-食べ物
シュプール,しゅぷーる,shupuru,katakana_loanword,,普通名詞,形・模様
シュート,しゅーと,shuto,katakana_loanword,,サ変名詞,抽象物
シューズ,しゅーず,shuzu,katakana_loanword,,普通名詞,人工物-衣類
ソーダ,そーだ,soda,katakana_loanword,,普通名詞,人工物-食べ物;自然物
ソファー,そふぁー,sofa,katakana_loanword,,普通名詞,人工物-その他
ソファー,そふぁー,sofa,katakana_loanword,,普通名詞,人工物-その他
ソフト,そふと,sofuto,katakana_loanword,,普通名詞,抽象物
ソフト,そふと,sofuto,katakana_loanword,,ナ形容詞,
ソフトボール,そふとぼーる,sofutoboru,katakana_loanword,,普通名詞,抽象物
ソフトウエア,そふとうえあ,sofutoea,katakana_loanword,,普通名詞,抽象物
ソフトウエア,そふとうえあ,sofutoea,katakana_loanword,,普通名詞,抽象物
ソケット,そけっと,soketto,katakana_loanword,,普通名詞,人工物-その他
ソックス,そっくす,sokkusu,katakana_loanword,,普通名詞,人工物-衣類
ソナタ,そなた,sonata,katakana_loanword,,普通名詞,抽象物
ソング,そんぐ,songu,katakana_loanword,,普通名詞,抽象物
ソッポ,そっぽ,soppo,katakana_loanword,,普通名詞,場所-その他
ソプラノ,そぷらの,sopurano,katakana_loanword,,普通名詞,抽象物
ソーラー,そーらー,sora,katakana_loanword,,普通名詞,抽象物
ソリスト,そりすと,sorisuto,katakana_loanword,,普通名詞,人
ソロ,そろ,soro,katakana_loanword,,普通名詞,抽象物
ソリューション,そりゅーしょん,soryushon,katakana_loanword,,普通名詞,抽象物
ソーセージ,そーせーじ,soseji,katakana_loanword,,普通名詞,人工物-食べ物
ソース,そーす,sosu,katakana_loanword,,普通名詞,人工物-食べ物
総スカン,そうすかん,sosukan,katakana_loanword,,普通名詞,抽象物
ソテー,そてー,sote,katakana_loanword,,サ変名詞,人工物-食べ物;抽象物
スチール,すちーる,suchiru,katakana_loanword,,普通名詞,自然物
スチュワーデス,すちゅわーです,suchuwadesu,katakana_loanword,,普通名詞,人
スイミング,すいみんぐ,suimingu,katakana_loanword,,普通名詞,抽象物
スイング,すいんぐ,suingu,katakana_loanword,,サ変名詞,抽象物
スイーパー,すいーぱー,suipa,katakana_loanword,,普通名詞,人
スイーパー,すいーぱー,suipa,katakana_loanword,,普通名詞,人
スイッチ,すいっち,suitchi,katakana_loanword,,サ変名詞,人工物-その他
スカーフ,すかーふ,sukafu,katakana_loanword,,普通名詞,人工物-衣類
スカート,すかーと,sukato,katakana_loanword,,普通名詞,人工物-衣類
スカウト,すかうと,sukauto,katakana_loanword,,サ変名詞,抽象物
スケジュール,すけじゅーる,sukejuru,katakana_loanword,,普通名詞,抽象物
スケール,すけーる,sukeru,katakana_loanword,,普通名詞,抽象物
スケッチ,すけっち,suketchi,katakana_loanword,,サ変名詞,抽象物
スケート,すけーと,suketo,katakana_loanword,,普通名詞,抽象物
スキー,すきー,suki,katakana_loanword,,普通名詞,人工物-その他
スキーム,すきーむ,sukimu,katakana_loanword,,普通名詞,抽象物
スキン,すきん,sukin,katakana_loanword,,普通名詞,動物-部位
スキッパー,すきっぱー,sukippa,katakana_loanword,,普通名詞,人
スキッパー,すきっぱー,sukippa,katakana_loanword,,普通名詞,人
スキップ,すきっぷ,sukippu,katakana_loanword,,サ変名詞,抽象物
スキル,すきる,sukiru,katakana_loanword,,普通名詞,抽象物
スキーヤー,すきーやー,sukiya,katakana_loanword,,普通名詞,人
スキーヤー,すきーやー,sukiya,katakana_loanword,,普通名詞,人
スコア,すこあ,sukoa,katakana_loanword,,普通名詞,抽象物
スコップ,すこっぷ,sukoppu,katakana_loanword,,普通名詞,人工物-その他
スコッチ,すこっち,sukotchi,katakana_loanword,,普通名詞,人工物-食べ物
スクイズ,すくいず,sukuizu,katakana_loanword,,普通名詞,抽象物
スクープ,すくーぷ,sukupu,katakana_loanword,,サ変名詞,抽象物
スクラム,すくらむ,sukuramu,katakana_loanword,,普通名詞,抽象物
スクランブル,すくらんぶる,sukuranburu,katakana_loanword,,普通名詞,抽象物
スクラップ,すくらっぷ,sukurappu,katakana_loanword,,サ変名詞,抽象物
スクリーン,すくりーん,sukurin,katakana_loanword,,普通名詞,人工物-その他
スクリプト,すくりぷと,sukuriputo,katakana_loanword,,普通名詞,抽象物
スクール,すくーる,sukuru,katakana_loanword,,普通名詞,組織・団体;場所-施設
スクリュー,すくりゅー,sukuryu,katakana_loanword,,普通名詞,人工物-その他
スクリュー,すくりゅー,sukuryu,katakana_loanword,,普通名詞,人工物-その他
スクーター,すくーたー,sukuta,katakana_loanword,,普通名詞,人工物-乗り物
スクーター,すくーたー,sukuta,katakana_loanword,,普通名詞,人工物-乗り物
スキャン,すきゃん,sukyan,katakana_loanword,,普通名詞,抽象物
スキャンダル,すきゃんだる,sukyandaru,katakana_loanword,,普通名詞,抽象物
スマイル,すまいる,sumairu,katakana_loanword,,普通名詞,抽象物
スマート,すまーと,sumato,katakana_loanword,,ナ形容詞,
スモッグ,すもっぐ,sumoggu,katakana_loanword,,普通名詞,抽象物
スモーカー,すもーかー,sumoka,katakana_loanword,,普通名詞,人
スモーカー,すもーかー,sumoka,katakana_loanword,,普通名詞,人
スモン,すもん,sumon,katakana_loanword,,普通名詞,抽象物
スムーズ,すむーず,sumuzu,katakana_loanword,,ナ形容詞,
スムーズ,すむーず,sumuzu,katakana_loanword,,ナ形容詞,
スナック,すなっく,sunakku,katakana_loanword,,普通名詞,場所-施設
スナップ,すなっぷ,sunappu,katakana_loanword,,普通名詞,人工物-その他
スニーカー,すにーかー,sunika,katakana_loanword,,普通名詞,人工物-衣類
スニーカー,すにーかー,sunika,katakana_loanword,,普通名詞,人工物-衣類
スノーボード,すのーぼーど,sunobodo,katakana_loanword,,普通名詞,人工物-その他
スーパー,すーぱー,supa,katakana_loanword,,普通名詞,場所-施設;抽象物
スパイ,すぱい,supai,katakana_loanword,,サ変名詞,人
スパイク,すぱいく,supaiku,katakana_loanword,,サ変名詞,人工物-衣類
スパイス,すぱいす,supaisu,katakana_loanword,,普通名詞,人工物-食べ物
スパート,すぱーと,supato,katakana_loanword,,サ変名詞,抽象物
スパッツ,すぱっつ,supattsu,katakana_loanword,,普通名詞,人工物-衣類
スペア,すぺあ,supea,katakana_loanword,,普通名詞,人工物-その他
スペクトル,すぺくとる,supekutoru,katakana_loanword,,普通名詞,形・模様
スペシャル,すぺしゃる,supesharu,katakana_loanword,,ナ形容詞,
スペース,すぺーす,supesu,katakana_loanword,,普通名詞,場所-その他
スピーチ,すぴーち,supichi,katakana_loanword,,サ変名詞,抽象物
スピーディー,すぴーでぃー,supidi,katakana_loanword,,ナ形容詞,
スピード,すぴーど,supido,katakana_loanword,,普通名詞,抽象物
スピーカー,すぴーかー,supika,katakana_loanword,,普通名詞,人工物-その他
スピーカー,すぴーかー,supika,katakana_loanword,,普通名詞,人工物-その他
スポイト,すぽいと,supoito,katakana_loanword,,普通名詞,人工物-その他
スポーク,すぽーく,supoku,katakana_loanword,,普通名詞,人工物-その他
スポークスマン,すぽーくすまん,supokusuman,katakana_loanword,,普通名詞,人
スポンサー,すぽんさー,suponsa,katakana_loanword,,普通名詞,人
スポンサー,すぽんさー,suponsa,katakana_loanword,,普通名詞,人
スポーティー,すぽーてぃー,supoti,katakana_loanword,,ナ形容詞,
スポーツ,すぽーつ,supotsu,katakana_loanword,,普通名詞,抽象物
スポット,すぽっと,supotto,katakana_loanword,,普通名詞,抽象物
スープ,すーぷ,supu,katakana_loanword,,普通名詞,人工物-食べ物
スプーン,すぷーん,supun,katakana_loanword,,普通名詞,人工物-その他
スプレー,すぷれー,supure,katakana_loanword,,普通名詞,人工物-その他;抽象物
スプリング,すぷりんぐ,supuringu,katakana_loanword,,普通名詞,人工物-その他
スプリント,すぷりんと,supurinto,katakana_loanword,,普通名詞,抽象物
スライド,すらいど,suraido,katakana_loanword,,サ変名詞,人工物-その他;抽象物
スライス,すらいす,suraisu,katakana_loanword,,サ変名詞,人工物-その他;抽象物
スラックス,すらっくす,surakkusu,katakana_loanword,,普通名詞,人工物-衣類
スラム,すらむ,suramu,katakana_loanword,,普通名詞,場所-その他
スランプ,すらんぷ,suranpu,katakana_loanword,,普通名詞,抽象物
磨りガラス,すりがらす,surigarasu,katakana_loanword,,普通名詞,人工物-その他
スリム,すりむ,surimu,katakana_loanword,,ナ形容詞,
スリッパ,すりっぱ,surippa,katakana_loanword,,普通名詞,人工物-衣類
スリップ,すりっぷ,surippu,katakana_loanword,,サ変名詞,抽象物
スリラー,すりらー,surira,katakana_loanword,,普通名詞,抽象物
スリリング,すりりんぐ,suriringu,katakana_loanword,,ナ形容詞,
スリル,すりる,suriru,katakana_loanword,,普通名詞,抽象物
スローガン,すろーがん,surogan,katakana_loanword,,普通名詞,抽象物
スロープ,すろーぷ,suropu,katakana_loanword,,普通名詞,場所-施設部位
スルー,するー,suru,katakana_loanword,,サ変名詞,抽象物
スター,すたー,suta,katakana_loanword,,普通名詞,人
スタッフ,すたっふ,sutaffu,katakana_loanword,,普通名詞,人
スタイル,すたいる,sutairu,katakana_loanword,,普通名詞,抽象物
スタジアム,すたじあむ,sutajiamu,katakana_loanword,,普通名詞,場所-施設
スタジオ,すたじお,sutajio,katakana_loanword,,普通名詞,場所-施設
スタメン,すためん,sutamen,katakana_loanword,,普通名詞,人
スタミナ,すたみな,sutamina,katakana_loanword,,普通名詞,抽象物
スタンバイ,すたんばい,sutanbai,katakana_loanword,,サ変名詞,抽象物
スタンダード,すたんだーど,sutandado,katakana_loanword,,ナ形容詞,
スタンド,すたんど,sutando,katakana_loanword,,普通名詞,場所-その他
スタンプ,すたんぷ,sutanpu,katakana_loanword,,普通名詞,人工物-その他
スタンス,すたんす,sutansu,katakana_loanword,,普通名詞,抽象物
スタート,すたーと,sutato,katakana_loanword,,サ変名詞,抽象物
ステージ,すてーじ,suteji,katakana_loanword,,普通名詞,場所-施設
ステキ,すてき,suteki,katakana_loanword,,ナ形容詞,
ステーキ,すてーき,suteki,katakana_loanword,,普通名詞,人工物-食べ物
ステッカー,すてっかー,sutekka,katakana_loanword,,普通名詞,人工物-その他
ステッカー,すてっかー,sutekka,katakana_loanword,,普通名詞,人工物-その他
ステッキ,すてっき,sutekki,katakana_loanword,,普通名詞,人工物-その他
ステンレス,すてんれす,sutenresu,katakana_loanword,,普通名詞,自然物
ステップ,すてっぷ,suteppu,katakana_loanword,,普通名詞,場所-施設部位;抽象物
ステレオ,すてれお,sutereo,katakana_loanword,,普通名詞,人工物-その他
ステーション,すてーしょん,suteshon,katakana_loanword,,普通名詞,場所-施設
スト,すと,suto,katakana_loanword,,普通名詞,抽象物
ストア,すとあ,sutoa,katakana_loanword,,普通名詞,場所-施設
ストーブ,すとーぶ,sutobu,katakana_loanword,,普通名詞,人工物-その他
ストイック,すといっく,sutoikku,katakana_loanword,,ナ形容詞,
ストック,すとっく,sutokku,katakana_loanword,,サ変名詞,抽象物
ストッパー,すとっぱー,sutoppa,katakana_loanword,,普通名詞,人工物-その他
ストッパー,すとっぱー,sutoppa,katakana_loanword,,普通名詞,人工物-その他
ストップ,すとっぷ,sutoppu,katakana_loanword,,サ変名詞,抽象物
ストライキ,すとらいき,sutoraiki,katakana_loanword,,普通名詞,抽象物
ストライク,すとらいく,sutoraiku,katakana_loanword,,普通名詞,抽象物
ストラップ,すとらっぷ,sutorappu,katakana_loanword,,普通名詞,人工物-その他
ストレス,すとれす,sutoresu,katakana_loanword,,普通名詞,抽象物
ストレート,すとれーと,sutoreto,katakana_loanword,,ナ形容詞,
ストレート,すとれーと,sutoreto,katakana_loanword,,ナ形容詞,
ストーリー,すとーりー,sutori,katakana_loanword,,普通名詞,抽象物
ストーリー,すとーりー,sutori,katakana_loanword,,普通名詞,抽象物
ストリート,すとりーと,sutorito,katakana_loanword,,普通名詞,場所-施設
ストロー,すとろー,sutoro,katakana_loanword,,普通名詞,人工物-その他
ストロボ,すとろぼ,sutorobo,katakana_loanword,,普通名詞,人工物-その他
ストローク,すとろーく,sutoroku,katakana_loanword,,普通名詞,抽象物
スーツ,すーつ,sutsu,katakana_loanword,,普通名詞,人工物-衣類
スワン,すわん,suwan,katakana_loanword,,普通名詞,動物
スワップ,すわっぷ,suwappu,katakana_loanword,,普通名詞,抽象物
ターバン,たーばん,taban,katakana_loanword,,普通名詞,人工物-衣類
タービン,たーびん,tabin,katakana_loanword,,普通名詞,人工物-その他
タブー,たぶー,tabu,katakana_loanword,,普通名詞,抽象物
タフ,たふ,tafu,katakana_loanword,,ナ形容詞,
ターゲット,たーげっと,tagetto,katakana_loanword,,普通名詞,人工物-その他
タグ,たぐ,tagu,katakana_loanword,,普通名詞,人工物-その他
タグボート,たぐぼーと,taguboto,katakana_loanword,,普通名詞,人工物-乗り物
タイ,たい,tai,katakana_loanword,,普通名詞,人工物-衣類;抽象物
タイマー,たいまー,taima,katakana_loanword,,普通名詞,人;人工物-その他
タイマー,たいまー,taima,katakana_loanword,,普通名詞,人;人工物-その他
タイミング,たいみんぐ,taimingu,katakana_loanword,,普通名詞,時間
タイム,たいむ,taimu,katakana_loanword,,普通名詞,植物;人工物-食べ物;抽象物
タイムリー,たいむりー,taimuri,katakana_loanword,,ナ形容詞,
タイピスト,たいぴすと,taipisuto,katakana_loanword,,普通名詞,人
タイプ,たいぷ,taipu,katakana_loanword,,サ変名詞,抽象物
タイル,たいる,tairu,katakana_loanword,,普通名詞,人工物-その他
タイトル,たいとる,taitoru,katakana_loanword,,普通名詞,抽象物
タイヤ,たいや,taiya,katakana_loanword,,普通名詞,人工物-その他
タック,たっく,takku,katakana_loanword,,サ変名詞,人工物-衣類
タックル,たっくる,takkuru,katakana_loanword,,サ変名詞,抽象物
タクシー,たくしー,takushi,katakana_loanword,,普通名詞,人工物-乗り物
タクト,たくと,takuto,katakana_loanword,,普通名詞,人工物-その他
ターミナル,たーみなる,taminaru,katakana_loanword,,普通名詞,場所-施設
ターン,たーん,tan,katakana_loanword,,サ変名詞,抽象物
タンゴ,たんご,tango,katakana_loanword,,普通名詞,抽象物
タニマチ,たにまち,tanimachi,katakana_loanword,,普通名詞,人
タニシ,たにし,tanishi,katakana_loanword,,普通名詞,動物;人工物-食べ物
タンカー,たんかー,tanka,katakana_loanword,,普通名詞,人工物-乗り物
タンク,たんく,tanku,katakana_loanword,,普通名詞,人工物-その他
タンクトップ,たんくとっぷ,tankutoppu,katakana_loanword,,普通名詞,人工物-衣類
タンニン,たんにん,tannin,katakana_loanword,,普通名詞,自然物
タオル,たおる,taoru,katakana_loanword,,普通名詞,人工物-その他
タラップ,たらっぷ,tarappu,katakana_loanword,,普通名詞,人工物-その他
タレント,たれんと,tarento,katakana_loanword,,普通名詞,人
タッチ,たっち,tatchi,katakana_loanword,,サ変名詞,抽象物
タウン,たうん,taun,katakana_loanword,,普通名詞,場所-その他
タワー,たわー,tawa,katakana_loanword,,普通名詞,場所-施設
テーブル,てーぶる,teburu,katakana_loanword,,普通名詞,人工物-その他
テイスト,ていすと,teisuto,katakana_loanword,,普通名詞,抽象物
テキスト,てきすと,tekisuto,katakana_loanword,,普通名詞,人工物-その他;抽象物
テクニック,てくにっく,tekunikku,katakana_loanword,,普通名詞,抽象物
テクノ,てくの,tekuno,katakana_loanword,,普通名詞,抽象物
テクノロジー,てくのろじー,tekunoroji,katakana_loanword,,普通名詞,抽象物
テクノロジー,てくのろじー,tekunoroji,katakana_loanword,,普通名詞,抽象物
テーマ,てーま,tema,katakana_loanword,,普通名詞,抽象物
テナント,てなんと,tenanto,katakana_loanword,,普通名詞,人
テニス,てにす,tenisu,katakana_loanword,,普通名詞,抽象物
天然ガス,てんねんがす,tennengasu,katakana_loanword,,普通名詞,自然物
テノール,てのーる,tenoru,katakana_loanword,,普通名詞,抽象物
テンポ,てんぽ,tenpo,katakana_loanword,,普通名詞,抽象物
テンション,てんしょん,tenshon,katakana_loanword,,普通名詞,抽象物
テント,てんと,tento,katakana_loanword,,普通名詞,人工物-その他
テーピング,てーぴんぐ,tepingu,katakana_loanword,,サ変名詞,抽象物
テープ,てーぷ,tepu,katakana_loanword,,普通名詞,人工物-その他
テラス,てらす,terasu,katakana_loanword,,普通名詞,場所-施設部位
テレビ,てれび,terebi,katakana_loanword,,普通名詞,人工物-その他
テレパシー,てれぱしー,terepashi,katakana_loanword,,普通名詞,抽象物
テレパシー,てれぱしー,terepashi,katakana_loanword,,普通名詞,抽象物
テロ,てろ,tero,katakana_loanword,,普通名詞,抽象物
テロリスト,てろりすと,terorisuto,katakana_loanword,,普通名詞,人
テスト,てすと,tesuto,katakana_loanword,,サ変名詞,抽象物
ティッシュ,てぃっしゅ,tisshu,katakana_loanword,,普通名詞,人工物-その他
トイレ,といれ,toire,katakana_loanword,,普通名詞,場所-施設
トカゲ,とかげ,tokage,katakana_loanword,,普通名詞,動物
トーク,とーく,toku,katakana_loanword,,普通名詞,抽象物
トマト,とまと,tomato,katakana_loanword,,普通名詞,植物;人工物-食べ物
トウモロコシ,とうもろこし,tomorokoshi,katakana_loanword,,普通名詞,植物;人工物-食べ物
トン,とん,ton,katakana_loanword,,普通名詞,数量
トーン,とーん,ton,katakana_loanword,,普通名詞,抽象物
トナー,となー,tona,katakana_loanword,,普通名詞,人工物-その他
トナカイ,となかい,tonakai,katakana_loanword,,普通名詞,動物
トーナメント,とーなめんと,tonamento,katakana_loanword,,普通名詞,抽象物
トンチンカン,とんちんかん,tonchinkan,katakana_loanword,,ナ形容詞,
豚カツ,とんかつ,tonkatsu,katakana_loanword,,普通名詞,人工物-食べ物
トンネル,とんねる,tonneru,katakana_loanword,,サ変名詞,場所-施設
トントン拍子,とんとんびょうし,tontonbyoshi,katakana_loanword,,ナ形容詞,
トップ,とっぷ,toppu,katakana_loanword,,普通名詞,抽象物
トラバーユ,とらばーゆ,torabayu,katakana_loanword,,サ変名詞,抽象物
トラブル,とらぶる,toraburu,katakana_loanword,,普通名詞,抽象物
トライ,とらい,torai,katakana_loanword,,サ変名詞,抽象物
トライアングル,とらいあんぐる,toraianguru,katakana_loanword,,普通名詞,人工物-その他
トラック,とらっく,torakku,katakana_loanword,,普通名詞,人工物-乗り物
トラクター,とらくたー,torakuta,katakana_loanword,,普通名詞,人工物-乗り物;人工物-その他
トラクター,とらくたー,torakuta,katakana_loanword,,普通名詞,人工物-乗り物;人工物-その他
トランク,とらんく,toranku,katakana_loanword,,普通名詞,人工物-その他
トランペット,とらんぺっと,toranpetto,katakana_loanword,,普通名詞,人工物-その他
トランプ,とらんぷ,toranpu,katakana_loanword,,普通名詞,人工物-その他
トランス,とらんす,toransu,katakana_loanword,,普通名詞,人工物-その他
トレーダー,とれーだー,toreda,katakana_loanword,,普通名詞,人
トレーダー,とれーだー,toreda,katakana_loanword,,普通名詞,人
トレード,とれーど,toredo,katakana_loanword,,サ変名詞,抽象物
トレーナー,とれーなー,torena,katakana_loanword,,普通名詞,人
トレーナー,とれーなー,torena,katakana_loanword,,普通名詞,人
トレンディー,とれんでぃー,torendi,katakana_loanword,,ナ形容詞,
トレンド,とれんど,torendo,katakana_loanword,,普通名詞,抽象物
トレーニング,とれーにんぐ,toreningu,katakana_loanword,,サ変名詞,抽象物
トレパン,とれぱん,torepan,katakana_loanword,,普通名詞,人工物-衣類
トレーラー,とれーらー,torera,katakana_loanword,,普通名詞,人工物-乗り物
トレーラー,とれーらー,torera,katakana_loanword,,普通名詞,人工物-乗り物
トレース,とれーす,toresu,katakana_loanword,,サ変名詞,抽象物
トリッキー,とりっきー,torikki,katakana_loanword,,ナ形容詞,
トリック,とりっく,torikku,katakana_loanword,,普通名詞,人工物-その他
トリオ,とりお,torio,katakana_loanword,,普通名詞,組織・団体
トリプル,とりぷる,toripuru,katakana_loanword,,普通名詞,数量
トロフィー,とろふぃー,torofi,katakana_loanword,,普通名詞,人工物-その他
トロフィー,とろふぃー,torofi,katakana_loanword,,普通名詞,人工物-その他
トロイカ,とろいか,toroika,katakana_loanword,,普通名詞,人工物-乗り物
トロッコ,とろっこ,torokko,katakana_loanword,,普通名詞,人工物-乗り物
トルネード,とるねーど,torunedo,katakana_loanword,,普通名詞,抽象物
トス,とす,tosu,katakana_loanword,,サ変名詞,抽象物
トースター,とーすたー,tosuta,katakana_loanword,,普通名詞,人工物-その他
トースター,とーすたー,tosuta,katakana_loanword,,普通名詞,人工物-その他
トースト,とーすと,tosuto,katakana_loanword,,普通名詞,人工物-食べ物
トタン,とたん,totan,katakana_loanword,,普通名詞,人工物-その他
トータル,とーたる,totaru,katakana_loanword,,普通名詞,抽象物
ツアー,つあー,tsua,katakana_loanword,,普通名詞,抽象物
ツケ,つけ,tsuke,katakana_loanword,,普通名詞,人工物-金銭
ツーピース,つーぴーす,tsupisu,katakana_loanword,,普通名詞,人工物-衣類
ツリー,つりー,tsuri,katakana_loanword,,普通名詞,植物
ツーリング,つーりんぐ,tsuringu,katakana_loanword,,普通名詞,抽象物
ツール,つーる,tsuru,katakana_loanword,,普通名詞,人工物-その他
トゥデー,とぅでー,tude,katakana_loanword,,時相名詞,時間
トゥモロー,とぅもろー,tumoro,katakana_loanword,,時相名詞,時間
トゥモロー,とぅもろー,tumoro,katakana_loanword,,時相名詞,時間
ウッディ,うっでぃ,uddi,katakana_loanword,,普通名詞,抽象物
ウエア,うえあ,uea,katakana_loanword,,普通名詞,人工物-衣類
ウエスト,うえすと,uesuto,katakana_loanword,,普通名詞,動物-部位
ウエスト,うえすと,uesuto,katakana_loanword,,普通名詞,動物-部位
ウエーター,うえーたー,ueta,katakana_loanword,,普通名詞,人
ウエーター,うえーたー,ueta,katakana_loanword,,普通名詞,人
ウエーター,うえーたー,ueta,katakana_loanword,,普通名詞,人
ウエーター,うえーたー,ueta,katakana_loanword,,普通名詞,人
ウエート,うえーと,ueto,katakana_loanword,,普通名詞,抽象物
ウエート,うえーと,ueto,katakana_loanword,,普通名詞,抽象物
ウエートレス,うえーとれす,uetoresu,katakana_loanword,,普通名詞,人
ウエートレス,うえーとれす,uetoresu,katakana_loanword,,普通名詞,人
ウイーク,ういーく,uiku,katakana_loanword,,時相名詞,時間
ウイークデー,ういーくでー,uikude,katakana_loanword,,時相名詞,時間
ウイークデー,ういーくでー,uikude,katakana_loanword,,時相名詞,時間
ウインチ,ういんち,uinchi,katakana_loanword,,普通名詞,人工物-その他
ウインド,ういんど,uindo,katakana_loanword,,普通名詞,抽象物
ウインド,ういんど,uindo,katakana_loanword,,普通名詞,抽象物
ウインドー,ういんどー,uindo,katakana_loanword,,普通名詞,場所-施設部位
ウインドー,ういんどー,uindo,katakana_loanword,,普通名詞,場所-施設部位
ウインドー,ういんどー,uindo,katakana_loanword,,普通名詞,場所-施設部位
ウインドー,ういんどー,uindo,katakana_loanword,,普通名詞,場所-施設部位
ウイング,ういんぐ,uingu,katakana_loanword,,普通名詞,人工物-その他
ウインク,ういんく,uinku,katakana_loanword,,サ変名詞,抽象物
ウイルス,ういるす,uirusu,katakana_loanword,,普通名詞,動物
ウイルス,ういるす,uirusu,katakana_loanword,,普通名詞,動物
ウイスキー,ういすきー,uisuki,katakana_loanword,,普通名詞,人工物-食べ物
ウイスキー,ういすきー,uisuki,katakana_loanword,,普通名詞,人工物-食べ物
ウイスキー,ういすきー,uisuki,katakana_loanword,,普通名詞,人工物-食べ物
ウイスキー,ういすきー,uisuki,katakana_loanword,,普通名詞,人工物-食べ物
ウコン,うこん,ukon,katakana_loanword,,普通名詞,植物;人工物-食べ物
ウラン,うらん,uran,katakana_loanword,,普通名詞,自然物
ウラニウム,うらにうむ,uraniumu,katakana_loanword,,普通名詞,自然物
ウール,うーる,uru,katakana_loanword,,普通名詞,人工物-その他
ワゴン,わごん,wagon,katakana_loanword,,普通名詞,人工物-乗り物
ワイド,わいど,waido,katakana_loanword,,ナ形容詞,
ワイン,わいん,wain,katakana_loanword,,普通名詞,人工物-食べ物
ワイシャツ,わいしゃつ,waishatsu,katakana_loanword,,普通名詞,人工物-衣類
ワイヤ,わいや,waiya,katakana_loanword,,普通名詞,人工物-その他
ワイヤレス,わいやれす,waiyaresu,katakana_loanword,,普通名詞,抽象物
ワカメ,わかめ,wakame,katakana_loanword,,普通名詞,植物;人工物-食べ物
ワカサギ,わかさぎ,wakasagi,katakana_loanword,,普通名詞,動物;人工物-食べ物
ワックス,わっくす,wakkusu,katakana_loanword,,普通名詞,人工物-その他
ワクチン,わくちん,wakuchin,katakana_loanword,,普通名詞,人工物-その他
ワークショップ,わーくしょっぷ,wakushoppu,katakana_loanword,,普通名詞,抽象物
ワンダフル,わんだふる,wandafuru,katakana_loanword,,ナ形容詞,
ワンマン,わんまん,wanman,katakana_loanword,,ナ形容詞,
ワンパターン,わんぱたーん,wanpatan,katakana_loanword,,ナ形容詞,
ワンピース,わんぴーす,wanpisu,katakana_loanword,,普通名詞,人工物-衣類
ワンセット,わんせっと,wansetto,katakana_loanword,,普通名詞,抽象物
ワッペン,わっぺん,wappen,katakana_loanword,,普通名詞,人工物-その他
ワープロ,わーぷろ,wapuro,katakana_loanword,,普通名詞,人工物-その他
ワールド,わーるど,warudo,katakana_loanword,,普通名詞,場所-その他
ワルツ,わるつ,warutsu,katakana_loanword,,普通名詞,抽象物
ワサビ,わさび,wasabi,katakana_loanword,,普通名詞,植物;人工物-食べ物
ワースト,わーすと,wasuto,katakana_loanword,,普通名詞,抽象物
ワット,わっと,watto,katakana_loanword,,普通名詞,数量
ウォーキング,うぉーきんぐ,wokingu,katakana_loanword,,普通名詞,抽象物
ヤード,やーど,yado,katakana_loanword,,普通名詞,数量
ヤク,やく,yaku,katakana_loanword,,普通名詞,動物
ヤクザ,やくざ,yakuza,katakana_loanword,,普通名詞,人
ヤマメ,やまめ,yamame,katakana_loanword,,普通名詞,動物;人工物-食べ物
ヤンキー,やんきー,yanki,katakana_loanword,,普通名詞,人
ヤスリ,やすり,yasuri,katakana_loanword,,普通名詞,人工物-その他
ヨガ,よが,yoga,katakana_loanword,,普通名詞,抽象物
ヨーグルト,よーぐると,yoguruto,katakana_loanword,,普通名詞,人工物-食べ物
ヨット,よっと,yotto,katakana_loanword,,普通名詞,人工物-乗り物
ユー,ゆー,yu,katakana_loanword,,普通名詞,人
ユーカリ,ゆーかり,yukari,katakana_loanword,,普通名詞,植物
ユーモア,ゆーもあ,yumoa,katakana_loanword,,普通名詞,抽象物
ユーモラス,ゆーもらす,yumorasu,katakana_loanword,,ナ形容詞,
ユニホーム,ゆにほーむ,yunihomu,katakana_loanword,,普通名詞,人工物-衣類
ユニホーム,ゆにほーむ,yunihomu,katakana_loanword,,普通名詞,人工物-衣類
ユニーク,ゆにーく,yuniku,katakana_loanword,,ナ形容詞,
ユニオン,ゆにおん,yunion,katakana_loanword,,普通名詞,組織・団体
ユニット,ゆにっと,yunitto,katakana_loanword,,普通名詞,数量
ユーロ,ゆーろ,yuro,katakana_loanword,,普通名詞,数量
ユース,ゆーす,yusu,katakana_loanword,,普通名詞,抽象物
ユートピア,ゆーとぴあ,yutopia,katakana_loanword,,普通名詞,場所-その他
ユーザー,ゆーざー,yuza,katakana_loanword,,普通名詞,人
ユーザー,ゆーざー,yuza,katakana_loanword,,普通名詞,人
ザイル,ざいる,zairu,katakana_loanword,,普通名詞,人工物-その他
財テク,ざいてく,zaiteku,katakana_loanword,,普通名詞,抽象物
ザック,ざっく,zakku,katakana_loanword,,普通名詞,人工物-その他
ザリガニ,ざりがに,zarigani,katakana_loanword,,普通名詞,動物
ゼッケン,ぜっけん,zekken,katakana_loanword,,普通名詞,人工物-その他
ゼミ,ぜみ,zemi,katakana_loanword,,普通名詞,抽象物
ゼミナール,ぜみなーる,zeminaru,katakana_loanword,,普通名詞,抽象物
ゼネコン,ぜねこん,zenekon,katakana_loanword,,普通名詞,組織・団体
ゼネスト,ぜねすと,zenesuto,katakana_loanword,,普通名詞,抽象物
ゼラチン,ぜらちん,zerachin,katakana_loanword,,普通名詞,自然物
ゼリー,ぜりー,zeri,katakana_loanword,,普通名詞,人工物-食べ物
ゾーン,ぞーん,zon,katakana_loanword,,普通名詞,場所-その他
ズボン,ずぼん,zubon,katakana_loanword,,普通名詞,人工物-衣類
ズレ,ずれ,zure,katakana_loanword,,普通名詞,抽象物
ズワイガニ,ずわいがに,zuwaigani,katakana_loanword,,普通名詞,動物;人工物-食べ物
阿婆擦れ,あばずれ,abazure,offensive,阿婆擦れ,普通名詞,
あばずれる,あばずれる,abazureru,offensive,sensitive_words_file,動詞,
あほ,あほ,aho,offensive,あほ(らしい)?,普通名詞,抽象物
あほ,あほ,aho,offensive,あほ(らしい)?,普通名詞,抽象物
あほらしい,あほらしい,ahorashii,offensive,あほ(らしい)?,イ形容詞,
赤裸,あかはだか,akahadaka,offensive,赤裸,普通名詞,抽象物
暗殺,あんさつ,ansatsu,offensive,[虐暗毒絞射刺惨爆銃他自]殺,サ変名詞,抽象物
圧死,あっし,asshi,offensive,[急即焼溺水病餓圧轢凍変獄戦爆憤若早犬他自仮壊脳致瀕]死,サ変名詞,抽象物
売春,ばいしゅん,baishun,offensive,売春,サ変名詞,抽象物
馬鹿,ばか,baka,offensive,馬鹿,ナ形容詞,
爆殺,ばくさつ,bakusatsu,offensive,[虐暗毒絞射刺惨爆銃他自]殺,サ変名詞,抽象物
爆死,ばくし,bakushi,offensive,[急即焼溺水病餓圧轢凍変獄戦爆憤若早犬他自仮壊脳致瀕]死,サ変名詞,抽象物
便所,べんじょ,benjo,offensive,便所,普通名詞,場所-施設
便器,べんき,benki,offensive,便器,普通名詞,人工物-その他
便秘,べんぴ,benpi,offensive,便秘,サ変名詞,抽象物
便通,べんつう,bentsu,offensive,便通,普通名詞,抽象物
便座,べんざ,benza,offensive,便座,普通名詞,人工物-その他
媚薬,びやく,biyaku,offensive,sensitive_words_file,普通名詞,人工物-その他
ぼろ,ぼろ,boro,offensive,ぼろ(い|ぼろ|くそ)?,普通名詞,人工物-衣類;人工物-その他;抽象物
ぼろぼろ,ぼろぼろ,boroboro,offensive,ぼろ(い|ぼろ|くそ)?,ナ形容詞,
ぼろい,ぼろい,boroi,offensive,ぼろ(い|ぼろ|くそ)?,イ形容詞,
ぼろくそ,ぼろくそ,borokuso,offensive,ぼろ(い|ぼろ|くそ)?,ナ形容詞,
部落,ぶらく,buraku,offensive,部落,普通名詞,場所-その他
病死,びょうし,byoshi,offensive,[急即焼溺水病餓圧轢凍変獄戦爆憤若早犬他自仮壊脳致瀕]死,サ変名詞,抽象物
ちび,ちび,chibi,offensive,ちび,普通名詞,抽象物
乳房,ちぶさ,chibusa,offensive,乳房,普通名詞,動物-部位
痴呆,ちほう,chiho,offensive,痴呆,普通名詞,抽象物
痴漢,ちかん,chikan,offensive,痴漢,普通名詞,人
乳首,ちくび,chikubi,offensive,乳首,普通名詞,動物-部位
致死,ちし,chishi,offensive,[急即焼溺水病餓圧轢凍変獄戦爆憤若早犬他自仮壊脳致瀕]死,普通名詞,抽象物
膣,ちつ,chitsu,offensive,膣,普通名詞,動物-部位
大便,だいべん,daiben,offensive,大便,普通名詞,自然物
溺死,できし,dekishi,offensive,[急即焼溺水病餓圧轢凍変獄戦爆憤若早犬他自仮壊脳致瀕]死,サ変名詞,抽象物
どじ,どじ,doji,offensive,どじ,ナ形容詞,
毒殺,どくさつ,dokusatsu,offensive,[虐暗毒絞射刺惨爆銃他自]殺,サ変名詞,抽象物
吃る,どもる,domoru,offensive,吃,動詞,
奴隷,どれい,dorei,offensive,奴隷,普通名詞,人
壊死,えし,eshi,offensive,[急即焼溺水病餓圧轢凍変獄戦爆憤若早犬他自仮壊脳致瀕]死,サ変名詞,抽象物
糞,ふん,fun,offensive,糞,普通名詞,自然物
糞尿,ふんにょう,funnyo,offensive,糞,普通名詞,自然物
憤死,ふんし,funshi,offensive,[急即焼溺水病餓圧轢凍変獄戦爆憤若早犬他自仮壊脳致瀕]死,サ変名詞,抽象物
外人,がいじん,gaijin,offensive,外人,普通名詞,人
癌,がん,gan,offensive,癌,普通名詞,抽象物
餓死,がし,gashi,offensive,[急即焼溺水病餓圧轢凍変獄戦爆憤若早犬他自仮壊脳致瀕]死,サ変名詞,抽象物
獄死,ごくし,gokushi,offensive,[急即焼溺水病餓圧轢凍変獄戦爆憤若早犬他自仮壊脳致瀕]死,サ変名詞,抽象物
拷問,ごうもん,gomon,offensive,拷問,サ変名詞,抽象物
虐殺,ぎゃくさつ,gyakusatsu,offensive,[虐暗毒絞射刺惨爆銃他自]殺,サ変名詞,抽象物
虐待,ぎゃくたい,gyakutai,offensive,虐,サ変名詞,抽象物
排便,はいべん,haiben,offensive,排便,サ変名詞,抽象物
排尿,はいにょう,hainyo,offensive,尿,サ変名詞,抽象物
排泄,はいせつ,haisetsu,offensive,排泄,サ変名詞,抽象物
吐き気,はきけ,hakike,offensive,吐き気,普通名詞,抽象物
白血病,はっけつびょう,hakketsubyo,offensive,白血病,普通名詞,抽象物
発癌,はつがん,hatsugan,offensive,癌,普通名詞,抽象物
早死に,はやじに,hayajini,offensive,死[ぬにんす体骸亡没去者人刑罪産滅闘別霊],サ変名詞,抽象物
反吐,へど,hedo,offensive,反吐,普通名詞,自然物
変死,へんし,henshi,offensive,[急即焼溺水病餓圧轢凍変獄戦爆憤若早犬他自仮壊脳致瀕]死,サ変名詞,抽象物
変態,へんたい,hentai,offensive,変態,普通名詞,抽象物
屁理屈,へりくつ,herikutsu,offensive,^屁,普通名詞,抽象物
貧民,ひんみん,hinmin,offensive,貧民,普通名詞,人
瀕死,ひんし,hinshi,offensive,[急即焼溺水病餓圧轢凍変獄戦爆憤若早犬他自仮壊脳致瀕]死,普通名詞,抽象物
人殺し,ひとごろし,hitogoroshi,offensive,殺[すし人害意戮傷気伐生],サ変名詞,抽象物
人斬り,ひときり,hitokiri,offensive,sensitive_words_file,普通名詞,人;抽象物
泌尿器,ひつにょうき,hitsunyoki,offensive,尿,普通名詞,動物-部位
生け贄,いけにえ,ikenie,offensive,sensitive_words_file,普通名詞,抽象物
陰茎,いんけい,inkei,offensive,陰茎,普通名詞,動物-部位
陰嚢,いんのう,inno,offensive,陰嚢,普通名詞,動物-部位
犬死に,いぬじに,inujini,offensive,死[ぬにんす体骸亡没去者人刑罪産滅闘別霊],サ変名詞,抽象物
遺体,いたい,itai,offensive,遺体,普通名詞,動物-部位
自害,じがい,jigai,offensive,自害,サ変名詞,抽象物
自殺,じさつ,jisatsu,offensive,[虐暗毒絞射刺惨爆銃他自]殺,サ変名詞,抽象物
銃殺,じゅうさつ,jusatsu,offensive,[虐暗毒絞射刺惨爆銃他自]殺,サ変名詞,抽象物
仮死,かし,kashi,offensive,[急即焼溺水病餓圧轢凍変獄戦爆憤若早犬他自仮壊脳致瀕]死,普通名詞,抽象物
結核,けっかく,kekkaku,offensive,結核,普通名詞,抽象物
検便,けんべん,kenben,offensive,検便,サ変名詞,抽象物
鬼畜,きちく,kichiku,offensive,sensitive_words_file,普通名詞,人
奇形,きけい,kikei,offensive,奇形,ナ形容詞,
吃音,きつおん,kitsuon,offensive,吃,普通名詞,抽象物
小人,こびと,kobito,offensive,sensitive_words_file,普通名詞,人
抗癌,こうがん,kogan,offensive,癌,普通名詞,抽象物
睾丸,こうがん,kogan,offensive,睾丸,普通名詞,動物-部位
乞食,こじき,kojiki,offensive,乞食,サ変名詞,人
肛門,こうもん,komon,offensive,肛門,普通名詞,動物-部位
混血,こんけつ,konketsu,offensive,混血,サ変名詞,抽象物
殺し屋,ころしや,koroshiya,offensive,殺[すし人害意戮傷気伐生],普通名詞,人
殺す,ころす,korosu,offensive,殺[すし人害意戮傷気伐生],動詞,
絞殺,こうさつ,kosatsu,offensive,[虐暗毒絞射刺惨爆銃他自]殺,サ変名詞,抽象物
絞首刑,こうしゅけい,koshukei,offensive,絞首,普通名詞,抽象物
首吊り,くびつり,kubitsuri,offensive,首吊,普通名詞,抽象物
糞,くそ,kuso,offensive,糞,普通名詞,自然物
くそまじめ,くそまじめ,kusomajime,offensive,くそ(まじめ)?,ナ形容詞,
糞真面目,くそまじめ,kusomajime,offensive,糞,普通名詞,抽象物
急死,きゅうし,kyushi,offensive,[急即焼溺水病餓圧轢凍変獄戦爆憤若早犬他自仮壊脳致瀕]死,サ変名詞,抽象物
間抜け,まぬけ,manuke,offensive,間抜け,ナ形容詞,
丸裸,まるはだか,maruhadaka,offensive,丸裸,普通名詞,抽象物
麻薬,まやく,mayaku,offensive,麻薬,普通名詞,人工物-その他
淫ら,みだら,midara,offensive,淫,ナ形容詞,
見殺し,みごろし,migoroshi,offensive,殺[すし人害意戮傷気伐生],普通名詞,抽象物
皆殺し,みなごろし,minagoroshi,offensive,殺[すし人害意戮傷気伐生],普通名詞,抽象物
亡者,もうじゃ,moja,offensive,sensitive_words_file,普通名詞,人
物乞い,ものごい,monogoi,offensive,物乞い,サ変名詞,抽象物
生殺し,なまごろし,namagoroshi,offensive,殺[すし人害意戮傷気伐生],普通名詞,抽象物
猫糞,ねこばば,nekobaba,offensive,糞,サ変名詞,抽象物
寝小便,ねしょうべん,neshoben,offensive,小便,普通名詞,抽象物
のろま,のろま,noroma,offensive,のろま,ナ形容詞,
脳性麻痺,のうせいまひ,noseimahi,offensive,脳性麻痺,普通名詞,抽象物
脳死,のうし,noshi,offensive,[急即焼溺水病餓圧轢凍変獄戦爆憤若早犬他自仮壊脳致瀕]死,普通名詞,抽象物
野垂れ死に,のたれじに,notarejini,offensive,死[ぬにんす体骸亡没去者人刑罪産滅闘別霊],サ変名詞,抽象物
尿,にょう,nyo,offensive,尿,普通名詞,自然物
汚物,おぶつ,obutsu,offensive,sensitive_words_file,普通名詞,人工物-その他
おなら,おなら,onara,offensive,おなら,普通名詞,抽象物
鬼殺し,おにころし,onikoroshi,offensive,殺[すし人害意戮傷気伐生],普通名詞,人工物-食べ物
嘔吐,おうと,oto,offensive,嘔吐,サ変名詞,抽象物
拉致,らち,rachi,offensive,拉致,サ変名詞,抽象物
裸婦,らふ,rafu,offensive,裸婦,普通名詞,人
癩,らい,rai,offensive,^癩,普通名詞,抽象物
裸体,らたい,ratai,offensive,裸体,普通名詞,動物
轢死,れきし,rekishi,offensive,[急即焼溺水病餓圧轢凍変獄戦爆憤若早犬他自仮壊脳致瀕]死,サ変名詞,抽象物
利尿,りにょう,rinyo,offensive,尿,普通名詞,抽象物
聾者,ろうしゃ,rosha,offensive,聾,普通名詞,人
殺気,さっき,sakki,offensive,殺[すし人害意戮傷気伐生],普通名詞,抽象物
猿轡,さるぐつわ,sarugutsuwa,offensive,sensitive_words_file,普通名詞,人工物-その他
殺傷,さっしょう,sassho,offensive,殺[すし人害意戮傷気伐生],サ変名詞,抽象物
殺伐,さつばつ,satsubatsu,offensive,殺[すし人害意戮傷気伐生],普通名詞,抽象物
殺害,さつがい,satsugai,offensive,殺[すし人害意戮傷気伐生],サ変名詞,抽象物
殺意,さつい,satsui,offensive,殺[すし人害意戮傷気伐生],普通名詞,抽象物
殺人,さつじん,satsujin,offensive,殺[すし人害意戮傷気伐生],普通名詞,抽象物
殺戮,さつりく,satsuriku,offensive,殺[すし人害意戮傷気伐生],サ変名詞,抽象物
精液,せいえき,seieki,offensive,精液,普通名詞,自然物
性癖,せいへき,seiheki,offensive,性癖,普通名詞,抽象物
性器,せいき,seiki,offensive,性器,普通名詞,動物-部位
性交,せいこう,seiko,offensive,性交,サ変名詞,抽象物
精巣,せいそう,seiso,offensive,精巣,普通名詞,動物-部位
性欲,せいよく,seiyoku,offensive,性欲,普通名詞,抽象物
戦死,せんし,senshi,offensive,[急即焼溺水病餓圧轢凍変獄戦爆憤若早犬他自仮壊脳致瀕]死,サ変名詞,抽象物
殺生,せっしょう,sessho,offensive,殺[すし人害意戮傷気伐生],サ変名詞,抽象物
殺生,せっしょう,sessho,offensive,殺[すし人害意戮傷気伐生],ナ形容詞,
射殺,しゃさつ,shasatsu,offensive,[虐暗毒絞射刺惨爆銃他自]殺,サ変名詞,抽象物
射精,しゃせい,shasei,offensive,射精,サ変名詞,抽象物
死,し,shi,offensive,^死$,普通名詞,抽象物
死別,しべつ,shibetsu,offensive,死[ぬにんす体骸亡没去者人刑罪産滅闘別霊],サ変名詞,抽象物
死亡,しぼう,shibo,offensive,死[ぬにんす体骸亡没去者人刑罪産滅闘別霊],サ変名詞,抽象物
死没,しぼつ,shibotsu,offensive,死[ぬにんす体骸亡没去者人刑罪産滅闘別霊],サ変名詞,抽象物
死骸,しがい,shigai,offensive,死[ぬにんす体骸亡没去者人刑罪産滅闘別霊],普通名詞,動物-部位
虐げる,しいたげる,shiitageru,offensive,虐,動詞,
屍,しかばね,shikabane,offensive,屍,普通名詞,動物
死刑,しけい,shikei,offensive,死[ぬにんす体骸亡没去者人刑罪産滅闘別霊],普通名詞,抽象物
死去,しきょ,shikyo,offensive,死[ぬにんす体骸亡没去者人刑罪産滅闘別霊],サ変名詞,抽象物
死滅,しめつ,shimetsu,offensive,死[ぬにんす体骸亡没去者人刑罪産滅闘別霊],サ変名詞,抽象物
死に際,しにぎわ,shinigiwa,offensive,死[ぬにんす体骸亡没去者人刑罪産滅闘別霊],普通名詞,時間
死に目,しにめ,shinime,offensive,死[ぬにんす体骸亡没去者人刑罪産滅闘別霊],普通名詞,時間
死人,しにん,shinin,offensive,死[ぬにんす体骸亡没去者人刑罪産滅闘別霊],普通名詞,人
死に体,しにたい,shinitai,offensive,死[ぬにんす体骸亡没去者人刑罪産滅闘別霊],普通名詞,抽象物
身障,しんしょう,shinsho,offensive,身障,普通名詞,抽象物
死ぬ,しぬ,shinu,offensive,死[ぬにんす体骸亡没去者人刑罪産滅闘別霊],動詞,
屎尿,しにょう,shinyo,offensive,屎,普通名詞,自然物
死霊,しりょう,shiryo,offensive,死[ぬにんす体骸亡没去者人刑罪産滅闘別霊],普通名詞,人
刺殺,しさつ,shisatsu,offensive,[虐暗毒絞射刺惨爆銃他自]殺,サ変名詞,抽象物
私生児,しせいじ,shiseiji,offensive,私生児,普通名詞,人
死者,ししゃ,shisha,offensive,死[ぬにんす体骸亡没去者人刑罪産滅闘別霊],普通名詞,人
死す,しす,shisu,offensive,死[ぬにんす体骸亡没去者人刑罪産滅闘別霊],動詞,
死体,したい,shitai,offensive,死[ぬにんす体骸亡没去者人刑罪産滅闘別霊],普通名詞,動物
死闘,しとう,shito,offensive,死[ぬにんす体骸亡没去者人刑罪産滅闘別霊],サ変名詞,抽象物
死罪,しざい,shizai,offensive,死[ぬにんす体骸亡没去者人刑罪産滅闘別霊],普通名詞,抽象物
死産,しざん,shizan,offensive,死[ぬにんす体骸亡没去者人刑罪産滅闘別霊],サ変名詞,抽象物
小便,しょうべん,shoben,offensive,小便,サ変名詞,自然物
娼婦,しょうふ,shofu,offensive,娼,普通名詞,人
処刑,しょけい,shokei,offensive,処刑,サ変名詞,抽象物
焼死,しょうし,shoshi,offensive,[急即焼溺水病餓圧轢凍変獄戦爆憤若早犬他自仮壊脳致瀕]死,サ変名詞,抽象物
即死,そくし,sokushi,offensive,[急即焼溺水病餓圧轢凍変獄戦爆憤若早犬他自仮壊脳致瀕]死,サ変名詞,抽象物
水死,すいし,suishi,offensive,[急即焼溺水病餓圧轢凍変獄戦爆憤若早犬他自仮壊脳致瀕]死,サ変名詞,抽象物
大麻,たいま,taima,offensive,sensitive_words_file,普通名詞,植物;人工物-食べ物
痰,たん,tan,offensive,^痰$,普通名詞,抽象物
他殺,たさつ,tasatsu,offensive,[虐暗毒絞射刺惨爆銃他自]殺,サ変名詞,抽象物
糖尿,とうにょう,tonyo,offensive,尿,普通名詞,抽象物
凍死,とうし,toshi,offensive,[急即焼溺水病餓圧轢凍変獄戦爆憤若早犬他自仮壊脳致瀕]死,サ変名詞,抽象物
討ち死に,うちじに,uchijini,offensive,死[ぬにんす体骸亡没去者人刑罪産滅闘別霊],サ変名詞,抽象物
飢え死に,うえじに,uejini,offensive,死[ぬにんす体骸亡没去者人刑罪産滅闘別霊],サ変名詞,抽象物
蛆,うじ,uji,offensive,蛆,普通名詞,動物
蛆虫,うじむし,ujimushi,offensive,蛆,普通名詞,動物
猥褻,わいせつ,waisetsu,offensive,猥,ナ形容詞,
猥雑,わいざつ,waizatsu,offensive,猥,ナ形容詞,
若死に,わかじに,wakajini,offensive,死[ぬにんす体骸亡没去者人刑罪産滅闘別霊],サ変名詞,抽象物
やけくそ,やけくそ,yakekuso,offensive,やけくそ,ナ形容詞,
誘拐,ゆうかい,yukai,offensive,誘拐,サ変名詞,抽象物
残虐,ざんぎゃく,zangyaku,offensive,虐,ナ形容詞,
惨殺,ざんさつ,zansatsu,offensive,[虐暗毒絞射刺惨爆銃他自]殺,サ変名詞,抽象物
全裸,ぜんら,zenra,offensive,全裸,普通名詞,抽象物
あ,あ,a,pos_not_targeted,感動詞,感動詞,
アッ,あっ,a,pos_not_targeted,感動詞,感動詞,
あー,あー,a,pos_not_targeted,感動詞,感動詞,
ああ,ああ,aa,pos_not_targeted,感動詞,感動詞,
あーあ,あーあ,aa,pos_not_targeted,感動詞,感動詞,
あちこち,あちこち,achikochi,pos_not_targeted,副詞,副詞,
あちらこちら,あちらこちら,achirakochira,pos_not_targeted,副詞,副詞,
喘ぎ喘ぎ,あえぎあえぎ,aegiaegi,pos_not_targeted,副詞,副詞,
敢えて,あえて,aete,pos_not_targeted,副詞,副詞,
挙げ句,あげく,ageku,pos_not_targeted,副詞,副詞,
相変わらず,あいかわらず,aikawarazu,pos_not_targeted,副詞,副詞,
生憎,あいにく,ainiku,pos_not_targeted,副詞,副詞,
相次いで,あいついで,aitsuide,pos_not_targeted,副詞,副詞,
味な,あじな,ajina,pos_not_targeted,連体詞,連体詞,
赤々,あかあか,akaaka,pos_not_targeted,副詞,副詞,
あっけらかん,あっけらかん,akkerakan,pos_not_targeted,副詞,副詞,
あくまで,あくまで,akumade,pos_not_targeted,副詞,副詞,
あくまでも,あくまでも,akumademo,pos_not_targeted,副詞,副詞,
明くる,あくる,akuru,pos_not_targeted,連体詞,連体詞,
あくせく,あくせく,akuseku,pos_not_targeted,副詞,副詞,
遍く,あまねく,amaneku,pos_not_targeted,副詞,副詞,
余り,あまり,amari,pos_not_targeted,副詞,副詞,
余す所無く,あますところなく,amasutokoronaku,pos_not_targeted,副詞,副詞,
あながち,あながち,anagachi,pos_not_targeted,副詞,副詞,
案外,あんがい,angai,pos_not_targeted,副詞,副詞,
あんまり,あんまり,anmari,pos_not_targeted,副詞,副詞,
暗に,あんに,anni,pos_not_targeted,副詞,副詞,
案の定,あんのじょう,annojo,pos_not_targeted,副詞,副詞,
あのう,あのう,ano,pos_not_targeted,感動詞,感動詞,
青々,あおあお,aoao,pos_not_targeted,副詞,副詞,
あっぱれ,あっぱれ,appare,pos_not_targeted,感動詞,感動詞,
あっぷあっぷ,あっぷあっぷ,appuappu,pos_not_targeted,副詞,副詞,
洗い浚い,あらいざらい,araizarai,pos_not_targeted,副詞,副詞,
予め,あらかじめ,arakajime,pos_not_targeted,副詞,副詞,
あらかた,あらかた,arakata,pos_not_targeted,副詞,副詞,
有らん限り,あらんかぎり,arankagiri,pos_not_targeted,副詞,副詞,
改めて,あらためて,aratamete,pos_not_targeted,副詞,副詞,
あらゆる,あらゆる,arayuru,pos_not_targeted,連体詞,連体詞,
アレッ,あれっ,are,pos_not_targeted,感動詞,感動詞,
あれほど,あれほど,arehodo,pos_not_targeted,副詞,副詞,
あれこれ,あれこれ,arekore,pos_not_targeted,副詞,副詞,
あれよあれよ,あれよあれよ,areyoareyo,pos_not_targeted,感動詞,感動詞,
ありあり,ありあり,ariari,pos_not_targeted,副詞,副詞,
ありがとう,ありがとう,arigato,pos_not_targeted,感動詞,感動詞,
ありのまま,ありのまま,arinomama,pos_not_targeted,副詞,副詞,
ありとあらゆる,ありとあらゆる,aritoarayuru,pos_not_targeted,連体詞,連体詞,
ありったけ,ありったけ,arittake,pos_not_targeted,副詞,副詞,
ありったけ,ありったけ,arittake,pos_not_targeted,副詞,副詞,
或る,ある,aru,pos_not_targeted,連体詞,連体詞,
あるいは,あるいは,aruiha,pos_not_targeted,副詞,副詞,
あるまじき,あるまじき,arumajiki,pos_not_targeted,連体詞,連体詞,
ありゃ,ありゃ,arya,pos_not_targeted,感動詞,感動詞,
あしからず,あしからず,ashikarazu,pos_not_targeted,感動詞,感動詞,
足繁く,あししげく,ashishigeku,pos_not_targeted,副詞,副詞,
あっさり,あっさり,assari,pos_not_targeted,副詞,副詞,
あたふた,あたふた,atafuta,pos_not_targeted,副詞,副詞,
あたかも,あたかも,atakamo,pos_not_targeted,副詞,副詞,
頭から,あたまから,atamakara,pos_not_targeted,副詞,副詞,
あっちこっち,あっちこっち,atchikotchi,pos_not_targeted,副詞,副詞,
後にも先にも,あとにもさきにも,atonimosakinimo,pos_not_targeted,副詞,副詞,
哀れ,あわれ,aware,pos_not_targeted,感動詞,感動詞,
合わせて,あわせて,awasete,pos_not_targeted,副詞,副詞,
あわや,あわや,awaya,pos_not_targeted,副詞,副詞,
あわよくば,あわよくば,awayokuba,pos_not_targeted,副詞,副詞,
漠然,ばくぜん,bakuzen,pos_not_targeted,副詞,副詞,
万歳,ばんざい,banzai,pos_not_targeted,感動詞,感動詞,
バラバラ,ばらばら,barabara,pos_not_targeted,副詞,副詞,
バリバリ,ばりばり,baribari,pos_not_targeted,副詞,副詞,
バシっと,ばしっと,bashitto,pos_not_targeted,副詞,副詞,
場所柄,ばしょがら,bashogara,pos_not_targeted,副詞,副詞,
バッサリ,ばっさり,bassari,pos_not_targeted,副詞,副詞,
バッチリ,ばっちり,batchiri,pos_not_targeted,副詞,副詞,
バッタリ,ばったり,battari,pos_not_targeted,副詞,副詞,
ベラベラ,べらべら,berabera,pos_not_targeted,副詞,副詞,
ベタ,べた,beta,pos_not_targeted,副詞,副詞,
ベタベタ,べたべた,betabeta,pos_not_targeted,副詞,副詞,
ベトベト,べとべと,betobeto,pos_not_targeted,副詞,副詞,
別段,べつだん,betsudan,pos_not_targeted,副詞,副詞,
ベッタリ,べったり,bettari,pos_not_targeted,副詞,副詞,
ベットリ,べっとり,bettori,pos_not_targeted,副詞,副詞,
ビクビク,びくびく,bikubiku,pos_not_targeted,副詞,副詞,
ビクトモ,びくとも,bikutomo,pos_not_targeted,副詞,副詞,
ビリビリ,びりびり,biribiri,pos_not_targeted,副詞,副詞,
ビシビシ,びしびし,bishibishi,pos_not_targeted,副詞,副詞,
ビシッと,びしっと,bishitto,pos_not_targeted,副詞,副詞,
ビッシリ,びっしり,bisshiri,pos_not_targeted,副詞,副詞,
ビッショリ,びっしょり,bisshori,pos_not_targeted,副詞,副詞,
ボチボチ,ぼちぼち,bochibochi,pos_not_targeted,副詞,副詞,
ボンヤリ,ぼんやり,bonyari,pos_not_targeted,副詞,副詞,
ボロボロ,ぼろぼろ,boroboro,pos_not_targeted,副詞,副詞,
ボソボソ,ぼそぼそ,bosoboso,pos_not_targeted,副詞,副詞,
冒頭,ぼうとう,boto,pos_not_targeted,副詞,副詞,
ボツボツ,ぼつぼつ,botsubotsu,pos_not_targeted,副詞,副詞,
ぼうっと,ぼうっと,botto,pos_not_targeted,副詞,副詞,
ぼーっと,ぼーっと,botto,pos_not_targeted,副詞,副詞,
ボヤボヤ,ぼやぼや,boyaboya,pos_not_targeted,副詞,副詞,
ブラブラ,ぶらぶら,burabura,pos_not_targeted,副詞,副詞,
ブルブル,ぶるぶる,buruburu,pos_not_targeted,副詞,副詞,
ブツブツ,ぶつぶつ,butsubutsu,pos_not_targeted,副詞,副詞,
ちゃっかり,ちゃっかり,chakkari,pos_not_targeted,副詞,副詞,
着々,ちゃくちゃく,chakuchaku,pos_not_targeted,副詞,副詞,
ちゃんと,ちゃんと,chanto,pos_not_targeted,副詞,副詞,
チビチビ,ちびちび,chibichibi,pos_not_targeted,副詞,副詞,
ちえっ,ちえっ,chie,pos_not_targeted,感動詞,感動詞,
小さな,ちいさな,chiisana,pos_not_targeted,連体詞,連体詞,
小さな,ちいさな,chiisana,pos_not_targeted,連体詞,連体詞,
小さな,ちいさな,chiisana,pos_not_targeted,連体詞,連体詞,
近々,ちかぢか,chikajika,pos_not_targeted,副詞,副詞,
力一杯,ちからいっぱい,chikaraippai,pos_not_targeted,副詞,副詞,
逐一,ちくいち,chikuichi,pos_not_targeted,副詞,副詞,
逐次,ちくじ,chikuji,pos_not_targeted,副詞,副詞,
畜生,ちくしょう,chikusho,pos_not_targeted,感動詞,感動詞,
ちなみに,ちなみに,chinamini,pos_not_targeted,接続詞,接続詞,
チラチラ,ちらちら,chirachira,pos_not_targeted,副詞,副詞,
チラホラ,ちらほら,chirahora,pos_not_targeted,副詞,副詞,
チラリ,ちらり,chirari,pos_not_targeted,副詞,副詞,
ちらっと,ちらっと,chiratto,pos_not_targeted,副詞,副詞,
ちっとも,ちっとも,chittomo,pos_not_targeted,副詞,副詞,
チヤホヤ,ちやほや,chiyahoya,pos_not_targeted,副詞,副詞,
ちょびっと,ちょびっと,chobitto,pos_not_targeted,副詞,副詞,
丁度,ちょうど,chodo,pos_not_targeted,副詞,副詞,
ちょい,ちょい,choi,pos_not_targeted,副詞,副詞,
ちょいちょい,ちょいちょい,choichoi,pos_not_targeted,副詞,副詞,
ちょいと,ちょいと,choito,pos_not_targeted,副詞,副詞,
ちょっくら,ちょっくら,chokkura,pos_not_targeted,副詞,副詞,
ちょこちょこ,ちょこちょこ,chokochoko,pos_not_targeted,副詞,副詞,
ちょこんと,ちょこんと,chokonto,pos_not_targeted,副詞,副詞,
ちょこっと,ちょこっと,chokotto,pos_not_targeted,副詞,副詞,
ちょくちょく,ちょくちょく,chokuchoku,pos_not_targeted,副詞,副詞,
直接,ちょくせつ,chokusetsu,pos_not_targeted,副詞,副詞,
ちょっぴり,ちょっぴり,choppiri,pos_not_targeted,副詞,副詞,
ちょっと,ちょっと,chotto,pos_not_targeted,副詞,副詞,
ちょっと,ちょっと,chotto,pos_not_targeted,感動詞,感動詞,
ちょっとした,ちょっとした,chottoshita,pos_not_targeted,連体詞,連体詞,
超然,ちょうぜん,chozen,pos_not_targeted,副詞,副詞,
昼夜,ちゅうや,chuya,pos_not_targeted,副詞,副詞,
だが,だが,daga,pos_not_targeted,接続詞,接続詞,
大分,だいぶ,daibu,pos_not_targeted,副詞,副詞,
大部分,だいぶぶん,daibubun,pos_not_targeted,副詞,副詞,
だいいち,だいいち,daiichi,pos_not_targeted,副詞,副詞,
大なり小なり,だいなりしょうなり,dainarishonari,pos_not_targeted,副詞,副詞,
大の,だいの,daino,pos_not_targeted,連体詞,連体詞,
大至急,だいしきゅう,daishikyu,pos_not_targeted,副詞,副詞,
大それた,だいそれた,daisoreta,pos_not_targeted,連体詞,連体詞,
大体,だいたい,daitai,pos_not_targeted,副詞,副詞,
だから,だから,dakara,pos_not_targeted,接続詞,接続詞,
だからこそ,だからこそ,dakarakoso,pos_not_targeted,接続詞,接続詞,
だからと言って,だからといって,dakaratoitte,pos_not_targeted,接続詞,接続詞,
だけど,だけど,dakedo,pos_not_targeted,接続詞,接続詞,
だけども,だけども,dakedomo,pos_not_targeted,接続詞,接続詞,
段々,だんだん,dandan,pos_not_targeted,副詞,副詞,
断じて,だんじて,danjite,pos_not_targeted,副詞,副詞,
断固,だんこ,danko,pos_not_targeted,副詞,副詞,
断然,だんぜん,danzen,pos_not_targeted,副詞,副詞,
ダラダラ,だらだら,daradara,pos_not_targeted,副詞,副詞,
誰一人,だれひとり,darehitori,pos_not_targeted,副詞,副詞,
誰しも,だれしも,dareshimo,pos_not_targeted,副詞,副詞,
だって,だって,datte,pos_not_targeted,接続詞,接続詞,
で,で,de,pos_not_targeted,接続詞,接続詞,
出会い頭,であいがしら,deaigashira,pos_not_targeted,副詞,副詞,
では,では,deha,pos_not_targeted,接続詞,接続詞,
デカデカ,でかでか,dekadeka,pos_not_targeted,副詞,副詞,
でも,でも,demo,pos_not_targeted,接続詞,接続詞,
でないと,でないと,denaito,pos_not_targeted,接続詞,接続詞,
でなければ,でなければ,denakereba,pos_not_targeted,接続詞,接続詞,
デップリ,でっぷり,deppuri,pos_not_targeted,副詞,副詞,
ですが,ですが,desuga,pos_not_targeted,接続詞,接続詞,
ですから,ですから,desukara,pos_not_targeted,接続詞,接続詞,
ですけども,ですけども,desukedomo,pos_not_targeted,接続詞,接続詞,
ですけれど,ですけれど,desukeredo,pos_not_targeted,接続詞,接続詞,
ですけれども,ですけれども,desukeredomo,pos_not_targeted,接続詞,接続詞,
どだい,どだい,dodai,pos_not_targeted,副詞,副詞,
どうでも,どうでも,dodemo,pos_not_targeted,副詞,副詞,
堂々,どうどう,dodo,pos_not_targeted,副詞,副詞,
どぎまぎ,どぎまぎ,dogimagi,pos_not_targeted,副詞,副詞,
同時に,どうじに,dojini,pos_not_targeted,副詞,副詞,
どうか,どうか,doka,pos_not_targeted,副詞,副詞,
ドカドカ,どかどか,dokadoka,pos_not_targeted,副詞,副詞,
ドキドキ,どきどき,dokidoki,pos_not_targeted,副詞,副詞,
どっかり,どっかり,dokkari,pos_not_targeted,副詞,副詞,
どっこい,どっこい,dokkoi,pos_not_targeted,感動詞,感動詞,
どっこいしょ,どっこいしょ,dokkoisho,pos_not_targeted,感動詞,感動詞,
どうこう,どうこう,doko,pos_not_targeted,副詞,副詞,
どこまでも,どこまでも,dokomademo,pos_not_targeted,副詞,副詞,
どことなく,どことなく,dokotonaku,pos_not_targeted,副詞,副詞,
どうも,どうも,domo,pos_not_targeted,副詞,副詞,
どうも,どうも,domo,pos_not_targeted,感動詞,感動詞,
どない,どない,donai,pos_not_targeted,副詞,副詞,
ドンドン,どんどん,dondon,pos_not_targeted,副詞,副詞,
どうにでも,どうにでも,donidemo,pos_not_targeted,副詞,副詞,
どうにか,どうにか,donika,pos_not_targeted,副詞,副詞,
どうにも,どうにも,donimo,pos_not_targeted,副詞,副詞,
どうのこうの,どうのこうの,donokono,pos_not_targeted,副詞,副詞,
どのみち,どのみち,donomichi,pos_not_targeted,副詞,副詞,
ドンと,どんと,donto,pos_not_targeted,副詞,副詞,
どんより,どんより,donyori,pos_not_targeted,副詞,副詞,
どっぷり,どっぷり,doppuri,pos_not_targeted,副詞,副詞,
どら,どら,dora,pos_not_targeted,感動詞,感動詞,
どれ,どれ,dore,pos_not_targeted,感動詞,感動詞,
どれほど,どれほど,dorehodo,pos_not_targeted,副詞,副詞,
道理で,どうりで,doride,pos_not_targeted,副詞,副詞,
どさくさ,どさくさ,dosakusa,pos_not_targeted,副詞,副詞,
どうせ,どうせ,dose,pos_not_targeted,副詞,副詞,
ドシドシ,どしどし,doshidoshi,pos_not_targeted,副詞,副詞,
どうして,どうして,doshite,pos_not_targeted,副詞,副詞,
どうしても,どうしても,doshitemo,pos_not_targeted,副詞,副詞,
どっさり,どっさり,dossari,pos_not_targeted,副詞,副詞,
どっしり,どっしり,dosshiri,pos_not_targeted,副詞,副詞,
ドスン,どすん,dosun,pos_not_targeted,副詞,副詞,
ドタバタ,どたばた,dotabata,pos_not_targeted,副詞,副詞,
どっちみち,どっちみち,dotchimichi,pos_not_targeted,副詞,副詞,
ドッと,どっと,dotto,pos_not_targeted,副詞,副詞,
ドヤドヤ,どやどや,doyadoya,pos_not_targeted,副詞,副詞,
どうやら,どうやら,doyara,pos_not_targeted,副詞,副詞,
どうぞ,どうぞ,dozo,pos_not_targeted,副詞,副詞,
エッ,えっ,e,pos_not_targeted,感動詞,感動詞,
えー,えー,e,pos_not_targeted,感動詞,感動詞,
えーっ,えーっ,e,pos_not_targeted,感動詞,感動詞,
ええ,ええ,ee,pos_not_targeted,感動詞,感動詞,
鋭意,えいい,eii,pos_not_targeted,副詞,副詞,
延々,えんえん,enen,pos_not_targeted,副詞,副詞,
得体の知れない,えたいのしれない,etainoshirenai,pos_not_targeted,連体詞,連体詞,
得てして,えてして,eteshite,pos_not_targeted,副詞,副詞,
フウフウ,ふうふう,fufu,pos_not_targeted,副詞,副詞,
ふっくら,ふっくら,fukkura,pos_not_targeted,副詞,副詞,
ふーむ,ふーむ,fumu,pos_not_targeted,感動詞,感動詞,
ふーん,ふーん,fun,pos_not_targeted,感動詞,感動詞,
憤然,ふんぜん,funzen,pos_not_targeted,副詞,副詞,
フラフラ,ふらふら,furafura,pos_not_targeted,副詞,副詞,
古くから,ふるくから,furukukara,pos_not_targeted,副詞,副詞,
奮って,ふるって,furutte,pos_not_targeted,副詞,副詞,
フサフサ,ふさふさ,fusafusa,pos_not_targeted,副詞,副詞,
再び,ふたたび,futatabi,pos_not_targeted,副詞,副詞,
ふと,ふと,futo,pos_not_targeted,副詞,副詞,
ふとした,ふとした,futoshita,pos_not_targeted,連体詞,連体詞,
普通,ふつう,futsu,pos_not_targeted,副詞,副詞,
フッと,ふっと,futto,pos_not_targeted,副詞,副詞,
フワフワ,ふわふわ,fuwafuwa,pos_not_targeted,副詞,副詞,
ふわり,ふわり,fuwari,pos_not_targeted,副詞,副詞,
ふわり,ふわり,fuwari,pos_not_targeted,副詞,副詞,
が,が,ga,pos_not_targeted,接続詞,接続詞,
ガチガチ,がちがち,gachigachi,pos_not_targeted,副詞,副詞,
概して,がいして,gaishite,pos_not_targeted,副詞,副詞,
ガッカリ,がっかり,gakkari,pos_not_targeted,副詞,副詞,
ガックリ,がっくり,gakkuri,pos_not_targeted,副詞,副詞,
ガクン,がくん,gakun,pos_not_targeted,副詞,副詞,
ガミガミ,がみがみ,gamigami,pos_not_targeted,副詞,副詞,
元来,がんらい,ganrai,pos_not_targeted,副詞,副詞,
頑として,がんとして,gantoshite,pos_not_targeted,副詞,副詞,
ガップリ,がっぷり,gappuri,pos_not_targeted,副詞,副詞,
ガランと,がらんと,garanto,pos_not_targeted,副詞,副詞,
ガラリ,がらり,garari,pos_not_targeted,副詞,副詞,
ガッシリ,がっしり,gasshiri,pos_not_targeted,副詞,副詞,
がたがた,がたがた,gatagata,pos_not_targeted,副詞,副詞,
ガッチリ,がっちり,gatchiri,pos_not_targeted,副詞,副詞,
ガツガツ,がつがつ,gatsugatsu,pos_not_targeted,副詞,副詞,
ガヤガヤ,がやがや,gayagaya,pos_not_targeted,副詞,副詞,
俄然,がぜん,gazen,pos_not_targeted,副詞,副詞,
げっ,げっ,ge,pos_not_targeted,感動詞,感動詞,
現金な,げんきんな,genkinna,pos_not_targeted,連体詞,連体詞,
厳に,げんに,genni,pos_not_targeted,副詞,副詞,
現に,げんに,genni,pos_not_targeted,副詞,副詞,
原則として,げんそくとして,gensokutoshite,pos_not_targeted,副詞,副詞,
厳然,げんぜん,genzen,pos_not_targeted,副詞,副詞,
ゲッソリ,げっそり,gessori,pos_not_targeted,副詞,副詞,
ギクリと,ぎくりと,gikurito,pos_not_targeted,副詞,副詞,
ギクシャク,ぎくしゃく,gikushaku,pos_not_targeted,副詞,副詞,
ギラギラ,ぎらぎら,giragira,pos_not_targeted,副詞,副詞,
ギリギリ,ぎりぎり,girigiri,pos_not_targeted,副詞,副詞,
ギッシリ,ぎっしり,gisshiri,pos_not_targeted,副詞,副詞,
御馳走様,ごちそうさま,gochisosama,pos_not_targeted,感動詞,感動詞,
御機嫌好う,ごきげんよう,gokigenyo,pos_not_targeted,感動詞,感動詞,
極,ごく,goku,pos_not_targeted,副詞,副詞,
ごくごく,ごくごく,gokugoku,pos_not_targeted,副詞,副詞,
ゴクリ,ごくり,gokuri,pos_not_targeted,副詞,副詞,
御免,ごめん,gomen,pos_not_targeted,感動詞,感動詞,
御免なさい,ごめんなさい,gomennasai,pos_not_targeted,感動詞,感動詞,
ゴロゴロ,ごろごろ,gorogoro,pos_not_targeted,副詞,副詞,
ゴロリ,ごろり,gorori,pos_not_targeted,副詞,副詞,
ごっそり,ごっそり,gossori,pos_not_targeted,副詞,副詞,
ゴタゴタ,ごたごた,gotagota,pos_not_targeted,副詞,副詞,
ゴテゴテ,ごてごて,gotegote,pos_not_targeted,副詞,副詞,
ゴツゴツ,ごつごつ,gotsugotsu,pos_not_targeted,副詞,副詞,
グイグイ,ぐいぐい,guigui,pos_not_targeted,副詞,副詞,
グングン,ぐんぐん,gungun,pos_not_targeted,副詞,副詞,
グンと,ぐんと,gunto,pos_not_targeted,副詞,副詞,
グラグラ,ぐらぐら,guragura,pos_not_targeted,副詞,副詞,
グルグル,ぐるぐる,guruguru,pos_not_targeted,副詞,副詞,
グルリ,ぐるり,gururi,pos_not_targeted,副詞,副詞,
グルッと,ぐるっと,gurutto,pos_not_targeted,副詞,副詞,
グサリ,ぐさり,gusari,pos_not_targeted,副詞,副詞,
グッショリ,ぐっしょり,gusshori,pos_not_targeted,副詞,副詞,
グッスリ,ぐっすり,gussuri,pos_not_targeted,副詞,副詞,
グッタリ,ぐったり,guttari,pos_not_targeted,副詞,副詞,
グッと,ぐっと,gutto,pos_not_targeted,副詞,副詞,
偶然,ぐうぜん,guzen,pos_not_targeted,副詞,副詞,
グズグズ,ぐずぐず,guzuguzu,pos_not_targeted,副詞,副詞,
ぎょっと,ぎょっと,gyotto,pos_not_targeted,副詞,副詞,
ぎゅっと,ぎゅっと,gyutto,pos_not_targeted,副詞,副詞,
ハアハア,はあはあ,haahaa,pos_not_targeted,副詞,副詞,
はい,はい,hai,pos_not_targeted,感動詞,感動詞,
拝復,はいふく,haifuku,pos_not_targeted,感動詞,感動詞,
拝啓,はいけい,haikei,pos_not_targeted,感動詞,感動詞,
初めて,はじめて,hajimete,pos_not_targeted,副詞,副詞,
図らずも,はからずも,hakarazumo,pos_not_targeted,副詞,副詞,
ハキハキ,はきはき,hakihaki,pos_not_targeted,副詞,副詞,
ハッキリ,はっきり,hakkiri,pos_not_targeted,副詞,副詞,
花々と,はなばなと,hanabanato,pos_not_targeted,副詞,副詞,
甚だ,はなはだ,hanahada,pos_not_targeted,副詞,副詞,
反面,はんめん,hanmen,pos_not_targeted,副詞,副詞,
ハラハラ,はらはら,harahara,pos_not_targeted,副詞,副詞,
晴れ晴れ,はればれ,harebare,pos_not_targeted,副詞,副詞,
晴れの,はれの,hareno,pos_not_targeted,連体詞,連体詞,
ハロー,はろー,haro,pos_not_targeted,感動詞,感動詞,
はるばる,はるばる,harubaru,pos_not_targeted,副詞,副詞,
はたまた,はたまた,hatamata,pos_not_targeted,接続詞,接続詞,
果たして,はたして,hatashite,pos_not_targeted,副詞,副詞,
はたと,はたと,hatato,pos_not_targeted,副詞,副詞,
はて,はて,hate,pos_not_targeted,感動詞,感動詞,
果ては,はては,hateha,pos_not_targeted,副詞,副詞,
ハツラツ,はつらつ,hatsuratsu,pos_not_targeted,副詞,副詞,
ハッと,はっと,hatto,pos_not_targeted,副詞,副詞,
早々,はやばや,hayabaya,pos_not_targeted,副詞,副詞,
早い話が,はやいはなしが,hayaihanashiga,pos_not_targeted,副詞,副詞,
早くも,はやくも,hayakumo,pos_not_targeted,副詞,副詞,
恥ずべき,はずべき,hazubeki,pos_not_targeted,連体詞,連体詞,
へぇ,へぇ,hee,pos_not_targeted,感動詞,感動詞,
へえ,へえ,hee,pos_not_targeted,感動詞,感動詞,
平常,へいじょう,heijo,pos_not_targeted,副詞,副詞,
平然,へいぜん,heizen,pos_not_targeted,副詞,副詞,
ヘナヘナ,へなへな,henahena,pos_not_targeted,副詞,副詞,
ヘラヘラ,へらへら,herahera,pos_not_targeted,副詞,副詞,
冷え冷え,ひえびえ,hiebie,pos_not_targeted,副詞,副詞,
日一日,ひいちにち,hiichinichi,pos_not_targeted,副詞,副詞,
ひいては,ひいては,hiiteha,pos_not_targeted,副詞,副詞,
比較的,ひかくてき,hikakuteki,pos_not_targeted,副詞,副詞,
日増しに,ひましに,himashini,pos_not_targeted,副詞,副詞,
日に日に,ひにひに,hinihini,pos_not_targeted,副詞,副詞,
頻々,ひんぴん,hinpin,pos_not_targeted,副詞,副詞,
ひんやり,ひんやり,hinyari,pos_not_targeted,副詞,副詞,
ヒラヒラ,ひらひら,hirahira,pos_not_targeted,副詞,副詞,
平に,ひらに,hirani,pos_not_targeted,副詞,副詞,
ヒラリ,ひらり,hirari,pos_not_targeted,副詞,副詞,
ヒリヒリ,ひりひり,hirihiri,pos_not_targeted,副詞,副詞,
広々,ひろびろ,hirobiro,pos_not_targeted,副詞,副詞,
翻って,ひるがえって,hirugaette,pos_not_targeted,副詞,副詞,
久々,ひさびさ,hisabisa,pos_not_targeted,副詞,副詞,
ヒシヒシ,ひしひし,hishihishi,pos_not_targeted,副詞,副詞,
ひしと,ひしと,hishito,pos_not_targeted,副詞,副詞,
ヒソヒソ,ひそひそ,hisohiso,pos_not_targeted,副詞,副詞,
ひっそり,ひっそり,hissori,pos_not_targeted,副詞,副詞,
ヒタヒタ,ひたひた,hitahita,pos_not_targeted,副詞,副詞,
ひたすら,ひたすら,hitasura,pos_not_targeted,副詞,副詞,
ひとえに,ひとえに,hitoeni,pos_not_targeted,副詞,副詞,
人一倍,ひといちばい,hitoichibai,pos_not_targeted,副詞,副詞,
ひとかたならぬ,ひとかたならぬ,hitokatanaranu,pos_not_targeted,連体詞,連体詞,
ひときわ,ひときわ,hitokiwa,pos_not_targeted,副詞,副詞,
ひとまず,ひとまず,hitomazu,pos_not_targeted,副詞,副詞,
一目,ひとめ,hitome,pos_not_targeted,副詞,副詞,
一思いに,ひとおもいに,hitomoini,pos_not_targeted,副詞,副詞,
独り,ひとり,hitori,pos_not_targeted,副詞,副詞,
ひとりでに,ひとりでに,hitorideni,pos_not_targeted,副詞,副詞,
一人一人,ひとりひとり,hitorihitori,pos_not_targeted,副詞,副詞,
ひとしきり,ひとしきり,hitoshikiri,pos_not_targeted,副詞,副詞,
ひとしお,ひとしお,hitoshio,pos_not_targeted,副詞,副詞,
人知れぬ,ひとしれぬ,hitoshirenu,pos_not_targeted,連体詞,連体詞,
人知れず,ひとしれず,hitoshirezu,pos_not_targeted,副詞,副詞,
ひとたび,ひとたび,hitotabi,pos_not_targeted,副詞,副詞,
一通り,ひととおり,hitotori,pos_not_targeted,副詞,副詞,
一つ一つ,ひとつひとつ,hitotsuhitotsu,pos_not_targeted,副詞,副詞,
一つには,ひとつには,hitotsuniha,pos_not_targeted,副詞,副詞,
冷や冷や,ひやひや,hiyahiya,pos_not_targeted,副詞,副詞,
ヒヤリ,ひやり,hiyari,pos_not_targeted,副詞,副詞,
ほう,ほう,ho,pos_not_targeted,感動詞,感動詞,
ホッ,ほっ,ho,pos_not_targeted,副詞,副詞,
方々,ほうぼう,hobo,pos_not_targeted,副詞,副詞,
ほぼ,ほぼ,hobo,pos_not_targeted,副詞,副詞,
程無く,ほどなく,hodonaku,pos_not_targeted,副詞,副詞,
ほほ,ほほ,hoho,pos_not_targeted,感動詞,感動詞,
ホカホカ,ほかほか,hokahoka,pos_not_targeted,副詞,副詞,
ホクホク,ほくほく,hokuhoku,pos_not_targeted,副詞,副詞,
ほんで,ほんで,honde,pos_not_targeted,副詞,副詞,
ほんの,ほんの,honno,pos_not_targeted,連体詞,連体詞,
ほんのり,ほんのり,honnori,pos_not_targeted,副詞,副詞,
ほのぼの,ほのぼの,honobono,pos_not_targeted,副詞,副詞,
本来,ほんらい,honrai,pos_not_targeted,副詞,副詞,
ホンワカ,ほんわか,honwaka,pos_not_targeted,副詞,副詞,
ほら,ほら,hora,pos_not_targeted,感動詞,感動詞,
惚れ惚れ,ほれぼれ,horebore,pos_not_targeted,副詞,副詞,
ホロホロ,ほろほろ,horohoro,pos_not_targeted,副詞,副詞,
細々,ほそぼそ,hosoboso,pos_not_targeted,副詞,副詞,
ほっそり,ほっそり,hossori,pos_not_targeted,副詞,副詞,
ほとほと,ほとほと,hotohoto,pos_not_targeted,副詞,副詞,
殆んど,ほとんど,hotondo,pos_not_targeted,副詞,副詞,
ホッと,ほっと,hotto,pos_not_targeted,副詞,副詞,
ひょいと,ひょいと,hyoito,pos_not_targeted,副詞,副詞,
ひょっこり,ひょっこり,hyokkori,pos_not_targeted,副詞,副詞,
ひょんな,ひょんな,hyonna,pos_not_targeted,連体詞,連体詞,
ひょっとしたら,ひょっとしたら,hyottoshitara,pos_not_targeted,副詞,副詞,
ひょっとして,ひょっとして,hyottoshite,pos_not_targeted,副詞,副詞,
ひょっとすると,ひょっとすると,hyottosuruto,pos_not_targeted,副詞,副詞,
一番,いちばん,ichiban,pos_not_targeted,副詞,副詞,
一度に,いちどに,ichidoni,pos_not_targeted,副詞,副詞,
一円,いちえん,ichien,pos_not_targeted,副詞,副詞,
一概に,いちがいに,ichigaini,pos_not_targeted,副詞,副詞,
いち早く,いちはやく,ichihayaku,pos_not_targeted,副詞,副詞,
いちいち,いちいち,ichiichi,pos_not_targeted,副詞,副詞,
一面,いちめん,ichimen,pos_not_targeted,副詞,副詞,
一目散に,いちもくさんに,ichimokusanni,pos_not_targeted,副詞,副詞,
一応,いちおう,ichio,pos_not_targeted,副詞,副詞,
一連の,いちれんの,ichirenno,pos_not_targeted,連体詞,連体詞,
一路,いちろ,ichiro,pos_not_targeted,副詞,副詞,
一躍,いちやく,ichiyaku,pos_not_targeted,副詞,副詞,
いえ,いえ,ie,pos_not_targeted,感動詞,感動詞,
イエス,いえす,iesu,pos_not_targeted,感動詞,感動詞,
威風堂々,いふうどうどう,ifudodo,pos_not_targeted,副詞,副詞,
いいえ,いいえ,iie,pos_not_targeted,感動詞,感動詞,
好い加減,いいかげん,iikagen,pos_not_targeted,副詞,副詞,
意地でも,いじでも,ijidemo,pos_not_targeted,副詞,副詞,
以上,いじょう,ijo,pos_not_targeted,副詞,副詞,
以下,いか,ika,pos_not_targeted,副詞,副詞,
如何,いかが,ikaga,pos_not_targeted,副詞,副詞,
如何程,いかほど,ikahodo,pos_not_targeted,副詞,副詞,
いかなる,いかなる,ikanaru,pos_not_targeted,連体詞,連体詞,
如何に,いかに,ikani,pos_not_targeted,副詞,副詞,
如何にも,いかにも,ikanimo,pos_not_targeted,副詞,副詞,
生き生き,いきいき,ikiiki,pos_not_targeted,副詞,副詞,
いきなり,いきなり,ikinari,pos_not_targeted,副詞,副詞,
勢い,いきおい,ikioi,pos_not_targeted,副詞,副詞,
息せききって,いきせききって,ikisekikitte,pos_not_targeted,副詞,副詞,
意気揚々,いきようよう,ikiyoyo,pos_not_targeted,副詞,副詞,
一見,いっけん,ikken,pos_not_targeted,副詞,副詞,
一気呵成,いっきかせい,ikkikasei,pos_not_targeted,副詞,副詞,
一向に,いっこうに,ikkoni,pos_not_targeted,副詞,副詞,
幾分,いくぶん,ikubun,pos_not_targeted,副詞,副詞,
幾重にも,いくえにも,ikuenimo,pos_not_targeted,副詞,副詞,
幾ら,いくら,ikura,pos_not_targeted,副詞,副詞,
幾らか,いくらか,ikuraka,pos_not_targeted,副詞,副詞,
幾らも,いくらも,ikuramo,pos_not_targeted,副詞,副詞,
幾多,いくた,ikuta,pos_not_targeted,副詞,副詞,
幾たび,いくたび,ikutabi,pos_not_targeted,副詞,副詞,
いまだ,いまだ,imada,pos_not_targeted,副詞,副詞,
いまだかつて,いまだかつて,imadakatsute,pos_not_targeted,副詞,副詞,
いまだに,いまだに,imadani,pos_not_targeted,副詞,副詞,
今では,いまでは,imadeha,pos_not_targeted,副詞,副詞,
今一つ,いまひとつ,imahitotsu,pos_not_targeted,副詞,副詞,
今も尚,いまもなお,imamonao,pos_not_targeted,副詞,副詞,
今以って,いまもって,imamotte,pos_not_targeted,副詞,副詞,
今尚,いまなお,imanao,pos_not_targeted,副詞,副詞,
今に,いまに,imani,pos_not_targeted,副詞,副詞,
今にも,いまにも,imanimo,pos_not_targeted,副詞,副詞,
今更,いまさら,imasara,pos_not_targeted,副詞,副詞,
今し方,いましがた,imashigata,pos_not_targeted,副詞,副詞,
今しも,いましも,imashimo,pos_not_targeted,副詞,副詞,
いま少し,いますこし,imasukoshi,pos_not_targeted,副詞,副詞,
今や,いまや,imaya,pos_not_targeted,副詞,副詞,
いみじくも,いみじくも,imijikumo,pos_not_targeted,副詞,副詞,
否,いな,ina,pos_not_targeted,感動詞,感動詞,
陰に,いんに,inni,pos_not_targeted,副詞,副詞,
命辛々,いのちからがら,inochikaragara,pos_not_targeted,副詞,副詞,
一杯,いっぱい,ippai,pos_not_targeted,副詞,副詞,
一般に,いっぱんに,ippanni,pos_not_targeted,副詞,副詞,
一遍に,いっぺんに,ippenni,pos_not_targeted,副詞,副詞,
一筆啓上,いっぴつけいじょう,ippitsukeijo,pos_not_targeted,感動詞,感動詞,
一方,いっぽう,ippo,pos_not_targeted,接続詞,接続詞,
一歩一歩,いっぽいっぽ,ippoippo,pos_not_targeted,副詞,副詞,
苛々,いらいら,iraira,pos_not_targeted,副詞,副詞,
いらっしゃい,いらっしゃい,irasshai,pos_not_targeted,感動詞,感動詞,
入れ替わり立ち替わり,いれかわりたちかわり,irekawaritachikawari,pos_not_targeted,副詞,副詞,
色々,いろいろ,iroiro,pos_not_targeted,副詞,副詞,
いろんな,いろんな,ironna,pos_not_targeted,連体詞,連体詞,
色好い,いろよい,iroyoi,pos_not_targeted,連体詞,連体詞,
いささか,いささか,isasaka,pos_not_targeted,副詞,副詞,
急がば,いそがば,isogaba,pos_not_targeted,副詞,副詞,
いそいそ,いそいそ,isoiso,pos_not_targeted,副詞,副詞,
一切,いっさい,issai,pos_not_targeted,副詞,副詞,
一切合財,いっさいがっさい,issaigassai,pos_not_targeted,副詞,副詞,
一心に,いっしんに,isshinni,pos_not_targeted,副詞,副詞,
一種,いっしゅ,isshu,pos_not_targeted,副詞,副詞,
一瞬,いっしゅん,isshun,pos_not_targeted,副詞,副詞,
一瞬にして,いっしゅんにして,isshunnishite,pos_not_targeted,副詞,副詞,
いっそ,いっそ,isso,pos_not_targeted,副詞,副詞,
一層,いっそう,isso,pos_not_targeted,副詞,副詞,
いっその事,いっそのこと,issonokoto,pos_not_targeted,副詞,副詞,
至らぬ,いたらぬ,itaranu,pos_not_targeted,連体詞,連体詞,
至る所,いたるところ,itarutokoro,pos_not_targeted,副詞,副詞,
至って,いたって,itatte,pos_not_targeted,副詞,副詞,
いとも,いとも,itomo,pos_not_targeted,副詞,副詞,
何時でも,いつでも,itsudemo,pos_not_targeted,副詞,副詞,
何時か,いつか,itsuka,pos_not_targeted,副詞,副詞,
何時迄,いつまで,itsumade,pos_not_targeted,副詞,副詞,
何時迄も,いつまでも,itsumademo,pos_not_targeted,副詞,副詞,
何時も,いつも,itsumo,pos_not_targeted,副詞,副詞,
何時何時,いつなんどき,itsunandoki,pos_not_targeted,副詞,副詞,
何時の間に,いつのまに,itsunomani,pos_not_targeted,副詞,副詞,
何時の間にか,いつのまにか,itsunomanika,pos_not_targeted,副詞,副詞,
何時しか,いつしか,itsushika,pos_not_targeted,副詞,副詞,
何時ぞや,いつぞや,itsuzoya,pos_not_targeted,副詞,副詞,
一体,いったい,ittai,pos_not_targeted,副詞,副詞,
一体全体,いったいぜんたい,ittaizentai,pos_not_targeted,副詞,副詞,
一旦,いったん,ittan,pos_not_targeted,副詞,副詞,
言わば,いわば,iwaba,pos_not_targeted,副詞,副詞,
言わん許り,いわんばかり,iwanbakari,pos_not_targeted,副詞,副詞,
いわんや,いわんや,iwanya,pos_not_targeted,副詞,副詞,
いわゆる,いわゆる,iwayuru,pos_not_targeted,連体詞,連体詞,
いや,いや,iya,pos_not_targeted,感動詞,感動詞,
弥が上にも,いやがうえにも,iyagauenimo,pos_not_targeted,副詞,副詞,
いやはや,いやはや,iyahaya,pos_not_targeted,感動詞,感動詞,
いやいや,いやいや,iyaiya,pos_not_targeted,感動詞,感動詞,
嫌々,いやいや,iyaiya,pos_not_targeted,副詞,副詞,
いやしくも,いやしくも,iyashikumo,pos_not_targeted,副詞,副詞,
嫌という程,いやというほど,iyatoiuhodo,pos_not_targeted,副詞,副詞,
いよいよ,いよいよ,iyoiyo,pos_not_targeted,副詞,副詞,
いざ,いざ,iza,pos_not_targeted,副詞,副詞,
いざ,いざ,iza,pos_not_targeted,感動詞,感動詞,
依然,いぜん,izen,pos_not_targeted,副詞,副詞,
いずれ,いずれ,izure,pos_not_targeted,副詞,副詞,
じゃ,じゃ,ja,pos_not_targeted,感動詞,感動詞,
じゃあ,じゃあ,jaa,pos_not_targeted,感動詞,感動詞,
ジャブジャブ,じゃぶじゃぶ,jabujabu,pos_not_targeted,副詞,副詞,
若干,じゃっかん,jakkan,pos_not_targeted,副詞,副詞,
時々刻々,じじこっこく,jijikokkoku,pos_not_targeted,副詞,副詞,
事実,じじつ,jijitsu,pos_not_targeted,副詞,副詞,
じかに,じかに,jikani,pos_not_targeted,副詞,副詞,
じき,じき,jiki,pos_not_targeted,副詞,副詞,
直々,じきじき,jikijiki,pos_not_targeted,副詞,副詞,
じきに,じきに,jikini,pos_not_targeted,副詞,副詞,
ジックリ,じっくり,jikkuri,pos_not_targeted,副詞,副詞,
ジメジメ,じめじめ,jimejime,pos_not_targeted,副詞,副詞,
ジリジリ,じりじり,jirijiri,pos_not_targeted,副詞,副詞,
ジロジロ,じろじろ,jirojiro,pos_not_targeted,副詞,副詞,
時節柄,じせつがら,jisetsugara,pos_not_targeted,副詞,副詞,
実際,じっさい,jissai,pos_not_targeted,副詞,副詞,
ジタバタ,じたばた,jitabata,pos_not_targeted,副詞,副詞,
自他共,じたとも,jitatomo,pos_not_targeted,副詞,副詞,
ジトジト,じとじと,jitojito,pos_not_targeted,副詞,副詞,
実は,じつは,jitsuha,pos_not_targeted,副詞,副詞,
実に,じつに,jitsuni,pos_not_targeted,副詞,副詞,
実の,じつの,jitsuno,pos_not_targeted,連体詞,連体詞,
実の所,じつのところ,jitsunotokoro,pos_not_targeted,副詞,副詞,
ジッと,じっと,jitto,pos_not_targeted,副詞,副詞,
ジットリ,じっとり,jittori,pos_not_targeted,副詞,副詞,
ジワジワ,じわじわ,jiwajiwa,pos_not_targeted,副詞,副詞,
ジワっと,じわっと,jiwatto,pos_not_targeted,副詞,副詞,
徐々に,じょじょに,jojoni,pos_not_targeted,副詞,副詞,
十分,じゅうぶん,jubun,pos_not_targeted,副詞,副詞,
重々,じゅうじゅう,juju,pos_not_targeted,副詞,副詞,
順次,じゅんじ,junji,pos_not_targeted,副詞,副詞,
順々,じゅんじゅん,junjun,pos_not_targeted,副詞,副詞,
十中八九,じゅっちゅうはっく,jutchuhakku,pos_not_targeted,副詞,副詞,
カチンカチン,かちんかちん,kachinkachin,pos_not_targeted,副詞,副詞,
返す返す,かえすがえす,kaesugaesu,pos_not_targeted,副詞,副詞,
却って,かえって,kaette,pos_not_targeted,副詞,副詞,
陰乍ら,かげながら,kagenagara,pos_not_targeted,副詞,副詞,
開口一番,かいこういちばん,kaikoichiban,pos_not_targeted,副詞,副詞,
皆目,かいもく,kaimoku,pos_not_targeted,副詞,副詞,
かかる,かかる,kakaru,pos_not_targeted,連体詞,連体詞,
掛け替えの無い,かけがえのない,kakegaenonai,pos_not_targeted,連体詞,連体詞,
カッカ,かっか,kakka,pos_not_targeted,副詞,副詞,
格別,かくべつ,kakubetsu,pos_not_targeted,副詞,副詞,
格段,かくだん,kakudan,pos_not_targeted,副詞,副詞,
各自,かくじ,kakuji,pos_not_targeted,副詞,副詞,
各人,かくじん,kakujin,pos_not_targeted,副詞,副詞,
かくも,かくも,kakumo,pos_not_targeted,副詞,副詞,
かくして,かくして,kakushite,pos_not_targeted,副詞,副詞,
各種の,かくしゅの,kakushuno,pos_not_targeted,連体詞,連体詞,
確たる,かくたる,kakutaru,pos_not_targeted,連体詞,連体詞,
かくて,かくて,kakute,pos_not_targeted,副詞,副詞,
可及的,かきゅうてき,kakyuteki,pos_not_targeted,副詞,副詞,
必ず,かならず,kanarazu,pos_not_targeted,副詞,副詞,
必ずしも,かならずしも,kanarazushimo,pos_not_targeted,副詞,副詞,
必ずや,かならずや,kanarazuya,pos_not_targeted,副詞,副詞,
かなり,かなり,kanari,pos_not_targeted,副詞,副詞,
かねがね,かねがね,kanegane,pos_not_targeted,副詞,副詞,
かねて,かねて,kanete,pos_not_targeted,副詞,副詞,
間髪を入れず,かんはつをいれず,kanhatsuoirezu,pos_not_targeted,副詞,副詞,
堪忍,かんにん,kannin,pos_not_targeted,感動詞,感動詞,
かの,かの,kano,pos_not_targeted,連体詞,連体詞,
からきし,からきし,karakishi,pos_not_targeted,副詞,副詞,
からっきし,からっきし,karakkishi,pos_not_targeted,副詞,副詞,
辛くも,からくも,karakumo,pos_not_targeted,副詞,副詞,
カラリ,からり,karari,pos_not_targeted,副詞,副詞,
カラッと,からっと,karatto,pos_not_targeted,副詞,副詞,
かれこれ,かれこれ,karekore,pos_not_targeted,副詞,副詞,
仮に,かりに,karini,pos_not_targeted,副詞,副詞,
仮にも,かりにも,karinimo,pos_not_targeted,副詞,副詞,
辛うじて,かろうじて,karojite,pos_not_targeted,副詞,副詞,
軽々,かるがる,karugaru,pos_not_targeted,副詞,副詞,
重ね重ね,かさねがさね,kasanegasane,pos_not_targeted,副詞,副詞,
重ねて,かさねて,kasanete,pos_not_targeted,副詞,副詞,
カタカタ,かたかた,katakata,pos_not_targeted,副詞,副詞,
片っ端から,かたっぱしから,katappashikara,pos_not_targeted,副詞,副詞,
片や,かたや,kataya,pos_not_targeted,副詞,副詞,
かっちり,かっちり,katchiri,pos_not_targeted,副詞,副詞,
かといって,かといって,katoitte,pos_not_targeted,接続詞,接続詞,
且つ,かつ,katsu,pos_not_targeted,接続詞,接続詞,
かつて,かつて,katsute,pos_not_targeted,副詞,副詞,
代わる代わる,かわるがわる,kawarugawaru,pos_not_targeted,副詞,副詞,
数々,かずかず,kazukazu,pos_not_targeted,副詞,副詞,
けど,けど,kedo,pos_not_targeted,接続詞,接続詞,
けども,けども,kedomo,pos_not_targeted,接続詞,接続詞,
敬具,けいぐ,keigu,pos_not_targeted,感動詞,感動詞,
結構,けっこう,kekko,pos_not_targeted,副詞,副詞,
結局,けっきょく,kekkyoku,pos_not_targeted,副詞,副詞,
喧々囂々,けんけんごうごう,kenkengogo,pos_not_targeted,副詞,副詞,
けれど,けれど,keredo,pos_not_targeted,接続詞,接続詞,
けれども,けれども,keredomo,pos_not_targeted,接続詞,接続詞,
けしからん,けしからん,keshikaran,pos_not_targeted,感動詞,感動詞,
決して,けっして,kesshite,pos_not_targeted,副詞,副詞,
決然,けつぜん,ketsuzen,pos_not_targeted,副詞,副詞,
キビキビ,きびきび,kibikibi,pos_not_targeted,副詞,副詞,
きちんと,きちんと,kichinto,pos_not_targeted,副詞,副詞,
キチッと,きちっと,kichitto,pos_not_targeted,副詞,副詞,
キッカリ,きっかり,kikkari,pos_not_targeted,副詞,副詞,
決まって,きまって,kimatte,pos_not_targeted,副詞,副詞,
謹啓,きんけい,kinkei,pos_not_targeted,感動詞,感動詞,
着の身着の侭,きのみきのまま,kinomikinomama,pos_not_targeted,副詞,副詞,
キッパリ,きっぱり,kippari,pos_not_targeted,副詞,副詞,
キラキラ,きらきら,kirakira,pos_not_targeted,副詞,副詞,
キラリ,きらり,kirari,pos_not_targeted,副詞,副詞,
綺麗サッパリ,きれいさっぱり,kireisappari,pos_not_targeted,副詞,副詞,
キリッと,きりっと,kiritto,pos_not_targeted,副詞,副詞,
期せずして,きせずして,kisezushite,pos_not_targeted,副詞,副詞,
来るべき,きたるべき,kitarubeki,pos_not_targeted,連体詞,連体詞,
キッチリ,きっちり,kitchiri,pos_not_targeted,副詞,副詞,
きっと,きっと,kitto,pos_not_targeted,副詞,副詞,
極めて,きわめて,kiwamete,pos_not_targeted,副詞,副詞,
交互に,こうごに,kogoni,pos_not_targeted,副詞,副詞,
こぢんまり,こぢんまり,kojinmari,pos_not_targeted,副詞,副詞,
こぢんまり,こぢんまり,kojinmari,pos_not_targeted,副詞,副詞,
ここに,ここに,kokoni,pos_not_targeted,副詞,副詞,
心有る,こころある,kokoroaru,pos_not_targeted,連体詞,連体詞,
心密かに,こころひそかに,kokorohisokani,pos_not_targeted,副詞,副詞,
心から,こころから,kokorokara,pos_not_targeted,副詞,副詞,
心置き無く,こころおきなく,kokorokinaku,pos_not_targeted,副詞,副詞,
試みに,こころみに,kokoromini,pos_not_targeted,副詞,副詞,
心持ち,こころもち,kokoromochi,pos_not_targeted,副詞,副詞,
心ならずも,こころならずも,kokoronarazumo,pos_not_targeted,副詞,副詞,
心做しか,こころなしか,kokoronashika,pos_not_targeted,副詞,副詞,
心行く迄,こころゆくまで,kokoroyukumade,pos_not_targeted,副詞,副詞,
ここぞとばかり,ここぞとばかり,kokozotobakari,pos_not_targeted,副詞,副詞,
刻一刻,こくいっこく,kokuikkoku,pos_not_targeted,副詞,副詞,
刻々,こくこく,kokukoku,pos_not_targeted,副詞,副詞,
刻々,こくこく,kokukoku,pos_not_targeted,副詞,副詞,
細々,こまごま,komagoma,pos_not_targeted,副詞,副詞,
交々,こもごも,komogomo,pos_not_targeted,副詞,副詞,
こない,こない,konai,pos_not_targeted,副詞,副詞,
今晩は,こんばんは,konbanha,pos_not_targeted,感動詞,感動詞,
こんがり,こんがり,kongari,pos_not_targeted,副詞,副詞,
根限り,こんかぎり,konkagiri,pos_not_targeted,副詞,副詞,
コンコンと,こんこんと,konkonto,pos_not_targeted,副詞,副詞,
こんもり,こんもり,konmori,pos_not_targeted,副詞,副詞,
こんにちは,こんにちは,konnichiha,pos_not_targeted,感動詞,感動詞,
此の,この,kono,pos_not_targeted,連体詞,連体詞,
此の上,このうえ,konoe,pos_not_targeted,副詞,副詞,
このまま,このまま,konomama,pos_not_targeted,副詞,副詞,
金輪際,こんりんざい,konrinzai,pos_not_targeted,副詞,副詞,
こら,こら,kora,pos_not_targeted,感動詞,感動詞,
こらっ,こらっ,kora,pos_not_targeted,感動詞,感動詞,
古来,こらい,korai,pos_not_targeted,副詞,副詞,
此れ程,これほど,korehodo,pos_not_targeted,副詞,副詞,
これといった,これといった,koretoitta,pos_not_targeted,連体詞,連体詞,
これという,これという,koretoiu,pos_not_targeted,連体詞,連体詞,
コロコロ,ころころ,korokoro,pos_not_targeted,副詞,副詞,
こりゃ,こりゃ,korya,pos_not_targeted,感動詞,感動詞,
コセコセ,こせこせ,kosekose,pos_not_targeted,副詞,副詞,
コソコソ,こそこそ,kosokoso,pos_not_targeted,副詞,副詞,
コッソリ,こっそり,kossori,pos_not_targeted,副詞,副詞,
ことごとく,ことごとく,kotogotoku,pos_not_targeted,副詞,副詞,
事もあろうに,こともあろうに,kotomoaroni,pos_not_targeted,副詞,副詞,
殊に,ことに,kotoni,pos_not_targeted,副詞,副詞,
殊の外,ことのほか,kotonohoka,pos_not_targeted,副詞,副詞,
殊更,ことさら,kotosara,pos_not_targeted,副詞,副詞,
コツコツ,こつこつ,kotsukotsu,pos_not_targeted,副詞,副詞,
忽然,こつぜん,kotsuzen,pos_not_targeted,副詞,副詞,
恐々,こわごわ,kowagowa,pos_not_targeted,副詞,副詞,
こよなく,こよなく,koyonaku,pos_not_targeted,副詞,副詞,
こざっぱり,こざっぱり,kozappari,pos_not_targeted,副詞,副詞,
公然,こうぜん,kozen,pos_not_targeted,副詞,副詞,
こぞって,こぞって,kozotte,pos_not_targeted,副詞,副詞,
九分通り,くぶどおり,kubudori,pos_not_targeted,副詞,副詞,
九分九厘,くぶくりん,kubukurin,pos_not_targeted,副詞,副詞,
口々に,くちぐちに,kuchiguchini,pos_not_targeted,副詞,副詞,
クドクド,くどくど,kudokudo,pos_not_targeted,副詞,副詞,
クッキリ,くっきり,kukkiri,pos_not_targeted,副詞,副詞,
隈無く,くまなく,kumanaku,pos_not_targeted,副詞,副詞,
クネクネ,くねくね,kunekune,pos_not_targeted,副詞,副詞,
呉々も,くれぐれも,kureguremo,pos_not_targeted,副詞,副詞,
黒々,くろぐろ,kuroguro,pos_not_targeted,副詞,副詞,
クルクル,くるくる,kurukuru,pos_not_targeted,副詞,副詞,
クルリ,くるり,kururi,pos_not_targeted,副詞,副詞,
クシャクシャ,くしゃくしゃ,kushakusha,pos_not_targeted,副詞,副詞,
奇しくも,くしくも,kushikumo,pos_not_targeted,副詞,副詞,
糞,くそ,kuso,pos_not_targeted,感動詞,感動詞,
くそっ,くそっ,kuso,pos_not_targeted,感動詞,感動詞,
クスクス,くすくす,kusukusu,pos_not_targeted,副詞,副詞,
桑原,くわばら,kuwabara,pos_not_targeted,感動詞,感動詞,
加えて,くわえて,kuwaete,pos_not_targeted,副詞,副詞,
クヨクヨ,くよくよ,kuyokuyo,pos_not_targeted,副詞,副詞,
極力,きょくりょく,kyokuryoku,pos_not_targeted,副詞,副詞,
キョトンと,きょとんと,kyotonto,pos_not_targeted,副詞,副詞,
急遽,きゅうきょ,kyukyo,pos_not_targeted,副詞,副詞,
旧態依然,きゅうたいいぜん,kyutaiizen,pos_not_targeted,副詞,副詞,
まあ,まあ,maa,pos_not_targeted,副詞,副詞,
まあ,まあ,maa,pos_not_targeted,感動詞,感動詞,
まあまあ,まあまあ,maamaa,pos_not_targeted,副詞,副詞,
間違っても,まちがっても,machigattemo,pos_not_targeted,副詞,副詞,
待ちに待った,まちにまった,machinimatta,pos_not_targeted,連体詞,連体詞,
まだ,まだ,mada,pos_not_targeted,副詞,副詞,
まだまだ,まだまだ,madamada,pos_not_targeted,副詞,副詞,
まだしも,まだしも,madashimo,pos_not_targeted,副詞,副詞,
前以て,まえもって,maemotte,pos_not_targeted,副詞,副詞,
曲がり形にも,まがりなりにも,magarinarinimo,pos_not_targeted,副詞,副詞,
曲げて,まげて,magete,pos_not_targeted,副詞,副詞,
まごまご,まごまご,magomago,pos_not_targeted,副詞,副詞,
まじまじ,まじまじ,majimaji,pos_not_targeted,副詞,副詞,
真,まこと,makoto,pos_not_targeted,副詞,副詞,
誠に,まことに,makotoni,pos_not_targeted,副詞,副詞,
まま,まま,mama,pos_not_targeted,副詞,副詞,
間も無く,まもなく,mamonaku,pos_not_targeted,副詞,副詞,
万が一,まんがいち,mangaichi,pos_not_targeted,副詞,副詞,
万一,まんいち,manichi,pos_not_targeted,副詞,副詞,
随に,まにまに,manimani,pos_not_targeted,副詞,副詞,
満々,まんまん,manman,pos_not_targeted,副詞,副詞,
まんまと,まんまと,manmato,pos_not_targeted,副詞,副詞,
目の当り,まのあたり,manoatari,pos_not_targeted,副詞,副詞,
まんざら,まんざら,manzara,pos_not_targeted,副詞,副詞,
漫然,まんぜん,manzen,pos_not_targeted,副詞,副詞,
まっぴら,まっぴら,mappira,pos_not_targeted,副詞,副詞,
まるで,まるで,marude,pos_not_targeted,副詞,副詞,
丸ごと,まるごと,marugoto,pos_not_targeted,副詞,副詞,
まるっきり,まるっきり,marukkiri,pos_not_targeted,副詞,副詞,
丸々,まるまる,marumaru,pos_not_targeted,副詞,副詞,
まさか,まさか,masaka,pos_not_targeted,副詞,副詞,
正に,まさに,masani,pos_not_targeted,副詞,副詞,
正しく,まさしく,masashiku,pos_not_targeted,副詞,副詞,
まして,まして,mashite,pos_not_targeted,副詞,副詞,
真っ直ぐ,まっすぐ,massugu,pos_not_targeted,副詞,副詞,
益々,ますます,masumasu,pos_not_targeted,副詞,副詞,
又,また,mata,pos_not_targeted,副詞,副詞,
又は,または,mataha,pos_not_targeted,接続詞,接続詞,
またまた,またまた,matamata,pos_not_targeted,副詞,副詞,
またもや,またもや,matamoya,pos_not_targeted,副詞,副詞,
またしても,またしても,matashitemo,pos_not_targeted,副詞,副詞,
瞬く間に,またたくまに,matatakumani,pos_not_targeted,副詞,副詞,
またと,またと,matato,pos_not_targeted,副詞,副詞,
またぞろ,またぞろ,matazoro,pos_not_targeted,副詞,副詞,
待った,まった,matta,pos_not_targeted,感動詞,感動詞,
全く,まったく,mattaku,pos_not_targeted,副詞,副詞,
まざまざ,まざまざ,mazamaza,pos_not_targeted,副詞,副詞,
先ず,まず,mazu,pos_not_targeted,副詞,副詞,
先ずは,まずは,mazuha,pos_not_targeted,副詞,副詞,
先ず先ず,まずまず,mazumazu,pos_not_targeted,副詞,副詞,
名実共に,めいじつともに,meijitsutomoni,pos_not_targeted,副詞,副詞,
目一杯,めいっぱい,meippai,pos_not_targeted,副詞,副詞,
メキメキ,めきめき,mekimeki,pos_not_targeted,副詞,副詞,
メッキリ,めっきり,mekkiri,pos_not_targeted,副詞,副詞,
目に見えて,めにみえて,menimiete,pos_not_targeted,副詞,副詞,
滅法,めっぽう,meppo,pos_not_targeted,副詞,副詞,
メラメラ,めらめら,meramera,pos_not_targeted,副詞,副詞,
メソメソ,めそめそ,mesomeso,pos_not_targeted,副詞,副詞,
道すがら,みちすがら,michisugara,pos_not_targeted,副詞,副詞,
みだりに,みだりに,midarini,pos_not_targeted,副詞,副詞,
みじんも,みじんも,mijinmo,pos_not_targeted,副詞,副詞,
皆,みんな,minna,pos_not_targeted,副詞,副詞,
皆,みんな,minna,pos_not_targeted,副詞,副詞,
皆して,みんなして,minnashite,pos_not_targeted,副詞,副詞,
身を以て,みをもって,miomotte,pos_not_targeted,副詞,副詞,
見るからに,みるからに,mirukarani,pos_not_targeted,副詞,副詞,
見る見る,みるみる,mirumiru,pos_not_targeted,副詞,副詞,
見知らぬ,みしらぬ,mishiranu,pos_not_targeted,連体詞,連体詞,
みすみす,みすみす,misumisu,pos_not_targeted,副詞,副詞,
みっちり,みっちり,mitchiri,pos_not_targeted,副詞,副詞,
自ら,みずから,mizukara,pos_not_targeted,副詞,副詞,
もう,もう,mo,pos_not_targeted,副詞,副詞,
もう,もう,mo,pos_not_targeted,感動詞,感動詞,
もちろん,もちろん,mochiron,pos_not_targeted,副詞,副詞,
モグモグ,もぐもぐ,mogumogu,pos_not_targeted,副詞,副詞,
もはや,もはや,mohaya,pos_not_targeted,副詞,副詞,
文字通り,もじどおり,mojidori,pos_not_targeted,副詞,副詞,
モジモジ,もじもじ,mojimoji,pos_not_targeted,副詞,副詞,
黙々,もくもく,mokumoku,pos_not_targeted,副詞,副詞,
モウモウ,もうもう,momo,pos_not_targeted,副詞,副詞,
ものの,ものの,monono,pos_not_targeted,連体詞,連体詞,
物ともせず,ものともせず,monotomosezu,pos_not_targeted,副詞,副詞,
専ら,もっぱら,moppara,pos_not_targeted,副詞,副詞,
漏れ無く,もれなく,morenaku,pos_not_targeted,副詞,副詞,
脆くも,もろくも,morokumo,pos_not_targeted,副詞,副詞,
諸共,もろとも,morotomo,pos_not_targeted,副詞,副詞,
もし,もし,moshi,pos_not_targeted,副詞,副詞,
もしかしたら,もしかしたら,moshikashitara,pos_not_targeted,副詞,副詞,
もしかすると,もしかすると,moshikasuruto,pos_not_targeted,副詞,副詞,
若しくは,もしくは,moshikuha,pos_not_targeted,接続詞,接続詞,
もしも,もしも,moshimo,pos_not_targeted,副詞,副詞,
もしもし,もしもし,moshimoshi,pos_not_targeted,感動詞,感動詞,
もしや,もしや,moshiya,pos_not_targeted,副詞,副詞,
モタモタ,もたもた,motamota,pos_not_targeted,副詞,副詞,
毛頭,もうとう,moto,pos_not_targeted,副詞,副詞,
元通り,もとどおり,motodori,pos_not_targeted,副詞,副詞,
元々,もともと,motomoto,pos_not_targeted,副詞,副詞,
もとより,もとより,motoyori,pos_not_targeted,副詞,副詞,
もっと,もっと,motto,pos_not_targeted,副詞,副詞,
もっとも,もっとも,mottomo,pos_not_targeted,接続詞,接続詞,
最も,もっとも,mottomo,pos_not_targeted,副詞,副詞,
モヤモヤ,もやもや,moyamoya,pos_not_targeted,副詞,副詞,
猛然,もうぜん,mozen,pos_not_targeted,副詞,副詞,
モゾモゾ,もぞもぞ,mozomozo,pos_not_targeted,副詞,副詞,
宜,むべ,mube,pos_not_targeted,副詞,副詞,
無下に,むげに,mugeni,pos_not_targeted,副詞,副詞,
ムカムカ,むかむか,mukamuka,pos_not_targeted,副詞,副詞,
昔乍ら,むかしながら,mukashinagara,pos_not_targeted,副詞,副詞,
ムックリ,むっくり,mukkuri,pos_not_targeted,副詞,副詞,
ムクムク,むくむく,mukumuku,pos_not_targeted,副詞,副詞,
ムンムン,むんむん,munmun,pos_not_targeted,副詞,副詞,
ムラムラ,むらむら,muramura,pos_not_targeted,副詞,副詞,
無理からぬ,むりからぬ,murikaranu,pos_not_targeted,連体詞,連体詞,
無理矢理,むりやり,muriyari,pos_not_targeted,副詞,副詞,
無論,むろん,muron,pos_not_targeted,副詞,副詞,
ムシャクシャ,むしゃくしゃ,mushakusha,pos_not_targeted,副詞,副詞,
寧ろ,むしろ,mushiro,pos_not_targeted,副詞,副詞,
無性に,むしょうに,mushoni,pos_not_targeted,副詞,副詞,
ムッと,むっと,mutto,pos_not_targeted,副詞,副詞,
ムッツリ,むっつり,muttsuri,pos_not_targeted,副詞,副詞,
むざむざ,むざむざ,muzamuza,pos_not_targeted,副詞,副詞,
ムズムズ,むずむず,muzumuzu,pos_not_targeted,副詞,副詞,
なあ,なあ,naa,pos_not_targeted,感動詞,感動詞,
名立たる,なだたる,nadataru,pos_not_targeted,連体詞,連体詞,
長々,ながなが,naganaga,pos_not_targeted,副詞,副詞,
長らく,ながらく,nagaraku,pos_not_targeted,副詞,副詞,
内実,ないじつ,naijitsu,pos_not_targeted,副詞,副詞,
内々,ないない,nainai,pos_not_targeted,副詞,副詞,
内心,ないしん,naishin,pos_not_targeted,副詞,副詞,
半ば,なかば,nakaba,pos_not_targeted,副詞,副詞,
中でも,なかでも,nakademo,pos_not_targeted,副詞,副詞,
なかなか,なかなか,nakanaka,pos_not_targeted,副詞,副詞,
仲良く,なかよく,nakayoku,pos_not_targeted,副詞,副詞,
泣く泣く,なくなく,nakunaku,pos_not_targeted,副詞,副詞,
なまじ,なまじ,namaji,pos_not_targeted,副詞,副詞,
なまじっか,なまじっか,namajikka,pos_not_targeted,副詞,副詞,
並々,なみなみ,naminami,pos_not_targeted,副詞,副詞,
なんぼ,なんぼ,nanbo,pos_not_targeted,副詞,副詞,
何だか,なんだか,nandaka,pos_not_targeted,副詞,副詞,
なんだかんだ,なんだかんだ,nandakanda,pos_not_targeted,副詞,副詞,
何で,なんで,nande,pos_not_targeted,副詞,副詞,
何でも,なんでも,nandemo,pos_not_targeted,副詞,副詞,
何でもかんでも,なんでもかんでも,nandemokandemo,pos_not_targeted,副詞,副詞,
なにぶん,なにぶん,nanibun,pos_not_targeted,副詞,副詞,
何が何でも,なにがなんでも,naniganandemo,pos_not_targeted,副詞,副詞,
何はともあれ,なにはともあれ,nanihatomoare,pos_not_targeted,副詞,副詞,
何一つ,なにひとつ,nanihitotsu,pos_not_targeted,副詞,副詞,
何程,なにほど,nanihodo,pos_not_targeted,副詞,副詞,
何彼につけ,なにかにつけ,nanikanitsuke,pos_not_targeted,副詞,副詞,
何か知ら,なにかしら,nanikashira,pos_not_targeted,副詞,副詞,
何彼と,なにかと,nanikato,pos_not_targeted,副詞,副詞,
何も,なにも,nanimo,pos_not_targeted,副詞,副詞,
何もかも,なにもかも,nanimokamo,pos_not_targeted,副詞,副詞,
何にも増して,なににもまして,naninimomashite,pos_not_targeted,副詞,副詞,
何せ,なにせ,nanise,pos_not_targeted,副詞,副詞,
何しろ,なにしろ,nanishiro,pos_not_targeted,接続詞,接続詞,
何とぞ,なにとぞ,nanitozo,pos_not_targeted,副詞,副詞,
何やら,なにやら,naniyara,pos_not_targeted,副詞,副詞,
何より,なにより,naniyori,pos_not_targeted,副詞,副詞,
なんか,なんか,nanka,pos_not_targeted,副詞,副詞,
難無く,なんなく,nannaku,pos_not_targeted,副詞,副詞,
何なら,なんなら,nannara,pos_not_targeted,副詞,副詞,
何なり,なんなり,nannari,pos_not_targeted,副詞,副詞,
何にも,なんにも,nannimo,pos_not_targeted,副詞,副詞,
何の,なんの,nanno,pos_not_targeted,連体詞,連体詞,
なので,なので,nanode,pos_not_targeted,接続詞,接続詞,
なのに,なのに,nanoni,pos_not_targeted,接続詞,接続詞,
何ら,なんら,nanra,pos_not_targeted,副詞,副詞,
何等か,なんらか,nanraka,pos_not_targeted,副詞,副詞,
何たる,なんたる,nantaru,pos_not_targeted,連体詞,連体詞,
何て,なんて,nante,pos_not_targeted,副詞,副詞,
何と,なんと,nanto,pos_not_targeted,副詞,副詞,
何と言っても,なんといっても,nantoittemo,pos_not_targeted,副詞,副詞,
何と言う,なんという,nantoiu,pos_not_targeted,副詞,副詞,
何と言う,なんという,nantoiu,pos_not_targeted,連体詞,連体詞,
何とか,なんとか,nantoka,pos_not_targeted,副詞,副詞,
何とも,なんとも,nantomo,pos_not_targeted,副詞,副詞,
何と無く,なんとなく,nantonaku,pos_not_targeted,副詞,副詞,
何となれば,なんとなれば,nantonareba,pos_not_targeted,接続詞,接続詞,
なお,なお,nao,pos_not_targeted,副詞,副詞,
なおかつ,なおかつ,naokatsu,pos_not_targeted,副詞,副詞,
尚も,なおも,naomo,pos_not_targeted,副詞,副詞,
なおのこと,なおのこと,naonokoto,pos_not_targeted,副詞,副詞,
なおさら,なおさら,naosara,pos_not_targeted,副詞,副詞,
ならば,ならば,naraba,pos_not_targeted,接続詞,接続詞,
並びに,ならびに,narabini,pos_not_targeted,接続詞,接続詞,
なるべく,なるべく,narubeku,pos_not_targeted,副詞,副詞,
成る程,なるほど,naruhodo,pos_not_targeted,副詞,副詞,
なるたけ,なるたけ,narutake,pos_not_targeted,副詞,副詞,
悩める,なやめる,nayameru,pos_not_targeted,連体詞,連体詞,
ナヨナヨ,なよなよ,nayonayo,pos_not_targeted,副詞,副詞,
何故,なぜ,naze,pos_not_targeted,副詞,副詞,
なぜなら,なぜなら,nazenara,pos_not_targeted,接続詞,接続詞,
なぜならば,なぜならば,nazenaraba,pos_not_targeted,接続詞,接続詞,
何故に,なぜに,nazeni,pos_not_targeted,副詞,副詞,
ネバネバ,ねばねば,nebaneba,pos_not_targeted,副詞,副詞,
ネチネチ,ねちねち,nechinechi,pos_not_targeted,副詞,副詞,
ねえ,ねえ,nee,pos_not_targeted,感動詞,感動詞,
願わくば,ねがわくば,negawakuba,pos_not_targeted,副詞,副詞,
根掘り葉掘り,ねほりはほり,nehorihahori,pos_not_targeted,副詞,副詞,
根っから,ねっから,nekkara,pos_not_targeted,副詞,副詞,
根刮ぎ,ねこそぎ,nekosogi,pos_not_targeted,副詞,副詞,
年がら年中,ねんがらねんじゅう,nengaranenju,pos_not_targeted,副詞,副詞,
年々,ねんねん,nennen,pos_not_targeted,副詞,副詞,
念の為,ねんのため,nennotame,pos_not_targeted,副詞,副詞,
ネトネト,ねとねと,netoneto,pos_not_targeted,副詞,副詞,
ネットリ,ねっとり,nettori,pos_not_targeted,副詞,副詞,
二度と,にどと,nidoto,pos_not_targeted,副詞,副詞,
ニッコリ,にっこり,nikkori,pos_not_targeted,副詞,副詞,
ニコニコ,にこにこ,nikoniko,pos_not_targeted,副詞,副詞,
にもかかわらず,にもかかわらず,nimokakawarazu,pos_not_targeted,接続詞,接続詞,
ニンマリ,にんまり,ninmari,pos_not_targeted,副詞,副詞,
にっちもさっちも,にっちもさっちも,nitchimosatchimo,pos_not_targeted,副詞,副詞,
ノー,のー,no,pos_not_targeted,感動詞,感動詞,
のべつ,のべつ,nobetsu,pos_not_targeted,副詞,副詞,
伸び伸び,のびのび,nobinobi,pos_not_targeted,副詞,副詞,
ノホホンと,のほほんと,nohohonto,pos_not_targeted,副詞,副詞,
軒並み,のきなみ,nokinami,pos_not_targeted,副詞,副詞,
残らず,のこらず,nokorazu,pos_not_targeted,副詞,副詞,
のんべんだらり,のんべんだらり,nonbendarari,pos_not_targeted,副詞,副詞,
ノンビリ,のんびり,nonbiri,pos_not_targeted,副詞,副詞,
のっぺり,のっぺり,nopperi,pos_not_targeted,副詞,副詞,
ノロノロ,のろのろ,noronoro,pos_not_targeted,副詞,副詞,
のそのそ,のそのそ,nosonoso,pos_not_targeted,副詞,副詞,
のっしのっし,のっしのっし,nosshinosshi,pos_not_targeted,副詞,副詞,
ヌケヌケ,ぬけぬけ,nukenuke,pos_not_targeted,副詞,副詞,
ヌルヌル,ぬるぬる,nurunuru,pos_not_targeted,副詞,副詞,
如実に,にょじつに,nyojitsuni,pos_not_targeted,副詞,副詞,
往々,おうおう,o,pos_not_targeted,副詞,副詞,
おお,おお,o,pos_not_targeted,感動詞,感動詞,
オー,おー,o,pos_not_targeted,感動詞,感動詞,
おちおち,おちおち,ochiochi,pos_not_targeted,副詞,副詞,
おどおど,おどおど,ododo,pos_not_targeted,副詞,副詞,
おえっ,おえっ,oe,pos_not_targeted,感動詞,感動詞,
おはよう,おはよう,ohayo,pos_not_targeted,感動詞,感動詞,
オイ,おい,oi,pos_not_targeted,感動詞,感動詞,
大いなる,おおいなる,oinaru,pos_not_targeted,連体詞,連体詞,
大いに,おおいに,oini,pos_not_targeted,副詞,副詞,
おいおい,おいおい,oioi,pos_not_targeted,感動詞,感動詞,
追い追い,おいおい,oioi,pos_not_targeted,副詞,副詞,
おいそれと,おいそれと,oisoreto,pos_not_targeted,副詞,副詞,
多かれ少なかれ,おおかれすくなかれ,okaresukunakare,pos_not_targeted,副詞,副詞,
おかしな,おかしな,okashina,pos_not_targeted,連体詞,連体詞,
大方,おおかた,okata,pos_not_targeted,副詞,副詞,
大きな,おおきな,okina,pos_not_targeted,連体詞,連体詞,
大きな,おおきな,okina,pos_not_targeted,連体詞,連体詞,
追っ掛け,おっかけ,okkake,pos_not_targeted,副詞,副詞,
おっかなびっくり,おっかなびっくり,okkanabikkuri,pos_not_targeted,副詞,副詞,
おまけに,おまけに,omakeni,pos_not_targeted,接続詞,接続詞,
おめでとう,おめでとう,omedeto,pos_not_targeted,感動詞,感動詞,
おめおめ,おめおめ,omeome,pos_not_targeted,副詞,副詞,
主だった,おもだった,omodatta,pos_not_targeted,連体詞,連体詞,
思えば,おもえば,omoeba,pos_not_targeted,副詞,副詞,
思い掛けぬ,おもいがけぬ,omoigakenu,pos_not_targeted,連体詞,連体詞,
思い掛けず,おもいがけず,omoigakezu,pos_not_targeted,副詞,副詞,
思い切って,おもいきって,omoikitte,pos_not_targeted,副詞,副詞,
思いっ切り,おもいっきり,omoikkiri,pos_not_targeted,副詞,副詞,
思いの外,おもいのほか,omoinohoka,pos_not_targeted,副詞,副詞,
思い思い,おもいおもい,omoiomoi,pos_not_targeted,副詞,副詞,
徐に,おもむろに,omomuroni,pos_not_targeted,副詞,副詞,
思わぬ,おもわぬ,omowanu,pos_not_targeted,連体詞,連体詞,
思わず,おもわず,omowazu,pos_not_targeted,副詞,副詞,
思う存分,おもうぞんぶん,omozonbun,pos_not_targeted,副詞,副詞,
概ね,おおむね,omune,pos_not_targeted,副詞,副詞,
各々,おのおの,onono,pos_not_targeted,副詞,副詞,
おのれ,おのれ,onore,pos_not_targeted,感動詞,感動詞,
自ずから,おのずから,onozukara,pos_not_targeted,副詞,副詞,
自ずと,おのずと,onozuto,pos_not_targeted,副詞,副詞,
オーライ,おーらい,orai,pos_not_targeted,感動詞,感動詞,
折悪しく,おりあしく,oriashiku,pos_not_targeted,副詞,副詞,
折り入って,おりいって,oriitte,pos_not_targeted,副詞,副詞,
折に触れて,おりにふれて,orinifurete,pos_not_targeted,副詞,副詞,
折々,おりおり,oriori,pos_not_targeted,副詞,副詞,
折しも,おりしも,orishimo,pos_not_targeted,副詞,副詞,
折好く,おりよく,oriyoku,pos_not_targeted,副詞,副詞,
おろか,おろか,oroka,pos_not_targeted,副詞,副詞,
オロオロ,おろおろ,ororo,pos_not_targeted,副詞,副詞,
惜しくも,おしくも,oshikumo,pos_not_targeted,副詞,副詞,
惜しむらくは,おしむらくは,oshimurakuha,pos_not_targeted,副詞,副詞,
おしなべて,おしなべて,oshinabete,pos_not_targeted,副詞,副詞,
遅かれ早かれ,おそかれはやかれ,osokarehayakare,pos_not_targeted,副詞,副詞,
恐らく,おそらく,osoraku,pos_not_targeted,副詞,副詞,
恐らくは,おそらくは,osorakuha,pos_not_targeted,副詞,副詞,
恐るべき,おそるべき,osorubeki,pos_not_targeted,連体詞,連体詞,
恐る恐る,おそるおそる,osoruosoru,pos_not_targeted,副詞,副詞,
御互いに,おたがいに,otagaini,pos_not_targeted,副詞,副詞,
御手,おて,ote,pos_not_targeted,感動詞,感動詞,
追って,おって,otte,pos_not_targeted,副詞,副詞,
おっとり,おっとり,ottori,pos_not_targeted,副詞,副詞,
追っ付け,おっつけ,ottsuke,pos_not_targeted,副詞,副詞,
おや,おや,oya,pos_not_targeted,感動詞,感動詞,
及ばず乍ら,およばずながら,oyobazunagara,pos_not_targeted,副詞,副詞,
及び,および,oyobi,pos_not_targeted,接続詞,接続詞,
おおよそ,おおよそ,oyoso,pos_not_targeted,副詞,副詞,
凡そ,およそ,oyoso,pos_not_targeted,副詞,副詞,
おずおず,おずおず,ozuozu,pos_not_targeted,副詞,副詞,
パラパラ,ぱらぱら,parapara,pos_not_targeted,副詞,副詞,
パラリ,ぱらり,parari,pos_not_targeted,副詞,副詞,
パリッ,ぱりっ,pari,pos_not_targeted,副詞,副詞,
パタリ,ぱたり,patari,pos_not_targeted,副詞,副詞,
パッタリ,ぱったり,pattari,pos_not_targeted,副詞,副詞,
パッと,ぱっと,patto,pos_not_targeted,副詞,副詞,
ペロリ,ぺろり,perori,pos_not_targeted,副詞,副詞,
ペタペタ,ぺたぺた,petapeta,pos_not_targeted,副詞,副詞,
ピカピカ,ぴかぴか,pikapika,pos_not_targeted,副詞,副詞,
ピクリ,ぴくり,pikuri,pos_not_targeted,副詞,副詞,
ピンピン,ぴんぴん,pinpin,pos_not_targeted,副詞,副詞,
ピンと,ぴんと,pinto,pos_not_targeted,副詞,副詞,
ピリッ,ぴりっ,piri,pos_not_targeted,副詞,副詞,
ピリピリ,ぴりぴり,piripiri,pos_not_targeted,副詞,副詞,
ぴりっと,ぴりっと,piritto,pos_not_targeted,副詞,副詞,
ピシャリ,ぴしゃり,pishari,pos_not_targeted,副詞,副詞,
ピシっと,ぴしっと,pishitto,pos_not_targeted,副詞,副詞,
ピタリ,ぴたり,pitari,pos_not_targeted,副詞,副詞,
ピッタリ,ぴったり,pittari,pos_not_targeted,副詞,副詞,
ポイ,ぽい,poi,pos_not_targeted,副詞,副詞,
ポカポカ,ぽかぽか,pokapoka,pos_not_targeted,副詞,副詞,
ポッカリ,ぽっかり,pokkari,pos_not_targeted,副詞,副詞,
ポンポン,ぽんぽん,ponpon,pos_not_targeted,副詞,副詞,
ポロポロ,ぽろぽろ,poroporo,pos_not_targeted,副詞,副詞,
ポロっと,ぽろっと,porotto,pos_not_targeted,副詞,副詞,
ポタポタ,ぽたぽた,potapota,pos_not_targeted,副詞,副詞,
ポタリ,ぽたり,potari,pos_not_targeted,副詞,副詞,
ポトポト,ぽとぽと,potopoto,pos_not_targeted,副詞,副詞,
ポツンと,ぽつんと,potsunto,pos_not_targeted,副詞,副詞,
ポツポツ,ぽつぽつ,potsupotsu,pos_not_targeted,副詞,副詞,
ポツリ,ぽつり,potsuri,pos_not_targeted,副詞,副詞,
ポツリポツリ,ぽつりぽつり,potsuripotsuri,pos_not_targeted,副詞,副詞,
ぽうっと,ぽうっと,potto,pos_not_targeted,副詞,副詞,
プンプン,ぷんぷん,punpun,pos_not_targeted,副詞,副詞,
プツリ,ぷつり,putsuri,pos_not_targeted,副詞,副詞,
楽々,らくらく,rakuraku,pos_not_targeted,副詞,副詞,
例の,れいの,reino,pos_not_targeted,連体詞,連体詞,
歴然,れきぜん,rekizen,pos_not_targeted,副詞,副詞,
れっきとした,れっきとした,rekkitoshita,pos_not_targeted,連体詞,連体詞,
理路整然と,りろせいぜんと,riroseizento,pos_not_targeted,副詞,副詞,
ろくな,ろくな,rokuna,pos_not_targeted,連体詞,連体詞,
ろくに,ろくに,rokuni,pos_not_targeted,副詞,副詞,
ろくろく,ろくろく,rokuroku,pos_not_targeted,副詞,副詞,
ろくすっぽ,ろくすっぽ,rokusuppo,pos_not_targeted,副詞,副詞,
さ,さ,sa,pos_not_targeted,感動詞,感動詞,
さあ,さあ,saa,pos_not_targeted,感動詞,感動詞,
サバサバ,さばさば,sabasaba,pos_not_targeted,副詞,副詞,
さほど,さほど,sahodo,pos_not_targeted,副詞,副詞,
最高,さいこう,saiko,pos_not_targeted,副詞,副詞,
再々,さいさい,saisai,pos_not_targeted,副詞,副詞,
再三,さいさん,saisan,pos_not_targeted,副詞,副詞,
再三再四,さいさんさいし,saisansaishi,pos_not_targeted,副詞,副詞,
最低,さいてい,saitei,pos_not_targeted,副詞,副詞,
幸い,さいわい,saiwai,pos_not_targeted,副詞,副詞,
さっき,さっき,sakki,pos_not_targeted,副詞,副詞,
サックリ,さっくり,sakkuri,pos_not_targeted,副詞,副詞,
さめざめ,さめざめ,samezame,pos_not_targeted,副詞,副詞,
さも,さも,samo,pos_not_targeted,副詞,副詞,
さもなければ,さもなければ,samonakereba,pos_not_targeted,接続詞,接続詞,
さもなくば,さもなくば,samonakuba,pos_not_targeted,接続詞,接続詞,
寒々,さむざむ,samuzamu,pos_not_targeted,副詞,副詞,
さながら,さながら,sanagara,pos_not_targeted,副詞,副詞,
サンキュー,さんきゅー,sankyu,pos_not_targeted,感動詞,感動詞,
サンキュー,さんきゅー,sankyu,pos_not_targeted,感動詞,感動詞,
三拝九拝,さんぱいきゅうはい,sanpaikyuhai,pos_not_targeted,感動詞,感動詞,
三々五々,さんさんごご,sansangogo,pos_not_targeted,副詞,副詞,
燦々と,さんさんと,sansanto,pos_not_targeted,副詞,副詞,
散々,さんざん,sanzan,pos_not_targeted,副詞,副詞,
燦然と,さんぜんと,sanzento,pos_not_targeted,副詞,副詞,
サッパリ,さっぱり,sappari,pos_not_targeted,副詞,副詞,
さらば,さらば,saraba,pos_not_targeted,感動詞,感動詞,
さらば,さらば,saraba,pos_not_targeted,接続詞,接続詞,
更に,さらに,sarani,pos_not_targeted,副詞,副詞,
サラリと,さらりと,sararito,pos_not_targeted,副詞,副詞,
サラサラ,さらさら,sarasara,pos_not_targeted,副詞,副詞,
されど,されど,saredo,pos_not_targeted,接続詞,接続詞,
さりとて,さりとて,saritote,pos_not_targeted,接続詞,接続詞,
去る,さる,saru,pos_not_targeted,連体詞,連体詞,
差し当たり,さしあたり,sashiatari,pos_not_targeted,副詞,副詞,
さしも,さしも,sashimo,pos_not_targeted,副詞,副詞,
さしたる,さしたる,sashitaru,pos_not_targeted,連体詞,連体詞,
さして,さして,sashite,pos_not_targeted,副詞,副詞,
さしずめ,さしずめ,sashizume,pos_not_targeted,副詞,副詞,
さっさと,さっさと,sassato,pos_not_targeted,副詞,副詞,
さっそう,さっそう,sasso,pos_not_targeted,副詞,副詞,
早速,さっそく,sassoku,pos_not_targeted,副詞,副詞,
流石,さすが,sasuga,pos_not_targeted,副詞,副詞,
さて,さて,sate,pos_not_targeted,感動詞,感動詞,
さて,さて,sate,pos_not_targeted,接続詞,接続詞,
さーて,さーて,sate,pos_not_targeted,感動詞,感動詞,
さては,さては,sateha,pos_not_targeted,感動詞,感動詞,
さては,さては,sateha,pos_not_targeted,接続詞,接続詞,
サッと,さっと,satto,pos_not_targeted,副詞,副詞,
さようなら,さようなら,sayonara,pos_not_targeted,感動詞,感動詞,
さようなら,さようなら,sayonara,pos_not_targeted,感動詞,感動詞,
さぞ,さぞ,sazo,pos_not_targeted,副詞,副詞,
さぞかし,さぞかし,sazokashi,pos_not_targeted,副詞,副詞,
さぞや,さぞや,sazoya,pos_not_targeted,副詞,副詞,
精一杯,せいいっぱい,seiippai,pos_not_targeted,副詞,副詞,
世紀の,せいきの,seikino,pos_not_targeted,連体詞,連体詞,
聖なる,せいなる,seinaru,pos_not_targeted,連体詞,連体詞,
清々,せいせい,seisei,pos_not_targeted,副詞,副詞,
正々堂々,せいせいどうどう,seiseidodo,pos_not_targeted,副詞,副詞,
誠心誠意,せいしんせいい,seishinseii,pos_not_targeted,副詞,副詞,
せいぜい,せいぜい,seizei,pos_not_targeted,副詞,副詞,
整然,せいぜん,seizen,pos_not_targeted,副詞,副詞,
セカセカ,せかせか,sekaseka,pos_not_targeted,副詞,副詞,
席上,せきじょう,sekijo,pos_not_targeted,副詞,副詞,
折角,せっかく,sekkaku,pos_not_targeted,副詞,副詞,
せめて,せめて,semete,pos_not_targeted,副詞,副詞,
せめても,せめても,semetemo,pos_not_targeted,副詞,副詞,
せっせと,せっせと,sesseto,pos_not_targeted,副詞,副詞,
切々,せつせつ,setsusetsu,pos_not_targeted,副詞,副詞,
遮二無二,しゃにむに,shanimuni,pos_not_targeted,副詞,副詞,
シャンと,しゃんと,shanto,pos_not_targeted,副詞,副詞,
しっ,しっ,shi,pos_not_targeted,感動詞,感動詞,
暫く,しばらく,shibaraku,pos_not_targeted,副詞,副詞,
しばし,しばし,shibashi,pos_not_targeted,副詞,副詞,
しばしば,しばしば,shibashiba,pos_not_targeted,副詞,副詞,
シブシブ,しぶしぶ,shibushibu,pos_not_targeted,副詞,副詞,
次第に,しだいに,shidaini,pos_not_targeted,副詞,副詞,
シゲシゲ,しげしげ,shigeshige,pos_not_targeted,副詞,副詞,
至極,しごく,shigoku,pos_not_targeted,副詞,副詞,
強いて,しいて,shiite,pos_not_targeted,副詞,副詞,
始終,しじゅう,shiju,pos_not_targeted,副詞,副詞,
しかも,しかも,shikamo,pos_not_targeted,接続詞,接続詞,
然り,しかり,shikari,pos_not_targeted,感動詞,感動詞,
しかるべき,しかるべき,shikarubeki,pos_not_targeted,連体詞,連体詞,
しかし,しかし,shikashi,pos_not_targeted,接続詞,接続詞,
しかしながら,しかしながら,shikashinagara,pos_not_targeted,接続詞,接続詞,
しかと,しかと,shikato,pos_not_targeted,副詞,副詞,
しきりと,しきりと,shikirito,pos_not_targeted,副詞,副詞,
シッカリ,しっかり,shikkari,pos_not_targeted,副詞,副詞,
失敬,しっけい,shikkei,pos_not_targeted,感動詞,感動詞,
シックリ,しっくり,shikkuri,pos_not_targeted,副詞,副詞,
シクシク,しくしく,shikushiku,pos_not_targeted,副詞,副詞,
至急,しきゅう,shikyu,pos_not_targeted,副詞,副詞,
しまった,しまった,shimatta,pos_not_targeted,感動詞,感動詞,
しみじみ,しみじみ,shimijimi,pos_not_targeted,副詞,副詞,
親愛なる,しんあいなる,shinainaru,pos_not_targeted,連体詞,連体詞,
シンミリ,しんみり,shinmiri,pos_not_targeted,副詞,副詞,
真に,しんに,shinni,pos_not_targeted,副詞,副詞,
シンシンと,しんしんと,shinshinto,pos_not_targeted,副詞,副詞,
心底,しんそこ,shinsoko,pos_not_targeted,副詞,副詞,
シンと,しんと,shinto,pos_not_targeted,副詞,副詞,
シオシオ,しおしお,shioshio,pos_not_targeted,副詞,副詞,
白々と,しらじらと,shirajirato,pos_not_targeted,副詞,副詞,
知らず知らず,しらずしらず,shirazushirazu,pos_not_targeted,副詞,副詞,
四六時中,しろくじちゅう,shirokujichu,pos_not_targeted,副詞,副詞,
従って,したがって,shitagatte,pos_not_targeted,接続詞,接続詞,
したたか,したたか,shitataka,pos_not_targeted,副詞,副詞,
シトシト,しとしと,shitoshito,pos_not_targeted,副詞,副詞,
失礼,しつれい,shitsurei,pos_not_targeted,感動詞,感動詞,
シットリ,しっとり,shittori,pos_not_targeted,副詞,副詞,
自然,しぜん,shizen,pos_not_targeted,副詞,副詞,
静々,しずしず,shizushizu,pos_not_targeted,副詞,副詞,
正直,しょうじき,shojiki,pos_not_targeted,副詞,副詞,
初期に,しょきに,shokini,pos_not_targeted,副詞,副詞,
正面切って,しょうめんきって,shomenkitte,pos_not_targeted,副詞,副詞,
ションボリ,しょんぼり,shonbori,pos_not_targeted,副詞,副詞,
所詮,しょせん,shosen,pos_not_targeted,副詞,副詞,
少々,しょうしょう,shosho,pos_not_targeted,副詞,副詞,
しょっちゅう,しょっちゅう,shotchu,pos_not_targeted,副詞,副詞,
首尾良く,しゅびよく,shubiyoku,pos_not_targeted,副詞,副詞,
シュン,しゅん,shun,pos_not_targeted,副詞,副詞,
主たる,しゅたる,shutaru,pos_not_targeted,連体詞,連体詞,
主として,しゅとして,shutoshite,pos_not_targeted,副詞,副詞,
総じて,そうじて,sojite,pos_not_targeted,副詞,副詞,
即刻,そっこく,sokkoku,pos_not_targeted,副詞,副詞,
そっくり,そっくり,sokkuri,pos_not_targeted,副詞,副詞,
そっくり其の侭,そっくりそのまま,sokkurisonomama,pos_not_targeted,副詞,副詞,
そこはかとなく,そこはかとなく,sokohakatonaku,pos_not_targeted,副詞,副詞,
そこそこ,そこそこ,sokosoko,pos_not_targeted,副詞,副詞,
即,そく,soku,pos_not_targeted,副詞,副詞,
即座に,そくざに,sokuzani,pos_not_targeted,副詞,副詞,
そもそも,そもそも,somosomo,pos_not_targeted,副詞,副詞,
そんなあ,そんなあ,sonnaa,pos_not_targeted,感動詞,感動詞,
その,その,sono,pos_not_targeted,連体詞,連体詞,
其の場で,そのばで,sonobade,pos_not_targeted,副詞,副詞,
その分,そのぶん,sonobun,pos_not_targeted,副詞,副詞,
其の内,そのうち,sonochi,pos_not_targeted,副詞,副詞,
その他,そのほか,sonohoka,pos_not_targeted,接続詞,接続詞,
其の実,そのじつ,sonojitsu,pos_not_targeted,副詞,副詞,
其の代わり,そのかわり,sonokawari,pos_not_targeted,接続詞,接続詞,
そのくせ,そのくせ,sonokuse,pos_not_targeted,接続詞,接続詞,
そのまま,そのまま,sonomama,pos_not_targeted,副詞,副詞,
其の昔,そのむかし,sonomukashi,pos_not_targeted,副詞,副詞,
そればかりか,そればかりか,sorebakarika,pos_not_targeted,接続詞,接続詞,
それだけに,それだけに,soredakeni,pos_not_targeted,接続詞,接続詞,
それでは,それでは,soredeha,pos_not_targeted,感動詞,感動詞,
それでは,それでは,soredeha,pos_not_targeted,接続詞,接続詞,
それでいて,それでいて,soredeite,pos_not_targeted,接続詞,接続詞,
それどころか,それどころか,soredokoroka,pos_not_targeted,副詞,副詞,
それはそれは,それはそれは,sorehasoreha,pos_not_targeted,副詞,副詞,
それほど,それほど,sorehodo,pos_not_targeted,副詞,副詞,
それなのに,それなのに,sorenanoni,pos_not_targeted,接続詞,接続詞,
それにひきかえ,それにひきかえ,sorenihikikae,pos_not_targeted,接続詞,接続詞,
それにもかかわらず,それにもかかわらず,sorenimokakawarazu,pos_not_targeted,接続詞,接続詞,
それにしても,それにしても,sorenishitemo,pos_not_targeted,接続詞,接続詞,
それにつけても,それにつけても,sorenitsuketemo,pos_not_targeted,接続詞,接続詞,
それというのも,それというのも,soretoiunomo,pos_not_targeted,接続詞,接続詞,
それとも,それとも,soretomo,pos_not_targeted,接続詞,接続詞,
其れ故,それゆえ,soreyue,pos_not_targeted,接続詞,接続詞,
それゆえに,それゆえに,soreyueni,pos_not_targeted,接続詞,接続詞,
それぞれ,それぞれ,sorezore,pos_not_targeted,副詞,副詞,
ソロリソロリ,そろりそろり,sororisorori,pos_not_targeted,副詞,副詞,
ソロソロ,そろそろ,sorosoro,pos_not_targeted,副詞,副詞,
そりゃ,そりゃ,sorya,pos_not_targeted,感動詞,感動詞,
素知らぬ,そしらぬ,soshiranu,pos_not_targeted,連体詞,連体詞,
そして,そして,soshite,pos_not_targeted,接続詞,接続詞,
草々,そうそう,soso,pos_not_targeted,感動詞,感動詞,
そそくさ,そそくさ,sosokusa,pos_not_targeted,副詞,副詞,
総体,そうたい,sotai,pos_not_targeted,副詞,副詞,
相当,そうとう,soto,pos_not_targeted,副詞,副詞,
そっと,そっと,sotto,pos_not_targeted,副詞,副詞,
ソワソワ,そわそわ,sowasowa,pos_not_targeted,副詞,副詞,
そよそよ,そよそよ,soyosoyo,pos_not_targeted,副詞,副詞,
騒然,そうぜん,sozen,pos_not_targeted,副詞,副詞,
すべからく,すべからく,subekaraku,pos_not_targeted,副詞,副詞,
全て,すべて,subete,pos_not_targeted,副詞,副詞,
既に,すでに,sudeni,pos_not_targeted,副詞,副詞,
既にして,すでにして,sudenishite,pos_not_targeted,副詞,副詞,
すごすご,すごすご,sugosugo,pos_not_targeted,副詞,副詞,
すぐ,すぐ,sugu,pos_not_targeted,副詞,副詞,
すぐさま,すぐさま,sugusama,pos_not_targeted,副詞,副詞,
すいません,すいません,suimasen,pos_not_targeted,感動詞,感動詞,
スイスイ,すいすい,suisui,pos_not_targeted,副詞,副詞,
すかさず,すかさず,sukasazu,pos_not_targeted,副詞,副詞,
すっかり,すっかり,sukkari,pos_not_targeted,副詞,副詞,
スッキリ,すっきり,sukkiri,pos_not_targeted,副詞,副詞,
すっくと,すっくと,sukkuto,pos_not_targeted,副詞,副詞,
すこぶる,すこぶる,sukoburu,pos_not_targeted,副詞,副詞,
少し,すこし,sukoshi,pos_not_targeted,副詞,副詞,
少しも,すこしも,sukoshimo,pos_not_targeted,副詞,副詞,
少しずつ,すこしずつ,sukoshizutsu,pos_not_targeted,副詞,副詞,
少なからず,すくなからず,sukunakarazu,pos_not_targeted,副詞,副詞,
少なくとも,すくなくとも,sukunakutomo,pos_not_targeted,副詞,副詞,
スクスク,すくすく,sukusuku,pos_not_targeted,副詞,副詞,
すみません,すみません,sumimasen,pos_not_targeted,感動詞,感動詞,
すなわち,すなわち,sunawachi,pos_not_targeted,副詞,副詞,
すんでのところで,すんでのところで,sundenotokorode,pos_not_targeted,副詞,副詞,
すんなり,すんなり,sunnari,pos_not_targeted,副詞,副詞,
スパッと,すぱっと,supatto,pos_not_targeted,副詞,副詞,
すっぽり,すっぽり,suppori,pos_not_targeted,副詞,副詞,
スラスラ,すらすら,surasura,pos_not_targeted,副詞,副詞,
スルスル,するする,surusuru,pos_not_targeted,副詞,副詞,
すると,すると,suruto,pos_not_targeted,接続詞,接続詞,
スタスタ,すたすた,sutasuta,pos_not_targeted,副詞,副詞,
ストン,すとん,suton,pos_not_targeted,副詞,副詞,
すったもんだ,すったもんだ,suttamonda,pos_not_targeted,副詞,副詞,
すっと,すっと,sutto,pos_not_targeted,副詞,副詞,
スヤスヤ,すやすや,suyasuya,pos_not_targeted,副詞,副詞,
度々,たびたび,tabitabi,pos_not_targeted,副詞,副詞,
多分,たぶん,tabun,pos_not_targeted,副詞,副詞,
たちどころに,たちどころに,tachidokoroni,pos_not_targeted,副詞,副詞,
忽ち,たちまち,tachimachi,pos_not_targeted,副詞,副詞,
唯,ただ,tada,pos_not_targeted,副詞,副詞,
直ちに,ただちに,tadachini,pos_not_targeted,副詞,副詞,
只今,ただいま,tadaima,pos_not_targeted,感動詞,感動詞,
ただならぬ,ただならぬ,tadanaranu,pos_not_targeted,連体詞,連体詞,
但し,ただし,tadashi,pos_not_targeted,接続詞,接続詞,
ただただ,ただただ,tadatada,pos_not_targeted,副詞,副詞,
絶えず,たえず,taezu,pos_not_targeted,副詞,副詞,
互いに,たがいに,tagaini,pos_not_targeted,副詞,副詞,
他方,たほう,taho,pos_not_targeted,副詞,副詞,
大概,たいがい,taigai,pos_not_targeted,副詞,副詞,
大変,たいへん,taihen,pos_not_targeted,副詞,副詞,
大略,たいりゃく,tairyaku,pos_not_targeted,副詞,副詞,
大した,たいした,taishita,pos_not_targeted,連体詞,連体詞,
大して,たいして,taishite,pos_not_targeted,副詞,副詞,
大層,たいそう,taiso,pos_not_targeted,副詞,副詞,
大抵,たいてい,taitei,pos_not_targeted,副詞,副詞,
たじたじ,たじたじ,tajitaji,pos_not_targeted,副詞,副詞,
高々,たかだか,takadaka,pos_not_targeted,副詞,副詞,
たかが,たかが,takaga,pos_not_targeted,副詞,副詞,
沢山,たくさん,takusan,pos_not_targeted,副詞,副詞,
偶々,たまたま,tamatama,pos_not_targeted,副詞,副詞,
試しに,ためしに,tameshini,pos_not_targeted,副詞,副詞,
たんま,たんま,tanma,pos_not_targeted,感動詞,感動詞,
たんまり,たんまり,tanmari,pos_not_targeted,副詞,副詞,
単なる,たんなる,tannaru,pos_not_targeted,連体詞,連体詞,
単に,たんに,tanni,pos_not_targeted,副詞,副詞,
単身,たんしん,tanshin,pos_not_targeted,副詞,副詞,
淡々,たんたん,tantan,pos_not_targeted,副詞,副詞,
たっぷり,たっぷり,tappuri,pos_not_targeted,副詞,副詞,
たらふく,たらふく,tarafuku,pos_not_targeted,副詞,副詞,
確か,たしか,tashika,pos_not_targeted,副詞,副詞,
多少,たしょう,tasho,pos_not_targeted,副詞,副詞,
多々,たた,tata,pos_not_targeted,副詞,副詞,
たとえ,たとえ,tatoe,pos_not_targeted,副詞,副詞,
例えば,たとえば,tatoeba,pos_not_targeted,副詞,副詞,
たった,たった,tatta,pos_not_targeted,連体詞,連体詞,
たった今,たったいま,tattaima,pos_not_targeted,副詞,副詞,
たって,たって,tatte,pos_not_targeted,副詞,副詞,
たゆまず,たゆまず,tayumazu,pos_not_targeted,副詞,副詞,
手当たり次第,てあたりしだい,teatarishidai,pos_not_targeted,副詞,副詞,
体よく,ていよく,teiyoku,pos_not_targeted,副詞,副詞,
適宜,てきぎ,tekigi,pos_not_targeted,副詞,副詞,
テキパキ,てきぱき,tekipaki,pos_not_targeted,副詞,副詞,
てっきり,てっきり,tekkiri,pos_not_targeted,副詞,副詞,
テクテク,てくてく,tekuteku,pos_not_targeted,副詞,副詞,
てんで,てんで,tende,pos_not_targeted,副詞,副詞,
手に手に,てにてに,teniteni,pos_not_targeted,副詞,副詞,
天から,てんから,tenkara,pos_not_targeted,副詞,副詞,
点々,てんてん,tenten,pos_not_targeted,副詞,副詞,
転々,てんてん,tenten,pos_not_targeted,副詞,副詞,
徹頭徹尾,てっとうてつび,tettotetsubi,pos_not_targeted,副詞,副詞,
てやんでえ,てやんでえ,teyandee,pos_not_targeted,感動詞,感動詞,
と,と,to,pos_not_targeted,接続詞,接続詞,
とある,とある,toaru,pos_not_targeted,連体詞,連体詞,
とびきり,とびきり,tobikiri,pos_not_targeted,副詞,副詞,
とびきり,とびきり,tobikiri,pos_not_targeted,副詞,副詞,
トボトボ,とぼとぼ,tobotobo,pos_not_targeted,副詞,副詞,
当分,とうぶん,tobun,pos_not_targeted,副詞,副詞,
と同時に,とどうじに,todojini,pos_not_targeted,接続詞,接続詞,
とどのつまり,とどのつまり,todonotsumari,pos_not_targeted,副詞,副詞,
当該,とうがい,togai,pos_not_targeted,連体詞,連体詞,
とはいえ,とはいえ,tohaie,pos_not_targeted,接続詞,接続詞,
とはいうものの,とはいうものの,tohaiumonono,pos_not_targeted,接続詞,接続詞,
というのも,というのも,toiunomo,pos_not_targeted,接続詞,接続詞,
とかく,とかく,tokaku,pos_not_targeted,副詞,副詞,
遠からず,とおからず,tokarazu,pos_not_targeted,副詞,副詞,
時々,ときどき,tokidoki,pos_not_targeted,副詞,副詞,
時ならぬ,ときならぬ,tokinaranu,pos_not_targeted,連体詞,連体詞,
時に,ときに,tokini,pos_not_targeted,副詞,副詞,
時折,ときおり,tokiori,pos_not_targeted,副詞,副詞,
時偶,ときたま,tokitama,pos_not_targeted,副詞,副詞,
時として,ときとして,tokitoshite,pos_not_targeted,副詞,副詞,
とっくに,とっくに,tokkuni,pos_not_targeted,副詞,副詞,
とっくり,とっくり,tokkuri,pos_not_targeted,副詞,副詞,
ところで,ところで,tokorode,pos_not_targeted,接続詞,接続詞,
所々,ところどころ,tokorodokoro,pos_not_targeted,副詞,副詞,
ところが,ところが,tokoroga,pos_not_targeted,接続詞,接続詞,
とことん,とことん,tokoton,pos_not_targeted,副詞,副詞,
特別,とくべつ,tokubetsu,pos_not_targeted,副詞,副詞,
特段,とくだん,tokudan,pos_not_targeted,副詞,副詞,
特に,とくに,tokuni,pos_not_targeted,副詞,副詞,
篤と,とくと,tokuto,pos_not_targeted,副詞,副詞,
得々,とくとく,tokutoku,pos_not_targeted,副詞,副詞,
頓に,とみに,tomini,pos_not_targeted,副詞,副詞,
ともあれ,ともあれ,tomoare,pos_not_targeted,副詞,副詞,
共々,ともども,tomodomo,pos_not_targeted,副詞,副詞,
ともかく,ともかく,tomokaku,pos_not_targeted,副詞,副詞,
ともかくも,ともかくも,tomokakumo,pos_not_targeted,副詞,副詞,
共に,ともに,tomoni,pos_not_targeted,副詞,副詞,
ともすれば,ともすれば,tomosureba,pos_not_targeted,副詞,副詞,
ともすると,ともすると,tomosuruto,pos_not_targeted,副詞,副詞,
とんだ,とんだ,tonda,pos_not_targeted,連体詞,連体詞,
とうに,とうに,toni,pos_not_targeted,副詞,副詞,
兎に角,とにかく,tonikaku,pos_not_targeted,副詞,副詞,
兎にも角にも,とにもかくにも,tonimokakunimo,pos_not_targeted,副詞,副詞,
当の,とうの,tono,pos_not_targeted,連体詞,連体詞,
とんと,とんと,tonto,pos_not_targeted,副詞,副詞,
トントン,とんとん,tonton,pos_not_targeted,副詞,副詞,
とっぷり,とっぷり,toppuri,pos_not_targeted,副詞,副詞,
取り敢えず,とりあえず,toriaezu,pos_not_targeted,副詞,副詞,
取り急ぎ,とりいそぎ,toriisogi,pos_not_targeted,副詞,副詞,
とりもなおさず,とりもなおさず,torimonaosazu,pos_not_targeted,副詞,副詞,
とりわけ,とりわけ,toriwake,pos_not_targeted,副詞,副詞,
トロトロ,とろとろ,torotoro,pos_not_targeted,副詞,副詞,
咄嗟に,とっさに,tossani,pos_not_targeted,副詞,副詞,
とすれば,とすれば,tosureba,pos_not_targeted,接続詞,接続詞,
とすると,とすると,tosuruto,pos_not_targeted,接続詞,接続詞,
到底,とうてい,totei,pos_not_targeted,副詞,副詞,
とても,とても,totemo,pos_not_targeted,副詞,副詞,
とうとう,とうとう,toto,pos_not_targeted,副詞,副詞,
突如,とつじょ,totsujo,pos_not_targeted,副詞,副詞,
突然,とつぜん,totsuzen,pos_not_targeted,副詞,副詞,
とっても,とっても,tottemo,pos_not_targeted,副詞,副詞,
とっとと,とっとと,tottoto,pos_not_targeted,副詞,副詞,
とやかく,とやかく,toyakaku,pos_not_targeted,副詞,副詞,
当然,とうぜん,tozen,pos_not_targeted,副詞,副詞,
つべこべ,つべこべ,tsubekobe,pos_not_targeted,副詞,副詞,
つぶさに,つぶさに,tsubusani,pos_not_targeted,副詞,副詞,
次に,つぎに,tsugini,pos_not_targeted,副詞,副詞,
次の,つぎの,tsugino,pos_not_targeted,連体詞,連体詞,
次々,つぎつぎ,tsugitsugi,pos_not_targeted,副詞,副詞,
都合,つごう,tsugo,pos_not_targeted,副詞,副詞,
つい,つい,tsui,pos_not_targeted,副詞,副詞,
次いで,ついで,tsuide,pos_not_targeted,接続詞,接続詞,
ついでに,ついでに,tsuideni,pos_not_targeted,副詞,副詞,
遂に,ついに,tsuini,pos_not_targeted,副詞,副詞,
ついては,ついては,tsuiteha,pos_not_targeted,接続詞,接続詞,
ついつい,ついつい,tsuitsui,pos_not_targeted,副詞,副詞,
ついぞ,ついぞ,tsuizo,pos_not_targeted,副詞,副詞,
つかつか,つかつか,tsukatsuka,pos_not_targeted,副詞,副詞,
つくづく,つくづく,tsukuzuku,pos_not_targeted,副詞,副詞,
つまり,つまり,tsumari,pos_not_targeted,副詞,副詞,
詰まる所,つまるところ,tsumarutokoro,pos_not_targeted,副詞,副詞,
罪な,つみな,tsumina,pos_not_targeted,連体詞,連体詞,
常に,つねに,tsuneni,pos_not_targeted,副詞,副詞,
常々,つねづね,tsunezune,pos_not_targeted,副詞,副詞,
ツンと,つんと,tsunto,pos_not_targeted,副詞,副詞,
通例,つうれい,tsurei,pos_not_targeted,副詞,副詞,
努めて,つとめて,tsutomete,pos_not_targeted,副詞,副詞,
つとに,つとに,tsutoni,pos_not_targeted,副詞,副詞,
謹んで,つつしんで,tsutsushinde,pos_not_targeted,副詞,副詞,
ツヤツヤ,つやつや,tsuyatsuya,pos_not_targeted,副詞,副詞,
うだうだ,うだうだ,udauda,pos_not_targeted,副詞,副詞,
うかうか,うかうか,ukauka,pos_not_targeted,副詞,副詞,
ウキウキ,うきうき,ukiuki,pos_not_targeted,副詞,副詞,
生まれ乍ら,うまれながら,umarenagara,pos_not_targeted,副詞,副詞,
生まれ付き,うまれつき,umaretsuki,pos_not_targeted,副詞,副詞,
うむ,うむ,umu,pos_not_targeted,感動詞,感動詞,
うん,うん,un,pos_not_targeted,感動詞,感動詞,
ウーン,うーん,un,pos_not_targeted,感動詞,感動詞,
ウネウネ,うねうね,uneune,pos_not_targeted,副詞,副詞,
うんと,うんと,unto,pos_not_targeted,副詞,副詞,
運よく,うんよく,unyoku,pos_not_targeted,副詞,副詞,
うんざり,うんざり,unzari,pos_not_targeted,副詞,副詞,
裏を返せば,うらをかえせば,uraokaeseba,pos_not_targeted,副詞,副詞,
ウラウラ,うらうら,uraura,pos_not_targeted,副詞,副詞,
うろちょろ,うろちょろ,urochoro,pos_not_targeted,副詞,副詞,
ウロウロ,うろうろ,uroro,pos_not_targeted,副詞,副詞,
うっすら,うっすら,ussura,pos_not_targeted,副詞,副詞,
ウスウス,うすうす,ususu,pos_not_targeted,副詞,副詞,
ウトウト,うとうと,utoto,pos_not_targeted,副詞,副詞,
うつらうつら,うつらうつら,utsurautsura,pos_not_targeted,副詞,副詞,
うわー,うわー,uwa,pos_not_targeted,感動詞,感動詞,
うわあー,うわあー,uwaa,pos_not_targeted,感動詞,感動詞,
ウヨウヨ,うようよ,uyoyo,pos_not_targeted,副詞,副詞,
わ,わ,wa,pos_not_targeted,感動詞,感動詞,
わっ,わっ,wa,pos_not_targeted,感動詞,感動詞,
わー,わー,wa,pos_not_targeted,感動詞,感動詞,
わーっ,わーっ,wa,pos_not_targeted,感動詞,感動詞,
わあー,わあー,waa,pos_not_targeted,感動詞,感動詞,
我が,わが,waga,pos_not_targeted,連体詞,連体詞,
わけても,わけても,waketemo,pos_not_targeted,副詞,副詞,
ワクワク,わくわく,wakuwaku,pos_not_targeted,副詞,副詞,
わなわな,わなわな,wanawana,pos_not_targeted,副詞,副詞,
わんさ,わんさ,wansa,pos_not_targeted,副詞,副詞,
我乍ら,われながら,warenagara,pos_not_targeted,副詞,副詞,
我先に,われさきに,waresakini,pos_not_targeted,副詞,副詞,
我知らず,われしらず,wareshirazu,pos_not_targeted,副詞,副詞,
割り合い,わりあい,wariai,pos_not_targeted,副詞,副詞,
割りかし,わりかし,warikashi,pos_not_targeted,副詞,副詞,
割り方,わりかた,warikata,pos_not_targeted,副詞,副詞,
割に,わりに,warini,pos_not_targeted,副詞,副詞,
割と,わりと,warito,pos_not_targeted,副詞,副詞,
わっしょい,わっしょい,wasshoi,pos_not_targeted,感動詞,感動詞,
わざと,わざと,wazato,pos_not_targeted,副詞,副詞,
わざわざ,わざわざ,wazawaza,pos_not_targeted,副詞,副詞,
僅か,わずか,wazuka,pos_not_targeted,副詞,副詞,
ウォー,うぉー,wo,pos_not_targeted,感動詞,感動詞,
やあ,やあ,yaa,pos_not_targeted,感動詞,感動詞,
やがて,やがて,yagate,pos_not_targeted,副詞,副詞,
やはり,やはり,yahari,pos_not_targeted,副詞,副詞,
やきもき,やきもき,yakimoki,pos_not_targeted,副詞,副詞,
山程,やまほど,yamahodo,pos_not_targeted,副詞,副詞,
山々,やまやま,yamayama,pos_not_targeted,副詞,副詞,
やむなく,やむなく,yamunaku,pos_not_targeted,副詞,副詞,
やにわに,やにわに,yaniwani,pos_not_targeted,副詞,副詞,
やんわり,やんわり,yanwari,pos_not_targeted,副詞,副詞,
やおら,やおら,yaora,pos_not_targeted,副詞,副詞,
やっぱり,やっぱり,yappari,pos_not_targeted,副詞,副詞,
やれ,やれ,yare,pos_not_targeted,感動詞,感動詞,
やれやれ,やれやれ,yareyare,pos_not_targeted,感動詞,感動詞,
やすやす,やすやす,yasuyasu,pos_not_targeted,副詞,副詞,
やたら,やたら,yatara,pos_not_targeted,副詞,副詞,
やっと,やっと,yatto,pos_not_targeted,副詞,副詞,
やや,やや,yaya,pos_not_targeted,副詞,副詞,
ややもすれば,ややもすれば,yayamosureba,pos_not_targeted,副詞,副詞,
ややもすると,ややもすると,yayamosuruto,pos_not_targeted,副詞,副詞,
夜通し,よどおし,yodoshi,pos_not_targeted,副詞,副詞,
要は,ようは,yoha,pos_not_targeted,副詞,副詞,
余程,よほど,yohodo,pos_not_targeted,副詞,副詞,
よいしょ,よいしょ,yoisho,pos_not_targeted,感動詞,感動詞,
余計,よけい,yokei,pos_not_targeted,副詞,副詞,
ようこそ,ようこそ,yokoso,pos_not_targeted,副詞,副詞,
良く,よく,yoku,pos_not_targeted,副詞,副詞,
よくも,よくも,yokumo,pos_not_targeted,副詞,副詞,
よくよく,よくよく,yokuyoku,pos_not_targeted,副詞,副詞,
よくぞ,よくぞ,yokuzo,pos_not_targeted,副詞,副詞,
夜もすがら,よもすがら,yomosugara,pos_not_targeted,副詞,副詞,
よもや,よもや,yomoya,pos_not_targeted,副詞,副詞,
夜な夜な,よなよな,yonayona,pos_not_targeted,副詞,副詞,
世に,よに,yoni,pos_not_targeted,副詞,副詞,
世にも,よにも,yonimo,pos_not_targeted,副詞,副詞,
よっぽど,よっぽど,yoppodo,pos_not_targeted,副詞,副詞,
より,より,yori,pos_not_targeted,副詞,副詞,
喜んで,よろこんで,yorokonde,pos_not_targeted,副詞,副詞,
よろしく,よろしく,yoroshiku,pos_not_targeted,副詞,副詞,
万,よろず,yorozu,pos_not_targeted,副詞,副詞,
ヨシッ,よしっ,yoshi,pos_not_targeted,感動詞,感動詞,
よーし,よーし,yoshi,pos_not_targeted,感動詞,感動詞,
よしんば,よしんば,yoshinba,pos_not_targeted,副詞,副詞,
要するに,ようするに,yosuruni,pos_not_targeted,副詞,副詞,
ヨタヨタ,よたよた,yotayota,pos_not_targeted,副詞,副詞,
よって,よって,yotte,pos_not_targeted,接続詞,接続詞,
寄って集って,よってたかって,yottetakatte,pos_not_targeted,副詞,副詞,
ようやく,ようやく,yoyaku,pos_not_targeted,副詞,副詞,
洋々,ようよう,yoyo,pos_not_targeted,副詞,副詞,
故に,ゆえに,yueni,pos_not_targeted,接続詞,接続詞,
唯一,ゆいいつ,yuiitsu,pos_not_targeted,副詞,副詞,
ゆっくり,ゆっくり,yukkuri,pos_not_targeted,副詞,副詞,
ゆくゆくは,ゆくゆくは,yukuyukuha,pos_not_targeted,副詞,副詞,
夢にも,ゆめにも,yumenimo,pos_not_targeted,副詞,副詞,
ゆめゆめ,ゆめゆめ,yumeyume,pos_not_targeted,副詞,副詞,
優に,ゆうに,yuni,pos_not_targeted,副詞,副詞,
ユラユラ,ゆらゆら,yurayura,pos_not_targeted,副詞,副詞,
ユルユル,ゆるゆる,yuruyuru,pos_not_targeted,副詞,副詞,
ゆったり,ゆったり,yuttari,pos_not_targeted,副詞,副詞,
悠々,ゆうゆう,yuyu,pos_not_targeted,副詞,副詞,
悠然,ゆうぜん,yuzen,pos_not_targeted,副詞,副詞,
ザクっと,ざくっと,zakutto,pos_not_targeted,副詞,副詞,
ザラっと,ざらっと,zaratto,pos_not_targeted,副詞,副詞,
ザラザラ,ざらざら,zarazara,pos_not_targeted,副詞,副詞,
雑然,ざつぜん,zatsuzen,pos_not_targeted,副詞,副詞,
ざっと,ざっと,zatto,pos_not_targeted,副詞,副詞,
是が非でも,ぜがひでも,zegahidemo,pos_not_targeted,副詞,副詞,
是非,ぜひ,zehi,pos_not_targeted,副詞,副詞,
ぜひとも,ぜひとも,zehitomo,pos_not_targeted,副詞,副詞,
全部,ぜんぶ,zenbu,pos_not_targeted,副詞,副詞,
全然,ぜんぜん,zenzen,pos_not_targeted,副詞,副詞,
絶対,ぜったい,zettai,pos_not_targeted,副詞,副詞,
続々,ぞくぞく,zokuzoku,pos_not_targeted,副詞,副詞,
存外,ぞんがい,zongai,pos_not_targeted,副詞,副詞,
ゾロゾロ,ぞろぞろ,zorozoro,pos_not_targeted,副詞,副詞,
ゾッと,ぞっと,zotto,pos_not_targeted,副詞,副詞,
ズバリ,ずばり,zubari,pos_not_targeted,副詞,副詞,
ズバズバ,ずばずば,zubazuba,pos_not_targeted,副詞,副詞,
随分,ずいぶん,zuibun,pos_not_targeted,副詞,副詞,
随時,ずいじ,zuiji,pos_not_targeted,副詞,副詞,
ズカズカ,ずかずか,zukazuka,pos_not_targeted,副詞,副詞,
ズケズケ,ずけずけ,zukezuke,pos_not_targeted,副詞,副詞,
ズングリ,ずんぐり,zunguri,pos_not_targeted,副詞,副詞,
ズラリ,ずらり,zurari,pos_not_targeted,副詞,副詞,
ズルズル,ずるずる,zuruzuru,pos_not_targeted,副詞,副詞,
ズシリ,ずしり,zushiri,pos_not_targeted,副詞,副詞,
ズシっと,ずしっと,zushitto,pos_not_targeted,副詞,副詞,
ズッシリ,ずっしり,zusshiri,pos_not_targeted,副詞,副詞,
ズタズタ,ずたずた,zutazuta,pos_not_targeted,副詞,副詞,
ずっと,ずっと,zutto,pos_not_targeted,副詞,副詞,
暴ける,あばける,abakeru,potential_verb,暴く/あばく,動詞,
脂ぎれる,あぶらぎれる,aburagireru,potential_verb,脂ぎる/あぶらぎる,動詞,
焙れる,あぶれる,abureru,potential_verb,焙る/あぶる,動詞,
焙り出せる,あぶりだせる,aburidaseru,potential_verb,焙り出す/あぶりだす,動詞,
喘げる,あえげる,aegeru,potential_verb,喘ぐ/あえぐ,動詞,
会える,あえる,aeru,potential_verb,会う/あう,動詞,
合える,あえる,aeru,potential_verb,合う/あう,動詞,
あがける,あがける,agakeru,potential_verb,あがく/あがく,動詞,
上がれる,あがれる,agareru,potential_verb,上がる/あがる,動詞,
挙がれる,あがれる,agareru,potential_verb,挙がる/あがる,動詞,
揚がれる,あがれる,agareru,potential_verb,揚がる/あがる,動詞,
倦める,あぐめる,agumeru,potential_verb,倦む/あぐむ,動詞,
相俟てる,あいまてる,aimateru,potential_verb,相俟つ/あいまつ,動詞,
愛せる,あいせる,aiseru,potential_verb,愛す/あいす,動詞,
相手取れる,あいてどれる,aitedoreru,potential_verb,相手取る/あいてどる,動詞,
相次げる,あいつげる,aitsugeru,potential_verb,相次ぐ/あいつぐ,動詞,
味わえる,あじわえる,ajiwaeru,potential_verb,味わう/あじわう,動詞,
明らめる,あからめる,akarameru,potential_verb,明らむ/あからむ,動詞,
明るめる,あかるめる,akarumeru,potential_verb,明るむ/あかるむ,動詞,
明かせる,あかせる,akaseru,potential_verb,明かす/あかす,動詞,
開け放てる,あけはなてる,akehanateru,potential_verb,開け放つ/あけはなつ,動詞,
明け渡せる,あけわたせる,akewataseru,potential_verb,明け渡す/あけわたす,動詞,
秋めける,あきめける,akimekeru,potential_verb,秋めく/あきめく,動詞,
商える,あきなえる,akinaeru,potential_verb,商う/あきなう,動詞,
飽き足れる,あきたれる,akitareru,potential_verb,飽き足る/あきたる,動詞,
天下れる,あまくだれる,amakudareru,potential_verb,天下る/あまくだる,動詞,
余れる,あまれる,amareru,potential_verb,余る/あまる,動詞,
甘やかせる,あまやかせる,amayakaseru,potential_verb,甘やかす/あまやかす,動詞,
編める,あめる,ameru,potential_verb,編む/あむ,動詞,
編み出せる,あみだせる,amidaseru,potential_verb,編み出す/あみだす,動詞,
侮れる,あなどれる,anadoreru,potential_verb,侮る/あなどる,動詞,
仰げる,あおげる,aogeru,potential_verb,仰ぐ/あおぐ,動詞,
扇げる,あおげる,aogeru,potential_verb,扇ぐ/あおぐ,動詞,
仰向ける,あおむける,aomukeru,potential_verb,仰向く/あおむく,動詞,
煽れる,あおれる,aoreru,potential_verb,煽る/あおる,動詞,
洗える,あらえる,araeru,potential_verb,洗う/あらう,動詞,
あらがえる,あらがえる,aragaeru,potential_verb,あらがう/あらがう,動詞,
洗い出せる,あらいだせる,araidaseru,potential_verb,洗い出す/あらいだす,動詞,
洗い流せる,あらいながせる,arainagaseru,potential_verb,洗い流す/あらいながす,動詞,
荒らせる,あらせる,araseru,potential_verb,荒らす/あらす,動詞,
争える,あらそえる,arasoeru,potential_verb,争う/あらそう,動詞,
改まれる,あらたまれる,aratamareru,potential_verb,改まる/あらたまる,動詞,
現せる,あらわせる,arawaseru,potential_verb,現す/あらわす,動詞,
著せる,あらわせる,arawaseru,potential_verb,著す/あらわす,動詞,
表せる,あらわせる,arawaseru,potential_verb,表す/あらわす,動詞,
荒れ狂える,あれくるえる,arekurueru,potential_verb,荒れ狂う/あれくるう,動詞,
有れる,あれる,areru,potential_verb,有る/ある,動詞,
有り余れる,ありあまれる,ariamareru,potential_verb,有り余る/ありあまる,動詞,
ありつける,ありつける,aritsukeru,potential_verb,ありつく/ありつく,動詞,
歩ける,あるける,arukeru,potential_verb,歩く/あるく,動詞,
漁れる,あされる,asareru,potential_verb,漁る/あさる,動詞,
汗ばめる,あせばめる,asebameru,potential_verb,汗ばむ/あせばむ,動詞,
焦れる,あせれる,asereru,potential_verb,焦る/あせる,動詞,
あしらえる,あしらえる,ashiraeru,potential_verb,あしらう/あしらう,動詞,
遊べる,あそべる,asoberu,potential_verb,遊ぶ/あそぶ,動詞,
圧せる,あっせる,asseru,potential_verb,圧す/あっす,動詞,
当たれる,あたれる,atareru,potential_verb,当たる/あたる,動詞,
暖まれる,あたたまれる,atatamareru,potential_verb,暖まる/あたたまる,動詞,
温まれる,あたたまれる,atatamareru,potential_verb,温まる/あたたまる,動詞,
あてがえる,あてがえる,ategaeru,potential_verb,あてがう/あてがう,動詞,
当て嵌まれる,あてはまれる,atehamareru,potential_verb,当て嵌まる/あてはまる,動詞,
扱える,あつかえる,atsukaeru,potential_verb,扱う/あつかう,動詞,
集まれる,あつまれる,atsumareru,potential_verb,集まる/あつまる,動詞,
哀れめる,あわれめる,awaremeru,potential_verb,哀れむ/あわれむ,動詞,
併せ持てる,あわせもてる,awasemoteru,potential_verb,併せ持つ/あわせもつ,動詞,
慌てふためける,あわてふためける,awatefutamekeru,potential_verb,慌てふためく/あわてふためく,動詞,
危ぶめる,あやぶめる,ayabumeru,potential_verb,危ぶむ/あやぶむ,動詞,
あやかれる,あやかれる,ayakareru,potential_verb,あやかる/あやかる,動詞,
誤れる,あやまれる,ayamareru,potential_verb,誤る/あやまる,動詞,
謝れる,あやまれる,ayamareru,potential_verb,謝る/あやまる,動詞,
過てる,あやまてる,ayamateru,potential_verb,過つ/あやまつ,動詞,
あやせる,あやせる,ayaseru,potential_verb,あやす/あやす,動詞,
怪しめる,あやしめる,ayashimeru,potential_verb,怪しむ/あやしむ,動詞,
操れる,あやつれる,ayatsureru,potential_verb,操る/あやつる,動詞,
歩める,あゆめる,ayumeru,potential_verb,歩む/あゆむ,動詞,
歩み寄れる,あゆみよれる,ayumiyoreru,potential_verb,歩み寄る/あゆみよる,動詞,
嘲れる,あざけれる,azakereru,potential_verb,嘲る/あざける,動詞,
欺ける,あざむける,azamukeru,potential_verb,欺く/あざむく,動詞,
あざ笑える,あざわらえる,azawaraeru,potential_verb,あざ笑う/あざわらう,動詞,
与れる,あずかれる,azukareru,potential_verb,与る/あずかる,動詞,
預かれる,あずかれる,azukareru,potential_verb,預かる/あずかる,動詞,
化かせる,ばかせる,bakaseru,potential_verb,化かす/ばかす,動詞,
ばらまける,ばらまける,baramakeru,potential_verb,ばらまく/ばらまく,動詞,
バラまける,ばらまける,baramakeru,potential_verb,バラまく/ばらまく,動詞,
ばらせる,ばらせる,baraseru,potential_verb,ばらす/ばらす,動詞,
ばらつける,ばらつける,baratsukeru,potential_verb,ばらつく/ばらつく,動詞,
罰せる,ばっせる,basseru,potential_verb,罰す/ばっす,動詞,
ばたつける,ばたつける,batatsukeru,potential_verb,ばたつく/ばたつく,動詞,
便せる,べんせる,benseru,potential_verb,便す/べんす,動詞,
べたつける,べたつける,betatsukeru,potential_verb,べたつく/べたつく,動詞,
べとつける,べとつける,betotsukeru,potential_verb,べとつく/べとつく,動詞,
びびれる,びびれる,bibireru,potential_verb,びびる/びびる,動詞,
暈せる,ぼかせる,bokaseru,potential_verb,暈す/ぼかす,動詞,
ぼれる,ぼれる,boreru,potential_verb,ぼる/ぼる,動詞,
没せる,ぼっせる,bosseru,potential_verb,没す/ぼっす,動詞,
ぼやかせる,ぼやかせる,boyakaseru,potential_verb,ぼやかす/ぼやかす,動詞,
ぼやける,ぼやける,boyakeru,potential_verb,ぼやく/ぼやく,動詞,
ぶち当たれる,ぶちあたれる,buchiatareru,potential_verb,ぶち当たる/ぶちあたる,動詞,
ぶち壊せる,ぶちこわせる,buchikowaseru,potential_verb,ぶち壊す/ぶちこわす,動詞,
分捕れる,ぶんどれる,bundoreru,potential_verb,分捕る/ぶんどる,動詞,
ぶら下がれる,ぶらさがれる,burasagareru,potential_verb,ぶら下がる/ぶらさがる,動詞,
ぶらつける,ぶらつける,buratsukeru,potential_verb,ぶらつく/ぶらつく,動詞,
ぶり返せる,ぶりかえせる,burikaeseru,potential_verb,ぶり返す/ぶりかえす,動詞,
ぶてる,ぶてる,buteru,potential_verb,ぶつ/ぶつ,動詞,
ぶつかれる,ぶつかれる,butsukareru,potential_verb,ぶつかる/ぶつかる,動詞,
茶化せる,ちゃかせる,chakaseru,potential_verb,茶化す/ちゃかす,動詞,
血走れる,ちばしれる,chibashireru,potential_verb,血走る/ちばしる,動詞,
千切れる,ちぎれる,chigireru,potential_verb,千切る/ちぎる,動詞,
契れる,ちぎれる,chigireru,potential_verb,契る/ちぎる,動詞,
縮かまれる,ちぢかまれる,chijikamareru,potential_verb,縮かまる/ちぢかまる,動詞,
縮こまれる,ちぢこまれる,chijikomareru,potential_verb,縮こまる/ちぢこまる,動詞,
縮まれる,ちぢまれる,chijimareru,potential_verb,縮まる/ちぢまる,動詞,
縮み上がれる,ちぢみあがれる,chijimiagareru,potential_verb,縮み上がる/ちぢみあがる,動詞,
誓える,ちかえる,chikaeru,potential_verb,誓う/ちかう,動詞,
近寄れる,ちかよれる,chikayoreru,potential_verb,近寄る/ちかよる,動詞,
近付ける,ちかづける,chikazukeru,potential_verb,近付く/ちかづく,動詞,
血迷える,ちまよえる,chimayoeru,potential_verb,血迷う/ちまよう,動詞,
因める,ちなめる,chinameru,potential_verb,因む/ちなむ,動詞,
散らばれる,ちらばれる,chirabareru,potential_verb,散らばる/ちらばる,動詞,
散らかれる,ちらかれる,chirakareru,potential_verb,散らかる/ちらかる,動詞,
散らかせる,ちらかせる,chirakaseru,potential_verb,散らかす/ちらかす,動詞,
散らせる,ちらせる,chiraseru,potential_verb,散らす/ちらす,動詞,
散れる,ちれる,chireru,potential_verb,散る/ちる,動詞,
ちょん切れる,ちょんぎれる,chongireru,potential_verb,ちょん切る/ちょんぎる,動詞,
ダブれる,だぶれる,dabureru,potential_verb,ダブる/だぶる,動詞,
だぶつける,だぶつける,dabutsukeru,potential_verb,だぶつく/だぶつく,動詞,
題せる,だいせる,daiseru,potential_verb,題す/だいす,動詞,
抱ける,だける,dakeru,potential_verb,抱く/だく,動詞,
抱き合える,だきあえる,dakiaeru,potential_verb,抱き合う/だきあう,動詞,
抱き込める,だきこめる,dakikomeru,potential_verb,抱き込む/だきこむ,動詞,
抱き付ける,だきつける,dakitsukeru,potential_verb,抱き付く/だきつく,動詞,
黙れる,だまれる,damareru,potential_verb,黙る/だまる,動詞,
黙りこくれる,だまりこくれる,damarikokureru,potential_verb,黙りこくる/だまりこくる,動詞,
騙せる,だませる,damaseru,potential_verb,騙す/だます,動詞,
出せる,だせる,daseru,potential_verb,出す/だす,動詞,
堕せる,だせる,daseru,potential_verb,堕す/だす,動詞,
出し抜ける,だしぬける,dashinukeru,potential_verb,出し抜く/だしぬく,動詞,
脱せる,だっせる,dasseru,potential_verb,脱す/だっす,動詞,
出会える,であえる,deaeru,potential_verb,出会う/であう,動詞,
出歩ける,であるける,dearukeru,potential_verb,出歩く/であるく,動詞,
出払える,ではらえる,deharaeru,potential_verb,出払う/ではらう,動詞,
出会せる,でくわせる,dekuwaseru,potential_verb,出会す/でくわす,動詞,
出向ける,でむける,demukeru,potential_verb,出向く/でむく,動詞,
出直せる,でなおせる,denaoseru,potential_verb,出直す/でなおす,動詞,
出っ張れる,でっぱれる,deppareru,potential_verb,出っ張る/でっぱる,動詞,
でしゃばれる,でしゃばれる,deshabareru,potential_verb,でしゃばる/でしゃばる,動詞,
出揃える,でそろえる,desoroeru,potential_verb,出揃う/でそろう,動詞,
どうかできる,どうかできる,dokadekiru,potential_verb,どうかする/どうかする,動詞,
毒せる,どくせる,dokuseru,potential_verb,毒す/どくす,動詞,
吃れる,どもれる,domoreru,potential_verb,吃る/どもる,動詞,
怒鳴れる,どなれる,donareru,potential_verb,怒鳴る/どなる,動詞,
ど突ける,どつける,dotsukeru,potential_verb,ど突く/どつく,動詞,
どよめける,どよめける,doyomekeru,potential_verb,どよめく/どよめく,動詞,
描ける,えがける,egakeru,potential_verb,描く/えがく,動詞,
抉れる,えぐれる,egureru,potential_verb,抉る/えぐる,動詞,
抉り出せる,えぐりだせる,eguridaseru,potential_verb,抉り出す/えぐりだす,動詞,
選べる,えらべる,eraberu,potential_verb,選ぶ/えらぶ,動詞,
選れる,えれる,ereru,potential_verb,選る/える,動詞,
選りすぐれる,えりすぐれる,erisugureru,potential_verb,選りすぐる/えりすぐる,動詞,
選りすぐれる,えりすぐれる,erisugureru,potential_verb,選りすぐる/えりすぐる,動詞,
縁取れる,ふちどれる,fuchidoreru,potential_verb,縁取る/ふちどる,動詞,
深まれる,ふかまれる,fukamareru,potential_verb,深まる/ふかまる,動詞,
耽れる,ふけれる,fukereru,potential_verb,耽る/ふける,動詞,
吹ける,ふける,fukeru,potential_verb,吹く/ふく,動詞,
噴ける,ふける,fukeru,potential_verb,噴く/ふく,動詞,
拭ける,ふける,fukeru,potential_verb,拭く/ふく,動詞,
噴き上がれる,ふきあがれる,fukiagareru,potential_verb,噴き上がる/ふきあがる,動詞,
吹き出せる,ふきだせる,fukidaseru,potential_verb,吹き出す/ふきだす,動詞,
吹き下ろせる,ふきおろせる,fukioroseru,potential_verb,吹き下ろす/ふきおろす,動詞,
封切れる,ふうきれる,fukireru,potential_verb,封切る/ふうきる,動詞,
吹き飛ばせる,ふきとばせる,fukitobaseru,potential_verb,吹き飛ばす/ふきとばす,動詞,
吹き飛べる,ふきとべる,fukitoberu,potential_verb,吹き飛ぶ/ふきとぶ,動詞,
吹き募れる,ふきつのれる,fukitsunoreru,potential_verb,吹き募る/ふきつのる,動詞,
含める,ふくめる,fukumeru,potential_verb,含む/ふくむ,動詞,
伏せる,ふくせる,fukuseru,potential_verb,伏す/ふくす,動詞,
復せる,ふくせる,fukuseru,potential_verb,復す/ふくす,動詞,
服せる,ふくせる,fukuseru,potential_verb,服す/ふくす,動詞,
踏める,ふめる,fumeru,potential_verb,踏む/ふむ,動詞,
踏み荒らせる,ふみあらせる,fumiaraseru,potential_verb,踏み荒らす/ふみあらす,動詞,
踏み出せる,ふみだせる,fumidaseru,potential_verb,踏み出す/ふみだす,動詞,
踏み外せる,ふみはずせる,fumihazuseru,potential_verb,踏み外す/ふみはずす,動詞,
踏み切れる,ふみきれる,fumikireru,potential_verb,踏み切る/ふみきる,動詞,
踏み込める,ふみこめる,fumikomeru,potential_verb,踏み込む/ふみこむ,動詞,
踏み迷える,ふみまよえる,fumimayoeru,potential_verb,踏み迷う/ふみまよう,動詞,
踏み均せる,ふみならせる,fuminaraseru,potential_verb,踏み均す/ふみならす,動詞,
踏み鳴らせる,ふみならせる,fuminaraseru,potential_verb,踏み鳴らす/ふみならす,動詞,
踏み躙れる,ふみにじれる,fuminijireru,potential_verb,踏み躙る/ふみにじる,動詞,
踏み倒せる,ふみたおせる,fumitaoseru,potential_verb,踏み倒す/ふみたおす,動詞,
踏み止まれる,ふみとどまれる,fumitodomareru,potential_verb,踏み止まる/ふみとどまる,動詞,
踏み潰せる,ふみつぶせる,fumitsubuseru,potential_verb,踏み潰す/ふみつぶす,動詞,
踏ん張れる,ふんばれる,funbareru,potential_verb,踏ん張る/ふんばる,動詞,
ふんだくれる,ふんだくれる,fundakureru,potential_verb,ふんだくる/ふんだくる,動詞,
扮せる,ふんせる,funseru,potential_verb,扮す/ふんす,動詞,
踏ん反り返れる,ふんぞりかえれる,funzorikaereru,potential_verb,踏ん反り返る/ふんぞりかえる,動詞,
ふらつける,ふらつける,furatsukeru,potential_verb,ふらつく/ふらつく,動詞,
触れ合える,ふれあえる,fureaeru,potential_verb,触れ合う/ふれあう,動詞,
触れ歩ける,ふれあるける,furearukeru,potential_verb,触れ歩く/ふれあるく,動詞,
触れ回れる,ふれまわれる,furemawareru,potential_verb,触れ回る/ふれまわる,動詞,
振れる,ふれる,fureru,potential_verb,振る/ふる,動詞,
降れる,ふれる,fureru,potential_verb,降る/ふる,動詞,
振り出せる,ふりだせる,furidaseru,potential_verb,振り出す/ふりだす,動詞,
振り払える,ふりはらえる,furiharaeru,potential_verb,振り払う/ふりはらう,動詞,
振りかぶれる,ふりかぶれる,furikabureru,potential_verb,振りかぶる/ふりかぶる,動詞,
振り返れる,ふりかえれる,furikaereru,potential_verb,振り返る/ふりかえる,動詞,
降り掛かれる,ふりかかれる,furikakareru,potential_verb,降り掛かる/ふりかかる,動詞,
振り翳せる,ふりかざせる,furikazaseru,potential_verb,振り翳す/ふりかざす,動詞,
振り切れる,ふりきれる,furikireru,potential_verb,振り切る/ふりきる,動詞,
振り込める,ふりこめる,furikomeru,potential_verb,振り込む/ふりこむ,動詞,
振り撒ける,ふりまける,furimakeru,potential_verb,振り撒く/ふりまく,動詞,
振り乱せる,ふりみだせる,furimidaseru,potential_verb,振り乱す/ふりみだす,動詞,
振り向ける,ふりむける,furimukeru,potential_verb,振り向く/ふりむく,動詞,
振り下ろせる,ふりおろせる,furioroseru,potential_verb,振り下ろす/ふりおろす,動詞,
振り落とせる,ふりおとせる,furiotoseru,potential_verb,振り落とす/ふりおとす,動詞,
振り絞れる,ふりしぼれる,furishiboreru,potential_verb,振り絞る/ふりしぼる,動詞,
降り頻れる,ふりしきれる,furishikireru,potential_verb,降り頻る/ふりしきる,動詞,
降り注げる,ふりそそげる,furisosogeru,potential_verb,降り注ぐ/ふりそそぐ,動詞,
降り積もれる,ふりつもれる,furitsumoreru,potential_verb,降り積もる/ふりつもる,動詞,
降り募れる,ふりつのれる,furitsunoreru,potential_verb,降り募る/ふりつのる,動詞,
奮える,ふるえる,furueru,potential_verb,奮う/ふるう,動詞,
振るえる,ふるえる,furueru,potential_verb,振るう/ふるう,動詞,
奮い起こせる,ふるいおこせる,furuiokoseru,potential_verb,奮い起こす/ふるいおこす,動詞,
振るい落とせる,ふるいおとせる,furuiotoseru,potential_verb,振るい落とす/ふるいおとす,動詞,
篩い落とせる,ふるいおとせる,furuiotoseru,potential_verb,篩い落とす/ふるいおとす,動詞,
奮い立てる,ふるいたてる,furuitateru,potential_verb,奮い立つ/ふるいたつ,動詞,
振る舞える,ふるまえる,furumaeru,potential_verb,振る舞う/ふるまう,動詞,
塞げる,ふさげる,fusageru,potential_verb,塞ぐ/ふさぐ,動詞,
防げる,ふせげる,fusegeru,potential_verb,防ぐ/ふせぐ,動詞,
臥せれる,ふせれる,fusereru,potential_verb,臥せる/ふせる,動詞,
付せる,ふせる,fuseru,potential_verb,付す/ふす,動詞,
節榑立てる,ふしくれだてる,fushikuredateru,potential_verb,節榑立つ/ふしくれだつ,動詞,
伏し拝める,ふしおがめる,fushiogameru,potential_verb,伏し拝む/ふしおがむ,動詞,
太れる,ふとれる,futoreru,potential_verb,太る/ふとる,動詞,
降って湧ける,ふってわける,futtewakeru,potential_verb,降って湧く/ふってわく,動詞,
吹っ飛べる,ふっとべる,futtoberu,potential_verb,吹っ飛ぶ/ふっとぶ,動詞,
増やせる,ふやせる,fuyaseru,potential_verb,増やす/ふやす,動詞,
害せる,がいせる,gaiseru,potential_verb,害す/がいす,動詞,
頑張れる,がんばれる,ganbareru,potential_verb,頑張る/がんばる,動詞,
ぎらつける,ぎらつける,giratsukeru,potential_verb,ぎらつく/ぎらつく,動詞,
擬せる,ぎせる,giseru,potential_verb,擬す/ぎす,動詞,
ごまかせる,ごまかせる,gomakaseru,potential_verb,ごまかす/ごまかす,動詞,
号せる,ごうせる,goseru,potential_verb,号す/ごうす,動詞,
ごたつける,ごたつける,gotatsukeru,potential_verb,ごたつく/ごたつく,動詞,
ごった返せる,ごったがえせる,gottagaeseru,potential_verb,ごった返す/ごったがえす,動詞,
御座れる,ござれる,gozareru,potential_verb,御座る/ござる,動詞,
愚痴れる,ぐちれる,guchireru,potential_verb,愚痴る/ぐちる,動詞,
ぐらつける,ぐらつける,guratsukeru,potential_verb,ぐらつく/ぐらつく,動詞,
ぐずれる,ぐずれる,guzureru,potential_verb,ぐずる/ぐずる,動詞,
ぐずつける,ぐずつける,guzutsukeru,potential_verb,ぐずつく/ぐずつく,動詞,
御せる,ぎょせる,gyoseru,potential_verb,御す/ぎょす,動詞,
牛耳れる,ぎゅうじれる,gyujireru,potential_verb,牛耳る/ぎゅうじる,動詞,
憚れる,はばかれる,habakareru,potential_verb,憚る/はばかる,動詞,
阻める,はばめる,habameru,potential_verb,阻む/はばむ,動詞,
羽ばたける,はばたける,habatakeru,potential_verb,羽ばたく/はばたく,動詞,
侍れる,はべれる,habereru,potential_verb,侍る/はべる,動詞,
はびこれる,はびこれる,habikoreru,potential_verb,はびこる/はびこる,動詞,
省ける,はぶける,habukeru,potential_verb,省く/はぶく,動詞,
這える,はえる,haeru,potential_verb,這う/はう,動詞,
剥がせる,はがせる,hagaseru,potential_verb,剥がす/はがす,動詞,
励ませる,はげませる,hagemaseru,potential_verb,励ます/はげます,動詞,
励める,はげめる,hagemeru,potential_verb,励む/はげむ,動詞,
剥げる,はげる,hageru,potential_verb,剥ぐ/はぐ,動詞,
はぎ合わせる,はぎあわせる,hagiawaseru,potential_verb,はぎ合わす/はぎあわす,動詞,
剥ぎ取れる,はぎとれる,hagitoreru,potential_verb,剥ぎ取る/はぎとる,動詞,
育める,はぐくめる,hagukumeru,potential_verb,育む/はぐくむ,動詞,
はぐらかせる,はぐらかせる,hagurakaseru,potential_verb,はぐらかす/はぐらかす,動詞,
這い上がれる,はいあがれる,haiagareru,potential_verb,這い上がる/はいあがる,動詞,
入れる,はいれる,haireru,potential_verb,入る/はいる,動詞,
廃せる,はいせる,haiseru,potential_verb,廃す/はいす,動詞,
拝せる,はいせる,haiseru,potential_verb,拝す/はいす,動詞,
排せる,はいせる,haiseru,potential_verb,排す/はいす,動詞,
配せる,はいせる,haiseru,potential_verb,配す/はいす,動詞,
恥じ入れる,はじいれる,hajiireru,potential_verb,恥じ入る/はじいる,動詞,
弾ける,はじける,hajikeru,potential_verb,弾く/はじく,動詞,
弾き出せる,はじきだせる,hajikidaseru,potential_verb,弾き出す/はじきだす,動詞,
始まれる,はじまれる,hajimareru,potential_verb,始まる/はじまる,動詞,
恥じらえる,はじらえる,hajiraeru,potential_verb,恥じらう/はじらう,動詞,
捗れる,はかどれる,hakadoreru,potential_verb,捗る/はかどる,動詞,
計らえる,はからえる,hakaraeru,potential_verb,計らう/はからう,動詞,
図れる,はかれる,hakareru,potential_verb,図る/はかる,動詞,
測れる,はかれる,hakareru,potential_verb,測る/はかる,動詞,
計れる,はかれる,hakareru,potential_verb,計る/はかる,動詞,
諮れる,はかれる,hakareru,potential_verb,諮る/はかる,動詞,
謀れる,はかれる,hakareru,potential_verb,謀る/はかる,動詞,
量れる,はかれる,hakareru,potential_verb,量る/はかる,動詞,
吐ける,はける,hakeru,potential_verb,吐く/はく,動詞,
履ける,はける,hakeru,potential_verb,履く/はく,動詞,
掃ける,はける,hakeru,potential_verb,掃く/はく,動詞,
吐き出せる,はきだせる,hakidaseru,potential_verb,吐き出す/はきだす,動詞,
運べる,はこべる,hakoberu,potential_verb,運ぶ/はこぶ,動詞,
運び出せる,はこびだせる,hakobidaseru,potential_verb,運び出す/はこびだす,動詞,
博せる,はくせる,hakuseru,potential_verb,博す/はくす,動詞,
はまれる,はまれる,hamareru,potential_verb,はまる/はまる,動詞,
食める,はめる,hameru,potential_verb,食む/はむ,動詞,
食み出せる,はみだせる,hamidaseru,potential_verb,食み出す/はみだす,動詞,
刃向かえる,はむかえる,hamukaeru,potential_verb,刃向かう/はむかう,動詞,
放せる,はなせる,hanaseru,potential_verb,放す/はなす,動詞,
話せる,はなせる,hanaseru,potential_verb,話す/はなす,動詞,
離せる,はなせる,hanaseru,potential_verb,離す/はなす,動詞,
話し出せる,はなしだせる,hanashidaseru,potential_verb,話し出す/はなしだす,動詞,
放てる,はなてる,hanateru,potential_verb,放つ/はなつ,動詞,
跳ね上がれる,はねあがれる,haneagareru,potential_verb,跳ね上がる/はねあがる,動詞,
跳ね返れる,はねかえれる,hanekaereru,potential_verb,跳ね返る/はねかえる,動詞,
跳ね返せる,はねかえせる,hanekaeseru,potential_verb,跳ね返す/はねかえす,動詞,
跳ね飛ばせる,はねとばせる,hanetobaseru,potential_verb,跳ね飛ばす/はねとばす,動詞,
はにかめる,はにかめる,hanikameru,potential_verb,はにかむ/はにかむ,動詞,
反せる,はんせる,hanseru,potential_verb,反す/はんす,動詞,
羽織れる,はおれる,haoreru,potential_verb,羽織る/はおる,動詞,
腹這える,はらばえる,harabaeru,potential_verb,腹這う/はらばう,動詞,
払える,はらえる,haraeru,potential_verb,払う/はらう,動詞,
祓える,はらえる,haraeru,potential_verb,祓う/はらう,動詞,
払い戻せる,はらいもどせる,haraimodoseru,potential_verb,払い戻す/はらいもどす,動詞,
孕める,はらめる,harameru,potential_verb,孕む/はらむ,動詞,
晴らせる,はらせる,haraseru,potential_verb,晴らす/はらす,動詞,
張れる,はれる,hareru,potential_verb,張る/はる,動詞,
貼れる,はれる,hareru,potential_verb,貼る/はる,動詞,
張り合える,はりあえる,hariaeru,potential_verb,張り合う/はりあう,動詞,
張り出せる,はりだせる,haridaseru,potential_verb,張り出す/はりだす,動詞,
張り切れる,はりきれる,harikireru,potential_verb,張り切る/はりきる,動詞,
張り巡らせる,はりめぐらせる,harimeguraseru,potential_verb,張り巡らす/はりめぐらす,動詞,
張り付ける,はりつける,haritsukeru,potential_verb,張り付く/はりつく,動詞,
春めける,はるめける,harumekeru,potential_verb,春めく/はるめく,動詞,
挟める,はさめる,hasameru,potential_verb,挟む/はさむ,動詞,
燥げる,はしゃげる,hashageru,potential_verb,燥ぐ/はしゃぐ,動詞,
走れる,はしれる,hashireru,potential_verb,走る/はしる,動詞,
走り回れる,はしりまわれる,hashirimawareru,potential_verb,走り回る/はしりまわる,動詞,
はしょれる,はしょれる,hashoreru,potential_verb,はしょる/はしょる,動詞,
発せる,はっせる,hasseru,potential_verb,発す/はっす,動詞,
はたける,はたける,hatakeru,potential_verb,はたく/はたく,動詞,
はためける,はためける,hatamekeru,potential_verb,はためく/はためく,動詞,
働ける,はたらける,hatarakeru,potential_verb,働く/はたらく,動詞,
果たせる,はたせる,hataseru,potential_verb,果たす/はたす,動詞,
早まれる,はやまれる,hayamareru,potential_verb,早まる/はやまる,動詞,
速まれる,はやまれる,hayamareru,potential_verb,速まる/はやまる,動詞,
流行れる,はやれる,hayareru,potential_verb,流行る/はやる,動詞,
逸れる,はやれる,hayareru,potential_verb,逸る/はやる,動詞,
囃せる,はやせる,hayaseru,potential_verb,囃す/はやす,動詞,
生やせる,はやせる,hayaseru,potential_verb,生やす/はやす,動詞,
弾める,はずめる,hazumeru,potential_verb,弾む/はずむ,動詞,
外せる,はずせる,hazuseru,potential_verb,外す/はずす,動詞,
へばれる,へばれる,hebareru,potential_verb,へばる/へばる,動詞,
へばり付ける,へばりつける,hebaritsukeru,potential_verb,へばり付く/へばりつく,動詞,
隔たれる,へだたれる,hedatareru,potential_verb,隔たる/へだたる,動詞,
隔てる,へだてる,hedateru,potential_verb,隔つ/へだつ,動詞,
偏せる,へんせる,henseru,potential_verb,偏す/へんす,動詞,
減らせる,へらせる,heraseru,potential_verb,減らす/へらす,動詞,
減れる,へれる,hereru,potential_verb,減る/へる,動詞,
へりくだれる,へりくだれる,herikudareru,potential_verb,へりくだる/へりくだる,動詞,
圧し折れる,へしおれる,heshioreru,potential_verb,圧し折る/へしおる,動詞,
へたばれる,へたばれる,hetabareru,potential_verb,へたばる/へたばる,動詞,
諂える,へつらえる,hetsuraeru,potential_verb,諂う/へつらう,動詞,
干上がれる,ひあがれる,hiagareru,potential_verb,干上がる/ひあがる,動詞,
響ける,ひびける,hibikeru,potential_verb,響く/ひびく,動詞,
僻める,ひがめる,higameru,potential_verb,僻む/ひがむ,動詞,
光れる,ひかれる,hikareru,potential_verb,光る/ひかる,動詞,
光り輝ける,ひかりかがやける,hikarikagayakeru,potential_verb,光り輝く/ひかりかがやく,動詞,
ひけらかせる,ひけらかせる,hikerakaseru,potential_verb,ひけらかす/ひけらかす,動詞,
引ける,ひける,hikeru,potential_verb,引く/ひく,動詞,
弾ける,ひける,hikeru,potential_verb,弾く/ひく,動詞,
挽ける,ひける,hikeru,potential_verb,挽く/ひく,動詞,
引き千切れる,ひきちぎれる,hikichigireru,potential_verb,引き千切る/ひきちぎる,動詞,
引き出せる,ひきだせる,hikidaseru,potential_verb,引き出す/ひきだす,動詞,
引き離せる,ひきはなせる,hikihanaseru,potential_verb,引き離す/ひきはなす,動詞,
引き払える,ひきはらえる,hikiharaeru,potential_verb,引き払う/ひきはらう,動詞,
引き籠れる,ひきこもれる,hikikomoreru,potential_verb,引き籠る/ひきこもる,動詞,
引き戻せる,ひきもどせる,hikimodoseru,potential_verb,引き戻す/ひきもどす,動詞,
引き延ばせる,ひきのばせる,hikinobaseru,potential_verb,引き延ばす/ひきのばす,動詞,
引き抜ける,ひきぬける,hikinukeru,potential_verb,引き抜く/ひきぬく,動詞,
引き起こせる,ひきおこせる,hikiokoseru,potential_verb,引き起こす/ひきおこす,動詞,
引き落とせる,ひきおとせる,hikiotoseru,potential_verb,引き落とす/ひきおとす,動詞,
引き下がれる,ひきさがれる,hikisagareru,potential_verb,引き下がる/ひきさがる,動詞,
引き裂ける,ひきさける,hikisakeru,potential_verb,引き裂く/ひきさく,動詞,
引き絞れる,ひきしぼれる,hikishiboreru,potential_verb,引き絞る/ひきしぼる,動詞,
引き締まれる,ひきしまれる,hikishimareru,potential_verb,引き締まる/ひきしまる,動詞,
引き取れる,ひきとれる,hikitoreru,potential_verb,引き取る/ひきとる,動詞,
引き継げる,ひきつげる,hikitsugeru,potential_verb,引き継ぐ/ひきつぐ,動詞,
引き渡せる,ひきわたせる,hikiwataseru,potential_verb,引き渡す/ひきわたす,動詞,
引き摺れる,ひきずれる,hikizureru,potential_verb,引き摺る/ひきずる,動詞,
引き摺り出せる,ひきずりだせる,hikizuridaseru,potential_verb,引き摺り出す/ひきずりだす,動詞,
引っ被れる,ひっかぶれる,hikkabureru,potential_verb,引っ被る/ひっかぶる,動詞,
引っ掛かれる,ひっかかれる,hikkakareru,potential_verb,引っ掛かる/ひっかかる,動詞,
引っ掻ける,ひっかける,hikkakeru,potential_verb,引っ掻く/ひっかく,動詞,
引っ込める,ひっこめる,hikkomeru,potential_verb,引っ込む/ひっこむ,動詞,
引っこ抜ける,ひっこぬける,hikkonukeru,potential_verb,引っこ抜く/ひっこぬく,動詞,
引っ越せる,ひっこせる,hikkoseru,potential_verb,引っ越す/ひっこす,動詞,
引っ繰り返れる,ひっくりかえれる,hikkurikaereru,potential_verb,引っ繰り返る/ひっくりかえる,動詞,
引っ繰り返せる,ひっくりかえせる,hikkurikaeseru,potential_verb,引っ繰り返す/ひっくりかえす,動詞,
低まれる,ひくまれる,hikumareru,potential_verb,低まる/ひくまる,動詞,
紐解ける,ひもとける,himotokeru,potential_verb,紐解く/ひもとく,動詞,
捻れる,ひねれる,hinereru,potential_verb,捻る/ひねる,動詞,
捻り出せる,ひねりだせる,hineridaseru,potential_verb,捻り出す/ひねりだす,動詞,
皮肉れる,ひにくれる,hinikureru,potential_verb,皮肉る/ひにくる,動詞,
瀕せる,ひんせる,hinseru,potential_verb,瀕す/ひんす,動詞,
貧せる,ひんせる,hinseru,potential_verb,貧す/ひんす,動詞,
引っ張れる,ひっぱれる,hippareru,potential_verb,引っ張る/ひっぱる,動詞,
引っ張り出せる,ひっぱりだせる,hipparidaseru,potential_verb,引っ張り出す/ひっぱりだす,動詞,
引っ叩ける,ひっぱたける,hippatakeru,potential_verb,引っ叩く/ひっぱたく,動詞,
披ける,ひらける,hirakeru,potential_verb,披く/ひらく,動詞,
開ける,ひらける,hirakeru,potential_verb,開く/ひらく,動詞,
開き直れる,ひらきなおれる,hirakinaoreru,potential_verb,開き直る/ひらきなおる,動詞,
閃ける,ひらめける,hiramekeru,potential_verb,閃く/ひらめく,動詞,
ひれ伏せる,ひれふせる,hirefuseru,potential_verb,ひれ伏す/ひれふす,動詞,
拾える,ひろえる,hiroeru,potential_verb,拾う/ひろう,動詞,
広がれる,ひろがれる,hirogareru,potential_verb,広がる/ひろがる,動詞,
広まれる,ひろまれる,hiromareru,potential_verb,広まる/ひろまる,動詞,
翻れる,ひるがえれる,hirugaereru,potential_verb,翻る/ひるがえる,動詞,
翻せる,ひるがえせる,hirugaeseru,potential_verb,翻す/ひるがえす,動詞,
ひるめる,ひるめる,hirumeru,potential_verb,ひるむ/ひるむ,動詞,
比せる,ひせる,hiseru,potential_verb,比す/ひす,動詞,
犇めける,ひしめける,hishimekeru,potential_verb,犇めく/ひしめく,動詞,
直走れる,ひたはしれる,hitahashireru,potential_verb,直走る/ひたはしる,動詞,
直隠せる,ひたかくせる,hitakakuseru,potential_verb,直隠す/ひたかくす,動詞,
浸れる,ひたれる,hitareru,potential_verb,浸る/ひたる,動詞,
浸せる,ひたせる,hitaseru,potential_verb,浸す/ひたす,動詞,
引っ手繰れる,ひったくれる,hittakureru,potential_verb,引っ手繰る/ひったくる,動詞,
引っ付ける,ひっつける,hittsukeru,potential_verb,引っ付く/ひっつく,動詞,
冷やかせる,ひやかせる,hiyakaseru,potential_verb,冷やかす/ひやかす,動詞,
冷やせる,ひやせる,hiyaseru,potential_verb,冷やす/ひやす,動詞,
跪ける,ひざまずける,hizamazukeru,potential_verb,跪く/ひざまずく,動詞,
歪める,ひずめる,hizumeru,potential_verb,歪む/ひずむ,動詞,
頬張れる,ほおばれる,hobareru,potential_verb,頬張る/ほおばる,動詞,
解ける,ほどける,hodokeru,potential_verb,解く/ほどく,動詞,
施せる,ほどこせる,hodokoseru,potential_verb,施す/ほどこす,動詞,
微笑める,ほおえめる,hoemeru,potential_verb,微笑む/ほおえむ,動詞,
ほぐせる,ほぐせる,hoguseru,potential_verb,ほぐす/ほぐす,動詞,
頬笑める,ほほえめる,hohoemeru,potential_verb,頬笑む/ほほえむ,動詞,
ほじくれる,ほじくれる,hojikureru,potential_verb,ほじくる/ほじくる,動詞,
ほじれる,ほじれる,hojireru,potential_verb,ほじる/ほじる,動詞,
他なれる,ほかなれる,hokanareru,potential_verb,他なる/ほかなる,動詞,
誇れる,ほこれる,hokoreru,potential_verb,誇る/ほこる,動詞,
綻べる,ほころべる,hokoroberu,potential_verb,綻ぶ/ほころぶ,動詞,
ほくそ笑める,ほくそえめる,hokusoemeru,potential_verb,ほくそ笑む/ほくそえむ,動詞,
褒めちぎれる,ほめちぎれる,homechigireru,potential_verb,褒めちぎる/ほめちぎる,動詞,
褒めそやせる,ほめそやせる,homesoyaseru,potential_verb,褒めそやす/ほめそやす,動詞,
葬れる,ほうむれる,homureru,potential_verb,葬る/ほうむる,動詞,
ほうれる,ほうれる,horeru,potential_verb,ほうる/ほうる,動詞,
彫れる,ほれる,horeru,potential_verb,彫る/ほる,動詞,
掘れる,ほれる,horeru,potential_verb,掘る/ほる,動詞,
掘り出せる,ほりだせる,horidaseru,potential_verb,掘り出す/ほりだす,動詞,
掘り起こせる,ほりおこせる,horiokoseru,potential_verb,掘り起こす/ほりおこす,動詞,
滅べる,ほろべる,horoberu,potential_verb,滅ぶ/ほろぶ,動詞,
滅ぼせる,ほろぼせる,horoboseru,potential_verb,滅ぼす/ほろぼす,動詞,
干せる,ほせる,hoseru,potential_verb,干す/ほす,動詞,
細れる,ほそれる,hosoreru,potential_verb,細る/ほそる,動詞,
欲せる,ほっせる,hosseru,potential_verb,欲す/ほっす,動詞,
火照れる,ほてれる,hotereru,potential_verb,火照る/ほてる,動詞,
迸れる,ほとばしれる,hotobashireru,potential_verb,迸る/ほとばしる,動詞,
ほったらかせる,ほったらかせる,hottarakaseru,potential_verb,ほったらかす/ほったらかす,動詞,
放っておける,ほうっておける,hotteokeru,potential_verb,放っておく/ほうっておく,動詞,
放っとける,ほっとける,hottokeru,potential_verb,放っとく/ほっとく,動詞,
表せる,ひょうせる,hyoseru,potential_verb,表す/ひょうす,動詞,
評せる,ひょうせる,hyoseru,potential_verb,評す/ひょうす,動詞,
威張れる,いばれる,ibareru,potential_verb,威張る/いばる,動詞,
いびれる,いびれる,ibireru,potential_verb,いびる/いびる,動詞,
訝れる,いぶかれる,ibukareru,potential_verb,訝る/いぶかる,動詞,
燻れる,いぶれる,ibureru,potential_verb,燻る/いぶる,動詞,
燻せる,いぶせる,ibuseru,potential_verb,燻す/いぶす,動詞,
抱ける,いだける,idakeru,potential_verb,抱く/いだく,動詞,
挑める,いどめる,idomeru,potential_verb,挑む/いどむ,動詞,
言える,いえる,ieru,potential_verb,言う/いう,動詞,
啀み合える,いがみあえる,igamiaeru,potential_verb,啀み合う/いがみあう,動詞,
言い争える,いいあらそえる,iiarasoeru,potential_verb,言い争う/いいあらそう,動詞,
言い表せる,いいあらわせる,iiarawaseru,potential_verb,言い表す/いいあらわす,動詞,
言い触らせる,いいふらせる,iifuraseru,potential_verb,言い触らす/いいふらす,動詞,
言い古せる,いいふるせる,iifuruseru,potential_verb,言い古す/いいふるす,動詞,
言い放てる,いいはなてる,iihanateru,potential_verb,言い放つ/いいはなつ,動詞,
言い張れる,いいはれる,iihareru,potential_verb,言い張る/いいはる,動詞,
言い交わせる,いいかわせる,iikawaseru,potential_verb,言い交わす/いいかわす,動詞,
言い習わせる,いいならわせる,iinarawaseru,potential_verb,言い習わす/いいならわす,動詞,
言い付かれる,いいつかれる,iitsukareru,potential_verb,言い付かる/いいつかる,動詞,
言い淀める,いいよどめる,iiyodomeru,potential_verb,言い淀む/いいよどむ,動詞,
弄れる,いじれる,ijireru,potential_verb,弄る/いじる,動詞,
怒れる,いかれる,ikareru,potential_verb,怒る/いかる,動詞,
怒り狂える,いかりくるえる,ikarikurueru,potential_verb,怒り狂う/いかりくるう,動詞,
生かせる,いかせる,ikaseru,potential_verb,生かす/いかす,動詞,
生け捕れる,いけどれる,ikedoreru,potential_verb,生け捕る/いけどる,動詞,
行ける,いける,ikeru,potential_verb,行く/いく,動詞,
行ける,いける,ikeru,potential_verb,行く/いく,動詞,
逝ける,いける,ikeru,potential_verb,逝く/いく,動詞,
行き合える,いきあえる,ikiaeru,potential_verb,行き合う/いきあう,動詞,
行き合える,いきあえる,ikiaeru,potential_verb,行き合う/いきあう,動詞,
行き当たれる,いきあたれる,ikiatareru,potential_verb,行き当たる/いきあたる,動詞,
行き当たれる,いきあたれる,ikiatareru,potential_verb,行き当たる/いきあたる,動詞,
行き違える,いきちがえる,ikichigaeru,potential_verb,行き違う/いきちがう,動詞,
行き違える,いきちがえる,ikichigaeru,potential_verb,行き違う/いきちがう,動詞,
憤れる,いきどおれる,ikidoreru,potential_verb,憤る/いきどおる,動詞,
意気込める,いきごめる,ikigomeru,potential_verb,意気込む/いきごむ,動詞,
生き返れる,いきかえれる,ikikaereru,potential_verb,生き返る/いきかえる,動詞,
行き交える,いきかえる,ikikaeru,potential_verb,行き交う/いきかう,動詞,
行き交える,いきかえる,ikikaeru,potential_verb,行き交う/いきかう,動詞,
息巻ける,いきまける,ikimakeru,potential_verb,息巻く/いきまく,動詞,
息める,いきめる,ikimeru,potential_verb,息む/いきむ,動詞,
生き残れる,いきのこれる,ikinokoreru,potential_verb,生き残る/いきのこる,動詞,
勢い付ける,いきおいづける,ikioizukeru,potential_verb,勢い付く/いきおいづく,動詞,
熱り立てる,いきりたてる,ikiritateru,potential_verb,熱り立つ/いきりたつ,動詞,
行き届ける,いきとどける,ikitodokeru,potential_verb,行き届く/いきとどく,動詞,
行き届ける,いきとどける,ikitodokeru,potential_verb,行き届く/いきとどく,動詞,
行き着ける,いきつける,ikitsukeru,potential_verb,行き着く/いきつく,動詞,
行き着ける,いきつける,ikitsukeru,potential_verb,行き着く/いきつく,動詞,
息衝ける,いきづける,ikizukeru,potential_verb,息衝く/いきづく,動詞,
息詰まれる,いきづまれる,ikizumareru,potential_verb,息詰まる/いきづまる,動詞,
行き詰まれる,いきづまれる,ikizumareru,potential_verb,行き詰まる/いきづまる,動詞,
行き詰まれる,いきづまれる,ikizumareru,potential_verb,行き詰まる/いきづまる,動詞,
憩える,いこえる,ikoeru,potential_verb,憩う/いこう,動詞,
忌める,いめる,imeru,potential_verb,忌む/いむ,動詞,
嘶ける,いななける,inanakeru,potential_verb,嘶く/いななく,動詞,
居直れる,いなおれる,inaoreru,potential_verb,居直る/いなおる,動詞,
居並べる,いならべる,inaraberu,potential_verb,居並ぶ/いならぶ,動詞,
いなせる,いなせる,inaseru,potential_verb,いなす/いなす,動詞,
居眠れる,いねむれる,inemureru,potential_verb,居眠る/いねむる,動詞,
居残れる,いのこれる,inokoreru,potential_verb,居残る/いのこる,動詞,
祈れる,いのれる,inoreru,potential_verb,祈る/いのる,動詞,
射落とせる,いおとせる,iotoseru,potential_verb,射落とす/いおとす,動詞,
苛立てる,いらだてる,iradateru,potential_verb,苛立つ/いらだつ,動詞,
いらっしゃれる,いらっしゃれる,irasshareru,potential_verb,いらっしゃる/いらっしゃる,動詞,
入れ替われる,いれかわれる,irekawareru,potential_verb,入れ替わる/いれかわる,動詞,
煎れる,いれる,ireru,potential_verb,煎る/いる,動詞,
要れる,いれる,ireru,potential_verb,要る/いる,動詞,
入り浸れる,いりびたれる,iribitareru,potential_verb,入り浸る/いりびたる,動詞,
入り組める,いりくめる,irikumeru,potential_verb,入り組む/いりくむ,動詞,
入り交じれる,いりまじれる,irimajireru,potential_verb,入り交じる/いりまじる,動詞,
彩れる,いろどれる,irodoreru,potential_verb,彩る/いろどる,動詞,
色めける,いろめける,iromekeru,potential_verb,色めく/いろめく,動詞,
色めき立てる,いろめきたてる,iromekitateru,potential_verb,色めき立つ/いろめきたつ,動詞,
勇める,いさめる,isameru,potential_verb,勇む/いさむ,動詞,
勇み立てる,いさみたてる,isamitateru,potential_verb,勇み立つ/いさみたつ,動詞,
急げる,いそげる,isogeru,potential_verb,急ぐ/いそぐ,動詞,
勤しめる,いそしめる,isoshimeru,potential_verb,勤しむ/いそしむ,動詞,
逸せる,いっせる,isseru,potential_verb,逸す/いっす,動詞,
居竦まれる,いすくまれる,isukumareru,potential_verb,居竦まる/いすくまる,動詞,
居竦める,いすくめる,isukumeru,potential_verb,居竦む/いすくむ,動詞,
居座れる,いすわれる,isuwareru,potential_verb,居座る/いすわる,動詞,
頂ける,いただける,itadakeru,potential_verb,頂く/いただく,動詞,
悼める,いためる,itameru,potential_verb,悼む/いたむ,動詞,
至れる,いたれる,itareru,potential_verb,至る/いたる,動詞,
致せる,いたせる,itaseru,potential_verb,致す/いたす,動詞,
労れる,いたわれる,itawareru,potential_verb,労る/いたわる,動詞,
厭える,いとえる,itoeru,potential_verb,厭う/いとう,動詞,
営める,いとなめる,itonameru,potential_verb,営む/いとなむ,動詞,
居着ける,いつける,itsukeru,potential_verb,居着く/いつく,動詞,
慈しめる,いつくしめる,itsukushimeru,potential_verb,慈しむ/いつくしむ,動詞,
偽れる,いつわれる,itsuwareru,potential_verb,偽る/いつわる,動詞,
祝える,いわえる,iwaeru,potential_verb,祝う/いわう,動詞,
癒せる,いやせる,iyaseru,potential_verb,癒す/いやす,動詞,
寂せる,じゃくせる,jakuseru,potential_verb,寂す/じゃくす,動詞,
陣取れる,じんどれる,jindoreru,potential_verb,陣取る/じんどる,動詞,
持せる,じせる,jiseru,potential_verb,持す/じす,動詞,
辞せる,じせる,jiseru,potential_verb,辞す/じす,動詞,
熟せる,じゅくせる,jukuseru,potential_verb,熟す/じゅくす,動詞,
庇える,かばえる,kabaeru,potential_verb,庇う/かばう,動詞,
被れる,かぶれる,kabureru,potential_verb,被る/かぶる,動詞,
被される,かぶされる,kabusareru,potential_verb,被さる/かぶさる,動詞,
搗ち合える,かちあえる,kachiaeru,potential_verb,搗ち合う/かちあう,動詞,
勝ち誇れる,かちほこれる,kachihokoreru,potential_verb,勝ち誇る/かちほこる,動詞,
勝ち越せる,かちこせる,kachikoseru,potential_verb,勝ち越す/かちこす,動詞,
勝ち残れる,かちのこれる,kachinokoreru,potential_verb,勝ち残る/かちのこる,動詞,
勝ち取れる,かちとれる,kachitoreru,potential_verb,勝ち取る/かちとる,動詞,
角張れる,かどばれる,kadobareru,potential_verb,角張る/かどばる,動詞,
孵れる,かえれる,kaereru,potential_verb,孵る/かえる,動詞,
帰れる,かえれる,kaereru,potential_verb,帰る/かえる,動詞,
返れる,かえれる,kaereru,potential_verb,返る/かえる,動詞,
帰り着ける,かえりつける,kaeritsukeru,potential_verb,帰り着く/かえりつく,動詞,
返り咲ける,かえりざける,kaerizakeru,potential_verb,返り咲く/かえりざく,動詞,
買える,かえる,kaeru,potential_verb,買う/かう,動詞,
飼える,かえる,kaeru,potential_verb,飼う/かう,動詞,
帰せる,かえせる,kaeseru,potential_verb,帰す/かえす,動詞,
返せる,かえせる,kaeseru,potential_verb,返す/かえす,動詞,
屈める,かがめる,kagameru,potential_verb,屈む/かがむ,動詞,
かがれる,かがれる,kagareru,potential_verb,かがる/かがる,動詞,
輝ける,かがやける,kagayakeru,potential_verb,輝く/かがやく,動詞,
陰れる,かげれる,kagereru,potential_verb,陰る/かげる,動詞,
かげろえる,かげろえる,kageroeru,potential_verb,かげろう/かげろう,動詞,
嗅げる,かげる,kageru,potential_verb,嗅ぐ/かぐ,動詞,
限れる,かぎれる,kagireru,potential_verb,限る/かぎる,動詞,
掻い出せる,かいだせる,kaidaseru,potential_verb,掻い出す/かいだす,動詞,
買い被れる,かいかぶれる,kaikabureru,potential_verb,買い被る/かいかぶる,動詞,
買い戻せる,かいもどせる,kaimodoseru,potential_verb,買い戻す/かいもどす,動詞,
飼い馴らせる,かいならせる,kainaraseru,potential_verb,飼い馴らす/かいならす,動詞,
介せる,かいせる,kaiseru,potential_verb,介す/かいす,動詞,
会せる,かいせる,kaiseru,potential_verb,会す/かいす,動詞,
解せる,かいせる,kaiseru,potential_verb,解す/かいす,動詞,
買い叩ける,かいたたける,kaitatakeru,potential_verb,買い叩く/かいたたく,動詞,
買い取れる,かいとれる,kaitoreru,potential_verb,買い取る/かいとる,動詞,
かいつまめる,かいつまめる,kaitsumameru,potential_verb,かいつまむ/かいつまむ,動詞,
かじかめる,かじかめる,kajikameru,potential_verb,かじかむ/かじかむ,動詞,
齧れる,かじれる,kajireru,potential_verb,齧る/かじる,動詞,
齧り付ける,かじりつける,kajiritsukeru,potential_verb,齧り付く/かじりつく,動詞,
係れる,かかれる,kakareru,potential_verb,係る/かかる,動詞,
掛かれる,かかれる,kakareru,potential_verb,掛かる/かかる,動詞,
罹れる,かかれる,kakareru,potential_verb,罹る/かかる,動詞,
掛かり合える,かかりあえる,kakariaeru,potential_verb,掛かり合う/かかりあう,動詞,
欠かせる,かかせる,kakaseru,potential_verb,欠かす/かかす,動詞,
係われる,かかわれる,kakawareru,potential_verb,係わる/かかわる,動詞,
係わり合える,かかわりあえる,kakawariaeru,potential_verb,係わり合う/かかわりあう,動詞,
駆け上がれる,かけあがれる,kakeagareru,potential_verb,駆け上がる/かけあがる,動詞,
駆け回れる,かけまわれる,kakemawareru,potential_verb,駆け回る/かけまわる,動詞,
駆け巡れる,かけめぐれる,kakemegureru,potential_verb,駆け巡る/かけめぐる,動詞,
掻ける,かける,kakeru,potential_verb,掻く/かく,動詞,
書ける,かける,kakeru,potential_verb,書く/かく,動詞,
駆け寄れる,かけよれる,kakeyoreru,potential_verb,駆け寄る/かけよる,動詞,
駆けずり回れる,かけずりまわれる,kakezurimawareru,potential_verb,駆けずり回る/かけずりまわる,動詞,
書き表せる,かきあらわせる,kakiarawaseru,potential_verb,書き表す/かきあらわす,動詞,
掻き消せる,かきけせる,kakikeseru,potential_verb,掻き消す/かきけす,動詞,
掻き切れる,かききれる,kakikireru,potential_verb,掻き切る/かききる,動詞,
掻き回せる,かきまわせる,kakimawaseru,potential_verb,掻き回す/かきまわす,動詞,
掻き乱せる,かきみだせる,kakimidaseru,potential_verb,掻き乱す/かきみだす,動詞,
掻き毟れる,かきむしれる,kakimushireru,potential_verb,掻き毟る/かきむしる,動詞,
書き殴れる,かきなぐれる,kakinagureru,potential_verb,書き殴る/かきなぐる,動詞,
掻き鳴らせる,かきならせる,kakinaraseru,potential_verb,掻き鳴らす/かきならす,動詞,
書き起こせる,かきおこせる,kakiokoseru,potential_verb,書き起こす/かきおこす,動詞,
書き下ろせる,かきおろせる,kakioroseru,potential_verb,書き下ろす/かきおろす,動詞,
書き記せる,かきしるせる,kakishiruseru,potential_verb,書き記す/かきしるす,動詞,
書き綴れる,かきつづれる,kakitsuzureru,potential_verb,書き綴る/かきつづる,動詞,
書き写せる,かきうつせる,kakiutsuseru,potential_verb,書き写す/かきうつす,動詞,
活気付ける,かっきづける,kakkizukeru,potential_verb,活気付く/かっきづく,動詞,
囲える,かこえる,kakoeru,potential_verb,囲う/かこう,動詞,
囲める,かこめる,kakomeru,potential_verb,囲む/かこむ,動詞,
角張れる,かくばれる,kakubareru,potential_verb,角張る/かくばる,動詞,
かくまえる,かくまえる,kakumaeru,potential_verb,かくまう/かくまう,動詞,
画せる,かくせる,kakuseru,potential_verb,画す/かくす,動詞,
隠せる,かくせる,kakuseru,potential_verb,隠す/かくす,動詞,
隠し持てる,かくしもてる,kakushimoteru,potential_verb,隠し持つ/かくしもつ,動詞,
構える,かまえる,kamaeru,potential_verb,構う/かまう,動詞,
噛める,かめる,kameru,potential_verb,噛む/かむ,動詞,
噛み合える,かみあえる,kamiaeru,potential_verb,噛み合う/かみあう,動詞,
噛み殺せる,かみころせる,kamikoroseru,potential_verb,噛み殺す/かみころす,動詞,
噛み砕ける,かみくだける,kamikudakeru,potential_verb,噛み砕く/かみくだく,動詞,
噛み付ける,かみつける,kamitsukeru,potential_verb,噛み付く/かみつく,動詞,
醸せる,かもせる,kamoseru,potential_verb,醸す/かもす,動詞,
醸し出せる,かもしだせる,kamoshidaseru,potential_verb,醸し出す/かもしだす,動詞,
悲しめる,かなしめる,kanashimeru,potential_verb,悲しむ/かなしむ,動詞,
勘繰れる,かんぐれる,kangureru,potential_verb,勘繰る/かんぐる,動詞,
感極まれる,かんきわまれる,kankiwamareru,potential_verb,感極まる/かんきわまる,動詞,
冠せる,かんせる,kanseru,potential_verb,冠す/かんす,動詞,
関せる,かんせる,kanseru,potential_verb,関す/かんす,動詞,
感付ける,かんづける,kanzukeru,potential_verb,感付く/かんづく,動詞,
薫れる,かおれる,kaoreru,potential_verb,薫る/かおる,動詞,
掻っ払える,かっぱらえる,kapparaeru,potential_verb,掻っ払う/かっぱらう,動詞,
からかえる,からかえる,karakaeru,potential_verb,からかう/からかう,動詞,
絡まれる,からまれる,karamareru,potential_verb,絡まる/からまる,動詞,
絡める,からめる,karameru,potential_verb,絡む/からむ,動詞,
絡み付ける,からみつける,karamitsukeru,potential_verb,絡み付く/からみつく,動詞,
枯らせる,からせる,karaseru,potential_verb,枯らす/からす,動詞,
刈れる,かれる,kareru,potential_verb,刈る/かる,動詞,
狩れる,かれる,kareru,potential_verb,狩る/かる,動詞,
駆れる,かれる,kareru,potential_verb,駆る/かる,動詞,
借り出せる,かりだせる,karidaseru,potential_verb,借り出す/かりだす,動詞,
駆り出せる,かりだせる,karidaseru,potential_verb,駆り出す/かりだす,動詞,
嵩張れる,かさばれる,kasabareru,potential_verb,嵩張る/かさばる,動詞,
嵩める,かさめる,kasameru,potential_verb,嵩む/かさむ,動詞,
重なれる,かさなれる,kasanareru,potential_verb,重なる/かさなる,動詞,
かさつける,かさつける,kasatsukeru,potential_verb,かさつく/かさつく,動詞,
稼げる,かせげる,kasegeru,potential_verb,稼ぐ/かせぐ,動詞,
化せる,かせる,kaseru,potential_verb,化す/かす,動詞,
科せる,かせる,kaseru,potential_verb,科す/かす,動詞,
課せる,かせる,kaseru,potential_verb,課す/かす,動詞,
貸せる,かせる,kaseru,potential_verb,貸す/かす,動詞,
貸し切れる,かしきれる,kashikireru,potential_verb,貸し切る/かしきる,動詞,
畏まれる,かしこまれる,kashikomareru,potential_verb,畏まる/かしこまる,動詞,
掠れる,かすれる,kasureru,potential_verb,掠る/かする,動詞,
形作れる,かたちづくれる,katachizukureru,potential_verb,形作る/かたちづくる,動詞,
象れる,かたどれる,katadoreru,potential_verb,象る/かたどる,動詞,
固まれる,かたまれる,katamareru,potential_verb,固まる/かたまる,動詞,
語らえる,かたらえる,kataraeru,potential_verb,語らう/かたらう,動詞,
語れる,かたれる,katareru,potential_verb,語る/かたる,動詞,
騙れる,かたれる,katareru,potential_verb,騙る/かたる,動詞,
語り明かせる,かたりあかせる,katariakaseru,potential_verb,語り明かす/かたりあかす,動詞,
偏れる,かたよれる,katayoreru,potential_verb,偏る/かたよる,動詞,
勝てる,かてる,kateru,potential_verb,勝つ/かつ,動詞,
担げる,かつげる,katsugeru,potential_verb,担ぐ/かつぐ,動詞,
担ぎ出せる,かつぎだせる,katsugidaseru,potential_verb,担ぎ出す/かつぎだす,動詞,
可愛がれる,かわいがれる,kawaigareru,potential_verb,可愛がる/かわいがる,動詞,
乾かせる,かわかせる,kawakaseru,potential_verb,乾かす/かわかす,動詞,
乾ける,かわける,kawakeru,potential_verb,乾く/かわく,動詞,
渇ける,かわける,kawakeru,potential_verb,渇く/かわく,動詞,
代われる,かわれる,kawareru,potential_verb,代わる/かわる,動詞,
変われる,かわれる,kawareru,potential_verb,変わる/かわる,動詞,
換われる,かわれる,kawareru,potential_verb,換わる/かわる,動詞,
替われる,かわれる,kawareru,potential_verb,替わる/かわる,動詞,
交わせる,かわせる,kawaseru,potential_verb,交わす/かわす,動詞,
躱せる,かわせる,kawaseru,potential_verb,躱す/かわす,動詞,
通える,かよえる,kayoeru,potential_verb,通う/かよう,動詞,
飾れる,かざれる,kazareru,potential_verb,飾る/かざる,動詞,
翳せる,かざせる,kazaseru,potential_verb,翳す/かざす,動詞,
蹴散らかせる,けちらかせる,kechirakaseru,potential_verb,蹴散らかす/けちらかす,動詞,
蹴散らせる,けちらせる,kechiraseru,potential_verb,蹴散らす/けちらす,動詞,
ケチれる,けちれる,kechireru,potential_verb,ケチる/けちる,動詞,
汚せる,けがせる,kegaseru,potential_verb,汚す/けがす,動詞,
煙れる,けむれる,kemureru,potential_verb,煙る/けむる,動詞,
けなせる,けなせる,kenaseru,potential_verb,けなす/けなす,動詞,
蹴落とせる,けおとせる,keotoseru,potential_verb,蹴落とす/けおとす,動詞,
蹴れる,けれる,kereru,potential_verb,蹴る/ける,動詞,
蹴り出せる,けりだせる,keridaseru,potential_verb,蹴り出す/けりだす,動詞,
消せる,けせる,keseru,potential_verb,消す/けす,動詞,
気色ばめる,けしきばめる,keshikibameru,potential_verb,気色ばむ/けしきばむ,動詞,
消し飛べる,けしとべる,keshitoberu,potential_verb,消し飛ぶ/けしとぶ,動詞,
決せる,けっせる,kesseru,potential_verb,決す/けっす,動詞,
蹴飛ばせる,けとばせる,ketobaseru,potential_verb,蹴飛ばす/けとばす,動詞,
蹴破れる,けやぶれる,keyabureru,potential_verb,蹴破る/けやぶる,動詞,
削れる,けずれる,kezureru,potential_verb,削る/けずる,動詞,
黄ばめる,きばめる,kibameru,potential_verb,黄ばむ/きばむ,動詞,
気張れる,きばれる,kibareru,potential_verb,気張る/きばる,動詞,
気取れる,きどれる,kidoreru,potential_verb,気取る/きどる,動詞,
着飾れる,きかざれる,kikazareru,potential_verb,着飾る/きかざる,動詞,
利ける,きける,kikeru,potential_verb,利く/きく,動詞,
効ける,きける,kikeru,potential_verb,効く/きく,動詞,
聞ける,きける,kikeru,potential_verb,聞く/きく,動詞,
聴ける,きける,kikeru,potential_verb,聴く/きく,動詞,
聞き古せる,ききふるせる,kikifuruseru,potential_verb,聞き古す/ききふるす,動詞,
聴き入れる,ききいれる,kikiireru,potential_verb,聴き入る/ききいる,動詞,
聞き齧れる,ききかじれる,kikikajireru,potential_verb,聞き齧る/ききかじる,動詞,
聞き流せる,ききながせる,kikinagaseru,potential_verb,聞き流す/ききながす,動詞,
聞き逃せる,ききのがせる,kikinogaseru,potential_verb,聞き逃す/ききのがす,動詞,
決まれる,きまれる,kimareru,potential_verb,決まる/きまる,動詞,
決めてかかれる,きめてかかれる,kimetekakareru,potential_verb,決めてかかる/きめてかかる,動詞,
気に入れる,きにいれる,kiniireru,potential_verb,気に入る/きにいる,動詞,
気負える,きおえる,kioeru,potential_verb,気負う/きおう,動詞,
嫌える,きらえる,kiraeru,potential_verb,嫌う/きらう,動詞,
きらめける,きらめける,kiramekeru,potential_verb,きらめく/きらめく,動詞,
切れる,きれる,kireru,potential_verb,切る/きる,動詞,
斬れる,きれる,kireru,potential_verb,斬る/きる,動詞,
切り出せる,きりだせる,kiridaseru,potential_verb,切り出す/きりだす,動詞,
切り離せる,きりはなせる,kirihanaseru,potential_verb,切り離す/きりはなす,動詞,
切り払える,きりはらえる,kiriharaeru,potential_verb,切り払う/きりはらう,動詞,
切り開ける,きりひらける,kirihirakeru,potential_verb,切り開く/きりひらく,動詞,
切り替われる,きりかわれる,kirikawareru,potential_verb,切り替わる/きりかわる,動詞,
切り殺せる,きりころせる,kirikoroseru,potential_verb,切り殺す/きりころす,動詞,
切り崩せる,きりくずせる,kirikuzuseru,potential_verb,切り崩す/きりくずす,動詞,
切り回せる,きりまわせる,kirimawaseru,potential_verb,切り回す/きりまわす,動詞,
切り落とせる,きりおとせる,kiriotoseru,potential_verb,切り落とす/きりおとす,動詞,
切り裂ける,きりさける,kirisakeru,potential_verb,切り裂く/きりさく,動詞,
切り立てる,きりたてる,kiritateru,potential_verb,切り立つ/きりたつ,動詞,
帰せる,きせる,kiseru,potential_verb,帰す/きす,動詞,
期せる,きせる,kiseru,potential_verb,期す/きす,動詞,
軋める,きしめる,kishimeru,potential_verb,軋む/きしむ,動詞,
競える,きそえる,kisoeru,potential_verb,競う/きそう,動詞,
喫せる,きっせる,kisseru,potential_verb,喫す/きっす,動詞,
来せる,きたせる,kitaseru,potential_verb,来す/きたす,動詞,
窮まれる,きわまれる,kiwamareru,potential_verb,窮まる/きわまる,動詞,
清まれる,きよまれる,kiyomareru,potential_verb,清まる/きよまる,動詞,
刻める,きざめる,kizameru,potential_verb,刻む/きざむ,動詞,
兆せる,きざせる,kizaseru,potential_verb,兆す/きざす,動詞,
気遣える,きづかえる,kizukaeru,potential_verb,気遣う/きづかう,動詞,
築ける,きずける,kizukeru,potential_verb,築く/きずく,動詞,
気付ける,きづける,kizukeru,potential_verb,気付く/きづく,動詞,
拒める,こばめる,kobameru,potential_verb,拒む/こばむ,動詞,
こびり付ける,こびりつける,kobiritsukeru,potential_verb,こびり付く/こびりつく,動詞,
零せる,こぼせる,koboseru,potential_verb,零す/こぼす,動詞,
拘れる,こだわれる,kodawareru,potential_verb,拘る/こだわる,動詞,
恋える,こえる,koeru,potential_verb,恋う/こう,動詞,
請える,こえる,koeru,potential_verb,請う/こう,動詞,
焦がせる,こがせる,kogaseru,potential_verb,焦がす/こがす,動詞,
漕げる,こげる,kogeru,potential_verb,漕ぐ/こぐ,動詞,
焦げ付ける,こげつける,kogetsukeru,potential_verb,焦げ付く/こげつく,動詞,
凍え死ねる,こごえじねる,kogoejineru,potential_verb,凍え死ぬ/こごえじぬ,動詞,
乞い願える,こいねがえる,koinegaeru,potential_verb,乞い願う/こいねがう,動詞,
請い願える,こいねがえる,koinegaeru,potential_verb,請い願う/こいねがう,動詞,
恋せる,こいせる,koiseru,potential_verb,恋す/こいす,動詞,
抉れる,こじれる,kojireru,potential_verb,抉る/こじる,動詞,
転かせる,こかせる,kokaseru,potential_verb,転かす/こかす,動詞,
扱き下ろせる,こきおろせる,kokioroseru,potential_verb,扱き下ろす/こきおろす,動詞,
扱き使える,こきつかえる,kokitsukaeru,potential_verb,扱き使う/こきつかう,動詞,
心温まれる,こころあたたまれる,kokoroatatamareru,potential_verb,心温まる/こころあたたまる,動詞,
志せる,こころざせる,kokorozaseru,potential_verb,志す/こころざす,動詞,
拱ける,こまねける,komanekeru,potential_verb,拱く/こまねく,動詞,
拱ける,こまねける,komanekeru,potential_verb,拱く/こまねく,動詞,
困れる,こまれる,komareru,potential_verb,困る/こまる,動詞,
込める,こめる,komeru,potential_verb,込む/こむ,動詞,
込み入れる,こみいれる,komiireru,potential_verb,込み入る/こみいる,動詞,
籠れる,こもれる,komoreru,potential_verb,籠る/こもる,動詞,
込もれる,こもれる,komoreru,potential_verb,込もる/こもる,動詞,
被れる,こうむれる,komureru,potential_verb,被る/こうむる,動詞,
こなせる,こなせる,konaseru,potential_verb,こなす/こなす,動詞,
こんがらかれる,こんがらかれる,kongarakareru,potential_verb,こんがらかる/こんがらかる,動詞,
好める,このめる,konomeru,potential_verb,好む/このむ,動詞,
凝らせる,こらせる,koraseru,potential_verb,凝らす/こらす,動詞,
懲らせる,こらせる,koraseru,potential_verb,懲らす/こらす,動詞,
凍れる,こおれる,koreru,potential_verb,凍る/こおる,動詞,
凝れる,これる,koreru,potential_verb,凝る/こる,動詞,
凝り固まれる,こりかたまれる,korikatamareru,potential_verb,凝り固まる/こりかたまる,動詞,
転べる,ころべる,koroberu,potential_verb,転ぶ/ころぶ,動詞,
転がれる,ころがれる,korogareru,potential_verb,転がる/ころがる,動詞,
転がせる,ころがせる,korogaseru,potential_verb,転がす/ころがす,動詞,
殺せる,ころせる,koroseru,potential_verb,殺す/ころす,動詞,
抗せる,こうせる,koseru,potential_verb,抗す/こうす,動詞,
漉せる,こせる,koseru,potential_verb,漉す/こす,動詞,
超せる,こせる,koseru,potential_verb,超す/こす,動詞,
越せる,こせる,koseru,potential_verb,越す/こす,動詞,
こすれる,こすれる,kosureru,potential_verb,こする/こする,動詞,
異なれる,ことなれる,kotonareru,potential_verb,異なる/ことなる,動詞,
異にできる,ことにできる,kotonidekiru,potential_verb,異にする/ことにする,動詞,
断れる,ことわれる,kotowareru,potential_verb,断る/ことわる,動詞,
言付かれる,ことづかれる,kotozukareru,potential_verb,言付かる/ことづかる,動詞,
こわばれる,こわばれる,kowabareru,potential_verb,こわばる/こわばる,動詞,
壊せる,こわせる,kowaseru,potential_verb,壊す/こわす,動詞,
肥やせる,こやせる,koyaseru,potential_verb,肥やす/こやす,動詞,
挙れる,こぞれる,kozoreru,potential_verb,挙る/こぞる,動詞,
小突ける,こづける,kozukeru,potential_verb,小突く/こづく,動詞,
配れる,くばれる,kubareru,potential_verb,配る/くばる,動詞,
口走れる,くちばしれる,kuchibashireru,potential_verb,口走る/くちばしる,動詞,
口籠れる,くちごもれる,kuchigomoreru,potential_verb,口籠る/くちごもる,動詞,
口遊める,くちずさめる,kuchizusameru,potential_verb,口遊む/くちずさむ,動詞,
砕ける,くだける,kudakeru,potential_verb,砕く/くだく,動詞,
下れる,くだれる,kudareru,potential_verb,下る/くだる,動詞,
下せる,くだせる,kudaseru,potential_verb,下す/くだす,動詞,
口説ける,くどける,kudokeru,potential_verb,口説く/くどく,動詞,
食える,くえる,kueru,potential_verb,食う/くう,動詞,
区切れる,くぎれる,kugireru,potential_verb,区切る/くぎる,動詞,
くぐもれる,くぐもれる,kugumoreru,potential_verb,くぐもる/くぐもる,動詞,
くぐれる,くぐれる,kugureru,potential_verb,くぐる/くぐる,動詞,
食い荒らせる,くいあらせる,kuiaraseru,potential_verb,食い荒らす/くいあらす,動詞,
食い違える,くいちがえる,kuichigaeru,potential_verb,食い違う/くいちがう,動詞,
食い千切れる,くいちぎれる,kuichigireru,potential_verb,食い千切る/くいちぎる,動詞,
食い入れる,くいいれる,kuiireru,potential_verb,食い入る/くいいる,動詞,
食い込める,くいこめる,kuikomeru,potential_verb,食い込む/くいこむ,動詞,
食い下がれる,くいさがれる,kuisagareru,potential_verb,食い下がる/くいさがる,動詞,
食い縛れる,くいしばれる,kuishibareru,potential_verb,食い縛る/くいしばる,動詞,
食い潰せる,くいつぶせる,kuitsubuseru,potential_verb,食い潰す/くいつぶす,動詞,
食い付ける,くいつける,kuitsukeru,potential_verb,食い付く/くいつく,動詞,
食い繋げる,くいつなげる,kuitsunageru,potential_verb,食い繋ぐ/くいつなぐ,動詞,
挫ける,くじける,kujikeru,potential_verb,挫く/くじく,動詞,
括れる,くくれる,kukureru,potential_verb,括る/くくる,動詞,
汲める,くめる,kumeru,potential_verb,汲む/くむ,動詞,
組める,くめる,kumeru,potential_verb,組む/くむ,動詞,
汲み出せる,くみだせる,kumidaseru,potential_verb,汲み出す/くみだす,動詞,
与せる,くみせる,kumiseru,potential_verb,与す/くみす,動詞,
汲み取れる,くみとれる,kumitoreru,potential_verb,汲み取る/くみとる,動詞,
曇れる,くもれる,kumoreru,potential_verb,曇る/くもる,動詞,
くねれる,くねれる,kunereru,potential_verb,くねる/くねる,動詞,
食らえる,くらえる,kuraeru,potential_verb,食らう/くらう,動詞,
食らい付ける,くらいつける,kuraitsukeru,potential_verb,食らい付く/くらいつく,動詞,
晦ませる,くらませる,kuramaseru,potential_verb,晦ます/くらます,動詞,
眩める,くらめる,kurameru,potential_verb,眩む/くらむ,動詞,
暮らせる,くらせる,kuraseru,potential_verb,暮らす/くらす,動詞,
刳れる,くれる,kureru,potential_verb,刳る/くる,動詞,
繰れる,くれる,kureru,potential_verb,繰る/くる,動詞,
繰り上がれる,くりあがれる,kuriagareru,potential_verb,繰り上がる/くりあがる,動詞,
繰り出せる,くりだせる,kuridaseru,potential_verb,繰り出す/くりだす,動詞,
繰り返せる,くりかえせる,kurikaeseru,potential_verb,繰り返す/くりかえす,動詞,
繰り越せる,くりこせる,kurikoseru,potential_verb,繰り越す/くりこす,動詞,
黒ずめる,くろずめる,kurozumeru,potential_verb,黒ずむ/くろずむ,動詞,
狂える,くるえる,kurueru,potential_verb,狂う/くるう,動詞,
狂い咲ける,くるいざける,kuruizakeru,potential_verb,狂い咲く/くるいざく,動詞,
包める,くるめる,kurumeru,potential_verb,包む/くるむ,動詞,
腐れる,くされる,kusareru,potential_verb,腐る/くさる,動詞,
屈せる,くっせる,kusseru,potential_verb,屈す/くっす,動詞,
燻れる,くすぶれる,kusubureru,potential_verb,燻る/くすぶる,動詞,
擽れる,くすぐれる,kusugureru,potential_verb,擽る/くすぐる,動詞,
くすめる,くすめる,kusumeru,potential_verb,くすむ/くすむ,動詞,
くたばれる,くたばれる,kutabareru,potential_verb,くたばる/くたばる,動詞,
覆れる,くつがえれる,kutsugaereru,potential_verb,覆る/くつがえる,動詞,
覆せる,くつがえせる,kutsugaeseru,potential_verb,覆す/くつがえす,動詞,
寛げる,くつろげる,kutsurogeru,potential_verb,寛ぐ/くつろぐ,動詞,
食って掛かれる,くってかかれる,kuttekakareru,potential_verb,食って掛かる/くってかかる,動詞,
くっ付ける,くっつける,kuttsukeru,potential_verb,くっ付く/くっつく,動詞,
加われる,くわわれる,kuwawareru,potential_verb,加わる/くわわる,動詞,
悔やめる,くやめる,kuyameru,potential_verb,悔やむ/くやむ,動詞,
崩せる,くずせる,kuzuseru,potential_verb,崩す/くずす,動詞,
供せる,きょうせる,kyoseru,potential_verb,供す/きょうす,動詞,
休せる,きゅうせる,kyuseru,potential_verb,休す/きゅうす,動詞,
窮せる,きゅうせる,kyuseru,potential_verb,窮す/きゅうす,動詞,
間引ける,まびける,mabikeru,potential_verb,間引く/まびく,動詞,
まぶせる,まぶせる,mabuseru,potential_verb,まぶす/まぶす,動詞,
待ち望める,まちのぞめる,machinozomeru,potential_verb,待ち望む/まちのぞむ,動詞,
惑える,まどえる,madoeru,potential_verb,惑う/まどう,動詞,
まどろめる,まどろめる,madoromeru,potential_verb,まどろむ/まどろむ,動詞,
舞える,まえる,maeru,potential_verb,舞う/まう,動詞,
曲がれる,まがれる,magareru,potential_verb,曲がる/まがる,動詞,
曲がりくねれる,まがりくねれる,magarikunereru,potential_verb,曲がりくねる/まがりくねる,動詞,
紛らせる,まぎらせる,magiraseru,potential_verb,紛らす/まぎらす,動詞,
紛らわせる,まぎらわせる,magirawaseru,potential_verb,紛らわす/まぎらわす,動詞,
間切れる,まぎれる,magireru,potential_verb,間切る/まぎる,動詞,
まごつける,まごつける,magotsukeru,potential_verb,まごつく/まごつく,動詞,
舞い上がれる,まいあがれる,maiagareru,potential_verb,舞い上がる/まいあがる,動詞,
舞い込める,まいこめる,maikomeru,potential_verb,舞い込む/まいこむ,動詞,
舞い戻れる,まいもどれる,maimodoreru,potential_verb,舞い戻る/まいもどる,動詞,
参れる,まいれる,maireru,potential_verb,参る/まいる,動詞,
交じれる,まじれる,majireru,potential_verb,交じる/まじる,動詞,
混じれる,まじれる,majireru,potential_verb,混じる/まじる,動詞,
交われる,まじわれる,majiwareru,potential_verb,交わる/まじわる,動詞,
賄える,まかなえる,makanaeru,potential_verb,賄う/まかなう,動詞,
罷り通れる,まかりとおれる,makaritoreru,potential_verb,罷り通る/まかりとおる,動詞,
負かせる,まかせる,makaseru,potential_verb,負かす/まかす,動詞,
負け越せる,まけこせる,makekoseru,potential_verb,負け越す/まけこす,動詞,
巻ける,まける,makeru,potential_verb,巻く/まく,動詞,
撒ける,まける,makeru,potential_verb,撒く/まく,動詞,
蒔ける,まける,makeru,potential_verb,蒔く/まく,動詞,
巻き上がれる,まきあがれる,makiagareru,potential_verb,巻き上がる/まきあがる,動詞,
巻き返せる,まきかえせる,makikaeseru,potential_verb,巻き返す/まきかえす,動詞,
巻き戻せる,まきもどせる,makimodoseru,potential_verb,巻き戻す/まきもどす,動詞,
巻き起これる,まきおこれる,makiokoreru,potential_verb,巻き起こる/まきおこる,動詞,
巻き起こせる,まきおこせる,makiokoseru,potential_verb,巻き起こす/まきおこす,動詞,
巻き付ける,まきつける,makitsukeru,potential_verb,巻き付く/まきつく,動詞,
捲れる,まくれる,makureru,potential_verb,捲る/まくる,動詞,
守れる,まもれる,mamoreru,potential_verb,守る/まもる,動詞,
学べる,まなべる,manaberu,potential_verb,学ぶ/まなぶ,動詞,
招ける,まねける,manekeru,potential_verb,招く/まねく,動詞,
間に合える,まにあえる,maniaeru,potential_verb,間に合う/まにあう,動詞,
丸まれる,まるまれる,marumareru,potential_verb,丸まる/まるまる,動詞,
まさぐれる,まさぐれる,masagureru,potential_verb,まさぐる/まさぐる,動詞,
勝れる,まされる,masareru,potential_verb,勝る/まさる,動詞,
増せる,ませる,maseru,potential_verb,増す/ます,動詞,
跨がれる,またがれる,matagareru,potential_verb,跨がる/またがる,動詞,
跨げる,またげる,matageru,potential_verb,跨ぐ/またぐ,動詞,
瞬ける,またたける,matatakeru,potential_verb,瞬く/またたく,動詞,
待てる,まてる,materu,potential_verb,待つ/まつ,動詞,
纏える,まとえる,matoeru,potential_verb,纏う/まとう,動詞,
纏まれる,まとまれる,matomareru,potential_verb,纏まる/まとまる,動詞,
まとわれる,まとわれる,matowareru,potential_verb,まとわる/まとわる,動詞,
祭れる,まつれる,matsureru,potential_verb,祭る/まつる,動詞,
纏われる,まつわれる,matsuwareru,potential_verb,纏わる/まつわる,動詞,
纏わり付ける,まつわりつける,matsuwaritsukeru,potential_verb,纏わり付く/まつわりつく,動詞,
全うできる,まっとうできる,mattodekiru,potential_verb,全うする/まっとうする,動詞,
全うできる,まっとうできる,mattodekiru,potential_verb,できる,動詞,
回れる,まわれる,mawareru,potential_verb,回る/まわる,動詞,
回せる,まわせる,mawaseru,potential_verb,回す/まわす,動詞,
迷える,まよえる,mayoeru,potential_verb,迷う/まよう,動詞,
交ざれる,まざれる,mazareru,potential_verb,交ざる/まざる,動詞,
混ざれる,まざれる,mazareru,potential_verb,混ざる/まざる,動詞,
芽吹ける,めぶける,mebukeru,potential_verb,芽吹く/めぶく,動詞,
目立てる,めだてる,medateru,potential_verb,目立つ/めだつ,動詞,
恵める,めぐめる,megumeru,potential_verb,恵む/めぐむ,動詞,
巡れる,めぐれる,megureru,potential_verb,巡る/めぐる,動詞,
巡逢える,めぐりあえる,meguriaeru,potential_verb,巡逢う/めぐりあう,動詞,
滅入れる,めいれる,meireru,potential_verb,滅入る/めいる,動詞,
銘せる,めいせる,meiseru,potential_verb,銘す/めいす,動詞,
銘打てる,めいうてる,meiuteru,potential_verb,銘打つ/めいうつ,動詞,
粧せる,めかせる,mekaseru,potential_verb,粧す/めかす,動詞,
捲れる,めくれる,mekureru,potential_verb,捲る/めくる,動詞,
面食らえる,めんくらえる,menkuraeru,potential_verb,面食らう/めんくらう,動詞,
面せる,めんせる,menseru,potential_verb,面す/めんす,動詞,
減り込める,めりこめる,merikomeru,potential_verb,減り込む/めりこむ,動詞,
召せる,めせる,meseru,potential_verb,召す/めす,動詞,
召し上がれる,めしあがれる,meshiagareru,potential_verb,召し上がる/めしあがる,動詞,
召し捕れる,めしとれる,meshitoreru,potential_verb,召し捕る/めしとる,動詞,
娶れる,めとれる,metoreru,potential_verb,娶る/めとる,動詞,
目指せる,めざせる,mezaseru,potential_verb,目指す/めざす,動詞,
見合える,みあえる,miaeru,potential_verb,見合う/みあう,動詞,
見当たれる,みあたれる,miatareru,potential_verb,見当たる/みあたる,動詞,
導ける,みちびける,michibikeru,potential_verb,導く/みちびく,動詞,
乱れ飛べる,みだれとべる,midaretoberu,potential_verb,乱れ飛ぶ/みだれとぶ,動詞,
乱せる,みだせる,midaseru,potential_verb,乱す/みだす,動詞,
見え透ける,みえすける,miesukeru,potential_verb,見え透く/みえすく,動詞,
磨ける,みがける,migakeru,potential_verb,磨く/みがく,動詞,
身籠もれる,みごもれる,migomoreru,potential_verb,身籠もる/みごもる,動詞,
見計らえる,みはからえる,mihakaraeru,potential_verb,見計らう/みはからう,動詞,
見放せる,みはなせる,mihanaseru,potential_verb,見放す/みはなす,動詞,
見晴らせる,みはらせる,miharaseru,potential_verb,見晴らす/みはらす,動詞,
見張れる,みはれる,mihareru,potential_verb,見張る/みはる,動詞,
見開ける,みひらける,mihirakeru,potential_verb,見開く/みひらく,動詞,
見出だせる,みいだせる,miidaseru,potential_verb,見出だす/みいだす,動詞,
見入れる,みいれる,miireru,potential_verb,見入る/みいる,動詞,
身じろげる,みじろげる,mijirogeru,potential_verb,身じろぐ/みじろぐ,動詞,
見返れる,みかえれる,mikaereru,potential_verb,見返る/みかえる,動詞,
見返せる,みかえせる,mikaeseru,potential_verb,見返す/みかえす,動詞,
見限れる,みかぎれる,mikagireru,potential_verb,見限る/みかぎる,動詞,
見交わせる,みかわせる,mikawaseru,potential_verb,見交わす/みかわす,動詞,
見切れる,みきれる,mikireru,potential_verb,見切る/みきる,動詞,
見込める,みこめる,mikomeru,potential_verb,見込む/みこむ,動詞,
見越せる,みこせる,mikoseru,potential_verb,見越す/みこす,動詞,
見縊れる,みくびれる,mikubireru,potential_verb,見縊る/みくびる,動詞,
見下せる,みくだせる,mikudaseru,potential_verb,見下す/みくだす,動詞,
見舞える,みまえる,mimaeru,potential_verb,見舞う/みまう,動詞,
見守れる,みまもれる,mimamoreru,potential_verb,見守る/みまもる,動詞,
見回れる,みまわれる,mimawareru,potential_verb,見回る/みまわる,動詞,
漲れる,みなぎれる,minagireru,potential_verb,漲る/みなぎる,動詞,
見直せる,みなおせる,minaoseru,potential_verb,見直す/みなおす,動詞,
見習える,みならえる,minaraeru,potential_verb,見習う/みならう,動詞,
見做せる,みなせる,minaseru,potential_verb,見做す/みなす,動詞,
見逃せる,みのがせる,minogaseru,potential_verb,見逃す/みのがす,動詞,
実れる,みのれる,minoreru,potential_verb,実る/みのる,動詞,
見抜ける,みぬける,minukeru,potential_verb,見抜く/みぬく,動詞,
見送れる,みおくれる,miokureru,potential_verb,見送る/みおくる,動詞,
見下ろせる,みおろせる,mioroseru,potential_verb,見下ろす/みおろす,動詞,
見落とせる,みおとせる,miotoseru,potential_verb,見落とす/みおとす,動詞,
見せびらかせる,みせびらかせる,misebirakaseru,potential_verb,見せびらかす/みせびらかす,動詞,
見損なえる,みそこなえる,misokonaeru,potential_verb,見損なう/みそこなう,動詞,
見過ごせる,みすごせる,misugoseru,potential_verb,見過ごす/みすごす,動詞,
見透かせる,みすかせる,misukaseru,potential_verb,見透かす/みすかす,動詞,
満たせる,みたせる,mitaseru,potential_verb,満たす/みたす,動詞,
見て取れる,みてとれる,mitetoreru,potential_verb,見て取る/みてとる,動詞,
看取れる,みとれる,mitoreru,potential_verb,看取る/みとる,動詞,
見取れる,みとれる,mitoreru,potential_verb,見取る/みとる,動詞,
見通せる,みとおせる,mitoseru,potential_verb,見通す/みとおす,動詞,
貢げる,みつげる,mitsugeru,potential_verb,貢ぐ/みつぐ,動詞,
見付かれる,みつかれる,mitsukareru,potential_verb,見付かる/みつかる,動詞,
見繕える,みつくろえる,mitsukuroeru,potential_verb,見繕う/みつくろう,動詞,
見積もれる,みつもれる,mitsumoreru,potential_verb,見積もる/みつもる,動詞,
見失える,みうしなえる,miushinaeru,potential_verb,見失う/みうしなう,動詞,
見渡せる,みわたせる,miwataseru,potential_verb,見渡す/みわたす,動詞,
見破れる,みやぶれる,miyabureru,potential_verb,見破る/みやぶる,動詞,
水際立てる,みずぎわだてる,mizugiwadateru,potential_verb,水際立つ/みずぎわだつ,動詞,
持ち上がれる,もちあがれる,mochiagareru,potential_verb,持ち上がる/もちあがる,動詞,
持ち歩ける,もちあるける,mochiarukeru,potential_verb,持ち歩く/もちあるく,動詞,
持ち出せる,もちだせる,mochidaseru,potential_verb,持ち出す/もちだす,動詞,
持ち帰れる,もちかえれる,mochikaereru,potential_verb,持ち帰る/もちかえる,動詞,
持ち越せる,もちこせる,mochikoseru,potential_verb,持ち越す/もちこす,動詞,
持ち寄れる,もちよれる,mochiyoreru,potential_verb,持ち寄る/もちよる,動詞,
戻れる,もどれる,modoreru,potential_verb,戻る/もどる,動詞,
戻せる,もどせる,modoseru,potential_verb,戻す/もどす,動詞,
燃え広がれる,もえひろがれる,moehirogareru,potential_verb,燃え広がる/もえひろがる,動詞,
燃え盛れる,もえさかれる,moesakareru,potential_verb,燃え盛る/もえさかる,動詞,
もがける,もがける,mogakeru,potential_verb,もがく/もがく,動詞,
もげる,もげる,mogeru,potential_verb,もぐ/もぐ,動詞,
もぎ取れる,もぎとれる,mogitoreru,potential_verb,もぎ取る/もぎとる,動詞,
潜れる,もぐれる,mogureru,potential_verb,潜る/もぐる,動詞,
もじれる,もじれる,mojireru,potential_verb,もじる/もじる,動詞,
儲かれる,もうかれる,mokareru,potential_verb,儲かる/もうかる,動詞,
目論める,もくろめる,mokuromeru,potential_verb,目論む/もくろむ,動詞,
目せる,もくせる,mokuseru,potential_verb,目す/もくす,動詞,
黙せる,もくせる,mokuseru,potential_verb,黙す/もくす,動詞,
揉める,もめる,momeru,potential_verb,揉む/もむ,動詞,
揉み消せる,もみけせる,momikeseru,potential_verb,揉み消す/もみけす,動詞,
もんどり打てる,もんどりうてる,mondoriuteru,potential_verb,もんどり打つ/もんどりうつ,動詞,
物語れる,ものがたれる,monogatareru,potential_verb,物語る/ものがたる,動詞,
貰える,もらえる,moraeru,potential_verb,貰う/もらう,動詞,
漏らせる,もらせる,moraseru,potential_verb,漏らす/もらす,動詞,
盛れる,もれる,moreru,potential_verb,盛る/もる,動詞,
盛り上がれる,もりあがれる,moriagareru,potential_verb,盛り上がる/もりあがる,動詞,
盛り込める,もりこめる,morikomeru,potential_verb,盛り込む/もりこむ,動詞,
申せる,もうせる,moseru,potential_verb,申す/もうす,動詞,
模せる,もせる,moseru,potential_verb,模す/もす,動詞,
燃せる,もせる,moseru,potential_verb,燃す/もす,動詞,
申し込める,もうしこめる,moshikomeru,potential_verb,申し込む/もうしこむ,動詞,
申し送れる,もうしおくれる,moshiokureru,potential_verb,申し送る/もうしおくる,動詞,
申し渡せる,もうしわたせる,moshiwataseru,potential_verb,申し渡す/もうしわたす,動詞,
もたらせる,もたらせる,motaraseru,potential_verb,もたらす/もたらす,動詞,
もたつける,もたつける,motatsukeru,potential_verb,もたつく/もたつく,動詞,
持て余せる,もてあませる,moteamaseru,potential_verb,持て余す/もてあます,動詞,
弄べる,もてあそべる,moteasoberu,potential_verb,弄ぶ/もてあそぶ,動詞,
持て囃せる,もてはやせる,motehayaseru,potential_verb,持て囃す/もてはやす,動詞,
もてなせる,もてなせる,motenaseru,potential_verb,もてなす/もてなす,動詞,
持てる,もてる,moteru,potential_verb,持つ/もつ,動詞,
基づける,もとづける,motozukeru,potential_verb,基づく/もとづく,動詞,
勿体振れる,もったいぶれる,mottaibureru,potential_verb,勿体振る/もったいぶる,動詞,
持って回れる,もってまわれる,mottemawareru,potential_verb,持って回る/もってまわる,動詞,
燃やせる,もやせる,moyaseru,potential_verb,燃やす/もやす,動詞,
催せる,もよおせる,moyoseru,potential_verb,催す/もよおす,動詞,
鞭打てる,むちうてる,muchiuteru,potential_verb,鞭打つ/むちうつ,動詞,
向かえる,むかえる,mukaeru,potential_verb,向かう/むかう,動詞,
迎え撃てる,むかえうてる,mukaeuteru,potential_verb,迎え撃つ/むかえうつ,動詞,
向かい合える,むかいあえる,mukaiaeru,potential_verb,向かい合う/むかいあう,動詞,
むかつける,むかつける,mukatsukeru,potential_verb,むかつく/むかつく,動詞,
剥ける,むける,mukeru,potential_verb,剥く/むく,動詞,
向ける,むける,mukeru,potential_verb,向く/むく,動詞,
向き合える,むきあえる,mukiaeru,potential_verb,向き合う/むきあう,動詞,
向き直れる,むきなおれる,mukinaoreru,potential_verb,向き直る/むきなおる,動詞,
浮腫める,むくめる,mukumeru,potential_verb,浮腫む/むくむ,動詞,
無にできる,むにできる,munidekiru,potential_verb,無にする/むにする,動詞,
群がれる,むらがれる,muragareru,potential_verb,群がる/むらがる,動詞,
蒸らせる,むらせる,muraseru,potential_verb,蒸らす/むらす,動詞,
貪れる,むさぼれる,musaboreru,potential_verb,貪る/むさぼる,動詞,
噎べる,むせべる,museberu,potential_verb,噎ぶ/むせぶ,動詞,
咽び泣ける,むせびなける,musebinakeru,potential_verb,咽び泣く/むせびなく,動詞,
蒸せる,むせる,museru,potential_verb,蒸す/むす,動詞,
むしゃぶり付ける,むしゃぶりつける,mushaburitsukeru,potential_verb,むしゃぶり付く/むしゃぶりつく,動詞,
蝕める,むしばめる,mushibameru,potential_verb,蝕む/むしばむ,動詞,
蒸し返せる,むしかえせる,mushikaeseru,potential_verb,蒸し返す/むしかえす,動詞,
毟れる,むしれる,mushireru,potential_verb,毟る/むしる,動詞,
結べる,むすべる,musuberu,potential_verb,結ぶ/むすぶ,動詞,
むずかれる,むずかれる,muzukareru,potential_verb,むずかる/むずかる,動詞,
脈打てる,みゃくうてる,myakuteru,potential_verb,脈打つ/みゃくうつ,動詞,
なびける,なびける,nabikeru,potential_verb,なびく/なびく,動詞,
嬲れる,なぶれる,nabureru,potential_verb,嬲る/なぶる,動詞,
宥め賺せる,なだめすかせる,nadamesukaseru,potential_verb,宥め賺す/なだめすかす,動詞,
撫で下ろせる,なでおろせる,nadeoroseru,potential_verb,撫で下ろす/なでおろす,動詞,
綯える,なえる,naeru,potential_verb,綯う/なう,動詞,
長引ける,ながびける,nagabikeru,potential_verb,長引く/ながびく,動詞,
流せる,ながせる,nagaseru,potential_verb,流す/ながす,動詞,
投げ出せる,なげだせる,nagedaseru,potential_verb,投げ出す/なげだす,動詞,
投げ勝てる,なげかてる,nagekateru,potential_verb,投げ勝つ/なげかつ,動詞,
嘆ける,なげける,nagekeru,potential_verb,嘆く/なげく,動詞,
投げ下ろせる,なげおろせる,nageoroseru,potential_verb,投げ下ろす/なげおろす,動詞,
凪げる,なげる,nageru,potential_verb,凪ぐ/なぐ,動詞,
薙げる,なげる,nageru,potential_verb,薙ぐ/なぐ,動詞,
投げ飛ばせる,なげとばせる,nagetobaseru,potential_verb,投げ飛ばす/なげとばす,動詞,
投げ打てる,なげうてる,nageuteru,potential_verb,投げ打つ/なげうつ,動詞,
薙ぎ倒せる,なぎたおせる,nagitaoseru,potential_verb,薙ぎ倒す/なぎたおす,動詞,
和める,なごめる,nagomeru,potential_verb,和む/なごむ,動詞,
殴れる,なぐれる,nagureru,potential_verb,殴る/なぐる,動詞,
殴り合える,なぐりあえる,naguriaeru,potential_verb,殴り合う/なぐりあう,動詞,
殴り殺せる,なぐりころせる,nagurikoroseru,potential_verb,殴り殺す/なぐりころす,動詞,
馴染める,なじめる,najimeru,potential_verb,馴染む/なじむ,動詞,
詰れる,なじれる,najireru,potential_verb,詰る/なじる,動詞,
泣ける,なける,nakeru,potential_verb,泣く/なく,動詞,
鳴ける,なける,nakeru,potential_verb,鳴く/なく,動詞,
泣き明かせる,なきあかせる,nakiakaseru,potential_verb,泣き明かす/なきあかす,動詞,
泣き伏せる,なきふせる,nakifuseru,potential_verb,泣き伏す/なきふす,動詞,
泣きじゃくれる,なきじゃくれる,nakijakureru,potential_verb,泣きじゃくる/なきじゃくる,動詞,
泣き叫べる,なきさけべる,nakisakeberu,potential_verb,泣き叫ぶ/なきさけぶ,動詞,
鳴き頻れる,なきしきれる,nakishikireru,potential_verb,鳴き頻る/なきしきる,動詞,
泣き付ける,なきつける,nakitsukeru,potential_verb,泣き付く/なきつく,動詞,
泣き止める,なきやめる,nakiyameru,potential_verb,泣き止む/なきやむ,動詞,
亡くなれる,なくなれる,nakunareru,potential_verb,亡くなる/なくなる,動詞,
無くなれる,なくなれる,nakunareru,potential_verb,無くなる/なくなる,動詞,
亡くせる,なくせる,nakuseru,potential_verb,亡くす/なくす,動詞,
無くせる,なくせる,nakuseru,potential_verb,無くす/なくす,動詞,
なまれる,なまれる,namareru,potential_verb,なまる/なまる,動詞,
訛れる,なまれる,namareru,potential_verb,訛る/なまる,動詞,
なませる,なませる,namaseru,potential_verb,なます/なます,動詞,
鞣せる,なめせる,nameseru,potential_verb,鞣す/なめす,動詞,
涙ぐめる,なみだぐめる,namidagumeru,potential_verb,涙ぐむ/なみだぐむ,動詞,
波打てる,なみうてる,namiuteru,potential_verb,波打つ/なみうつ,動詞,
名乗れる,なのれる,nanoreru,potential_verb,名乗る/なのる,動詞,
治れる,なおれる,naoreru,potential_verb,治る/なおる,動詞,
直れる,なおれる,naoreru,potential_verb,直る/なおる,動詞,
治せる,なおせる,naoseru,potential_verb,治す/なおす,動詞,
直せる,なおせる,naoseru,potential_verb,直す/なおす,動詞,
並べる,ならべる,naraberu,potential_verb,並ぶ/ならぶ,動詞,
並び称せる,ならびしょうせる,narabishoseru,potential_verb,並び称す/ならびしょうす,動詞,
倣える,ならえる,naraeru,potential_verb,倣う/ならう,動詞,
習える,ならえる,naraeru,potential_verb,習う/ならう,動詞,
均せる,ならせる,naraseru,potential_verb,均す/ならす,動詞,
慣らせる,ならせる,naraseru,potential_verb,慣らす/ならす,動詞,
鳴らせる,ならせる,naraseru,potential_verb,鳴らす/ならす,動詞,
馴れ合える,なれあえる,nareaeru,potential_verb,馴れ合う/なれあう,動詞,
成れる,なれる,nareru,potential_verb,成る/なる,動詞,
鳴れる,なれる,nareru,potential_verb,鳴る/なる,動詞,
鳴り響ける,なりひびける,narihibikeru,potential_verb,鳴り響く/なりひびく,動詞,
成り切れる,なりきれる,narikireru,potential_verb,成り切る/なりきる,動詞,
成り下がれる,なりさがれる,narisagareru,potential_verb,成り下がる/なりさがる,動詞,
成り済ませる,なりすませる,narisumaseru,potential_verb,成り済ます/なりすます,動詞,
成り立てる,なりたてる,naritateru,potential_verb,成り立つ/なりたつ,動詞,
鳴り止める,なりやめる,nariyameru,potential_verb,鳴り止む/なりやむ,動詞,
成せる,なせる,naseru,potential_verb,成す/なす,動詞,
済し崩せる,なしくずせる,nashikuzuseru,potential_verb,済し崩す/なしくずす,動詞,
擦れる,なすれる,nasureru,potential_verb,擦る/なする,動詞,
懐かしめる,なつかしめる,natsukashimeru,potential_verb,懐かしむ/なつかしむ,動詞,
懐ける,なつける,natsukeru,potential_verb,懐く/なつく,動詞,
悩める,なやめる,nayameru,potential_verb,悩む/なやむ,動詞,
名指せる,なざせる,nazaseru,potential_verb,名指す/なざす,動詞,
なぞれる,なぞれる,nazoreru,potential_verb,なぞる/なぞる,動詞,
粘れる,ねばれる,nebareru,potential_verb,粘る/ねばる,動詞,
粘着ける,ねばつける,nebatsukeru,potential_verb,粘着く/ねばつく,動詞,
ねだれる,ねだれる,nedareru,potential_verb,ねだる/ねだる,動詞,
寝返れる,ねがえれる,negaereru,potential_verb,寝返る/ねがえる,動詞,
願える,ねがえる,negaeru,potential_verb,願う/ねがう,動詞,
労える,ねぎらえる,negiraeru,potential_verb,労う/ねぎらう,動詞,
値切れる,ねぎれる,negireru,potential_verb,値切る/ねぎる,動詞,
寝入れる,ねいれる,neireru,potential_verb,寝入る/ねいる,動詞,
捩じ曲がれる,ねじまがれる,nejimagareru,potential_verb,捩じ曲がる/ねじまがる,動詞,
捩じれる,ねじれる,nejireru,potential_verb,捩じる/ねじる,動詞,
寝転べる,ねころべる,nekoroberu,potential_verb,寝転ぶ/ねころぶ,動詞,
眠れる,ねむれる,nemureru,potential_verb,眠る/ねむる,動詞,
狙える,ねらえる,neraeru,potential_verb,狙う/ねらう,動詞,
狙い打てる,ねらいうてる,neraiuteru,potential_verb,狙い打つ/ねらいうつ,動詞,
練れる,ねれる,nereru,potential_verb,練る/ねる,動詞,
練り歩ける,ねりあるける,neriarukeru,potential_verb,練り歩く/ねりあるく,動詞,
寝静まれる,ねしずまれる,neshizumareru,potential_verb,寝静まる/ねしずまる,動詞,
寝そべれる,ねそべれる,nesobereru,potential_verb,寝そべる/ねそべる,動詞,
熱せる,ねっせる,nesseru,potential_verb,熱す/ねっす,動詞,
妬める,ねためる,netameru,potential_verb,妬む/ねたむ,動詞,
根差せる,ねざせる,nezaseru,potential_verb,根差す/ねざす,動詞,
根付ける,ねづける,nezukeru,potential_verb,根付く/ねづく,動詞,
似合える,にあえる,niaeru,potential_verb,似合う/にあう,動詞,
鈍れる,にぶれる,nibureru,potential_verb,鈍る/にぶる,動詞,
煮え繰り返れる,にえくりかえれる,niekurikaereru,potential_verb,煮え繰り返る/にえくりかえる,動詞,
煮え滾れる,にえたぎれる,nietagireru,potential_verb,煮え滾る/にえたぎる,動詞,
苦れる,にがれる,nigareru,potential_verb,苦る/にがる,動詞,
逃がせる,にがせる,nigaseru,potential_verb,逃がす/にがす,動詞,
握れる,にぎれる,nigireru,potential_verb,握る/にぎる,動詞,
握り潰せる,にぎりつぶせる,nigiritsubuseru,potential_verb,握り潰す/にぎりつぶす,動詞,
賑わえる,にぎわえる,nigiwaeru,potential_verb,賑わう/にぎわう,動詞,
濁れる,にごれる,nigoreru,potential_verb,濁る/にごる,動詞,
濁せる,にごせる,nigoseru,potential_verb,濁す/にごす,動詞,
にじめる,にじめる,nijimeru,potential_verb,にじむ/にじむ,動詞,
躙り寄れる,にじりよれる,nijiriyoreru,potential_verb,躙り寄る/にじりよる,動詞,
似通える,にかよえる,nikayoeru,potential_verb,似通う/にかよう,動詞,
憎める,にくめる,nikumeru,potential_verb,憎む/にくむ,動詞,
担える,になえる,ninaeru,potential_verb,担う/になう,動詞,
匂える,におえる,nioeru,potential_verb,匂う/におう,動詞,
臭える,におえる,nioeru,potential_verb,臭う/におう,動詞,
睨める,にらめる,nirameru,potential_verb,睨む/にらむ,動詞,
睨み合える,にらみあえる,niramiaeru,potential_verb,睨み合う/にらみあう,動詞,
似付ける,につける,nitsukeru,potential_verb,似付く/につく,動詞,
煮詰まれる,につまれる,nitsumareru,potential_verb,煮詰まる/につまる,動詞,
煮やせる,にやせる,niyaseru,potential_verb,煮やす/にやす,動詞,
伸ばせる,のばせる,nobaseru,potential_verb,伸ばす/のばす,動詞,
延ばせる,のばせる,nobaseru,potential_verb,延ばす/のばす,動詞,
伸び悩める,のびなやめる,nobinayameru,potential_verb,伸び悩む/のびなやむ,動詞,
上れる,のぼれる,noboreru,potential_verb,上る/のぼる,動詞,
昇れる,のぼれる,noboreru,potential_verb,昇る/のぼる,動詞,
登れる,のぼれる,noboreru,potential_verb,登る/のぼる,動詞,
逃せる,のがせる,nogaseru,potential_verb,逃す/のがす,動詞,
仰け反れる,のけぞれる,nokezoreru,potential_verb,仰け反る/のけぞる,動詞,
乗っかれる,のっかれる,nokkareru,potential_verb,乗っかる/のっかる,動詞,
残れる,のこれる,nokoreru,potential_verb,残る/のこる,動詞,
残せる,のこせる,nokoseru,potential_verb,残す/のこす,動詞,
のめれる,のめれる,nomereru,potential_verb,のめる/のめる,動詞,
飲める,のめる,nomeru,potential_verb,飲む/のむ,動詞,
飲み干せる,のみほせる,nomihoseru,potential_verb,飲み干す/のみほす,動詞,
罵れる,ののしれる,nonoshireru,potential_verb,罵る/ののしる,動詞,
乗れる,のれる,noreru,potential_verb,乗る/のる,動詞,
載れる,のれる,noreru,potential_verb,載る/のる,動詞,
乗り出せる,のりだせる,noridaseru,potential_verb,乗り出す/のりだす,動詞,
乗り切れる,のりきれる,norikireru,potential_verb,乗り切る/のりきる,動詞,
乗り越せる,のりこせる,norikoseru,potential_verb,乗り越す/のりこす,動詞,
乗り組める,のりくめる,norikumeru,potential_verb,乗り組む/のりくむ,動詞,
乗り移れる,のりうつれる,noriutsureru,potential_verb,乗り移る/のりうつる,動詞,
呪える,のろえる,noroeru,potential_verb,呪う/のろう,動詞,
のさばれる,のさばれる,nosabareru,potential_verb,のさばる/のさばる,動詞,
伸せる,のせる,noseru,potential_verb,伸す/のす,動詞,
熨せる,のせる,noseru,potential_verb,熨す/のす,動詞,
伸し上がれる,のしあがれる,noshiagareru,potential_verb,伸し上がる/のしあがる,動詞,
伸し掛かれる,のしかかれる,noshikakareru,potential_verb,伸し掛かる/のしかかる,動詞,
のたくれる,のたくれる,notakureru,potential_verb,のたくる/のたくる,動詞,
宣える,のたまえる,notamaeru,potential_verb,宣う/のたまう,動詞,
のた打てる,のたうてる,notauteru,potential_verb,のた打つ/のたうつ,動詞,
乗っ取れる,のっとれる,nottoreru,potential_verb,乗っ取る/のっとる,動詞,
覗ける,のぞける,nozokeru,potential_verb,覗く/のぞく,動詞,
除ける,のぞける,nozokeru,potential_verb,除く/のぞく,動詞,
望める,のぞめる,nozomeru,potential_verb,望む/のぞむ,動詞,
臨める,のぞめる,nozomeru,potential_verb,臨む/のぞむ,動詞,
縫える,ぬえる,nueru,potential_verb,縫う/ぬう,動詞,
脱げる,ぬげる,nugeru,potential_verb,脱ぐ/ぬぐ,動詞,
拭える,ぬぐえる,nugueru,potential_verb,拭う/ぬぐう,動詞,
ぬかるめる,ぬかるめる,nukarumeru,potential_verb,ぬかるむ/ぬかるむ,動詞,
抜かせる,ぬかせる,nukaseru,potential_verb,抜かす/ぬかす,動詞,
額突ける,ぬかずける,nukazukeru,potential_verb,額突く/ぬかずく,動詞,
抜け出せる,ぬけだせる,nukedaseru,potential_verb,抜け出す/ぬけだす,動詞,
抜ける,ぬける,nukeru,potential_verb,抜く/ぬく,動詞,
抜き出せる,ぬきだせる,nukidaseru,potential_verb,抜き出す/ぬきだす,動詞,
抜き取れる,ぬきとれる,nukitoreru,potential_verb,抜き取る/ぬきとる,動詞,
ぬくまれる,ぬくまれる,nukumareru,potential_verb,ぬくまる/ぬくまる,動詞,
温もれる,ぬくもれる,nukumoreru,potential_verb,温もる/ぬくもる,動詞,
濡らせる,ぬらせる,nuraseru,potential_verb,濡らす/ぬらす,動詞,
塗れる,ぬれる,nureru,potential_verb,塗る/ぬる,動詞,
塗り潰せる,ぬりつぶせる,nuritsubuseru,potential_verb,塗り潰す/ぬりつぶす,動詞,
盗める,ぬすめる,nusumeru,potential_verb,盗む/ぬすむ,動詞,
誘き出せる,おびきだせる,obikidaseru,potential_verb,誘き出す/おびきだす,動詞,
脅かせる,おびやかせる,obiyakaseru,potential_verb,脅かす/おびやかす,動詞,
思し召せる,おぼしめせる,oboshimeseru,potential_verb,思し召す/おぼしめす,動詞,
落ち合える,おちあえる,ochiaeru,potential_verb,落ち合う/おちあう,動詞,
陥れる,おちいれる,ochiireru,potential_verb,陥る/おちいる,動詞,
落ち着ける,おちつける,ochitsukeru,potential_verb,落ち着く/おちつく,動詞,
落ち着き払える,おちつきはらえる,ochitsukiharaeru,potential_verb,落ち着き払う/おちつきはらう,動詞,
脅かせる,おどかせる,odokaseru,potential_verb,脅かす/おどかす,動詞,
踊れる,おどれる,odoreru,potential_verb,踊る/おどる,動詞,
躍れる,おどれる,odoreru,potential_verb,躍る/おどる,動詞,
躍り上がれる,おどりあがれる,odoriagareru,potential_verb,躍り上がる/おどりあがる,動詞,
躍り掛かれる,おどりかかれる,odorikakareru,potential_verb,躍り掛かる/おどりかかる,動詞,
驚ける,おどろける,odorokeru,potential_verb,驚く/おどろく,動詞,
脅せる,おどせる,odoseru,potential_verb,脅す/おどす,動詞,
脅し取れる,おどしとれる,odoshitoreru,potential_verb,脅し取る/おどしとる,動詞,
負える,おえる,oeru,potential_verb,負う/おう,動詞,
追える,おえる,oeru,potential_verb,追う/おう,動詞,
覆える,おおえる,oeru,potential_verb,覆う/おおう,動詞,
拝める,おがめる,ogameru,potential_verb,拝む/おがむ,動詞,
補える,おぎなえる,oginaeru,potential_verb,補う/おぎなう,動詞,
奢れる,おごれる,ogoreru,potential_verb,奢る/おごる,動詞,
驕れる,おごれる,ogoreru,potential_verb,驕る/おごる,動詞,
追い出せる,おいだせる,oidaseru,potential_verb,追い出す/おいだす,動詞,
追い払える,おいはらえる,oiharaeru,potential_verb,追い払う/おいはらう,動詞,
覆い被される,おおいかぶされる,oikabusareru,potential_verb,覆い被さる/おおいかぶさる,動詞,
追い返せる,おいかえせる,oikaeseru,potential_verb,追い返す/おいかえす,動詞,
覆い隠せる,おおいかくせる,oikakuseru,potential_verb,覆い隠す/おおいかくす,動詞,
追い越せる,おいこせる,oikoseru,potential_verb,追い越す/おいこす,動詞,
追い抜ける,おいぬける,oinukeru,potential_verb,追い抜く/おいぬく,動詞,
生い茂れる,おいしげれる,oishigereru,potential_verb,生い茂る/おいしげる,動詞,
追い縋れる,おいすがれる,oisugareru,potential_verb,追い縋る/おいすがる,動詞,
追い付ける,おいつける,oitsukeru,potential_verb,追い付く/おいつく,動詞,
追い遣れる,おいやれる,oiyareru,potential_verb,追い遣る/おいやる,動詞,
おじけ付ける,おじけづける,ojikezukeru,potential_verb,おじけ付く/おじけづく,動詞,
侵せる,おかせる,okaseru,potential_verb,侵す/おかす,動詞,
冒せる,おかせる,okaseru,potential_verb,冒す/おかす,動詞,
犯せる,おかせる,okaseru,potential_verb,犯す/おかす,動詞,
置ける,おける,okeru,potential_verb,置く/おく,動詞,
起き上がれる,おきあがれる,okiagareru,potential_verb,起き上がる/おきあがる,動詞,
置き換われる,おきかわれる,okikawareru,potential_verb,置き換わる/おきかわる,動詞,
行える,おこなえる,okonaeru,potential_verb,行う/おこなう,動詞,
怒れる,おこれる,okoreru,potential_verb,怒る/おこる,動詞,
興れる,おこれる,okoreru,potential_verb,興る/おこる,動詞,
起これる,おこれる,okoreru,potential_verb,起こる/おこる,動詞,
興せる,おこせる,okoseru,potential_verb,興す/おこす,動詞,
起こせる,おこせる,okoseru,potential_verb,起こす/おこす,動詞,
怠れる,おこたれる,okotareru,potential_verb,怠る/おこたる,動詞,
奥まれる,おくまれる,okumareru,potential_verb,奥まる/おくまる,動詞,
贈れる,おくれる,okureru,potential_verb,贈る/おくる,動詞,
送れる,おくれる,okureru,potential_verb,送る/おくる,動詞,
送り出せる,おくりだせる,okuridaseru,potential_verb,送り出す/おくりだす,動詞,
臆せる,おくせる,okuseru,potential_verb,臆す/おくす,動詞,
御目に掛かれる,おめにかかれる,omenikakareru,potential_verb,御目に掛かる/おめにかかる,動詞,
思える,おもえる,omoeru,potential_verb,思う/おもう,動詞,
思い上がれる,おもいあがれる,omoiagareru,potential_verb,思い上がる/おもいあがる,動詞,
思い余れる,おもいあまれる,omoiamareru,potential_verb,思い余る/おもいあまる,動詞,
思い当たれる,おもいあたれる,omoiatareru,potential_verb,思い当たる/おもいあたる,動詞,
思い出せる,おもいだせる,omoidaseru,potential_verb,思い出す/おもいだす,動詞,
思い描ける,おもいえがける,omoiegakeru,potential_verb,思い描く/おもいえがく,動詞,
思い切れる,おもいきれる,omoikireru,potential_verb,思い切る/おもいきる,動詞,
思い悩める,おもいなやめる,omoinayameru,potential_verb,思い悩む/おもいなやむ,動詞,
思い起こせる,おもいおこせる,omoiokoseru,potential_verb,思い起こす/おもいおこす,動詞,
思い知れる,おもいしれる,omoishireru,potential_verb,思い知る/おもいしる,動詞,
思い立てる,おもいたてる,omoitateru,potential_verb,思い立つ/おもいたつ,動詞,
思いとどまれる,おもいとどまれる,omoitodomareru,potential_verb,思いとどまる/おもいとどまる,動詞,
思い遣れる,おもいやれる,omoiyareru,potential_verb,思い遣る/おもいやる,動詞,
赴ける,おもむける,omomukeru,potential_verb,赴く/おもむく,動詞,
阿れる,おもねれる,omonereru,potential_verb,阿る/おもねる,動詞,
慮れる,おもんぱかれる,omonpakareru,potential_verb,慮る/おもんぱかる,動詞,
表立てる,おもてだてる,omotedateru,potential_verb,表立つ/おもてだつ,動詞,
おののける,おののける,ononokeru,potential_verb,おののく/おののく,動詞,
折れ曲がれる,おれまがれる,oremagareru,potential_verb,折れ曲がる/おれまがる,動詞,
居れる,おれる,oreru,potential_verb,居る/おる,動詞,
折れる,おれる,oreru,potential_verb,折る/おる,動詞,
織れる,おれる,oreru,potential_verb,織る/おる,動詞,
折り合える,おりあえる,oriaeru,potential_verb,折り合う/おりあう,動詞,
折り重なれる,おりかさなれる,orikasanareru,potential_verb,折り重なる/おりかさなる,動詞,
織り成せる,おりなせる,orinaseru,potential_verb,織り成す/おりなす,動詞,
折り畳める,おりたためる,oritatameru,potential_verb,折り畳む/おりたたむ,動詞,
降り立てる,おりたてる,oritateru,potential_verb,降り立つ/おりたつ,動詞,
下ろせる,おろせる,oroseru,potential_verb,下ろす/おろす,動詞,
卸せる,おろせる,oroseru,potential_verb,卸す/おろす,動詞,
降ろせる,おろせる,oroseru,potential_verb,降ろす/おろす,動詞,
収まれる,おさまれる,osamareru,potential_verb,収まる/おさまる,動詞,
治まれる,おさまれる,osamareru,potential_verb,治まる/おさまる,動詞,
納まれる,おさまれる,osamareru,potential_verb,納まる/おさまる,動詞,
押せる,おせる,oseru,potential_verb,押す/おす,動詞,
推せる,おせる,oseru,potential_verb,推す/おす,動詞,
仰せ付かれる,おおせつかれる,osetsukareru,potential_verb,仰せ付かる/おおせつかる,動詞,
押し黙れる,おしだまれる,oshidamareru,potential_verb,押し黙る/おしだまる,動詞,
押し出せる,おしだせる,oshidaseru,potential_verb,押し出す/おしだす,動詞,
推し量れる,おしはかれる,oshihakareru,potential_verb,推し量る/おしはかる,動詞,
押し入れる,おしいれる,oshiireru,potential_verb,押し入る/おしいる,動詞,
押し切れる,おしきれる,oshikireru,potential_verb,押し切る/おしきる,動詞,
押し殺せる,おしころせる,oshikoroseru,potential_verb,押し殺す/おしころす,動詞,
惜しめる,おしめる,oshimeru,potential_verb,惜しむ/おしむ,動詞,
押し戻せる,おしもどせる,oshimodoseru,potential_verb,押し戻す/おしもどす,動詞,
押し流せる,おしながせる,oshinagaseru,potential_verb,押し流す/おしながす,動詞,
押し迫れる,おしせまれる,oshisemareru,potential_verb,押し迫る/おしせまる,動詞,
押し倒せる,おしたおせる,oshitaoseru,potential_verb,押し倒す/おしたおす,動詞,
押し通せる,おしとおせる,oshitoseru,potential_verb,押し通す/おしとおす,動詞,
押し潰せる,おしつぶせる,oshitsubuseru,potential_verb,押し潰す/おしつぶす,動詞,
押し詰まれる,おしつまれる,oshitsumareru,potential_verb,押し詰まる/おしつまる,動詞,
押し遣れる,おしやれる,oshiyareru,potential_verb,押し遣る/おしやる,動詞,
襲える,おそえる,osoeru,potential_verb,襲う/おそう,動詞,
恐れ入れる,おそれいれる,osoreireru,potential_verb,恐れ入る/おそれいる,動詞,
恐れおののける,おそれおののける,osoreononokeru,potential_verb,恐れおののく/おそれおののく,動詞,
教われる,おそわれる,osowareru,potential_verb,教わる/おそわる,動詞,
仰れる,おっしゃれる,osshareru,potential_verb,仰る/おっしゃる,動詞,
劣れる,おとれる,otoreru,potential_verb,劣る/おとる,動詞,
落とせる,おとせる,otoseru,potential_verb,落とす/おとす,動詞,
終われる,おわれる,owareru,potential_verb,終わる/おわる,動詞,
及べる,およべる,oyoberu,potential_verb,及ぶ/およぶ,動詞,
及ぼせる,およぼせる,oyoboseru,potential_verb,及ぼす/およぼす,動詞,
泳げる,およげる,oyogeru,potential_verb,泳ぐ/およぐ,動詞,
っ放せる,っぱなせる,ppanaseru,potential_verb,っ放す/っぱなす,動詞,
らっしゃれる,らっしゃれる,rasshareru,potential_verb,らっしゃる/らっしゃる,動詞,
列せる,れっせる,resseru,potential_verb,列す/れっす,動詞,
力める,りきめる,rikimeru,potential_verb,力む/りきむ,動詞,
利せる,りせる,riseru,potential_verb,利す/りす,動詞,
律せる,りっせる,risseru,potential_verb,律す/りっす,動詞,
労せる,ろうせる,roseru,potential_verb,労す/ろうす,動詞,
弄せる,ろうせる,roseru,potential_verb,弄す/ろうす,動詞,
類せる,るいせる,ruiseru,potential_verb,類す/るいす,動詞,
略せる,りゃくせる,ryakuseru,potential_verb,略す/りゃくす,動詞,
捌ける,さばける,sabakeru,potential_verb,捌く/さばく,動詞,
裁ける,さばける,sabakeru,potential_verb,裁く/さばく,動詞,
錆び付ける,さびつける,sabitsukeru,potential_verb,錆び付く/さびつく,動詞,
サボれる,さぼれる,saboreru,potential_verb,サボる/さぼる,動詞,
定まれる,さだまれる,sadamareru,potential_verb,定まる/さだまる,動詞,
遮れる,さえぎれる,saegireru,potential_verb,遮る/さえぎる,動詞,
さえずれる,さえずれる,saezureru,potential_verb,さえずる/さえずる,動詞,
下がれる,さがれる,sagareru,potential_verb,下がる/さがる,動詞,
捜せる,さがせる,sagaseru,potential_verb,捜す/さがす,動詞,
探せる,さがせる,sagaseru,potential_verb,探す/さがす,動詞,
蔑める,さげすめる,sagesumeru,potential_verb,蔑む/さげすむ,動詞,
探れる,さぐれる,sagureru,potential_verb,探る/さぐる,動詞,
さいなめる,さいなめる,sainameru,potential_verb,さいなむ/さいなむ,動詞,
際せる,さいせる,saiseru,potential_verb,際す/さいす,動詞,
逆巻ける,さかまける,sakamakeru,potential_verb,逆巻く/さかまく,動詞,
遡れる,さかのぼれる,sakanoboreru,potential_verb,遡る/さかのぼる,動詞,
逆らえる,さからえる,sakaraeru,potential_verb,逆らう/さからう,動詞,
叫べる,さけべる,sakeberu,potential_verb,叫ぶ/さけぶ,動詞,
割ける,さける,sakeru,potential_verb,割く/さく,動詞,
咲ける,さける,sakeru,potential_verb,咲く/さく,動詞,
裂ける,さける,sakeru,potential_verb,裂く/さく,動詞,
先走れる,さきばしれる,sakibashireru,potential_verb,先走る/さきばしる,動詞,
先立てる,さきだてる,sakidateru,potential_verb,先立つ/さきだつ,動詞,
咲き誇れる,さきほこれる,sakihokoreru,potential_verb,咲き誇る/さきほこる,動詞,
咲き匂える,さきにおえる,sakinioeru,potential_verb,咲き匂う/さきにおう,動詞,
咲き揃える,さきそろえる,sakisoroeru,potential_verb,咲き揃う/さきそろう,動詞,
冷ませる,さませる,samaseru,potential_verb,冷ます/さます,動詞,
覚ませる,さませる,samaseru,potential_verb,覚ます/さます,動詞,
彷徨える,さまよえる,samayoeru,potential_verb,彷徨う/さまよう,動詞,
産せる,さんせる,sanseru,potential_verb,産す/さんす,動詞,
さらえる,さらえる,saraeru,potential_verb,さらう/さらう,動詞,
晒せる,さらせる,saraseru,potential_verb,晒す/さらす,動詞,
去れる,される,sareru,potential_verb,去る/さる,動詞,
ささくれ立てる,ささくれだてる,sasakuredateru,potential_verb,ささくれ立つ/ささくれだつ,動詞,
囁ける,ささやける,sasayakeru,potential_verb,囁く/ささやく,動詞,
刺せる,させる,saseru,potential_verb,刺す/さす,動詞,
差せる,させる,saseru,potential_verb,差す/さす,動詞,
指せる,させる,saseru,potential_verb,指す/さす,動詞,
挿せる,させる,saseru,potential_verb,挿す/さす,動詞,
差し出せる,さしだせる,sashidaseru,potential_verb,差し出す/さしだす,動詞,
差し挟める,さしはさめる,sashihasameru,potential_verb,差し挟む/さしはさむ,動詞,
差し引ける,さしひける,sashihikeru,potential_verb,差し引く/さしひく,動詞,
差し掛かれる,さしかかれる,sashikakareru,potential_verb,差し掛かる/さしかかる,動詞,
刺し殺せる,さしころせる,sashikoroseru,potential_verb,刺し殺す/さしころす,動詞,
差し戻せる,さしもどせる,sashimodoseru,potential_verb,差し戻す/さしもどす,動詞,
差し置ける,さしおける,sashiokeru,potential_verb,差し置く/さしおく,動詞,
差し迫れる,さしせまれる,sashisemareru,potential_verb,差し迫る/さしせまる,動詞,
指し示せる,さししめせる,sashishimeseru,potential_verb,指し示す/さししめす,動詞,
誘える,さそえる,sasoeru,potential_verb,誘う/さそう,動詞,
誘い出せる,さそいだせる,sasoidaseru,potential_verb,誘い出す/さそいだす,動詞,
察せる,さっせる,sasseru,potential_verb,察す/さっす,動詞,
さすらえる,さすらえる,sasuraeru,potential_verb,さすらう/さすらう,動詞,
さすれる,さすれる,sasureru,potential_verb,さする/さする,動詞,
扠置ける,さておける,sateokeru,potential_verb,扠置く/さておく,動詞,
悟れる,さとれる,satoreru,potential_verb,悟る/さとる,動詞,
諭せる,さとせる,satoseru,potential_verb,諭す/さとす,動詞,
騒げる,さわげる,sawageru,potential_verb,騒ぐ/さわぐ,動詞,
触れる,さわれる,sawareru,potential_verb,触る/さわる,動詞,
障れる,さわれる,sawareru,potential_verb,障る/さわる,動詞,
左右できる,さゆうできる,sayudekiru,potential_verb,左右する/さゆうする,動詞,
授かれる,さずかれる,sazukareru,potential_verb,授かる/さずかる,動詞,
狭まれる,せばまれる,sebamareru,potential_verb,狭まる/せばまる,動詞,
せびれる,せびれる,sebireru,potential_verb,せびる/せびる,動詞,
せがめる,せがめる,segameru,potential_verb,せがむ/せがむ,動詞,
制せる,せいせる,seiseru,potential_verb,制す/せいす,動詞,
急ける,せける,sekeru,potential_verb,急く/せく,動詞,
咳き込める,せきこめる,sekikomeru,potential_verb,咳き込む/せきこむ,動詞,
迫れる,せまれる,semareru,potential_verb,迫る/せまる,動詞,
鬩ぎ合える,せめぎあえる,semegiaeru,potential_verb,鬩ぎ合う/せめぎあう,動詞,
攻め落とせる,せめおとせる,semeotoseru,potential_verb,攻め落とす/せめおとす,動詞,
背負える,せおえる,seoeru,potential_verb,背負う/せおう,動詞,
切羽詰まれる,せっぱつまれる,seppatsumareru,potential_verb,切羽詰まる/せっぱつまる,動詞,
競れる,せれる,sereru,potential_verb,競る/せる,動詞,
迫れる,せれる,sereru,potential_verb,迫る/せる,動詞,
競り上がれる,せりあがれる,seriagareru,potential_verb,競り上がる/せりあがる,動詞,
競り勝てる,せりかてる,serikateru,potential_verb,競り勝つ/せりかつ,動詞,
競り落とせる,せりおとせる,seriotoseru,potential_verb,競り落とす/せりおとす,動詞,
せせら笑える,せせらわらえる,seserawaraeru,potential_verb,せせら笑う/せせらわらう,動詞,
接せる,せっせる,sesseru,potential_verb,接す/せっす,動詞,
責っ付ける,せっつける,settsukeru,potential_verb,責っ付く/せっつく,動詞,
喋れる,しゃべれる,shabereru,potential_verb,喋る/しゃべる,動詞,
しゃぶれる,しゃぶれる,shabureru,potential_verb,しゃぶる/しゃぶる,動詞,
鯱張れる,しゃちほこばれる,shachihokobareru,potential_verb,鯱張る/しゃちほこばる,動詞,
しゃがめる,しゃがめる,shagameru,potential_verb,しゃがむ/しゃがむ,動詞,
仕上がれる,しあがれる,shiagareru,potential_verb,仕上がる/しあがる,動詞,
縛れる,しばれる,shibareru,potential_verb,縛る/しばる,動詞,
絞れる,しぼれる,shiboreru,potential_verb,絞る/しぼる,動詞,
絞り出せる,しぼりだせる,shiboridaseru,potential_verb,絞り出す/しぼりだす,動詞,
しぶける,しぶける,shibukeru,potential_verb,しぶく/しぶく,動詞,
渋れる,しぶれる,shibureru,potential_verb,渋る/しぶる,動詞,
仕出かせる,しでかせる,shidekaseru,potential_verb,仕出かす/しでかす,動詞,
しがみ付ける,しがみつける,shigamitsukeru,potential_verb,しがみ付く/しがみつく,動詞,
柵める,しがらめる,shigarameru,potential_verb,柵む/しがらむ,動詞,
茂れる,しげれる,shigereru,potential_verb,茂る/しげる,動詞,
扱ける,しごける,shigokeru,potential_verb,扱く/しごく,動詞,
支払える,しはらえる,shiharaeru,potential_verb,支払う/しはらう,動詞,
四角張れる,しかくばれる,shikakubareru,potential_verb,四角張る/しかくばる,動詞,
叱れる,しかれる,shikareru,potential_verb,叱る/しかる,動詞,
湿気れる,しけれる,shikereru,potential_verb,湿気る/しける,動詞,
敷ける,しける,shikeru,potential_verb,敷く/しく,動詞,
仕切れる,しきれる,shikireru,potential_verb,仕切る/しきる,動詞,
仕込める,しこめる,shikomeru,potential_verb,仕込む/しこむ,動詞,
しくじれる,しくじれる,shikujireru,potential_verb,しくじる/しくじる,動詞,
仕組める,しくめる,shikumeru,potential_verb,仕組む/しくむ,動詞,
仕舞える,しまえる,shimaeru,potential_verb,仕舞う/しまう,動詞,
締まれる,しまれる,shimareru,potential_verb,締まる/しまる,動詞,
閉まれる,しまれる,shimareru,potential_verb,閉まる/しまる,動詞,
締め出せる,しめだせる,shimedaseru,potential_verb,締め出す/しめだす,動詞,
締め切れる,しめきれる,shimekireru,potential_verb,締め切る/しめきる,動詞,
締め括れる,しめくくれる,shimekukureru,potential_verb,締め括る/しめくくる,動詞,
湿れる,しめれる,shimereru,potential_verb,湿る/しめる,動詞,
示せる,しめせる,shimeseru,potential_verb,示す/しめす,動詞,
染み込める,しみこめる,shimikomeru,potential_verb,染み込む/しみこむ,動詞,
死ねる,しねる,shineru,potential_verb,死ぬ/しぬ,動詞,
偲べる,しのべる,shinoberu,potential_verb,偲ぶ/しのぶ,動詞,
忍べる,しのべる,shinoberu,potential_verb,忍ぶ/しのぶ,動詞,
忍び込める,しのびこめる,shinobikomeru,potential_verb,忍び込む/しのびこむ,動詞,
忍び寄れる,しのびよれる,shinobiyoreru,potential_verb,忍び寄る/しのびよる,動詞,
凌げる,しのげる,shinogeru,potential_verb,凌ぐ/しのぐ,動詞,
白める,しらめる,shirameru,potential_verb,白む/しらむ,動詞,
知れる,しれる,shireru,potential_verb,知る/しる,動詞,
知り合える,しりあえる,shiriaeru,potential_verb,知り合う/しりあう,動詞,
退ける,しりぞける,shirizokeru,potential_verb,退く/しりぞく,動詞,
記せる,しるせる,shiruseru,potential_verb,記す/しるす,動詞,
資せる,しせる,shiseru,potential_verb,資す/しす,動詞,
失せる,しっせる,shisseru,potential_verb,失す/しっす,動詞,
慕える,したえる,shitaeru,potential_verb,慕う/したう,動詞,
従える,したがえる,shitagaeru,potential_verb,従う/したがう,動詞,
下回れる,したまわれる,shitamawareru,potential_verb,下回る/したまわる,動詞,
下向ける,したむける,shitamukeru,potential_verb,下向く/したむく,動詞,
親しめる,したしめる,shitashimeru,potential_verb,親しむ/したしむ,動詞,
滴れる,したたれる,shitatareru,potential_verb,滴る/したたる,動詞,
鎮まれる,しずまれる,shizumareru,potential_verb,鎮まる/しずまる,動詞,
静まれる,しずまれる,shizumareru,potential_verb,静まる/しずまる,動詞,
沈める,しずめる,shizumeru,potential_verb,沈む/しずむ,動詞,
悄気返れる,しょげかえれる,shogekaereru,potential_verb,悄気返る/しょげかえる,動詞,
食せる,しょくせる,shokuseru,potential_verb,食す/しょくす,動詞,
称せる,しょうせる,shoseru,potential_verb,称す/しょうす,動詞,
証せる,しょうせる,shoseru,potential_verb,証す/しょうす,動詞,
賞せる,しょうせる,shoseru,potential_verb,賞す/しょうす,動詞,
処せる,しょせる,shoseru,potential_verb,処す/しょす,動詞,
祝せる,しゅくせる,shukuseru,potential_verb,祝す/しゅくす,動詞,
沿える,そえる,soeru,potential_verb,沿う/そう,動詞,
添える,そえる,soeru,potential_verb,添う/そう,動詞,
そげる,そげる,sogeru,potential_verb,そぐ/そぐ,動詞,
反っくり返れる,そっくりかえれる,sokkurikaereru,potential_verb,反っくり返る/そっくりかえる,動詞,
損なえる,そこなえる,sokonaeru,potential_verb,損なう/そこなう,動詞,
則せる,そくせる,sokuseru,potential_verb,則す/そくす,動詞,
即せる,そくせる,sokuseru,potential_verb,即す/そくす,動詞,
染まれる,そまれる,somareru,potential_verb,染まる/そまる,動詞,
背ける,そむける,somukeru,potential_verb,背く/そむく,動詞,
備われる,そなわれる,sonawareru,potential_verb,備わる/そなわる,動詞,
嫉める,そねめる,sonemeru,potential_verb,嫉む/そねむ,動詞,
損せる,そんせる,sonseru,potential_verb,損す/そんす,動詞,
反らせる,そらせる,soraseru,potential_verb,反らす/そらす,動詞,
逸らせる,そらせる,soraseru,potential_verb,逸らす/そらす,動詞,
剃れる,それる,soreru,potential_verb,剃る/そる,動詞,
反れる,それる,soreru,potential_verb,反る/そる,動詞,
揃える,そろえる,soroeru,potential_verb,揃う/そろう,動詞,
奏せる,そうせる,soseru,potential_verb,奏す/そうす,動詞,
そしれる,そしれる,soshireru,potential_verb,そしる/そしる,動詞,
注げる,そそげる,sosogeru,potential_verb,注ぐ/そそぐ,動詞,
唆せる,そそのかせる,sosonokaseru,potential_verb,唆す/そそのかす,動詞,
そそれる,そそれる,sosoreru,potential_verb,そそる/そそる,動詞,
そそり立てる,そそりたてる,sosoritateru,potential_verb,そそり立つ/そそりたつ,動詞,
称せる,そやせる,soyaseru,potential_verb,称す/そやす,動詞,
そよげる,そよげる,soyogeru,potential_verb,そよぐ/そよぐ,動詞,
滑れる,すべれる,subereru,potential_verb,滑る/すべる,動詞,
窄まれる,すぼまれる,subomareru,potential_verb,窄まる/すぼまる,動詞,
巣立てる,すだてる,sudateru,potential_verb,巣立つ/すだつ,動詞,
据え置ける,すえおける,sueokeru,potential_verb,据え置く/すえおく,動詞,
吸える,すえる,sueru,potential_verb,吸う/すう,動詞,
すがれる,すがれる,sugareru,potential_verb,すがる/すがる,動詞,
凄める,すごめる,sugomeru,potential_verb,凄む/すごむ,動詞,
過ごせる,すごせる,sugoseru,potential_verb,過ごす/すごす,動詞,
吸い出せる,すいだせる,suidaseru,potential_verb,吸い出す/すいだす,動詞,
吸い取れる,すいとれる,suitoreru,potential_verb,吸い取る/すいとる,動詞,
吸い付ける,すいつける,suitsukeru,potential_verb,吸い付く/すいつく,動詞,
空かせる,すかせる,sukaseru,potential_verb,空かす/すかす,動詞,
透かせる,すかせる,sukaseru,potential_verb,透かす/すかす,動詞,
好ける,すける,sukeru,potential_verb,好く/すく,動詞,
透き通れる,すきとおれる,sukitoreru,potential_verb,透き通る/すきとおる,動詞,
巣食える,すくえる,sukueru,potential_verb,巣食う/すくう,動詞,
掬える,すくえる,sukueru,potential_verb,掬う/すくう,動詞,
救える,すくえる,sukueru,potential_verb,救う/すくう,動詞,
掬い取れる,すくいとれる,sukuitoreru,potential_verb,掬い取る/すくいとる,動詞,
住まえる,すまえる,sumaeru,potential_verb,住まう/すまう,動詞,
澄ませる,すませる,sumaseru,potential_verb,澄ます/すます,動詞,
住める,すめる,sumeru,potential_verb,住む/すむ,動詞,
済める,すめる,sumeru,potential_verb,済む/すむ,動詞,
澄める,すめる,sumeru,potential_verb,澄む/すむ,動詞,
素っ破抜ける,すっぱぬける,suppanukeru,potential_verb,素っ破抜く/すっぱぬく,動詞,
擦れ違える,すれちがえる,surechigaeru,potential_verb,擦れ違う/すれちがう,動詞,
刷れる,すれる,sureru,potential_verb,刷る/する,動詞,
掏れる,すれる,sureru,potential_verb,掏る/する,動詞,
擦れる,すれる,sureru,potential_verb,擦る/する,動詞,
磨り減らせる,すりへらせる,suriheraseru,potential_verb,磨り減らす/すりへらす,動詞,
擦り減れる,すりへれる,surihereru,potential_verb,擦り減る/すりへる,動詞,
擦り剥ける,すりむける,surimukeru,potential_verb,擦り剥く/すりむく,動詞,
擂り潰せる,すりつぶせる,suritsubuseru,potential_verb,擂り潰す/すりつぶす,動詞,
擦り寄れる,すりよれる,suriyoreru,potential_verb,擦り寄る/すりよる,動詞,
荒べる,すさべる,susaberu,potential_verb,荒ぶ/すさぶ,動詞,
荒める,すさめる,susameru,potential_verb,荒む/すさむ,動詞,
すすげる,すすげる,susugeru,potential_verb,すすぐ/すすぐ,動詞,
進める,すすめる,susumeru,potential_verb,進む/すすむ,動詞,
すすれる,すすれる,susureru,potential_verb,すする/すする,動詞,
啜り泣ける,すすりなける,susurinakeru,potential_verb,啜り泣く/すすりなく,動詞,
座れる,すわれる,suwareru,potential_verb,座る/すわる,動詞,
据われる,すわれる,suwareru,potential_verb,据わる/すわる,動詞,
涼める,すずめる,suzumeru,potential_verb,涼む/すずむ,動詞,
食べ歩ける,たべあるける,tabearukeru,potential_verb,食べ歩く/たべあるく,動詞,
旅立てる,たびだてる,tabidateru,potential_verb,旅立つ/たびだつ,動詞,
度重なれる,たびかさなれる,tabikasanareru,potential_verb,度重なる/たびかさなる,動詞,
誑かせる,たぶらかせる,taburakaseru,potential_verb,誑かす/たぶらかす,動詞,
立ち会える,たちあえる,tachiaeru,potential_verb,立ち会う/たちあう,動詞,
立ち合える,たちあえる,tachiaeru,potential_verb,立ち合う/たちあう,動詞,
立ち上がれる,たちあがれる,tachiagareru,potential_verb,立ち上がる/たちあがる,動詞,
立ち止まれる,たちどまれる,tachidomareru,potential_verb,立ち止まる/たちどまる,動詞,
立ち塞がれる,たちふさがれる,tachifusagareru,potential_verb,立ち塞がる/たちふさがる,動詞,
立ちはだかれる,たちはだかれる,tachihadakareru,potential_verb,立ちはだかる/たちはだかる,動詞,
立ち働ける,たちはたらける,tachihatarakeru,potential_verb,立ち働く/たちはたらく,動詞,
立ち入れる,たちいれる,tachiireru,potential_verb,立ち入る/たちいる,動詞,
立ち返れる,たちかえれる,tachikaereru,potential_verb,立ち返る/たちかえる,動詞,
断ち切れる,たちきれる,tachikireru,potential_verb,断ち切る/たちきる,動詞,
裁ち切れる,たちきれる,tachikireru,potential_verb,裁ち切る/たちきる,動詞,
立ち回れる,たちまわれる,tachimawareru,potential_verb,立ち回る/たちまわる,動詞,
立ち戻れる,たちもどれる,tachimodoreru,potential_verb,立ち戻る/たちもどる,動詞,
立ち向かえる,たちむかえる,tachimukaeru,potential_verb,立ち向かう/たちむかう,動詞,
立ち直れる,たちなおれる,tachinaoreru,potential_verb,立ち直る/たちなおる,動詞,
立ち上れる,たちのぼれる,tachinoboreru,potential_verb,立ち上る/たちのぼる,動詞,
立ち退ける,たちのける,tachinokeru,potential_verb,立ち退く/たちのく,動詞,
立ち去れる,たちされる,tachisareru,potential_verb,立ち去る/たちさる,動詞,
立ち竦める,たちすくめる,tachisukumeru,potential_verb,立ち竦む/たちすくむ,動詞,
立ち寄れる,たちよれる,tachiyoreru,potential_verb,立ち寄る/たちよる,動詞,
正せる,ただせる,tadaseru,potential_verb,正す/ただす,動詞,
糺せる,ただせる,tadaseru,potential_verb,糺す/ただす,動詞,
質せる,ただせる,tadaseru,potential_verb,質す/ただす,動詞,
漂える,ただよえる,tadayoeru,potential_verb,漂う/ただよう,動詞,
辿れる,たどれる,tadoreru,potential_verb,辿る/たどる,動詞,
辿り着ける,たどりつける,tadoritsukeru,potential_verb,辿り着く/たどりつく,動詞,
耐え忍べる,たえしのべる,taeshinoberu,potential_verb,耐え忍ぶ/たえしのぶ,動詞,
耕せる,たがやせる,tagayaseru,potential_verb,耕す/たがやす,動詞,
たぎれる,たぎれる,tagireru,potential_verb,たぎる/たぎる,動詞,
手繰れる,たぐれる,tagureru,potential_verb,手繰る/たぐる,動詞,
対せる,たいせる,taiseru,potential_verb,対す/たいす,動詞,
たじろげる,たじろげる,tajirogeru,potential_verb,たじろぐ/たじろぐ,動詞,
高ぶれる,たかぶれる,takabureru,potential_verb,高ぶる/たかぶる,動詞,
高まれる,たかまれる,takamareru,potential_verb,高まる/たかまる,動詞,
高鳴れる,たかなれる,takanareru,potential_verb,高鳴る/たかなる,動詞,
たかれる,たかれる,takareru,potential_verb,たかる/たかる,動詞,
哮り立てる,たけりたてる,takeritateru,potential_verb,哮り立つ/たけりたつ,動詞,
猛り立てる,たけりたてる,takeritateru,potential_verb,猛り立つ/たけりたつ,動詞,
炊ける,たける,takeru,potential_verb,炊く/たく,動詞,
焚ける,たける,takeru,potential_verb,焚く/たく,動詞,
企らめる,たくらめる,takurameru,potential_verb,企らむ/たくらむ,動詞,
託せる,たくせる,takuseru,potential_verb,託す/たくす,動詞,
賜える,たまえる,tamaeru,potential_verb,賜う/たまう,動詞,
堪れる,たまれる,tamareru,potential_verb,堪る/たまる,動詞,
溜まれる,たまれる,tamareru,potential_verb,溜まる/たまる,動詞,
賜れる,たまわれる,tamawareru,potential_verb,賜る/たまわる,動詞,
ためらえる,ためらえる,tameraeru,potential_verb,ためらう/ためらう,動詞,
試せる,ためせる,tameseru,potential_verb,試す/ためす,動詞,
保てる,たもてる,tamoteru,potential_verb,保つ/たもつ,動詞,
たむろできる,たむろできる,tamurodekiru,potential_verb,たむろする/たむろする,動詞,
棚引ける,たなびける,tanabikeru,potential_verb,棚引く/たなびく,動詞,
頼める,たのめる,tanomeru,potential_verb,頼む/たのむ,動詞,
楽しめる,たのしめる,tanoshimeru,potential_verb,楽しむ/たのしむ,動詞,
倒せる,たおせる,taoseru,potential_verb,倒す/たおす,動詞,
垂らせる,たらせる,taraseru,potential_verb,垂らす/たらす,動詞,
垂れ流せる,たれながせる,tarenagaseru,potential_verb,垂れ流す/たれながす,動詞,
足れる,たれる,tareru,potential_verb,足る/たる,動詞,
垂れ下がれる,たれさがれる,taresagareru,potential_verb,垂れ下がる/たれさがる,動詞,
たるめる,たるめる,tarumeru,potential_verb,たるむ/たるむ,動詞,
足せる,たせる,taseru,potential_verb,足す/たす,動詞,
嗜める,たしなめる,tashinameru,potential_verb,嗜む/たしなむ,動詞,
達せる,たっせる,tasseru,potential_verb,達す/たっす,動詞,
助かれる,たすかれる,tasukareru,potential_verb,助かる/たすかる,動詞,
戦える,たたかえる,tatakaeru,potential_verb,戦う/たたかう,動詞,
叩ける,たたける,tatakeru,potential_verb,叩く/たたく,動詞,
叩き出せる,たたきだせる,tatakidaseru,potential_verb,叩き出す/たたきだす,動詞,
叩き込める,たたきこめる,tatakikomeru,potential_verb,叩き込む/たたきこむ,動詞,
叩き直せる,たたきなおせる,tatakinaoseru,potential_verb,叩き直す/たたきなおす,動詞,
叩きのめせる,たたきのめせる,tatakinomeseru,potential_verb,叩きのめす/たたきのめす,動詞,
叩き起こせる,たたきおこせる,tatakiokoseru,potential_verb,叩き起こす/たたきおこす,動詞,
畳める,たためる,tatameru,potential_verb,畳む/たたむ,動詞,
たたれる,たたれる,tatareru,potential_verb,たたる/たたる,動詞,
佇める,たたずめる,tatazumeru,potential_verb,佇む/たたずむ,動詞,
立て籠れる,たてこもれる,tatekomoreru,potential_verb,立て籠る/たてこもる,動詞,
奉れる,たてまつれる,tatematsureru,potential_verb,奉る/たてまつる,動詞,
建て直せる,たてなおせる,tatenaoseru,potential_verb,建て直す/たてなおす,動詞,
立て直せる,たてなおせる,tatenaoseru,potential_verb,立て直す/たてなおす,動詞,
建てる,たてる,tateru,potential_verb,建つ/たつ,動詞,
断てる,たてる,tateru,potential_verb,断つ/たつ,動詞,
発てる,たてる,tateru,potential_verb,発つ/たつ,動詞,
立てる,たてる,tateru,potential_verb,立つ/たつ,動詞,
経てる,たてる,tateru,potential_verb,経つ/たつ,動詞,
絶てる,たてる,tateru,potential_verb,絶つ/たつ,動詞,
裁てる,たてる,tateru,potential_verb,裁つ/たつ,動詞,
盾突ける,たてつける,tatetsukeru,potential_verb,盾突く/たてつく,動詞,
尊べる,たっとべる,tattoberu,potential_verb,尊ぶ/たっとぶ,動詞,
撓める,たわめる,tawameru,potential_verb,撓む/たわむ,動詞,
絶やせる,たやせる,tayaseru,potential_verb,絶やす/たやす,動詞,
頼れる,たよれる,tayoreru,potential_verb,頼る/たよる,動詞,
携われる,たずさわれる,tazusawareru,potential_verb,携わる/たずさわる,動詞,
手放せる,てばなせる,tebanaseru,potential_verb,手放す/てばなす,動詞,
手薬煉引ける,てぐすねひける,tegusunehikeru,potential_verb,手薬煉引く/てぐすねひく,動詞,
呈せる,ていせる,teiseru,potential_verb,呈す/ていす,動詞,
適せる,てきせる,tekiseru,potential_verb,適す/てきす,動詞,
てこずれる,てこずれる,tekozureru,potential_verb,てこずる/てこずる,動詞,
手間取れる,てまどれる,temadoreru,potential_verb,手間取る/てまどる,動詞,
手向かえる,てむかえる,temukaeru,potential_verb,手向かう/てむかう,動詞,
照らせる,てらせる,teraseru,potential_verb,照らす/てらす,動詞,
徹せる,てっせる,tesseru,potential_verb,徹す/てっす,動詞,
手伝える,てつだえる,tetsudaeru,potential_verb,手伝う/てつだう,動詞,
手渡せる,てわたせる,tewataseru,potential_verb,手渡す/てわたす,動詞,
飛ばせる,とばせる,tobaseru,potential_verb,飛ばす/とばす,動詞,
翔べる,とべる,toberu,potential_verb,翔ぶ/とぶ,動詞,
跳べる,とべる,toberu,potential_verb,跳ぶ/とぶ,動詞,
飛べる,とべる,toberu,potential_verb,飛ぶ/とぶ,動詞,
飛び上がれる,とびあがれる,tobiagareru,potential_verb,飛び上がる/とびあがる,動詞,
飛び歩ける,とびあるける,tobiarukeru,potential_verb,飛び歩く/とびあるく,動詞,
飛び散れる,とびちれる,tobichireru,potential_verb,飛び散る/とびちる,動詞,
飛び出せる,とびだせる,tobidaseru,potential_verb,飛び出す/とびだす,動詞,
飛び交える,とびかえる,tobikaeru,potential_verb,飛び交う/とびかう,動詞,
飛び越せる,とびこせる,tobikoseru,potential_verb,飛び越す/とびこす,動詞,
飛び回れる,とびまわれる,tobimawareru,potential_verb,飛び回る/とびまわる,動詞,
飛び退ける,とびのける,tobinokeru,potential_verb,飛び退く/とびのく,動詞,
飛び乗れる,とびのれる,tobinoreru,potential_verb,飛び乗る/とびのる,動詞,
飛び付ける,とびつける,tobitsukeru,potential_verb,飛び付く/とびつく,動詞,
滞れる,とどこおれる,todokoreru,potential_verb,滞る/とどこおる,動詞,
止まれる,とどまれる,todomareru,potential_verb,止まる/とどまる,動詞,
轟ける,とどろける,todorokeru,potential_verb,轟く/とどろく,動詞,
問える,とえる,toeru,potential_verb,問う/とう,動詞,
尖れる,とがれる,togareru,potential_verb,尖る/とがる,動詞,
研げる,とげる,togeru,potential_verb,研ぐ/とぐ,動詞,
問い質せる,といただせる,toitadaseru,potential_verb,問い質す/といただす,動詞,
閉じ篭もれる,とじこもれる,tojikomoreru,potential_verb,閉じ篭もる/とじこもる,動詞,
溶かせる,とかせる,tokaseru,potential_verb,溶かす/とかす,動詞,
解かせる,とかせる,tokaseru,potential_verb,解かす/とかす,動詞,
溶ける,とける,tokeru,potential_verb,溶く/とく,動詞,
解ける,とける,tokeru,potential_verb,解く/とく,動詞,
説ける,とける,tokeru,potential_verb,説く/とく,動詞,
解き明かせる,ときあかせる,tokiakaseru,potential_verb,解き明かす/ときあかす,動詞,
説き明かせる,ときあかせる,tokiakaseru,potential_verb,説き明かす/ときあかす,動詞,
解き放てる,ときはなてる,tokihanateru,potential_verb,解き放つ/ときはなつ,動詞,
解きほぐせる,ときほぐせる,tokihoguseru,potential_verb,解きほぐす/ときほぐす,動詞,
ときめける,ときめける,tokimekeru,potential_verb,ときめく/ときめく,動詞,
得せる,とくせる,tokuseru,potential_verb,得す/とくす,動詞,
戸惑える,とまどえる,tomadoeru,potential_verb,戸惑う/とまどう,動詞,
止まれる,とまれる,tomareru,potential_verb,止まる/とまる,動詞,
泊まれる,とまれる,tomareru,potential_verb,泊まる/とまる,動詞,
留め置ける,とめおける,tomeokeru,potential_verb,留め置く/とめおく,動詞,
富める,とめる,tomeru,potential_verb,富む/とむ,動詞,
伴える,ともなえる,tomonaeru,potential_verb,伴う/ともなう,動詞,
灯れる,ともれる,tomoreru,potential_verb,灯る/ともる,動詞,
点せる,ともせる,tomoseru,potential_verb,点す/ともす,動詞,
弔える,とむらえる,tomuraeru,potential_verb,弔う/とむらう,動詞,
隣り合える,となりあえる,tonariaeru,potential_verb,隣り合う/となりあう,動詞,
尖んがれる,とんがれる,tongareru,potential_verb,尖んがる/とんがる,動詞,
通れる,とおれる,toreru,potential_verb,通る/とおる,動詞,
取れる,とれる,toreru,potential_verb,取る/とる,動詞,
執れる,とれる,toreru,potential_verb,執る/とる,動詞,
捕れる,とれる,toreru,potential_verb,捕る/とる,動詞,
採れる,とれる,toreru,potential_verb,採る/とる,動詞,
摂れる,とれる,toreru,potential_verb,摂る/とる,動詞,
撮れる,とれる,toreru,potential_verb,撮る/とる,動詞,
盗れる,とれる,toreru,potential_verb,盗る/とる,動詞,
取り扱える,とりあつかえる,toriatsukaeru,potential_verb,取り扱う/とりあつかう,動詞,
取り出せる,とりだせる,toridaseru,potential_verb,取り出す/とりだす,動詞,
取り計らえる,とりはからえる,torihakaraeru,potential_verb,取り計らう/とりはからう,動詞,
取り運べる,とりはこべる,torihakoberu,potential_verb,取り運ぶ/とりはこぶ,動詞,
取り払える,とりはらえる,toriharaeru,potential_verb,取り払う/とりはらう,動詞,
取り外せる,とりはずせる,torihazuseru,potential_verb,取り外す/とりはずす,動詞,
取り掛かれる,とりかかれる,torikakareru,potential_verb,取り掛かる/とりかかる,動詞,
取り囲める,とりかこめる,torikakomeru,potential_verb,取り囲む/とりかこむ,動詞,
取り交わせる,とりかわせる,torikawaseru,potential_verb,取り交わす/とりかわす,動詞,
取り消せる,とりけせる,torikeseru,potential_verb,取り消す/とりけす,動詞,
取り零せる,とりこぼせる,torikoboseru,potential_verb,取り零す/とりこぼす,動詞,
通り越せる,とおりこせる,torikoseru,potential_verb,通り越す/とおりこす,動詞,
取り壊せる,とりこわせる,torikowaseru,potential_verb,取り壊す/とりこわす,動詞,
取り組める,とりくめる,torikumeru,potential_verb,取り組む/とりくむ,動詞,
取り崩せる,とりくずせる,torikuzuseru,potential_verb,取り崩す/とりくずす,動詞,
取り巻ける,とりまける,torimakeru,potential_verb,取り巻く/とりまく,動詞,
取り乱せる,とりみだせる,torimidaseru,potential_verb,取り乱す/とりみだす,動詞,
取り戻せる,とりもどせる,torimodoseru,potential_verb,取り戻す/とりもどす,動詞,
取り持てる,とりもてる,torimoteru,potential_verb,取り持つ/とりもつ,動詞,
取り成せる,とりなせる,torinaseru,potential_verb,取り成す/とりなす,動詞,
取り逃がせる,とりにがせる,torinigaseru,potential_verb,取り逃がす/とりにがす,動詞,
取り除ける,とりのぞける,torinozokeru,potential_verb,取り除く/とりのぞく,動詞,
執り行える,とりおこなえる,toriokonaeru,potential_verb,執り行う/とりおこなう,動詞,
取り仕切れる,とりしきれる,torishikireru,potential_verb,取り仕切る/とりしきる,動詞,
取り締まれる,とりしまれる,torishimareru,potential_verb,取り締まる/とりしまる,動詞,
取り縋れる,とりすがれる,torisugareru,potential_verb,取り縋る/とりすがる,動詞,
取り次げる,とりつげる,toritsugeru,potential_verb,取り次ぐ/とりつぐ,動詞,
取り繕える,とりつくろえる,toritsukuroeru,potential_verb,取り繕う/とりつくろう,動詞,
通せる,とおせる,toseru,potential_verb,通す/とおす,動詞,
嫁げる,とつげる,totsugeru,potential_verb,嫁ぐ/とつぐ,動詞,
取って返せる,とってかえせる,tottekaeseru,potential_verb,取って返す/とってかえす,動詞,
取って代われる,とってかわれる,tottekawareru,potential_verb,取って代わる/とってかわる,動詞,
遠ざかれる,とおざかれる,tozakareru,potential_verb,遠ざかる/とおざかる,動詞,
閉ざせる,とざせる,tozaseru,potential_verb,閉ざす/とざす,動詞,
つぼまれる,つぼまれる,tsubomareru,potential_verb,つぼまる/つぼまる,動詞,
瞑れる,つぶれる,tsubureru,potential_verb,瞑る/つぶる,動詞,
瞑れる,つぶれる,tsubureru,potential_verb,瞑る/つぶる,動詞,
潰せる,つぶせる,tsubuseru,potential_verb,潰す/つぶす,動詞,
呟ける,つぶやける,tsubuyakeru,potential_verb,呟く/つぶやく,動詞,
培える,つちかえる,tsuchikaeru,potential_verb,培う/つちかう,動詞,
集える,つどえる,tsudoeru,potential_verb,集う/つどう,動詞,
告げる,つげる,tsugeru,potential_verb,告ぐ/つぐ,動詞,
接げる,つげる,tsugeru,potential_verb,接ぐ/つぐ,動詞,
次げる,つげる,tsugeru,potential_verb,次ぐ/つぐ,動詞,
注げる,つげる,tsugeru,potential_verb,注ぐ/つぐ,動詞,
継げる,つげる,tsugeru,potential_verb,継ぐ/つぐ,動詞,
つぎ込める,つぎこめる,tsugikomeru,potential_verb,つぎ込む/つぎこむ,動詞,
継ぎ足せる,つぎたせる,tsugitaseru,potential_verb,継ぎ足す/つぎたす,動詞,
つぐめる,つぐめる,tsugumeru,potential_verb,つぐむ/つぐむ,動詞,
償える,つぐなえる,tsugunaeru,potential_verb,償う/つぐなう,動詞,
啄める,ついばめる,tsuibameru,potential_verb,啄む/ついばむ,動詞,
付いて回れる,ついてまわれる,tsuitemawareru,potential_verb,付いて回る/ついてまわる,動詞,
費やせる,ついやせる,tsuiyaseru,potential_verb,費やす/ついやす,動詞,
通じ合える,つうじあえる,tsujiaeru,potential_verb,通じ合う/つうじあう,動詞,
使える,つかえる,tsukaeru,potential_verb,使う/つかう,動詞,
遣える,つかえる,tsukaeru,potential_verb,遣う/つかう,動詞,
使い古せる,つかいふるせる,tsukaifuruseru,potential_verb,使い古す/つかいふるす,動詞,
使い果たせる,つかいはたせる,tsukaihataseru,potential_verb,使い果たす/つかいはたす,動詞,
捕まれる,つかまれる,tsukamareru,potential_verb,捕まる/つかまる,動詞,
掴まれる,つかまれる,tsukamareru,potential_verb,掴まる/つかまる,動詞,
掴める,つかめる,tsukameru,potential_verb,掴む/つかむ,動詞,
掴み取れる,つかみとれる,tsukamitoreru,potential_verb,掴み取る/つかみとる,動詞,
浸かれる,つかれる,tsukareru,potential_verb,浸かる/つかる,動詞,
司どれる,つかさどれる,tsukasadoreru,potential_verb,司どる/つかさどる,動詞,
遣わせる,つかわせる,tsukawaseru,potential_verb,遣わす/つかわす,動詞,
付け上がれる,つけあがれる,tsukeagareru,potential_verb,付け上がる/つけあがる,動詞,
付け入れる,つけいれる,tsukeireru,potential_verb,付け入る/つけいる,動詞,
付け込める,つけこめる,tsukekomeru,potential_verb,付け込む/つけこむ,動詞,
付け回せる,つけまわせる,tsukemawaseru,potential_verb,付け回す/つけまわす,動詞,
付け狙える,つけねらえる,tsukeneraeru,potential_verb,付け狙う/つけねらう,動詞,
付ける,つける,tsukeru,potential_verb,付く/つく,動詞,
就ける,つける,tsukeru,potential_verb,就く/つく,動詞,
搗ける,つける,tsukeru,potential_verb,搗く/つく,動詞,
着ける,つける,tsukeru,potential_verb,着く/つく,動詞,
突ける,つける,tsukeru,potential_verb,突く/つく,動詞,
付け足せる,つけたせる,tsuketaseru,potential_verb,付け足す/つけたす,動詞,
付き合える,つきあえる,tsukiaeru,potential_verb,付き合う/つきあう,動詞,
突き当たれる,つきあたれる,tsukiatareru,potential_verb,突き当たる/つきあたる,動詞,
突き出せる,つきだせる,tsukidaseru,potential_verb,突き出す/つきだす,動詞,
突き放せる,つきはなせる,tsukihanaseru,potential_verb,突き放す/つきはなす,動詞,
突き返せる,つきかえせる,tsukikaeseru,potential_verb,突き返す/つきかえす,動詞,
突き崩せる,つきくずせる,tsukikuzuseru,potential_verb,突き崩す/つきくずす,動詞,
付き纏える,つきまとえる,tsukimatoeru,potential_verb,付き纏う/つきまとう,動詞,
突き落とせる,つきおとせる,tsukiotoseru,potential_verb,突き落とす/つきおとす,動詞,
突き刺せる,つきさせる,tsukisaseru,potential_verb,突き刺す/つきさす,動詞,
付き添える,つきそえる,tsukisoeru,potential_verb,付き添う/つきそう,動詞,
突き進める,つきすすめる,tsukisusumeru,potential_verb,突き進む/つきすすむ,動詞,
突き飛ばせる,つきとばせる,tsukitobaseru,potential_verb,突き飛ばす/つきとばす,動詞,
突き通せる,つきとおせる,tsukitoseru,potential_verb,突き通す/つきとおす,動詞,
突き動かせる,つきうごかせる,tsukiugokaseru,potential_verb,突き動かす/つきうごかす,動詞,
突き破れる,つきやぶれる,tsukiyabureru,potential_verb,突き破る/つきやぶる,動詞,
突っ掛かれる,つっかかれる,tsukkakareru,potential_verb,突っ掛かる/つっかかる,動詞,
突っ切れる,つっきれる,tsukkireru,potential_verb,突っ切る/つっきる,動詞,
突っ込める,つっこめる,tsukkomeru,potential_verb,突っ込む/つっこむ,動詞,
作れる,つくれる,tsukureru,potential_verb,作る/つくる,動詞,
創れる,つくれる,tsukureru,potential_verb,創る/つくる,動詞,
造れる,つくれる,tsukureru,potential_verb,造る/つくる,動詞,
繕える,つくろえる,tsukuroeru,potential_verb,繕う/つくろう,動詞,
尽くせる,つくせる,tsukuseru,potential_verb,尽くす/つくす,動詞,
爪弾ける,つまびける,tsumabikeru,potential_verb,爪弾く/つまびく,動詞,
摘まめる,つまめる,tsumameru,potential_verb,摘まむ/つまむ,動詞,
摘み出せる,つまみだせる,tsumamidaseru,potential_verb,摘み出す/つまみだす,動詞,
詰まれる,つまれる,tsumareru,potential_verb,詰まる/つまる,動詞,
躓ける,つまずける,tsumazukeru,potential_verb,躓く/つまずく,動詞,
摘める,つめる,tsumeru,potential_verb,摘む/つむ,動詞,
積める,つめる,tsumeru,potential_verb,積む/つむ,動詞,
詰め寄れる,つめよれる,tsumeyoreru,potential_verb,詰め寄る/つめよる,動詞,
積み上がれる,つみあがれる,tsumiagareru,potential_verb,積み上がる/つみあがる,動詞,
積み出せる,つみだせる,tsumidaseru,potential_verb,積み出す/つみだす,動詞,
積み重なれる,つみかさなれる,tsumikasanareru,potential_verb,積み重なる/つみかさなる,動詞,
摘み取れる,つみとれる,tsumitoreru,potential_verb,摘み取る/つみとる,動詞,
積もれる,つもれる,tsumoreru,potential_verb,積もる/つもる,動詞,
紡げる,つむげる,tsumugeru,potential_verb,紡ぐ/つむぐ,動詞,
繋がれる,つながれる,tsunagareru,potential_verb,繋がる/つながる,動詞,
繋げる,つなげる,tsunageru,potential_verb,繋ぐ/つなぐ,動詞,
抓れる,つねれる,tsunereru,potential_verb,抓る/つねる,動詞,
つんのめれる,つんのめれる,tsunnomereru,potential_verb,つんのめる/つんのめる,動詞,
募れる,つのれる,tsunoreru,potential_verb,募る/つのる,動詞,
突っ張れる,つっぱれる,tsuppareru,potential_verb,突っ張る/つっぱる,動詞,
突っ走れる,つっぱしれる,tsuppashireru,potential_verb,突っ走る/つっぱしる,動詞,
連なれる,つらなれる,tsuranareru,potential_verb,連なる/つらなる,動詞,
貫ける,つらぬける,tsuranukeru,potential_verb,貫く/つらぬく,動詞,
貫き通せる,つらぬきとおせる,tsuranukitoseru,potential_verb,貫き通す/つらぬきとおす,動詞,
連れ出せる,つれだせる,tsuredaseru,potential_verb,連れ出す/つれだす,動詞,
連れ立てる,つれだてる,tsuredateru,potential_verb,連れ立つ/つれだつ,動詞,
連れ帰れる,つれかえれる,tsurekaereru,potential_verb,連れ帰る/つれかえる,動詞,
連れ戻せる,つれもどせる,tsuremodoseru,potential_verb,連れ戻す/つれもどす,動詞,
吊れる,つれる,tsureru,potential_verb,吊る/つる,動詞,
釣れる,つれる,tsureru,potential_verb,釣る/つる,動詞,
連れ添える,つれそえる,tsuresoeru,potential_verb,連れ添う/つれそう,動詞,
釣り合える,つりあえる,tsuriaeru,potential_verb,釣り合う/つりあう,動詞,
つるめる,つるめる,tsurumeru,potential_verb,つるむ/つるむ,動詞,
吊るせる,つるせる,tsuruseru,potential_verb,吊るす/つるす,動詞,
伝え聞ける,つたえきける,tsutaekikeru,potential_verb,伝え聞く/つたえきく,動詞,
伝われる,つたわれる,tsutawareru,potential_verb,伝わる/つたわる,動詞,
勤まれる,つとまれる,tsutomareru,potential_verb,勤まる/つとまる,動詞,
突つける,つつける,tsutsukeru,potential_verb,突つく/つつく,動詞,
包める,つつめる,tsutsumeru,potential_verb,包む/つつむ,動詞,
包み隠せる,つつみかくせる,tsutsumikakuseru,potential_verb,包み隠す/つつみかくす,動詞,
慎める,つつしめる,tsutsushimeru,potential_verb,慎む/つつしむ,動詞,
突っ立てる,つったてる,tsuttateru,potential_verb,突っ立つ/つったつ,動詞,
強まれる,つよまれる,tsuyomareru,potential_verb,強まる/つよまる,動詞,
続ける,つづける,tsuzukeru,potential_verb,続く/つづく,動詞,
綴れる,つづれる,tsuzureru,potential_verb,綴る/つづる,動詞,
奪える,うばえる,ubaeru,potential_verb,奪う/うばう,動詞,
奪い取れる,うばいとれる,ubaitoreru,potential_verb,奪い取る/うばいとる,動詞,
打ち出せる,うちだせる,uchidaseru,potential_verb,打ち出す/うちだす,動詞,
打ち拉げる,うちひしげる,uchihishigeru,potential_verb,打ち拉ぐ/うちひしぐ,動詞,
打ち勝てる,うちかてる,uchikateru,potential_verb,打ち勝つ/うちかつ,動詞,
打ち消せる,うちけせる,uchikeseru,potential_verb,打ち消す/うちけす,動詞,
打ち切れる,うちきれる,uchikireru,potential_verb,打ち切る/うちきる,動詞,
打ち砕ける,うちくだける,uchikudakeru,potential_verb,打ち砕く/うちくだく,動詞,
打ち崩せる,うちくずせる,uchikuzuseru,potential_verb,打ち崩す/うちくずす,動詞,
打ちのめせる,うちのめせる,uchinomeseru,potential_verb,打ちのめす/うちのめす,動詞,
打ち抜ける,うちぬける,uchinukeru,potential_verb,打ち抜く/うちぬく,動詞,
撃ち抜ける,うちぬける,uchinukeru,potential_verb,撃ち抜く/うちぬく,動詞,
撃ち落とせる,うちおとせる,uchiotoseru,potential_verb,撃ち落とす/うちおとす,動詞,
打ち沈める,うちしずめる,uchishizumeru,potential_verb,打ち沈む/うちしずむ,動詞,
打ち揃える,うちそろえる,uchisoroeru,potential_verb,打ち揃う/うちそろう,動詞,
打ち取れる,うちとれる,uchitoreru,potential_verb,打ち取る/うちとる,動詞,
打ち破れる,うちやぶれる,uchiyabureru,potential_verb,打ち破る/うちやぶる,動詞,
穿てる,うがてる,ugateru,potential_verb,穿つ/うがつ,動詞,
動かせる,うごかせる,ugokaseru,potential_verb,動かす/うごかす,動詞,
動ける,うごける,ugokeru,potential_verb,動く/うごく,動詞,
蠢ける,うごめける,ugomekeru,potential_verb,蠢く/うごめく,動詞,
浮かべる,うかべる,ukaberu,potential_verb,浮かぶ/うかぶ,動詞,
伺える,うかがえる,ukagaeru,potential_verb,伺う/うかがう,動詞,
窺える,うかがえる,ukagaeru,potential_verb,窺う/うかがう,動詞,
受かれる,うかれる,ukareru,potential_verb,受かる/うかる,動詞,
請け合える,うけあえる,ukeaeru,potential_verb,請け合う/うけあう,動詞,
受け持てる,うけもてる,ukemoteru,potential_verb,受け持つ/うけもつ,動詞,
受け流せる,うけながせる,ukenagaseru,potential_verb,受け流す/うけながす,動詞,
請け負える,うけおえる,ukeoeru,potential_verb,請け負う/うけおう,動詞,
浮ける,うける,ukeru,potential_verb,浮く/うく,動詞,
承れる,うけたまわれる,uketamawareru,potential_verb,承る/うけたまわる,動詞,
受けて立てる,うけてたてる,uketetateru,potential_verb,受けて立つ/うけてたつ,動詞,
受け取れる,うけとれる,uketoreru,potential_verb,受け取る/うけとる,動詞,
受け渡せる,うけわたせる,ukewataseru,potential_verb,受け渡す/うけわたす,動詞,
浮き足立てる,うきあしだてる,ukiashidateru,potential_verb,浮き足立つ/うきあしだつ,動詞,
生まれ変われる,うまれかわれる,umarekawareru,potential_verb,生まれ変わる/うまれかわる,動詞,
埋まれる,うまれる,umareru,potential_verb,埋まる/うまる,動詞,
埋まれる,うまれる,umareru,potential_verb,埋まる/うまる,動詞,
生まれ育てる,うまれそだてる,umaresodateru,potential_verb,生まれ育つ/うまれそだつ,動詞,
呻ける,うめける,umekeru,potential_verb,呻く/うめく,動詞,
生める,うめる,umeru,potential_verb,生む/うむ,動詞,
産める,うめる,umeru,potential_verb,産む/うむ,動詞,
膿める,うめる,umeru,potential_verb,膿む/うむ,動詞,
促せる,うながせる,unagaseru,potential_verb,促す/うながす,動詞,
唸れる,うなれる,unareru,potential_verb,唸る/うなる,動詞,
首肯ける,うなずける,unazukeru,potential_verb,首肯く/うなずく,動詞,
うねれる,うねれる,unereru,potential_verb,うねる/うねる,動詞,
裏返せる,うらがえせる,uragaeseru,potential_verb,裏返す/うらがえす,動詞,
裏切れる,うらぎれる,uragireru,potential_verb,裏切る/うらぎる,動詞,
恨める,うらめる,urameru,potential_verb,恨む/うらむ,動詞,
占える,うらなえる,uranaeru,potential_verb,占う/うらなう,動詞,
羨める,うらやめる,urayameru,potential_verb,羨む/うらやむ,動詞,
売れ残れる,うれのこれる,urenokoreru,potential_verb,売れ残る/うれのこる,動詞,
売れる,うれる,ureru,potential_verb,売る/うる,動詞,
売り払える,うりはらえる,uriharaeru,potential_verb,売り払う/うりはらう,動詞,
売り捌ける,うりさばける,urisabakeru,potential_verb,売り捌く/うりさばく,動詞,
うろつける,うろつける,urotsukeru,potential_verb,うろつく/うろつく,動詞,
潤える,うるおえる,uruoeru,potential_verb,潤う/うるおう,動詞,
潤せる,うるおせる,uruoseru,potential_verb,潤す/うるおす,動詞,
煩がれる,うるさがれる,urusagareru,potential_verb,煩がる/うるさがる,動詞,
失える,うしなえる,ushinaeru,potential_verb,失う/うしなう,動詞,
嘯ける,うそぶける,usobukeru,potential_verb,嘯く/うそぶく,動詞,
薄まれる,うすまれる,usumareru,potential_verb,薄まる/うすまる,動詞,
薄らげる,うすらげる,usurageru,potential_verb,薄らぐ/うすらぐ,動詞,
歌える,うたえる,utaeru,potential_verb,歌う/うたう,動詞,
詠える,うたえる,utaeru,potential_verb,詠う/うたう,動詞,
謳える,うたえる,utaeru,potential_verb,謳う/うたう,動詞,
疑える,うたがえる,utagaeru,potential_verb,疑う/うたがう,動詞,
疑れる,うたぐれる,utagureru,potential_verb,疑る/うたぐる,動詞,
うっちゃれる,うっちゃれる,utchareru,potential_verb,うっちゃる/うっちゃる,動詞,
打てる,うてる,uteru,potential_verb,打つ/うつ,動詞,
撃てる,うてる,uteru,potential_verb,撃つ/うつ,動詞,
討てる,うてる,uteru,potential_verb,討つ/うつ,動詞,
俯ける,うつむける,utsumukeru,potential_verb,俯く/うつむく,動詞,
写れる,うつれる,utsureru,potential_verb,写る/うつる,動詞,
移れる,うつれる,utsureru,potential_verb,移る/うつる,動詞,
遷れる,うつれる,utsureru,potential_verb,遷る/うつる,動詞,
移り変われる,うつりかわれる,utsurikawareru,potential_verb,移り変わる/うつりかわる,動詞,
映ろえる,うつろえる,utsuroeru,potential_verb,映ろう/うつろう,動詞,
移ろえる,うつろえる,utsuroeru,potential_verb,移ろう/うつろう,動詞,
写せる,うつせる,utsuseru,potential_verb,写す/うつす,動詞,
移せる,うつせる,utsuseru,potential_verb,移す/うつす,動詞,
打って変われる,うってかわれる,uttekawareru,potential_verb,打って変わる/うってかわる,動詞,
上回れる,うわまわれる,uwamawareru,potential_verb,上回る/うわまわる,動詞,
植われる,うわれる,uwareru,potential_verb,植わる/うわる,動詞,
浮つける,うわつける,uwatsukeru,potential_verb,浮つく/うわつく,動詞,
上擦れる,うわずれる,uwazureru,potential_verb,上擦る/うわずる,動詞,
敬える,うやまえる,uyamaeru,potential_verb,敬う/うやまう,動詞,
疼ける,うずける,uzukeru,potential_verb,疼く/うずく,動詞,
蹲れる,うずくまれる,uzukumareru,potential_verb,蹲る/うずくまる,動詞,
渦巻ける,うずまける,uzumakeru,potential_verb,渦巻く/うずまく,動詞,
蟠れる,わだかまれる,wadakamareru,potential_verb,蟠る/わだかまる,動詞,
若返れる,わかがえれる,wakagaereru,potential_verb,若返る/わかがえる,動詞,
沸かせる,わかせる,wakaseru,potential_verb,沸かす/わかす,動詞,
分かてる,わかてる,wakateru,potential_verb,分かつ/わかつ,動詞,
分け入れる,わけいれる,wakeireru,potential_verb,分け入る/わけいる,動詞,
沸ける,わける,wakeru,potential_verb,沸く/わく,動詞,
湧ける,わける,wakeru,potential_verb,湧く/わく,動詞,
湧き起これる,わきおこれる,wakiokoreru,potential_verb,湧き起こる/わきおこる,動詞,
わめける,わめける,wamekeru,potential_verb,わめく/わめく,動詞,
戦慄ける,わななける,wananakeru,potential_verb,戦慄く/わななく,動詞,
笑える,わらえる,waraeru,potential_verb,笑う/わらう,動詞,
割れる,われる,wareru,potential_verb,割る/わる,動詞,
割り引ける,わりびける,waribikeru,potential_verb,割り引く/わりびく,動詞,
割り出せる,わりだせる,waridaseru,potential_verb,割り出す/わりだす,動詞,
割り振れる,わりふれる,warifureru,potential_verb,割り振る/わりふる,動詞,
割り切れる,わりきれる,warikireru,potential_verb,割り切る/わりきる,動詞,
割り戻せる,わりもどせる,warimodoseru,potential_verb,割り戻す/わりもどす,動詞,
渡れる,わたれる,watareru,potential_verb,渡る/わたる,動詞,
渡り合える,わたりあえる,watariaeru,potential_verb,渡り合う/わたりあう,動詞,
渡り歩ける,わたりあるける,watariarukeru,potential_verb,渡り歩く/わたりあるく,動詞,
渡せる,わたせる,wataseru,potential_verb,渡す/わたす,動詞,
患える,わずらえる,wazuraeru,potential_verb,患う/わずらう,動詞,
煩える,わずらえる,wazuraeru,potential_verb,煩う/わずらう,動詞,
破ける,やぶける,yabukeru,potential_verb,破く/やぶく,動詞,
破れる,やぶれる,yabureru,potential_verb,破る/やぶる,動詞,
宿れる,やどれる,yadoreru,potential_verb,宿る/やどる,動詞,
宿せる,やどせる,yadoseru,potential_verb,宿す/やどす,動詞,
野次れる,やじれる,yajireru,potential_verb,野次る/やじる,動詞,
焼け残れる,やけのこれる,yakenokoreru,potential_verb,焼け残る/やけのこる,動詞,
妬ける,やける,yakeru,potential_verb,妬く/やく,動詞,
焼ける,やける,yakeru,potential_verb,焼く/やく,動詞,
焼け付ける,やけつける,yaketsukeru,potential_verb,焼け付く/やけつく,動詞,
焼き払える,やきはらえる,yakiharaeru,potential_verb,焼き払う/やきはらう,動詞,
焼き殺せる,やきころせる,yakikoroseru,potential_verb,焼き殺す/やきころす,動詞,
役立てる,やくだてる,yakudateru,potential_verb,役立つ/やくだつ,動詞,
約せる,やくせる,yakuseru,potential_verb,約す/やくす,動詞,
訳せる,やくせる,yakuseru,potential_verb,訳す/やくす,動詞,
やれる,やれる,yareru,potential_verb,やる/やる,動詞,
遣り通せる,やりとおせる,yaritoseru,potential_verb,遣り通す/やりとおす,動詞,
痩せ細れる,やせほそれる,yasehosoreru,potential_verb,痩せ細る/やせほそる,動詞,
養える,やしなえる,yashinaeru,potential_verb,養う/やしなう,動詞,
休める,やすめる,yasumeru,potential_verb,休む/やすむ,動詞,
安らげる,やすらげる,yasurageru,potential_verb,安らぐ/やすらぐ,動詞,
雇える,やとえる,yatoeru,potential_verb,雇う/やとう,動詞,
窶せる,やつせる,yatsuseru,potential_verb,窶す/やつす,動詞,
呼べる,よべる,yoberu,potential_verb,呼ぶ/よぶ,動詞,
呼び交わせる,よびかわせる,yobikawaseru,potential_verb,呼び交わす/よびかわす,動詞,
呼び戻せる,よびもどせる,yobimodoseru,potential_verb,呼び戻す/よびもどす,動詞,
呼び起こせる,よびおこせる,yobiokoseru,potential_verb,呼び起こす/よびおこす,動詞,
呼び覚ませる,よびさませる,yobisamaseru,potential_verb,呼び覚ます/よびさます,動詞,
淀める,よどめる,yodomeru,potential_verb,淀む/よどむ,動詞,
酔える,よえる,yoeru,potential_verb,酔う/よう,動詞,
よぎれる,よぎれる,yogireru,potential_verb,よぎる/よぎる,動詞,
汚せる,よごせる,yogoseru,potential_verb,汚す/よごす,動詞,
攀じ登れる,よじのぼれる,yojinoboreru,potential_verb,攀じ登る/よじのぼる,動詞,
捩れる,よじれる,yojireru,potential_verb,捩る/よじる,動詞,
横切れる,よこぎれる,yokogireru,potential_verb,横切る/よこぎる,動詞,
寄越せる,よこせる,yokoseru,potential_verb,寄越す/よこす,動詞,
横たわれる,よこたわれる,yokotawareru,potential_verb,横たわる/よこたわる,動詞,
欲張れる,よくばれる,yokubareru,potential_verb,欲張る/よくばる,動詞,
浴せる,よくせる,yokuseru,potential_verb,浴す/よくす,動詞,
詠める,よめる,yomeru,potential_verb,詠む/よむ,動詞,
読める,よめる,yomeru,potential_verb,読む/よむ,動詞,
読み耽れる,よみふけれる,yomifukereru,potential_verb,読み耽る/よみふける,動詞,
蘇れる,よみがえれる,yomigaereru,potential_verb,蘇る/よみがえる,動詞,
読み通せる,よみとおせる,yomitoseru,potential_verb,読み通す/よみとおす,動詞,
酔っ払える,よっぱらえる,yopparaeru,potential_verb,酔っ払う/よっぱらう,動詞,
因れる,よれる,yoreru,potential_verb,因る/よる,動詞,
寄れる,よれる,yoreru,potential_verb,寄る/よる,動詞,
縒れる,よれる,yoreru,potential_verb,縒る/よる,動詞,
選れる,よれる,yoreru,potential_verb,選る/よる,動詞,
寄り集まれる,よりあつまれる,yoriatsumareru,potential_verb,寄り集まる/よりあつまる,動詞,
寄り掛かれる,よりかかれる,yorikakareru,potential_verb,寄り掛かる/よりかかる,動詞,
寄り切れる,よりきれる,yorikireru,potential_verb,寄り切る/よりきる,動詞,
寄り添える,よりそえる,yorisoeru,potential_verb,寄り添う/よりそう,動詞,
寄り倒せる,よりたおせる,yoritaoseru,potential_verb,寄り倒す/よりたおす,動詞,
寄り付ける,よりつける,yoritsukeru,potential_verb,寄り付く/よりつく,動詞,
喜べる,よろこべる,yorokoberu,potential_verb,喜ぶ/よろこぶ,動詞,
喜び勇める,よろこびいさめる,yorokobiisameru,potential_verb,喜び勇む/よろこびいさむ,動詞,
よろめける,よろめける,yoromekeru,potential_verb,よろめく/よろめく,動詞,
擁せる,ようせる,yoseru,potential_verb,擁す/ようす,動詞,
要せる,ようせる,yoseru,potential_verb,要す/ようす,動詞,
装える,よそおえる,yosoeru,potential_verb,装う/よそおう,動詞,
弱まれる,よわまれる,yowamareru,potential_verb,弱まる/よわまる,動詞,
弱れる,よわれる,yowareru,potential_verb,弱る/よわる,動詞,
指差せる,ゆびさせる,yubisaseru,potential_verb,指差す/ゆびさす,動詞,
結える,ゆえる,yueru,potential_verb,結う/ゆう,動詞,
湯掻ける,ゆがける,yugakeru,potential_verb,湯掻く/ゆがく,動詞,
揺らげる,ゆらげる,yurageru,potential_verb,揺らぐ/ゆらぐ,動詞,
揺らめける,ゆらめける,yuramekeru,potential_verb,揺らめく/ゆらめく,動詞,
揺らせる,ゆらせる,yuraseru,potential_verb,揺らす/ゆらす,動詞,
揺り起こせる,ゆりおこせる,yuriokoseru,potential_verb,揺り起こす/ゆりおこす,動詞,
揺り動かせる,ゆりうごかせる,yuriugokaseru,potential_verb,揺り動かす/ゆりうごかす,動詞,
揺るがせる,ゆるがせる,yurugaseru,potential_verb,揺るがす/ゆるがす,動詞,
揺るげる,ゆるげる,yurugeru,potential_verb,揺るぐ/ゆるぐ,動詞,
許せる,ゆるせる,yuruseru,potential_verb,許す/ゆるす,動詞,
揺さ振れる,ゆさぶれる,yusabureru,potential_verb,揺さ振る/ゆさぶる,動詞,
有せる,ゆうせる,yuseru,potential_verb,有す/ゆうす,動詞,
揺す振れる,ゆすぶれる,yusubureru,potential_verb,揺す振る/ゆすぶる,動詞,
濯げる,ゆすげる,yusugeru,potential_verb,濯ぐ/ゆすぐ,動詞,
揺すれる,ゆすれる,yusureru,potential_verb,揺する/ゆする,動詞,
結わける,ゆわける,yuwakeru,potential_verb,結わく/ゆわく,動詞,
譲れる,ゆずれる,yuzureru,potential_verb,譲る/ゆずる,動詞,
譲り渡せる,ゆずりわたせる,yuzuriwataseru,potential_verb,譲り渡す/ゆずりわたす,動詞,
ざらつける,ざらつける,zaratsukeru,potential_verb,ざらつく/ざらつく,動詞,
ざわめける,ざわめける,zawamekeru,potential_verb,ざわめく/ざわめく,動詞,
ざわつける,ざわつける,zawatsukeru,potential_verb,ざわつく/ざわつく,動詞,
絶せる,ぜっせる,zesseru,potential_verb,絶す/ぜっす,動詞,
属せる,ぞくせる,zokuseru,potential_verb,属す/ぞくす,動詞,
ずらかれる,ずらかれる,zurakareru,potential_verb,ずらかる/ずらかる,動詞,
ずらせる,ずらせる,zuraseru,potential_verb,ずらす/ずらす,動詞,
ずり下がれる,ずりさがれる,zurisagareru,potential_verb,ずり下がる/ずりさがる,動詞,
愛す,あいす,aisu,sino_verb,愛する,動詞,
甘んじる,あまんじる,amanjiru,sino_verb,甘んずる,動詞,
案じる,あんじる,anjiru,sino_verb,案ずる,動詞,
表す,あらわす,arawasu,sino_verb,表する,動詞,
圧す,あっす,assu,sino_verb,圧する,動詞,
値す,あたいす,ataisu,sino_verb,値する,動詞,
倍す,ばいす,baisu,sino_verb,倍する,動詞,
便す,べんす,bensu,sino_verb,便する,動詞,
没す,ぼっす,bossu,sino_verb,没する,動詞,
長じる,ちょうじる,chojiru,sino_verb,長ずる,動詞,
断じる,だんじる,danjiru,sino_verb,断ずる,動詞,
脱す,だっす,dassu,sino_verb,脱する,動詞,
堕す,だす,dasu,sino_verb,堕する,動詞,
動じる,どうじる,dojiru,sino_verb,動ずる,動詞,
演じる,えんじる,enjiru,sino_verb,演ずる,動詞,
封じる,ふうじる,fujiru,sino_verb,封ずる,動詞,
伏す,ふくす,fukusu,sino_verb,伏する,動詞,
復す,ふくす,fukusu,sino_verb,復する,動詞,
服す,ふくす,fukusu,sino_verb,服する,動詞,
扮す,ふんす,funsu,sino_verb,扮する,動詞,
付す,ふす,fusu,sino_verb,付する,動詞,
伏す,ふす,fusu,sino_verb,伏する,動詞,
減じる,げんじる,genjiru,sino_verb,減ずる,動詞,
擬す,ぎす,gisu,sino_verb,擬する,動詞,
号す,ごうす,gosu,sino_verb,号する,動詞,
御す,ぎょす,gyosu,sino_verb,御する,動詞,
廃す,はいす,haisu,sino_verb,廃する,動詞,
拝す,はいす,haisu,sino_verb,拝する,動詞,
排す,はいす,haisu,sino_verb,排する,動詞,
配す,はいす,haisu,sino_verb,配する,動詞,
博す,はくす,hakusu,sino_verb,博する,動詞,
反す,はんす,hansu,sino_verb,反する,動詞,
発す,はっす,hassu,sino_verb,発する,動詞,
偏す,へんす,hensu,sino_verb,偏する,動詞,
瀕す,ひんす,hinsu,sino_verb,瀕する,動詞,
貧す,ひんす,hinsu,sino_verb,貧する,動詞,
報じる,ほうじる,hojiru,sino_verb,報ずる,動詞,
欲す,ほっす,hossu,sino_verb,欲する,動詞,
表す,ひょうす,hyosu,sino_verb,表する,動詞,
評す,ひょうす,hyosu,sino_verb,評する,動詞,
逸す,いっす,issu,sino_verb,逸する,動詞,
寂す,じゃくす,jakusu,sino_verb,寂する,動詞,
持す,じす,jisu,sino_verb,持する,動詞,
辞す,じす,jisu,sino_verb,辞する,動詞,
乗じる,じょうじる,jojiru,sino_verb,乗ずる,動詞,
熟す,じゅくす,jukusu,sino_verb,熟する,動詞,
準じる,じゅんじる,junjiru,sino_verb,準ずる,動詞,
帰す,かえす,kaesu,sino_verb,帰する,動詞,
介す,かいす,kaisu,sino_verb,介する,動詞,
会す,かいす,kaisu,sino_verb,会する,動詞,
解す,かいす,kaisu,sino_verb,解する,動詞,
画す,かくす,kakusu,sino_verb,画する,動詞,
感じる,かんじる,kanjiru,sino_verb,感ずる,動詞,
冠す,かんす,kansu,sino_verb,冠する,動詞,
関す,かんす,kansu,sino_verb,関する,動詞,
科す,かす,kasu,sino_verb,科する,動詞,
課す,かす,kasu,sino_verb,課する,動詞,
決す,けっす,kessu,sino_verb,決する,動詞,
禁じる,きんじる,kinjiru,sino_verb,禁ずる,動詞,
喫す,きっす,kissu,sino_verb,喫する,動詞,
帰す,きす,kisu,sino_verb,帰する,動詞,
期す,きす,kisu,sino_verb,期する,動詞,
講じる,こうじる,kojiru,sino_verb,講ずる,動詞,
高じる,こうじる,kojiru,sino_verb,高ずる,動詞,
心す,こころす,kokorosu,sino_verb,心する,動詞,
抗す,こうす,kosu,sino_verb,抗する,動詞,
与す,くみす,kumisu,sino_verb,与する,動詞,
屈す,くっす,kussu,sino_verb,屈する,動詞,
興じる,きょうじる,kyojiru,sino_verb,興ずる,動詞,
供す,きょうす,kyosu,sino_verb,供する,動詞,
休す,きゅうす,kyusu,sino_verb,休する,動詞,
窮す,きゅうす,kyusu,sino_verb,窮する,動詞,
命じる,めいじる,meijiru,sino_verb,命ずる,動詞,
銘じる,めいじる,meijiru,sino_verb,銘ずる,動詞,
免じる,めんじる,menjiru,sino_verb,免ずる,動詞,
面す,めんす,mensu,sino_verb,面する,動詞,
黙す,もくす,mokusu,sino_verb,黙する,動詞,
模す,もす,mosu,sino_verb,模する,動詞,
並び称す,ならびしょうす,narabishosu,sino_verb,並び称する,動詞,
念じる,ねんじる,nenjiru,sino_verb,念ずる,動詞,
熱す,ねっす,nessu,sino_verb,熱する,動詞,
任じる,にんじる,ninjiru,sino_verb,任ずる,動詞,
応じる,おうじる,ojiru,sino_verb,応ずる,動詞,
臆す,おくす,okusu,sino_verb,臆する,動詞,
重んじる,おもんじる,omonjiru,sino_verb,重んずる,動詞,
列す,れっす,ressu,sino_verb,列する,動詞,
律す,りっす,rissu,sino_verb,律する,動詞,
利す,りす,risu,sino_verb,利する,動詞,
論じる,ろんじる,ronjiru,sino_verb,論ずる,動詞,
労す,ろうす,rosu,sino_verb,労する,動詞,
弄す,ろうす,rosu,sino_verb,弄する,動詞,
類す,るいす,ruisu,sino_verb,類する,動詞,
略す,りゃくす,ryakusu,sino_verb,略する,動詞,
際す,さいす,saisu,sino_verb,際する,動詞,
産す,さんす,sansu,sino_verb,産する,動詞,
察す,さっす,sassu,sino_verb,察する,動詞,
制す,せいす,seisu,sino_verb,制する,動詞,
接す,せっす,sessu,sino_verb,接する,動詞,
信じる,しんじる,shinjiru,sino_verb,信ずる,動詞,
失す,しっす,shissu,sino_verb,失する,動詞,
資す,しす,shisu,sino_verb,資する,動詞,
生じる,しょうじる,shojiru,sino_verb,生ずる,動詞,
食す,しょくす,shokusu,sino_verb,食する,動詞,
称す,しょうす,shosu,sino_verb,称する,動詞,
証す,しょうす,shosu,sino_verb,証する,動詞,
賞す,しょうす,shosu,sino_verb,賞する,動詞,
処す,しょす,shosu,sino_verb,処する,動詞,
則す,そくす,sokusu,sino_verb,則する,動詞,
損じる,そんじる,sonjiru,sino_verb,損ずる,動詞,
損す,そんす,sonsu,sino_verb,損する,動詞,
奏す,そうす,sosu,sino_verb,奏する,動詞,
称す,そやす,soyasu,sino_verb,称する,動詞,
対す,たいす,taisu,sino_verb,対する,動詞,
託す,たくす,takusu,sino_verb,託する,動詞,
達す,たっす,tassu,sino_verb,達する,動詞,
呈す,ていす,teisu,sino_verb,呈する,動詞,
適す,てきす,tekisu,sino_verb,適する,動詞,
点じる,てんじる,tenjiru,sino_verb,点ずる,動詞,
転じる,てんじる,tenjiru,sino_verb,転ずる,動詞,
徹す,てっす,tessu,sino_verb,徹する,動詞,
投じる,とうじる,tojiru,sino_verb,投ずる,動詞,
得す,とくす,tokusu,sino_verb,得する,動詞,
通じる,つうじる,tsujiru,sino_verb,通ずる,動詞,
和す,わす,wasu,sino_verb,和する,動詞,
私す,わたくしす,watakushisu,sino_verb,私する,動詞,
約す,やくす,yakusu,sino_verb,約する,動詞,
訳す,やくす,yakusu,sino_verb,訳する,動詞,
浴す,よくす,yokusu,sino_verb,浴する,動詞,
擁す,ようす,yosu,sino_verb,擁する,動詞,
要す,ようす,yosu,sino_verb,要する,動詞,
有す,ゆうす,yusu,sino_verb,有する,動詞,
絶す,ぜっす,zessu,sino_verb,絶する,動詞,
属す,ぞくす,zokusu,sino_verb,属する,動詞,
存じる,ぞんじる,zonjiru,sino_verb,存ずる,動詞,
安閑たる,あんかんたる,ankantaru,taru_adjective,タル形容詞,形容詞,
唖然たる,あぜんたる,azentaru,taru_adjective,タル形容詞,形容詞,
漠然たる,ばくぜんたる,bakuzentaru,taru_adjective,タル形容詞,形容詞,
微々たる,びびたる,bibitaru,taru_adjective,タル形容詞,形容詞,
茫漠たる,ぼうばくたる,bobakutaru,taru_adjective,タル形容詞,形容詞,
厖然たる,ぼうぜんたる,bozentaru,taru_adjective,タル形容詞,形容詞,
茫然たる,ぼうぜんたる,bozentaru,taru_adjective,タル形容詞,形容詞,
憮然たる,ぶぜんたる,buzentaru,taru_adjective,タル形容詞,形容詞,
遅々たる,ちちたる,chichitaru,taru_adjective,タル形容詞,形容詞,
断固たる,だんこたる,dankotaru,taru_adjective,タル形容詞,形容詞,
堂々たる,どうどうたる,dodotaru,taru_adjective,タル形容詞,形容詞,
営々たる,えいえいたる,eieitaru,taru_adjective,タル形容詞,形容詞,
延々たる,えんえんたる,enentaru,taru_adjective,タル形容詞,形容詞,
愕然たる,がくぜんたる,gakuzentaru,taru_adjective,タル形容詞,形容詞,
厳然たる,げんぜんたる,genzentaru,taru_adjective,タル形容詞,形容詞,
判然たる,はんぜんたる,hanzentaru,taru_adjective,タル形容詞,形容詞,
はつらつたる,はつらつたる,hatsuratsutaru,taru_adjective,タル形容詞,形容詞,
平然たる,へいぜんたる,heizentaru,taru_adjective,タル形容詞,形容詞,
彷彿たる,ほうふつたる,hofutsutaru,taru_adjective,タル形容詞,形容詞,
飄々たる,ひょうひょうたる,hyohyotaru,taru_adjective,タル形容詞,形容詞,
威風堂々たる,いふうどうどうたる,ifudodotaru,taru_adjective,タル形容詞,形容詞,
意気揚々たる,いきようようたる,ikiyoyotaru,taru_adjective,タル形容詞,形容詞,
依然たる,いぜんたる,izentaru,taru_adjective,タル形容詞,形容詞,
忸怩たる,じくじたる,jikujitaru,taru_adjective,タル形容詞,形容詞,
確固たる,かっこたる,kakkotaru,taru_adjective,タル形容詞,形容詞,
画然たる,かくぜんたる,kakuzentaru,taru_adjective,タル形容詞,形容詞,
冠たる,かんたる,kantaru,taru_adjective,タル形容詞,形容詞,
敢然たる,かんぜんたる,kanzentaru,taru_adjective,タル形容詞,形容詞,
決然たる,けつぜんたる,ketsuzentaru,taru_adjective,タル形容詞,形容詞,
喜々たる,ききたる,kikitaru,taru_adjective,タル形容詞,形容詞,
毅然たる,きぜんたる,kizentaru,taru_adjective,タル形容詞,形容詞,
混沌たる,こんとんたる,kontontaru,taru_adjective,タル形容詞,形容詞,
混然たる,こんぜんたる,konzentaru,taru_adjective,タル形容詞,形容詞,
荒涼たる,こうりょうたる,koryotaru,taru_adjective,タル形容詞,形容詞,
古色蒼然たる,こしょくそうぜんたる,koshokusozentaru,taru_adjective,タル形容詞,形容詞,
忽々たる,こつこつたる,kotsukotsutaru,taru_adjective,タル形容詞,形容詞,
公然たる,こうぜんたる,kozentaru,taru_adjective,タル形容詞,形容詞,
汲々たる,きゅうきゅうたる,kyukyutaru,taru_adjective,タル形容詞,形容詞,
旧態依然たる,きゅうたいいぜんたる,kyutaiizentaru,taru_adjective,タル形容詞,形容詞,
満々たる,まんまんたる,manmantaru,taru_adjective,タル形容詞,形容詞,
漫然たる,まんぜんたる,manzentaru,taru_adjective,タル形容詞,形容詞,
明々白々たる,めいめいはくはくたる,meimeihakuhakutaru,taru_adjective,タル形容詞,形容詞,
黙々たる,もくもくたる,mokumokutaru,taru_adjective,タル形容詞,形容詞,
朦朧たる,もうろうたる,morotaru,taru_adjective,タル形容詞,形容詞,
猛然たる,もうぜんたる,mozentaru,taru_adjective,タル形容詞,形容詞,
脈々たる,みゃくみゃくたる,myakumyakutaru,taru_adjective,タル形容詞,形容詞,
爛漫たる,らんまんたる,ranmantaru,taru_adjective,タル形容詞,形容詞,
歴然たる,れきぜんたる,rekizentaru,taru_adjective,タル形容詞,形容詞,
連綿たる,れんめんたる,renmentaru,taru_adjective,タル形容詞,形容詞,
凛たる,りんたる,rintaru,taru_adjective,タル形容詞,形容詞,
慄然たる,りつぜんたる,ritsuzentaru,taru_adjective,タル形容詞,形容詞,
朗々たる,ろうろうたる,rorotaru,taru_adjective,タル形容詞,形容詞,
隆々たる,りゅうりゅうたる,ryuryutaru,taru_adjective,タル形容詞,形容詞,
細々たる,さいさいたる,saisaitaru,taru_adjective,タル形容詞,形容詞,
最たる,さいたる,saitaru,taru_adjective,タル形容詞,形容詞,
惨憺たる,さんたんたる,santantaru,taru_adjective,タル形容詞,形容詞,
燦たる,さんたる,santaru,taru_adjective,タル形容詞,形容詞,
颯爽たる,さっそうたる,sassotaru,taru_adjective,タル形容詞,形容詞,
正々堂々たる,せいせいどうどうたる,seiseidodotaru,taru_adjective,タル形容詞,形容詞,
整然たる,せいぜんたる,seizentaru,taru_adjective,タル形容詞,形容詞,
切々たる,せつせつたる,setsusetsutaru,taru_adjective,タル形容詞,形容詞,
釈然たる,しゃくぜんたる,shakuzentaru,taru_adjective,タル形容詞,形容詞,
深々たる,しんしんたる,shinshintaru,taru_adjective,タル形容詞,形容詞,
粛々たる,しゅくしゅくたる,shukushukutaru,taru_adjective,タル形容詞,形容詞,
錚々たる,そうそうたる,sosotaru,taru_adjective,タル形容詞,形容詞,
騒然たる,そうぜんたる,sozentaru,taru_adjective,タル形容詞,形容詞,
淡々たる,たんたんたる,tantantaru,taru_adjective,タル形容詞,形容詞,
洞々たる,とうとうたる,tototaru,taru_adjective,タル形容詞,形容詞,
滔々たる,とうとうたる,tototaru,taru_adjective,タル形容詞,形容詞,
蕩々たる,とうとうたる,tototaru,taru_adjective,タル形容詞,形容詞,
突如たる,とつじょたる,totsujotaru,taru_adjective,タル形容詞,形容詞,
訥々たる,とつとつたる,totsutotsutaru,taru_adjective,タル形容詞,形容詞,
鬱蒼たる,うっそうたる,ussotaru,taru_adjective,タル形容詞,形容詞,
悠々たる,ゆうゆうたる,yuyutaru,taru_adjective,タル形容詞,形容詞,
悠然たる,ゆうぜんたる,yuzentaru,taru_adjective,タル形容詞,形容詞,
愛顧,あいこ,aiko,technical_domain,ビジネス,サ変名詞,抽象物
愛国,あいこく,aikoku,technical_domain,政治,普通名詞,抽象物
赤字,あかじ,akaji,technical_domain,ビジネス;政治,普通名詞,抽象物
悪法,あくほう,akuho,technical_domain,政治,普通名詞,抽象物
悪政,あくせい,akusei,technical_domain,政治,普通名詞,抽象物
案分,あんぶん,anbun,technical_domain,ビジネス;政治,サ変名詞,抽象物
案文,あんぶん,anbun,technical_domain,政治,サ変名詞,抽象物
青天井,あおてんじょう,aotenjo,technical_domain,ビジネス,普通名詞,抽象物
荒稼ぎ,あらかせぎ,arakasegi,technical_domain,ビジネス,サ変名詞,抽象物
圧政,あっせい,assei,technical_domain,政治,普通名詞,抽象物
後払い,あとばらい,atobarai,technical_domain,ビジネス,普通名詞,抽象物
圧延,あつえん,atsuen,technical_domain,科学・技術,サ変名詞,抽象物
売買,ばいばい,baibai,technical_domain,ビジネス,サ変名詞,抽象物
売買春,ばいばいしゅん,baibaishun,technical_domain,政治,普通名詞,抽象物
売却,ばいきゃく,baikyaku,technical_domain,ビジネス,サ変名詞,抽象物
売名,ばいめい,baimei,technical_domain,メディア,普通名詞,抽象物
陪審,ばいしん,baishin,technical_domain,政治,普通名詞,抽象物
賠償,ばいしょう,baisho,technical_domain,政治,サ変名詞,抽象物
買収,ばいしゅう,baishu,technical_domain,ビジネス,サ変名詞,抽象物
売約,ばいやく,baiyaku,technical_domain,ビジネス,サ変名詞,抽象物
爆撃,ばくげき,bakugeki,technical_domain,政治,サ変名詞,抽象物
爆破,ばくは,bakuha,technical_domain,政治,サ変名詞,抽象物
番地,ばんち,banchi,technical_domain,政治,普通名詞,抽象物
番組,ばんぐみ,bangumi,technical_domain,メディア,普通名詞,抽象物
蛮行,ばんこう,banko,technical_domain,政治,サ変名詞,抽象物
罰則,ばっそく,bassoku,technical_domain,政治,普通名詞,抽象物
罰,ばつ,batsu,technical_domain,政治,普通名詞,抽象物
米誌,べいし,beishi,technical_domain,メディア,普通名詞,抽象物
弁護,べんご,bengo,technical_domain,政治,サ変名詞,抽象物
弁済,べんさい,bensai,technical_domain,政治,サ変名詞,抽象物
美談,びだん,bidan,technical_domain,メディア,普通名詞,抽象物
微罪,びざい,bizai,technical_domain,政治,普通名詞,抽象物
傍聴,ぼうちょう,bocho,technical_domain,政治,サ変名詞,抽象物
防弾,ぼうだん,bodan,technical_domain,政治,普通名詞,抽象物
暴動,ぼうどう,bodo,technical_domain,政治,普通名詞,抽象物
防衛,ぼうえい,boei,technical_domain,政治,サ変名詞,抽象物
貿易,ぼうえき,boeki,technical_domain,ビジネス,サ変名詞,抽象物
防疫,ぼうえき,boeki,technical_domain,健康・医学;政治,普通名詞,抽象物
妨害,ぼうがい,bogai,technical_domain,政治,サ変名詞,抽象物
謀議,ぼうぎ,bogi,technical_domain,政治,サ変名詞,抽象物
傍受,ぼうじゅ,boju,technical_domain,科学・技術,サ変名詞,抽象物
簿価,ぼか,boka,technical_domain,ビジネス,普通名詞,抽象物
簿記,ぼき,boki,technical_domain,ビジネス,普通名詞,抽象物
暴行,ぼうこう,boko,technical_domain,政治,サ変名詞,抽象物
防空,ぼうくう,boku,technical_domain,政治,普通名詞,抽象物
亡命,ぼうめい,bomei,technical_domain,政治,サ変名詞,抽象物
暴落,ぼうらく,boraku,technical_domain,ビジネス,サ変名詞,抽象物
紡績,ぼうせき,boseki,technical_domain,科学・技術,サ変名詞,抽象物
傍証,ぼうしょう,bosho,technical_domain,科学・技術,サ変名詞,抽象物
暴騰,ぼうとう,boto,technical_domain,ビジネス,サ変名詞,抽象物
冒涜,ぼうとく,botoku,technical_domain,政治,サ変名詞,抽象物
物価高,ぶっかだか,bukkadaka,technical_domain,ビジネス;政治,普通名詞,抽象物
分業,ぶんぎょう,bungyo,technical_domain,ビジネス,サ変名詞,抽象物
分解,ぶんかい,bunkai,technical_domain,科学・技術,サ変名詞,抽象物
分権,ぶんけん,bunken,technical_domain,政治,普通名詞,抽象物
文献,ぶんけん,bunken,technical_domain,科学・技術,普通名詞,抽象物
分立,ぶんりつ,bunritsu,technical_domain,政治,サ変名詞,抽象物
分析,ぶんせき,bunseki,technical_domain,科学・技術,サ変名詞,抽象物
武力,ぶりょく,buryoku,technical_domain,政治,普通名詞,抽象物
部署,ぶしょ,busho,technical_domain,ビジネス;政治,普通名詞,抽象物
武装,ぶそう,buso,technical_domain,政治,サ変名詞,抽象物
物性,ぶっせい,bussei,technical_domain,科学・技術,普通名詞,抽象物
物証,ぶっしょう,bussho,technical_domain,政治,普通名詞,抽象物
武闘,ぶとう,buto,technical_domain,政治,普通名詞,抽象物
物納,ぶつのう,butsuno,technical_domain,政治,サ変名詞,抽象物
物流,ぶつりゅう,butsuryu,technical_domain,ビジネス,普通名詞,抽象物
着任,ちゃくにん,chakunin,technical_domain,ビジネス;政治,サ変名詞,抽象物
着信,ちゃくしん,chakushin,technical_domain,メディア;科学・技術,サ変名詞,抽象物
治,ち,chi,technical_domain,政治,普通名詞,抽象物
治安,ちあん,chian,technical_domain,政治,普通名詞,抽象物
治外法権,ちがいほうけん,chigaihoken,technical_domain,政治,普通名詞,抽象物
地磁気,ちじき,chijiki,technical_domain,科学・技術,普通名詞,抽象物
知見,ちけん,chiken,technical_domain,科学・技術,普通名詞,抽象物
賃上げ,ちんあげ,chinage,technical_domain,ビジネス;政治,サ変名詞,抽象物
鎮圧,ちんあつ,chinatsu,technical_domain,政治,サ変名詞,抽象物
地熱,ちねつ,chinetsu,technical_domain,科学・技術,普通名詞,抽象物
陳情,ちんじょう,chinjo,technical_domain,政治,サ変名詞,抽象物
陳述,ちんじゅつ,chinjutsu,technical_domain,政治,サ変名詞,抽象物
賃借,ちんしゃく,chinshaku,technical_domain,ビジネス,サ変名詞,抽象物
賃貸借,ちんたいしゃく,chintaishaku,technical_domain,ビジネス,普通名詞,抽象物
治水,ちすい,chisui,technical_domain,政治,サ変名詞,抽象物
超伝導,ちょうでんどう,chodendo,technical_domain,科学・技術,普通名詞,抽象物
町営,ちょうえい,choei,technical_domain,ビジネス;政治,普通名詞,抽象物
懲役,ちょうえき,choeki,technical_domain,政治,普通名詞,抽象物
調合,ちょうごう,chogo,technical_domain,健康・医学;科学・技術,サ変名詞,抽象物
長波,ちょうは,choha,technical_domain,メディア;科学・技術,普通名詞,抽象物
徴兵,ちょうへい,chohei,technical_domain,政治,サ変名詞,抽象物
諜報,ちょうほう,choho,technical_domain,政治,サ変名詞,抽象物
調印,ちょういん,choin,technical_domain,政治,サ変名詞,抽象物
直轄,ちょっかつ,chokkatsu,technical_domain,政治,サ変名詞,抽象物
直売,ちょくばい,chokubai,technical_domain,ビジネス,サ変名詞,抽象物
直営,ちょくえい,chokuei,technical_domain,ビジネス,サ変名詞,抽象物
勅語,ちょくご,chokugo,technical_domain,政治,普通名詞,抽象物
直販,ちょくはん,chokuhan,technical_domain,ビジネス,普通名詞,抽象物
直列,ちょくれつ,chokuretsu,technical_domain,科学・技術,普通名詞,抽象物
直流,ちょくりゅう,chokuryu,technical_domain,科学・技術,サ変名詞,抽象物
直輸入,ちょくゆにゅう,chokuyunyu,technical_domain,ビジネス,サ変名詞,抽象物
直属,ちょくぞく,chokuzoku,technical_domain,ビジネス,サ変名詞,抽象物
町名,ちょうめい,chomei,technical_domain,政治,普通名詞,抽象物
聴聞,ちょうもん,chomon,technical_domain,政治,サ変名詞,抽象物
町政,ちょうせい,chosei,technical_domain,政治,普通名詞,抽象物
調書,ちょうしょ,chosho,technical_domain,政治,普通名詞,抽象物
聴取,ちょうしゅ,choshu,technical_domain,政治,サ変名詞,抽象物
徴収,ちょうしゅう,choshu,technical_domain,政治,サ変名詞,抽象物
徴集,ちょうしゅう,choshu,technical_domain,政治,サ変名詞,抽象物
調停,ちょうてい,chotei,technical_domain,政治,サ変名詞,抽象物
徴用,ちょうよう,choyo,technical_domain,政治,サ変名詞,抽象物
重用,ちょうよう,choyo,technical_domain,ビジネス;政治,サ変名詞,抽象物
徴税,ちょうぜい,chozei,technical_domain,政治,サ変名詞,抽象物
中継,ちゅうけい,chukei,technical_domain,メディア,サ変名詞,抽象物
駐留,ちゅうりゅう,churyu,technical_domain,政治,サ変名詞,抽象物
中性,ちゅうせい,chusei,technical_domain,科学・技術,普通名詞,抽象物
駐屯,ちゅうとん,chuton,technical_domain,政治,サ変名詞,抽象物
鋳造,ちゅうぞう,chuzo,technical_domain,科学・技術,サ変名詞,抽象物
拿捕,だほ,daho,technical_domain,政治,サ変名詞,抽象物
大嘗祭,だいじょうさい,daijosai,technical_domain,政治,普通名詞,抽象物
弾圧,だんあつ,danatsu,technical_domain,政治,サ変名詞,抽象物
弾劾,だんがい,dangai,technical_domain,政治,サ変名詞,抽象物
談合,だんごう,dango,technical_domain,ビジネス;政治,サ変名詞,抽象物
団交,だんこう,danko,technical_domain,ビジネス;政治,普通名詞,抽象物
弾性,だんせい,dansei,technical_domain,科学・技術,普通名詞,抽象物
断線,だんせん,dansen,technical_domain,科学・技術,サ変名詞,抽象物
断罪,だんざい,danzai,technical_domain,政治,サ変名詞,抽象物
脱獄,だつごく,datsugoku,technical_domain,政治,サ変名詞,抽象物
脱税,だつぜい,datsuzei,technical_domain,政治,サ変名詞,抽象物
脱党,だっとう,datto,technical_domain,政治,サ変名詞,抽象物
電圧,でんあつ,denatsu,technical_domain,科学・技術,普通名詞,抽象物
伝導,でんどう,dendo,technical_domain,科学・技術,サ変名詞,抽象物
電動,でんどう,dendo,technical_domain,科学・技術,普通名詞,抽象物
電磁,でんじ,denji,technical_domain,科学・技術,普通名詞,抽象物
電磁気,でんじき,denjiki,technical_domain,科学・技術,普通名詞,抽象物
電化,でんか,denka,technical_domain,科学・技術,サ変名詞,抽象物
電光,でんこう,denko,technical_domain,科学・技術,普通名詞,抽象物
電熱,でんねつ,dennetsu,technical_domain,科学・技術,普通名詞,抽象物
電波,でんぱ,denpa,technical_domain,科学・技術,普通名詞,抽象物
電力,でんりょく,denryoku,technical_domain,科学・技術,普通名詞,抽象物
電流,でんりゅう,denryu,technical_domain,科学・技術,普通名詞,抽象物
電算,でんさん,densan,technical_domain,科学・技術,サ変名詞,抽象物
電信,でんしん,denshin,technical_domain,科学・技術,普通名詞,抽象物
伝送,でんそう,denso,technical_domain,科学・技術,サ変名詞,抽象物
電送,でんそう,denso,technical_domain,メディア;科学・技術,サ変名詞,抽象物
同業,どうぎょう,dogyo,technical_domain,ビジネス,普通名詞,抽象物
独禁,どっきん,dokkin,technical_domain,ビジネス;政治,普通名詞,抽象物
独裁,どくさい,dokusai,technical_domain,政治,サ変名詞,抽象物
同盟,どうめい,domei,technical_domain,政治,サ変名詞,抽象物
動乱,どうらん,doran,technical_domain,政治,サ変名詞,抽象物
道立,どうりつ,doritsu,technical_domain,政治,普通名詞,抽象物
動力,どうりょく,doryoku,technical_domain,科学・技術,普通名詞,抽象物
同士討ち,どうしうち,doshiuchi,technical_domain,政治,普通名詞,抽象物
営業,えいぎょう,eigyo,technical_domain,ビジネス,サ変名詞,抽象物
営利,えいり,eiri,technical_domain,ビジネス,普通名詞,抽象物
栄転,えいてん,eiten,technical_domain,ビジネス,サ変名詞,抽象物
役務,えきむ,ekimu,technical_domain,ビジネス,普通名詞,抽象物
円高,えんだか,endaka,technical_domain,ビジネス;政治,普通名詞,抽象物
円建て,えんだて,endate,technical_domain,ビジネス,普通名詞,抽象物
演繹,えんえき,eneki,technical_domain,科学・技術,サ変名詞,抽象物
延納,えんのう,enno,technical_domain,ビジネス;政治,サ変名詞,抽象物
遠赤外,えんせきがい,ensekigai,technical_domain,科学・技術,普通名詞,抽象物
円売り,えんうり,enuri,technical_domain,ビジネス,普通名詞,抽象物
円安,えんやす,enyasu,technical_domain,ビジネス;政治,普通名詞,抽象物
援用,えんよう,enyo,technical_domain,政治;科学・技術,サ変名詞,抽象物
冤罪,えんざい,enzai,technical_domain,政治,普通名詞,抽象物
演説,えんぜつ,enzetsu,technical_domain,政治,サ変名詞,抽象物
風潮,ふうちょう,fucho,technical_domain,メディア,普通名詞,抽象物
不敬罪,ふけいざい,fukeizai,technical_domain,政治,普通名詞,抽象物
父権,ふけん,fuken,technical_domain,政治,普通名詞,抽象物
復刊,ふっかん,fukkan,technical_domain,メディア,サ変名詞,抽象物
復権,ふっけん,fukken,technical_domain,政治,サ変名詞,抽象物
復交,ふっこう,fukko,technical_domain,政治,サ変名詞,抽象物
富国,ふこく,fukoku,technical_domain,政治,普通名詞,抽象物
布告,ふこく,fukoku,technical_domain,政治,サ変名詞,抽象物
復調,ふくちょう,fukucho,technical_domain,健康・医学;科学・技術,サ変名詞,抽象物
服役,ふくえき,fukueki,technical_domain,政治,サ変名詞,抽象物
副業,ふくぎょう,fukugyo,technical_domain,ビジネス,普通名詞,抽象物
復配,ふくはい,fukuhai,technical_domain,ビジネス,サ変名詞,抽象物
復位,ふくい,fukui,technical_domain,政治,サ変名詞,抽象物
復員,ふくいん,fukuin,technical_domain,政治,サ変名詞,抽象物
含み益,ふくみえき,fukumieki,technical_domain,ビジネス,普通名詞,抽象物
含み損,ふくみそん,fukumison,technical_domain,ビジネス,普通名詞,抽象物
服務,ふくむ,fukumu,technical_domain,ビジネス,サ変名詞,抽象物
複利,ふくり,fukuri,technical_domain,ビジネス,普通名詞,抽象物
輻射,ふくしゃ,fukusha,technical_domain,科学・技術,サ変名詞,抽象物
復職,ふくしょく,fukushoku,technical_domain,ビジネス,サ変名詞,抽象物
復党,ふくとう,fukuto,technical_domain,政治,サ変名詞,抽象物
不況,ふきょう,fukyo,technical_domain,ビジネス,普通名詞,抽象物
赴任,ふにん,funin,technical_domain,ビジネス,サ変名詞,抽象物
粉飾,ふんしょく,funshoku,technical_domain,ビジネス,サ変名詞,抽象物
紛争,ふんそう,funso,technical_domain,政治,サ変名詞,抽象物
振替,ふりかえ,furikae,technical_domain,ビジネス,サ変名詞,抽象物
振込,ふりこみ,furikomi,technical_domain,ビジネス,サ変名詞,抽象物
風力,ふうりょく,furyoku,technical_domain,科学・技術,普通名詞,抽象物
浮力,ふりょく,furyoku,technical_domain,科学・技術,普通名詞,抽象物
府政,ふせい,fusei,technical_domain,政治,普通名詞,抽象物
不戦,ふせん,fusen,technical_domain,政治,普通名詞,抽象物
付則,ふそく,fusoku,technical_domain,政治,普通名詞,抽象物
付託,ふたく,futaku,technical_domain,政治,サ変名詞,抽象物
負託,ふたく,futaku,technical_domain,政治,サ変名詞,抽象物
不渡り,ふわたり,fuwatari,technical_domain,ビジネス,普通名詞,抽象物
外圧,がいあつ,gaiatsu,technical_domain,政治,普通名詞,抽象物
外注,がいちゅう,gaichu,technical_domain,ビジネス,サ変名詞,抽象物
外電,がいでん,gaiden,technical_domain,メディア,普通名詞,抽象物
外報,がいほう,gaiho,technical_domain,メディア;政治,普通名詞,抽象物
外需,がいじゅ,gaiju,technical_domain,政治,普通名詞,抽象物
外貨建て,がいかだて,gaikadate,technical_domain,ビジネス,普通名詞,抽象物
外交,がいこう,gaiko,technical_domain,政治,普通名詞,抽象物
外務,がいむ,gaimu,technical_domain,政治,普通名詞,抽象物
外政,がいせい,gaisei,technical_domain,政治,普通名詞,抽象物
凱旋,がいせん,gaisen,technical_domain,政治,サ変名詞,抽象物
外信,がいしん,gaishin,technical_domain,メディア,普通名詞,抽象物
外為,がいため,gaitame,technical_domain,ビジネス,普通名詞,抽象物
学名,がくめい,gakumei,technical_domain,科学・技術,普通名詞,抽象物
学理,がくり,gakuri,technical_domain,科学・技術,普通名詞,抽象物
学際,がくさい,gakusai,technical_domain,科学・技術,普通名詞,抽象物
学説,がくせつ,gakusetsu,technical_domain,科学・技術,普通名詞,抽象物
学識,がくしき,gakushiki,technical_domain,科学・技術,普通名詞,抽象物
画素,がそ,gaso,technical_domain,科学・技術,普通名詞,抽象物
合従連衡,がっしょうれんこう,gasshorenko,technical_domain,ビジネス;政治,普通名詞,抽象物
迎撃,げいげき,geigeki,technical_domain,政治,サ変名詞,抽象物
撃沈,げきちん,gekichin,technical_domain,政治,サ変名詞,抽象物
激務,げきむ,gekimu,technical_domain,ビジネス,普通名詞,抽象物
激戦,げきせん,gekisen,technical_domain,政治,サ変名詞,抽象物
撃退,げきたい,gekitai,technical_domain,政治,サ変名詞,抽象物
撃墜,げきつい,gekitsui,technical_domain,政治,サ変名詞,抽象物
厳罰,げんばつ,genbatsu,technical_domain,政治,普通名詞,抽象物
減益,げんえき,geneki,technical_domain,ビジネス,普通名詞,抽象物
減額,げんがく,gengaku,technical_domain,ビジネス,サ変名詞,抽象物
元号,げんごう,gengo,technical_domain,政治,普通名詞,抽象物
現業,げんぎょう,gengyo,technical_domain,ビジネス,普通名詞,抽象物
原判決,げんはんけつ,genhanketsu,technical_domain,政治,普通名詞,抽象物
減員,げんいん,genin,technical_domain,ビジネス;政治,サ変名詞,抽象物
厳戒,げんかい,genkai,technical_domain,政治,サ変名詞,抽象物
減刑,げんけい,genkei,technical_domain,政治,サ変名詞,抽象物
減給,げんきゅう,genkyu,technical_domain,ビジネス,サ変名詞,抽象物
原理,げんり,genri,technical_domain,科学・技術,普通名詞,抽象物
言論,げんろん,genron,technical_domain,メディア;政治,普通名詞,抽象物
減産,げんさん,gensan,technical_domain,ビジネス;政治,サ変名詞,抽象物
現職,げんしょく,genshoku,technical_domain,政治,普通名詞,抽象物
減収,げんしゅう,genshu,technical_domain,ビジネス,サ変名詞,抽象物
減反,げんたん,gentan,technical_domain,政治,サ変名詞,抽象物
減税,げんぜい,genzei,technical_domain,政治,サ変名詞,抽象物
月報,げっぽう,geppo,technical_domain,メディア,普通名詞,抽象物
下落,げらく,geraku,technical_domain,ビジネス,サ変名詞,抽象物
議案,ぎあん,gian,technical_domain,ビジネス;政治,普通名詞,抽象物
疑獄,ぎごく,gigoku,technical_domain,政治,普通名詞,抽象物
議事,ぎじ,giji,technical_domain,政治,普通名詞,抽象物
技術,ぎじゅつ,gijutsu,technical_domain,科学・技術,普通名詞,抽象物
議決,ぎけつ,giketsu,technical_domain,政治,サ変名詞,抽象物
技工,ぎこう,giko,technical_domain,科学・技術,普通名詞,抽象物
偽証,ぎしょう,gisho,technical_domain,政治,サ変名詞,抽象物
議定書,ぎていしょ,giteisho,technical_domain,政治,普通名詞,抽象物
合弁,ごうべん,goben,technical_domain,ビジネス,サ変名詞,抽象物
強奪,ごうだつ,godatsu,technical_domain,政治,サ変名詞,抽象物
護衛,ごえい,goei,technical_domain,政治,サ変名詞,抽象物
誤報,ごほう,goho,technical_domain,メディア,サ変名詞,抽象物
合憲,ごうけん,goken,technical_domain,政治,普通名詞,抽象物
護憲,ごけん,goken,technical_domain,政治,普通名詞,抽象物
誤認,ごにん,gonin,technical_domain,政治,サ変名詞,抽象物
誤射,ごしゃ,gosha,technical_domain,政治,サ変名詞,抽象物
誤植,ごしょく,goshoku,technical_domain,メディア,普通名詞,抽象物
護送,ごそう,goso,technical_domain,健康・医学;政治,サ変名詞,抽象物
御用達,ごようたし,goyotashi,technical_domain,政治,普通名詞,抽象物
軍閥,ぐんばつ,gunbatsu,technical_domain,政治,普通名詞,抽象物
軍備,ぐんび,gunbi,technical_domain,政治,普通名詞,抽象物
軍事,ぐんじ,gunji,technical_domain,政治,普通名詞,抽象物
軍需,ぐんじゅ,gunju,technical_domain,政治,普通名詞,抽象物
軍拡,ぐんかく,gunkaku,technical_domain,政治,普通名詞,抽象物
軍務,ぐんむ,gunmu,technical_domain,政治,普通名詞,抽象物
軍政,ぐんせい,gunsei,technical_domain,政治,普通名詞,抽象物
軍縮,ぐんしゅく,gunshuku,technical_domain,政治,サ変名詞,抽象物
軍用,ぐんよう,gunyo,technical_domain,政治,普通名詞,抽象物
逆鞘,ぎゃくざや,gyakuzaya,technical_domain,ビジネス,普通名詞,抽象物
行革,ぎょうかく,gyokaku,technical_domain,政治,普通名詞,抽象物
凝結,ぎょうけつ,gyoketsu,technical_domain,科学・技術,サ変名詞,抽象物
業務,ぎょうむ,gyomu,technical_domain,ビジネス,普通名詞,抽象物
行政,ぎょうせい,gyosei,technical_domain,政治,普通名詞,抽象物
業績,ぎょうせき,gyoseki,technical_domain,ビジネス,普通名詞,抽象物
業種,ぎょうしゅ,gyoshu,technical_domain,ビジネス,普通名詞,抽象物
業態,ぎょうたい,gyotai,technical_domain,ビジネス,普通名詞,抽象物
破防法,はぼうほう,haboho,technical_domain,政治,普通名詞,抽象物
波動,はどう,hado,technical_domain,科学・技術,普通名詞,抽象物
派兵,はへい,hahei,technical_domain,政治,サ変名詞,抽象物
廃案,はいあん,haian,technical_domain,政治,普通名詞,抽象物
配電,はいでん,haiden,technical_domain,科学・技術,サ変名詞,抽象物
廃業,はいぎょう,haigyo,technical_domain,ビジネス,サ変名詞,抽象物
廃刊,はいかん,haikan,technical_domain,メディア,サ変名詞,抽象物
配管,はいかん,haikan,technical_domain,科学・技術,サ変名詞,抽象物
背任,はいにん,hainin,technical_domain,ビジネス;政治,サ変名詞,抽象物
配信,はいしん,haishin,technical_domain,メディア,サ変名詞,抽象物
敗訴,はいそ,haiso,technical_domain,政治,サ変名詞,抽象物
敗走,はいそう,haiso,technical_domain,政治,サ変名詞,抽象物
配送,はいそう,haiso,technical_domain,ビジネス,サ変名詞,抽象物
配達,はいたつ,haitatsu,technical_domain,ビジネス,サ変名詞,抽象物
配転,はいてん,haiten,technical_domain,ビジネス,サ変名詞,抽象物
配属,はいぞく,haizoku,technical_domain,ビジネス,サ変名詞,抽象物
博士,はかせ,hakase,technical_domain,科学・技術,普通名詞,抽象物
博士,はかせ,hakase,technical_domain,科学・技術,普通名詞,抽象物
覇権,はけん,haken,technical_domain,政治,普通名詞,抽象物
発会,はっかい,hakkai,technical_domain,ビジネス,サ変名詞,抽象物
発禁,はっきん,hakkin,technical_domain,政治,普通名詞,抽象物
発効,はっこう,hakko,technical_domain,政治,サ変名詞,抽象物
発掘,はっくつ,hakkutsu,technical_domain,科学・技術,サ変名詞,抽象物
発給,はっきゅう,hakkyu,technical_domain,政治,サ変名詞,抽象物
迫害,はくがい,hakugai,technical_domain,政治,サ変名詞,抽象物
迫撃,はくげき,hakugeki,technical_domain,政治,サ変名詞,抽象物
薄利,はくり,hakuri,technical_domain,ビジネス,普通名詞,抽象物
薄利多売,はくりたばい,hakuritabai,technical_domain,ビジネス,普通名詞,抽象物
犯,はん,han,technical_domain,政治,普通名詞,抽象物
販売,はんばい,hanbai,technical_domain,ビジネス,サ変名詞,抽象物
繁忙,はんぼう,hanbo,technical_domain,ビジネス,普通名詞,抽象物
反軍,はんぐん,hangun,technical_domain,政治,普通名詞,抽象物
反逆,はんぎゃく,hangyaku,technical_domain,政治,サ変名詞,抽象物
犯意,はんい,hani,technical_domain,政治,普通名詞,抽象物
判示,はんじ,hanji,technical_domain,政治,サ変名詞,抽象物
版権,はんけん,hanken,technical_domain,メディア,普通名詞,抽象物
判決,はんけつ,hanketsu,technical_domain,政治,サ変名詞,抽象物
犯行,はんこう,hanko,technical_domain,政治,普通名詞,抽象物
反共,はんきょう,hankyo,technical_domain,政治,普通名詞,抽象物
反落,はんらく,hanraku,technical_domain,ビジネス,サ変名詞,抽象物
反乱,はんらん,hanran,technical_domain,政治,サ変名詞,抽象物
判例,はんれい,hanrei,technical_domain,政治,普通名詞,抽象物
販路,はんろ,hanro,technical_domain,ビジネス,普通名詞,抽象物
反戦,はんせん,hansen,technical_domain,政治,普通名詞,抽象物
反証,はんしょう,hansho,technical_domain,科学・技術,普通名詞,抽象物
反騰,はんとう,hanto,technical_domain,ビジネス,サ変名詞,抽象物
犯罪,はんざい,hanzai,technical_domain,政治,普通名詞,抽象物
発砲,はっぽう,happo,technical_domain,政治,サ変名詞,抽象物
発布,はっぷ,happu,technical_domain,政治,サ変名詞,抽象物
磔,はりつけ,haritsuke,technical_domain,政治,普通名詞,抽象物
破産,はさん,hasan,technical_domain,ビジネス,サ変名詞,抽象物
発信,はっしん,hasshin,technical_domain,メディア;科学・技術,サ変名詞,抽象物
発振,はっしん,hasshin,technical_domain,科学・技術,サ変名詞,抽象物
旗揚げ,はたあげ,hataage,technical_domain,政治,サ変名詞,抽象物
発注,はっちゅう,hatchu,technical_domain,ビジネス,サ変名詞,抽象物
発売,はつばい,hatsubai,technical_domain,ビジネス,サ変名詞,抽象物
発電,はつでん,hatsuden,technical_domain,科学・技術,サ変名詞,抽象物
発議,はつぎ,hatsugi,technical_domain,政治,サ変名詞,抽象物
発明,はつめい,hatsumei,technical_domain,科学・技術,サ変名詞,抽象物
初値,はつね,hatsune,technical_domain,ビジネス,普通名詞,抽象物
発令,はつれい,hatsurei,technical_domain,政治,サ変名詞,抽象物
初売り,はつうり,hatsuri,technical_domain,ビジネス,普通名詞,抽象物
兵役,へいえき,heieki,technical_domain,政治,普通名詞,抽象物
兵事,へいじ,heiji,technical_domain,政治,普通名詞,抽象物
併任,へいにん,heinin,technical_domain,ビジネス,サ変名詞,抽象物
並列,へいれつ,heiretsu,technical_domain,科学・技術,サ変名詞,抽象物
兵力,へいりょく,heiryoku,technical_domain,政治,普通名詞,抽象物
兵端,へいたん,heitan,technical_domain,政治,普通名詞,抽象物
閉廷,へいてい,heitei,technical_domain,政治,サ変名詞,抽象物
閉店,へいてん,heiten,technical_domain,ビジネス,サ変名詞,抽象物
偏光,へんこう,henko,technical_domain,科学・技術,普通名詞,抽象物
変数,へんすう,hensu,technical_domain,科学・技術,普通名詞,抽象物
変造,へんぞう,henzo,technical_domain,政治,サ変名詞,抽象物
被曝,ひばく,hibaku,technical_domain,科学・技術,サ変名詞,抽象物
被爆,ひばく,hibaku,technical_domain,政治,サ変名詞,抽象物
非番,ひばん,hiban,technical_domain,ビジネス,普通名詞,抽象物
被弾,ひだん,hidan,technical_domain,政治,サ変名詞,抽象物
批准,ひじゅん,hijun,technical_domain,政治,サ変名詞,抽象物
非核,ひかく,hikaku,technical_domain,政治,普通名詞,抽象物
否決,ひけつ,hiketsu,technical_domain,政治,サ変名詞,抽象物
引数,ひきすう,hikisu,technical_domain,科学・技術,普通名詞,抽象物
罷免,ひめん,himen,technical_domain,政治,サ変名詞,抽象物
費目,ひもく,himoku,technical_domain,ビジネス,普通名詞,抽象物
日の丸,ひのまる,hinomaru,technical_domain,政治,普通名詞,抽象物
人減らし,ひとべらし,hitoberashi,technical_domain,ビジネス,普通名詞,抽象物
秘話,ひわ,hiwa,technical_domain,メディア,普通名詞,抽象物
日割り,ひわり,hiwari,technical_domain,ビジネス,普通名詞,抽象物
法案,ほうあん,hoan,technical_domain,政治,普通名詞,抽象物
法治,ほうち,hochi,technical_domain,政治,普通名詞,抽象物
放電,ほうでん,hoden,technical_domain,科学・技術,サ変名詞,抽象物
報道,ほうどう,hodo,technical_domain,メディア,サ変名詞,抽象物
法益,ほうえき,hoeki,technical_domain,政治,普通名詞,抽象物
報復,ほうふく,hofuku,technical_domain,政治,サ変名詞,抽象物
砲撃,ほうげき,hogeki,technical_domain,政治,サ変名詞,抽象物
崩御,ほうぎょ,hogyo,technical_domain,政治,サ変名詞,抽象物
幇助,ほうじょ,hojo,technical_domain,政治,サ変名詞,抽象物
放火,ほうか,hoka,technical_domain,政治,サ変名詞,抽象物
保革,ほかく,hokaku,technical_domain,政治,サ変名詞,抽象物
奉還,ほうかん,hokan,technical_domain,政治,サ変名詞,抽象物
封建,ほうけん,hoken,technical_domain,政治,サ変名詞,抽象物
法規,ほうき,hoki,technical_domain,政治,普通名詞,抽象物
蜂起,ほうき,hoki,technical_domain,政治,サ変名詞,抽象物
法務,ほうむ,homu,technical_domain,政治,普通名詞,抽象物
本業,ほんぎょう,hongyo,technical_domain,ビジネス,普通名詞,抽象物
本論,ほんろん,honron,technical_domain,科学・技術,普通名詞,抽象物
法令,ほうれい,horei,technical_domain,政治,普通名詞,抽象物
法理,ほうり,hori,technical_domain,政治,普通名詞,抽象物
法律,ほうりつ,horitsu,technical_domain,政治,普通名詞,抽象物
補佐,ほさ,hosa,technical_domain,ビジネス;政治,サ変名詞,抽象物
法制,ほうせい,hosei,technical_domain,政治,普通名詞,抽象物
砲声,ほうせい,hosei,technical_domain,政治,普通名詞,抽象物
放射,ほうしゃ,hosha,technical_domain,科学・技術,サ変名詞,抽象物
保釈,ほしゃく,hoshaku,technical_domain,政治,サ変名詞,抽象物
放射能,ほうしゃのう,hoshano,technical_domain,科学・技術,普通名詞,抽象物
褒章,ほうしょう,hosho,technical_domain,政治,普通名詞,抽象物
放送,ほうそう,hoso,technical_domain,メディア,サ変名詞,抽象物
法定,ほうてい,hotei,technical_domain,政治,普通名詞,抽象物
補填,ほてん,hoten,technical_domain,ビジネス,サ変名詞,抽象物
保税,ほぜい,hozei,technical_domain,政治,サ変名詞,抽象物
票田,ひょうでん,hyoden,technical_domain,政治,普通名詞,抽象物
票固め,ひょうがため,hyogatame,technical_domain,政治,普通名詞,抽象物
評価損,ひょうかそん,hyokason,technical_domain,ビジネス,普通名詞,抽象物
表敬,ひょうけい,hyokei,technical_domain,政治,普通名詞,抽象物
票読み,ひょうよみ,hyoyomi,technical_domain,政治,普通名詞,抽象物
異動,いどう,ido,technical_domain,ビジネス,サ変名詞,抽象物
依願,いがん,igan,technical_domain,ビジネス,普通名詞,抽象物
違反,いはん,ihan,technical_domain,政治,サ変名詞,抽象物
委譲,いじょう,ijo,technical_domain,政治,サ変名詞,抽象物
移譲,いじょう,ijo,technical_domain,政治,サ変名詞,抽象物
移管,いかん,ikan,technical_domain,政治,サ変名詞,抽象物
違憲,いけん,iken,technical_domain,政治,普通名詞,抽象物
遺棄,いき,iki,technical_domain,政治,サ変名詞,抽象物
陰謀,いんぼう,inbo,technical_domain,政治,普通名詞,抽象物
隠滅,いんめつ,inmetsu,technical_domain,政治,サ変名詞,抽象物
隠蔽,いんぺい,inpei,technical_domain,政治,サ変名詞,抽象物
隠避,いんぴ,inpi,technical_domain,政治,サ変名詞,抽象物
引責,いんせき,inseki,technical_domain,ビジネス;政治,サ変名詞,抽象物
隠匿,いんとく,intoku,technical_domain,政治,サ変名詞,抽象物
位相,いそう,iso,technical_domain,科学・技術,普通名詞,抽象物
委託,いたく,itaku,technical_domain,ビジネス;政治,サ変名詞,抽象物
事案,じあん,jian,technical_domain,ビジネス;政治,普通名詞,抽象物
自治,じち,jichi,technical_domain,政治,普通名詞,抽象物
自営,じえい,jiei,technical_domain,ビジネス,サ変名詞,抽象物
自衛,じえい,jiei,technical_domain,政治,サ変名詞,抽象物
事業,じぎょう,jigyo,technical_domain,ビジネス;政治,普通名詞,抽象物
自白,じはく,jihaku,technical_domain,政治,サ変名詞,抽象物
事犯,じはん,jihan,technical_domain,政治,普通名詞,抽象物
時報,じほう,jiho,technical_domain,メディア,普通名詞,抽象物
時評,じひょう,jihyo,technical_domain,メディア,普通名詞,抽象物
辞意,じい,jii,technical_domain,ビジネス;政治,普通名詞,抽象物
事件,じけん,jiken,technical_domain,政治,普通名詞,抽象物
磁気,じき,jiki,technical_domain,科学・技術,普通名詞,抽象物
実刑,じっけい,jikkei,technical_domain,政治,普通名詞,抽象物
実権,じっけん,jikken,technical_domain,政治,普通名詞,抽象物
実験,じっけん,jikken,technical_domain,科学・技術,サ変名詞,抽象物
実況,じっきょう,jikkyo,technical_domain,メディア,普通名詞,抽象物
時効,じこう,jiko,technical_domain,政治,普通名詞,抽象物
自供,じきょう,jikyo,technical_domain,政治,サ変名詞,抽象物
磁極,じきょく,jikyoku,technical_domain,科学・技術,普通名詞,抽象物
事務,じむ,jimu,technical_domain,ビジネス,普通名詞,抽象物
辞任,じにん,jinin,technical_domain,ビジネス;政治,サ変名詞,抽象物
人事,じんじ,jinji,technical_domain,ビジネス,普通名詞,抽象物
人件,じんけん,jinken,technical_domain,ビジネス,普通名詞,抽象物
人権,じんけん,jinken,technical_domain,政治,普通名詞,抽象物
尋問,じんもん,jinmon,technical_domain,政治,サ変名詞,抽象物
人種,じんしゅ,jinshu,technical_domain,政治,普通名詞,抽象物
陣頭,じんとう,jinto,technical_domain,政治,普通名詞,抽象物
辞令,じれい,jirei,technical_domain,ビジネス,普通名詞,抽象物
磁力,じりょく,jiryoku,technical_domain,科学・技術,普通名詞,抽象物
辞職,じしょく,jishoku,technical_domain,ビジネス;政治,サ変名詞,抽象物
自首,じしゅ,jishu,technical_domain,政治,サ変名詞,抽象物
実勢,じっせい,jissei,technical_domain,ビジネス,普通名詞,抽象物
実戦,じっせん,jissen,technical_domain,政治,普通名詞,抽象物
実証,じっしょう,jissho,technical_domain,科学・技術,サ変名詞,抽象物
実働,じつどう,jitsudo,technical_domain,ビジネス,サ変名詞,抽象物
実益,じつえき,jitsueki,technical_domain,ビジネス,普通名詞,抽象物
実額,じつがく,jitsugaku,technical_domain,ビジネス,普通名詞,抽象物
実業,じつぎょう,jitsugyo,technical_domain,ビジネス,普通名詞,抽象物
実需,じつじゅ,jitsuju,technical_domain,ビジネス,普通名詞,抽象物
実務,じつむ,jitsumu,technical_domain,ビジネス,普通名詞,抽象物
条文,じょうぶん,jobun,technical_domain,政治,普通名詞,抽象物
譲位,じょうい,joi,technical_domain,政治,サ変名詞,抽象物
上場,じょうじょう,jojo,technical_domain,ビジネス,サ変名詞,抽象物
常勤,じょうきん,jokin,technical_domain,ビジネス,サ変名詞,抽象物
条項,じょうこう,joko,technical_domain,政治,普通名詞,抽象物
上告,じょうこく,jokoku,technical_domain,政治,サ変名詞,抽象物
叙勲,じょくん,jokun,technical_domain,政治,普通名詞,抽象物
常務,じょうむ,jomu,technical_domain,ビジネス,普通名詞,抽象物
常任,じょうにん,jonin,technical_domain,政治,サ変名詞,抽象物
上納,じょうのう,jono,technical_domain,政治,サ変名詞,抽象物
条例,じょうれい,jorei,technical_domain,政治,普通名詞,抽象物
序論,じょろん,joron,technical_domain,科学・技術,普通名詞,抽象物
蒸留,じょうりゅう,joryu,technical_domain,科学・技術,サ変名詞,抽象物
助成,じょせい,josei,technical_domain,政治,サ変名詞,抽象物
序説,じょせつ,josetsu,technical_domain,科学・技術,普通名詞,抽象物
上伸,じょうしん,joshin,technical_domain,ビジネス,サ変名詞,抽象物
上奏,じょうそう,joso,technical_domain,政治,サ変名詞,抽象物
除隊,じょたい,jotai,technical_domain,政治,サ変名詞,抽象物
譲渡,じょうと,joto,technical_domain,ビジネス,サ変名詞,抽象物
条約,じょうやく,joyaku,technical_domain,政治,普通名詞,抽象物
受注,じゅちゅう,juchu,technical_domain,ビジネス,サ変名詞,抽象物
銃撃,じゅうげき,jugeki,technical_domain,政治,サ変名詞,抽象物
従軍,じゅうぐん,jugun,technical_domain,政治,サ変名詞,抽象物
従業,じゅうぎょう,jugyo,technical_domain,ビジネス,サ変名詞,抽象物
重版,じゅうはん,juhan,technical_domain,メディア,サ変名詞,抽象物
受刑,じゅけい,jukei,technical_domain,政治,サ変名詞,抽象物
受給,じゅきゅう,jukyu,technical_domain,ビジネス;政治,サ変名詞,抽象物
需給,じゅきゅう,jukyu,technical_domain,ビジネス,普通名詞,抽象物
純益,じゅんえき,juneki,technical_domain,ビジネス,普通名詞,抽象物
重任,じゅうにん,junin,technical_domain,ビジネス;政治,サ変名詞,抽象物
受任,じゅにん,junin,technical_domain,ビジネス;政治,サ変名詞,抽象物
遵法,じゅんぽう,junpo,technical_domain,政治,普通名詞,抽象物
殉職,じゅんしょく,junshoku,technical_domain,ビジネス,サ変名詞,抽象物
縦覧,じゅうらん,juran,technical_domain,政治,サ変名詞,抽象物
授産,じゅさん,jusan,technical_domain,政治,サ変名詞,抽象物
銃声,じゅうせい,jusei,technical_domain,政治,普通名詞,抽象物
受信,じゅしん,jushin,technical_domain,メディア;科学・技術,サ変名詞,抽象物
受章,じゅしょう,jusho,technical_domain,政治,サ変名詞,抽象物
受託,じゅたく,jutaku,technical_domain,ビジネス,サ変名詞,抽象物
術語,じゅつご,jutsugo,technical_domain,科学・技術,普通名詞,抽象物
受容,じゅよう,juyo,technical_domain,科学・技術,サ変名詞,抽象物
需要,じゅよう,juyo,technical_domain,ビジネス,普通名詞,抽象物
重罪,じゅうざい,juzai,technical_domain,政治,普通名詞,抽象物
受像,じゅぞう,juzo,technical_domain,メディア;科学・技術,サ変名詞,抽象物
従属,じゅうぞく,juzoku,technical_domain,政治,サ変名詞,抽象物
株,かぶ,kabu,technical_domain,ビジネス,普通名詞,抽象物
株式,かぶしき,kabushiki,technical_domain,ビジネス,普通名詞,抽象物
株安,かぶやす,kabuyasu,technical_domain,ビジネス,普通名詞,抽象物
稼働,かどう,kado,technical_domain,ビジネス;科学・技術,サ変名詞,抽象物
加害,かがい,kagai,technical_domain,政治,普通名詞,抽象物
科学,かがく,kagaku,technical_domain,科学・技術,普通名詞,抽象物
化合,かごう,kago,technical_domain,科学・技術,サ変名詞,抽象物
家業,かぎょう,kagyo,technical_domain,ビジネス,普通名詞,抽象物
稼業,かぎょう,kagyo,technical_domain,ビジネス,普通名詞,抽象物
改悪,かいあく,kaiaku,technical_domain,政治,サ変名詞,抽象物
会談,かいだん,kaidan,technical_domain,政治,サ変名詞,抽象物
買い得,かいどく,kaidoku,technical_domain,ビジネス,普通名詞,抽象物
回付,かいふ,kaifu,technical_domain,ビジネス,サ変名詞,抽象物
戒厳,かいげん,kaigen,technical_domain,政治,普通名詞,抽象物
開業,かいぎょう,kaigyo,technical_domain,ビジネス,サ変名詞,抽象物
改廃,かいはい,kaihai,technical_domain,政治,サ変名詞,抽象物
開発,かいはつ,kaihatsu,technical_domain,科学・技術,サ変名詞,抽象物
会報,かいほう,kaiho,technical_domain,メディア,普通名詞,抽象物
開票,かいひょう,kaihyo,technical_domain,政治,サ変名詞,抽象物
改革,かいかく,kaikaku,technical_domain,政治,サ変名詞,抽象物
会計,かいけい,kaikei,technical_domain,ビジネス,サ変名詞,抽象物
会見,かいけん,kaiken,technical_domain,メディア,サ変名詞,抽象物
改憲,かいけん,kaiken,technical_domain,政治,サ変名詞,抽象物
解禁,かいきん,kaikin,technical_domain,政治,サ変名詞,抽象物
解雇,かいこ,kaiko,technical_domain,ビジネス,サ変名詞,抽象物
戒告,かいこく,kaikoku,technical_domain,政治,サ変名詞,抽象物
開国,かいこく,kaikoku,technical_domain,政治,サ変名詞,抽象物
開局,かいきょく,kaikyoku,technical_domain,メディア,サ変名詞,抽象物
解任,かいにん,kainin,technical_domain,ビジネス;政治,サ変名詞,抽象物
界雷,かいらい,kairai,technical_domain,科学・技術,普通名詞,抽象物
改暦,かいれき,kaireki,technical_domain,政治,サ変名詞,抽象物
解離,かいり,kairi,technical_domain,科学・技術,サ変名詞,抽象物
会戦,かいせん,kaisen,technical_domain,政治,サ変名詞,抽象物
改選,かいせん,kaisen,technical_domain,政治,サ変名詞,抽象物
海戦,かいせん,kaisen,technical_domain,政治,普通名詞,抽象物
開戦,かいせん,kaisen,technical_domain,政治,サ変名詞,抽象物
解職,かいしょく,kaishoku,technical_domain,ビジネス,サ変名詞,抽象物
改訂,かいてい,kaitei,technical_domain,メディア,サ変名詞,抽象物
開廷,かいてい,kaitei,technical_domain,政治,サ変名詞,抽象物
開店,かいてん,kaiten,technical_domain,ビジネス,サ変名詞,抽象物
解党,かいとう,kaito,technical_domain,政治,サ変名詞,抽象物
買取,かいとり,kaitori,technical_domain,ビジネス,普通名詞,抽象物
可決,かけつ,kaketsu,technical_domain,政治,サ変名詞,抽象物
課金,かきん,kakin,technical_domain,ビジネス;政治,サ変名詞,抽象物
核,かく,kaku,technical_domain,政治;科学・技術,普通名詞,抽象物
閣議,かくぎ,kakugi,technical_domain,政治,普通名詞,抽象物
革命,かくめい,kakumei,technical_domain,政治,普通名詞,抽象物
格差,かくさ,kakusa,technical_domain,政治,普通名詞,抽象物
加給,かきゅう,kakyu,technical_domain,ビジネス,サ変名詞,抽象物
官,かん,kan,technical_domain,政治,普通名詞,抽象物
完売,かんばい,kanbai,technical_domain,ビジネス,サ変名詞,抽象物
金儲け,かねもうけ,kanemoke,technical_domain,ビジネス,サ変名詞,抽象物
勧業,かんぎょう,kangyo,technical_domain,ビジネス;政治,普通名詞,抽象物
官業,かんぎょう,kangyo,technical_domain,ビジネス;政治,普通名詞,抽象物
官位,かんい,kani,technical_domain,政治,普通名詞,抽象物
管轄,かんかつ,kankatsu,technical_domain,政治,サ変名詞,抽象物
官憲,かんけん,kanken,technical_domain,政治,普通名詞,抽象物
官権,かんけん,kanken,technical_domain,政治,普通名詞,抽象物
監禁,かんきん,kankin,technical_domain,政治,サ変名詞,抽象物
勧告,かんこく,kankoku,technical_domain,政治,サ変名詞,抽象物
箝口令,かんこうれい,kankorei,technical_domain,メディア;政治,普通名詞,抽象物
官民,かんみん,kanmin,technical_domain,ビジネス;政治,普通名詞,抽象物
喚問,かんもん,kanmon,technical_domain,政治,サ変名詞,抽象物
完納,かんのう,kanno,technical_domain,ビジネス;政治,サ変名詞,抽象物
還付,かんぷ,kanpu,technical_domain,ビジネス;政治,サ変名詞,抽象物
還流,かんりゅう,kanryu,technical_domain,科学・技術,サ変名詞,抽象物
監査,かんさ,kansa,technical_domain,ビジネス;政治,サ変名詞,抽象物
監察,かんさつ,kansatsu,technical_domain,政治,サ変名詞,抽象物
官製,かんせい,kansei,technical_domain,政治,普通名詞,抽象物
管制,かんせい,kansei,technical_domain,政治,サ変名詞,抽象物
鑑識,かんしき,kanshiki,technical_domain,政治,普通名詞,抽象物
管掌,かんしょう,kansho,technical_domain,ビジネス;政治,サ変名詞,抽象物
官職,かんしょく,kanshoku,technical_domain,政治,普通名詞,抽象物
観測,かんそく,kansoku,technical_domain,科学・技術,サ変名詞,抽象物
管財,かんざい,kanzai,technical_domain,ビジネス;政治,普通名詞,抽象物
割賦,かっぷ,kappu,technical_domain,ビジネス,普通名詞,抽象物
割腹,かっぷく,kappuku,technical_domain,政治,サ変名詞,抽象物
空手形,からてがた,karategata,technical_domain,ビジネス,普通名詞,抽象物
空売り,からうり,karauri,technical_domain,ビジネス,サ変名詞,抽象物
過労,かろう,karo,technical_domain,ビジネス,普通名詞,抽象物
化成,かせい,kasei,technical_domain,科学・技術,サ変名詞,抽象物
苛性,かせい,kasei,technical_domain,科学・技術,普通名詞,抽象物
寡占,かせん,kasen,technical_domain,ビジネス,普通名詞,抽象物
仮説,かせつ,kasetsu,technical_domain,科学・技術,普通名詞,抽象物
貸し倒れ,かしだおれ,kashidaore,technical_domain,ビジネス,普通名詞,抽象物
肩書き,かたがき,katagaki,technical_domain,ビジネス,普通名詞,抽象物
活字,かつじ,katsuji,technical_domain,メディア,普通名詞,抽象物
割譲,かつじょう,katsujo,technical_domain,政治,サ変名詞,抽象物
課税,かぜい,kazei,technical_domain,政治,サ変名詞,抽象物
刑,けい,kei,technical_domain,政治,普通名詞,抽象物
刑罰,けいばつ,keibatsu,technical_domain,政治,普通名詞,抽象物
警備,けいび,keibi,technical_domain,政治,サ変名詞,抽象物
経営,けいえい,keiei,technical_domain,ビジネス,サ変名詞,抽象物
警護,けいご,keigo,technical_domain,政治,サ変名詞,抽象物
刑法,けいほう,keiho,technical_domain,政治,普通名詞,抽象物
刑事罰,けいじばつ,keijibatsu,technical_domain,政治,普通名詞,抽象物
形而上,けいじじょう,keijijo,technical_domain,科学・技術,普通名詞,抽象物
形而下,けいじか,keijika,technical_domain,科学・技術,普通名詞,抽象物
経常,けいじょう,keijo,technical_domain,ビジネス,普通名詞,抽象物
景気,けいき,keiki,technical_domain,ビジネス;政治,普通名詞,抽象物
経国,けいこく,keikoku,technical_domain,政治,普通名詞,抽象物
景況,けいきょう,keikyo,technical_domain,ビジネス,普通名詞,抽象物
警邏,けいら,keira,technical_domain,政治,サ変名詞,抽象物
経理,けいり,keiri,technical_domain,ビジネス,サ変名詞,抽象物
掲載,けいさい,keisai,technical_domain,メディア,サ変名詞,抽象物
刑政,けいせい,keisei,technical_domain,政治,普通名詞,抽象物
警守,けいしゅ,keishu,technical_domain,政治,サ変名詞,抽象物
係争,けいそう,keiso,technical_domain,政治,サ変名詞,抽象物
計測,けいそく,keisoku,technical_domain,科学・技術,サ変名詞,抽象物
契約,けいやく,keiyaku,technical_domain,ビジネス,サ変名詞,抽象物
経済,けいざい,keizai,technical_domain,ビジネス;政治,普通名詞,抽象物
決起,けっき,kekki,technical_domain,政治,サ変名詞,抽象物
欠勤,けっきん,kekkin,technical_domain,ビジネス,サ変名詞,抽象物
兼営,けんえい,kenei,technical_domain,ビジネス,サ変名詞,抽象物
県営,けんえい,kenei,technical_domain,政治,普通名詞,抽象物
権益,けんえき,keneki,technical_domain,政治,普通名詞,抽象物
検閲,けんえつ,kenetsu,technical_domain,政治,サ変名詞,抽象物
権限,けんげん,kengen,technical_domain,政治,普通名詞,抽象物
嫌疑,けんぎ,kengi,technical_domain,政治,普通名詞,抽象物
兼業,けんぎょう,kengyo,technical_domain,ビジネス,サ変名詞,抽象物
献上,けんじょう,kenjo,technical_domain,政治,サ変名詞,抽象物
県歌,けんか,kenka,technical_domain,政治,普通名詞,抽象物
県会,けんかい,kenkai,technical_domain,政治,普通名詞,抽象物
建国,けんこく,kenkoku,technical_domain,政治,サ変名詞,抽象物
検挙,けんきょ,kenkyo,technical_domain,政治,サ変名詞,抽象物
研究,けんきゅう,kenkyu,technical_domain,科学・技術,サ変名詞,抽象物
検問,けんもん,kenmon,technical_domain,政治,サ変名詞,抽象物
兼務,けんむ,kenmu,technical_domain,ビジネス,サ変名詞,抽象物
兼任,けんにん,kennin,technical_domain,ビジネス,サ変名詞,抽象物
権能,けんのう,kenno,technical_domain,政治,普通名詞,抽象物
憲法,けんぽう,kenpo,technical_domain,政治,普通名詞,抽象物
権利,けんり,kenri,technical_domain,政治,普通名詞,抽象物
県立,けんりつ,kenritsu,technical_domain,政治,普通名詞,抽象物
権力,けんりょく,kenryoku,technical_domain,政治,普通名詞,抽象物
建制,けんせい,kensei,technical_domain,政治,サ変名詞,抽象物
憲政,けんせい,kensei,technical_domain,政治,普通名詞,抽象物
権勢,けんせい,kensei,technical_domain,政治,普通名詞,抽象物
県政,けんせい,kensei,technical_domain,政治,普通名詞,抽象物
検視,けんし,kenshi,technical_domain,政治,サ変名詞,抽象物
県史,けんし,kenshi,technical_domain,政治,普通名詞,抽象物
憲章,けんしょう,kensho,technical_domain,政治,普通名詞,抽象物
兼職,けんしょく,kenshoku,technical_domain,ビジネス,サ変名詞,抽象物
検出,けんしゅつ,kenshutsu,technical_domain,健康・医学;科学・技術,サ変名詞,抽象物
建都,けんと,kento,technical_domain,政治,普通名詞,抽象物
県有,けんゆう,kenyu,technical_domain,政治,普通名詞,抽象物
決済,けっさい,kessai,technical_domain,ビジネス,サ変名詞,抽象物
決裁,けっさい,kessai,technical_domain,ビジネス,サ変名詞,抽象物
決算,けっさん,kessan,technical_domain,ビジネス,サ変名詞,抽象物
結審,けっしん,kesshin,technical_domain,政治,サ変名詞,抽象物
決議,けつぎ,ketsugi,technical_domain,政治,サ変名詞,抽象物
結党,けっとう,ketto,technical_domain,政治,サ変名詞,抽象物
企業,きぎょう,kigyo,technical_domain,ビジネス,普通名詞,抽象物
起業,きぎょう,kigyo,technical_domain,ビジネス,サ変名詞,抽象物
既報,きほう,kiho,technical_domain,メディア,普通名詞,抽象物
記事,きじ,kiji,technical_domain,メディア,普通名詞,抽象物
帰順,きじゅん,kijun,technical_domain,政治,サ変名詞,抽象物
帰化,きか,kika,technical_domain,政治,サ変名詞,抽象物
規格,きかく,kikaku,technical_domain,ビジネス;科学・技術,普通名詞,抽象物
基幹,きかん,kikan,technical_domain,ビジネス;科学・技術,普通名詞,抽象物
寄稿,きこう,kiko,technical_domain,メディア,サ変名詞,抽象物
機甲,きこう,kiko,technical_domain,政治,普通名詞,抽象物
棄却,ききゃく,kikyaku,technical_domain,政治,サ変名詞,抽象物
帰休,ききゅう,kikyu,technical_domain,ビジネス,サ変名詞,抽象物
機密,きみつ,kimitsu,technical_domain,政治,普通名詞,抽象物
帰任,きにん,kinin,technical_domain,ビジネス,サ変名詞,抽象物
近似,きんじ,kinji,technical_domain,科学・技術,サ変名詞,抽象物
近刊,きんかん,kinkan,technical_domain,メディア,普通名詞,抽象物
金権,きんけん,kinken,technical_domain,政治,普通名詞,抽象物
禁固,きんこ,kinko,technical_domain,政治,サ変名詞,抽象物
勤務,きんむ,kinmu,technical_domain,ビジネス,サ変名詞,抽象物
帰納,きのう,kino,technical_domain,科学・技術,サ変名詞,抽象物
勤評,きんぴょう,kinpyo,technical_domain,ビジネス,普通名詞,抽象物
禁令,きんれい,kinrei,technical_domain,政治,普通名詞,抽象物
勤労,きんろう,kinro,technical_domain,ビジネス,サ変名詞,抽象物
禁制,きんせい,kinsei,technical_domain,政治,サ変名詞,抽象物
禁酒,きんしゅ,kinshu,technical_domain,健康・医学;政治,サ変名詞,抽象物
緊縮,きんしゅく,kinshuku,technical_domain,ビジネス;政治,サ変名詞,抽象物
禁輸,きんゆ,kinyu,technical_domain,政治,普通名詞,抽象物
金融,きんゆう,kinyu,technical_domain,ビジネス;政治,普通名詞,抽象物
勤続,きんぞく,kinzoku,technical_domain,ビジネス,サ変名詞,抽象物
規制,きせい,kisei,technical_domain,政治,サ変名詞,抽象物
規正,きせい,kisei,technical_domain,政治,サ変名詞,抽象物
奇襲,きしゅう,kishu,technical_domain,政治,サ変名詞,抽象物
起訴,きそ,kiso,technical_domain,政治,サ変名詞,抽象物
起用,きよう,kiyo,technical_domain,ビジネス;政治,サ変名詞,抽象物
高圧,こうあつ,koatsu,technical_domain,科学・技術,普通名詞,抽象物
公売,こうばい,kobai,technical_domain,政治,サ変名詞,抽象物
抗弁,こうべん,koben,technical_domain,政治,サ変名詞,抽象物
拘置,こうち,kochi,technical_domain,政治,サ変名詞,抽象物
向地性,こうちせい,kochisei,technical_domain,科学・技術,普通名詞,抽象物
公聴会,こうちょうかい,kochokai,technical_domain,政治,普通名詞,抽象物
購読,こうどく,kodoku,technical_domain,メディア,サ変名詞,抽象物
公営,こうえい,koei,technical_domain,政治,普通名詞,抽象物
交易,こうえき,koeki,technical_domain,ビジネス;政治,サ変名詞,抽象物
交付,こうふ,kofu,technical_domain,政治,サ変名詞,抽象物
公布,こうふ,kofu,technical_domain,政治,サ変名詞,抽象物
降伏,こうふく,kofuku,technical_domain,政治,サ変名詞,抽象物
公害,こうがい,kogai,technical_domain,政治,普通名詞,抽象物
光学,こうがく,kogaku,technical_domain,科学・技術,普通名詞,抽象物
考現学,こうげんがく,kogengaku,technical_domain,科学・技術,普通名詞,抽象物
行軍,こうぐん,kogun,technical_domain,政治,サ変名詞,抽象物
興業,こうぎょう,kogyo,technical_domain,ビジネス,普通名詞,抽象物
鉱業,こうぎょう,kogyo,technical_domain,科学・技術,普通名詞,抽象物
公判,こうはん,kohan,technical_domain,政治,普通名詞,抽象物
公判廷,こうはんてい,kohantei,technical_domain,政治,普通名詞,抽象物
衡平,こうへい,kohei,technical_domain,政治,普通名詞,抽象物
公報,こうほう,koho,technical_domain,メディア;政治,普通名詞,抽象物
広報,こうほう,koho,technical_domain,ビジネス;政治,サ変名詞,抽象物
皇位,こうい,koi,technical_domain,政治,普通名詞,抽象物
公示,こうじ,koji,technical_domain,政治,サ変名詞,抽象物
控除,こうじょ,kojo,technical_domain,ビジネス;政治,サ変名詞,抽象物
公述,こうじゅつ,kojutsu,technical_domain,政治,サ変名詞,抽象物
綱紀,こうき,koki,technical_domain,政治,普通名詞,抽象物
拘禁,こうきん,kokin,technical_domain,政治,サ変名詞,抽象物
国歌,こっか,kokka,technical_domain,政治,普通名詞,抽象物
酷刑,こっけい,kokkei,technical_domain,政治,普通名詞,抽象物
国権,こっけん,kokken,technical_domain,政治,普通名詞,抽象物
国交,こっこう,kokko,technical_domain,政治,普通名詞,抽象物
公告,こうこく,kokoku,technical_domain,政治,サ変名詞,抽象物
抗告,こうこく,kokoku,technical_domain,政治,サ変名詞,抽象物
国防,こくぼう,kokubo,technical_domain,政治,普通名詞,抽象物
国営,こくえい,kokuei,technical_domain,政治,普通名詞,抽象物
国益,こくえき,kokueki,technical_domain,政治,普通名詞,抽象物
国法,こくほう,kokuho,technical_domain,政治,普通名詞,抽象物
国威,こくい,kokui,technical_domain,政治,普通名詞,抽象物
告示,こくじ,kokuji,technical_domain,政治,サ変名詞,抽象物
国情,こくじょう,kokujo,technical_domain,政治,普通名詞,抽象物
国務,こくむ,kokumu,technical_domain,政治,普通名詞,抽象物
国運,こくうん,kokun,technical_domain,政治,普通名詞,抽象物
国難,こくなん,kokunan,technical_domain,政治,普通名詞,抽象物
国論,こくろん,kokuron,technical_domain,政治,普通名詞,抽象物
国力,こくりょく,kokuryoku,technical_domain,政治,普通名詞,抽象物
国策,こくさく,kokusaku,technical_domain,政治,普通名詞,抽象物
国勢,こくせい,kokusei,technical_domain,政治,普通名詞,抽象物
国政,こくせい,kokusei,technical_domain,政治,普通名詞,抽象物
国籍,こくせき,kokuseki,technical_domain,政治,普通名詞,抽象物
国選,こくせん,kokusen,technical_domain,政治,普通名詞,抽象物
国史,こくし,kokushi,technical_domain,政治,普通名詞,抽象物
告訴,こくそ,kokuso,technical_domain,政治,サ変名詞,抽象物
国葬,こくそう,kokuso,technical_domain,政治,普通名詞,抽象物
国定,こくてい,kokutei,technical_domain,政治,普通名詞,抽象物
国有,こくゆう,kokuyu,technical_domain,政治,普通名詞,抽象物
国是,こくぜ,kokuze,technical_domain,政治,普通名詞,抽象物
好況,こうきょう,kokyo,technical_domain,ビジネス,普通名詞,抽象物
公休,こうきゅう,kokyu,technical_domain,ビジネス,普通名詞,抽象物
高給,こうきゅう,kokyu,technical_domain,ビジネス,普通名詞,抽象物
公務,こうむ,komu,technical_domain,政治,普通名詞,抽象物
公認,こうにん,konin,technical_domain,政治,サ変名詞,抽象物
後任,こうにん,konin,technical_domain,ビジネス,普通名詞,抽象物
小売り,こうり,kori,technical_domain,ビジネス,サ変名詞,抽象物
高利,こうり,kori,technical_domain,ビジネス,普通名詞,抽象物
綱領,こうりょう,koryo,technical_domain,政治,普通名詞,抽象物
抗力,こうりょく,koryoku,technical_domain,科学・技術,普通名詞,抽象物
拘留,こうりゅう,koryu,technical_domain,政治,サ変名詞,抽象物
公債,こうさい,kosai,technical_domain,政治,普通名詞,抽象物
厚生,こうせい,kosei,technical_domain,政治,普通名詞,抽象物
交戦,こうせん,kosen,technical_domain,政治,サ変名詞,抽象物
公選,こうせん,kosen,technical_domain,政治,サ変名詞,抽象物
抗戦,こうせん,kosen,technical_domain,政治,サ変名詞,抽象物
公設,こうせつ,kosetsu,technical_domain,政治,普通名詞,抽象物
高進,こうしん,koshin,technical_domain,ビジネス,サ変名詞,抽象物
交渉,こうしょう,kosho,technical_domain,ビジネス;政治,サ変名詞,抽象物
公証,こうしょう,kosho,technical_domain,政治,普通名詞,抽象物
公職,こうしょく,koshoku,technical_domain,政治,普通名詞,抽象物
公訴,こうそ,koso,technical_domain,政治,サ変名詞,抽象物
控訴,こうそ,koso,technical_domain,政治,サ変名詞,抽象物
拘束,こうそく,kosoku,technical_domain,ビジネス;政治,サ変名詞,抽象物
公定,こうてい,kotei,technical_domain,政治,サ変名詞,抽象物
公転,こうてん,koten,technical_domain,科学・技術,サ変名詞,抽象物
更迭,こうてつ,kotetsu,technical_domain,ビジネス;政治,サ変名詞,抽象物
講和,こうわ,kowa,technical_domain,政治,サ変名詞,抽象物
公約,こうやく,koyaku,technical_domain,政治,サ変名詞,抽象物
公用,こうよう,koyo,technical_domain,政治,普通名詞,抽象物
雇用,こよう,koyo,technical_domain,ビジネス,サ変名詞,抽象物
公有,こうゆう,koyu,technical_domain,政治,サ変名詞,抽象物
空爆,くうばく,kubaku,technical_domain,政治,サ変名詞,抽象物
首切り,くびきり,kubikiri,technical_domain,ビジネス;政治,普通名詞,抽象物
空文,くうぶん,kubun,technical_domain,政治,普通名詞,抽象物
駆動,くどう,kudo,technical_domain,科学・技術,サ変名詞,抽象物
訓令,くんれい,kunrei,technical_domain,政治,サ変名詞,抽象物
君臨,くんりん,kunrin,technical_domain,政治,サ変名詞,抽象物
区立,くりつ,kuritsu,technical_domain,政治,普通名詞,抽象物
黒字,くろじ,kuroji,technical_domain,ビジネス;政治,普通名詞,抽象物
空襲,くうしゅう,kushu,technical_domain,政治,サ変名詞,抽象物
空挺,くうてい,kutei,technical_domain,政治,普通名詞,抽象物
客層,きゃくそう,kyakuso,technical_domain,ビジネス,普通名詞,抽象物
競売,きょうばい,kyobai,technical_domain,ビジネス,サ変名詞,抽象物
共謀,きょうぼう,kyobo,technical_domain,政治,サ変名詞,抽象物
虚偽,きょぎ,kyogi,technical_domain,政治,普通名詞,抽象物
競合,きょうごう,kyogo,technical_domain,ビジネス,サ変名詞,抽象物
協業,きょうぎょう,kyogyo,technical_domain,ビジネス,サ変名詞,抽象物
脅迫,きょうはく,kyohaku,technical_domain,政治,サ変名詞,抽象物
共犯,きょうはん,kyohan,technical_domain,政治,普通名詞,抽象物
共販,きょうはん,kyohan,technical_domain,ビジネス,普通名詞,抽象物
強兵,きょうへい,kyohei,technical_domain,政治,普通名詞,抽象物
恭順,きょうじゅん,kyojun,technical_domain,政治,普通名詞,抽象物
供述,きょうじゅつ,kyojutsu,technical_domain,政治,サ変名詞,抽象物
恐喝,きょうかつ,kyokatsu,technical_domain,政治,サ変名詞,抽象物
強権,きょうけん,kyoken,technical_domain,政治,普通名詞,抽象物
極刑,きょっけい,kyokkei,technical_domain,政治,普通名詞,抽象物
恐慌,きょうこう,kyoko,technical_domain,ビジネス;政治,普通名詞,抽象物
挙国,きょこく,kyokoku,technical_domain,政治,普通名詞,抽象物
挙国一致,きょこくいっち,kyokokuitchi,technical_domain,政治,普通名詞,抽象物
極右,きょくう,kyoku,technical_domain,政治,普通名詞,抽象物
極左,きょくさ,kyokusa,technical_domain,政治,普通名詞,抽象物
供給,きょうきゅう,kyokyu,technical_domain,ビジネス,サ変名詞,抽象物
競落,きょうらく,kyoraku,technical_domain,ビジネス,サ変名詞,抽象物
居留,きょりゅう,kyoryu,technical_domain,政治,サ変名詞,抽象物
共済,きょうさい,kyosai,technical_domain,ビジネス,普通名詞,抽象物
共産,きょうさん,kyosan,technical_domain,政治,普通名詞,抽象物
共振,きょうしん,kyoshin,technical_domain,科学・技術,普通名詞,抽象物
協商,きょうしょう,kyosho,technical_domain,政治,サ変名詞,抽象物
供託,きょうたく,kyotaku,technical_domain,政治,サ変名詞,抽象物
共闘,きょうとう,kyoto,technical_domain,政治,サ変名詞,抽象物
挙党,きょとう,kyoto,technical_domain,政治,普通名詞,抽象物
協約,きょうやく,kyoyaku,technical_domain,ビジネス;政治,サ変名詞,抽象物
供与,きょうよ,kyoyo,technical_domain,ビジネス;政治,サ変名詞,抽象物
急便,きゅうびん,kyubin,technical_domain,ビジネス,普通名詞,抽象物
糾弾,きゅうだん,kyudan,technical_domain,政治,サ変名詞,抽象物
給電,きゅうでん,kyuden,technical_domain,科学・技術,サ変名詞,抽象物
給付,きゅうふ,kyufu,technical_domain,ビジネス;政治,サ変名詞,抽象物
糾合,きゅうごう,kyugo,technical_domain,政治,サ変名詞,抽象物
休業,きゅうぎょう,kyugyo,technical_domain,ビジネス,サ変名詞,抽象物
求人,きゅうじん,kyujin,technical_domain,ビジネス,普通名詞,抽象物
休刊,きゅうかん,kyukan,technical_domain,メディア,サ変名詞,抽象物
求刑,きゅうけい,kyukei,technical_domain,政治,サ変名詞,抽象物
救国,きゅうこく,kyukoku,technical_domain,政治,普通名詞,抽象物
糾明,きゅうめい,kyumei,technical_domain,政治,サ変名詞,抽象物
急務,きゅうむ,kyumu,technical_domain,ビジネス;政治,普通名詞,抽象物
急落,きゅうらく,kyuraku,technical_domain,ビジネス,サ変名詞,抽象物
休戦,きゅうせん,kyusen,technical_domain,政治,サ変名詞,抽象物
急伸,きゅうしん,kyushin,technical_domain,ビジネス,サ変名詞,抽象物
休職,きゅうしょく,kyushoku,technical_domain,ビジネス,サ変名詞,抽象物
求職,きゅうしょく,kyushoku,technical_domain,ビジネス,サ変名詞,抽象物
急襲,きゅうしゅう,kyushu,technical_domain,政治,サ変名詞,抽象物
休廷,きゅうてい,kyutei,technical_domain,政治,サ変名詞,抽象物
急騰,きゅうとう,kyuto,technical_domain,ビジネス,サ変名詞,抽象物
前渡し,まえわたし,maewatashi,technical_domain,ビジネス;政治,サ変名詞,抽象物
万引き,まんびき,manbiki,technical_domain,政治,サ変名詞,抽象物
満票,まんぴょう,manpyo,technical_domain,政治,普通名詞,抽象物
また裂き,またさき,matasaki,technical_domain,政治,普通名詞,抽象物
政,まつりごと,matsurigoto,technical_domain,政治,普通名詞,抽象物
命題,めいだい,meidai,technical_domain,科学・技術,普通名詞,抽象物
盟約,めいやく,meiyaku,technical_domain,政治,普通名詞,抽象物
名誉棄損,めいよきそん,meiyokison,technical_domain,政治,普通名詞,抽象物
鍍金,めっき,mekki,technical_domain,科学・技術,サ変名詞,抽象物
免職,めんしょく,menshoku,technical_domain,ビジネス;政治,サ変名詞,抽象物
免罪,めんざい,menzai,technical_domain,政治,普通名詞,抽象物
免税,めんぜい,menzei,technical_domain,政治,サ変名詞,抽象物
滅私,めっし,messhi,technical_domain,政治,普通名詞,抽象物
右寄り,みぎより,migiyori,technical_domain,政治,普通名詞,抽象物
見本市,みほんいち,mihonichi,technical_domain,ビジネス,普通名詞,抽象物
詔,みことのり,mikotonori,technical_domain,政治,普通名詞,抽象物
みなし配当,みなしはいとう,minashihaito,technical_domain,ビジネス,普通名詞,抽象物
民営,みんえい,minei,technical_domain,ビジネス;政治,普通名詞,抽象物
民業,みんぎょう,mingyo,technical_domain,ビジネス;政治,普通名詞,抽象物
民意,みんい,mini,technical_domain,政治,普通名詞,抽象物
民事,みんじ,minji,technical_domain,政治,普通名詞,抽象物
民需,みんじゅ,minju,technical_domain,ビジネス,普通名詞,抽象物
未納,みのう,mino,technical_domain,政治,普通名詞,抽象物
民報,みんぽう,minpo,technical_domain,メディア,普通名詞,抽象物
民政,みんせい,minsei,technical_domain,政治,普通名詞,抽象物
民生,みんせい,minsei,technical_domain,政治,普通名詞,抽象物
民選,みんせん,minsen,technical_domain,政治,サ変名詞,抽象物
民心,みんしん,minshin,technical_domain,政治,普通名詞,抽象物
民主,みんしゅ,minshu,technical_domain,政治,普通名詞,抽象物
店番,みせばん,miseban,technical_domain,ビジネス,サ変名詞,抽象物
店開き,みせびらき,misebiraki,technical_domain,ビジネス,サ変名詞,抽象物
店構え,みせがまえ,misegamae,technical_domain,ビジネス,普通名詞,抽象物
店仕舞い,みせじまい,misejimai,technical_domain,ビジネス,サ変名詞,抽象物
未収,みしゅう,mishu,technical_domain,ビジネス,普通名詞,抽象物
未遂,みすい,misui,technical_domain,政治,普通名詞,抽象物
密売,みつばい,mitsubai,technical_domain,政治,サ変名詞,抽象物
見積,みつもり,mitsumori,technical_domain,ビジネス,普通名詞,抽象物
密漁,みつりょう,mitsuryo,technical_domain,政治,サ変名詞,抽象物
密猟,みつりょう,mitsuryo,technical_domain,政治,サ変名詞,抽象物
密輸,みつゆ,mitsuyu,technical_domain,政治,サ変名詞,抽象物
密造,みつぞう,mitsuzo,technical_domain,政治,サ変名詞,抽象物
持ち株,もちかぶ,mochikabu,technical_domain,ビジネス,普通名詞,抽象物
黙秘,もくひ,mokuhi,technical_domain,政治,サ変名詞,抽象物
模様眺め,もようながめ,moyonagame,technical_domain,ビジネス,普通名詞,抽象物
無配,むはい,muhai,technical_domain,ビジネス,普通名詞,抽象物
無実,むじつ,mujitsu,technical_domain,政治,普通名詞,抽象物
無血,むけつ,muketsu,technical_domain,政治,普通名詞,抽象物
無休,むきゅう,mukyu,technical_domain,ビジネス,普通名詞,抽象物
無給,むきゅう,mukyu,technical_domain,ビジネス,普通名詞,抽象物
無任所,むにんしょ,muninsho,technical_domain,政治,普通名詞,抽象物
無料,むりょう,muryo,technical_domain,ビジネス,普通名詞,抽象物
無償,むしょう,musho,technical_domain,ビジネス,普通名詞,抽象物
無職,むしょく,mushoku,technical_domain,ビジネス,普通名詞,抽象物
無届け,むとどけ,mutodoke,technical_domain,政治,普通名詞,抽象物
無党派,むとうは,mutoha,technical_domain,政治,普通名詞,抽象物
無罪,むざい,muzai,technical_domain,政治,普通名詞,抽象物
無税,むぜい,muzei,technical_domain,政治,普通名詞,抽象物
投げ売り,なげうり,nageuri,technical_domain,ビジネス,サ変名詞,抽象物
内示,ないじ,naiji,technical_domain,ビジネス;政治,サ変名詞,抽象物
内需,ないじゅ,naiju,technical_domain,ビジネス,普通名詞,抽象物
内規,ないき,naiki,technical_domain,ビジネス,普通名詞,抽象物
内務,ないむ,naimu,technical_domain,政治,普通名詞,抽象物
内乱,ないらん,nairan,technical_domain,政治,普通名詞,抽象物
内政,ないせい,naisei,technical_domain,政治,普通名詞,抽象物
内戦,ないせん,naisen,technical_domain,政治,普通名詞,抽象物
内偵,ないてい,naitei,technical_domain,政治,サ変名詞,抽象物
内定,ないてい,naitei,technical_domain,ビジネス,サ変名詞,抽象物
内通,ないつう,naitsu,technical_domain,政治,サ変名詞,抽象物
内蔵,ないぞう,naizo,technical_domain,科学・技術,サ変名詞,抽象物
仲買,なかがい,nakagai,technical_domain,ビジネス,普通名詞,抽象物
軟禁,なんきん,nankin,technical_domain,政治,サ変名詞,抽象物
値上がり,ねあがり,neagari,technical_domain,ビジネス,サ変名詞,抽象物
値上げ,ねあげ,neage,technical_domain,ビジネス,サ変名詞,抽象物
値引き,ねびき,nebiki,technical_domain,ビジネス,サ変名詞,抽象物
値崩れ,ねくずれ,nekuzure,technical_domain,ビジネス,サ変名詞,抽象物
値下がり,ねさがり,nesagari,technical_domain,ビジネス,サ変名詞,抽象物
値下げ,ねさげ,nesage,technical_domain,ビジネス,サ変名詞,抽象物
熱処理,ねつしょり,netsushori,technical_domain,科学・技術,サ変名詞,抽象物
捏造,ねつぞう,netsuzo,technical_domain,メディア;科学・技術,サ変名詞,抽象物
二元論,にげんろん,nigenron,technical_domain,科学・技術,普通名詞,抽象物
日刊,にっかん,nikkan,technical_domain,メディア,普通名詞,抽象物
認諾,にんだく,nindaku,technical_domain,政治,普通名詞,抽象物
認可,にんか,ninka,technical_domain,政治,サ変名詞,抽象物
任官,にんかん,ninkan,technical_domain,政治,サ変名詞,抽象物
任命,にんめい,ninmei,technical_domain,ビジネス;政治,サ変名詞,抽象物
任免,にんめん,ninmen,technical_domain,ビジネス;政治,サ変名詞,抽象物
任務,にんむ,ninmu,technical_domain,ビジネス;政治,普通名詞,抽象物
認否,にんぴ,ninpi,technical_domain,政治,普通名詞,抽象物
認証,にんしょう,ninsho,technical_domain,政治;科学・技術,サ変名詞,抽象物
任用,にんよう,ninyo,technical_domain,ビジネス;政治,サ変名詞,抽象物
日報,にっぽう,nippo,technical_domain,メディア,普通名詞,抽象物
延べ払い,のべばらい,nobebarai,technical_domain,ビジネス,普通名詞,抽象物
納付,のうふ,nofu,technical_domain,政治,サ変名詞,抽象物
農学,のうがく,nogaku,technical_domain,科学・技術,普通名詞,抽象物
農芸,のうげい,nogei,technical_domain,科学・技術,普通名詞,抽象物
納会,のうかい,nokai,technical_domain,ビジネス,普通名詞,抽象物
農政,のうせい,nosei,technical_domain,政治,普通名詞,抽象物
入獄,にゅうごく,nyugoku,technical_domain,政治,サ変名詞,抽象物
入荷,にゅうか,nyuka,technical_domain,ビジネス,サ変名詞,抽象物
入閣,にゅうかく,nyukaku,technical_domain,政治,サ変名詞,抽象物
入金,にゅうきん,nyukin,technical_domain,ビジネス,サ変名詞,抽象物
入力,にゅうりょく,nyuryoku,technical_domain,科学・技術,サ変名詞,抽象物
入札,にゅうさつ,nyusatsu,technical_domain,ビジネス,サ変名詞,抽象物
入社,にゅうしゃ,nyusha,technical_domain,ビジネス,サ変名詞,抽象物
入植,にゅうしょく,nyushoku,technical_domain,政治,サ変名詞,抽象物
入隊,にゅうたい,nyutai,technical_domain,政治,サ変名詞,抽象物
入廷,にゅうてい,nyutei,technical_domain,政治,サ変名詞,抽象物
入党,にゅうとう,nyuto,technical_domain,政治,サ変名詞,抽象物
大字,おおあざ,oaza,technical_domain,政治,普通名詞,抽象物
王権,おうけん,oken,technical_domain,政治,普通名詞,抽象物
王侯,おうこう,oko,technical_domain,政治,普通名詞,抽象物
大儲け,おおもうけ,omoke,technical_domain,ビジネス,サ変名詞,抽象物
恩赦,おんしゃ,onsha,technical_domain,政治,サ変名詞,抽象物
王立,おうりつ,oritsu,technical_domain,政治,普通名詞,抽象物
卸,おろし,oroshi,technical_domain,ビジネス,普通名詞,抽象物
卸し売り,おろしうり,oroshiuri,technical_domain,ビジネス,サ変名詞,抽象物
横領,おうりょう,oryo,technical_domain,政治,サ変名詞,抽象物
応力,おうりょく,oryoku,technical_domain,科学・技術,普通名詞,抽象物
王制,おうせい,osei,technical_domain,政治,普通名詞,抽象物
王政,おうせい,osei,technical_domain,政治,普通名詞,抽象物
王政復古,おうせいふっこ,oseifukko,technical_domain,政治,普通名詞,抽象物
汚職,おしょく,oshoku,technical_domain,政治,普通名詞,抽象物
押収,おうしゅう,oshu,technical_domain,政治,サ変名詞,抽象物
御手盛り,おてもり,otemori,technical_domain,政治,普通名詞,抽象物
公,おおやけ,oyake,technical_domain,政治,普通名詞,抽象物
来店,らいてん,raiten,technical_domain,ビジネス,サ変名詞,抽象物
落城,らくじょう,rakujo,technical_domain,政治,サ変名詞,抽象物
落札,らくさつ,rakusatsu,technical_domain,ビジネス,サ変名詞,抽象物
乱売,らんばい,ranbai,technical_domain,ビジネス,サ変名詞,抽象物
乱射,らんしゃ,ransha,technical_domain,政治,サ変名詞,抽象物
乱訴,らんそ,ranso,technical_domain,政治,普通名詞,抽象物
令,れい,rei,technical_domain,政治,普通名詞,抽象物
冷媒,れいばい,reibai,technical_domain,科学・技術,普通名詞,抽象物
冷戦,れいせん,reisen,technical_domain,政治,普通名詞,抽象物
歴任,れきにん,rekinin,technical_domain,ビジネス,サ変名詞,抽象物
歴戦,れきせん,rekisen,technical_domain,政治,普通名詞,抽象物
廉売,れんばい,renbai,technical_domain,ビジネス,サ変名詞,抽象物
連行,れんこう,renko,technical_domain,政治,サ変名詞,抽象物
連立,れんりつ,renritsu,technical_domain,政治,サ変名詞,抽象物
連座,れんざ,renza,technical_domain,政治,サ変名詞,抽象物
利上げ,りあげ,riage,technical_domain,ビジネス,普通名詞,抽象物
利払い,りばらい,ribarai,technical_domain,ビジネス,サ変名詞,抽象物
利益,りえき,rieki,technical_domain,ビジネス,普通名詞,抽象物
利幅,りはば,rihaba,technical_domain,ビジネス,普通名詞,抽象物
利潤,りじゅん,rijun,technical_domain,ビジネス,普通名詞,抽象物
利権,りけん,riken,technical_domain,政治,普通名詞,抽象物
立候補,りっこうほ,rikkoho,technical_domain,政治,サ変名詞,抽象物
立国,りっこく,rikkoku,technical_domain,政治,サ変名詞,抽象物
利回り,りまわり,rimawari,technical_domain,ビジネス,普通名詞,抽象物
稟議,りんぎ,ringi,technical_domain,ビジネス,普通名詞,抽象物
臨界,りんかい,rinkai,technical_domain,科学・技術,普通名詞,抽象物
輪作,りんさく,rinsaku,technical_domain,科学・技術,サ変名詞,抽象物
臨戦,りんせん,rinsen,technical_domain,政治,普通名詞,抽象物
立法,りっぽう,rippo,technical_domain,政治,サ変名詞,抽象物
理論,りろん,riron,technical_domain,科学・技術,普通名詞,抽象物
利下げ,りさげ,risage,technical_domain,ビジネス,サ変名詞,抽象物
離散,りさん,risan,technical_domain,科学・技術,サ変名詞,抽象物
利殖,りしょく,rishoku,technical_domain,ビジネス,サ変名詞,抽象物
離職,りしょく,rishoku,technical_domain,ビジネス;政治,サ変名詞,抽象物
立証,りっしょう,rissho,technical_domain,政治,サ変名詞,抽象物
離党,りとう,rito,technical_domain,政治,サ変名詞,抽象物
律,りつ,ritsu,technical_domain,政治,普通名詞,抽象物
利付,りつき,ritsuki,technical_domain,ビジネス,普通名詞,抽象物
律令,りつりょう,ritsuryo,technical_domain,政治,普通名詞,抽象物
立党,りっとう,ritto,technical_domain,政治,サ変名詞,抽象物
理財,りざい,rizai,technical_domain,ビジネス,普通名詞,抽象物
利鞘,りざや,rizaya,technical_domain,ビジネス,普通名詞,抽象物
労働,ろうどう,rodo,technical_domain,ビジネス,サ変名詞,抽象物
労役,ろうえき,roeki,technical_domain,政治,普通名詞,抽象物
ろ過,ろか,roka,technical_domain,科学・技術,サ変名詞,抽象物
録画,ろくが,rokuga,technical_domain,メディア,サ変名詞,抽象物
録音,ろくおん,rokuon,technical_domain,メディア,サ変名詞,抽象物
労務,ろうむ,romu,technical_domain,ビジネス,普通名詞,抽象物
論文,ろんぶん,ronbun,technical_domain,科学・技術,普通名詞,抽象物
論稿,ろんこう,ronko,technical_domain,科学・技術,普通名詞,抽象物
論考,ろんこう,ronko,technical_domain,科学・技術,普通名詞,抽象物
論告,ろんこく,ronkoku,technical_domain,政治,サ変名詞,抽象物
論評,ろんぴょう,ronpyo,technical_domain,メディア,サ変名詞,抽象物
論説,ろんせつ,ronsetsu,technical_domain,メディア,普通名詞,抽象物
論証,ろんしょう,ronsho,technical_domain,科学・技術,サ変名詞,抽象物
論集,ろんしゅう,ronshu,technical_domain,科学・技術,普通名詞,抽象物
労力,ろうりょく,roryoku,technical_domain,ビジネス,普通名詞,抽象物
労災,ろうさい,rosai,technical_domain,ビジネス,普通名詞,抽象物
労使,ろうし,roshi,technical_domain,ビジネス,普通名詞,抽象物
労資,ろうし,roshi,technical_domain,ビジネス,普通名詞,抽象物
狼藉,ろうぜき,rozeki,technical_domain,政治,普通名詞,抽象物
流刑,るけい,rukei,technical_domain,政治,普通名詞,抽象物
流罪,るざい,ruzai,technical_domain,政治,普通名詞,抽象物
両替,りょうがえ,ryogae,technical_domain,ビジネス,サ変名詞,抽象物
量販,りょうはん,ryohan,technical_domain,ビジネス,サ変名詞,抽象物
量刑,りょうけい,ryokei,technical_domain,政治,普通名詞,抽象物
領有,りょうゆう,ryoyu,technical_domain,政治,サ変名詞,抽象物
留置,りゅうち,ryuchi,technical_domain,政治,サ変名詞,抽象物
硫化,りゅうか,ryuka,technical_domain,科学・技術,サ変名詞,抽象物
留任,りゅうにん,ryunin,technical_domain,ビジネス;政治,サ変名詞,抽象物
流通,りゅうつう,ryutsu,technical_domain,ビジネス,サ変名詞,抽象物
差益,さえき,saeki,technical_domain,ビジネス,普通名詞,抽象物
詐欺,さぎ,sagi,technical_domain,政治,普通名詞,抽象物
裁判,さいばん,saiban,technical_domain,政治,サ変名詞,抽象物
再議,さいぎ,saigi,technical_domain,政治,サ変名詞,抽象物
再販,さいはん,saihan,technical_domain,ビジネス,普通名詞,抽象物
裁可,さいか,saika,technical_domain,政治,サ変名詞,抽象物
債権,さいけん,saiken,technical_domain,政治,普通名詞,抽象物
採決,さいけつ,saiketsu,technical_domain,政治,サ変名詞,抽象物
裁決,さいけつ,saiketsu,technical_domain,政治,サ変名詞,抽象物
債務,さいむ,saimu,technical_domain,ビジネス,普通名詞,抽象物
再任,さいにん,sainin,technical_domain,ビジネス;政治,サ変名詞,抽象物
採録,さいろく,sairoku,technical_domain,メディア,サ変名詞,抽象物
裁量,さいりょう,sairyo,technical_domain,政治,サ変名詞,抽象物
採算,さいさん,saisan,technical_domain,ビジネス,普通名詞,抽象物
祭政,さいせい,saisei,technical_domain,政治,普通名詞,抽象物
再選,さいせん,saisen,technical_domain,政治,サ変名詞,抽象物
再審,さいしん,saishin,technical_domain,政治,サ変名詞,抽象物
細則,さいそく,saisoku,technical_domain,政治,普通名詞,抽象物
採択,さいたく,saitaku,technical_domain,政治,サ変名詞,抽象物
採用,さいよう,saiyo,technical_domain,ビジネス;政治,サ変名詞,抽象物
策定,さくてい,sakutei,technical_domain,政治,サ変名詞,抽象物
査問,さもん,samon,technical_domain,ビジネス,サ変名詞,抽象物
参内,さんだい,sandai,technical_domain,政治,サ変名詞,抽象物
参賀,さんが,sanga,technical_domain,政治,サ変名詞,抽象物
産業,さんぎょう,sangyo,technical_domain,ビジネス,普通名詞,抽象物
傘下,さんか,sanka,technical_domain,ビジネス,普通名詞,抽象物
酸化,さんか,sanka,technical_domain,科学・技術,サ変名詞,抽象物
参画,さんかく,sankaku,technical_domain,政治,サ変名詞,抽象物
参入,さんにゅう,sannyu,technical_domain,ビジネス,サ変名詞,抽象物
算入,さんにゅう,sannyu,technical_domain,ビジネス,サ変名詞,抽象物
参政,さんせい,sansei,technical_domain,政治,サ変名詞,抽象物
酸性,さんせい,sansei,technical_domain,科学・技術,普通名詞,抽象物
参審,さんしん,sanshin,technical_domain,政治,普通名詞,抽象物
算定,さんてい,santei,technical_domain,ビジネス,サ変名詞,抽象物
査察,ささつ,sasatsu,technical_domain,政治,サ変名詞,抽象物
左遷,させん,sasen,technical_domain,ビジネス,サ変名詞,抽象物
詐取,さしゅ,sashu,technical_domain,政治,サ変名詞,抽象物
差損,さそん,sason,technical_domain,ビジネス,普通名詞,抽象物
査定,さてい,satei,technical_domain,ビジネス,サ変名詞,抽象物
制,せい,sei,technical_domain,政治,普通名詞,抽象物
制圧,せいあつ,seiatsu,technical_domain,政治,サ変名詞,抽象物
征伐,せいばつ,seibatsu,technical_domain,政治,サ変名詞,抽象物
聖断,せいだん,seidan,technical_domain,政治,普通名詞,抽象物
制度,せいど,seido,technical_domain,政治,普通名詞,抽象物
征服,せいふく,seifuku,technical_domain,政治,サ変名詞,抽象物
請願,せいがん,seigan,technical_domain,政治,サ変名詞,抽象物
制御,せいぎょ,seigyo,technical_domain,科学・技術,サ変名詞,抽象物
政変,せいへん,seihen,technical_domain,政治,普通名詞,抽象物
生保,せいほ,seiho,technical_domain,ビジネス,普通名詞,抽象物
製法,せいほう,seiho,technical_domain,科学・技術,普通名詞,抽象物
政治,せいじ,seiji,technical_domain,政治,普通名詞,抽象物
政情,せいじょう,seijo,technical_domain,政治,普通名詞,抽象物
生化学,せいかがく,seikagaku,technical_domain,健康・医学;科学・技術,普通名詞,抽象物
制憲,せいけん,seiken,technical_domain,政治,普通名詞,抽象物
政権,せいけん,seiken,technical_domain,政治,普通名詞,抽象物
政見,せいけん,seiken,technical_domain,政治,普通名詞,抽象物
製鋼,せいこう,seiko,technical_domain,科学・技術,サ変名詞,抽象物
政局,せいきょく,seikyoku,technical_domain,政治,普通名詞,抽象物
声明,せいめい,seimei,technical_domain,政治,サ変名詞,抽象物
政務,せいむ,seimu,technical_domain,政治,普通名詞,抽象物
政令,せいれい,seirei,technical_domain,政治,普通名詞,抽象物
政略,せいりゃく,seiryaku,technical_domain,政治,普通名詞,抽象物
制裁,せいさい,seisai,technical_domain,政治,サ変名詞,抽象物
政策,せいさく,seisaku,technical_domain,政治,普通名詞,抽象物
生産,せいさん,seisan,technical_domain,ビジネス,サ変名詞,抽象物
生成,せいせい,seisei,technical_domain,科学・技術,サ変名詞,抽象物
精製,せいせい,seisei,technical_domain,科学・技術,サ変名詞,抽象物
製紙,せいし,seishi,technical_domain,科学・技術,普通名詞,抽象物
政争,せいそう,seiso,technical_domain,政治,普通名詞,抽象物
政体,せいたい,seitai,technical_domain,政治,普通名詞,抽象物
請託,せいたく,seitaku,technical_domain,政治,サ変名詞,抽象物
制定,せいてい,seitei,technical_domain,政治,サ変名詞,抽象物
製鉄,せいてつ,seitetsu,technical_domain,科学・技術,普通名詞,抽象物
製油,せいゆ,seiyu,technical_domain,科学・技術,サ変名詞,抽象物
製造,せいぞう,seizo,technical_domain,ビジネス;科学・技術,サ変名詞,抽象物
赤外線,せきがいせん,sekigaisen,technical_domain,科学・技術,普通名詞,抽象物
積算,せきさん,sekisan,technical_domain,ビジネス,サ変名詞,抽象物
設計,せっけい,sekkei,technical_domain,科学・技術,サ変名詞,抽象物
接見,せっけん,sekken,technical_domain,政治,サ変名詞,抽象物
接客,せっきゃく,sekkyaku,technical_domain,ビジネス,サ変名詞,抽象物
戦没,せんぼつ,senbotsu,technical_domain,政治,サ変名詞,抽象物
宣伝,せんでん,senden,technical_domain,ビジネス;メディア,サ変名詞,抽象物
扇動,せんどう,sendo,technical_domain,政治,サ変名詞,抽象物
戦国,せんごく,sengoku,technical_domain,政治,普通名詞,抽象物
戦意,せんい,seni,technical_domain,政治,普通名詞,抽象物
専従,せんじゅう,senju,technical_domain,ビジネス,サ変名詞,抽象物
戦果,せんか,senka,technical_domain,政治,普通名詞,抽象物
戦火,せんか,senka,technical_domain,政治,普通名詞,抽象物
戦禍,せんか,senka,technical_domain,政治,普通名詞,抽象物
専権,せんけん,senken,technical_domain,政治,普通名詞,抽象物
占拠,せんきょ,senkyo,technical_domain,政治,サ変名詞,抽象物
選挙,せんきょ,senkyo,technical_domain,政治,サ変名詞,抽象物
戦況,せんきょう,senkyo,technical_domain,政治,普通名詞,抽象物
戦局,せんきょく,senkyoku,technical_domain,政治,普通名詞,抽象物
専任,せんにん,sennin,technical_domain,ビジネス,サ変名詞,抽象物
選任,せんにん,sennin,technical_domain,政治,サ変名詞,抽象物
先報,せんぽう,senpo,technical_domain,メディア,普通名詞,抽象物
潜伏,せんぷく,senpuku,technical_domain,健康・医学;政治,サ変名詞,抽象物
戦乱,せんらん,senran,technical_domain,政治,普通名詞,抽象物
戦略,せんりゃく,senryaku,technical_domain,ビジネス;政治,普通名詞,抽象物
占領,せんりょう,senryo,technical_domain,政治,サ変名詞,抽象物
戦災,せんさい,sensai,technical_domain,政治,普通名詞,抽象物
専制,せんせい,sensei,technical_domain,政治,普通名詞,抽象物
宣戦,せんせん,sensen,technical_domain,政治,サ変名詞,抽象物
戦線,せんせん,sensen,technical_domain,政治,普通名詞,抽象物
戦史,せんし,senshi,technical_domain,政治,普通名詞,抽象物
戦勝,せんしょう,sensho,technical_domain,政治,サ変名詞,抽象物
戦争,せんそう,senso,technical_domain,政治,サ変名詞,抽象物
遷都,せんと,sento,technical_domain,政治,サ変名詞,抽象物
競り売り,せりうり,seriuri,technical_domain,ビジネス,サ変名詞,抽象物
世論,せろん,seron,technical_domain,政治,普通名詞,抽象物
折衝,せっしょう,sessho,technical_domain,政治,サ変名詞,抽象物
窃取,せっしゅ,sesshu,technical_domain,政治,サ変名詞,抽象物
接収,せっしゅう,sesshu,technical_domain,政治,サ変名詞,抽象物
節税,せつぜい,setsuzei,technical_domain,ビジネス;政治,サ変名詞,抽象物
窃盗,せっとう,setto,technical_domain,政治,サ変名詞,抽象物
社風,しゃふう,shafu,technical_domain,ビジネス,普通名詞,抽象物
借款,しゃっかん,shakkan,technical_domain,政治,普通名詞,抽象物
社告,しゃこく,shakoku,technical_domain,ビジネス;メディア,普通名詞,抽象物
釈放,しゃくほう,shakuho,technical_domain,政治,サ変名詞,抽象物
社共,しゃきょう,shakyo,technical_domain,政治,普通名詞,抽象物
社名,しゃめい,shamei,technical_domain,ビジネス,普通名詞,抽象物
赦免,しゃめん,shamen,technical_domain,政治,サ変名詞,抽象物
社説,しゃせつ,shasetsu,technical_domain,メディア,普通名詞,抽象物
社史,しゃし,shashi,technical_domain,ビジネス,普通名詞,抽象物
社運,しゃうん,shaun,technical_domain,ビジネス,普通名詞,抽象物
社用,しゃよう,shayo,technical_domain,ビジネス,普通名詞,抽象物
社有,しゃゆう,shayu,technical_domain,ビジネス,サ変名詞,抽象物
視聴,しちょう,shicho,technical_domain,メディア,サ変名詞,抽象物
視聴覚,しちょうかく,shichokaku,technical_domain,メディア,普通名詞,抽象物
市営,しえい,shiei,technical_domain,ビジネス;政治,普通名詞,抽象物
私営,しえい,shiei,technical_domain,ビジネス,普通名詞,抽象物
市販,しはん,shihan,technical_domain,ビジネス,サ変名詞,抽象物
司法,しほう,shiho,technical_domain,政治,普通名詞,抽象物
指標,しひょう,shihyo,technical_domain,ビジネス,普通名詞,抽象物
市場,しじょう,shijo,technical_domain,ビジネス,普通名詞,抽象物
私権,しけん,shiken,technical_domain,政治,普通名詞,抽象物
執行,しっこう,shikko,technical_domain,政治,サ変名詞,抽象物
失効,しっこう,shikko,technical_domain,政治,サ変名詞,抽象物
失脚,しっきゃく,shikkyaku,technical_domain,政治,サ変名詞,抽象物
施行,しこう,shiko,technical_domain,政治,サ変名詞,抽象物
市況,しきょう,shikyo,technical_domain,ビジネス,普通名詞,抽象物
試供,しきょう,shikyo,technical_domain,ビジネス,サ変名詞,抽象物
支給,しきゅう,shikyu,technical_domain,ビジネス,サ変名詞,抽象物
諮問,しもん,shimon,technical_domain,政治,サ変名詞,抽象物
品切れ,しなぎれ,shinagire,technical_domain,ビジネス,サ変名詞,抽象物
品揃え,しなぞろえ,shinazoroe,technical_domain,ビジネス,普通名詞,抽象物
進駐,しんちゅう,shinchu,technical_domain,政治,サ変名詞,抽象物
進撃,しんげき,shingeki,technical_domain,政治,サ変名詞,抽象物
審議,しんぎ,shingi,technical_domain,政治,サ変名詞,抽象物
進軍,しんぐん,shingun,technical_domain,政治,サ変名詞,抽象物
侵攻,しんこう,shinko,technical_domain,政治,サ変名詞,抽象物
進攻,しんこう,shinko,technical_domain,政治,サ変名詞,抽象物
審問,しんもん,shinmon,technical_domain,政治,サ変名詞,抽象物
信認,しんにん,shinnin,technical_domain,ビジネス,サ変名詞,抽象物
士農工商,しのうこうしょう,shinokosho,technical_domain,政治,普通名詞,抽象物
侵犯,しんぱん,shinpan,technical_domain,政治,サ変名詞,抽象物
信販,しんぱん,shinpan,technical_domain,ビジネス,普通名詞,抽象物
新報,しんぽう,shinpo,technical_domain,メディア,普通名詞,抽象物
新法,しんぽう,shinpo,technical_domain,政治,普通名詞,抽象物
振幅,しんぷく,shinpuku,technical_domain,科学・技術,普通名詞,抽象物
審理,しんり,shinri,technical_domain,政治,サ変名詞,抽象物
侵略,しんりゃく,shinryaku,technical_domain,政治,サ変名詞,抽象物
新制,しんせい,shinsei,technical_domain,政治,普通名詞,抽象物
親書,しんしょ,shinsho,technical_domain,政治,サ変名詞,抽象物
心証,しんしょう,shinsho,technical_domain,政治,普通名詞,抽象物
信託,しんたく,shintaku,technical_domain,ビジネス,サ変名詞,抽象物
司令,しれい,shirei,technical_domain,政治,サ変名詞,抽象物
指令,しれい,shirei,technical_domain,政治,サ変名詞,抽象物
史論,しろん,shiron,technical_domain,科学・技術,普通名詞,抽象物
視察,しさつ,shisatsu,technical_domain,政治,サ変名詞,抽象物
市制,しせい,shisei,technical_domain,政治,普通名詞,抽象物
市政,しせい,shisei,technical_domain,政治,普通名詞,抽象物
施政,しせい,shisei,technical_domain,政治,サ変名詞,抽象物
私製,しせい,shisei,technical_domain,ビジネス,普通名詞,抽象物
市章,ししょう,shisho,technical_domain,政治,普通名詞,抽象物
失政,しっせい,shissei,technical_domain,政治,普通名詞,抽象物
失跡,しっせき,shisseki,technical_domain,政治,サ変名詞,抽象物
失職,しっしょく,shisshoku,technical_domain,ビジネス;政治,サ変名詞,抽象物
失踪,しっそう,shisso,technical_domain,政治,サ変名詞,抽象物
示達,したつ,shitatsu,technical_domain,政治,サ変名詞,抽象物
下請け,したうけ,shitauke,technical_domain,ビジネス,サ変名詞,抽象物
下支え,したざさえ,shitazasae,technical_domain,ビジネス,普通名詞,抽象物
失業,しつぎょう,shitsugyo,technical_domain,ビジネス,サ変名詞,抽象物
執務,しつむ,shitsumu,technical_domain,ビジネス,サ変名詞,抽象物
市有,しゆう,shiyu,technical_domain,政治,普通名詞,抽象物
商売,しょうばい,shobai,technical_domain,ビジネス,サ変名詞,抽象物
処罰,しょばつ,shobatsu,technical_domain,政治,サ変名詞,抽象物
商談,しょうだん,shodan,technical_domain,ビジネス,普通名詞,抽象物
渉外,しょうがい,shogai,technical_domain,ビジネス;政治,普通名詞,抽象物
証言,しょうげん,shogen,technical_domain,政治,サ変名詞,抽象物
商業,しょうぎょう,shogyo,technical_domain,ビジネス,普通名詞,抽象物
商法,しょうほう,shoho,technical_domain,ビジネス;政治,普通名詞,抽象物
商事,しょうじ,shoji,technical_domain,ビジネス,普通名詞,抽象物
哨戒,しょうかい,shokai,technical_domain,政治,サ変名詞,抽象物
償還,しょうかん,shokan,technical_domain,ビジネス,サ変名詞,抽象物
所管,しょかん,shokan,technical_domain,政治,サ変名詞,抽象物
所轄,しょかつ,shokatsu,technical_domain,政治,サ変名詞,抽象物
商圏,しょうけん,shoken,technical_domain,ビジネス,普通名詞,抽象物
職権,しょっけん,shokken,technical_domain,ビジネス;政治,普通名詞,抽象物
証拠,しょうこ,shoko,technical_domain,政治,普通名詞,抽象物
商工,しょうこう,shoko,technical_domain,ビジネス,普通名詞,抽象物
商魂,しょうこん,shokon,technical_domain,ビジネス,普通名詞,抽象物
職,しょく,shoku,technical_domain,ビジネス,普通名詞,抽象物
職業,しょくぎょう,shokugyo,technical_domain,ビジネス,普通名詞,抽象物
植民,しょくみん,shokumin,technical_domain,政治,サ変名詞,抽象物
職務,しょくむ,shokumu,technical_domain,ビジネス,普通名詞,抽象物
職能,しょくのう,shokuno,technical_domain,ビジネス,普通名詞,抽象物
職歴,しょくれき,shokureki,technical_domain,ビジネス,普通名詞,抽象物
殖産,しょくさん,shokusan,technical_domain,ビジネス,普通名詞,抽象物
職責,しょくせき,shokuseki,technical_domain,ビジネス,普通名詞,抽象物
職種,しょくしゅ,shokushu,technical_domain,ビジネス,普通名詞,抽象物
嘱託,しょくたく,shokutaku,technical_domain,ビジネス,サ変名詞,抽象物
償却,しょうきゃく,shokyaku,technical_domain,ビジネス,サ変名詞,抽象物
昇給,しょうきゅう,shokyu,technical_domain,ビジネス,サ変名詞,抽象物
商務,しょうむ,shomu,technical_domain,ビジネス,普通名詞,抽象物
庶務,しょむ,shomu,technical_domain,ビジネス,普通名詞,抽象物
昇任,しょうにん,shonin,technical_domain,ビジネス,サ変名詞,抽象物
初任,しょにん,shonin,technical_domain,ビジネス,普通名詞,抽象物
省令,しょうれい,shorei,technical_domain,政治,普通名詞,抽象物
商戦,しょうせん,shosen,technical_domain,ビジネス,普通名詞,抽象物
昇進,しょうしん,shoshin,technical_domain,ビジネス,サ変名詞,抽象物
詔書,しょうしょ,shosho,technical_domain,政治,普通名詞,抽象物
書証,しょしょう,shosho,technical_domain,政治,普通名詞,抽象物
勝訴,しょうそ,shoso,technical_domain,政治,サ変名詞,抽象物
商用,しょうよう,shoyo,technical_domain,ビジネス,普通名詞,抽象物
囚,しゅう,shu,technical_domain,政治,普通名詞,抽象物
首謀,しゅぼう,shubo,technical_domain,政治,普通名詞,抽象物
主文,しゅぶん,shubun,technical_domain,政治,普通名詞,抽象物
収益,しゅうえき,shueki,technical_domain,ビジネス,普通名詞,抽象物
衆議,しゅうぎ,shugi,technical_domain,政治,普通名詞,抽象物
就業,しゅうぎょう,shugyo,technical_domain,ビジネス,サ変名詞,抽象物
周波,しゅうは,shuha,technical_domain,メディア;科学・技術,普通名詞,抽象物
首班,しゅはん,shuhan,technical_domain,政治,普通名詞,抽象物
週報,しゅうほう,shuho,technical_domain,メディア,普通名詞,抽象物
収受,しゅうじゅ,shuju,technical_domain,ビジネス,サ変名詞,抽象物
収監,しゅうかん,shukan,technical_domain,政治,サ変名詞,抽象物
主計,しゅけい,shukei,technical_domain,政治,普通名詞,抽象物
集権,しゅうけん,shuken,technical_domain,政治,普通名詞,抽象物
主権,しゅけん,shuken,technical_domain,政治,普通名詞,抽象物
出荷,しゅっか,shukka,technical_domain,ビジネス,サ変名詞,抽象物
出勤,しゅっきん,shukkin,technical_domain,ビジネス,サ変名詞,抽象物
出向,しゅっこう,shukko,technical_domain,ビジネス,サ変名詞,抽象物
出稿,しゅっこう,shukko,technical_domain,メディア,サ変名詞,抽象物
粛正,しゅくせい,shukusei,technical_domain,政治,サ変名詞,抽象物
粛清,しゅくせい,shukusei,technical_domain,政治,サ変名詞,抽象物
週休,しゅうきゅう,shukyu,technical_domain,ビジネス,普通名詞,抽象物
就任,しゅうにん,shunin,technical_domain,ビジネス;政治,サ変名詞,抽象物
春闘,しゅんとう,shunto,technical_domain,ビジネス;政治,普通名詞,抽象物
出兵,しゅっぺい,shuppei,technical_domain,政治,サ変名詞,抽象物
州立,しゅうりつ,shuritsu,technical_domain,政治,普通名詞,抽象物
就労,しゅうろう,shuro,technical_domain,ビジネス,サ変名詞,抽象物
終戦,しゅうせん,shusen,technical_domain,政治,普通名詞,抽象物
収支,しゅうし,shushi,technical_domain,ビジネス,普通名詞,抽象物
終審,しゅうしん,shushin,technical_domain,政治,普通名詞,抽象物
就職,しゅうしょく,shushoku,technical_domain,ビジネス,サ変名詞,抽象物
出世,しゅっせ,shusse,technical_domain,ビジネス,サ変名詞,抽象物
出征,しゅっせい,shussei,technical_domain,政治,サ変名詞,抽象物
出社,しゅっしゃ,shussha,technical_domain,ビジネス,サ変名詞,抽象物
出資,しゅっし,shusshi,technical_domain,ビジネス,サ変名詞,抽象物
出所,しゅっしょ,shussho,technical_domain,政治,サ変名詞,抽象物
出張,しゅっちょう,shutcho,technical_domain,ビジネス,サ変名詞,抽象物
出馬,しゅつば,shutsuba,technical_domain,政治,サ変名詞,抽象物
出撃,しゅつげき,shutsugeki,technical_domain,政治,サ変名詞,抽象物
出獄,しゅつごく,shutsugoku,technical_domain,政治,サ変名詞,抽象物
出廷,しゅってい,shuttei,technical_domain,政治,サ変名詞,抽象物
出店,しゅってん,shutten,technical_domain,ビジネス,サ変名詞,抽象物
出頭,しゅっとう,shutto,technical_domain,政治,サ変名詞,抽象物
収賄,しゅうわい,shuwai,technical_domain,政治,サ変名詞,抽象物
収用,しゅうよう,shuyo,technical_domain,政治,サ変名詞,抽象物
取材,しゅざい,shuzai,technical_domain,メディア,サ変名詞,抽象物
送電,そうでん,soden,technical_domain,科学・技術,サ変名詞,抽象物
狙撃,そげき,sogeki,technical_domain,政治,サ変名詞,抽象物
創業,そうぎょう,sogyo,technical_domain,ビジネス,サ変名詞,抽象物
操業,そうぎょう,sogyo,technical_domain,ビジネス,サ変名詞,抽象物
訴因,そいん,soin,technical_domain,政治,普通名詞,抽象物
訴状,そじょう,sojo,technical_domain,政治,普通名詞,抽象物
送受信,そうじゅしん,sojushin,technical_domain,メディア;科学・技術,普通名詞,抽象物
組閣,そかく,sokaku,technical_domain,政治,サ変名詞,抽象物
送還,そうかん,sokan,technical_domain,政治,サ変名詞,抽象物
送検,そうけん,soken,technical_domain,政治,サ変名詞,抽象物
送金,そうきん,sokin,technical_domain,ビジネス,サ変名詞,抽象物
即売,そくばい,sokubai,technical_domain,ビジネス,サ変名詞,抽象物
測地,そくち,sokuchi,technical_domain,科学・技術,サ変名詞,抽象物
速報,そくほう,sokuho,technical_domain,メディア,サ変名詞,抽象物
即位,そくい,sokui,technical_domain,政治,サ変名詞,抽象物
村営,そんえい,sonei,technical_domain,ビジネス;政治,普通名詞,抽象物
損益,そんえき,soneki,technical_domain,ビジネス,普通名詞,抽象物
損保,そんぽ,sonpo,technical_domain,ビジネス,普通名詞,抽象物
捜査,そうさ,sosa,technical_domain,政治,サ変名詞,抽象物
相殺,そうさい,sosai,technical_domain,政治,サ変名詞,抽象物
捜索,そうさく,sosaku,technical_domain,政治,サ変名詞,抽象物
捜索願,そうさくねがい,sosakunegai,technical_domain,政治,普通名詞,抽象物
粗製,そせい,sosei,technical_domain,科学・技術,普通名詞,抽象物
送信,そうしん,soshin,technical_domain,メディア;科学・技術,サ変名詞,抽象物
訴訟,そしょう,sosho,technical_domain,政治,サ変名詞,抽象物
創出,そうしゅつ,soshutsu,technical_domain,ビジネス,サ変名詞,抽象物
掃討,そうとう,soto,technical_domain,政治,サ変名詞,抽象物
訴追,そつい,sotsui,technical_domain,政治,サ変名詞,抽象物
推論,すいろん,suiron,technical_domain,科学・技術,サ変名詞,抽象物
推力,すいりょく,suiryoku,technical_domain,科学・技術,普通名詞,抽象物
水力,すいりょく,suiryoku,technical_domain,科学・技術,普通名詞,抽象物
出納,すいとう,suito,technical_domain,ビジネス;政治,サ変名詞,抽象物
多売,たばい,tabai,technical_domain,ビジネス,サ変名詞,抽象物
立会,たちあい,tachiai,technical_domain,ビジネス;政治,普通名詞,抽象物
只働き,ただばたらき,tadabataraki,technical_domain,ビジネス,サ変名詞,抽象物
退庁,たいちょう,taicho,technical_domain,政治,サ変名詞,抽象物
退役,たいえき,taieki,technical_domain,政治,サ変名詞,抽象物
貸付,たいふ,taifu,technical_domain,ビジネス,サ変名詞,抽象物
逮捕,たいほ,taiho,technical_domain,政治,サ変名詞,抽象物
退位,たいい,taii,technical_domain,政治,サ変名詞,抽象物
帯域,たいいき,taiiki,technical_domain,科学・技術,普通名詞,抽象物
退陣,たいじん,taijin,technical_domain,政治,サ変名詞,抽象物
戴冠,たいかん,taikan,technical_domain,政治,サ変名詞,抽象物
大権,たいけん,taiken,technical_domain,政治,普通名詞,抽象物
対空,たいくう,taiku,technical_domain,政治,普通名詞,抽象物
耐熱,たいねつ,tainetsu,technical_domain,科学・技術,普通名詞,抽象物
退任,たいにん,tainin,technical_domain,ビジネス;政治,サ変名詞,抽象物
対流,たいりゅう,tairyu,technical_domain,科学・技術,普通名詞,抽象物
大政,たいせい,taisei,technical_domain,政治,普通名詞,抽象物
大戦,たいせん,taisen,technical_domain,政治,普通名詞,抽象物
退社,たいしゃ,taisha,technical_domain,ビジネス,サ変名詞,抽象物
貸借,たいしゃく,taishaku,technical_domain,ビジネス,サ変名詞,抽象物
対審,たいしん,taishin,technical_domain,政治,サ変名詞,抽象物
退職,たいしょく,taishoku,technical_domain,ビジネス,サ変名詞,抽象物
退廷,たいてい,taitei,technical_domain,政治,サ変名詞,抽象物
高値,たかね,takane,technical_domain,ビジネス,普通名詞,抽象物
宅配,たくはい,takuhai,technical_domain,ビジネス,サ変名詞,抽象物
多極,たきょく,takyoku,technical_domain,政治,普通名詞,抽象物
棚卸し,たなおろし,tanaoroshi,technical_domain,ビジネス,サ変名詞,抽象物
探鉱,たんこう,tanko,technical_domain,科学・技術,普通名詞,抽象物
短波,たんぱ,tanpa,technical_domain,メディア;科学・技術,普通名詞,抽象物
担保,たんぽ,tanpo,technical_domain,ビジネス,サ変名詞,抽象物
探査,たんさ,tansa,technical_domain,科学・技術,サ変名詞,抽象物
探索,たんさく,tansaku,technical_domain,科学・技術,サ変名詞,抽象物
叩き売り,たたきうり,tatakiuri,technical_domain,ビジネス,サ変名詞,抽象物
縦波,たてなみ,tatenami,technical_domain,科学・技術,普通名詞,抽象物
手当て,てあて,teate,technical_domain,ビジネス;健康・医学,サ変名詞,抽象物
低圧,ていあつ,teiatsu,technical_domain,科学・技術,普通名詞,抽象物
提言,ていげん,teigen,technical_domain,政治,サ変名詞,抽象物
定義,ていぎ,teigi,technical_domain,科学・技術,サ変名詞,抽象物
定款,ていかん,teikan,technical_domain,ビジネス,普通名詞,抽象物
提携,ていけい,teikei,technical_domain,ビジネス,サ変名詞,抽象物
定休,ていきゅう,teikyu,technical_domain,ビジネス,普通名詞,抽象物
帝政,ていせい,teisei,technical_domain,政治,普通名詞,抽象物
停戦,ていせん,teisen,technical_domain,政治,サ変名詞,抽象物
定説,ていせつ,teisetsu,technical_domain,科学・技術,普通名詞,抽象物
逓信,ていしん,teishin,technical_domain,政治,普通名詞,抽象物
定昇,ていしょう,teisho,technical_domain,ビジネス,普通名詞,抽象物
停職,ていしょく,teishoku,technical_domain,ビジネス;政治,普通名詞,抽象物
定職,ていしょく,teishoku,technical_domain,ビジネス,普通名詞,抽象物
提訴,ていそ,teiso,technical_domain,政治,サ変名詞,抽象物
締約,ていやく,teiyaku,technical_domain,政治,サ変名詞,抽象物
摘発,てきはつ,tekihatsu,technical_domain,政治,サ変名詞,抽象物
敵性語,てきせいご,tekiseigo,technical_domain,政治,普通名詞,抽象物
鉄工,てっこう,tekko,technical_domain,科学・技術,普通名詞,抽象物
転売,てんばい,tenbai,technical_domain,ビジネス,サ変名詞,抽象物
転業,てんぎょう,tengyo,technical_domain,ビジネス,サ変名詞,抽象物
転勤,てんきん,tenkin,technical_domain,ビジネス,サ変名詞,抽象物
店名,てんめい,tenmei,technical_domain,ビジネス,普通名詞,抽象物
転任,てんにん,tennin,technical_domain,ビジネス,サ変名詞,抽象物
天覧,てんらん,tenran,technical_domain,政治,普通名詞,抽象物
転戦,てんせん,tensen,technical_domain,政治,サ変名詞,抽象物
天職,てんしょく,tenshoku,technical_domain,ビジネス,普通名詞,抽象物
転職,てんしょく,tenshoku,technical_domain,ビジネス,サ変名詞,抽象物
撤廃,てっぱい,teppai,technical_domain,ビジネス;政治,サ変名詞,抽象物
撤兵,てっぺい,teppei,technical_domain,政治,サ変名詞,抽象物
賭博,とばく,tobaku,technical_domain,政治,普通名詞,抽象物
討伐,とうばつ,tobatsu,technical_domain,政治,サ変名詞,抽象物
答弁,とうべん,toben,technical_domain,政治,サ変名詞,抽象物
統治,とうち,tochi,technical_domain,政治,サ変名詞,抽象物
登庁,とうちょう,tocho,technical_domain,政治,サ変名詞,抽象物
盗聴,とうちょう,tocho,technical_domain,政治,サ変名詞,抽象物
届出,とどけで,todokede,technical_domain,政治,普通名詞,抽象物
都営,とえい,toei,technical_domain,ビジネス;政治,普通名詞,抽象物
党風,とうふう,tofu,technical_domain,政治,普通名詞,抽象物
党議,とうぎ,togi,technical_domain,政治,普通名詞,抽象物
投獄,とうごく,togoku,technical_domain,政治,サ変名詞,抽象物
統廃合,とうはいごう,tohaigo,technical_domain,ビジネス;政治,サ変名詞,抽象物
投票,とうひょう,tohyo,technical_domain,政治,サ変名詞,抽象物
倒閣,とうかく,tokaku,technical_domain,政治,サ変名詞,抽象物
当確,とうかく,tokaku,technical_domain,政治,普通名詞,抽象物
統監,とうかん,tokan,technical_domain,政治,サ変名詞,抽象物
投機,とうき,toki,technical_domain,ビジネス,普通名詞,抽象物
登記,とうき,toki,technical_domain,ビジネス,サ変名詞,抽象物
特許,とっきょ,tokkyo,technical_domain,科学・技術,普通名詞,抽象物
党綱,とうこう,toko,technical_domain,政治,普通名詞,抽象物
投稿,とうこう,toko,technical_domain,メディア,サ変名詞,抽象物
投降,とうこう,toko,technical_domain,政治,サ変名詞,抽象物
特番,とくばん,tokuban,technical_domain,メディア,普通名詞,抽象物
特注,とくちゅう,tokuchu,technical_domain,ビジネス,サ変名詞,抽象物
特報,とくほう,tokuho,technical_domain,メディア,サ変名詞,抽象物
得票,とくひょう,tokuhyo,technical_domain,政治,サ変名詞,抽象物
特需,とくじゅ,tokuju,technical_domain,政治,普通名詞,抽象物
特務,とくむ,tokumu,technical_domain,政治,普通名詞,抽象物
特赦,とくしゃ,tokusha,technical_domain,政治,サ変名詞,抽象物
督促,とくそく,tokusoku,technical_domain,ビジネス;政治,サ変名詞,抽象物
盗掘,とうくつ,tokutsu,technical_domain,政治,サ変名詞,抽象物
党務,とうむ,tomu,technical_domain,政治,普通名詞,抽象物
党利,とうり,tori,technical_domain,政治,普通名詞,抽象物
取り引き,とりひき,torihiki,technical_domain,ビジネス,サ変名詞,抽象物
取締,とりしまり,torishimari,technical_domain,政治,普通名詞,抽象物
党略,とうりゃく,toryaku,technical_domain,政治,普通名詞,抽象物
倒産,とうさん,tosan,technical_domain,ビジネス,サ変名詞,抽象物
党勢,とうせい,tosei,technical_domain,政治,普通名詞,抽象物
統制,とうせい,tosei,technical_domain,ビジネス;政治,サ変名詞,抽象物
都政,とせい,tosei,technical_domain,政治,普通名詞,抽象物
党籍,とうせき,toseki,technical_domain,政治,普通名詞,抽象物
投資,とうし,toshi,technical_domain,ビジネス,サ変名詞,抽象物
投信,とうしん,toshin,technical_domain,ビジネス,普通名詞,抽象物
答申,とうしん,toshin,technical_domain,政治,サ変名詞,抽象物
闘争,とうそう,toso,technical_domain,政治,サ変名詞,抽象物
党則,とうそく,tosoku,technical_domain,政治,普通名詞,抽象物
登用,とうよう,toyo,technical_domain,ビジネス,サ変名詞,抽象物
都有,とゆう,toyu,technical_domain,政治,普通名詞,抽象物
投融資,とうゆうし,toyushi,technical_domain,ビジネス,サ変名詞,抽象物
党是,とうぜ,toze,technical_domain,政治,普通名詞,抽象物
通電,つうでん,tsuden,technical_domain,科学・技術,サ変名詞,抽象物
通販,つうはん,tsuhan,technical_domain,ビジネス,普通名詞,抽象物
通報,つうほう,tsuho,technical_domain,政治,サ変名詞,抽象物
追徴,ついちょう,tsuicho,technical_domain,政治,サ変名詞,抽象物
追撃,ついげき,tsuigeki,technical_domain,政治,サ変名詞,抽象物
追放,ついほう,tsuiho,technical_domain,政治,サ変名詞,抽象物
追及,ついきゅう,tsuikyu,technical_domain,政治,サ変名詞,抽象物
追認,ついにん,tsuinin,technical_domain,政治,サ変名詞,抽象物
通関,つうかん,tsukan,technical_domain,ビジネス;政治,サ変名詞,抽象物
月極め,つきぎめ,tsukigime,technical_domain,ビジネス,普通名詞,抽象物
通勤,つうきん,tsukin,technical_domain,ビジネス,サ変名詞,抽象物
月割り,つきわり,tsukiwari,technical_domain,ビジネス,普通名詞,抽象物
通商,つうしょう,tsusho,technical_domain,ビジネス,サ変名詞,抽象物
討ち入り,うちいり,uchiiri,technical_domain,政治,サ変名詞,抽象物
請負,うけおい,ukeoi,technical_domain,ビジネス,普通名詞,抽象物
運営,うんえい,unei,technical_domain,ビジネス,サ変名詞,抽象物
売れ行き,うれゆき,ureyuki,technical_domain,ビジネス,普通名詞,抽象物
売出,うりだし,uridashi,technical_domain,ビジネス,サ変名詞,抽象物
売り買い,うりかい,urikai,technical_domain,ビジネス,サ変名詞,抽象物
薄商い,うすあきない,usuakinai,technical_domain,ビジネス,普通名詞,抽象物
和議,わぎ,wagi,technical_domain,政治,普通名詞,抽象物
割引,わりびき,waribiki,technical_domain,ビジネス,サ変名詞,抽象物
割り増し,わりまし,warimashi,technical_domain,ビジネス,サ変名詞,抽象物
野合,やごう,yago,technical_domain,政治,サ変名詞,抽象物
夜勤,やきん,yakin,technical_domain,ビジネス,普通名詞,抽象物
焼き討ち,やきうち,yakiuchi,technical_domain,政治,サ変名詞,抽象物
約款,やっかん,yakkan,technical_domain,ビジネス;政治,普通名詞,抽象物
薬事法,やくじほう,yakujiho,technical_domain,健康・医学;政治,普通名詞,抽象物
役職,やくしょく,yakushoku,technical_domain,ビジネス,普通名詞,抽象物
野戦,やせん,yasen,technical_domain,政治,普通名詞,抽象物
安売り,やすうり,yasuri,technical_domain,ビジネス,サ変名詞,抽象物
夜討ち,ようち,yochi,technical_domain,政治,サ変名詞,抽象物
容疑,ようぎ,yogi,technical_domain,政治,普通名詞,抽象物
予報,よほう,yoho,technical_domain,メディア,サ変名詞,抽象物
横這い,よこばい,yokobai,technical_domain,ビジネス,普通名詞,抽象物
抑留,よくりゅう,yokuryu,technical_domain,政治,サ変名詞,抽象物
翼賛,よくさん,yokusan,technical_domain,政治,サ変名詞,抽象物
読売,よみうり,yomiuri,technical_domain,メディア,普通名詞,抽象物
世直し,よなおし,yonaoshi,technical_domain,政治,サ変名詞,抽象物
擁立,ようりつ,yoritsu,technical_domain,政治,サ変名詞,抽象物
余録,よろく,yoroku,technical_domain,メディア,普通名詞,抽象物
揚力,ようりょく,yoryoku,technical_domain,科学・技術,普通名詞,抽象物
予算,よさん,yosan,technical_domain,ビジネス;政治,普通名詞,抽象物
溶接,ようせつ,yosetsu,technical_domain,科学・技術,サ変名詞,抽象物
予審,よしん,yoshin,technical_domain,政治,普通名詞,抽象物
要職,ようしょく,yoshoku,technical_domain,ビジネス;政治,普通名詞,抽象物
揚水,ようすい,yosui,technical_domain,科学・技術,サ変名詞,抽象物
預託,よたく,yotaku,technical_domain,ビジネス;政治,サ変名詞,抽象物
弱含み,よわふくみ,yowafukumi,technical_domain,ビジネス,普通名詞,抽象物
溶融,ようゆう,yoyu,technical_domain,科学・技術,サ変名詞,抽象物
余罪,よざい,yozai,technical_domain,政治,普通名詞,抽象物
油圧,ゆあつ,yuatsu,technical_domain,科学・技術,普通名詞,抽象物
誘致,ゆうち,yuchi,technical_domain,ビジネス;政治,サ変名詞,抽象物
誘発,ゆうはつ,yuhatsu,technical_domain,健康・医学;政治,サ変名詞,抽象物
有事,ゆうじ,yuji,technical_domain,政治,普通名詞,抽象物
有価,ゆうか,yuka,technical_domain,ビジネス,普通名詞,抽象物
憂国,ゆうこく,yukoku,technical_domain,政治,普通名詞,抽象物
有給,ゆうきゅう,yukyu,technical_domain,ビジネス,普通名詞,抽象物
輸入,ゆにゅう,yunyu,technical_domain,ビジネス,サ変名詞,抽象物
有料,ゆうりょう,yuryo,technical_domain,ビジネス,普通名詞,抽象物
郵政,ゆうせい,yusei,technical_domain,政治,普通名詞,抽象物
融資,ゆうし,yushi,technical_domain,ビジネス,サ変名詞,抽象物
輸出,ゆしゅつ,yushutsu,technical_domain,ビジネス,サ変名詞,抽象物
輸出入,ゆしゅつにゅう,yushutsunyu,technical_domain,ビジネス,サ変名詞,抽象物
優待,ゆうたい,yutai,technical_domain,ビジネス,サ変名詞,抽象物
有罪,ゆうざい,yuzai,technical_domain,政治,普通名詞,抽象物
遊説,ゆうぜい,yuzei,technical_domain,政治,サ変名詞,抽象物
罪,ざい,zai,technical_domain,政治,普通名詞,抽象物
財団,ざいだん,zaidan,technical_domain,ビジネス,普通名詞,抽象物
財源,ざいげん,zaigen,technical_domain,政治,普通名詞,抽象物
在位,ざいい,zaii,technical_domain,政治,サ変名詞,抽象物
罪状,ざいじょう,zaijo,technical_domain,政治,普通名詞,抽象物
財形,ざいけい,zaikei,technical_domain,政治,普通名詞,抽象物
在勤,ざいきん,zaikin,technical_domain,ビジネス,サ変名詞,抽象物
罪名,ざいめい,zaimei,technical_domain,政治,普通名詞,抽象物
在民,ざいみん,zaimin,technical_domain,政治,普通名詞,抽象物
財務,ざいむ,zaimu,technical_domain,ビジネス;政治,普通名詞,抽象物
在任,ざいにん,zainin,technical_domain,ビジネス;政治,サ変名詞,抽象物
財政,ざいせい,zaisei,technical_domain,政治,普通名詞,抽象物
在職,ざいしょく,zaishoku,technical_domain,ビジネス,サ変名詞,抽象物
座屈,ざくつ,zakutsu,technical_domain,科学・技術,普通名詞,抽象物
残業,ざんぎょう,zangyo,technical_domain,ビジネス,サ変名詞,抽象物
残務,ざんむ,zanmu,technical_domain,ビジネス,普通名詞,抽象物
雑損,ざっそん,zasson,technical_domain,ビジネス,普通名詞,抽象物
雑役,ざつえき,zatsueki,technical_domain,ビジネス,普通名詞,抽象物
税法,ぜいほう,zeiho,technical_domain,政治,普通名詞,抽象物
税込み,ぜいこみ,zeikomi,technical_domain,ビジネス,普通名詞,抽象物
税目,ぜいもく,zeimoku,technical_domain,政治,普通名詞,抽象物
税務,ぜいむ,zeimu,technical_domain,ビジネス;政治,普通名詞,抽象物
税制,ぜいせい,zeisei,technical_domain,政治,普通名詞,抽象物
税収,ぜいしゅう,zeishu,technical_domain,政治,普通名詞,抽象物
前文,ぜんぶん,zenbun,technical_domain,政治,普通名詞,抽象物
禅譲,ぜんじょう,zenjo,technical_domain,政治,サ変名詞,抽象物
前科,ぜんか,zenka,technical_domain,政治,普通名詞,抽象物
全権,ぜんけん,zenken,technical_domain,政治,普通名詞,抽象物
前任,ぜんにん,zennin,technical_domain,ビジネス;政治,普通名詞,抽象物
善政,ぜんせい,zensei,technical_domain,政治,普通名詞,抽象物
前職,ぜんしょく,zenshoku,technical_domain,ビジネス,普通名詞,抽象物
是正,ぜせい,zesei,technical_domain,政治,サ変名詞,抽象物
増益,ぞうえき,zoeki,technical_domain,ビジネス,サ変名詞,抽象物
増額,ぞうがく,zogaku,technical_domain,ビジネス,サ変名詞,抽象物
造反,ぞうはん,zohan,technical_domain,政治,サ変名詞,抽象物
造幣,ぞうへい,zohei,technical_domain,政治,普通名詞,抽象物
増員,ぞういん,zoin,technical_domain,ビジネス,サ変名詞,抽象物
続報,ぞくほう,zokuho,technical_domain,メディア,サ変名詞,抽象物
続落,ぞくらく,zokuraku,technical_domain,ビジネス,サ変名詞,抽象物
続伸,ぞくしん,zokushin,technical_domain,ビジネス,サ変名詞,抽象物
増産,ぞうさん,zosan,technical_domain,ビジネス,サ変名詞,抽象物
造船,ぞうせん,zosen,technical_domain,科学・技術,サ変名詞,抽象物
増資,ぞうし,zoshi,technical_domain,ビジネス,サ変名詞,抽象物
増収,ぞうしゅう,zoshu,technical_domain,ビジネス,サ変名詞,抽象物
贈収賄,ぞうしゅうわい,zoshuwai,technical_domain,政治,普通名詞,抽象物
贈賄,ぞうわい,zowai,technical_domain,政治,サ変名詞,抽象物
増税,ぞうぜい,zozei,technical_domain,政治,サ変名詞,抽象物
美的だ,びてきだ,bitekida,teki_adjective,,ナ形容詞,
物的だ,ぶってきだ,buttekida,teki_adjective,,ナ形容詞,
病的だ,びょうてきだ,byotekida,teki_adjective,,ナ形容詞,
知的だ,ちてきだ,chitekida,teki_adjective,,ナ形容詞,
大々的だ,だいだいてきだ,daidaitekida,teki_adjective,,ナ形容詞,
動的だ,どうてきだ,dotekida,teki_adjective,,ナ形容詞,
副次的だ,ふくじてきだ,fukujitekida,teki_adjective,,ナ形容詞,
劇的だ,げきてきだ,gekitekida,teki_adjective,,ナ形容詞,
半永久的だ,はんえいきゅうてきだ,haneikyutekida,teki_adjective,,ナ形容詞,
法的だ,ほうてきだ,hotekida,teki_adjective,,ナ形容詞,
一義的だ,いちぎてきだ,ichigitekida,teki_adjective,,ナ形容詞,
一時的だ,いちじてきだ,ichijitekida,teki_adjective,,ナ形容詞,
一方的だ,いっぽうてきだ,ippotekida,teki_adjective,,ナ形容詞,
画期的だ,かっきてきだ,kakkitekida,teki_adjective,,ナ形容詞,
近視眼的だ,きんしがんてきだ,kinshigantekida,teki_adjective,,ナ形容詞,
公的だ,こうてきだ,kotekida,teki_adjective,,ナ形容詞,
巨視的だ,きょしてきだ,kyoshitekida,teki_adjective,,ナ形容詞,
量的だ,りょうてきだ,ryotekida,teki_adjective,,ナ形容詞,
静的だ,せいてきだ,seitekida,teki_adjective,,ナ形容詞,
私的だ,してきだ,shitekida,teki_adjective,,ナ形容詞,
詩的だ,してきだ,shitekida,teki_adjective,,ナ形容詞,
質的だ,しつてきだ,shitsutekida,teki_adjective,,ナ形容詞,
多目的だ,たもくてきだ,tamokutekida,teki_adjective,,ナ形容詞,
端的だ,たんてきだ,tantekida,teki_adjective,,ナ形容詞,
あっけにとられる,あっけにとられる,akkenitorareru,too_long,14,動詞,
慌てふためく,あわてふためく,awatefutameku,too_long,13,動詞,
びっくり仰天,びっくりぎょうてん,bikkurigyoten,too_long,13,サ変名詞,抽象物
茫然自失,ぼうぜんじしつ,bozenjishitsu,too_long,13,サ変名詞,抽象物
物々交換,ぶつぶつこうかん,butsubutsukokan,too_long,15,サ変名詞,抽象物
ぶっ付け本番,ぶっつけほんばん,buttsukehonban,too_long,14,普通名詞,抽象物
嫡出子,ちゃくしゅつし,chakushutsushi,too_long,14,普通名詞,人
力試し,ちからだめし,chikaradameshi,too_long,14,サ変名詞,抽象物
力任せ,ちからまかせ,chikaramakase,too_long,13,ナ形容詞,
ちんぷんかんぷん,ちんぷんかんぷん,chinpunkanpun,too_long,13,ナ形容詞,
散らし鮨,ちらしずし,chirashizushi,too_long,13,普通名詞,人工物-食べ物
ちらつかせる,ちらつかせる,chiratsukaseru,too_long,14,動詞,
大八車,だいはちぐるま,daihachiguruma,too_long,14,普通名詞,人工物-乗り物
第一人者,だいいちにんしゃ,daiichininsha,too_long,13,普通名詞,人
大黒柱,だいこくばしら,daikokubashira,too_long,14,普通名詞,人工物-その他;抽象物
電信柱,でんしんばしら,denshinbashira,too_long,14,普通名詞,人工物-その他
出た所勝負,でたとこしょうぶ,detatokoshobu,too_long,13,普通名詞,抽象物
どさくさ紛れ,どさくさまぎれ,dosakusamagire,too_long,14,普通名詞,抽象物
どっちつかず,どっちつかず,dotchitsukazu,too_long,13,ナ形容詞,
不幸中の幸い,ふこうちゅうのさいわい,fukochunosaiwai,too_long,15,普通名詞,抽象物
不心得者,ふこころえもの,fukokoroemono,too_long,13,普通名詞,人
玉石混交,ぎょくせきこんこう,gyokusekikonko,too_long,14,普通名詞,抽象物
話し言葉,はなしことば,hanashikotoba,too_long,13,普通名詞,抽象物
八方塞がり,はっぽうふさがり,happofusagari,too_long,13,普通名詞,抽象物
走り幅跳び,はしりはばとび,hashirihabatobi,too_long,15,普通名詞,抽象物
走り高跳び,はしりたかとび,hashiritakatobi,too_long,15,普通名詞,抽象物
働き盛り,はたらきざかり,hatarakizakari,too_long,14,普通名詞,人;時間
早い者勝ち,はやいものがち,hayaimonogachi,too_long,14,普通名詞,抽象物
早手回し,はやてまわし,hayatemawashi,too_long,13,普通名詞,抽象物
辱める,はずかしめる,hazukashimeru,too_long,13,動詞,
独り暮らし,ひとりぐらし,hitorigurashi,too_long,13,サ変名詞,抽象物
人差し指,ひとさしゆび,hitosashiyubi,too_long,13,普通名詞,動物-部位
一粒種,ひとつぶだね,hitotsubudane,too_long,13,普通名詞,人
本末転倒,ほんまつてんとう,honmatsutento,too_long,13,普通名詞,抽象物
掘り出し物,ほりだしもの,horidashimono,too_long,13,普通名詞,人工物-その他
百分率,ひゃくぶんりつ,hyakubunritsu,too_long,13,普通名詞,数量
百人一首,ひゃくにんいっしゅ,hyakuninisshu,too_long,13,普通名詞,抽象物
百発百中,ひゃっぱつひゃくちゅう,hyappatsuhyakuchu,too_long,17,普通名詞,抽象物
一罰百戒,いちばつひゃっかい,ichibatsuhyakkai,too_long,16,普通名詞,抽象物
一事不再理,いちじふさいり,ichijifusairi,too_long,13,普通名詞,抽象物
一時凌ぎ,いちじしのぎ,ichijishinogi,too_long,13,普通名詞,抽象物
一日の長,いちじつのちょう,ichijitsunocho,too_long,14,普通名詞,抽象物
一利一害,いちりいちがい,ichiriichigai,too_long,13,普通名詞,抽象物
一挙手一投足,いっきょしゅいっとうそく,ikkyoshuittosoku,too_long,16,普通名詞,抽象物
命知らず,いのちしらず,inochishirazu,too_long,13,ナ形容詞,
逸失利益,いっしつりえき,isshitsurieki,too_long,13,普通名詞,抽象物
一触即発,いっしょくそくはつ,isshokusokuhatsu,too_long,16,サ変名詞,抽象物
弱肉強食,じゃくにくきょうしょく,jakunikukyoshoku,too_long,16,普通名詞,抽象物
実物大,じつぶつだい,jitsubutsudai,too_long,13,普通名詞,抽象物
十年一日,じゅうねんいちじつ,junenichijitsu,too_long,14,普通名詞,抽象物
改札口,かいさつぐち,kaisatsuguchi,too_long,13,普通名詞,場所-施設部位
各人各様,かくじんかくよう,kakujinkakuyo,too_long,13,普通名詞,抽象物
髪切り虫,かみきりむし,kamikirimushi,too_long,13,普通名詞,動物
かなぐり捨てる,かなぐりすてる,kanagurisuteru,too_long,14,動詞,
貸付金,かしつけきん,kashitsukekin,too_long,13,普通名詞,人工物-金銭
けんか両成敗,けんかりょうせいばい,kenkaryoseibai,too_long,14,普通名詞,抽象物
起承転結,きしょうてんけつ,kishotenketsu,too_long,13,普通名詞,抽象物
気付け薬,きつけぐすり,kitsukegusuri,too_long,13,普通名詞,人工物-その他
心得違い,こころえちがい,kokoroechigai,too_long,13,普通名詞,抽象物
心尽くし,こころづくし,kokorozukushi,too_long,13,普通名詞,抽象物
此れ見よがし,これみよがし,koremiyogashi,too_long,13,ナ形容詞,
事勿れ主義,ことなかれしゅぎ,kotonakareshugi,too_long,15,普通名詞,抽象物
苦し紛れ,くるしまぎれ,kurushimagire,too_long,13,ナ形容詞,
鍬形虫,くわがたむし,kuwagatamushi,too_long,13,普通名詞,動物
悔し紛れ,くやしまぎれ,kuyashimagire,too_long,13,ナ形容詞,
悔し涙,くやしなみだ,kuyashinamida,too_long,13,普通名詞,自然物
待合室,まちあいしつ,machiaishitsu,too_long,13,普通名詞,場所-施設
負けじ魂,まけじだましい,makejidamashii,too_long,14,普通名詞,抽象物
まことしやか,まことしやか,makotoshiyaka,too_long,13,ナ形容詞,
祭りばやし,まつりばやし,matsuribayashi,too_long,14,普通名詞,抽象物
眉唾物,まゆつばもの,mayutsubamono,too_long,13,普通名詞,抽象物
目覚まし時計,めざましどけい,mezamashidokei,too_long,14,普通名詞,人工物-その他
見せびらかせる,みせびらかせる,misebirakaseru,too_long,14,動詞,
土産話,みやげばなし,miyagebanashi,too_long,13,普通名詞,抽象物
持ちつ持たれつ,もちつもたれつ,mochitsumotaretsu,too_long,17,普通名詞,抽象物
物は尽くし,ものはづくし,monohazukushi,too_long,13,普通名詞,抽象物
元のもくあみ,もとのもくあみ,motonomokuami,too_long,13,普通名詞,抽象物
もっともらしい,もっともらしい,mottomorashii,too_long,13,イ形容詞,
昔話,むかしばなし,mukashibanashi,too_long,14,普通名詞,抽象物
昔馴染み,むかしなじみ,mukashinajimi,too_long,13,普通名詞,人
向こう鉢巻き,むこうはちまき,mukohachimaki,too_long,13,サ変名詞,人工物-衣類;抽象物
むしゃぶり付く,むしゃぶりつく,mushaburitsuku,too_long,14,動詞,
無い物強請り,ないものねだり,naimononedari,too_long,13,サ変名詞,抽象物
内証話,ないしょばなし,naishobanashi,too_long,13,普通名詞,抽象物
涙ぐましい,なみだぐましい,namidagumashii,too_long,14,イ形容詞,
南無阿弥陀仏,なむあみだぶつ,namuamidabutsu,too_long,14,普通名詞,抽象物
情け知らず,なさけしらず,nasakeshirazu,too_long,13,ナ形容詞,
縄張り争い,なわばりあらそい,nawabariarasoi,too_long,14,普通名詞,抽象物
ねじり鉢巻き,ねじりはちまき,nejirihachimaki,too_long,15,普通名詞,抽象物
猫可愛がり,ねこかわいがり,nekokawaigari,too_long,13,普通名詞,抽象物
日常茶飯事,にちじょうさはんじ,nichijosahanji,too_long,14,普通名詞,抽象物
握り拳,にぎりこぶし,nigirikobushi,too_long,13,普通名詞,動物-部位
憎まれ口,にくまれぐち,nikumareguchi,too_long,13,普通名詞,抽象物
二人三脚,ににんさんきゃく,nininsankyaku,too_long,13,普通名詞,抽象物
二律背反,にりつはいはん,niritsuhaihan,too_long,13,普通名詞,抽象物
似たり寄ったり,にたりよったり,nitariyottari,too_long,13,ナ形容詞,
傍目八目,おかめはちもく,okamehachimoku,too_long,14,普通名詞,抽象物
御祭り騒ぎ,おまつりさわぎ,omatsurisawagi,too_long,14,サ変名詞,抽象物
思わしくない,おもわしくない,omowashikunai,too_long,13,イ形容詞,
幼友達,おさなともだち,osanatomodachi,too_long,14,普通名詞,人
押し合い圧し合い,おしあいへしあい,oshiaiheshiai,too_long,13,サ変名詞,抽象物
お山の大将,おやまのたいしょう,oyamanotaisho,too_long,13,普通名詞,抽象物
連日連夜,れんじつれんや,renjitsurenya,too_long,13,時相名詞,時間
三本柱,さんぼんばしら,sanbonbashira,too_long,13,普通名詞,抽象物
三色菫,さんしきすみれ,sanshikisumire,too_long,14,普通名詞,植物
ささくれ立つ,ささくれだつ,sasakuredatsu,too_long,13,動詞,
差出人,さしだしにん,sashidashinin,too_long,13,普通名詞,人
尺取り虫,しゃくとりむし,shakutorimushi,too_long,14,普通名詞,動物
七福神,しちふくじん,shichifukujin,too_long,13,普通名詞,人
七味唐辛子,しちみとうがらし,shichimitogarashi,too_long,17,普通名詞,人工物-食べ物
しどろもどろ,しどろもどろ,shidoromodoro,too_long,13,ナ形容詞,
しかつめらしい,しかつめらしい,shikatsumerashii,too_long,16,イ形容詞,
仕切り直し,しきりなおし,shikirinaoshi,too_long,13,普通名詞,抽象物
死に物狂い,しにものぐるい,shinimonogurui,too_long,14,普通名詞,抽象物
心神耗弱,しんしんこうじゃく,shinshinkojaku,too_long,14,普通名詞,抽象物
神出鬼没,しんしゅつきぼつ,shinshutsukibotsu,too_long,17,普通名詞,抽象物
しらばくれる,しらばくれる,shirabakureru,too_long,13,動詞,
虱潰し,しらみつぶし,shiramitsubushi,too_long,15,普通名詞,抽象物
尻切れとんぼ,しりきれとんぼ,shirikiretonbo,too_long,14,普通名詞,抽象物
尻窄まり,しりすぼまり,shirisubomari,too_long,13,ナ形容詞,
素人離れ,しろうとばなれ,shirotobanare,too_long,13,サ変名詞,抽象物
下働き,したばたらき,shitabataraki,too_long,13,普通名詞,抽象物
下拵え,したごしらえ,shitagoshirae,too_long,13,サ変名詞,抽象物
舌舐めずり,したなめずり,shitanamezuri,too_long,13,サ変名詞,抽象物
してやられる,してやられる,shiteyarareru,too_long,13,動詞,
枝葉末節,しようまっせつ,shiyomassetsu,too_long,13,普通名詞,抽象物
職住近接,しょくじゅうきんせつ,shokujukinsetsu,too_long,15,普通名詞,抽象物
正真正銘,しょうしんしょうめい,shoshinshomei,too_long,13,普通名詞,抽象物
祝祭日,しゅくさいじつ,shukusaijitsu,too_long,13,普通名詞,時間
縮刷版,しゅくさつばん,shukusatsuban,too_long,13,普通名詞,人工物-その他
就職口,しゅうしょくぐち,shushokuguchi,too_long,13,普通名詞,抽象物
出生届け,しゅっしょうとどけ,shusshotodoke,too_long,13,普通名詞,抽象物
育ち盛り,そだちざかり,sodachizakari,too_long,13,普通名詞,抽象物
其の日暮らし,そのひぐらし,sonohigurashi,too_long,13,普通名詞,抽象物
姿形,すがたかたち,sugatakatachi,too_long,13,普通名詞,抽象物
立ちはだかる,たちはだかる,tachihadakaru,too_long,13,動詞,
立ち居振る舞い,たちいふるまい,tachiifurumai,too_long,13,普通名詞,抽象物
退屈しのぎ,たいくつしのぎ,taikutsushinogi,too_long,15,普通名詞,抽象物
頼みの綱,たのみのつな,tanominotsuna,too_long,13,普通名詞,抽象物
炭水化物,たんすいかぶつ,tansuikabutsu,too_long,13,普通名詞,自然物
竜の落とし子,たつのおとしご,tatsunotoshigo,too_long,14,普通名詞,動物
亭主関白,ていしゅかんぱく,teishukanpaku,too_long,13,普通名詞,抽象物
手持ちぶさた,てもちぶさた,temochibusata,too_long,13,ナ形容詞,
とのさまばった,とのさまばった,tonosamabatta,too_long,13,普通名詞,動物
殿様蛙,とのさまがえる,tonosamagaeru,too_long,13,普通名詞,動物
取り越し苦労,とりこしぐろう,torikoshiguro,too_long,13,サ変名詞,抽象物
土付かず,つちつかず,tsuchitsukazu,too_long,13,普通名詞,動物-部位;抽象物
使い走り,つかいはしり,tsukaihashiri,too_long,13,サ変名詞,抽象物
月の輪熊,つきのわぐま,tsukinowaguma,too_long,13,普通名詞,動物
作り話,つくりばなし,tsukuribanashi,too_long,14,普通名詞,抽象物
爪先上がり,つまさきあがり,tsumasakiagari,too_long,14,普通名詞,抽象物
罪滅ぼし,つみほろぼし,tsumihoroboshi,too_long,14,サ変名詞,抽象物
積み石塚,つみいしづか,tsumiishizuka,too_long,13,普通名詞,場所-施設
旋毛曲がり,つむじまがり,tsumujimagari,too_long,13,普通名詞,抽象物
つなぎ言葉,つなぎことば,tsunagikotoba,too_long,13,普通名詞,抽象物
釣瓶落とし,つるべおとし,tsurubeotoshi,too_long,13,普通名詞,抽象物
慎ましやか,つつましやか,tsutsumashiyaka,too_long,15,ナ形容詞,
打ち明け話,うちあけばなし,uchiakebanashi,too_long,14,普通名詞,抽象物
うしみつ時,うしみつどき,ushimitsudoki,too_long,13,時相名詞,時間
別れ話,わかればなし,wakarebanashi,too_long,13,普通名詞,抽象物
私事,わたくしごと,watakushigoto,too_long,13,普通名詞,抽象物
翌々日,よくよくじつ,yokuyokujitsu,too_long,13,時相名詞,時間
よもやま話,よもやまばなし,yomoyamabanashi,too_long,15,普通名詞,抽象物
行きつ戻りつ,ゆきつもどりつ,yukitsumodoritsu,too_long,16,サ変名詞,抽象物
夢の又夢,ゆめのまたゆめ,yumenomatayume,too_long,14,普通名詞,抽象物
頭寒足熱,ずかんそくねつ,zukansokunetsu,too_long,14,普通名詞,抽象物
愛,あい,ai,too_short,2,普通名詞,抽象物
藍,あい,ai,too_short,2,普通名詞,植物
暗,あん,an,too_short,2,普通名詞,抽象物
案,あん,an,too_short,2,普通名詞,抽象物
餡,あん,an,too_short,2,普通名詞,人工物-食べ物
青,あお,ao,too_short,2,普通名詞,色
会う,あう,au,too_short,2,動詞,
合う,あう,au,too_short,2,動詞,
場,ば,ba,too_short,2,普通名詞,場所-その他;抽象物
馬,ば,ba,too_short,2,普通名詞,動物
微,び,bi,too_short,2,普通名詞,数量
美,び,bi,too_short,2,普通名詞,抽象物
母,ぼ,bo,too_short,2,普通名詞,人
簿,ぼ,bo,too_short,2,普通名詞,人工物-その他
帽,ぼう,bo,too_short,2,普通名詞,人工物-衣類
某,ぼう,bo,too_short,2,普通名詞,抽象物
棒,ぼう,bo,too_short,2,普通名詞,人工物-その他;形・模様
武,ぶ,bu,too_short,2,普通名詞,抽象物
部,ぶ,bu,too_short,2,普通名詞,組織・団体;数量
打,だ,da,too_short,2,普通名詞,抽象物
度,ど,do,too_short,2,普通名詞,数量
動,どう,do,too_short,2,普通名詞,抽象物
堂,どう,do,too_short,2,普通名詞,場所-施設
胴,どう,do,too_short,2,普通名詞,動物-部位
道,どう,do,too_short,2,普通名詞,組織・団体;場所-施設;場所-その他
銅,どう,do,too_short,2,普通名詞,自然物
柄,え,e,too_short,1,普通名詞,人工物-その他
絵,え,e,too_short,1,普通名詞,人工物-その他;抽象物
泳,えい,ei,too_short,2,普通名詞,抽象物
円,えん,en,too_short,2,普通名詞,人工物-金銭;形・模様
園,えん,en,too_short,2,普通名詞,場所-その他
宴,えん,en,too_short,2,普通名詞,抽象物
炎,えん,en,too_short,2,普通名詞,抽象物
縁,えん,en,too_short,2,普通名詞,抽象物
婦,ふ,fu,too_short,2,普通名詞,人
府,ふ,fu,too_short,2,普通名詞,組織・団体;場所-その他
歩,ふ,fu,too_short,2,普通名詞,人工物-その他
符,ふ,fu,too_short,2,普通名詞,人工物-その他
譜,ふ,fu,too_short,2,普通名詞,抽象物
負,ふ,fu,too_short,2,普通名詞,数量
麩,ふ,fu,too_short,2,普通名詞,人工物-食べ物
封,ふう,fu,too_short,2,普通名詞,抽象物
風,ふう,fu,too_short,2,普通名詞,抽象物
風雨,ふうう,fu,too_short,2,普通名詞,抽象物
画,が,ga,too_short,2,普通名詞,人工物-その他;抽象物
蛾,が,ga,too_short,2,普通名詞,動物
偽,ぎ,gi,too_short,2,普通名詞,抽象物
儀,ぎ,gi,too_short,2,普通名詞,抽象物
義,ぎ,gi,too_short,2,普通名詞,抽象物
議,ぎ,gi,too_short,2,普通名詞,抽象物
碁,ご,go,too_short,2,普通名詞,抽象物
語,ご,go,too_short,2,普通名詞,抽象物
誤,ご,go,too_short,2,普通名詞,抽象物
号,ごう,go,too_short,2,普通名詞,抽象物
合,ごう,go,too_short,2,普通名詞,数量
壕,ごう,go,too_short,2,普通名詞,場所-その他
濠,ごう,go,too_short,2,普通名詞,場所-その他
郷,ごう,go,too_short,2,普通名詞,場所-その他
豪雨,ごうう,go,too_short,2,普通名詞,抽象物
具,ぐ,gu,too_short,2,普通名詞,人工物-その他
愚,ぐ,gu,too_short,2,普通名詞,抽象物
刃,は,ha,too_short,2,普通名詞,人工物-その他
歯,は,ha,too_short,2,普通名詞,動物-部位
波,は,ha,too_short,2,普通名詞,抽象物
派,は,ha,too_short,2,普通名詞,組織・団体
葉,は,ha,too_short,2,普通名詞,植物-部位
屁,へ,he,too_short,2,普通名詞,抽象物
妃,ひ,hi,too_short,2,普通名詞,人
日,ひ,hi,too_short,2,時相名詞,時間
比,ひ,hi,too_short,2,普通名詞,数量
火,ひ,hi,too_short,2,普通名詞,自然物
灯,ひ,hi,too_short,2,普通名詞,人工物-その他
碑,ひ,hi,too_short,2,普通名詞,自然物
秘,ひ,hi,too_short,2,普通名詞,抽象物
非,ひ,hi,too_short,2,普通名詞,抽象物
帆,ほ,ho,too_short,2,普通名詞,人工物-その他
捕,ほ,ho,too_short,2,普通名詞,抽象物
穂,ほ,ho,too_short,2,普通名詞,植物-部位
補,ほ,ho,too_short,2,普通名詞,抽象物
報,ほう,ho,too_short,2,普通名詞,抽象物
法,ほう,ho,too_short,2,普通名詞,抽象物
法王,ほうおう,ho,too_short,2,普通名詞,人
法皇,ほうおう,ho,too_short,2,普通名詞,人
鳳凰,ほうおう,ho,too_short,2,普通名詞,動物
頬,ほお,ho,too_short,2,普通名詞,動物-部位
井,い,i,too_short,1,普通名詞,場所-自然
亥,い,i,too_short,1,普通名詞,場所-機能;時間
位,い,i,too_short,1,普通名詞,抽象物
医,い,i,too_short,1,普通名詞,人
委,い,i,too_short,1,普通名詞,組織・団体
意,い,i,too_short,1,普通名詞,抽象物
異,い,i,too_short,1,普通名詞,抽象物
胃,い,i,too_short,1,普通名詞,動物-部位
家,いえ,ie,too_short,2,普通名詞,組織・団体;場所-施設
印,いん,in,too_short,2,サ変名詞,人工物-その他
員,いん,in,too_short,2,普通名詞,人
因,いん,in,too_short,2,普通名詞,抽象物
院,いん,in,too_short,2,普通名詞,場所-施設
韻,いん,in,too_short,2,普通名詞,抽象物
飲,いん,in,too_short,2,普通名詞,抽象物
硫黄,いおう,io,too_short,2,普通名詞,自然物
言う,いう,iu,too_short,2,動詞,
邪,じゃ,ja,too_short,2,普通名詞,抽象物
事,じ,ji,too_short,2,普通名詞,抽象物
児,じ,ji,too_short,2,普通名詞,人
字,じ,ji,too_short,2,普通名詞,抽象物
持,じ,ji,too_short,2,普通名詞,抽象物
時,じ,ji,too_short,2,時相名詞,時間
痔,じ,ji,too_short,2,普通名詞,抽象物
自,じ,ji,too_short,2,普通名詞,抽象物
路,じ,ji,too_short,2,普通名詞,場所-施設
辞,じ,ji,too_short,2,普通名詞,抽象物
序,じょ,jo,too_short,2,普通名詞,時間
場,じょう,jo,too_short,2,普通名詞,場所-施設
嬢,じょう,jo,too_short,2,普通名詞,人
情,じょう,jo,too_short,2,普通名詞,抽象物
条,じょう,jo,too_short,2,普通名詞,抽象物
状,じょう,jo,too_short,2,普通名詞,抽象物
錠,じょう,jo,too_short,2,普通名詞,人工物-その他
女王,じょおう,jo,too_short,2,普通名詞,人
受,じゅ,ju,too_short,2,普通名詞,抽象物
樹,じゅ,ju,too_short,2,普通名詞,植物
住,じゅう,ju,too_short,2,普通名詞,抽象物
従,じゅう,ju,too_short,2,普通名詞,抽象物
柔,じゅう,ju,too_short,2,普通名詞,抽象物
重,じゅう,ju,too_short,2,普通名詞,数量
銃,じゅう,ju,too_short,2,普通名詞,人工物-その他
佳,か,ka,too_short,2,普通名詞,抽象物
価,か,ka,too_short,2,普通名詞,数量
可,か,ka,too_short,2,普通名詞,抽象物
夏,か,ka,too_short,2,時相名詞,時間
果,か,ka,too_short,2,普通名詞,植物;人工物-その他
歌,か,ka,too_short,2,普通名詞,抽象物
科,か,ka,too_short,2,普通名詞,抽象物
花,か,ka,too_short,2,普通名詞,植物-部位
蚊,か,ka,too_short,2,普通名詞,動物
課,か,ka,too_short,2,普通名詞,組織・団体;場所-その他
過,か,ka,too_short,2,普通名詞,抽象物
毛,け,ke,too_short,2,普通名詞,動物-部位
器,き,ki,too_short,2,普通名詞,人工物-その他
奇,き,ki,too_short,2,普通名詞,抽象物
季,き,ki,too_short,2,普通名詞,時間
旗,き,ki,too_short,2,普通名詞,人工物-その他
期,き,ki,too_short,2,時相名詞,時間
木,き,ki,too_short,2,普通名詞,植物
棋,き,ki,too_short,2,普通名詞,人工物-その他
機,き,ki,too_short,2,普通名詞,人工物-その他
気,き,ki,too_short,2,普通名詞,抽象物
紀,き,ki,too_short,2,普通名詞,抽象物
記,き,ki,too_short,2,普通名詞,抽象物
軌,き,ki,too_short,2,普通名詞,人工物-その他;抽象物
黄,き,ki,too_short,2,普通名詞,色
個,こ,ko,too_short,2,普通名詞,抽象物
子,こ,ko,too_short,2,普通名詞,人
庫,こ,ko,too_short,2,普通名詞,場所-施設
弧,こ,ko,too_short,2,普通名詞,形・模様
湖,こ,ko,too_short,2,普通名詞,場所-自然
候,こう,ko,too_short,2,普通名詞,抽象物
公,こう,ko,too_short,2,普通名詞,抽象物
口,こう,ko,too_short,2,普通名詞,抽象物
坑,こう,ko,too_short,2,普通名詞,人工物-その他
孝,こう,ko,too_short,2,普通名詞,抽象物
工,こう,ko,too_short,2,普通名詞,抽象物
巧,こう,ko,too_short,2,普通名詞,抽象物
幸,こう,ko,too_short,2,普通名詞,抽象物
校,こう,ko,too_short,2,普通名詞,場所-施設
江,こう,ko,too_short,2,普通名詞,場所-自然
港,こう,ko,too_short,2,普通名詞,場所-施設
甲,こう,ko,too_short,2,普通名詞,動物-部位
考,こう,ko,too_short,2,普通名詞,抽象物
行,こう,ko,too_short,2,普通名詞,抽象物
項,こう,ko,too_short,2,普通名詞,人工物-その他
高,こう,ko,too_short,2,普通名詞,抽象物
降雨,こうう,ko,too_short,2,普通名詞,抽象物
好悪,こうお,ko,too_short,2,普通名詞,抽象物
呼応,こおう,ko,too_short,2,サ変名詞,抽象物
区,く,ku,too_short,2,普通名詞,組織・団体;場所-その他
句,く,ku,too_short,2,普通名詞,抽象物
苦,く,ku,too_short,2,普通名詞,抽象物
間,ま,ma,too_short,2,普通名詞,数量
魔,ま,ma,too_short,2,普通名詞,人
目,め,me,too_short,2,普通名詞,動物-部位
芽,め,me,too_short,2,普通名詞,植物-部位
味,み,mi,too_short,2,普通名詞,抽象物
実,み,mi,too_short,2,普通名詞,植物-部位
巳,み,mi,too_short,2,普通名詞,場所-機能;時間
身,み,mi,too_short,2,普通名詞,動物-部位
喪,も,mo,too_short,2,普通名詞,抽象物
藻,も,mo,too_short,2,普通名詞,植物
盲,もう,mo,too_short,2,普通名詞,抽象物
網,もう,mo,too_short,2,普通名詞,人工物-その他
無,む,mu,too_short,2,普通名詞,抽象物
名,な,na,too_short,2,普通名詞,抽象物
菜,な,na,too_short,2,普通名詞,植物;人工物-食べ物
根,ね,ne,too_short,2,普通名詞,植物-部位
荷,に,ni,too_short,2,普通名詞,人工物-その他
野,の,no,too_short,2,普通名詞,場所-自然
能,のう,no,too_short,2,普通名詞,抽象物
脳,のう,no,too_short,2,普通名詞,動物-部位
農,のう,no,too_short,2,普通名詞,抽象物
尾,お,o,too_short,1,普通名詞,動物-部位
緒,お,o,too_short,1,普通名詞,人工物-その他
凹,おう,o,too_short,1,普通名詞,形・模様
王,おう,o,too_short,1,普通名詞,人
甥,おい,oi,too_short,2,普通名詞,人
王位,おうい,oi,too_short,2,普通名詞,抽象物
多い,おおい,oi,too_short,2,イ形容詞,
恩,おん,on,too_short,2,普通名詞,抽象物
蔭,おん,on,too_short,2,普通名詞,抽象物
音,おん,on,too_short,2,普通名詞,抽象物
負う,おう,ou,too_short,2,動詞,
追う,おう,ou,too_short,2,動詞,
覆う,おおう,ou,too_short,2,動詞,
利,り,ri,too_short,2,普通名詞,抽象物
理,り,ri,too_short,2,普通名詞,抽象物
裏,り,ri,too_short,2,普通名詞,場所-機能;抽象物
櫨,ろ,ro,too_short,2,普通名詞,人工物-その他
炉,ろ,ro,too_short,2,普通名詞,人工物-その他
路,ろ,ro,too_short,2,普通名詞,場所-施設
労,ろう,ro,too_short,2,普通名詞,抽象物
楼,ろう,ro,too_short,2,普通名詞,場所-施設
浪,ろう,ro,too_short,2,普通名詞,数量
牢,ろう,ro,too_short,2,普通名詞,人工物-その他
老,ろう,ro,too_short,2,普通名詞,抽象物
聾,ろう,ro,too_short,2,普通名詞,人;抽象物
蝋,ろう,ro,too_short,2,普通名詞,人工物-その他
差,さ,sa,too_short,2,普通名詞,数量
瀬,せ,se,too_short,2,普通名詞,場所-自然
背,せ,se,too_short,2,普通名詞,動物-部位;場所-機能
疎,そ,so,too_short,2,ナ形容詞,
祖,そ,so,too_short,2,普通名詞,人
粗,そ,so,too_short,2,ナ形容詞,
素,そ,so,too_short,2,普通名詞,抽象物
僧,そう,so,too_short,2,普通名詞,人
双,そう,so,too_short,2,普通名詞,数量
壮,そう,so,too_short,2,普通名詞,抽象物
層,そう,so,too_short,2,普通名詞,場所-自然
相,そう,so,too_short,2,普通名詞,抽象物
草,そう,so,too_short,2,普通名詞,植物
荘,そう,so,too_short,2,普通名詞,場所-施設
装,そう,so,too_short,2,普通名詞,抽象物
相応,そうおう,so,too_short,2,サ変名詞,抽象物
相応,そうおう,so,too_short,2,ナ形容詞,
巣,す,su,too_short,2,普通名詞,場所-自然
酢,す,su,too_short,2,普通名詞,人工物-食べ物
数,すう,su,too_short,2,普通名詞,数量
他,た,ta,too_short,2,普通名詞,抽象物
多,た,ta,too_short,2,普通名詞,数量
田,た,ta,too_short,2,普通名詞,場所-その他
手,て,te,too_short,2,普通名詞,動物-部位;抽象物
戸,と,to,too_short,2,普通名詞,場所-施設
斗,と,to,too_short,2,普通名詞,数量
途,と,to,too_short,2,普通名詞,場所-施設
都,と,to,too_short,2,普通名詞,組織・団体;場所-その他
党,とう,to,too_short,2,普通名詞,組織・団体
冬,とう,to,too_short,2,時相名詞,時間
刀,とう,to,too_short,2,普通名詞,人工物-その他
塔,とう,to,too_short,2,普通名詞,場所-施設
島,とう,to,too_short,2,普通名詞,場所-自然
投,とう,to,too_short,2,普通名詞,抽象物
灯,とう,to,too_short,2,普通名詞,人工物-その他
等,とう,to,too_short,2,普通名詞,抽象物
糖,とう,to,too_short,2,普通名詞,人工物-食べ物;自然物
卯,う,u,too_short,1,普通名詞,場所-機能;時間
雨,う,u,too_short,1,普通名詞,抽象物
鵜,う,u,too_short,1,普通名詞,動物
上,うえ,ue,too_short,2,普通名詞,場所-機能
運,うん,un,too_short,2,普通名詞,抽象物
和,わ,wa,too_short,2,普通名詞,抽象物
輪,わ,wa,too_short,2,普通名詞,抽象物;形・模様
や,や,ya,too_short,2,ナ形容詞,
夜,や,ya,too_short,2,普通名詞,時間
屋,や,ya,too_short,2,普通名詞,場所-施設
矢,や,ya,too_short,2,普通名詞,人工物-その他
世,よ,yo,too_short,2,普通名詞,抽象物;時間
余,よ,yo,too_short,2,普通名詞,抽象物
夜,よ,yo,too_short,2,時相名詞,時間
庸,よう,yo,too_short,2,普通名詞,抽象物
洋,よう,yo,too_short,2,普通名詞,場所-自然;抽象物
用,よう,yo,too_short,2,普通名詞,抽象物
油,ゆ,yu,too_short,2,普通名詞,人工物-食べ物;自然物
湯,ゆ,yu,too_short,2,普通名詞,自然物
優,ゆう,yu,too_short,2,普通名詞,抽象物
夕,ゆう,yu,too_short,2,時相名詞,時間
有,ゆう,yu,too_short,2,普通名詞,抽象物
座,ざ,za,too_short,2,普通名詞,抽象物
是,ぜ,ze,too_short,2,普通名詞,抽象物
像,ぞう,zo,too_short,2,普通名詞,抽象物;形・模様
増,ぞう,zo,too_short,2,普通名詞,抽象物
臓,ぞう,zo,too_short,2,普通名詞,動物-部位
象,ぞう,zo,too_short,2,普通名詞,動物
憎悪,ぞうお,zo,too_short,2,サ変名詞,抽象物
図,ず,zu,too_short,2,普通名詞,人工物-その他;抽象物
