word,hiragana,romaji,pos,category,domain,source
肋骨,あばらぼね,abarabone,普通名詞,動物-部位,,juman
あばら家,あばらや,abaraya,普通名詞,場所-施設,,juman
あべこべ,あべこべ,abekobe,ナ形容詞,,,juman
浴びる,あびる,abiru,動詞,,,juman
浴びせる,あびせる,abiseru,動詞,,,juman
虻,あぶ,abu,普通名詞,動物,,juman
あぶく,あぶく,abuku,普通名詞,抽象物,,juman
危なげない,あぶなげない,abunagenai,イ形容詞,,,juman
危ない,あぶない,abunai,イ形容詞,,,juman
危なかしい,あぶなかしい,abunakashii,イ形容詞,,,juman
油,あぶら,abura,普通名詞,自然物,,juman
油揚げ,あぶらあげ,aburaage,普通名詞,人工物-食べ物,料理・食事,juman
脂汗,あぶらあせ,aburaase,普通名詞,自然物,健康・医学,juman
油絵,あぶらえ,aburae,普通名詞,人工物-その他;抽象物,文化・芸術,juman
脂ぎる,あぶらぎる,aburagiru,動詞,,,juman
脂っこい,あぶらっこい,aburakkoi,イ形容詞,,料理・食事,juman
脂身,あぶらみ,aburami,普通名詞,動物-部位;人工物-食べ物,料理・食事,juman
油虫,あぶらむし,aburamushi,普通名詞,動物,,juman
油菜,あぶらな,aburana,普通名詞,植物,料理・食事,juman
油売り,あぶらうり,aburauri,サ変名詞,人,,juman
油蝉,あぶらぜみ,aburazemi,普通名詞,動物,,juman
焙る,あぶる,aburu,動詞,,料理・食事,juman
仇討ち,あだうち,adauchi,サ変名詞,抽象物,,juman
あでやか,あでやか,adeyaka,ナ形容詞,,,juman
あどけない,あどけない,adokenai,イ形容詞,,,juman
喘ぐ,あえぐ,aegu,動詞,,,juman
亜鉛,あえん,aen,普通名詞,自然物,,juman
あえない,あえない,aenai,イ形容詞,,,juman
和える,あえる,aeru,動詞,,料理・食事,juman
溢れる,あふれる,afureru,動詞,,,juman
あがく,あがく,agaku,動詞,,,juman
崇める,あがめる,agameru,動詞,,文化・芸術,juman
上り口,あがりぐち,agariguchi,普通名詞,場所-施設部位,,juman
上がる,あがる,agaru,動詞,,,juman
上がったり,あがったり,agattari,普通名詞,抽象物,,juman
揚げ足,あげあし,ageashi,普通名詞,抽象物,,juman
揚げ羽蝶,あげはちょう,agehacho,普通名詞,動物,,juman
揚げ物,あげもの,agemono,普通名詞,人工物-食べ物,料理・食事,juman
上げ下ろし,あげおろし,ageoroshi,サ変名詞,抽象物,,juman
上げる,あげる,ageru,動詞,,,juman
上げ下げ,あげさげ,agesage,サ変名詞,抽象物,,juman
上げ潮,あげしお,ageshio,普通名詞,抽象物,,juman
顎,あご,ago,普通名詞,動物-部位,,juman
倦む,あぐむ,agumu,動詞,,,juman
あぐら,あぐら,agura,普通名詞,抽象物,,juman
家鴨,あひる,ahiru,普通名詞,動物,料理・食事,juman
相棒,あいぼう,aibo,普通名詞,人,,juman
哀調,あいちょう,aicho,普通名詞,抽象物,文化・芸術,juman
間,あいだ,aida,時相名詞,場所-機能;時間,,juman
愛読,あいどく,aidoku,サ変名詞,抽象物,レクリエーション,juman
合い服,あいふく,aifuku,普通名詞,人工物-衣類,家庭・暮らし,juman
愛玩,あいがん,aigan,サ変名詞,抽象物,レクリエーション,juman
愛育,あいいく,aiiku,サ変名詞,抽象物,家庭・暮らし,juman
愛飲,あいいん,aiin,サ変名詞,抽象物,料理・食事,juman
藍色,あいいろ,aiiro,普通名詞,色,,juman
愛児,あいじ,aiji,普通名詞,人,家庭・暮らし,juman
愛情,あいじょう,aijo,普通名詞,抽象物,,manual
合い鍵,あいかぎ,aikagi,普通名詞,人工物-その他,家庭・暮らし,juman
相方,あいかた,aikata,普通名詞,人,,juman
愛犬,あいけん,aiken,普通名詞,動物,,juman
合気道,あいきどう,aikido,普通名詞,抽象物,スポーツ,juman
愛好,あいこう,aiko,サ変名詞,抽象物,文化・芸術;レクリエーション,juman
合い言葉,あいことば,aikotoba,普通名詞,抽象物,,juman
合い口,あいくち,aikuchi,普通名詞,人工物-その他,,juman
愛くるしい,あいくるしい,aikurushii,イ形容詞,,,juman
合間,あいま,aima,普通名詞,時間,,juman
曖昧,あいまい,aimai,ナ形容詞,,,juman
あいにく,あいにく,ainiku,ナ形容詞,,,juman
相乗り,あいのり,ainori,サ変名詞,抽象物,交通,juman
間の手,あいのて,ainote,普通名詞,抽象物,文化・芸術;レクリエーション,juman
愛らしい,あいらしい,airashii,イ形容詞,,,juman
愛妻,あいさい,aisai,普通名詞,人,家庭・暮らし,juman
挨拶,あいさつ,aisatsu,サ変名詞,抽象物,,manual
愛車,あいしゃ,aisha,普通名詞,人工物-乗り物,交通,juman
愛唱,あいしょう,aisho,サ変名詞,抽象物,文化・芸術;レクリエーション,juman
愛想尽かし,あいそづかし,aisozukashi,普通名詞,抽象物,,juman
相手,あいて,aite,普通名詞,人,,juman
相手方,あいてかた,aitekata,普通名詞,人;場所-機能,,juman
あいつ,あいつ,aitsu,普通名詞,人,,juman
愛蔵,あいぞう,aizo,サ変名詞,抽象物,レクリエーション,juman
合図,あいず,aizu,サ変名詞,抽象物,,manual
鰺,あじ,aji,普通名詞,動物;人工物-食べ物,料理・食事,juman
味見,あじみ,ajimi,サ変名詞,抽象物,料理・食事,juman
紫陽花,あじさい,ajisai,普通名詞,植物,,juman
味付け,あじつけ,ajitsuke,サ変名詞,抽象物,料理・食事,juman
味わう,あじわう,ajiwau,動詞,,料理・食事,juman
赤,あか,aka,普通名詞,色,,juman
赤ちゃん,あかちゃん,akachan,普通名詞,人,家庭・暮らし,juman
赤毛,あかげ,akage,普通名詞,動物-部位,,juman
赤子,あかご,akago,普通名詞,人,家庭・暮らし,juman
赤米,あかごめ,akagome,普通名詞,人工物-食べ物,料理・食事,juman
赤旗,あかはた,akahata,普通名詞,人工物-その他;抽象物,,juman
赤い,あかい,akai,イ形容詞,,,juman
赤色,あかいろ,akairo,普通名詞,色,,juman
赤松,あかまつ,akamatsu,普通名詞,植物,,juman
赤身,あかみ,akami,普通名詞,動物-部位,料理・食事,juman
赤虫,あかむし,akamushi,普通名詞,動物,,juman
赤ん坊,あかんぼう,akanbo,普通名詞,人,家庭・暮らし,juman
茜,あかね,akane,普通名詞,植物,,juman
茜色,あかねいろ,akaneiro,普通名詞,色,,juman
亜寒帯,あかんたい,akantai,普通名詞,場所-その他,,juman
赤ら顔,あからがお,akaragao,普通名詞,動物-部位,,juman
明らむ,あからむ,akaramu,動詞,,,juman
あからさま,あからさま,akarasama,ナ形容詞,,,juman
明かり,あかり,akari,普通名詞,抽象物,,juman
明かり取り,あかりとり,akaritori,普通名詞,場所-施設部位,家庭・暮らし,juman
明るい,あかるい,akarui,イ形容詞,,,juman
赤錆び,あかさび,akasabi,普通名詞,自然物,,juman
証,あかし,akashi,普通名詞,人工物-その他;抽象物,,juman
明かす,あかす,akasu,動詞,,,juman
赤土,あかつち,akatsuchi,普通名詞,自然物,,juman
暁,あかつき,akatsuki,普通名詞,時間,,juman
曙,あけぼの,akebono,普通名詞,時間,,juman
明け方,あけがた,akegata,時相名詞,時間,,juman
明けの明星,あけのみょうじょう,akenomyojo,普通名詞,自然物,,juman
開けっ広げ,あけっぴろげ,akeppiroge,ナ形容詞,,,juman
明ける,あける,akeru,動詞,,,juman
明け透け,あけすけ,akesuke,ナ形容詞,,,juman
秋,あき,aki,時相名詞,時間,,juman
飽き飽き,あきあき,akiaki,サ変名詞,抽象物,,juman
空き箱,あきばこ,akibako,普通名詞,人工物-その他,,juman
秋晴れ,あきばれ,akibare,普通名詞,抽象物,,juman
空き瓶,あきびん,akibin,普通名詞,人工物-その他,,juman
空き地,あきち,akichi,普通名詞,場所-その他,,juman
秋口,あきぐち,akiguchi,時相名詞,時間,,juman
空き缶,あきかん,akikan,普通名詞,人工物-その他,,juman
秋草,あきくさ,akikusa,普通名詞,植物,,juman
秋めく,あきめく,akimeku,動詞,,,juman
商う,あきなう,akinau,動詞,,ビジネス,juman
明らか,あきらか,akiraka,ナ形容詞,,,juman
諦める,あきらめる,akirameru,動詞,,,juman
飽きる,あきる,akiru,動詞,,,juman
空き巣,あきす,akisu,普通名詞,人;抽象物,家庭・暮らし,juman
空き家,あきや,akiya,普通名詞,場所-施設,,juman
悪漢,あっかん,akkan,普通名詞,人,,juman
憧れる,あこがれる,akogareru,動詞,,,juman
灰汁,あく,aku,普通名詞,自然物,料理・食事,juman
あくび,あくび,akubi,普通名詞,抽象物,,juman
悪玉,あくだま,akudama,普通名詞,人;抽象物,健康・医学,juman
悪童,あくどう,akudo,普通名詞,人,家庭・暮らし,juman
あくどい,あくどい,akudoi,イ形容詞,,,juman
悪弊,あくへい,akuhei,普通名詞,人工物-その他,,juman
悪筆,あくひつ,akuhitsu,ナ形容詞,,,juman
悪女,あくじょ,akujo,普通名詞,人,,juman
悪夢,あくむ,akumu,普通名詞,抽象物,,manual
悪人,あくにん,akunin,普通名詞,人,,juman
悪辣,あくらつ,akuratsu,ナ形容詞,,,juman
悪質,あくしつ,akushitsu,ナ形容詞,,,juman
握手,あくしゅ,akushu,サ変名詞,抽象物,,manual
悪党,あくとう,akuto,普通名詞,人,,juman
悪役,あくやく,akuyaku,普通名詞,抽象物,文化・芸術,juman
悪友,あくゆう,akuyu,普通名詞,人,家庭・暮らし,juman
尼,あま,ama,普通名詞,人,文化・芸術,juman
雨垂れ,あまだれ,amadare,普通名詞,自然物,,juman
尼寺,あまでら,amadera,普通名詞,場所-施設,文化・芸術,juman
雨戸,あまど,amado,普通名詞,人工物-その他,家庭・暮らし,juman
甘える,あまえる,amaeru,動詞,,,juman
雨蛙,あまがえる,amagaeru,普通名詞,動物,,juman
雨傘,あまがさ,amagasa,普通名詞,人工物-その他,家庭・暮らし,juman
雨乞い,あまごい,amagoi,サ変名詞,抽象物,家庭・暮らし,juman
雨具,あまぐ,amagu,普通名詞,人工物-衣類,家庭・暮らし,juman
雨雲,あまぐも,amagumo,普通名詞,自然物,,juman
雨靴,あまぐつ,amagutsu,普通名詞,人工物-衣類,家庭・暮らし,juman
甘い,あまい,amai,イ形容詞,,,juman
甘口,あまくち,amakuchi,普通名詞,抽象物,料理・食事,juman
雨水,あまみず,amamizu,普通名詞,自然物,,juman
雨漏り,あまもり,amamori,サ変名詞,抽象物,,juman
天の川,あまのがわ,amanogawa,普通名詞,抽象物,,juman
天邪鬼,あまのじゃく,amanojaku,普通名詞,人,,juman
余り,あまり,amari,普通名詞,人工物-その他,,juman
余せる,あませる,amaseru,動詞,,,juman
余す,あます,amasu,動詞,,,juman
甘党,あまとう,amato,普通名詞,人,料理・食事,juman
甘ったれる,あまったれる,amattareru,動詞,,,juman
甘ったるい,あまったるい,amattarui,イ形容詞,,料理・食事,juman
雨宿り,あまやどり,amayadori,サ変名詞,抽象物,家庭・暮らし,juman
甘やかす,あまやかす,amayakasu,動詞,,,juman
甘酒,あまざけ,amazake,普通名詞,人工物-食べ物,料理・食事,juman
雨晒し,あまざらし,amazarashi,普通名詞,抽象物,,juman
飴,あめ,ame,普通名詞,人工物-食べ物,料理・食事,juman
雨上がり,あめあがり,ameagari,普通名詞,抽象物;時間,,juman
雨降,あめふらし,amefurashi,普通名詞,動物,,juman
飴色,あめいろ,ameiro,普通名詞,色,,juman
雨冠,あめかんむり,amekanmuri,普通名詞,抽象物,教育・学習,juman
あめんぼ,あめんぼ,amenbo,普通名詞,動物,,juman
網,あみ,ami,普通名詞,人工物-その他,,juman
阿弥陀,あみだ,amida,普通名詞,人,文化・芸術,juman
網棚,あみだな,amidana,普通名詞,場所-施設部位,交通,juman
網戸,あみど,amido,普通名詞,人工物-その他,家庭・暮らし,juman
網目,あみめ,amime,普通名詞,人工物-その他;形・模様,,juman
編み物,あみもの,amimono,普通名詞,人工物-その他,レクリエーション;家庭・暮らし,juman
網元,あみもと,amimoto,普通名詞,人,,juman
網の目,あみのめ,aminome,普通名詞,抽象物,,juman
編む,あむ,amu,動詞,,,juman
穴,あな,ana,普通名詞,場所-自然;抽象物,,juman
穴場,あなば,anaba,普通名詞,場所-その他,,juman
侮る,あなどる,anadoru,動詞,,,juman
穴子,あなご,anago,普通名詞,動物;人工物-食べ物,料理・食事,juman
穴熊,あなぐま,anaguma,普通名詞,動物,,juman
穴蔵,あなぐら,anagura,普通名詞,場所-その他,,juman
穴冠,あなかんむり,anakanmuri,普通名詞,抽象物,教育・学習,juman
あなた,あなた,anata,普通名詞,人,,juman
穴埋め,あなうめ,anaume,サ変名詞,抽象物,,juman
鞍馬,あんば,anba,普通名詞,抽象物,スポーツ,juman
あんばい,あんばい,anbai,普通名詞,抽象物,,juman
安直,あんちょく,anchoku,ナ形容詞,,,juman
暗中,あんちゅう,anchu,普通名詞,場所-その他,,juman
安打,あんだ,anda,サ変名詞,抽象物,スポーツ,juman
行灯,あんどん,andon,普通名詞,人工物-その他,,juman
姉,あね,ane,普通名詞,人,家庭・暮らし,juman
亜熱帯,あねったい,anettai,普通名詞,場所-その他,,juman
案外,あんがい,angai,ナ形容詞,,,juman
兄,あに,ani,普通名詞,人,家庭・暮らし,juman
兄貴,あにき,aniki,普通名詞,人,家庭・暮らし,juman
兄嫁,あによめ,aniyome,普通名詞,人,家庭・暮らし,juman
安住,あんじゅう,anju,サ変名詞,抽象物,家庭・暮らし,juman
安価,あんか,anka,ナ形容詞,,,juman
暗鬼,あんき,anki,普通名詞,人;抽象物,,juman
餡子,あんこ,anko,普通名詞,人工物-食べ物,料理・食事,juman
暗黒,あんこく,ankoku,ナ形容詞,,,juman
暗渠,あんきょ,ankyo,普通名詞,場所-施設,,juman
暗幕,あんまく,anmaku,普通名詞,人工物-その他,,juman
あんまり,あんまり,anmari,ナ形容詞,,,juman
安眠,あんみん,anmin,サ変名詞,抽象物,家庭・暮らし,juman
案内,あんない,annai,サ変名詞,抽象物,,manual
安穏,あんのん,annon,ナ形容詞,,,juman
彼の手此の手,あのてこのて,anotekonote,普通名詞,抽象物,,juman
あの世,あのよ,anoyo,普通名詞,場所-その他,文化・芸術,juman
安楽,あんらく,anraku,ナ形容詞,,,juman
あんさん,あんさん,ansan,普通名詞,人,,juman
安静,あんせい,ansei,ナ形容詞,,健康・医学,juman
安心,あんしん,anshin,ナ形容詞,,,juman
暗室,あんしつ,anshitsu,普通名詞,場所-施設,文化・芸術;科学・技術,juman
暗礁,あんしょう,ansho,普通名詞,自然物,,juman
安息,あんそく,ansoku,サ変名詞,抽象物,家庭・暮らし,juman
安息日,あんそくび,ansokubi,普通名詞,時間,,juman
安泰,あんたい,antai,ナ形容詞,,,juman
暗雲,あんうん,anun,普通名詞,自然物,,juman
安産,あんざん,anzan,サ変名詞,抽象物,健康・医学;家庭・暮らし,juman
安山岩,あんざんがん,anzangan,普通名詞,自然物,,juman
安全,あんぜん,anzen,ナ形容詞,,,juman
杏,あんず,anzu,普通名詞,植物;人工物-食べ物,料理・食事,juman
青葉,あおば,aoba,普通名詞,植物-部位,,juman
青大将,あおだいしょう,aodaisho,普通名詞,動物,,juman
仰ぐ,あおぐ,aogu,動詞,,,juman
葵,あおい,aoi,普通名詞,植物,,juman
青色,あおいろ,aoiro,普通名詞,色,,juman
青黴,あおかび,aokabi,普通名詞,植物,,juman
青物,あおもの,aomono,普通名詞,植物;人工物-食べ物,料理・食事,juman
仰向け,あおむけ,aomuke,普通名詞,抽象物,,juman
青虫,あおむし,aomushi,普通名詞,動物,,juman
青菜,あおな,aona,普通名詞,植物,料理・食事,juman
青海苔,あおのり,aonori,普通名詞,植物;人工物-食べ物,料理・食事,juman
煽る,あおる,aoru,動詞,,,juman
青田,あおた,aota,普通名詞,場所-その他,,juman
青空,あおぞら,aozora,普通名詞,抽象物,,manual
あっぱれ,あっぱれ,appare,ナ形容詞,,,juman
粗,あら,ara,普通名詞,人工物-その他;抽象物,,juman
あらがう,あらがう,aragau,動詞,,,juman
荒行,あらぎょう,aragyo,普通名詞,抽象物,文化・芸術,juman
粗い,あらい,arai,イ形容詞,,,juman
洗い場,あらいば,araiba,普通名詞,場所-施設部位,家庭・暮らし,juman
洗い晒し,あらいざらし,araizarashi,普通名詞,抽象物,,juman
粗削り,あらけずり,arakezuri,ナ形容詞,,,juman
荒巻き,あらまき,aramaki,普通名詞,人工物-食べ物,料理・食事,juman
あらまし,あらまし,aramashi,普通名詞,抽象物,,juman
荒物,あらもの,aramono,普通名詞,人工物-その他,家庭・暮らし,juman
粗っぽい,あらっぽい,arappoi,イ形容詞,,,juman
荒らげる,あららげる,ararageru,動詞,,,juman
粗探し,あらさがし,arasagashi,サ変名詞,抽象物,,juman
嵐,あらし,arashi,普通名詞,抽象物,,manual
争う,あらそう,arasou,動詞,,,juman
荒らす,あらす,arasu,動詞,,,juman
粗筋,あらすじ,arasuji,普通名詞,抽象物,文化・芸術,juman
新た,あらた,arata,ナ形容詞,,,juman
改まる,あらたまる,aratamaru,動詞,,,juman
改める,あらためる,aratameru,動詞,,,juman
新手,あらて,arate,普通名詞,人,,juman
洗う,あらう,arau,動詞,,家庭・暮らし,juman
荒海,あらうみ,araumi,普通名詞,場所-その他,,juman
露わ,あらわ,arawa,ナ形容詞,,,juman
現れる,あらわれる,arawareru,動詞,,,juman
現す,あらわす,arawasu,動詞,,,juman
荒れ地,あれち,arechi,普通名詞,場所-その他,,juman
荒れ野,あれの,areno,普通名詞,場所-自然,,juman
荒れる,あれる,areru,動詞,,,juman
蟻,あり,ari,普通名詞,動物,,juman
有り明け,ありあけ,ariake,普通名詞,抽象物;時間,,juman
有り合わせ,ありあわせ,ariawase,普通名詞,抽象物,,juman
有り金,ありがね,arigane,普通名詞,人工物-金銭,,juman
在りか,ありか,arika,普通名詞,場所-その他,,juman
ありきたり,ありきたり,arikitari,ナ形容詞,,,juman
ありのまま,ありのまま,arinomama,ナ形容詞,,,juman
有り様,ありさま,arisama,普通名詞,抽象物,,juman
在りし日,ありしひ,arishihi,時相名詞,時間,,juman
ありつく,ありつく,aritsuku,動詞,,料理・食事;ビジネス,juman
有る,ある,aru,動詞,,,juman
主人,あるじ,aruji,普通名詞,人,家庭・暮らし,juman
歩く,あるく,aruku,動詞,,,juman
麻,あさ,asa,普通名詞,植物,,juman
朝晩,あさばん,asaban,時相名詞,時間,,juman
朝駆け,あさがけ,asagake,サ変名詞,抽象物,,juman
朝顔,あさがお,asagao,普通名詞,植物,,juman
朝方,あさがた,asagata,時相名詞,時間,,juman
朝げ,あさげ,asage,普通名詞,人工物-食べ物,料理・食事,juman
朝霧,あさぎり,asagiri,普通名詞,抽象物,,manual
朝日,あさひ,asahi,普通名詞,自然物,,juman
浅い,あさい,asai,イ形容詞,,,juman
朝市,あさいち,asaichi,普通名詞,場所-その他,家庭・暮らし,juman
浅ましい,あさましい,asamashii,イ形容詞,,,juman
朝飯,あさめし,asameshi,普通名詞,人工物-食べ物,,juman
浅緑,あさみどり,asamidori,普通名詞,色,,juman
朝凪ぎ,あさなぎ,asanagi,普通名詞,抽象物,,juman
朝な夕な,あさなゆうな,asanayuna,時相名詞,時間,,juman
朝起き,あさおき,asaoki,サ変名詞,抽象物,家庭・暮らし,juman
朝っぱら,あさっぱら,asappara,時相名詞,時間,,juman
あさり,あさり,asari,普通名詞,動物;人工物-食べ物,料理・食事,juman
漁る,あさる,asaru,動詞,,,juman
浅瀬,あさせ,asase,普通名詞,場所-自然,,juman
朝露,あさつゆ,asatsuyu,普通名詞,自然物,,juman
明後日,あさって,asatte,時相名詞,時間,,juman
朝焼け,あさやけ,asayake,普通名詞,抽象物,,juman
朝夕,あさゆう,asayu,時相名詞,時間,,juman
汗,あせ,ase,普通名詞,自然物,,juman
汗ばむ,あせばむ,asebamu,動詞,,健康・医学,juman
汗だく,あせだく,asedaku,ナ形容詞,,,juman
汗みどろ,あせみどろ,asemidoro,ナ形容詞,,,juman
汗水,あせみず,asemizu,普通名詞,自然物,健康・医学,juman
汗疹,あせも,asemo,普通名詞,動物,健康・医学,juman
焦る,あせる,aseru,動詞,,,juman
芦,あし,ashi,普通名詞,植物,,juman
足跡,あしあと,ashiato,普通名詞,人工物-その他,,juman
足場,あしば,ashiba,普通名詞,場所-その他,,juman
足早,あしばや,ashibaya,ナ形容詞,,,juman
足踏み,あしぶみ,ashibumi,サ変名詞,抽象物,,juman
足代,あしだい,ashidai,普通名詞,人工物-金銭,,juman
足止め,あしどめ,ashidome,サ変名詞,抽象物,,juman
足取り,あしどり,ashidori,普通名詞,抽象物,,juman
足掛かり,あしがかり,ashigakari,普通名詞,場所-その他,,juman
足型,あしがた,ashigata,普通名詞,人工物-その他,,juman
足固め,あしがため,ashigatame,サ変名詞,抽象物,,juman
悪しい,あしい,ashii,イ形容詞,,,juman
海驢,あしか,ashika,普通名詞,動物,,juman
足枷,あしかせ,ashikase,普通名詞,人工物-その他,,juman
足腰,あしこし,ashikoshi,普通名詞,動物-部位,,juman
足首,あしくび,ashikubi,普通名詞,動物-部位,,juman
足下,あしもと,ashimoto,普通名詞,場所-その他,,juman
足並み,あしなみ,ashinami,普通名詞,抽象物,,juman
足慣らし,あしならし,ashinarashi,サ変名詞,抽象物,,juman
足音,あしおと,ashioto,普通名詞,抽象物,,manual
あしらう,あしらう,ashirau,動詞,,,juman
足先,あしさき,ashisaki,普通名詞,動物-部位,,juman
明日葉,あしたば,ashitaba,普通名詞,植物;人工物-食べ物,料理・食事,juman
足技,あしわざ,ashiwaza,普通名詞,抽象物,スポーツ,juman
遊び場,あそびば,asobiba,普通名詞,場所-その他,レクリエーション,juman
遊び心,あそびごころ,asobigokoro,普通名詞,抽象物,,juman
遊ぶ,あそぶ,asobu,動詞,,レクリエーション,juman
圧勝,あっしょう,assho,サ変名詞,抽象物,スポーツ,juman
明日,あす,asu,時相名詞,時間,,juman
与える,あたえる,ataeru,動詞,,,juman
頭,あたま,atama,普通名詞,動物-部位,,juman
頭ごなし,あたまごなし,atamagonashi,普通名詞,抽象物,,juman
頭越し,あたまごし,atamagoshi,普通名詞,抽象物,,juman
頭金,あたまきん,atamakin,普通名詞,人工物-金銭,家庭・暮らし;ビジネス,juman
頭打ち,あたまうち,atamauchi,普通名詞,抽象物,,juman
新しい,あたらしい,atarashii,イ形容詞,,,juman
辺り,あたり,atari,普通名詞,場所-機能;抽象物,,juman
当たり年,あたりどし,ataridoshi,普通名詞,時間,,juman
当たり前,あたりまえ,atarimae,ナ形容詞,,,juman
当たり障り,あたりさわり,atarisawari,普通名詞,抽象物,,juman
当たり役,あたりやく,atariyaku,普通名詞,抽象物,文化・芸術,juman
当たる,あたる,ataru,動詞,,,juman
暖か,あたたか,atataka,ナ形容詞,,,juman
暖かい,あたたかい,atatakai,イ形容詞,,,juman
あてがう,あてがう,ategau,動詞,,,juman
当て字,あてじ,ateji,普通名詞,抽象物,,juman
当て擦り,あてこすり,atekosuri,普通名詞,抽象物,,juman
宛て名,あてな,atena,普通名詞,抽象物,,juman
充てる,あてる,ateru,動詞,,,juman
宛て先,あてさき,atesaki,普通名詞,場所-その他,,juman
当てずっぽう,あてずっぽう,atezuppo,ナ形容詞,,,juman
後,あと,ato,時相名詞,場所-機能;時間,,juman
後足,あとあし,atoashi,普通名詞,動物-部位,,juman
後々,あとあと,atoato,時相名詞,時間,,juman
跡地,あとち,atochi,普通名詞,場所-その他,,juman
後書き,あとがき,atogaki,普通名詞,抽象物,文化・芸術;メディア,juman
後追い,あとおい,atoi,サ変名詞,抽象物,,juman
跡片付け,あとかたづけ,atokatazuke,サ変名詞,抽象物,,juman
後回し,あとまわし,atomawashi,普通名詞,抽象物,,juman
後戻り,あともどり,atomodori,サ変名詞,抽象物,,juman
後の祭り,あとのまつり,atonomatsuri,普通名詞,抽象物,,juman
後先,あとさき,atosaki,普通名詞,時間,,juman
後押し,あとおし,atoshi,サ変名詞,抽象物,,juman
跡取り,あととり,atotori,普通名詞,人,家庭・暮らし,juman
跡継ぎ,あとつぎ,atotsugi,普通名詞,人,家庭・暮らし,juman
後退り,あとずさり,atozusari,サ変名詞,抽象物,,juman
厚手,あつで,atsude,ナ形容詞,,,juman
厚紙,あつがみ,atsugami,普通名詞,人工物-その他,,juman
厚着,あつぎ,atsugi,サ変名詞,抽象物,家庭・暮らし,juman
厚い,あつい,atsui,イ形容詞,,,juman
厚地,あつじ,atsuji,普通名詞,人工物-その他,,juman
厚かましい,あつかましい,atsukamashii,イ形容詞,,,juman
扱う,あつかう,atsukau,動詞,,,juman
集まる,あつまる,atsumaru,動詞,,,juman
集める,あつめる,atsumeru,動詞,,,juman
誂え向き,あつらえむき,atsuraemuki,ナ形容詞,,,juman
誂える,あつらえる,atsuraeru,動詞,,,juman
あうんの呼吸,あうんのこきゅう,aunnokokyu,普通名詞,抽象物,,juman
泡,あわ,awa,普通名詞,自然物;抽象物,,juman
あわび,あわび,awabi,普通名詞,動物;人工物-食べ物,料理・食事,juman
淡い,あわい,awai,イ形容詞,,,juman
泡盛,あわもり,awamori,普通名詞,人工物-食べ物,料理・食事,juman
哀れ,あわれ,aware,ナ形容詞,,,juman
合わさる,あわさる,awasaru,動詞,,,juman
合わせる,あわせる,awaseru,動詞,,,juman
合わす,あわす,awasu,動詞,,,juman
慌ただしい,あわただしい,awatadashii,イ形容詞,,,juman
慌てる,あわてる,awateru,動詞,,,juman
危ぶむ,あやぶむ,ayabumu,動詞,,,juman
あやふや,あやふや,ayafuya,ナ形容詞,,,juman
あやかる,あやかる,ayakaru,動詞,,,juman
誤る,あやまる,ayamaru,動詞,,,juman
過つ,あやまつ,ayamatsu,動詞,,,juman
菖蒲,あやめ,ayame,普通名詞,植物,,juman
妖しい,あやしい,ayashii,イ形容詞,,,juman
怪しむ,あやしむ,ayashimu,動詞,,,juman
あやす,あやす,ayasu,動詞,,家庭・暮らし,juman
操る,あやつる,ayatsuru,動詞,,,juman
危うい,あやうい,ayaui,イ形容詞,,,juman
鮎,あゆ,ayu,普通名詞,動物;人工物-食べ物,料理・食事,juman
歩む,あゆむ,ayumu,動詞,,,juman
痣,あざ,aza,普通名詞,動物-部位,健康・医学,juman
嘲る,あざける,azakeru,動詞,,,juman
欺く,あざむく,azamuku,動詞,,,juman
あざらし,あざらし,azarashi,普通名詞,動物,,juman
あざ笑う,あざわらう,azawarau,動詞,,,juman
鮮やか,あざやか,azayaka,ナ形容詞,,,juman
畦,あぜ,aze,普通名詞,場所-その他,,juman
校倉,あぜくら,azekura,普通名詞,場所-施設,,juman
畦道,あぜみち,azemichi,普通名詞,場所-施設,,juman
与る,あずかる,azukaru,動詞,,,juman
預ける,あずける,azukeru,動詞,,,juman
小豆,あずき,azuki,普通名詞,植物,料理・食事,juman
婆ちゃん,ばあちゃん,baachan,普通名詞,人,家庭・暮らし,juman
婆さん,ばあさん,baasan,普通名詞,人,家庭・暮らし,juman
場当たり,ばあたり,baatari,普通名詞,抽象物,,juman
馬場,ばば,baba,普通名詞,場所-施設,スポーツ,juman
撥,ばち,bachi,普通名詞,人工物-その他,文化・芸術,juman
場違い,ばちがい,bachigai,ナ形容詞,,,juman
馬具,ばぐ,bagu,普通名詞,人工物-その他,,juman
煤煙,ばいえん,baien,普通名詞,自然物,,juman
梅花,ばいか,baika,普通名詞,植物-部位,,juman
黴菌,ばいきん,baikin,普通名詞,動物,健康・医学,juman
焙煎,ばいせん,baisen,サ変名詞,抽象物,料理・食事,juman
売店,ばいてん,baiten,普通名詞,場所-施設,ビジネス,juman
売薬,ばいやく,baiyaku,普通名詞,人工物-その他,健康・医学,juman
馬上,ばじょう,bajo,普通名詞,場所-その他,,juman
馬術,ばじゅつ,bajutsu,普通名詞,抽象物,スポーツ,juman
化かす,ばかす,bakasu,動詞,,,juman
化け物,ばけもの,bakemono,普通名詞,抽象物,,juman
馬券,ばけん,baken,普通名詞,人工物-金銭,レクリエーション,juman
化けの皮,ばけのかわ,bakenokawa,普通名詞,抽象物,,juman
化ける,ばける,bakeru,動詞,,,juman
罰金,ばっきん,bakkin,普通名詞,人工物-金銭,政治,juman
莫大,ばくだい,bakudai,ナ形容詞,,,juman
幕府,ばくふ,bakufu,普通名詞,組織・団体;場所-施設,政治,juman
麦芽,ばくが,bakuga,普通名詞,人工物-食べ物,料理・食事,juman
幕末,ばくまつ,bakumatsu,普通名詞,時間,,juman
幕僚,ばくりょう,bakuryo,普通名詞,人,政治,juman
爆笑,ばくしょう,bakusho,サ変名詞,抽象物,,manual
麦酒,ばくしゅ,bakushu,普通名詞,人工物-食べ物,料理・食事,juman
場面,ばめん,bamen,普通名詞,抽象物,,manual
晩,ばん,ban,時相名詞,時間,,manual
場慣れ,ばなれ,banare,サ変名詞,抽象物,,juman
番茶,ばんちゃ,bancha,普通名詞,人工物-食べ物,料理・食事,juman
番号,ばんごう,bango,普通名詞,抽象物,,manual
馬肉,ばにく,baniku,普通名詞,動物-部位;人工物-食べ物,料理・食事,juman
板状,ばんじょう,banjo,普通名詞,形・模様,,juman
晩夏,ばんか,banka,時相名詞,時間,,juman
番犬,ばんけん,banken,普通名詞,動物,,juman
晩期,ばんき,banki,時相名詞,時間,,juman
万国,ばんこく,bankoku,普通名詞,場所-その他,,juman
晩婚,ばんこん,bankon,普通名詞,抽象物,家庭・暮らし,juman
盤面,ばんめん,banmen,普通名詞,場所-その他,レクリエーション;スポーツ,juman
晩年,ばんねん,bannen,時相名詞,時間,,juman
万人,ばんにん,bannin,普通名詞,人,,juman
晩餐,ばんさん,bansan,普通名詞,人工物-食べ物,料理・食事,juman
番線,ばんせん,bansen,普通名詞,場所-その他,交通,juman
晩酌,ばんしゃく,banshaku,サ変名詞,抽象物,料理・食事,juman
万象,ばんしょう,bansho,普通名詞,抽象物;形・模様,,juman
晩秋,ばんしゅう,banshu,時相名詞,時間,,juman
晩春,ばんしゅん,banshun,時相名詞,時間,,juman
伴奏,ばんそう,banso,サ変名詞,抽象物,文化・芸術,juman
絆創膏,ばんそうこう,bansoko,普通名詞,人工物-その他,健康・医学;家庭・暮らし,juman
番手,ばんて,bante,普通名詞,人,,juman
晩冬,ばんとう,banto,時相名詞,時間,,juman
万全,ばんぜん,banzen,ナ形容詞,,,juman
番付,ばんづけ,banzuke,普通名詞,抽象物,スポーツ;メディア,juman
薔薇,ばら,bara,普通名詞,植物,,juman
ばらばら,ばらばら,barabara,ナ形容詞,,,juman
薔薇色,ばらいろ,barairo,普通名詞,色,,juman
ばらまく,ばらまく,baramaku,動詞,,,juman
ばらす,ばらす,barasu,動詞,,,juman
ばらつく,ばらつく,baratsuku,動詞,,,juman
ばれいしょ,ばれいしょ,bareisho,普通名詞,植物;人工物-食べ物,料理・食事,juman
ばれる,ばれる,bareru,動詞,,,juman
馬車,ばしゃ,basha,普通名詞,人工物-乗り物,交通,juman
芭蕉,ばしょう,basho,普通名詞,植物,,juman
馬主,ばしゅ,bashu,普通名詞,人,スポーツ,juman
場末,ばすえ,basue,普通名詞,場所-その他,,juman
馬体,ばたい,batai,普通名詞,動物-部位,スポーツ,juman
ばたつく,ばたつく,batatsuku,動詞,,,juman
ばてる,ばてる,bateru,動詞,,,juman
抜群,ばつぐん,batsugun,ナ形容詞,,,juman
飛蝗,ばった,batta,普通名詞,動物,,juman
貝独楽,べいごま,beigoma,普通名詞,人工物-その他,レクリエーション,juman
米軍,べいぐん,beigun,普通名詞,組織・団体,政治,juman
米飯,べいはん,beihan,普通名詞,人工物-食べ物,料理・食事,juman
米人,べいじん,beijin,普通名詞,人,,juman
米寿,べいじゅ,beiju,普通名詞,時間,家庭・暮らし,juman
米貨,べいか,beika,普通名詞,人工物-金銭,,juman
米穀,べいこく,beikoku,普通名詞,人工物-食べ物,料理・食事,juman
米食,べいしょく,beishoku,普通名詞,抽象物,料理・食事,juman
別巻,べっかん,bekkan,普通名詞,人工物-その他,文化・芸術,juman
鼈甲,べっこう,bekko,普通名詞,動物-部位;人工物-その他,,juman
別居,べっきょ,bekkyo,サ変名詞,抽象物,家庭・暮らし,juman
勉学,べんがく,bengaku,サ変名詞,抽象物,教育・学習,juman
弁護人,べんごにん,bengonin,普通名詞,人,政治,juman
紅,べに,beni,普通名詞,色,,juman
紅花,べにばな,benibana,普通名詞,植物,家庭・暮らし;料理・食事,juman
弁じる,べんじる,benjiru,動詞,,,juman
勉強,べんきょう,benkyo,サ変名詞,抽象物,教育・学習,juman
便覧,べんらん,benran,普通名詞,人工物-その他;抽象物,,juman
便利,べんり,benri,ナ形容詞,,,juman
弁士,べんし,benshi,普通名詞,人,文化・芸術;政治,juman
弁償,べんしょう,bensho,サ変名詞,抽象物,家庭・暮らし;ビジネス,juman
弁当,べんとう,bento,普通名詞,人工物-食べ物,料理・食事,juman
遍羅,べら,bera,普通名詞,動物,,juman
べらぼう,べらぼう,berabo,ナ形容詞,,,juman
べろ,べろ,bero,普通名詞,動物-部位,,juman
べそ,べそ,beso,普通名詞,抽象物,,juman
別冊,べっさつ,bessatsu,普通名詞,人工物-その他;抽象物,文化・芸術,juman
別紙,べっし,besshi,普通名詞,人工物-その他,,juman
別室,べっしつ,besshitsu,普通名詞,場所-施設,,juman
別荘,べっそう,besso,普通名詞,場所-施設,,juman
べた褒め,べたほめ,betahome,サ変名詞,抽象物,,juman
べたつく,べたつく,betatsuku,動詞,,,juman
べとつく,べとつく,betotsuku,動詞,,,juman
別,べつ,betsu,ナ形容詞,,,juman
別々,べつべつ,betsubetsu,ナ形容詞,,,juman
別動隊,べつどうたい,betsudotai,普通名詞,組織・団体,政治,juman
別院,べついん,betsuin,普通名詞,場所-施設,文化・芸術,juman
別人,べつじん,betsujin,普通名詞,人,,juman
別物,べつもの,betsumono,普通名詞,人工物-その他;抽象物,,juman
別棟,べつむね,betsumune,普通名詞,場所-施設,,juman
別刷り,べつずり,betsuzuri,サ変名詞,人工物-その他;抽象物,文化・芸術;科学・技術;メディア,juman
びびる,びびる,bibiru,動詞,,,juman
鼻濁音,びだくおん,bidakuon,普通名詞,抽象物,教育・学習,juman
備品,びひん,bihin,普通名詞,人工物-その他,,juman
微弱,びじゃく,bijaku,ナ形容詞,,,juman
美人,びじん,bijin,普通名詞,人,,juman
美女,びじょ,bijo,普通名詞,人,,juman
美術,びじゅつ,bijutsu,普通名詞,抽象物,文化・芸術,juman
美味,びみ,bimi,ナ形容詞,,料理・食事,juman
微妙,びみょう,bimyo,ナ形容詞,,,juman
瓶,びん,bin,普通名詞,人工物-その他,,manual
美男,びなん,binan,普通名詞,人,,juman
敏感,びんかん,binkan,ナ形容詞,,,juman
敏活,びんかつ,binkatsu,ナ形容詞,,,juman
便箋,びんせん,binsen,普通名詞,人工物-その他,家庭・暮らし,juman
敏捷,びんしょう,binsho,ナ形容詞,,,juman
敏速,びんそく,binsoku,ナ形容詞,,,juman
敏腕,びんわん,binwan,ナ形容詞,,,juman
瓶詰め,びんづめ,binzume,サ変名詞,人工物-食べ物,料理・食事,juman
鼻音,びおん,bion,普通名詞,抽象物,教育・学習,juman
びり,びり,biri,普通名詞,抽象物,,juman
微力,びりょく,biryoku,ナ形容詞,,,juman
微細,びさい,bisai,ナ形容詞,,,juman
微小,びしょう,bisho,ナ形容詞,,,juman
美食,びしょく,bishoku,サ変名詞,抽象物,料理・食事,juman
鐚一文,びたいちもん,bitaichimon,普通名詞,人工物-金銭,,juman
びわ,びわ,biwa,普通名詞,植物;人工物-食べ物,料理・食事,juman
美容,びよう,biyo,普通名詞,抽象物,家庭・暮らし,juman
美容院,びよういん,biyoin,普通名詞,場所-施設,家庭・暮らし,juman
尾翼,びよく,biyoku,普通名詞,人工物-その他,,juman
棒立ち,ぼうだち,bodachi,普通名詞,抽象物,,juman
膨大,ぼうだい,bodai,ナ形容詞,,,juman
菩提樹,ぼだいじゅ,bodaiju,普通名詞,植物,,juman
母堂,ぼどう,bodo,普通名詞,人,家庭・暮らし,juman
亡夫,ぼうふ,bofu,普通名詞,人,家庭・暮らし,juman
孑々,ぼうふら,bofura,普通名詞,動物,,juman
防風林,ぼうふうりん,bofurin,普通名詞,場所-その他,,juman
防波堤,ぼうはてい,bohatei,普通名詞,場所-施設,,juman
防壁,ぼうへき,boheki,普通名詞,場所-施設部位,,juman
母音,ぼいん,boin,普通名詞,抽象物,教育・学習,juman
棒状,ぼうじょう,bojo,普通名詞,形・模様,,juman
防火,ぼうか,boka,普通名詞,抽象物,家庭・暮らし,juman
母艦,ぼかん,bokan,普通名詞,人工物-乗り物,政治,juman
暈す,ぼかす,bokasu,動詞,,,juman
母系,ぼけい,bokei,普通名詞,抽象物,家庭・暮らし,juman
冒険,ぼうけん,boken,サ変名詞,抽象物,,manual
惚ける,ぼける,bokeru,動詞,,健康・医学,juman
募金,ぼきん,bokin,サ変名詞,人工物-金銭,,juman
棒切れ,ぼうきれ,bokire,普通名詞,植物-部位;人工物-その他,,juman
牧歌,ぼっか,bokka,普通名詞,抽象物,文化・芸術,juman
母校,ぼこう,boko,普通名詞,場所-その他,教育・学習,juman
亡国,ぼうこく,bokoku,普通名詞,場所-その他,政治,juman
僕,ぼく,boku,普通名詞,人,,juman
牧童,ぼくどう,bokudo,普通名詞,人,,juman
墨画,ぼくが,bokuga,普通名詞,抽象物,文化・芸術,juman
牧場,ぼくじょう,bokujo,普通名詞,場所-その他,,juman
墨汁,ぼくじゅう,bokuju,普通名詞,人工物-その他,文化・芸術,juman
牧師,ぼくし,bokushi,普通名詞,人,文化・芸術,juman
牧草,ぼくそう,bokuso,普通名詞,植物,,juman
木刀,ぼくとう,bokuto,普通名詞,人工物-その他,,juman
盆,ぼん,bon,普通名詞,人工物-その他,文化・芸術;料理・食事,manual
ぼんぼり,ぼんぼり,bonbori,普通名詞,抽象物,文化・芸術,juman
盆地,ぼんち,bonchi,普通名詞,場所-自然,,juman
凡打,ぼんだ,bonda,サ変名詞,抽象物,スポーツ,juman
忘年,ぼうねん,bonen,普通名詞,抽象物,家庭・暮らし;ビジネス,juman
凡人,ぼんじん,bonjin,普通名詞,人,,juman
煩悩,ぼんのう,bonno,普通名詞,抽象物,文化・芸術,juman
盆踊り,ぼんおどり,bonodori,普通名詞,抽象物,文化・芸術;レクリエーション,juman
凡夫,ぼんぷ,bonpu,普通名詞,人,,juman
盆栽,ぼんさい,bonsai,普通名詞,植物,レクリエーション,juman
梵鐘,ぼんしょう,bonsho,普通名詞,人工物-その他,文化・芸術,juman
凡退,ぼんたい,bontai,サ変名詞,抽象物,スポーツ,juman
母乳,ぼにゅう,bonyu,普通名詞,自然物,家庭・暮らし,juman
亡霊,ぼうれい,borei,普通名詞,人,文化・芸術,juman
ぼる,ぼる,boru,動詞,,,juman
防災,ぼうさい,bosai,普通名詞,抽象物,家庭・暮らし,juman
坊さん,ぼうさん,bosan,普通名詞,人,文化・芸術,juman
菩薩,ぼさつ,bosatsu,普通名詞,人,文化・芸術,juman
母性,ぼせい,bosei,普通名詞,抽象物,家庭・暮らし,juman
母船,ぼせん,bosen,普通名詞,人工物-乗り物,交通,juman
帽子,ぼうし,boshi,普通名詞,人工物-衣類,家庭・暮らし,juman
帽章,ぼうしょう,bosho,普通名詞,人工物-その他,家庭・暮らし,juman
芒種,ぼうしゅ,boshu,時相名詞,時間,,juman
母体,ぼたい,botai,普通名詞,動物;抽象物,健康・医学,juman
棒高跳び,ぼうたかとび,botakatobi,普通名詞,抽象物,スポーツ,juman
牡丹餅,ぼたもち,botamochi,普通名詞,人工物-食べ物,料理・食事,juman
牡丹,ぼたん,botan,普通名詞,植物,,juman
坊っちゃん,ぼっちゃん,botchan,普通名詞,人,家庭・暮らし,juman
没後,ぼつご,botsugo,普通名詞,時間,,juman
坊や,ぼうや,boya,普通名詞,人,家庭・暮らし,juman
ぼやかす,ぼやかす,boyakasu,動詞,,,juman
ぼやける,ぼやける,boyakeru,動詞,,,juman
ぼやく,ぼやく,boyaku,動詞,,,juman
棒読み,ぼうよみ,boyomi,サ変名詞,抽象物,,juman
坊主,ぼうず,bozu,普通名詞,人,文化・芸術,juman
部分,ぶぶん,bubun,普通名詞,場所-機能;抽象物;数量,,juman
斑,ぶち,buchi,普通名詞,形・模様,,juman
ぶち上げる,ぶちあげる,buchiageru,動詞,,,juman
ぶち当たる,ぶちあたる,buchiataru,動詞,,,juman
ぶち壊す,ぶちこわす,buchikowasu,動詞,,,juman
ぶちまける,ぶちまける,buchimakeru,動詞,,,juman
部長,ぶちょう,bucho,普通名詞,人,ビジネス,juman
葡萄,ぶどう,budo,普通名詞,植物;人工物-食べ物,料理・食事,juman
舞楽,ぶがく,bugaku,普通名詞,抽象物,文化・芸術,juman
武芸,ぶげい,bugei,普通名詞,抽象物,文化・芸術,juman
武具,ぶぐ,bugu,普通名詞,人工物-その他,,juman
奉行,ぶぎょう,bugyo,普通名詞,人,,juman
部品,ぶひん,buhin,普通名詞,人工物-その他,科学・技術,juman
部位,ぶい,bui,普通名詞,場所-その他,,juman
部員,ぶいん,buin,普通名詞,人,スポーツ;教育・学習,juman
無事,ぶじ,buji,ナ形容詞,,,juman
武術,ぶじゅつ,bujutsu,普通名詞,抽象物,文化・芸術,juman
部下,ぶか,buka,普通名詞,人,ビジネス,juman
部活,ぶかつ,bukatsu,普通名詞,抽象物,教育・学習,juman
武器,ぶき,buki,普通名詞,人工物-その他,政治,juman
仏閣,ぶっかく,bukkaku,普通名詞,場所-施設,文化・芸術,juman
物件,ぶっけん,bukken,普通名詞,人工物-その他;場所-その他,家庭・暮らし;ビジネス,juman
ぶっきらぼう,ぶっきらぼう,bukkirabo,ナ形容詞,,,juman
仏教,ぶっきょう,bukkyo,普通名詞,抽象物,文化・芸術,juman
無骨,ぶこつ,bukotsu,ナ形容詞,,,juman
部局,ぶきょく,bukyoku,普通名詞,組織・団体;場所-その他,ビジネス;政治,juman
山毛欅,ぶな,buna,普通名詞,植物,,juman
無難,ぶなん,bunan,ナ形容詞,,,juman
分母,ぶんぼ,bunbo,普通名詞,抽象物,教育・学習,juman
文房具,ぶんぼうぐ,bunbogu,普通名詞,人工物-その他,家庭・暮らし;教育・学習;ビジネス,juman
文物,ぶんぶつ,bunbutsu,普通名詞,抽象物,文化・芸術,juman
文鎮,ぶんちん,bunchin,普通名詞,人工物-その他,文化・芸術,juman
文鳥,ぶんちょう,buncho,普通名詞,動物,,juman
文中,ぶんちゅう,bunchu,普通名詞,場所-その他,,juman
分団,ぶんだん,bundan,普通名詞,組織・団体,,juman
分度器,ぶんどき,bundoki,普通名詞,人工物-その他,教育・学習,juman
文学,ぶんがく,bungaku,普通名詞,抽象物,文化・芸術;教育・学習,juman
文学部,ぶんがくぶ,bungakubu,普通名詞,組織・団体,教育・学習,juman
文芸,ぶんげい,bungei,普通名詞,抽象物,文化・芸術,juman
文豪,ぶんごう,bungo,普通名詞,人,文化・芸術,juman
文具,ぶんぐ,bungu,普通名詞,人工物-その他,家庭・暮らし;教育・学習;ビジネス,juman
文人,ぶんじん,bunjin,普通名詞,人,文化・芸術,juman
分譲,ぶんじょう,bunjo,サ変名詞,場所-施設;抽象物,ビジネス,juman
文化,ぶんか,bunka,普通名詞,抽象物,文化・芸術,juman
文科系,ぶんかけい,bunkakei,普通名詞,抽象物,教育・学習,juman
分館,ぶんかん,bunkan,普通名詞,場所-施設,,juman
分家,ぶんけ,bunke,サ変名詞,組織・団体;抽象物,家庭・暮らし,juman
文系,ぶんけい,bunkei,普通名詞,抽象物,教育・学習,juman
文庫,ぶんこ,bunko,普通名詞,場所-施設,文化・芸術,juman
文教,ぶんきょう,bunkyo,普通名詞,抽象物,教育・学習,juman
分教場,ぶんきょうじょう,bunkyojo,普通名詞,場所-その他,教育・学習,juman
文民,ぶんみん,bunmin,普通名詞,人,政治,juman
分派,ぶんぱ,bunpa,サ変名詞,組織・団体,,juman
文筆,ぶんぴつ,bunpitsu,普通名詞,抽象物,文化・芸術,juman
文法,ぶんぽう,bunpo,普通名詞,抽象物,教育・学習,juman
文楽,ぶんらく,bunraku,普通名詞,抽象物,文化・芸術,juman
文理,ぶんり,bunri,普通名詞,抽象物,教育・学習,juman
分流,ぶんりゅう,bunryu,サ変名詞,抽象物,教育・学習,juman
文才,ぶんさい,bunsai,普通名詞,抽象物,文化・芸術,juman
文節,ぶんせつ,bunsetsu,普通名詞,抽象物,教育・学習,juman
分社,ぶんしゃ,bunsha,普通名詞,場所-施設,ビジネス,juman
分子,ぶんし,bunshi,普通名詞,自然物,科学・技術,juman
分身,ぶんしん,bunshin,普通名詞,動物,,juman
分室,ぶんしつ,bunshitsu,普通名詞,場所-施設,,juman
分署,ぶんしょ,bunsho,普通名詞,場所-施設,政治,juman
文集,ぶんしゅう,bunshu,普通名詞,人工物-その他;抽象物,文化・芸術,juman
分水嶺,ぶんすいれい,bunsuirei,普通名詞,場所-自然,,juman
分隊,ぶんたい,buntai,普通名詞,組織・団体,政治,juman
文通,ぶんつう,buntsu,サ変名詞,抽象物,レクリエーション,juman
物品,ぶっぴん,buppin,普通名詞,人工物-その他,,juman
ぶら下がる,ぶらさがる,burasagaru,動詞,,,juman
ぶら下げる,ぶらさげる,burasageru,動詞,,,juman
ぶらつく,ぶらつく,buratsuku,動詞,,,juman
無礼,ぶれい,burei,ナ形容詞,,,juman
ぶれる,ぶれる,bureru,動詞,,,juman
鰤,ぶり,buri,普通名詞,動物;人工物-食べ物,料理・食事,juman
ぶり返す,ぶりかえす,burikaesu,動詞,,健康・医学,juman
武士,ぶし,bushi,普通名詞,人,,juman
部室,ぶしつ,bushitsu,普通名詞,場所-施設,スポーツ;教育・学習,juman
不躾け,ぶしつけ,bushitsuke,ナ形容詞,,,juman
武将,ぶしょう,busho,普通名詞,人,,juman
部首,ぶしゅ,bushu,普通名詞,抽象物,教育・学習,juman
物産,ぶっさん,bussan,普通名詞,人工物-その他,家庭・暮らし,juman
仏師,ぶっし,busshi,普通名詞,人,文化・芸術,juman
物質,ぶっしつ,busshitsu,普通名詞,自然物,,juman
物騒,ぶっそう,busso,ナ形容詞,,,juman
無粋,ぶすい,busui,ナ形容詞,,,juman
豚,ぶた,buta,普通名詞,動物,料理・食事,juman
舞台,ぶたい,butai,普通名詞,場所-施設,文化・芸術,juman
豚肉,ぶたにく,butaniku,普通名詞,動物-部位;人工物-食べ物,料理・食事,juman
仏頂面,ぶっちょうづら,butchozura,普通名詞,動物-部位,,juman
舞踏,ぶとう,buto,サ変名詞,抽象物,文化・芸術,juman
ぶつ,ぶつ,butsu,動詞,,,juman
仏陀,ぶつだ,butsuda,普通名詞,人,文化・芸術,juman
仏壇,ぶつだん,butsudan,普通名詞,人工物-その他,文化・芸術;家庭・暮らし,juman
仏具,ぶつぐ,butsugu,普通名詞,人工物-その他,文化・芸術,juman
ぶつかる,ぶつかる,butsukaru,動詞,,,juman
ぶつける,ぶつける,butsukeru,動詞,,,juman
仏間,ぶつま,butsuma,普通名詞,場所-施設,文化・芸術;家庭・暮らし,juman
仏滅,ぶつめつ,butsumetsu,普通名詞,時間,家庭・暮らし,juman
仏門,ぶつもん,butsumon,普通名詞,抽象物,文化・芸術,juman
物理,ぶつり,butsuri,普通名詞,抽象物,教育・学習;科学・技術,juman
仏前,ぶつぜん,butsuzen,普通名詞,場所-その他,文化・芸術,juman
仏像,ぶつぞう,butsuzo,普通名詞,人工物-その他,文化・芸術,juman
仏典,ぶってん,butten,普通名詞,抽象物,文化・芸術,juman
仏塔,ぶっとう,butto,普通名詞,場所-施設,文化・芸術,juman
ぶっ続け,ぶっつづけ,buttsuzuke,普通名詞,抽象物,,juman
蚋,ぶよ,buyo,普通名詞,動物,,juman
部材,ぶざい,buzai,普通名詞,人工物-その他,,juman
不様,ぶざま,buzama,ナ形容詞,,,juman
無勢,ぶぜい,buzei,普通名詞,組織・団体,,juman
部族,ぶぞく,buzoku,普通名詞,組織・団体,,juman
白虎,びゃっこ,byakko,普通名詞,動物,,juman
廟,びょう,byo,普通名詞,場所-施設,文化・芸術;政治,juman
屏風,びょうぶ,byobu,普通名詞,人工物-その他,,juman
平等,びょうどう,byodo,ナ形容詞,,,juman
描画,びょうが,byoga,サ変名詞,抽象物,文化・芸術,juman
描写,びょうしゃ,byosha,サ変名詞,抽象物,文化・芸術,juman
秒針,びょうしん,byoshin,普通名詞,人工物-その他,,juman
秒読み,びょうよみ,byoyomi,普通名詞,時間,,juman
茶,ちゃ,cha,普通名詞,人工物-食べ物,料理・食事,manual
茶柱,ちゃばしら,chabashira,普通名詞,植物-部位;人工物-食べ物,料理・食事,juman
茶畑,ちゃばたけ,chabatake,普通名詞,場所-その他,,juman
ちゃぶ台,ちゃぶだい,chabudai,普通名詞,人工物-その他,料理・食事,juman
茶箪笥,ちゃだんす,chadansu,普通名詞,人工物-その他,家庭・暮らし,juman
茶所,ちゃどころ,chadokoro,普通名詞,場所-機能,,juman
茶釜,ちゃがま,chagama,普通名詞,人工物-その他,料理・食事,juman
茶色,ちゃいろ,chairo,普通名詞,色,,juman
茶会,ちゃかい,chakai,普通名詞,抽象物,文化・芸術,juman
茶褐色,ちゃかっしょく,chakasshoku,普通名詞,色,,juman
茶器,ちゃき,chaki,普通名詞,人工物-その他,料理・食事,juman
茶漉し,ちゃこし,chakoshi,普通名詞,人工物-その他,料理・食事,juman
着帽,ちゃくぼう,chakubo,普通名詞,抽象物,家庭・暮らし,juman
着服,ちゃくふく,chakufuku,サ変名詞,抽象物,家庭・暮らし;政治,juman
着岸,ちゃくがん,chakugan,サ変名詞,抽象物,交通,juman
着衣,ちゃくい,chakui,サ変名詞,人工物-衣類,家庭・暮らし,juman
着実,ちゃくじつ,chakujitsu,ナ形容詞,,,juman
着陸,ちゃくりく,chakuriku,サ変名詞,抽象物,交通,juman
嫡子,ちゃくし,chakushi,普通名詞,人,家庭・暮らし,juman
着用,ちゃくよう,chakuyo,サ変名詞,抽象物,家庭・暮らし,juman
茶目,ちゃめ,chame,ナ形容詞,,,juman
茶目っ気,ちゃめっけ,chamekke,普通名詞,抽象物,,juman
茶店,ちゃみせ,chamise,普通名詞,場所-施設,料理・食事,juman
茶の間,ちゃのま,chanoma,普通名詞,場所-施設,家庭・暮らし,juman
茶の湯,ちゃのゆ,chanoyu,普通名詞,抽象物,文化・芸術;料理・食事,juman
ちゃんぽん,ちゃんぽん,chanpon,サ変名詞,人工物-食べ物;抽象物,料理・食事,juman
茶髪,ちゃぱつ,chapatsu,普通名詞,動物-部位,,juman
茶匙,ちゃさじ,chasaji,普通名詞,人工物-その他,料理・食事,juman
茶室,ちゃしつ,chashitsu,普通名詞,場所-施設,文化・芸術,juman
茶托,ちゃたく,chataku,普通名詞,人工物-その他,料理・食事,juman
茶摘み,ちゃつみ,chatsumi,サ変名詞,抽象物,,juman
茶碗,ちゃわん,chawan,普通名詞,人工物-その他,料理・食事,juman
茶わん蒸し,ちゃわんむし,chawanmushi,普通名詞,人工物-食べ物,料理・食事,juman
茶屋,ちゃや,chaya,普通名詞,組織・団体,料理・食事,juman
茶筒,ちゃづつ,chazutsu,普通名詞,人工物-その他,料理・食事,juman
ちびっ子,ちびっこ,chibikko,普通名詞,人,家庭・暮らし,juman
父,ちち,chichi,普通名詞,人,家庭・暮らし,juman
父方,ちちかた,chichikata,普通名詞,抽象物,家庭・暮らし,juman
父親,ちちおや,chichioya,普通名詞,人,家庭・暮らし,juman
父上,ちちうえ,chichiue,普通名詞,人,家庭・暮らし,juman
地中,ちちゅう,chichu,普通名詞,場所-その他,,juman
千鳥,ちどり,chidori,普通名詞,動物,,juman
知恵,ちえ,chie,普通名詞,抽象物,,manual
違える,ちがえる,chigaeru,動詞,,,juman
違い棚,ちがいだな,chigaidana,普通名詞,場所-施設部位,家庭・暮らし,juman
地学,ちがく,chigaku,普通名詞,抽象物,教育・学習;科学・技術,juman
違う,ちがう,chigau,動詞,,,juman
千木,ちぎ,chigi,普通名詞,場所-施設部位,,juman
地銀,ちぎん,chigin,普通名詞,組織・団体,ビジネス,juman
契る,ちぎる,chigiru,動詞,,,juman
稚児,ちご,chigo,普通名詞,人,家庭・暮らし,juman
千草,ちぐさ,chigusa,普通名詞,植物,,juman
稚魚,ちぎょ,chigyo,普通名詞,動物,料理・食事,juman
地平,ちへい,chihei,普通名詞,場所-自然,,juman
地方,ちほう,chiho,普通名詞,場所-その他,,juman
地表,ちひょう,chihyo,普通名詞,場所-その他,,juman
地表面,ちひょうめん,chihyomen,普通名詞,場所-その他,,juman
地域,ちいき,chiiki,普通名詞,場所-その他,,juman
地衣類,ちいるい,chiirui,普通名詞,植物,,juman
小さい,ちいさい,chiisai,イ形容詞,,,juman
知事,ちじ,chiji,普通名詞,人,政治,juman
縮かまる,ちぢかまる,chijikamaru,動詞,,,juman
縮かめる,ちぢかめる,chijikameru,動詞,,,juman
縮かむ,ちぢかむ,chijikamu,動詞,,,juman
縮こまる,ちぢこまる,chijikomaru,動詞,,,juman
地軸,ちじく,chijiku,普通名詞,場所-その他,,juman
縮まる,ちぢまる,chijimaru,動詞,,,juman
縮める,ちぢめる,chijimeru,動詞,,,juman
縮む,ちぢむ,chijimu,動詞,,,juman
知人,ちじん,chijin,普通名詞,人,,juman
縮れる,ちぢれる,chijireru,動詞,,,juman
地上,ちじょう,chijo,普通名詞,場所-その他,,juman
地下,ちか,chika,普通名詞,場所-施設部位,,juman
近場,ちかば,chikaba,普通名詞,場所-その他,,juman
近頃,ちかごろ,chikagoro,時相名詞,時間,,juman
地階,ちかい,chikai,普通名詞,場所-施設部位,,juman
地下茎,ちかけい,chikakei,普通名詞,植物-部位,,juman
地核,ちかく,chikaku,普通名詞,場所-自然,,juman
近道,ちかみち,chikamichi,サ変名詞,場所-その他,交通,juman
力,ちから,chikara,普通名詞,抽象物,,juman
力瘤,ちからこぶ,chikarakobu,普通名詞,動物-部位,,juman
力負け,ちからまけ,chikaramake,サ変名詞,抽象物,スポーツ,juman
力持ち,ちからもち,chikaramochi,普通名詞,抽象物,,juman
力添え,ちからぞえ,chikarazoe,サ変名詞,抽象物,,juman
力ずく,ちからずく,chikarazuku,普通名詞,抽象物,,juman
近しい,ちかしい,chikashii,イ形容詞,,,juman
地下鉄,ちかてつ,chikatetsu,普通名詞,人工物-乗り物,交通,juman
誓う,ちかう,chikau,動詞,,,juman
地検,ちけん,chiken,普通名詞,組織・団体,政治,juman
知己,ちき,chiki,普通名詞,人,,juman
遅刻,ちこく,chikoku,サ変名詞,抽象物,,manual
地区,ちく,chiku,普通名詞,場所-その他,,juman
蓄電池,ちくでんち,chikudenchi,普通名詞,人工物-その他,科学・技術,juman
築港,ちくこう,chikuko,サ変名詞,抽象物,交通,juman
蓄音機,ちくおんき,chikuonki,普通名詞,人工物-その他,文化・芸術,juman
畜生,ちくしょう,chikusho,普通名詞,人;動物,,juman
竹輪,ちくわ,chikuwa,普通名詞,人工物-食べ物,料理・食事,juman
地球,ちきゅう,chikyu,普通名詞,自然物,,juman
地球儀,ちきゅうぎ,chikyugi,普通名詞,人工物-その他,,juman
粽,ちまき,chimaki,普通名詞,人工物-食べ物,料理・食事,juman
巷,ちまた,chimata,普通名詞,場所-その他,,juman
緻密,ちみつ,chimitsu,ナ形容詞,,,juman
亭,ちん,chin,普通名詞,場所-施設,,juman
因む,ちなむ,chinamu,動詞,,,juman
沈着,ちんちゃく,chinchaku,ナ形容詞,,,juman
ちんどん屋,ちんどんや,chindonya,普通名詞,組織・団体,,juman
賃金,ちんぎん,chingin,普通名詞,人工物-金銭,ビジネス,juman
鎮守,ちんじゅ,chinju,サ変名詞,抽象物,文化・芸術,juman
鎮魂,ちんこん,chinkon,サ変名詞,抽象物,文化・芸術,juman
珍客,ちんきゃく,chinkyaku,普通名詞,人,,juman
珍味,ちんみ,chinmi,普通名詞,人工物-食べ物,料理・食事,juman
珍妙,ちんみょう,chinmyo,ナ形容詞,,,juman
乳飲み子,ちのみご,chinomigo,普通名詞,人,家庭・暮らし,juman
珍品,ちんぴん,chinpin,普通名詞,人工物-その他,,juman
陳腐,ちんぷ,chinpu,ナ形容詞,,,juman
賃貸,ちんたい,chintai,サ変名詞,抽象物,家庭・暮らし;ビジネス,juman
鎮座,ちんざ,chinza,サ変名詞,抽象物,文化・芸術,juman
ちっぽけ,ちっぽけ,chippoke,ナ形容詞,,,juman
散らばる,ちらばる,chirabaru,動詞,,,juman
散らかる,ちらかる,chirakaru,動詞,,,juman
散らかす,ちらかす,chirakasu,動詞,,,juman
散らす,ちらす,chirasu,動詞,,,juman
ちらつける,ちらつける,chiratsukeru,動詞,,,juman
ちらつく,ちらつく,chiratsuku,動詞,,,juman
塵,ちり,chiri,普通名詞,人工物-その他,,juman
鏤める,ちりばめる,chiribameru,動詞,,,juman
塵紙,ちりがみ,chirigami,普通名詞,人工物-その他,家庭・暮らし,juman
縮緬,ちりめん,chirimen,普通名詞,人工物-その他,,juman
散る,ちる,chiru,動詞,,,juman
地裁,ちさい,chisai,普通名詞,組織・団体,政治,juman
地政学,ちせいがく,chiseigaku,普通名詞,抽象物,教育・学習;政治,juman
稚拙,ちせつ,chisetsu,ナ形容詞,,,juman
地層,ちそう,chiso,普通名詞,場所-自然,,juman
窒素,ちっそ,chisso,普通名詞,自然物,,juman
地帯,ちたい,chitai,普通名詞,場所-その他,,juman
地底,ちてい,chitei,普通名詞,場所-自然,,juman
地点,ちてん,chiten,普通名詞,場所-その他,,juman
千代,ちよ,chiyo,普通名詞,時間,,juman
千代紙,ちよがみ,chiyogami,普通名詞,人工物-その他,レクリエーション,juman
地図,ちず,chizu,普通名詞,人工物-その他;抽象物,交通,juman
蝶,ちょう,cho,普通名詞,動物,,juman
帳場,ちょうば,choba,普通名詞,場所-その他,,juman
懲罰,ちょうばつ,chobatsu,サ変名詞,抽象物,教育・学習;ビジネス;政治,juman
帳簿,ちょうぼ,chobo,普通名詞,人工物-金銭,ビジネス,juman
弔文,ちょうぶん,chobun,普通名詞,抽象物,家庭・暮らし,juman
貯蓄,ちょちく,chochiku,サ変名詞,抽象物,家庭・暮らし;ビジネス,juman
提灯,ちょうちん,chochin,普通名詞,人工物-その他,家庭・暮らし,juman
ちょうちょ,ちょうちょ,chocho,普通名詞,動物,,juman
長大,ちょうだい,chodai,ナ形容詞,,,juman
弔電,ちょうでん,choden,普通名詞,人工物-その他;抽象物,家庭・暮らし,juman
調度,ちょうど,chodo,普通名詞,人工物-その他,,juman
長円,ちょうえん,choen,普通名詞,形・模様,,juman
町議,ちょうぎ,chogi,普通名詞,人,政治,juman
長髪,ちょうはつ,chohatsu,普通名詞,動物-部位,,juman
長編,ちょうへん,chohen,普通名詞,抽象物,文化・芸術,juman
重宝,ちょうほう,choho,ナ形容詞,,,juman
長方形,ちょうほうけい,chohokei,普通名詞,形・模様,,juman
張本人,ちょうほんにん,chohonnin,普通名詞,人,,juman
弔慰,ちょうい,choi,サ変名詞,抽象物,家庭・暮らし,juman
長者,ちょうじゃ,choja,普通名詞,人,,juman
弔辞,ちょうじ,choji,普通名詞,抽象物,家庭・暮らし,juman
超人,ちょうじん,chojin,普通名詞,人,,juman
長女,ちょうじょ,chojo,普通名詞,人,家庭・暮らし,juman
鳥獣,ちょうじゅう,choju,普通名詞,動物,,juman
著述,ちょじゅつ,chojutsu,サ変名詞,抽象物,文化・芸術;科学・技術;メディア,juman
長歌,ちょうか,choka,普通名詞,抽象物,文化・芸術,juman
町会,ちょうかい,chokai,普通名詞,組織・団体,政治,juman
朝刊,ちょうかん,chokan,普通名詞,人工物-その他,メディア,juman
鳥瞰図,ちょうかんず,chokanzu,普通名詞,人工物-その他;抽象物,,juman
長兄,ちょうけい,chokei,普通名詞,人,家庭・暮らし,juman
帳消し,ちょうけし,chokeshi,サ変名詞,抽象物,,juman
長期,ちょうき,choki,時相名詞,時間,,juman
貯金,ちょきん,chokin,サ変名詞,人工物-金銭;抽象物,家庭・暮らし,juman
直下,ちょっか,chokka,サ変名詞,場所-機能,,juman
直角,ちょっかく,chokkaku,普通名詞,場所-その他,,juman
直近,ちょっきん,chokkin,普通名詞,場所-機能,,juman
直球,ちょっきゅう,chokkyu,普通名詞,抽象物,スポーツ,juman
聴講,ちょうこう,choko,サ変名詞,抽象物,教育・学習,juman
彫刻,ちょうこく,chokoku,サ変名詞,人工物-その他;抽象物,文化・芸術,juman
直腸,ちょくちょう,chokucho,普通名詞,動物-部位,健康・医学,juman
直後,ちょくご,chokugo,時相名詞,時間,,juman
直方体,ちょくほうたい,chokuhotai,普通名詞,形・模様,,juman
直面,ちょくめん,chokumen,サ変名詞,場所-機能;抽象物,,juman
直音,ちょくおん,chokuon,普通名詞,抽象物,教育・学習,juman
直線,ちょくせん,chokusen,普通名詞,形・模様,,juman
直接,ちょくせつ,chokusetsu,ナ形容詞,,,juman
直進,ちょくしん,chokushin,サ変名詞,抽象物,交通,juman
直訳,ちょくやく,chokuyaku,サ変名詞,抽象物,文化・芸術,juman
直前,ちょくぜん,chokuzen,時相名詞,時間,,juman
長命,ちょうめい,chomei,ナ形容詞,,健康・医学;家庭・暮らし,juman
帳面,ちょうめん,chomen,普通名詞,人工物-金銭,,juman
町民,ちょうみん,chomin,普通名詞,人,政治,juman
調味料,ちょうみりょう,chomiryo,普通名詞,人工物-食べ物,料理・食事,juman
弔問,ちょうもん,chomon,サ変名詞,抽象物,家庭・暮らし,juman
長音,ちょうおん,chon,普通名詞,抽象物,教育・学習,juman
町内会,ちょうないかい,chonaikai,普通名詞,組織・団体,家庭・暮らし;政治,juman
長男,ちょうなん,chonan,普通名詞,人,家庭・暮らし,juman
ちょん切れる,ちょんぎれる,chongireru,動詞,,,juman
ちょん切る,ちょんぎる,chongiru,動詞,,,juman
町人,ちょうにん,chonin,普通名詞,人,政治,juman
丁髷,ちょんまげ,chonmage,普通名詞,動物-部位,,juman
朝礼,ちょうれい,chorei,普通名詞,抽象物,教育・学習;ビジネス,juman
調理,ちょうり,chori,サ変名詞,抽象物,料理・食事,juman
調理場,ちょうりば,choriba,普通名詞,場所-施設,料理・食事,juman
町立,ちょうりつ,choritsu,普通名詞,抽象物,教育・学習;ビジネス;政治,juman
長老,ちょうろう,choro,普通名詞,人,,juman
鳥類,ちょうるい,chorui,普通名詞,動物,,juman
著作,ちょさく,chosaku,サ変名詞,抽象物,文化・芸術;メディア,juman
長石,ちょうせき,choseki,普通名詞,自然物,,juman
挑戦,ちょうせん,chosen,サ変名詞,抽象物,,manual
庁舎,ちょうしゃ,chosha,普通名詞,場所-施設,政治,juman
調子,ちょうし,choshi,普通名詞,抽象物,,manual
長針,ちょうしん,choshin,普通名詞,人工物-その他,,juman
聴診器,ちょうしんき,choshinki,普通名詞,人工物-その他,健康・医学,juman
著書,ちょしょ,chosho,普通名詞,人工物-その他;抽象物,文化・芸術;メディア,juman
朝食,ちょうしょく,choshoku,普通名詞,人工物-食べ物,料理・食事,juman
聴衆,ちょうしゅう,choshu,普通名詞,人,文化・芸術;メディア,juman
町村,ちょうそん,choson,普通名詞,場所-その他,政治,juman
貯水槽,ちょすいそう,chosuiso,普通名詞,場所-施設,家庭・暮らし,juman
朝廷,ちょうてい,chotei,普通名詞,場所-その他,政治,juman
頂点,ちょうてん,choten,普通名詞,場所-その他,,juman
蝶番い,ちょうつがい,chotsugai,普通名詞,人工物-その他,,juman
釣友,ちょうゆう,choyu,普通名詞,人,レクリエーション,juman
彫像,ちょうぞう,chozo,普通名詞,抽象物,文化・芸術,juman
虫媒花,ちゅうばいか,chubaika,普通名詞,植物,,juman
中盤,ちゅうばん,chuban,普通名詞,抽象物,スポーツ,juman
中火,ちゅうび,chubi,普通名詞,自然物,料理・食事,juman
厨房,ちゅうぼう,chubo,普通名詞,場所-施設,料理・食事,juman
中ぶらりん,ちゅうぶらりん,chuburarin,ナ形容詞,,,juman
中朝,ちゅうちょう,chucho,普通名詞,組織・団体,,juman
中段,ちゅうだん,chudan,普通名詞,場所-機能,,juman
中腹,ちゅうふく,chufuku,普通名詞,場所-自然,,juman
宙返り,ちゅうがえり,chugaeri,サ変名詞,抽象物,,juman
中学校,ちゅうがっこう,chugakko,普通名詞,場所-施設,教育・学習,juman
中学,ちゅうがく,chugaku,普通名詞,組織・団体;場所-施設,教育・学習,juman
中学生,ちゅうがくせい,chugakusei,普通名詞,人,教育・学習,juman
中形,ちゅうがた,chugata,ナ形容詞,,,juman
中元,ちゅうげん,chugen,普通名詞,人工物-その他,家庭・暮らし;ビジネス,juman
忠義,ちゅうぎ,chugi,ナ形容詞,,,juman
中尉,ちゅうい,chui,普通名詞,人,政治,juman
注意書き,ちゅういがき,chuigaki,普通名詞,人工物-その他,,juman
中軸,ちゅうじく,chujiku,普通名詞,人工物-その他;抽象物,,juman
忠実,ちゅうじつ,chujitsu,ナ形容詞,,,juman
中将,ちゅうじょう,chujo,普通名詞,人,政治,juman
中旬,ちゅうじゅん,chujun,時相名詞,時間,,juman
中華,ちゅうか,chuka,普通名詞,組織・団体;人工物-食べ物,料理・食事,juman
中間,ちゅうかん,chukan,普通名詞,場所-機能;抽象物,,juman
中堅,ちゅうけん,chuken,普通名詞,人,ビジネス,juman
中期,ちゅうき,chuki,時相名詞,時間,,juman
駐機場,ちゅうきじょう,chukijo,普通名詞,場所-その他,交通,juman
中高,ちゅうこう,chuko,普通名詞,抽象物,教育・学習,juman
中高年,ちゅうこうねん,chukonen,普通名詞,人,,juman
中空,ちゅうくう,chuku,普通名詞,場所-自然,,juman
注文,ちゅうもん,chumon,サ変名詞,抽象物,料理・食事;ビジネス,juman
中年,ちゅうねん,chunen,普通名詞,人;時間,,juman
中二階,ちゅうにかい,chunikai,普通名詞,場所-施設部位,,juman
中央,ちゅうおう,chuo,普通名詞,場所-機能,,juman
駐輪場,ちゅうりんじょう,churinjo,普通名詞,場所-その他,交通,juman
中佐,ちゅうさ,chusa,普通名詞,人,政治,juman
中世,ちゅうせい,chusei,時相名詞,時間,,juman
中生代,ちゅうせいだい,chuseidai,普通名詞,時間,科学・技術,juman
中性子,ちゅうせいし,chuseishi,普通名詞,自然物,科学・技術,juman
駐車,ちゅうしゃ,chusha,サ変名詞,抽象物,交通,juman
中心,ちゅうしん,chushin,普通名詞,場所-機能,,juman
昼食,ちゅうしょく,chushoku,普通名詞,人工物-食べ物,料理・食事,juman
仲秋,ちゅうしゅう,chushu,時相名詞,時間,,juman
中卒,ちゅうそつ,chusotsu,普通名詞,抽象物,教育・学習,juman
中隊,ちゅうたい,chutai,普通名詞,組織・団体,政治,juman
中天,ちゅうてん,chuten,普通名詞,場所-自然,,juman
中途,ちゅうと,chuto,普通名詞,場所-その他;時間,ビジネス,juman
中和,ちゅうわ,chuwa,サ変名詞,抽象物,教育・学習;科学・技術,juman
中葉,ちゅうよう,chuyo,時相名詞,動物-部位;時間,,juman
駐在,ちゅうざい,chuzai,サ変名詞,人;抽象物,政治,juman
宙吊り,ちゅうづり,chuzuri,普通名詞,抽象物,,juman
だぶつく,だぶつく,dabutsuku,動詞,,,juman
駄賃,だちん,dachin,普通名詞,人工物-金銭,家庭・暮らし,juman
駝鳥,だちょう,dacho,普通名詞,動物,,juman
駄々っ子,だだっこ,dadakko,普通名詞,人,家庭・暮らし,juman
だだっ広い,だだっぴろい,dadappiroi,イ形容詞,,,juman
楕円,だえん,daen,普通名詞,形・模様,,juman
打楽器,だがっき,dagakki,普通名詞,人工物-その他,文化・芸術,juman
駄菓子,だがし,dagashi,普通名詞,人工物-食べ物,料理・食事,juman
打撃,だげき,dageki,普通名詞,抽象物,スポーツ,juman
打法,だほう,daho,普通名詞,抽象物,スポーツ,juman
台,だい,dai,普通名詞,人工物-その他,,manual
台秤,だいばかり,daibakari,普通名詞,人工物-その他,,juman
大仏,だいぶつ,daibutsu,普通名詞,抽象物,文化・芸術,juman
台地,だいち,daichi,普通名詞,場所-その他,,juman
台長,だいちょう,daicho,普通名詞,人,,juman
代打,だいだ,daida,サ変名詞,抽象物,スポーツ,juman
橙,だいだい,daidai,普通名詞,植物;人工物-食べ物,,juman
橙色,だいだいいろ,daidaiiro,普通名詞,人工物-衣類,,juman
大道芸,だいどうげい,daidogei,普通名詞,抽象物,文化・芸術,juman
台所,だいどころ,daidokoro,普通名詞,場所-施設,料理・食事,juman
大学校,だいがっこう,daigakko,普通名詞,組織・団体;場所-施設,教育・学習,juman
大学,だいがく,daigaku,普通名詞,場所-施設,教育・学習,juman
大学院,だいがくいん,daigakuin,普通名詞,場所-施設,教育・学習;科学・技術,juman
大学生,だいがくせい,daigakusei,普通名詞,人,教育・学習,juman
代議員,だいぎいん,daigiin,普通名詞,人,政治,juman
代議士,だいぎし,daigishi,普通名詞,人,政治,juman
台本,だいほん,daihon,普通名詞,抽象物,文化・芸術,juman
大本営,だいほんえい,daihonei,普通名詞,組織・団体,政治,juman
代表,だいひょう,daihyo,サ変名詞,人;抽象物,,juman
大事,だいじ,daiji,ナ形容詞,,,juman
大臣,だいじん,daijin,普通名詞,人,政治,juman
太政官,だいじょうかん,daijokan,普通名詞,場所-施設,政治,juman
大寒,だいかん,daikan,時相名詞,時間,,juman
台形,だいけい,daikei,普通名詞,形・模様,,juman
代金,だいきん,daikin,普通名詞,人工物-金銭,ビジネス,juman
大嫌い,だいきらい,daikirai,ナ形容詞,,,juman
大根,だいこん,daikon,普通名詞,植物;人工物-食べ物,料理・食事,juman
大工,だいく,daiku,普通名詞,人,,juman
代休,だいきゅう,daikyu,普通名詞,抽象物,教育・学習;ビジネス,juman
代名詞,だいめいし,daimeishi,普通名詞,抽象物,教育・学習,juman
題目,だいもく,daimoku,普通名詞,抽象物,文化・芸術;科学・技術,juman
大名,だいみょう,daimyo,普通名詞,人,,juman
大納言,だいなごん,dainagon,普通名詞,人,料理・食事,juman
台無し,だいなし,dainashi,ナ形容詞,,,juman
大脳,だいのう,daino,普通名詞,動物-部位,健康・医学,juman
大王,だいおう,daio,普通名詞,人,,juman
内裏,だいり,dairi,普通名詞,場所-施設,政治,juman
代理人,だいりにん,dairinin,普通名詞,人,,juman
大理石,だいりせき,dairiseki,普通名詞,自然物,,juman
第三国,だいさんごく,daisangoku,普通名詞,場所-その他,政治,juman
第三者,だいさんしゃ,daisansha,普通名詞,人,,juman
第三党,だいさんとう,daisanto,普通名詞,組織・団体,政治,juman
台車,だいしゃ,daisha,普通名詞,人工物-その他,,juman
台紙,だいし,daishi,普通名詞,人工物-その他,,juman
大審院,だいしんいん,daishinin,普通名詞,組織・団体;場所-施設,政治,juman
代走,だいそう,daiso,サ変名詞,抽象物,スポーツ,juman
大卒,だいそつ,daisotsu,普通名詞,抽象物,教育・学習;ビジネス,juman
代数,だいすう,daisu,普通名詞,抽象物,教育・学習,juman
大好き,だいすき,daisuki,ナ形容詞,,,juman
大隊,だいたい,daitai,普通名詞,組織・団体,政治,juman
大腿部,だいたいぶ,daitaibu,普通名詞,動物-部位,健康・医学,juman
大腿骨,だいたいこつ,daitaikotsu,普通名詞,動物-部位,健康・医学,juman
大胆,だいたん,daitan,ナ形容詞,,,juman
大統領,だいとうりょう,daitoryo,普通名詞,人,政治,juman
代役,だいやく,daiyaku,普通名詞,抽象物,文化・芸術,juman
台座,だいざ,daiza,普通名詞,人工物-その他,,juman
大豆,だいず,daizu,普通名詞,植物;人工物-食べ物,料理・食事,juman
打順,だじゅん,dajun,普通名詞,抽象物,スポーツ,juman
抱き合わせ,だきあわせ,dakiawase,普通名詞,抽象物,,juman
抱っこ,だっこ,dakko,サ変名詞,抽象物,家庭・暮らし,juman
抱く,だく,daku,動詞,,,juman
濁音,だくおん,dakuon,普通名詞,抽象物,教育・学習,juman
濁流,だくりゅう,dakuryu,普通名詞,自然物,,juman
濁点,だくてん,dakuten,普通名詞,抽象物,教育・学習,juman
打球,だきゅう,dakyu,普通名詞,抽象物,スポーツ,juman
黙りこくる,だまりこくる,damarikokuru,動詞,,,juman
黙る,だまる,damaru,動詞,,,juman
駄目,だめ,dame,ナ形容詞,,,juman
惰眠,だみん,damin,普通名詞,抽象物,家庭・暮らし,juman
段,だん,dan,普通名詞,場所-機能;数量,,manual
暖房,だんぼう,danbo,サ変名詞,人工物-その他,家庭・暮らし,juman
団地,だんち,danchi,普通名詞,場所-施設,家庭・暮らし,juman
段違い,だんちがい,danchigai,ナ形容詞,,,juman
団長,だんちょう,dancho,普通名詞,人,,juman
段々畑,だんだんばたけ,dandanbatake,普通名詞,場所-その他,,juman
段取り,だんどり,dandori,普通名詞,抽象物,,juman
断崖,だんがい,dangai,普通名詞,場所-自然,,juman
弾丸,だんがん,dangan,普通名詞,人工物-その他,政治,juman
団子,だんご,dango,普通名詞,人工物-食べ物,料理・食事,juman
壁蝨,だに,dani,普通名詞,動物,,juman
団員,だんいん,danin,普通名詞,人,,juman
男児,だんじ,danji,普通名詞,人,,juman
断食,だんじき,danjiki,サ変名詞,抽象物,料理・食事,juman
男女,だんじょ,danjo,普通名詞,人,,juman
団塊,だんかい,dankai,普通名詞,人工物-その他,,juman
断交,だんこう,danko,サ変名詞,抽象物,家庭・暮らし;政治,juman
弾痕,だんこん,dankon,普通名詞,人工物-その他,,juman
段丘,だんきゅう,dankyu,普通名詞,場所-自然,,juman
だんまり,だんまり,danmari,普通名詞,抽象物,,juman
断面,だんめん,danmen,普通名詞,場所-その他,,juman
旦那,だんな,danna,普通名詞,人,家庭・暮らし,juman
旦那衆,だんなしゅう,dannashu,普通名詞,組織・団体,,juman
断髪,だんぱつ,danpatsu,サ変名詞,抽象物,スポーツ,juman
段落,だんらく,danraku,普通名詞,場所-その他,,juman
団欒,だんらん,danran,サ変名詞,抽象物,家庭・暮らし,juman
暖炉,だんろ,danro,普通名詞,人工物-その他,家庭・暮らし,juman
男性,だんせい,dansei,普通名詞,人,,juman
男爵,だんしゃく,danshaku,普通名詞,人,政治,juman
男子,だんし,danshi,普通名詞,人,,juman
暖色,だんしょく,danshoku,普通名詞,色,,juman
断酒,だんしゅ,danshu,サ変名詞,抽象物,料理・食事,juman
弾倉,だんそう,danso,普通名詞,人工物-その他,,juman
断水,だんすい,dansui,サ変名詞,抽象物,家庭・暮らし,juman
団体,だんたい,dantai,普通名詞,組織・団体,,juman
弾頭,だんとう,danto,普通名詞,人工物-その他,政治,juman
弾薬,だんやく,danyaku,普通名詞,人工物-その他,政治,juman
男優,だんゆう,danyu,普通名詞,人,文化・芸術,juman
だらける,だらける,darakeru,動詞,,,juman
だらしない,だらしない,darashinai,イ形容詞,,,juman
誰,だれ,dare,普通名詞,人,,juman
だれる,だれる,dareru,動詞,,,juman
だるい,だるい,darui,イ形容詞,,,juman
達磨,だるま,daruma,普通名詞,人工物-その他,,juman
打力,だりょく,daryoku,普通名詞,抽象物,スポーツ,juman
駄作,ださく,dasaku,普通名詞,抽象物,文化・芸術,juman
打席,だせき,daseki,普通名詞,抽象物,スポーツ,juman
打線,だせん,dasen,普通名詞,人,スポーツ,juman
打者,だしゃ,dasha,普通名詞,人,スポーツ,juman
出汁,だし,dashi,普通名詞,人工物-食べ物,料理・食事,juman
出し入れ,だしいれ,dashiire,普通名詞,抽象物,,juman
出し物,だしもの,dashimono,普通名詞,抽象物,,juman
出し抜け,だしぬけ,dashinuke,ナ形容詞,,,juman
脱線,だっせん,dassen,サ変名詞,抽象物,交通,juman
脱脂綿,だっしめん,dasshimen,普通名詞,人工物-その他,健康・医学,juman
出す,だす,dasu,動詞,,,juman
伊達,だて,date,ナ形容詞,,,juman
伊達巻き,だてまき,datemaki,普通名詞,人工物-食べ物,料理・食事,juman
妥当,だとう,dato,ナ形容詞,,,juman
脱衣,だつい,datsui,サ変名詞,抽象物,家庭・暮らし,juman
脱輪,だつりん,datsurin,サ変名詞,抽象物,交通,juman
出刃,でば,deba,普通名詞,人工物-その他,料理・食事,juman
出だし,でだし,dedashi,普通名詞,抽象物,,juman
出船,でふね,defune,普通名詞,抽象物,交通,juman
出掛け,でがけ,degake,普通名詞,時間,,juman
出涸らし,でがらし,degarashi,普通名詞,抽象物,料理・食事,juman
出口,でぐち,deguchi,普通名詞,場所-施設部位,,juman
泥岩,でいがん,deigan,普通名詞,自然物,,juman
出入り,でいり,deiri,サ変名詞,抽象物,,juman
出入り口,でいりぐち,deiriguchi,普通名詞,場所-施設部位,,juman
泥水,でいすい,deisui,普通名詞,自然物,,juman
でか,でか,deka,普通名詞,人,政治,juman
でかい,でかい,dekai,イ形容詞,,,juman
出稼ぎ,でかせぎ,dekasegi,サ変名詞,抽象物,家庭・暮らし,juman
出来合い,できあい,dekiai,普通名詞,抽象物,,juman
出来栄え,できばえ,dekibae,普通名詞,抽象物,,juman
出来物,できもの,dekimono,普通名詞,動物-部位,健康・医学,juman
凸凹,でこぼこ,dekoboko,ナ形容詞,,,juman
木偶の坊,でくのぼう,dekunobo,普通名詞,人,,juman
出窓,でまど,demado,普通名詞,場所-施設部位,家庭・暮らし,juman
出前,でまえ,demae,サ変名詞,抽象物,家庭・暮らし,juman
出任せ,でまかせ,demakase,ナ形容詞,,,juman
出店,でみせ,demise,普通名詞,場所-施設,ビジネス,juman
出物,でもの,demono,普通名詞,人工物-その他,,juman
電池,でんち,denchi,普通名詞,人工物-その他,家庭・暮らし,juman
電柱,でんちゅう,denchu,普通名詞,人工物-その他,,juman
殿堂,でんどう,dendo,普通名詞,場所-施設,,juman
田園,でんえん,denen,普通名詞,場所-その他,,juman
田楽,でんがく,dengaku,普通名詞,人工物-食べ物;抽象物,文化・芸術;料理・食事,juman
電源,でんげん,dengen,普通名詞,人工物-その他,,juman
電磁石,でんじしゃく,denjishaku,普通名詞,人工物-その他,科学・技術,juman
殿下,でんか,denka,普通名詞,人,政治,juman
電器,でんき,denki,普通名詞,人工物-その他,,juman
電光石火,でんこうせっか,denkosekka,普通名詞,時間,,juman
電極,でんきょく,denkyoku,普通名詞,人工物-その他,科学・技術,juman
電球,でんきゅう,denkyu,普通名詞,人工物-その他,家庭・暮らし,juman
電報,でんぽう,denpo,普通名詞,人工物-その他;抽象物,,juman
澱粉,でんぷん,denpun,普通名詞,自然物,料理・食事,juman
伝票,でんぴょう,denpyo,普通名詞,人工物-その他,ビジネス,juman
電炉,でんろ,denro,普通名詞,場所-施設,科学・技術,juman
電線,でんせん,densen,普通名詞,人工物-その他,,juman
伝説,でんせつ,densetsu,普通名詞,抽象物,,manual
電車,でんしゃ,densha,普通名詞,人工物-乗り物,交通,juman
電車道,でんしゃみち,denshamichi,普通名詞,場所-その他,交通,juman
電子,でんし,denshi,普通名詞,自然物,科学・技術,juman
伝書鳩,でんしょばと,denshobato,普通名詞,動物,,juman
電飾,でんしょく,denshoku,普通名詞,人工物-その他,,juman
電卓,でんたく,dentaku,普通名詞,人工物-その他,家庭・暮らし;ビジネス,juman
電鉄,でんてつ,dentetsu,普通名詞,人工物-乗り物,交通,juman
電灯,でんとう,dento,普通名詞,人工物-その他,家庭・暮らし,juman
電話,でんわ,denwa,サ変名詞,人工物-その他,家庭・暮らし,juman
出る,でる,deru,動詞,,,juman
出盛り,でさかり,desakari,普通名詞,時間,料理・食事,juman
出先,でさき,desaki,普通名詞,場所-その他,交通,juman
でしゃばる,でしゃばる,deshabaru,動詞,,,juman
弟子,でし,deshi,普通名詞,人,文化・芸術,juman
弟子入り,でしいり,deshiiri,サ変名詞,抽象物,文化・芸術,juman
でたらめ,でたらめ,detarame,ナ形容詞,,,juman
出初め式,でぞめしき,dezomeshiki,普通名詞,抽象物,,juman
出ずっぱり,でずっぱり,dezuppari,普通名詞,抽象物,,juman
胴上げ,どうあげ,doage,サ変名詞,抽象物,スポーツ,juman
度合い,どあい,doai,普通名詞,抽象物,,juman
銅板,どうばん,doban,普通名詞,人工物-その他,科学・技術,juman
銅版画,どうばんが,dobanga,普通名詞,抽象物,文化・芸術,juman
土瓶,どびん,dobin,普通名詞,人工物-その他,料理・食事,juman
動物,どうぶつ,dobutsu,普通名詞,動物,,juman
土着,どちゃく,dochaku,サ変名詞,抽象物,家庭・暮らし,juman
どちら,どちら,dochira,普通名詞,場所-機能,,juman
道庁,どうちょう,docho,普通名詞,組織・団体;場所-施設,政治,juman
道中,どうちゅう,dochu,時相名詞,時間,,juman
土台,どだい,dodai,普通名詞,人工物-その他;抽象物,,juman
堂々巡り,どうどうめぐり,dodomeguri,サ変名詞,抽象物,,juman
どえらい,どえらい,doerai,イ形容詞,,,juman
道府県,どうふけん,dofuken,普通名詞,場所-その他,政治,juman
動画,どうが,doga,普通名詞,抽象物,文化・芸術,juman
童顔,どうがん,dogan,普通名詞,動物-部位,,juman
度肝,どぎも,dogimo,普通名詞,動物-部位,,juman
どぎつい,どぎつい,dogitsui,イ形容詞,,,juman
道具,どうぐ,dogu,普通名詞,人工物-その他,,juman
道具立て,どうぐだて,dogudate,サ変名詞,抽象物,,juman
同輩,どうはい,dohai,普通名詞,人,,juman
同胞,どうほう,doho,普通名詞,人,家庭・暮らし;政治,juman
道標,どうひょう,dohyo,普通名詞,人工物-その他,交通,juman
土俵際,どひょうぎわ,dohyogiwa,普通名詞,場所-その他,スポーツ,juman
胴衣,どうい,doi,普通名詞,人工物-衣類,家庭・暮らし,juman
同一,どういつ,doitsu,ナ形容詞,,,juman
同時,どうじ,doji,普通名詞,時間,,juman
同人,どうじん,dojin,普通名詞,組織・団体,,juman
同日,どうじつ,dojitsu,時相名詞,時間,,juman
土壌,どじょう,dojo,普通名詞,自然物,,juman
銅貨,どうか,doka,普通名詞,人工物-金銭,,juman
土管,どかん,dokan,普通名詞,人工物-その他,,juman
導火線,どうかせん,dokasen,普通名詞,人工物-その他,,juman
道化,どうけ,doke,普通名詞,人;抽象物,文化・芸術,juman
道警,どうけい,dokei,普通名詞,組織・団体,政治,juman
銅剣,どうけん,doken,普通名詞,人工物-その他,政治,juman
どける,どける,dokeru,動詞,,,juman
土器,どき,doki,普通名詞,人工物-その他,,juman
読解,どっかい,dokkai,サ変名詞,抽象物,教育・学習,juman
独居,どっきょ,dokkyo,サ変名詞,抽象物,家庭・暮らし,juman
瞳孔,どうこう,doko,普通名詞,動物-部位,健康・医学,juman
道交法,どうこうほう,dokoho,普通名詞,抽象物,交通;政治,juman
ど根性,どこんじょう,dokonjo,普通名詞,抽象物,,juman
どく,どく,doku,動詞,,,juman
独文,どくぶん,dokubun,普通名詞,抽象物,文化・芸術;教育・学習,juman
どくだみ,どくだみ,dokudami,普通名詞,植物,料理・食事,juman
独壇場,どくだんじょう,dokudanjo,普通名詞,場所-その他,,juman
独学,どくがく,dokugaku,サ変名詞,抽象物,教育・学習,juman
読後,どくご,dokugo,普通名詞,時間,,juman
独自,どくじ,dokuji,ナ形容詞,,,juman
読者,どくしゃ,dokusha,普通名詞,人,文化・芸術;メディア,juman
独身,どくしん,dokushin,普通名詞,抽象物,家庭・暮らし,juman
読書,どくしょ,dokusho,サ変名詞,抽象物,文化・芸術,juman
独習,どくしゅう,dokushu,サ変名詞,抽象物,教育・学習,juman
独奏,どくそう,dokuso,サ変名詞,抽象物,文化・芸術,juman
独特,どくとく,dokutoku,ナ形容詞,,,juman
洞窟,どうくつ,dokutsu,普通名詞,場所-自然,,juman
道教,どうきょう,dokyo,普通名詞,抽象物,文化・芸術,juman
土間,どま,doma,普通名詞,場所-施設部位,,juman
ど真ん中,どまんなか,domannaka,普通名詞,場所-機能,,juman
獰猛,どうもう,domo,ナ形容詞,,,juman
動脈,どうみゃく,domyaku,普通名詞,動物-部位,健康・医学,juman
動脈瘤,どうみゃくりゅう,domyakuryu,普通名詞,動物-部位,健康・医学,juman
どなた,どなた,donata,普通名詞,人,,juman
丼,どんぶり,donburi,普通名詞,人工物-その他,料理・食事,juman
どんでん返し,どんでんがえし,dondengaeshi,サ変名詞,抽象物,,juman
どんぐり,どんぐり,donguri,普通名詞,植物-部位,,juman
鈍重,どんじゅう,donju,ナ形容詞,,,juman
鈍角,どんかく,donkaku,普通名詞,場所-その他,,juman
鈍感,どんかん,donkan,ナ形容詞,,,juman
鈍行,どんこう,donko,普通名詞,人工物-乗り物,交通,juman
どんな,どんな,donna,ナ形容詞,,,juman
土嚢,どのう,dono,普通名詞,人工物-その他,,juman
どんぴしゃり,どんぴしゃり,donpishari,ナ形容詞,,,juman
貪欲,どんよく,donyoku,ナ形容詞,,,juman
どん底,どんぞこ,donzoko,普通名詞,場所-機能,,juman
同列,どうれつ,doretsu,サ変名詞,場所-その他,,juman
動輪,どうりん,dorin,普通名詞,人工物-その他,交通,juman
泥,どろ,doro,普通名詞,自然物,,juman
泥塗れ,どろまみれ,doromamire,ナ形容詞,,,juman
泥海,どろうみ,doromi,普通名詞,場所-その他,,juman
泥沼,どろぬま,doronuma,普通名詞,場所-自然,,juman
同僚,どうりょう,doryo,普通名詞,人,ビジネス,juman
度量衡,どりょうこう,doryoko,普通名詞,人工物-その他;数量,,juman
努力,どりょく,doryoku,サ変名詞,抽象物,,manual
動産,どうさん,dosan,普通名詞,人工物-金銭,ビジネス,juman
土星,どせい,dosei,普通名詞,自然物,,juman
導線,どうせん,dosen,普通名詞,人工物-その他,科学・技術,juman
土砂,どしゃ,dosha,普通名詞,自然物,,juman
土砂降り,どしゃぶり,doshaburi,普通名詞,抽象物,,juman
同志,どうし,doshi,普通名詞,人,,juman
同室,どうしつ,doshitsu,サ変名詞,場所-施設,,juman
動植物,どうしょくぶつ,doshokubutsu,普通名詞,動物;植物,,juman
同窓,どうそう,doso,普通名詞,抽象物,教育・学習,juman
土足,どそく,dosoku,普通名詞,動物-部位,,juman
どす黒い,どすぐろい,dosuguroi,イ形容詞,,,juman
導体,どうたい,dotai,普通名詞,自然物,科学・技術,juman
銅鐸,どうたく,dotaku,普通名詞,人工物-その他,文化・芸術,juman
土手,どて,dote,普通名詞,場所-自然,,juman
どてら,どてら,dotera,普通名詞,人工物-衣類,,juman
同等,どうとう,doto,ナ形容詞,,,juman
道徳,どうとく,dotoku,普通名詞,抽象物,家庭・暮らし;教育・学習,juman
ど突く,どつく,dotsuku,動詞,,,juman
童話,どうわ,dowa,普通名詞,抽象物,文化・芸術,juman
度忘れ,どわすれ,dowasure,サ変名詞,抽象物,,juman
土曜,どよう,doyo,時相名詞,時間,,juman
土曜日,どようび,doyobi,時相名詞,時間,,juman
どよめく,どよめく,doyomeku,動詞,,,juman
銅山,どうざん,dozan,普通名詞,場所-自然,,juman
同然,どうぜん,dozen,ナ形容詞,,,juman
土蔵,どぞう,dozo,普通名詞,場所-施設,,juman
同族,どうぞく,dozoku,普通名詞,抽象物,家庭・暮らし;ビジネス,juman
胴突き,どうづき,dozuki,普通名詞,抽象物,,juman
海老,えび,ebi,普通名詞,動物;人工物-食べ物,料理・食事,juman
えびせん,えびせん,ebisen,普通名詞,人工物-食べ物,料理・食事,juman
烏帽子,えぼし,eboshi,普通名詞,人工物-衣類,,juman
枝,えだ,eda,普通名詞,植物-部位,,juman
枝葉,えだは,edaha,普通名詞,植物-部位,,juman
枝豆,えだまめ,edamame,普通名詞,植物;人工物-食べ物,料理・食事,juman
枝打ち,えだうち,edauchi,サ変名詞,抽象物,,juman
枝分かれ,えだわかれ,edawakare,サ変名詞,抽象物,,juman
江戸っ子,えどっこ,edokko,普通名詞,人,,juman
江戸前,えどまえ,edomae,普通名詞,抽象物,料理・食事,juman
絵筆,えふで,efude,普通名詞,人工物-その他,文化・芸術;教育・学習,juman
描く,えがく,egaku,動詞,,文化・芸術,juman
笑顔,えがお,egao,普通名詞,動物-部位,,juman
絵柄,えがら,egara,普通名詞,形・模様,,juman
抉る,えぐる,eguru,動詞,,,juman
絵本,えほん,ehon,普通名詞,人工物-その他;抽象物,文化・芸術;教育・学習,juman
鋭敏,えいびん,eibin,ナ形容詞,,,juman
永遠,えいえん,eien,ナ形容詞,,,juman
映画,えいが,eiga,普通名詞,抽象物,文化・芸術,juman
英語,えいご,eigo,普通名詞,抽象物,教育・学習,juman
泳法,えいほう,eiho,普通名詞,抽象物,スポーツ,juman
永住,えいじゅう,eiju,サ変名詞,抽象物,家庭・暮らし,juman
英会話,えいかいわ,eikaiwa,普通名詞,抽象物,教育・学習;ビジネス,juman
鋭角,えいかく,eikaku,普通名詞,場所-その他,,juman
栄冠,えいかん,eikan,普通名詞,抽象物,スポーツ,juman
永久,えいきゅう,eikyu,普通名詞,時間,,juman
永久歯,えいきゅうし,eikyushi,普通名詞,動物-部位,,juman
永眠,えいみん,eimin,サ変名詞,抽象物,健康・医学;家庭・暮らし,juman
英霊,えいれい,eirei,普通名詞,人,政治,juman
鋭利,えいり,eiri,ナ形容詞,,,juman
英才,えいさい,eisai,普通名詞,抽象物,教育・学習,juman
衛星,えいせい,eisei,普通名詞,自然物,科学・技術,juman
映写,えいしゃ,eisha,サ変名詞,抽象物,文化・芸術,juman
英和,えいわ,eiwa,普通名詞,抽象物,教育・学習,juman
栄養,えいよう,eiyo,普通名詞,抽象物,健康・医学;料理・食事,juman
栄養素,えいようそ,eiyoso,普通名詞,抽象物,健康・医学;料理・食事,juman
英雄,えいゆう,eiyu,普通名詞,人,,juman
映像,えいぞう,eizo,普通名詞,抽象物,文化・芸術;メディア,juman
永続,えいぞく,eizoku,サ変名詞,時間,,juman
絵描き,えかき,ekaki,普通名詞,人,文化・芸術,juman
駅,えき,eki,普通名詞,場所-施設,交通,manual
駅弁,えきべん,ekiben,普通名詞,人工物-食べ物,料理・食事;交通,juman
益鳥,えきちょう,ekicho,普通名詞,動物,,juman
益虫,えきちゅう,ekichu,普通名詞,動物,,juman
駅伝,えきでん,ekiden,普通名詞,抽象物,スポーツ,juman
役牛,えきぎゅう,ekigyu,普通名詞,動物,,juman
駅員,えきいん,ekiin,普通名詞,人,交通,juman
駅前,えきまえ,ekimae,普通名詞,場所-その他,,juman
駅名,えきめい,ekimei,普通名詞,抽象物,交通,juman
駅務,えきむ,ekimu,普通名詞,抽象物,交通,juman
易者,えきしゃ,ekisha,普通名詞,人,文化・芸術,juman
液晶,えきしょう,ekisho,普通名詞,人工物-その他,科学・技術,juman
駅手,えきしゅ,ekishu,普通名詞,人,交通,juman
液体,えきたい,ekitai,普通名詞,自然物,,juman
駅頭,えきとう,ekito,普通名詞,場所-施設部位,交通,juman
回向,えこう,eko,サ変名詞,抽象物,文化・芸術,juman
えこひいき,えこひいき,ekohiiki,サ変名詞,抽象物,,juman
靨,えくぼ,ekubo,普通名詞,動物-部位,,juman
絵馬,えま,ema,普通名詞,人工物-その他,文化・芸術;家庭・暮らし,juman
絵巻,えまき,emaki,普通名詞,抽象物,文化・芸術,juman
絵巻物,えまきもの,emakimono,普通名詞,人工物-その他;抽象物,文化・芸術,juman
笑み,えみ,emi,普通名詞,抽象物,,juman
衣紋掛,えもんかけ,emonkake,普通名詞,人工物-その他,家庭・暮らし,juman
獲物,えもの,emono,普通名詞,動物,,juman
円盤,えんばん,enban,普通名詞,人工物-その他,,juman
燕尾服,えんびふく,enbifuku,普通名詞,人工物-衣類,家庭・暮らし,juman
演舞,えんぶ,enbu,サ変名詞,抽象物,文化・芸術,juman
園長,えんちょう,encho,普通名詞,人,レクリエーション;教育・学習,juman
鉛直,えんちょく,enchoku,ナ形容詞,,,juman
円柱,えんちゅう,enchu,普通名詞,人工物-その他,,juman
縁台,えんだい,endai,普通名詞,人工物-その他,家庭・暮らし,juman
演壇,えんだん,endan,普通名詞,人工物-その他,教育・学習;政治,juman
塩田,えんでん,enden,普通名詞,場所-その他,,juman
豌豆,えんどう,endo,普通名詞,植物,料理・食事,juman
遠泳,えんえい,enei,サ変名詞,抽象物,スポーツ,juman
沿岸,えんがん,engan,普通名詞,場所-自然,,juman
縁側,えんがわ,engawa,普通名詞,場所-施設部位,家庭・暮らし,juman
園芸,えんげい,engei,普通名詞,抽象物,文化・芸術,juman
演劇,えんげき,engeki,普通名詞,抽象物,文化・芸術,juman
縁起,えんぎ,engi,普通名詞,抽象物,文化・芸術,juman
縁起物,えんぎもの,engimono,普通名詞,人工物-その他,文化・芸術,juman
縁組み,えんぐみ,engumi,サ変名詞,抽象物,家庭・暮らし,juman
援軍,えんぐん,engun,普通名詞,組織・団体,政治,juman
演者,えんじゃ,enja,普通名詞,人,文化・芸術,juman
園児,えんじ,enji,普通名詞,人,教育・学習,juman
円陣,えんじん,enjin,普通名詞,形・模様,,juman
演歌,えんか,enka,普通名詞,抽象物,文化・芸術,juman
沿海,えんかい,enkai,普通名詞,場所-自然,,juman
円滑,えんかつ,enkatsu,ナ形容詞,,,juman
円形,えんけい,enkei,普通名詞,形・模様,,juman
塩基,えんき,enki,普通名詞,自然物,科学・技術,juman
閻魔,えんま,enma,普通名詞,人,文化・芸術,juman
煙幕,えんまく,enmaku,普通名詞,人工物-その他,,juman
円満,えんまん,enman,ナ形容詞,,,juman
演目,えんもく,enmoku,普通名詞,抽象物,文化・芸術,juman
縁日,えんにち,ennichi,普通名詞,時間,文化・芸術;レクリエーション,juman
縁の下,えんのした,ennoshita,普通名詞,場所-施設部位;抽象物,,juman
延繞,えんにょう,ennyo,普通名詞,抽象物,教育・学習,juman
絵の具,えのぐ,enogu,普通名詞,人工物-その他,文化・芸術;教育・学習,juman
鉛筆,えんぴつ,enpitsu,普通名詞,人工物-その他,,juman
遠方,えんぽう,enpo,普通名詞,場所-機能,,juman
艶麗,えんれい,enrei,ナ形容詞,,,juman
遠路,えんろ,enro,普通名詞,抽象物,交通,juman
縁先,えんさき,ensaki,普通名詞,場所-施設部位,家庭・暮らし,juman
塩酸,えんさん,ensan,普通名詞,自然物,,juman
遠征,えんせい,ensei,サ変名詞,抽象物,スポーツ,juman
宴席,えんせき,enseki,普通名詞,場所-その他,レクリエーション;料理・食事,juman
沿線,えんせん,ensen,普通名詞,場所-その他,交通,juman
園舎,えんしゃ,ensha,普通名詞,場所-施設,教育・学習,juman
円周,えんしゅう,enshu,普通名詞,形・模様,,juman
演出,えんしゅつ,enshutsu,サ変名詞,抽象物,文化・芸術,juman
塩素,えんそ,enso,普通名詞,自然物,,juman
遠足,えんそく,ensoku,サ変名詞,抽象物,レクリエーション;教育・学習,juman
円錐,えんすい,ensui,普通名詞,形・模様,,juman
円卓,えんたく,entaku,普通名詞,人工物-その他,家庭・暮らし;料理・食事,juman
円筒,えんとう,ento,普通名詞,人工物-その他,,juman
煙突,えんとつ,entotsu,普通名詞,場所-施設部位,,juman
縁続き,えんつづき,entsuzuki,普通名詞,抽象物,,juman
遠洋,えんよう,enyo,普通名詞,場所-その他,,juman
園遊会,えんゆうかい,enyukai,普通名詞,抽象物,レクリエーション,juman
演算,えんざん,enzan,サ変名詞,抽象物,教育・学習,juman
延髄,えんずい,enzui,普通名詞,動物-部位,健康・医学,juman
えら,えら,era,普通名詞,動物-部位,,juman
選ぶ,えらぶ,erabu,動詞,,,juman
偉い,えらい,erai,イ形容詞,,,juman
襟,えり,eri,普通名詞,人工物-その他,,juman
選り取り,えりどり,eridori,普通名詞,抽象物,,juman
選り好み,えりごのみ,erigonomi,サ変名詞,抽象物,,juman
襟ぐり,えりぐり,eriguri,普通名詞,人工物-その他,,juman
襟首,えりくび,erikubi,普通名詞,動物-部位,,juman
襟巻き,えりまき,erimaki,普通名詞,人工物-衣類,家庭・暮らし,juman
選りすぐる,えりすぐる,erisuguru,動詞,,,juman
選る,える,eru,動詞,,,juman
餌,えさ,esa,普通名詞,人工物-食べ物,,juman
絵師,えし,eshi,普通名詞,抽象物,文化・芸術,juman
得手,えて,ete,ナ形容詞,,,juman
干支,えと,eto,普通名詞,場所-機能;時間,,juman
絵図,えず,ezu,普通名詞,人工物-その他;抽象物,文化・芸術,juman
餌付け,えづけ,ezuke,サ変名詞,抽象物,,juman
風合い,ふうあい,fuai,普通名詞,抽象物,,juman
不安,ふあん,fuan,ナ形容詞,,,juman
不払い,ふばらい,fubarai,普通名詞,抽象物,,juman
不便,ふべん,fuben,ナ形容詞,,,juman
不備,ふび,fubi,ナ形容詞,,,juman
不憫,ふびん,fubin,ナ形容詞,,,juman
父母,ふぼ,fubo,普通名詞,人,家庭・暮らし,juman
吹雪,ふぶき,fubuki,普通名詞,抽象物,,manual
風物詩,ふうぶつし,fubutsushi,普通名詞,抽象物,文化・芸術,juman
淵,ふち,fuchi,普通名詞,場所-自然,,juman
婦長,ふちょう,fucho,普通名詞,人,健康・医学,juman
札,ふだ,fuda,普通名詞,人工物-その他,,juman
普段,ふだん,fudan,普通名詞,時間,,juman
普段着,ふだんぎ,fudangi,普通名詞,人工物-衣類,家庭・暮らし,juman
札所,ふだしょ,fudasho,普通名詞,場所-施設,文化・芸術,juman
筆,ふで,fude,普通名詞,人工物-その他,文化・芸術,juman
筆箱,ふでばこ,fudebako,普通名詞,人工物-その他,家庭・暮らし;教育・学習,juman
筆遣い,ふでづかい,fudezukai,普通名詞,抽象物,文化・芸術,juman
不同,ふどう,fudo,ナ形容詞,,,juman
不動産,ふどうさん,fudosan,普通名詞,人工物-金銭,家庭・暮らし,juman
笛,ふえ,fue,普通名詞,人工物-その他,文化・芸術,juman
笛吹き,ふえふき,fuefuki,普通名詞,人,文化・芸術,juman
増える,ふえる,fueru,動詞,,,juman
夫婦,ふうふ,fufu,普通名詞,組織・団体,家庭・暮らし,juman
不服,ふふく,fufuku,ナ形容詞,,,juman
ふがいない,ふがいない,fugainai,イ形容詞,,,juman
風変わり,ふうがわり,fugawari,ナ形容詞,,,juman
風月,ふうげつ,fugetsu,普通名詞,抽象物,文化・芸術,juman
府議,ふぎ,fugi,普通名詞,人,政治,juman
富豪,ふごう,fugo,普通名詞,人,,juman
河豚,ふぐ,fugu,普通名詞,動物;人工物-食べ物,料理・食事,juman
不変,ふへん,fuhen,ナ形容詞,,,juman
訃報,ふほう,fuho,普通名詞,抽象物,家庭・暮らし;メディア,juman
不意,ふい,fui,ナ形容詞,,,juman
鞴,ふいご,fuigo,普通名詞,人工物-その他,,juman
封印,ふういん,fuin,サ変名詞,人工物-その他;抽象物,,juman
不意打ち,ふいうち,fuiuchi,サ変名詞,抽象物,,juman
藤,ふじ,fuji,普通名詞,植物,,juman
藤袴,ふじばかま,fujibakama,普通名詞,植物,,juman
不時着,ふじちゃく,fujichaku,サ変名詞,抽象物,交通,juman
風神,ふうじん,fujin,普通名詞,人,文化・芸術,juman
封じ手,ふうじて,fujite,普通名詞,抽象物,レクリエーション;スポーツ,juman
富士壷,ふじつぼ,fujitsubo,普通名詞,動物,,juman
婦女,ふじょ,fujo,普通名詞,人,,juman
婦女子,ふじょし,fujoshi,普通名詞,人,,juman
不純,ふじゅん,fujun,ナ形容詞,,,juman
鱶,ふか,fuka,普通名詞,動物,,juman
深井,ふかい,fukai,普通名詞,場所-施設,,juman
深入り,ふかいり,fukairi,サ変名詞,抽象物,,juman
不覚,ふかく,fukaku,ナ形容詞,,,juman
深追い,ふかおい,fukaoi,サ変名詞,抽象物,,juman
雲脂,ふけ,fuke,普通名詞,動物-部位,健康・医学,juman
婦警,ふけい,fukei,普通名詞,人,,juman
府県,ふけん,fuken,普通名詞,組織・団体;場所-その他,政治,juman
耽る,ふける,fukeru,動詞,,,juman
不潔,ふけつ,fuketsu,ナ形容詞,,,juman
蕗,ふき,fuki,普通名詞,植物;人工物-食べ物,料理・食事,juman
吹き溜まり,ふきだまり,fukidamari,普通名詞,場所-その他,,juman
吹き出物,ふきでもの,fukidemono,普通名詞,動物,健康・医学,juman
布巾,ふきん,fukin,普通名詞,人工物-その他,料理・食事,juman
吹き流し,ふきながし,fukinagashi,普通名詞,人工物-その他,,juman
吹き曝し,ふきさらし,fukisarashi,普通名詞,抽象物,,juman
吹きっさらし,ふきっさらし,fukissarashi,普通名詞,抽象物,,juman
不吉,ふきつ,fukitsu,ナ形容詞,,,juman
復活,ふっかつ,fukkatsu,サ変名詞,抽象物,,manual
腹筋,ふっきん,fukkin,普通名詞,動物-部位,スポーツ;健康・医学,juman
腹腔,ふっこう,fukko,普通名詞,動物-部位,健康・医学,juman
不幸,ふこう,fuko,ナ形容詞,,,juman
服,ふく,fuku,普通名詞,人工物-衣類,家庭・暮らし,juman
福引き,ふくびき,fukubiki,普通名詞,人工物-その他,レクリエーション,juman
腹部,ふくぶ,fukubu,普通名詞,動物-部位,,juman
福袋,ふくぶくろ,fukubukuro,普通名詞,人工物-その他,家庭・暮らし,juman
複文,ふくぶん,fukubun,普通名詞,抽象物,教育・学習,juman
副題,ふくだい,fukudai,普通名詞,抽象物,文化・芸術;科学・技術,juman
副読本,ふくどくほん,fukudokuhon,普通名詞,人工物-その他;抽象物,教育・学習,juman
複々線,ふくふくせん,fukufukusen,普通名詞,場所-施設,交通,juman
復学,ふくがく,fukugaku,サ変名詞,抽象物,教育・学習,juman
腹背,ふくはい,fukuhai,普通名詞,場所-その他;抽象物,,juman
腹壁,ふくへき,fukuheki,普通名詞,動物-部位,健康・医学,juman
副本,ふくほん,fukuhon,普通名詞,人工物-その他,,juman
福音,ふくいん,fukuin,普通名詞,抽象物,文化・芸術,juman
服地,ふくじ,fukuji,普通名詞,人工物-その他,家庭・暮らし,juman
福神漬け,ふくじんづけ,fukujinzuke,普通名詞,人工物-食べ物,料理・食事,juman
福寿草,ふくじゅそう,fukujuso,普通名詞,植物,,juman
含む,ふくむ,fukumu,動詞,,,juman
脹ら脛,ふくらはぎ,fukurahagi,普通名詞,動物-部位,,juman
膨らめる,ふくらめる,fukurameru,動詞,,,juman
膨らむ,ふくらむ,fukuramu,動詞,,,juman
膨れる,ふくれる,fukureru,動詞,,,juman
梟,ふくろう,fukuro,普通名詞,動物,,juman
袋叩き,ふくろだたき,fukurodataki,普通名詞,抽象物,,juman
袋小路,ふくろこうじ,fukurokoji,普通名詞,場所-その他,,juman
伏流水,ふくりゅうすい,fukuryusui,普通名詞,自然物,,juman
複線,ふくせん,fukusen,普通名詞,抽象物;色,交通,juman
伏射,ふくしゃ,fukusha,サ変名詞,抽象物,スポーツ,juman
副詞,ふくし,fukushi,普通名詞,抽象物,教育・学習,juman
腹心,ふくしん,fukushin,普通名詞,人,,juman
副将,ふくしょう,fukusho,普通名詞,人,スポーツ,juman
副食,ふくしょく,fukushoku,普通名詞,人工物-食べ物,料理・食事,juman
復習,ふくしゅう,fukushu,サ変名詞,抽象物,教育・学習,juman
腹水,ふくすい,fukusui,普通名詞,自然物,健康・医学,juman
不屈,ふくつ,fukutsu,ナ形容詞,,,juman
腹話術,ふくわじゅつ,fukuwajutsu,普通名詞,抽象物,文化・芸術,juman
複葉,ふくよう,fukuyo,普通名詞,植物-部位,,juman
ふくよか,ふくよか,fukuyoka,ナ形容詞,,,juman
複雑,ふくざつ,fukuzatsu,ナ形容詞,,,juman
布教,ふきょう,fukyo,サ変名詞,抽象物,文化・芸術,juman
踏まえる,ふまえる,fumaeru,動詞,,,juman
不満,ふまん,fuman,ナ形容詞,,,juman
不明,ふめい,fumei,ナ形容詞,,,juman
譜面,ふめん,fumen,普通名詞,人工物-その他,文化・芸術,juman
不滅,ふめつ,fumetsu,ナ形容詞,,,juman
風味,ふうみ,fumi,普通名詞,抽象物,料理・食事,juman
踏み場,ふみば,fumiba,普通名詞,場所-その他,,juman
踏み台,ふみだい,fumidai,普通名詞,人工物-その他,,juman
踏み絵,ふみえ,fumie,普通名詞,抽象物,,juman
踏み石,ふみいし,fumiishi,普通名詞,自然物,,juman
踏切,ふみきり,fumikiri,サ変名詞,場所-施設,交通,juman
文月,ふみづき,fumizuki,時相名詞,時間,,juman
不毛,ふもう,fumo,ナ形容詞,,,juman
風紋,ふうもん,fumon,普通名詞,形・模様,,juman
麓,ふもと,fumoto,普通名詞,場所-自然,,juman
踏む,ふむ,fumu,動詞,,,juman
不向き,ふむき,fumuki,ナ形容詞,,,juman
不運,ふうん,fun,ナ形容詞,,,juman
ふな,ふな,funa,普通名詞,動物,料理・食事,juman
船端,ふなばた,funabata,普通名詞,場所-その他,,juman
船縁,ふなべり,funaberi,普通名詞,人工物-その他,,juman
船便,ふなびん,funabin,普通名詞,抽象物,交通,juman
船賃,ふなちん,funachin,普通名詞,人工物-金銭,交通,juman
船出,ふなで,funade,サ変名詞,抽象物,交通,juman
船路,ふなじ,funaji,普通名詞,場所-その他,レクリエーション;交通,juman
船虫,ふなむし,funamushi,普通名詞,動物,,juman
船乗り,ふなのり,funanori,普通名詞,人,交通,juman
不慣れ,ふなれ,funare,ナ形容詞,,,juman
船旅,ふなたび,funatabi,普通名詞,抽象物,レクリエーション;交通,juman
船着き場,ふなつきば,funatsukiba,普通名詞,場所-施設,交通,juman
舟歌,ふなうた,funauta,普通名詞,抽象物,文化・芸術,juman
船宿,ふなやど,funayado,普通名詞,場所-施設,,juman
船酔い,ふなよい,funayoi,サ変名詞,抽象物,健康・医学;交通,juman
船底,ふなぞこ,funazoko,普通名詞,場所-その他,,juman
船積み,ふなづみ,funazumi,サ変名詞,抽象物,交通,juman
ふんだくる,ふんだくる,fundakuru,動詞,,,juman
ふんだん,ふんだん,fundan,ナ形容詞,,,juman
分銅,ふんどう,fundo,普通名詞,人工物-その他,教育・学習,juman
褌,ふんどし,fundoshi,普通名詞,人工物-衣類,家庭・暮らし,juman
船,ふね,fune,普通名詞,人工物-乗り物,交通,juman
噴煙,ふんえん,funen,普通名詞,自然物,,juman
踏ん切り,ふんぎり,fungiri,普通名詞,抽象物,,juman
粉塵,ふんじん,funjin,普通名詞,人工物-その他,,juman
粉末,ふんまつ,funmatsu,普通名詞,人工物-その他,料理・食事,juman
噴霧器,ふんむき,funmuki,普通名詞,人工物-その他,,juman
粉乳,ふんにゅう,funnyu,普通名詞,人工物-食べ物;自然物,料理・食事,juman
不能,ふのう,funo,ナ形容詞,,,juman
布海苔,ふのり,funori,普通名詞,植物;人工物-その他,料理・食事,juman
分針,ふんしん,funshin,普通名詞,人工物-その他,,juman
噴水,ふんすい,funsui,普通名詞,人工物-その他,,juman
不穏,ふおん,fuon,ナ形容詞,,,juman
風来坊,ふうらいぼう,furaibo,普通名詞,人,,juman
孵卵器,ふらんき,furanki,普通名詞,人工物-その他,,juman
ふらつく,ふらつく,furatsuku,動詞,,,juman
触れ込み,ふれこみ,furekomi,普通名詞,抽象物,,juman
触れる,ふれる,fureru,動詞,,,juman
不利,ふり,furi,ナ形容詞,,,juman
振り仮名,ふりがな,furigana,普通名詞,抽象物,,juman
振り駒,ふりごま,furigoma,普通名詞,抽象物,レクリエーション;スポーツ,juman
振りかぶる,ふりかぶる,furikaburu,動詞,,スポーツ,juman
振り子,ふりこ,furiko,普通名詞,人工物-その他,,juman
風鈴,ふうりん,furin,普通名詞,人工物-その他,レクリエーション,juman
振り袖,ふりそで,furisode,普通名詞,人工物-衣類,家庭・暮らし,juman
府立,ふりつ,furitsu,普通名詞,抽象物,教育・学習;ビジネス;政治,juman
振付,ふりつけ,furitsuke,普通名詞,抽象物,文化・芸術,juman
風呂,ふろ,furo,普通名詞,人工物-その他,家庭・暮らし,juman
付録,ふろく,furoku,普通名詞,人工物-その他,,juman
風呂敷,ふろしき,furoshiki,普通名詞,人工物-その他,家庭・暮らし,juman
振る,ふる,furu,動詞,,,juman
震える,ふるえる,furueru,動詞,,,juman
古顔,ふるがお,furugao,普通名詞,人,,juman
古着,ふるぎ,furugi,普通名詞,人工物-衣類,家庭・暮らし,juman
古本,ふるほん,furuhon,普通名詞,人工物-その他,文化・芸術,juman
古井,ふるい,furui,普通名詞,場所-施設,,juman
古めかしい,ふるめかしい,furumekashii,イ形容詞,,,juman
古里,ふるさと,furusato,普通名詞,場所-その他,,juman
古巣,ふるす,furusu,普通名詞,場所-自然,,juman
古手,ふるて,furute,普通名詞,人,,juman
隹,ふるとり,furutori,普通名詞,抽象物,教育・学習,juman
奮う,ふるう,furuu,動詞,,,juman
震わせる,ふるわせる,furuwaseru,動詞,,,juman
震わす,ふるわす,furuwasu,動詞,,,juman
不良,ふりょう,furyo,ナ形容詞,,,juman
風流,ふうりゅう,furyu,ナ形容詞,,,juman
房,ふさ,fusa,普通名詞,植物-部位;人工物-その他;抽象物,,juman
塞がる,ふさがる,fusagaru,動詞,,,juman
塞ぐ,ふさぐ,fusagu,動詞,,,juman
夫妻,ふさい,fusai,普通名詞,組織・団体,家庭・暮らし,juman
布施,ふせ,fuse,サ変名詞,人工物-金銭,文化・芸術,juman
防ぐ,ふせぐ,fusegu,動詞,,,juman
不整,ふせい,fusei,ナ形容詞,,,juman
風船,ふうせん,fusen,普通名詞,人工物-その他,,juman
臥せる,ふせる,fuseru,動詞,,健康・医学;家庭・暮らし,juman
敷設,ふせつ,fusetsu,サ変名詞,抽象物,交通;科学・技術,juman
風車,ふうしゃ,fusha,普通名詞,人工物-その他,科学・技術,juman
節,ふし,fushi,普通名詞,場所-機能;時間,,juman
節穴,ふしあな,fushiana,普通名詞,植物-部位,,juman
不幸せ,ふしあわせ,fushiawase,ナ形容詞,,,juman
節々,ふしぶし,fushibushi,普通名詞,動物-部位,健康・医学,juman
ふしだら,ふしだら,fushidara,ナ形容詞,,,juman
節回し,ふしまわし,fushimawashi,普通名詞,抽象物,文化・芸術,juman
節目,ふしめ,fushime,普通名詞,植物-部位;場所-その他,,juman
不審,ふしん,fushin,ナ形容詞,,,juman
封書,ふうしょ,fusho,普通名詞,人工物-その他,家庭・暮らし,juman
風習,ふうしゅう,fushu,普通名詞,抽象物,文化・芸術;家庭・暮らし,juman
父祖,ふそ,fuso,普通名詞,人,家庭・暮らし,juman
不足,ふそく,fusoku,ナ形容詞,,,juman
弗素,ふっそ,fusso,普通名詞,自然物,科学・技術,juman
負数,ふすう,fusu,普通名詞,抽象物,教育・学習,juman
襖,ふすま,fusuma,普通名詞,場所-施設部位,家庭・暮らし,juman
蓋,ふた,futa,普通名詞,人工物-その他,,juman
二葉,ふたば,futaba,普通名詞,植物-部位,,juman
双子,ふたご,futago,普通名詞,人,,juman
二親,ふたおや,futaoya,普通名詞,人,家庭・暮らし,juman
不確か,ふたしか,futashika,ナ形容詞,,,juman
二つ返事,ふたつへんじ,futatsuhenji,サ変名詞,抽象物,,juman
ふてぶてしい,ふてぶてしい,futebuteshii,イ形容詞,,,juman
不定,ふてい,futei,ナ形容詞,,,juman
不敵,ふてき,futeki,ナ形容詞,,,juman
封筒,ふうとう,futo,普通名詞,人工物-その他,,juman
不届き,ふとどき,futodoki,ナ形容詞,,,juman
不等号,ふとうごう,futogo,普通名詞,抽象物,教育・学習,juman
太い,ふとい,futoi,イ形容詞,,,juman
懐,ふところ,futokoro,普通名詞,場所-その他,,juman
不徳,ふとく,futoku,ナ形容詞,,,juman
太股,ふともも,futomomo,普通名詞,動物-部位,,juman
布団,ふとん,futon,普通名詞,人工物-その他,家庭・暮らし,juman
太っ腹,ふとっぱら,futoppara,ナ形容詞,,,juman
太る,ふとる,futoru,動詞,,料理・食事,juman
普通,ふつう,futsu,ナ形容詞,,,juman
仏文,ふつぶん,futsubun,普通名詞,抽象物,文化・芸術;教育・学習,juman
二日酔い,ふつかよい,futsukayoi,サ変名詞,抽象物,料理・食事;健康・医学,juman
不束,ふつつか,futsutsuka,ナ形容詞,,,juman
沸騰,ふっとう,futto,サ変名詞,抽象物,料理・食事,juman
不和,ふわ,fuwa,ナ形容詞,,,juman
不惑,ふわく,fuwaku,普通名詞,時間,,juman
ふやける,ふやける,fuyakeru,動詞,,,juman
増やす,ふやす,fuyasu,動詞,,,juman
芙蓉,ふよう,fuyo,普通名詞,植物,,juman
腐葉土,ふようど,fuyodo,普通名詞,自然物,,juman
冬,ふゆ,fuyu,時相名詞,時間,,juman
冬場,ふゆば,fuyuba,時相名詞,時間,,juman
冬枯れ,ふゆがれ,fuyugare,サ変名詞,抽象物,,juman
冬籠もり,ふゆごもり,fuyugomori,サ変名詞,抽象物,,juman
冬物,ふゆもの,fuyumono,普通名詞,人工物-衣類,家庭・暮らし,juman
冬山,ふゆやま,fuyuyama,普通名詞,場所-自然,,juman
ふざける,ふざける,fuzakeru,動詞,,,juman
風前,ふうぜん,fuzen,普通名詞,場所-その他,,juman
不揃い,ふぞろい,fuzoroi,ナ形容詞,,,juman
付図,ふず,fuzu,普通名詞,人工物-その他;抽象物,,juman
画鋲,がびょう,gabyo,普通名詞,人工物-その他,,juman
がちょう,がちょう,gacho,普通名詞,動物,,juman
画題,がだい,gadai,普通名詞,抽象物,文化・芸術,juman
画壇,がだん,gadan,普通名詞,場所-その他,文化・芸術,juman
画風,がふう,gafu,普通名詞,抽象物,文化・芸術,juman
雅楽,ががく,gagaku,普通名詞,抽象物,文化・芸術,juman
画伯,がはく,gahaku,普通名詞,人,文化・芸術,juman
画報,がほう,gaho,普通名詞,人工物-その他,メディア,juman
外部,がいぶ,gaibu,普通名詞,場所-機能,,juman
外地,がいち,gaichi,普通名詞,場所-その他,政治,juman
害鳥,がいちょう,gaicho,普通名詞,動物,,juman
害虫,がいちゅう,gaichu,普通名詞,動物,,juman
外伝,がいでん,gaiden,普通名詞,抽象物,文化・芸術,juman
外苑,がいえん,gaien,普通名詞,場所-施設,,juman
外泊,がいはく,gaihaku,サ変名詞,抽象物,家庭・暮らし,juman
外壁,がいへき,gaiheki,普通名詞,場所-施設部位,,juman
外貨,がいか,gaika,普通名詞,人工物-金銭,ビジネス;政治,juman
外海,がいかい,gaikai,普通名詞,場所-自然,,juman
外郭,がいかく,gaikaku,普通名詞,場所-施設部位,,juman
外形,がいけい,gaikei,普通名詞,形・模様,,juman
外気,がいき,gaiki,普通名詞,自然物,,juman
外航,がいこう,gaiko,普通名詞,場所-その他,交通,juman
外国,がいこく,gaikoku,普通名詞,場所-その他,政治,juman
外米,がいまい,gaimai,普通名詞,植物;人工物-食べ物,料理・食事;ビジネス,juman
外面,がいめん,gaimen,普通名詞,場所-その他,,juman
外輪山,がいりんざん,gairinzan,普通名詞,場所-自然,,juman
街路,がいろ,gairo,普通名詞,場所-その他,交通,juman
外債,がいさい,gaisai,普通名詞,人工物-金銭,ビジネス;政治,juman
外車,がいしゃ,gaisha,普通名詞,人工物-乗り物,交通,juman
外使,がいし,gaishi,普通名詞,人,政治,juman
外商,がいしょう,gaisho,普通名詞,人,ビジネス,juman
外食,がいしょく,gaishoku,サ変名詞,人工物-食べ物,料理・食事,juman
外周,がいしゅう,gaishu,普通名詞,場所-その他,,juman
外装,がいそう,gaiso,普通名詞,場所-施設部位,,juman
外敵,がいてき,gaiteki,普通名詞,人,,juman
外套,がいとう,gaito,普通名詞,人工物-衣類,家庭・暮らし,juman
外野,がいや,gaiya,普通名詞,場所-その他,スポーツ,juman
外野手,がいやしゅ,gaiyashu,普通名詞,人,スポーツ,juman
外洋,がいよう,gaiyo,普通名詞,場所-その他,,juman
牙城,がじょう,gajo,普通名詞,場所-施設,,juman
画家,がか,gaka,普通名詞,人,文化・芸術,juman
崖,がけ,gake,普通名詞,場所-自然,,juman
崖崩れ,がけくずれ,gakekuzure,普通名詞,抽象物,,juman
崖っ縁,がけっぷち,gakeppuchi,普通名詞,場所-自然,,juman
餓鬼,がき,gaki,普通名詞,人,,juman
がき大将,がきだいしょう,gakidaisho,普通名詞,人,家庭・暮らし,juman
学科,がっか,gakka,普通名詞,抽象物,教育・学習,juman
学会,がっかい,gakkai,普通名詞,組織・団体;抽象物,科学・技術,juman
学期,がっき,gakki,時相名詞,時間,教育・学習,juman
学校,がっこう,gakko,普通名詞,場所-施設,教育・学習,juman
学区,がっく,gakku,普通名詞,場所-その他,教育・学習,juman
楽曲,がっきょく,gakkyoku,普通名詞,抽象物,文化・芸術,juman
学究,がっきゅう,gakkyu,普通名詞,抽象物,教育・学習;科学・技術,juman
萼,がく,gaku,普通名詞,植物-部位,,juman
楽部,がくぶ,gakubu,普通名詞,組織・団体,文化・芸術;政治,juman
額縁,がくぶち,gakubuchi,普通名詞,人工物-その他,文化・芸術,juman
学長,がくちょう,gakucho,普通名詞,人,教育・学習,juman
楽団,がくだん,gakudan,普通名詞,組織・団体,文化・芸術,juman
学童,がくどう,gakudo,普通名詞,人,家庭・暮らし;教育・学習,juman
学園,がくえん,gakuen,普通名詞,組織・団体;場所-施設,教育・学習,juman
楽譜,がくふ,gakufu,普通名詞,人工物-その他;抽象物,文化・芸術,juman
学芸,がくげい,gakugei,普通名詞,抽象物,文化・芸術;教育・学習,juman
学業,がくぎょう,gakugyo,普通名詞,抽象物,教育・学習,juman
学費,がくひ,gakuhi,普通名詞,人工物-金銭,教育・学習,juman
学位,がくい,gakui,普通名詞,抽象物,教育・学習;科学・技術,juman
学院,がくいん,gakuin,普通名詞,組織・団体;場所-施設,教育・学習,juman
学事,がくじ,gakuji,普通名詞,抽象物,教育・学習,juman
学術,がくじゅつ,gakujutsu,普通名詞,抽象物,教育・学習;科学・技術,juman
学問,がくもん,gakumon,サ変名詞,抽象物,教育・学習,juman
学年,がくねん,gakunen,普通名詞,時間,教育・学習,juman
学歴,がくれき,gakureki,普通名詞,抽象物,教育・学習,juman
学力,がくりょく,gakuryoku,普通名詞,抽象物,教育・学習,juman
学生,がくせい,gakusei,普通名詞,人,教育・学習,juman
学籍,がくせき,gakuseki,普通名詞,抽象物,教育・学習,juman
学者,がくしゃ,gakusha,普通名詞,人,科学・技術,juman
学資,がくし,gakushi,普通名詞,人工物-金銭,教育・学習,juman
楽章,がくしょう,gakusho,普通名詞,抽象物,文化・芸術,juman
学習,がくしゅう,gakushu,サ変名詞,抽象物,教育・学習,juman
学卒,がくそつ,gakusotsu,普通名詞,抽象物,教育・学習;ビジネス,juman
楽隊,がくたい,gakutai,普通名詞,組織・団体,文化・芸術,juman
学徒,がくと,gakuto,普通名詞,人,教育・学習,juman
楽屋,がくや,gakuya,普通名詞,場所-施設,文化・芸術,juman
学用,がくよう,gakuyo,普通名詞,抽象物,教育・学習,juman
学友,がくゆう,gakuyu,普通名詞,人,教育・学習,juman
蒲,がま,gama,普通名詞,植物,,juman
蝦蟇口,がまぐち,gamaguchi,普通名詞,人工物-その他,家庭・暮らし,juman
画面,がめん,gamen,普通名詞,人工物-その他,,juman
がめつい,がめつい,gametsui,イ形容詞,,,juman
がむしゃら,がむしゃら,gamushara,ナ形容詞,,,juman
雁,がん,gan,普通名詞,動物,,juman
岩盤,がんばん,ganban,普通名詞,自然物,,juman
眼中,がんちゅう,ganchu,普通名詞,場所-その他,,juman
雁垂れ,がんだれ,gandare,普通名詞,抽象物,教育・学習,juman
岩塩,がんえん,ganen,普通名詞,人工物-食べ物;自然物,料理・食事,juman
雁木,がんぎ,gangi,普通名詞,人工物-その他,,juman
玩具,がんぐ,gangu,普通名詞,人工物-その他,レクリエーション,juman
がんじがらめ,がんじがらめ,ganjigarame,普通名詞,抽象物,,juman
元日,がんじつ,ganjitsu,時相名詞,時間,,juman
頑丈,がんじょう,ganjo,ナ形容詞,,,juman
眼下,がんか,ganka,普通名詞,場所-その他,,juman
元金,がんきん,gankin,普通名詞,人工物-金銭,ビジネス,juman
頑固,がんこ,ganko,ナ形容詞,,,juman
岩窟,がんくつ,gankutsu,普通名詞,場所-自然,,juman
頑強,がんきょう,gankyo,ナ形容詞,,,juman
眼球,がんきゅう,gankyu,普通名詞,動物-部位,,juman
顔面,がんめん,ganmen,普通名詞,場所-その他,,juman
元年,がんねん,gannen,時相名詞,時間,,juman
岸壁,がんぺき,ganpeki,普通名詞,場所-自然,,juman
元本,がんぽん,ganpon,普通名詞,人工物-金銭,ビジネス,juman
元利,がんり,ganri,普通名詞,人工物-金銭,ビジネス,juman
顔料,がんりょう,ganryo,普通名詞,自然物,,juman
贋作,がんさく,gansaku,サ変名詞,人工物-その他;抽象物,文化・芸術,juman
岩石,がんせき,ganseki,普通名詞,自然物,,juman
岩床,がんしょう,gansho,普通名詞,自然物,,juman
元祖,がんそ,ganso,普通名詞,人,,juman
眼帯,がんたい,gantai,普通名詞,人工物-その他,健康・医学,juman
元旦,がんたん,gantan,時相名詞,時間,,juman
丸薬,がんやく,ganyaku,普通名詞,人工物-その他,健康・医学,juman
眼前,がんぜん,ganzen,普通名詞,場所-その他,,juman
柄,がら,gara,普通名詞,抽象物,,juman
がら空き,がらあき,garaaki,普通名詞,抽象物,,juman
がらがら,がらがら,garagara,ナ形容詞,,,juman
がらくた,がらくた,garakuta,普通名詞,人工物-その他,,juman
伽藍,がらん,garan,普通名詞,場所-施設,文化・芸術,juman
がらんどう,がらんどう,garando,ナ形容詞,,,juman
瓦礫,がれき,gareki,普通名詞,人工物-その他,,juman
画廊,がろう,garo,普通名詞,場所-施設,文化・芸術,juman
がさがさ,がさがさ,gasagasa,ナ形容詞,,,juman
画商,がしょう,gasho,普通名詞,人,文化・芸術,juman
画集,がしゅう,gashu,普通名詞,人工物-その他,文化・芸術,juman
合作,がっさく,gassaku,サ変名詞,人工物-その他;抽象物,,juman
合唱,がっしょう,gassho,サ変名詞,抽象物,文化・芸術;レクリエーション;教育・学習,juman
合宿,がっしゅく,gasshuku,サ変名詞,抽象物,教育・学習,juman
合奏,がっそう,gasso,サ変名詞,抽象物,文化・芸術;教育・学習,juman
がたがた,がたがた,gatagata,ナ形容詞,,,juman
側,がわ,gawa,普通名詞,場所-機能,,juman
画用紙,がようし,gayoshi,普通名詞,人工物-その他,レクリエーション;教育・学習,juman
画材,がざい,gazai,普通名詞,人工物-その他,文化・芸術,juman
下馬評,げばひょう,gebahyo,普通名詞,抽象物,スポーツ;政治,juman
下段,げだん,gedan,普通名詞,場所-機能,,juman
解脱,げだつ,gedatsu,サ変名詞,抽象物,文化・芸術,juman
下品,げひん,gehin,ナ形容詞,,,juman
芸,げい,gei,普通名詞,抽象物,文化・芸術,manual
芸談,げいだん,geidan,普通名詞,抽象物,文化・芸術,juman
芸道,げいどう,geido,普通名詞,抽象物,文化・芸術,juman
芸風,げいふう,geifu,普通名詞,抽象物,文化・芸術,juman
芸事,げいごと,geigoto,普通名詞,抽象物,文化・芸術,juman
迎賓館,げいひんかん,geihinkan,普通名詞,場所-施設,政治,juman
芸術,げいじゅつ,geijutsu,普通名詞,抽象物,文化・芸術,juman
芸子,げいこ,geiko,普通名詞,人,文化・芸術,juman
芸名,げいめい,geimei,普通名詞,抽象物,文化・芸術,juman
芸人,げいにん,geinin,普通名詞,人,文化・芸術;メディア,juman
芸能,げいのう,geino,普通名詞,抽象物,文化・芸術,juman
芸者,げいしゃ,geisha,普通名詞,人,文化・芸術,juman
迎春,げいしゅん,geishun,普通名詞,抽象物,家庭・暮らし,juman
芸当,げいとう,geito,普通名詞,抽象物,文化・芸術,juman
げじげじ,げじげじ,gejigeji,普通名詞,動物,,juman
下旬,げじゅん,gejun,時相名詞,時間,,juman
下界,げかい,gekai,普通名詞,場所-その他,,juman
下巻,げかん,gekan,普通名詞,人工物-その他,文化・芸術,juman
劇,げき,geki,普通名詞,抽象物,文化・芸術,juman
劇物,げきぶつ,gekibutsu,普通名詞,人工物-その他,健康・医学,juman
劇中,げきちゅう,gekichu,普通名詞,抽象物,文化・芸術,juman
劇団,げきだん,gekidan,普通名詞,組織・団体,文化・芸術,juman
劇画,げきが,gekiga,普通名詞,抽象物,文化・芸術;レクリエーション,juman
激甚,げきじん,gekijin,ナ形容詞,,,juman
劇場,げきじょう,gekijo,普通名詞,場所-施設,文化・芸術,juman
劇化,げきか,gekika,サ変名詞,抽象物,文化・芸術,juman
激烈,げきれつ,gekiretsu,ナ形容詞,,,juman
激流,げきりゅう,gekiryu,普通名詞,場所-自然,,juman
劇作,げきさく,gekisaku,サ変名詞,抽象物,文化・芸術,juman
劇作家,げきさくか,gekisakuka,普通名詞,人,文化・芸術,juman
劇薬,げきやく,gekiyaku,普通名詞,人工物-その他,健康・医学,juman
激安,げきやす,gekiyasu,ナ形容詞,,,juman
月下,げっか,gekka,普通名詞,場所-その他,,juman
月間,げっかん,gekkan,時相名詞,時間,,juman
月桂樹,げっけいじゅ,gekkeiju,普通名詞,植物,,juman
月桂冠,げっけいかん,gekkeikan,普通名詞,人工物-衣類,,juman
月給,げっきゅう,gekkyu,普通名詞,人工物-金銭,ビジネス,juman
下校,げこう,geko,サ変名詞,抽象物,教育・学習,juman
現場,げんば,genba,普通名詞,場所-その他,,juman
原簿,げんぼ,genbo,普通名詞,人工物-その他,,juman
原木,げんぼく,genboku,普通名詞,植物,,juman
現物,げんぶつ,genbutsu,普通名詞,人工物-その他,,juman
現地,げんち,genchi,普通名詞,場所-その他,,juman
原著,げんちょ,gencho,普通名詞,抽象物,文化・芸術,juman
現代,げんだい,gendai,普通名詞,時間,,juman
原液,げんえき,geneki,普通名詞,自然物,,juman
原画,げんが,genga,普通名詞,人工物-その他;抽象物,文化・芸術,juman
弦楽器,げんがっき,gengakki,普通名詞,人工物-その他,文化・芸術,juman
弦楽,げんがく,gengaku,普通名詞,抽象物,文化・芸術,juman
源五郎,げんごろう,gengoro,普通名詞,動物,,juman
源氏,げんじ,genji,普通名詞,人,,juman
原人,げんじん,genjin,普通名詞,人,,juman
厳重,げんじゅう,genju,ナ形容詞,,,juman
原住民,げんじゅうみん,genjumin,普通名詞,人,,juman
現下,げんか,genka,普通名詞,時間,,juman
厳格,げんかく,genkaku,ナ形容詞,,,juman
玄関,げんかん,genkan,普通名詞,場所-施設部位,家庭・暮らし,juman
原形,げんけい,genkei,普通名詞,形・模様,,juman
元気,げんき,genki,ナ形容詞,,,juman
現金,げんきん,genkin,普通名詞,人工物-金銭,家庭・暮らし;ビジネス,juman
原告,げんこく,genkoku,普通名詞,人,政治,juman
元凶,げんきょう,genkyo,普通名詞,人;抽象物,,juman
玄米,げんまい,genmai,普通名詞,植物;人工物-食べ物,料理・食事,juman
厳密,げんみつ,genmitsu,ナ形容詞,,,juman
現生,げんなま,gennama,普通名詞,人工物-金銭,,juman
原発,げんぱつ,genpatsu,普通名詞,場所-施設,科学・技術;政治,juman
現品,げんぴん,genpin,普通名詞,人工物-その他,ビジネス,juman
減法,げんぽう,genpo,普通名詞,抽象物,教育・学習,juman
原本,げんぽん,genpon,普通名詞,人工物-その他,,juman
原票,げんぴょう,genpyo,普通名詞,人工物-その他,ビジネス,juman
元老,げんろう,genro,普通名詞,人,,juman
原料,げんりょう,genryo,普通名詞,人工物-その他;自然物,科学・技術;ビジネス,juman
源流,げんりゅう,genryu,普通名詞,場所-自然;抽象物,,juman
原作,げんさく,gensaku,普通名詞,抽象物,文化・芸術,juman
現世,げんせ,gense,普通名詞,時間,文化・芸術,juman
厳正,げんせい,gensei,ナ形容詞,,,juman
原石,げんせき,genseki,普通名詞,自然物,,juman
源泉,げんせん,gensen,普通名詞,場所-自然,,juman
原子,げんし,genshi,普通名詞,自然物,科学・技術,juman
原子核,げんしかく,genshikaku,普通名詞,人工物-その他,科学・技術,juman
玄室,げんしつ,genshitsu,普通名詞,場所-施設,文化・芸術,juman
原初,げんしょ,gensho,普通名詞,時間,,juman
原色,げんしょく,genshoku,普通名詞,色,,juman
元首,げんしゅ,genshu,普通名詞,人,政治,juman
厳粛,げんしゅく,genshuku,ナ形容詞,,,juman
元素,げんそ,genso,普通名詞,自然物,科学・技術,juman
元帥,げんすい,gensui,普通名詞,人,政治,juman
原典,げんてん,genten,普通名詞,人工物-その他;抽象物,文化・芸術,juman
幻灯,げんとう,gento,普通名詞,人工物-その他,,juman
原付き,げんつき,gentsuki,普通名詞,人工物-乗り物,交通,juman
原野,げんや,genya,普通名詞,場所-自然,,juman
原油,げんゆ,genyu,普通名詞,自然物,,juman
現在,げんざい,genzai,時相名詞,時間,,juman
原材料,げんざいりょう,genzairyo,普通名詞,人工物-その他;抽象物,,juman
減算,げんざん,genzan,サ変名詞,抽象物,教育・学習,juman
現像,げんぞう,genzo,サ変名詞,抽象物,文化・芸術,juman
原図,げんず,genzu,普通名詞,人工物-その他,,juman
月賦,げっぷ,geppu,普通名詞,抽象物,家庭・暮らし;ビジネス,juman
戯作者,げさくしゃ,gesakusha,普通名詞,人,文化・芸術,juman
下船,げせん,gesen,サ変名詞,抽象物,交通,juman
下車,げしゃ,gesha,サ変名詞,抽象物,交通,juman
夏至,げし,geshi,時相名詞,時間,,juman
下宿,げしゅく,geshuku,サ変名詞,抽象物,家庭・暮らし,juman
下手人,げしゅにん,geshunin,普通名詞,人,,juman
下足,げそく,gesoku,普通名詞,人工物-衣類,家庭・暮らし,juman
月謝,げっしゃ,gessha,普通名詞,人工物-金銭,教育・学習,juman
月収,げっしゅう,gesshu,普通名詞,人工物-金銭,ビジネス,juman
下水,げすい,gesui,普通名詞,人工物-その他,,juman
下駄,げた,geta,普通名詞,人工物-衣類,家庭・暮らし,juman
月面,げつめん,getsumen,普通名詞,場所-その他,,juman
月曜,げつよう,getsuyo,時相名詞,時間,,juman
月曜日,げつようび,getsuyobi,時相名詞,時間,,juman
下剤,げざい,gezai,普通名詞,人工物-食べ物,健康・医学,juman
下山,げざん,gezan,サ変名詞,抽象物,レクリエーション;スポーツ,juman
義母,ぎぼ,gibo,普通名詞,人,家庭・暮らし,juman
毬杖,ぎちょう,gicho,普通名詞,人工物-その他,レクリエーション,juman
犠打,ぎだ,gida,普通名詞,抽象物,スポーツ,juman
義太夫,ぎだゆう,gidayu,普通名詞,抽象物,文化・芸術,juman
義父,ぎふ,gifu,普通名詞,人,家庭・暮らし,juman
技芸,ぎげい,gigei,普通名詞,抽象物,文化・芸術,juman
犠飛,ぎひ,gihi,普通名詞,抽象物,スポーツ,juman
議員,ぎいん,giin,普通名詞,人,政治,juman
議場,ぎじょう,gijo,普通名詞,組織・団体,政治,juman
義塾,ぎじゅく,gijuku,普通名詞,組織・団体;場所-施設,教育・学習,juman
議会,ぎかい,gikai,普通名詞,組織・団体,政治,juman
技官,ぎかん,gikan,普通名詞,人,科学・技術,juman
義兄,ぎけい,gikei,普通名詞,人,家庭・暮らし,juman
技巧,ぎこう,giko,普通名詞,抽象物,文化・芸術,juman
ぎこちない,ぎこちない,gikochinai,イ形容詞,,,juman
戯曲,ぎきょく,gikyoku,普通名詞,抽象物,文化・芸術,juman
義妹,ぎまい,gimai,普通名詞,人,家庭・暮らし,juman
銀,ぎん,gin,普通名詞,自然物,,manual
銀河,ぎんが,ginga,普通名詞,場所-自然,,juman
銀色,ぎんいろ,giniro,普通名詞,色,,juman
吟醸,ぎんじょう,ginjo,サ変名詞,抽象物,料理・食事,juman
銀貨,ぎんか,ginka,普通名詞,人工物-金銭,,juman
銀行,ぎんこう,ginko,普通名詞,組織・団体;場所-施設,ビジネス,juman
銀幕,ぎんまく,ginmaku,普通名詞,人工物-その他,文化・芸術,juman
銀杏,ぎんなん,ginnan,普通名詞,植物-部位;人工物-食べ物,,juman
銀杯,ぎんぱい,ginpai,普通名詞,人工物-その他,,juman
銀箔,ぎんぱく,ginpaku,普通名詞,自然物,,juman
吟遊,ぎんゆう,ginyu,サ変名詞,抽象物,文化・芸術,juman
擬音,ぎおん,gion,普通名詞,抽象物,教育・学習,juman
ぎらつく,ぎらつく,giratsuku,動詞,,,juman
儀礼,ぎれい,girei,普通名詞,抽象物,文化・芸術,juman
ぎりぎり,ぎりぎり,girigiri,ナ形容詞,,,juman
擬声語,ぎせいご,giseigo,普通名詞,抽象物,教育・学習,juman
議席,ぎせき,giseki,普通名詞,場所-施設部位,政治,juman
技師,ぎし,gishi,普通名詞,人,科学・技術,juman
儀式,ぎしき,gishiki,普通名詞,抽象物,文化・芸術,juman
義足,ぎそく,gisoku,普通名詞,人工物-その他,健康・医学,juman
義弟,ぎてい,gitei,普通名詞,人,家庭・暮らし,juman
儀典,ぎてん,giten,普通名詞,抽象物,文化・芸術,juman
碁盤,ごばん,goban,普通名詞,人工物-その他,レクリエーション;スポーツ,juman
牛蒡,ごぼう,gobo,普通名詞,植物;人工物-食べ物,料理・食事,juman
ごぼう抜き,ごぼうぬき,gobonuki,サ変名詞,抽象物,スポーツ,juman
御馳走,ごちそう,gochiso,サ変名詞,人工物-食べ物,料理・食事,juman
伍長,ごちょう,gocho,普通名詞,人,,juman
合同,ごうどう,godo,ナ形容詞,,,juman
護符,ごふ,gofu,普通名詞,人工物-その他,文化・芸術,juman
呉服,ごふく,gofuku,普通名詞,人工物-その他,,juman
号外,ごうがい,gogai,普通名詞,人工物-その他,メディア,juman
語学,ごがく,gogaku,普通名詞,抽象物,教育・学習,juman
午後,ごご,gogo,時相名詞,時間,,juman
御飯,ごはん,gohan,普通名詞,人工物-食べ物,料理・食事,juman
合否,ごうひ,gohi,普通名詞,抽象物,教育・学習,juman
語法,ごほう,goho,普通名詞,抽象物,教育・学習,juman
語彙,ごい,goi,普通名詞,抽象物,教育・学習,juman
強引,ごういん,goin,ナ形容詞,,,juman
碁石,ごいし,goishi,普通名詞,自然物,レクリエーション;スポーツ,juman
後日,ごじつ,gojitsu,時相名詞,時間,,juman
強情,ごうじょう,gojo,ナ形容詞,,,juman
五重塔,ごじゅうのとう,gojunoto,普通名詞,場所-施設,文化・芸術,juman
五十音,ごじゅうおん,gojuon,普通名詞,抽象物,教育・学習,juman
豪華,ごうか,goka,ナ形容詞,,,juman
豪華版,ごうかばん,gokaban,普通名詞,人工物-その他,,juman
豪快,ごうかい,gokai,ナ形容詞,,,juman
合格,ごうかく,gokaku,サ変名詞,抽象物,教育・学習,juman
五官,ごかん,gokan,普通名詞,動物-部位,,juman
御家人,ごけにん,gokenin,普通名詞,人,,juman
豪傑,ごうけつ,goketsu,普通名詞,人,,juman
ごきぶり,ごきぶり,gokiburi,普通名詞,動物,,juman
合金,ごうきん,gokin,普通名詞,自然物,,juman
ごっこ,ごっこ,gokko,普通名詞,抽象物,,juman
五穀,ごこく,gokoku,普通名詞,植物,料理・食事,juman
極道,ごくどう,gokudo,普通名詞,人,,juman
極楽,ごくらく,gokuraku,普通名詞,場所-その他,文化・芸術,juman
号泣,ごうきゅう,gokyu,サ変名詞,抽象物,,manual
胡麻,ごま,goma,普通名詞,植物;人工物-食べ物,料理・食事,juman
胡麻油,ごまあぶら,gomaabura,普通名詞,人工物-食べ物;自然物,料理・食事,juman
ごまかす,ごまかす,gomakasu,動詞,,,juman
傲慢,ごうまん,goman,ナ形容詞,,,juman
塵箱,ごみばこ,gomibako,普通名詞,人工物-その他,家庭・暮らし,juman
五目,ごもく,gomoku,普通名詞,抽象物,レクリエーション;料理・食事,juman
呉音,ごおん,gon,普通名詞,抽象物,教育・学習,juman
言偏,ごんべん,gonben,普通名詞,抽象物,教育・学習,juman
ごねる,ごねる,goneru,動詞,,,juman
権化,ごんげ,gonge,普通名詞,抽象物,文化・芸術,juman
権現,ごんげん,gongen,普通名詞,人,文化・芸術,juman
娯楽,ごらく,goraku,普通名詞,抽象物,レクリエーション,juman
五輪,ごりん,gorin,普通名詞,抽象物,文化・芸術;スポーツ,juman
御利益,ごりやく,goriyaku,普通名詞,抽象物,文化・芸術,juman
ごろつき,ごろつき,gorotsuki,普通名詞,人,,juman
御陵,ごりょう,goryo,普通名詞,場所-施設,政治,juman
後妻,ごさい,gosai,普通名詞,人,家庭・暮らし,juman
碁聖,ごせい,gosei,普通名詞,人,レクリエーション;スポーツ,juman
合繊,ごうせん,gosen,普通名詞,人工物-その他,科学・技術,juman
五線紙,ごせんし,gosenshi,普通名詞,人工物-その他,文化・芸術,juman
語釈,ごしゃく,goshaku,普通名詞,抽象物,教育・学習,juman
合祀,ごうし,goshi,サ変名詞,抽象物,文化・芸術,juman
五七調,ごしちちょう,goshichicho,普通名詞,形・模様,文化・芸術,juman
五色,ごしき,goshiki,普通名詞,色,,juman
豪商,ごうしょう,gosho,普通名詞,人,,juman
御所車,ごしょぐるま,goshoguruma,普通名詞,人工物-乗り物,文化・芸術;政治,juman
ごたつく,ごたつく,gotatsuku,動詞,,,juman
後手,ごて,gote,普通名詞,抽象物,レクリエーション;スポーツ,juman
豪邸,ごうてい,gotei,普通名詞,場所-施設,家庭・暮らし,juman
御殿,ごてん,goten,普通名詞,場所-施設,,juman
ご都合主義,ごつごうしゅぎ,gotsugoshugi,普通名詞,抽象物,,juman
ごった返す,ごったがえす,gottagaesu,動詞,,,juman
誤訳,ごやく,goyaku,サ変名詞,抽象物,文化・芸術,juman
御用邸,ごようてい,goyotei,普通名詞,場所-施設,政治,juman
茣蓙,ござ,goza,普通名詞,人工物-その他,,juman
午前,ごぜん,gozen,時相名詞,時間,,juman
五臓,ごぞう,gozo,普通名詞,動物-部位,健康・医学,juman
豪族,ごうぞく,gozoku,普通名詞,人,,juman
ぐちゃぐちゃ,ぐちゃぐちゃ,guchagucha,ナ形容詞,,,juman
宮司,ぐうじ,guji,普通名詞,人,文化・芸術,juman
胡頽子,ぐみ,gumi,普通名詞,植物;人工物-食べ物,料理・食事,juman
軍馬,ぐんば,gunba,普通名詞,動物,政治,juman
軍配,ぐんばい,gunbai,サ変名詞,人工物-その他;抽象物,スポーツ,juman
軍部,ぐんぶ,gunbu,普通名詞,組織・団体,政治,juman
軍団,ぐんだん,gundan,普通名詞,組織・団体,,juman
群読,ぐんどく,gundoku,普通名詞,抽象物,教育・学習,juman
軍医,ぐんい,guni,普通名詞,人,健康・医学;政治,juman
軍人,ぐんじん,gunjin,普通名詞,人,政治,juman
群青色,ぐんじょういろ,gunjoiro,普通名詞,色,,juman
軍靴,ぐんか,gunka,普通名詞,人工物-衣類,政治,juman
軍艦,ぐんかん,gunkan,普通名詞,人工物-乗り物,政治,juman
軍旗,ぐんき,gunki,普通名詞,人工物-その他,政治,juman
軍港,ぐんこう,gunko,普通名詞,場所-施設,政治,juman
軍国,ぐんこく,gunkoku,普通名詞,組織・団体,政治,juman
軍服,ぐんぷく,gunpuku,普通名詞,人工物-その他,政治,juman
群落,ぐんらく,gunraku,普通名詞,場所-その他;抽象物,,juman
軍将,ぐんしょう,gunsho,普通名詞,人,政治,juman
群衆,ぐんしゅう,gunshu,普通名詞,人,,juman
軍曹,ぐんそう,gunso,普通名詞,人,政治,juman
軍隊,ぐんたい,guntai,普通名詞,組織・団体,政治,juman
軍手,ぐんて,gunte,普通名詞,人工物-衣類,,juman
群島,ぐんとう,gunto,普通名詞,場所-自然,,juman
群雄,ぐんゆう,gunyu,普通名詞,人,,juman
軍属,ぐんぞく,gunzoku,普通名詞,人,政治,juman
ぐらぐら,ぐらぐら,guragura,ナ形容詞,,,juman
ぐらつく,ぐらつく,guratsuku,動詞,,,juman
ぐれる,ぐれる,gureru,動詞,,,juman
ぐるぐる巻き,ぐるぐるまき,gurugurumaki,普通名詞,抽象物,,juman
寓話,ぐうわ,guwa,普通名詞,抽象物,文化・芸術,juman
偶然,ぐうぜん,guzen,ナ形容詞,,,juman
偶像,ぐうぞう,guzo,普通名詞,抽象物,文化・芸術,juman
ぐず,ぐず,guzu,ナ形容詞,,,juman
ぐずる,ぐずる,guzuru,動詞,,家庭・暮らし,juman
ぐずつく,ぐずつく,guzutsuku,動詞,,,juman
逆,ぎゃく,gyaku,ナ形容詞,,,juman
逆戻り,ぎゃくもどり,gyakumodori,サ変名詞,抽象物,,juman
漁場,ぎょば,gyoba,普通名詞,場所-その他,,juman
蟯虫,ぎょうちゅう,gyochu,普通名詞,動物,健康・医学,juman
魚影,ぎょえい,gyoei,普通名詞,形・模様,,juman
御苑,ぎょえん,gyoen,普通名詞,場所-施設,,juman
漁夫,ぎょふ,gyofu,普通名詞,人,,juman
行儀,ぎょうぎ,gyogi,普通名詞,抽象物,家庭・暮らし,juman
漁具,ぎょぐ,gyogu,普通名詞,人工物-その他,,juman
行者,ぎょうじゃ,gyoja,普通名詞,人,文化・芸術,juman
行司,ぎょうじ,gyoji,普通名詞,人,スポーツ,juman
漁場,ぎょじょう,gyojo,普通名詞,場所-その他,,juman
魚介,ぎょかい,gyokai,普通名詞,動物;人工物-食べ物,料理・食事,juman
行間,ぎょうかん,gyokan,普通名詞,場所-その他,,juman
漁港,ぎょこう,gyoko,普通名詞,場所-施設,,juman
玉露,ぎょくろ,gyokuro,普通名詞,人工物-食べ物,料理・食事,juman
玉石,ぎょくせき,gyokuseki,普通名詞,自然物,,juman
漁協,ぎょきょう,gyokyo,普通名詞,組織・団体,,juman
漁民,ぎょみん,gyomin,普通名詞,人,,juman
漁網,ぎょもう,gyomo,普通名詞,人工物-その他,,juman
魚肉,ぎょにく,gyoniku,普通名詞,人工物-食べ物,料理・食事,juman
行人偏,ぎょうにんべん,gyoninben,普通名詞,抽象物,教育・学習,juman
魚雷,ぎょらい,gyorai,普通名詞,人工物-その他,政治,juman
行列,ぎょうれつ,gyoretsu,サ変名詞,形・模様,,juman
魚類,ぎょるい,gyorui,普通名詞,動物,,juman
行政書士,ぎょうせいしょし,gyoseishoshi,普通名詞,人,政治,juman
漁船,ぎょせん,gyosen,普通名詞,人工物-乗り物,,juman
業者,ぎょうしゃ,gyosha,普通名詞,人,ビジネス,juman
行書,ぎょうしょ,gyosho,普通名詞,抽象物,文化・芸術,juman
漁村,ぎょそん,gyoson,普通名詞,場所-その他,,juman
餃子,ぎょーざ,gyoza,普通名詞,人工物-食べ物,料理・食事,juman
行水,ぎょうずい,gyozui,サ変名詞,抽象物,家庭・暮らし,juman
牛飲馬食,ぎゅういんばしょく,gyuinbashoku,サ変名詞,抽象物,料理・食事,juman
牛肉,ぎゅうにく,gyuniku,普通名詞,人工物-食べ物,料理・食事,juman
牛乳,ぎゅうにゅう,gyunyu,普通名詞,人工物-食べ物;自然物,料理・食事,juman
牛車,ぎゅうしゃ,gyusha,普通名詞,人工物-乗り物,,juman
牛刀,ぎゅうとう,gyuto,普通名詞,人工物-その他,料理・食事,juman
幅,はば,haba,普通名詞,場所-機能;抽象物,,juman
憚る,はばかる,habakaru,動詞,,,juman
阻む,はばむ,habamu,動詞,,,juman
羽ばたく,はばたく,habataku,動詞,,,juman
幅跳び,はばとび,habatobi,普通名詞,抽象物,スポーツ,juman
派閥,はばつ,habatsu,普通名詞,組織・団体,政治,juman
侍る,はべる,haberu,動詞,,,juman
はびこる,はびこる,habikoru,動詞,,,juman
波布,はぶ,habu,普通名詞,動物,,juman
省く,はぶく,habuku,動詞,,,juman
羽振り,はぶり,haburi,普通名詞,抽象物,,juman
羽二重,はぶたえ,habutae,普通名詞,人工物-その他,,juman
はちゃめちゃ,はちゃめちゃ,hachamecha,ナ形容詞,,,juman
蜂,はち,hachi,普通名詞,動物,,juman
鉢合わせ,はちあわせ,hachiawase,サ変名詞,抽象物,,juman
蜂鳥,はちどり,hachidori,普通名詞,動物,,juman
はち切れる,はちきれる,hachikireru,動詞,,,juman
鉢巻き,はちまき,hachimaki,サ変名詞,人工物-衣類,スポーツ;家庭・暮らし,juman
八幡宮,はちまんぐう,hachimangu,普通名詞,組織・団体;場所-施設,文化・芸術,juman
蜂蜜,はちみつ,hachimitsu,普通名詞,人工物-食べ物;自然物,料理・食事,juman
鉢植え,はちうえ,hachiue,普通名詞,植物,,juman
爬虫類,はちゅうるい,hachurui,普通名詞,動物,,juman
肌,はだ,hada,普通名詞,動物-部位,,juman
肌着,はだぎ,hadagi,普通名詞,人工物-衣類,家庭・暮らし,juman
肌色,はだいろ,hadairo,普通名詞,色,,juman
はだける,はだける,hadakeru,動詞,,,juman
肌身,はだみ,hadami,普通名詞,動物-部位,,juman
肌触り,はだざわり,hadazawari,普通名詞,抽象物,,juman
派手,はで,hade,ナ形容詞,,,juman
歯止め,はどめ,hadome,普通名詞,抽象物,,juman
蠅,はえ,hae,普通名詞,動物,,juman
生え際,はえぎわ,haegiwa,普通名詞,場所-その他,,juman
延縄,はえなわ,haenawa,普通名詞,人工物-その他,,juman
生え抜き,はえぬき,haenuki,普通名詞,抽象物,家庭・暮らし;ビジネス,juman
映える,はえる,haeru,動詞,,,juman
羽交い締め,はがいじめ,hagaijime,普通名詞,抽象物,,juman
葉書き,はがき,hagaki,普通名詞,人工物-その他,家庭・暮らし,juman
鋼,はがね,hagane,普通名詞,人工物-その他,科学・技術,juman
剥がれる,はがれる,hagareru,動詞,,,juman
剥がす,はがす,hagasu,動詞,,,juman
歯形,はがた,hagata,普通名詞,形・模様,健康・医学,juman
励ます,はげます,hagemasu,動詞,,,juman
励む,はげむ,hagemu,動詞,,,juman
剥げる,はげる,hageru,動詞,,,juman
激しい,はげしい,hageshii,イ形容詞,,,juman
萩,はぎ,hagi,普通名詞,植物,,juman
はぎ合わせる,はぎあわせる,hagiawaseru,動詞,,家庭・暮らし,juman
はぎ合わす,はぎあわす,hagiawasu,動詞,,,juman
接ぎ目,はぎめ,hagime,普通名詞,人工物-その他,,juman
端切れ,はぎれ,hagire,普通名詞,人工物-その他,,juman
羽子板,はごいた,hagoita,普通名詞,人工物-その他,レクリエーション,juman
羽衣,はごろも,hagoromo,普通名詞,人工物-衣類,,juman
歯応え,はごたえ,hagotae,普通名詞,抽象物,料理・食事,juman
剥ぐ,はぐ,hagu,動詞,,,juman
歯茎,はぐき,haguki,普通名詞,動物-部位,健康・医学,juman
育む,はぐくむ,hagukumu,動詞,,家庭・暮らし,juman
はぐらかす,はぐらかす,hagurakasu,動詞,,,juman
はぐれる,はぐれる,hagureru,動詞,,,juman
歯車,はぐるま,haguruma,普通名詞,人工物-その他,,juman
母,はは,haha,普通名詞,人,家庭・暮らし,juman
母方,ははかた,hahakata,普通名詞,抽象物,家庭・暮らし,juman
母子草,ははこぐさ,hahakogusa,普通名詞,植物,料理・食事,juman
母親,ははおや,hahaoya,普通名詞,人,家庭・暮らし,juman
母上,ははうえ,hahaue,普通名詞,人,家庭・暮らし,juman
破片,はへん,hahen,普通名詞,人工物-その他,,juman
灰,はい,hai,普通名詞,自然物,,juman
敗北,はいぼく,haiboku,サ変名詞,抽象物,スポーツ;政治,juman
廃部,はいぶ,haibu,サ変名詞,抽象物,スポーツ;教育・学習,juman
廃物,はいぶつ,haibutsu,普通名詞,人工物-その他,,juman
俳壇,はいだん,haidan,普通名詞,場所-その他,文化・芸術,juman
拝殿,はいでん,haiden,普通名詞,場所-施設,文化・芸術,juman
廃液,はいえき,haieki,普通名詞,人工物-その他,科学・技術,juman
排煙,はいえん,haien,サ変名詞,人工物-その他,科学・技術,juman
胚芽,はいが,haiga,普通名詞,植物-部位,,juman
背後,はいご,haigo,普通名詞,場所-その他,,juman
配偶,はいぐう,haigu,サ変名詞,人;抽象物,家庭・暮らし,juman
廃品,はいひん,haihin,普通名詞,人工物-その他,,juman
敗因,はいいん,haiin,普通名詞,抽象物,スポーツ,juman
灰色,はいいろ,haiiro,普通名詞,色,,juman
灰石,はいいし,haiishi,普通名詞,自然物,,juman
廃寺,はいじ,haiji,普通名詞,抽象物,文化・芸術,juman
俳人,はいじん,haijin,普通名詞,人,文化・芸術,juman
配下,はいか,haika,普通名詞,人,,juman
拝観,はいかん,haikan,サ変名詞,抽象物,文化・芸術,juman
排気,はいき,haiki,サ変名詞,人工物-その他;抽象物,科学・技術;交通,juman
廃校,はいこう,haiko,普通名詞,場所-施設;抽象物,教育・学習,juman
俳句,はいく,haiku,普通名詞,抽象物,文化・芸術,juman
廃墟,はいきょ,haikyo,普通名詞,場所-施設;抽象物,,juman
配球,はいきゅう,haikyu,普通名詞,抽象物,スポーツ,juman
背面,はいめん,haimen,普通名詞,場所-その他,,juman
肺門,はいもん,haimon,普通名詞,動物-部位,健康・医学,juman
胚乳,はいにゅう,hainyu,普通名詞,植物-部位,,juman
廃屋,はいおく,haioku,普通名詞,場所-施設,,juman
拝礼,はいれい,hairei,サ変名詞,抽象物,文化・芸術,juman
入る,はいる,hairu,動詞,,,juman
廃船,はいせん,haisen,普通名詞,人工物-乗り物,交通,juman
廃車,はいしゃ,haisha,普通名詞,人工物-乗り物,交通,juman
俳誌,はいし,haishi,普通名詞,人工物-その他,文化・芸術,juman
敗色,はいしょく,haishoku,普通名詞,抽象物,スポーツ,juman
配水,はいすい,haisui,サ変名詞,抽象物,家庭・暮らし,juman
排水溝,はいすいこう,haisuiko,普通名詞,場所-施設,家庭・暮らし,juman
敗退,はいたい,haitai,サ変名詞,抽象物,スポーツ,juman
配点,はいてん,haiten,サ変名詞,抽象物,教育・学習,juman
配当,はいとう,haito,サ変名詞,人工物-金銭,ビジネス,juman
配役,はいやく,haiyaku,普通名詞,抽象物,文化・芸術,juman
俳優,はいゆう,haiyu,普通名詞,人,文化・芸術,juman
廃材,はいざい,haizai,普通名詞,人工物-その他,,juman
灰皿,はいざら,haizara,普通名詞,人工物-その他,家庭・暮らし,juman
配膳,はいぜん,haizen,サ変名詞,抽象物,料理・食事,juman
肺臓,はいぞう,haizo,普通名詞,動物-部位,健康・医学,juman
恥,はじ,haji,普通名詞,抽象物,,juman
弾ける,はじける,hajikeru,動詞,,,juman
弾く,はじく,hajiku,動詞,,,juman
始まる,はじまる,hajimaru,動詞,,,juman
初め,はじめ,hajime,時相名詞,時間,,juman
始める,はじめる,hajimeru,動詞,,,juman
恥の上塗り,はじのうわぬり,hajinowanuri,普通名詞,抽象物,,juman
恥じらう,はじらう,hajirau,動詞,,,juman
恥曝し,はじさらし,hajisarashi,ナ形容詞,,,juman
恥知らず,はじしらず,hajishirazu,ナ形容詞,,,juman
はかばかしい,はかばかしい,hakabakashii,イ形容詞,,,juman
捗る,はかどる,hakadoru,動詞,,,juman
破格,はかく,hakaku,ナ形容詞,,,juman
袴,はかま,hakama,普通名詞,人工物-衣類,家庭・暮らし,juman
計らう,はからう,hakarau,動詞,,,juman
秤,はかり,hakari,普通名詞,人工物-その他,料理・食事,juman
図る,はかる,hakaru,動詞,,,juman
刷毛,はけ,hake,普通名詞,人工物-その他,,juman
捌け口,はけぐち,hakeguchi,普通名詞,抽象物,,juman
波形,はけい,hakei,普通名詞,形・模様,,juman
捌ける,はける,hakeru,動詞,,,juman
掃き溜め,はきだめ,hakidame,普通名詞,場所-その他,,juman
履き物,はきもの,hakimono,普通名詞,人工物-衣類,家庭・暮らし,juman
発刊,はっかん,hakkan,サ変名詞,抽象物,文化・芸術;メディア,juman
発券,はっけん,hakken,サ変名詞,抽象物,交通,juman
白金,はっきん,hakkin,普通名詞,自然物,科学・技術,juman
発行,はっこう,hakko,サ変名詞,抽象物,文化・芸術;メディア,juman
白球,はっきゅう,hakkyu,普通名詞,人工物-その他,スポーツ,juman
箱,はこ,hako,普通名詞,人工物-その他,,juman
繁縷,はこべ,hakobe,普通名詞,植物,料理・食事,juman
運ぶ,はこぶ,hakobu,動詞,,,juman
方舟,はこぶね,hakobune,普通名詞,人工物-乗り物,交通,juman
箱入り,はこいり,hakoiri,普通名詞,抽象物,,juman
箱庭,はこにわ,hakoniwa,普通名詞,人工物-その他,健康・医学,juman
箱詰め,はこづめ,hakozume,サ変名詞,抽象物,,juman
箔,はく,haku,普通名詞,自然物,,juman
白亜紀,はくあき,hakuaki,普通名詞,時間,科学・技術,juman
白眉,はくび,hakubi,普通名詞,人,,juman
白墨,はくぼく,hakuboku,普通名詞,人工物-その他,教育・学習,juman
博物,はくぶつ,hakubutsu,普通名詞,人工物-その他,,juman
白鳥,はくちょう,hakucho,普通名詞,動物,,juman
白昼,はくちゅう,hakuchu,時相名詞,時間,,juman
白銅,はくどう,hakudo,普通名詞,自然物,科学・技術,juman
白煙,はくえん,hakuen,普通名詞,自然物,,juman
博学,はくがく,hakugaku,普通名詞,抽象物,教育・学習;科学・技術,juman
迫撃砲,はくげきほう,hakugekiho,普通名詞,人工物-その他,政治,juman
白銀,はくぎん,hakugin,普通名詞,自然物,,juman
白鳳,はくほう,hakuho,普通名詞,動物,,juman
白票,はくひょう,hakuhyo,普通名詞,人工物-その他,政治,juman
白衣,はくい,hakui,普通名詞,人工物-衣類,健康・医学;料理・食事,juman
薄弱,はくじゃく,hakujaku,ナ形容詞,,,juman
白磁,はくじ,hakuji,普通名詞,人工物-その他,料理・食事,juman
白日,はくじつ,hakujitsu,普通名詞,自然物,,juman
薄情,はくじょう,hakujo,ナ形容詞,,,juman
白米,はくまい,hakumai,普通名詞,植物;人工物-食べ物,料理・食事,juman
薄膜,はくまく,hakumaku,普通名詞,人工物-その他,,juman
薄命,はくめい,hakumei,ナ形容詞,,家庭・暮らし;健康・医学,juman
白露,はくろ,hakuro,時相名詞,時間,,juman
白菜,はくさい,hakusai,普通名詞,植物;人工物-食べ物,料理・食事,juman
剥製,はくせい,hakusei,普通名詞,人工物-その他,,juman
白線,はくせん,hakusen,普通名詞,人工物-その他,,juman
白雪,はくせつ,hakusetsu,普通名詞,自然物,,juman
拍車,はくしゃ,hakusha,普通名詞,人工物-その他;抽象物,,juman
伯爵,はくしゃく,hakushaku,普通名詞,人,政治,juman
白紙,はくし,hakushi,普通名詞,人工物-その他,,juman
博識,はくしき,hakushiki,ナ形容詞,,,juman
迫真,はくしん,hakushin,普通名詞,抽象物,文化・芸術,juman
白書,はくしょ,hakusho,普通名詞,人工物-その他;抽象物,政治,juman
白色,はくしょく,hakushoku,普通名詞,色,,juman
拍手,はくしゅ,hakushu,サ変名詞,抽象物,,manual
浜,はま,hama,普通名詞,場所-自然,,juman
浜辺,はまべ,hamabe,普通名詞,場所-自然,,juman
はまち,はまち,hamachi,普通名詞,動物;人工物-食べ物,料理・食事,juman
蛤,はまぐり,hamaguri,普通名詞,動物;人工物-食べ物,料理・食事,juman
葉巻,はまき,hamaki,普通名詞,人工物-その他,料理・食事,juman
はまる,はまる,hamaru,動詞,,,juman
破魔矢,はまや,hamaya,普通名詞,人工物-その他,文化・芸術,juman
羽目,はめ,hame,普通名詞,場所-施設部位,,juman
羽目板,はめいた,hameita,普通名詞,人工物-その他,,juman
はめる,はめる,hameru,動詞,,,juman
歯磨き,はみがき,hamigaki,普通名詞,抽象物,家庭・暮らし,juman
波紋,はもん,hamon,普通名詞,形・模様,,juman
刃物,はもの,hamono,普通名詞,人工物-その他,家庭・暮らし,juman
食む,はむ,hamu,動詞,,料理・食事,juman
花,はな,hana,普通名詞,植物,,juman
花畑,はなばたけ,hanabatake,普通名詞,場所-その他,,juman
花火,はなび,hanabi,普通名詞,人工物-その他,レクリエーション,juman
花冷え,はなびえ,hanabie,サ変名詞,抽象物,,juman
花びら,はなびら,hanabira,普通名詞,植物-部位,,juman
花房,はなぶさ,hanabusa,普通名詞,植物-部位,,juman
花便り,はなだより,hanadayori,普通名詞,抽象物,文化・芸術,juman
花時,はなどき,hanadoki,普通名詞,時間,,juman
花柄,はながら,hanagara,普通名詞,形・模様,,juman
花形,はながた,hanagata,普通名詞,人,,juman
花暦,はなごよみ,hanagoyomi,普通名詞,時間,,juman
花曇り,はなぐもり,hanagumori,普通名詞,抽象物,,juman
甚だしい,はなはだしい,hanahadashii,イ形容詞,,,juman
鼻汁,はなじる,hanajiru,普通名詞,自然物,健康・医学,juman
花丸,はなまる,hanamaru,普通名詞,形・模様,,juman
花祭り,はなまつり,hanamatsuri,普通名詞,抽象物,文化・芸術,juman
花見,はなみ,hanami,サ変名詞,抽象物,レクリエーション,juman
花道,はなみち,hanamichi,普通名詞,場所-施設部位,文化・芸術,juman
鼻水,はなみず,hanamizu,普通名詞,自然物,,juman
鼻持ち,はなもち,hanamochi,普通名詞,抽象物,,juman
はなむけ,はなむけ,hanamuke,普通名詞,抽象物,,juman
花婿,はなむこ,hanamuko,普通名詞,人,家庭・暮らし,juman
花筵,はなむしろ,hanamushiro,普通名詞,人工物-その他,,juman
鼻緒,はなお,hanao,普通名詞,人工物-その他,家庭・暮らし,juman
鼻っ柱,はなっぱしら,hanappashira,普通名詞,抽象物,,juman
離れ離れ,はなればなれ,hanarebanare,ナ形容詞,,,juman
離れ島,はなれじま,hanarejima,普通名詞,場所-自然,,juman
放れる,はなれる,hanareru,動詞,,,juman
離れ業,はなれわざ,hanarewaza,普通名詞,抽象物,,juman
鼻先,はなさき,hanasaki,普通名詞,動物-部位;場所-その他,,juman
話,はなし,hanashi,サ変名詞,抽象物,,juman
話し相手,はなしあいて,hanashiaite,普通名詞,人,,juman
放し飼い,はなしがい,hanashigai,サ変名詞,抽象物,,juman
話し声,はなしごえ,hanashigoe,普通名詞,抽象物,,juman
花菖蒲,はなしょうぶ,hanashobu,普通名詞,植物,,juman
放す,はなす,hanasu,動詞,,,juman
鼻筋,はなすじ,hanasuji,普通名詞,形・模様,,juman
花束,はなたば,hanataba,普通名詞,人工物-その他,,juman
放つ,はなつ,hanatsu,動詞,,,juman
鼻摘まみ,はなつまみ,hanatsumami,普通名詞,人;抽象物,,juman
鼻歌,はなうた,hanauta,普通名詞,抽象物,レクリエーション,juman
塙,はなわ,hanawa,普通名詞,場所-自然,,juman
花屋,はなや,hanaya,普通名詞,組織・団体;場所-施設,,juman
華やげる,はなやげる,hanayageru,動詞,,,juman
華やぐ,はなやぐ,hanayagu,動詞,,,juman
華やか,はなやか,hanayaka,ナ形容詞,,,juman
花嫁,はなよめ,hanayome,普通名詞,人,家庭・暮らし,juman
花盛り,はなざかり,hanazakari,普通名詞,抽象物,,juman
花園,はなぞの,hanazono,普通名詞,場所-その他,,juman
鼻面,はなづら,hanazura,普通名詞,動物-部位,,juman
班長,はんちょう,hancho,普通名詞,人,,juman
はんだ,はんだ,handa,普通名詞,自然物,科学・技術,juman
半導体,はんどうたい,handotai,普通名詞,自然物,科学・技術,juman
羽根,はね,hane,普通名詞,動物-部位,,juman
半円,はんえん,hanen,普通名詞,形・模様,,juman
撥ねのける,はねのける,hanenokeru,動詞,,,juman
撥ねる,はねる,haneru,動詞,,,juman
羽根突,はねつき,hanetsuki,サ変名詞,抽象物,レクリエーション,juman
版画,はんが,hanga,普通名詞,人工物-その他;抽象物,文化・芸術,juman
半月,はんげつ,hangetsu,普通名詞,自然物,,juman
版木,はんぎ,hangi,普通名詞,人工物-その他,文化・芸術,juman
飯盒,はんごう,hango,普通名詞,人工物-その他,料理・食事;レクリエーション,juman
範囲,はんい,hani,普通名詞,場所-機能,,juman
はにかみ屋,はにかみや,hanikamiya,普通名詞,人,,juman
はにかむ,はにかむ,hanikamu,動詞,,,juman
埴輪,はにわ,haniwa,普通名詞,人工物-その他,文化・芸術,juman
判事,はんじ,hanji,普通名詞,人,政治,juman
半熟,はんじゅく,hanjuku,普通名詞,抽象物,料理・食事,juman
繁華街,はんかがい,hankagai,普通名詞,場所-その他,,juman
半期,はんき,hanki,時相名詞,時間,,juman
半規管,はんきかん,hankikan,普通名詞,動物-部位,健康・医学,juman
判こ,はんこ,hanko,普通名詞,人工物-その他,家庭・暮らし;ビジネス,juman
半球,はんきゅう,hankyu,普通名詞,形・模様,,juman
半身,はんみ,hanmi,普通名詞,動物-部位;抽象物,,juman
版元,はんもと,hanmoto,普通名詞,組織・団体,文化・芸術;メディア,juman
半日,はんにち,hannichi,時相名詞,時間,,juman
般若,はんにゃ,hannya,普通名詞,抽象物,文化・芸術,juman
半端,はんぱ,hanpa,ナ形容詞,,,juman
半片,はんぺん,hanpen,普通名詞,人工物-食べ物,料理・食事,juman
半輪,はんりん,hanrin,普通名詞,形・模様,,juman
伴侶,はんりょ,hanryo,普通名詞,人,家庭・暮らし,juman
反省,はんせい,hansei,サ変名詞,抽象物,,manual
帆船,はんせん,hansen,普通名詞,人工物-乗り物,交通,juman
半紙,はんし,hanshi,普通名詞,人工物-その他,,juman
半身,はんしん,hanshin,普通名詞,動物-部位,,juman
半鐘,はんしょう,hansho,普通名詞,人工物-その他,,juman
藩主,はんしゅ,hanshu,普通名詞,人,政治,juman
帆走,はんそう,hanso,サ変名詞,抽象物,交通,juman
半袖,はんそで,hansode,普通名詞,人工物-衣類,家庭・暮らし,juman
反対,はんたい,hantai,ナ形容詞,,,juman
半纏,はんてん,hanten,普通名詞,人工物-衣類,家庭・暮らし,juman
半島,はんとう,hanto,普通名詞,場所-自然,,juman
半時,はんとき,hantoki,時相名詞,時間,,juman
半透明,はんとうめい,hantomei,普通名詞,色,,juman
半年,はんとし,hantoshi,時相名詞,時間,,juman
半月,はんつき,hantsuki,時相名詞,時間,,juman
繁雑,はんざつ,hanzatsu,ナ形容詞,,,juman
覇王,はおう,hao,普通名詞,人,,juman
羽織,はおり,haori,普通名詞,人工物-衣類,家庭・暮らし,juman
葉っぱ,はっぱ,happa,普通名詞,植物-部位,,juman
法被,はっぴ,happi,普通名詞,人工物-衣類,家庭・暮らし,juman
八方,はっぽう,happo,普通名詞,場所-その他,,juman
発表,はっぴょう,happyo,サ変名詞,抽象物,,manual
原,はら,hara,普通名詞,場所-自然,,juman
腹這,はらばい,harabai,普通名詞,抽象物,家庭・暮らし,juman
腹鰭,はらびれ,harabire,普通名詞,動物-部位,,juman
腹違い,はらちがい,harachigai,普通名詞,抽象物,家庭・暮らし,juman
腹掛け,はらがけ,haragake,普通名詞,人工物-衣類,,juman
腹拵え,はらごしらえ,haragoshirae,サ変名詞,抽象物,料理・食事,juman
腹八分,はらはちぶ,harahachibu,普通名詞,抽象物,料理・食事,juman
払い腰,はらいごし,haraigoshi,普通名詞,抽象物,スポーツ,juman
払戻,はらいもどし,haraimodoshi,普通名詞,抽象物,家庭・暮らし;ビジネス,juman
払いのける,はらいのける,harainokeru,動詞,,,juman
腹癒せ,はらいせ,haraise,普通名詞,抽象物,,juman
孕む,はらむ,haramu,動詞,,家庭・暮らし,juman
腹の虫,はらのむし,haranomushi,普通名詞,動物,,juman
原っぱ,はらっぱ,harappa,普通名詞,場所-自然,,juman
腫らせる,はらせる,haraseru,動詞,,健康・医学,juman
晴らす,はらす,harasu,動詞,,,juman
払う,はらう,harau,動詞,,,juman
はらわた,はらわた,harawata,普通名詞,動物-部位,,juman
腹積もり,はらづもり,harazumori,普通名詞,抽象物,,juman
腫れぼったい,はれぼったい,harebottai,イ形容詞,,,juman
晴れ舞台,はれぶたい,harebutai,普通名詞,抽象物,,juman
晴れがましい,はれがましい,haregamashii,イ形容詞,,,juman
晴れ着,はれぎ,haregi,普通名詞,人工物-衣類,家庭・暮らし,juman
晴れ間,はれま,harema,普通名詞,抽象物;時間,,juman
腫れ物,はれもの,haremono,普通名詞,動物-部位,健康・医学,juman
晴れる,はれる,hareru,動詞,,,juman
晴れ姿,はれすがた,haresugata,普通名詞,抽象物,,juman
晴れやか,はれやか,hareyaka,ナ形容詞,,,juman
針,はり,hari,普通名詞,人工物-その他,家庭・暮らし;健康・医学,juman
張り紙,はりがみ,harigami,普通名詞,人工物-その他,,juman
針金,はりがね,harigane,普通名詞,人工物-その他,,juman
張り子,はりこ,hariko,普通名詞,人工物-その他,文化・芸術,juman
張り手,はりて,harite,普通名詞,抽象物,スポーツ,juman
春,はる,haru,時相名詞,時間,,juman
遥か,はるか,haruka,ナ形容詞,,,juman
春先,はるさき,harusaki,時相名詞,時間,,juman
春雨,はるさめ,harusame,普通名詞,抽象物,料理・食事,juman
挟まる,はさまる,hasamaru,動詞,,,juman
鋏,はさみ,hasami,普通名詞,人工物-その他,家庭・暮らし,juman
挟み撃ち,はさみうち,hasamiuchi,サ変名詞,抽象物,,juman
挟む,はさむ,hasamu,動詞,,,juman
馳せる,はせる,haseru,動詞,,,juman
覇者,はしゃ,hasha,普通名詞,人,,juman
燥ぐ,はしゃぐ,hashagu,動詞,,,juman
橋,はし,hashi,普通名詞,場所-施設,交通,juman
端々,はしばし,hashibashi,普通名詞,場所-その他,,juman
端書き,はしがき,hashigaki,普通名詞,抽象物,,juman
橋桁,はしげた,hashigeta,普通名詞,人工物-その他,交通,juman
梯子,はしご,hashigo,普通名詞,人工物-その他,家庭・暮らし,juman
艀,はしけ,hashike,普通名詞,人工物-乗り物,交通,juman
端くれ,はしくれ,hashikure,普通名詞,人;人工物-その他,,juman
柱,はしら,hashira,普通名詞,人工物-その他,,juman
走り書き,はしりがき,hashirigaki,サ変名詞,抽象物,,juman
走り読み,はしりよみ,hashiriyomi,サ変名詞,抽象物,文化・芸術;メディア,juman
走り使い,はしりづかい,hashirizukai,普通名詞,抽象物,,juman
走る,はしる,hashiru,動詞,,,juman
端た,はした,hashita,ナ形容詞,,,juman
端た金,はしたがね,hashitagane,普通名詞,人工物-金銭,,juman
はしたない,はしたない,hashitanai,イ形容詞,,,juman
橋渡し,はしわたし,hashiwatashi,サ変名詞,抽象物,,juman
はしょる,はしょる,hashoru,動詞,,,juman
発車,はっしゃ,hassha,サ変名詞,抽象物,交通,juman
発進,はっしん,hasshin,サ変名詞,抽象物,交通,juman
蓮,はす,hasu,普通名詞,植物;人工物-食べ物,,juman
斜交い,はすかい,hasukai,普通名詞,場所-機能,,juman
斜向かい,はすむかい,hasumukai,普通名詞,場所-機能,,juman
旗,はた,hata,普通名詞,人工物-その他,,juman
畑地,はたち,hatachi,普通名詞,場所-その他,,juman
旗振り,はたふり,hatafuri,普通名詞,抽象物,,juman
旗頭,はたがしら,hatagashira,普通名詞,人,,juman
畑,はたけ,hatake,普通名詞,場所-その他,,juman
畑違い,はたけちがい,hatakechigai,普通名詞,抽象物,,juman
はたき,はたき,hataki,普通名詞,人工物-その他,家庭・暮らし,juman
叩き込み,はたきこみ,hatakikomi,普通名詞,抽象物,,juman
はたく,はたく,hataku,動詞,,,juman
はためく,はためく,hatameku,動詞,,,juman
旗本,はたもと,hatamoto,普通名詞,人,,juman
破綻,はたん,hatan,サ変名詞,抽象物,ビジネス;家庭・暮らし,juman
機織り,はたおり,hataori,普通名詞,抽象物,家庭・暮らし,juman
機織り星,はたおりぼし,hataoriboshi,普通名詞,自然物,,juman
働き者,はたらきもの,hatarakimono,普通名詞,人,,juman
働く,はたらく,hataraku,動詞,,家庭・暮らし;ビジネス,juman
果たし合い,はたしあい,hatashiai,サ変名詞,抽象物,,juman
果たす,はたす,hatasu,動詞,,,juman
発着,はっちゃく,hatchaku,サ変名詞,抽象物,交通,juman
果てる,はてる,hateru,動詞,,,juman
果てし,はてし,hateshi,普通名詞,抽象物,,juman
鳩,はと,hato,普通名詞,動物,,juman
波止場,はとば,hatoba,普通名詞,場所-その他,交通,juman
初,はつ,hatsu,普通名詞,時間,,juman
初釜,はつがま,hatsugama,普通名詞,抽象物,文化・芸術,juman
発頭,はつがしら,hatsugashira,普通名詞,抽象物,教育・学習,juman
初恋,はつこい,hatsukoi,普通名詞,抽象物,家庭・暮らし,juman
初午,はつうま,hatsuma,普通名詞,時間,,juman
初孫,はつまご,hatsumago,普通名詞,人,家庭・暮らし,juman
初参り,はつまいり,hatsumairi,サ変名詞,抽象物,家庭・暮らし,juman
初詣で,はつもうで,hatsumode,サ変名詞,抽象物,家庭・暮らし,juman
初物,はつもの,hatsumono,普通名詞,人工物-食べ物,,juman
初荷,はつに,hatsuni,普通名詞,人工物-その他,ビジネス,juman
初乗り,はつのり,hatsunori,サ変名詞,抽象物,交通,juman
撥音,はつおん,hatsuon,普通名詞,抽象物,教育・学習,juman
初役,はつやく,hatsuyaku,普通名詞,抽象物,文化・芸術,juman
初夢,はつゆめ,hatsuyume,普通名詞,抽象物,家庭・暮らし,juman
はったり,はったり,hattari,普通名詞,抽象物,,juman
這う,はう,hau,動詞,,,juman
早場米,はやばまい,hayabamai,普通名詞,植物;人工物-食べ物,料理・食事,juman
早引け,はやびけ,hayabike,サ変名詞,抽象物,家庭・暮らし;教育・学習;ビジネス,juman
隼,はやぶさ,hayabusa,普通名詞,動物,,juman
早変わり,はやがわり,hayagawari,サ変名詞,抽象物,,juman
早い,はやい,hayai,イ形容詞,,,juman
早仕舞い,はやじまい,hayajimai,サ変名詞,抽象物,,juman
早く,はやく,hayaku,普通名詞,時間,,juman
早道,はやみち,hayamichi,普通名詞,場所-施設;抽象物,,juman
早見表,はやみひょう,hayamihyo,普通名詞,人工物-その他,,juman
早寝,はやね,hayane,サ変名詞,抽象物,家庭・暮らし,juman
早飲み込み,はやのみこみ,hayanomikomi,サ変名詞,抽象物,,juman
早起き,はやおき,hayaoki,サ変名詞,抽象物,家庭・暮らし,juman
逸る,はやる,hayaru,動詞,,,juman
早瀬,はやせ,hayase,普通名詞,場所-自然;場所-その他,,juman
林,はやし,hayashi,普通名詞,場所-自然,,juman
囃子方,はやしかた,hayashikata,普通名詞,人,文化・芸術,juman
囃す,はやす,hayasu,動詞,,,juman
早とちり,はやとちり,hayatochiri,サ変名詞,抽象物,,juman
早打ち,はやうち,hayauchi,普通名詞,抽象物,,juman
早生まれ,はやうまれ,hayaumare,普通名詞,抽象物,家庭・暮らし;教育・学習,juman
早咲き,はやざき,hayazaki,普通名詞,抽象物,,juman
端境期,はざかいき,hazakaiki,時相名詞,時間,,juman
葉桜,はざくら,hazakura,普通名詞,植物,,juman
狭間,はざま,hazama,普通名詞,場所-機能,,juman
沙魚,はぜ,haze,普通名詞,動物;人工物-食べ物,料理・食事,juman
恥ずかしい,はずかしい,hazukashii,イ形容詞,,,juman
葉月,はづき,hazuki,時相名詞,時間,,juman
弾む,はずむ,hazumu,動詞,,,juman
外れる,はずれる,hazureru,動詞,,,juman
外す,はずす,hazusu,動詞,,,juman
へばり付く,へばりつく,hebaritsuku,動詞,,,juman
へばる,へばる,hebaru,動詞,,,juman
蛇,へび,hebi,普通名詞,動物,,juman
へぼ,へぼ,hebo,ナ形容詞,,,juman
天糸瓜,へちま,hechima,普通名詞,植物,家庭・暮らし;料理・食事,juman
隔たる,へだたる,hedataru,動詞,,,juman
隔てる,へだてる,hedateru,動詞,,,juman
隔つ,へだつ,hedatsu,動詞,,,juman
へどろ,へどろ,hedoro,普通名詞,人工物-その他,,juman
塀,へい,hei,普通名詞,場所-施設部位,,manual
平安,へいあん,heian,ナ形容詞,,,juman
平安朝,へいあんちょう,heiancho,普通名詞,時間,政治,juman
平板,へいばん,heiban,ナ形容詞,,,juman
平凡,へいぼん,heibon,ナ形容詞,,,juman
平地,へいち,heichi,普通名詞,場所-その他,,juman
閉園,へいえん,heien,サ変名詞,抽象物,レクリエーション,juman
平服,へいふく,heifuku,普通名詞,人工物-衣類,家庭・暮らし,juman
併願,へいがん,heigan,サ変名詞,抽象物,教育・学習,juman
平原,へいげん,heigen,普通名詞,場所-自然,,juman
平易,へいい,heii,ナ形容詞,,,juman
平時,へいじ,heiji,普通名詞,時間,,juman
平日,へいじつ,heijitsu,普通名詞,時間,,juman
陛下,へいか,heika,普通名詞,人,政治,juman
平家,へいけ,heike,普通名詞,組織・団体,,juman
平気,へいき,heiki,ナ形容詞,,,juman
閉校,へいこう,heiko,サ変名詞,抽象物,教育・学習,juman
閉幕,へいまく,heimaku,サ変名詞,抽象物,文化・芸術;スポーツ,juman
平明,へいめい,heimei,ナ形容詞,,,juman
平面,へいめん,heimen,普通名詞,場所-その他,,juman
平民,へいみん,heimin,普通名詞,人,政治,juman
平年,へいねん,heinen,普通名詞,時間,,juman
平穏,へいおん,heion,ナ形容詞,,,juman
平静,へいせい,heisei,ナ形容詞,,,juman
弊社,へいしゃ,heisha,普通名詞,組織・団体,ビジネス,juman
平氏,へいし,heishi,普通名詞,組織・団体,,juman
並走,へいそう,heiso,サ変名詞,抽象物,スポーツ;交通,juman
平坦,へいたん,heitan,ナ形容詞,,,juman
平和,へいわ,heiwa,ナ形容詞,,,juman
平野,へいや,heiya,普通名詞,場所-自然,,juman
僻地,へきち,hekichi,普通名詞,場所-その他,,juman
壁画,へきが,hekiga,普通名詞,人工物-その他;抽象物,文化・芸術,juman
壁面,へきめん,hekimen,普通名詞,場所-その他,,juman
凹める,へこめる,hekomeru,動詞,,,juman
凹む,へこむ,hekomu,動詞,,,juman
へこたれる,へこたれる,hekotareru,動詞,,,juman
へま,へま,hema,普通名詞,抽象物,,juman
変,へん,hen,ナ形容詞,,,juman
変圧器,へんあつき,henatsuki,普通名詞,人工物-その他,科学・技術,juman
辺地,へんち,henchi,普通名詞,場所-その他,,juman
変ちくりん,へんちくりん,henchikurin,ナ形容詞,,,juman
編著,へんちょ,hencho,普通名詞,抽象物,文化・芸術;メディア,juman
変電所,へんでんしょ,hendensho,普通名詞,場所-施設,科学・技術,juman
編者,へんじゃ,henja,普通名詞,人,文化・芸術,juman
返事,へんじ,henji,サ変名詞,抽象物,,manual
偏屈,へんくつ,henkutsu,ナ形容詞,,,juman
辺境,へんきょう,henkyo,普通名詞,場所-その他,,juman
編曲,へんきょく,henkyoku,サ変名詞,抽象物,文化・芸術,juman
返納,へんのう,henno,サ変名詞,抽象物,家庭・暮らし;ビジネス,juman
編入,へんにゅう,hennyu,サ変名詞,抽象物,教育・学習,juman
扁平,へんぺい,henpei,ナ形容詞,,,juman
辺鄙,へんぴ,henpi,ナ形容詞,,,juman
返品,へんぴん,henpin,サ変名詞,抽象物,家庭・暮らし;ビジネス,juman
片鱗,へんりん,henrin,普通名詞,動物-部位;抽象物,,juman
遍路,へんろ,henro,普通名詞,抽象物,文化・芸術,juman
返済,へんさい,hensai,サ変名詞,抽象物,家庭・暮らし;ビジネス,juman
編纂,へんさん,hensan,サ変名詞,抽象物,文化・芸術,juman
変成岩,へんせいがん,henseigan,普通名詞,自然物,,juman
返信,へんしん,henshin,サ変名詞,人工物-その他,,juman
返書,へんしょ,hensho,普通名詞,人工物-その他,,juman
偏食,へんしょく,henshoku,サ変名詞,抽象物,料理・食事,juman
変種,へんしゅ,henshu,普通名詞,植物;抽象物,,juman
返送,へんそう,henso,サ変名詞,抽象物,家庭・暮らし;ビジネス,juman
変速,へんそく,hensoku,サ変名詞,抽象物,交通,juman
変奏曲,へんそうきょく,hensokyoku,普通名詞,抽象物,文化・芸術,juman
編隊,へんたい,hentai,普通名詞,組織・団体,政治,juman
変梃,へんてこ,henteko,ナ形容詞,,,juman
扁桃腺,へんとうせん,hentosen,普通名詞,動物-部位,健康・医学,juman
篦,へら,hera,普通名詞,人工物-その他,,juman
減らす,へらす,herasu,動詞,,,juman
減らず口,へらずぐち,herazuguchi,普通名詞,抽象物,,juman
へりくだる,へりくだる,herikudaru,動詞,,,juman
減る,へる,heru,動詞,,,juman
舳先,へさき,hesaki,普通名詞,人工物-その他,,juman
臍,へそ,heso,普通名詞,動物-部位,,juman
臍繰り,へそくり,hesokuri,普通名詞,人工物-金銭,家庭・暮らし,juman
臍曲がり,へそまがり,hesomagari,普通名詞,抽象物,,juman
へその緒,へそのお,hesono,普通名詞,動物-部位,健康・医学;家庭・暮らし,juman
蔕,へた,heta,普通名詞,植物-部位,,juman
へたばる,へたばる,hetabaru,動詞,,,juman
へたれる,へたれる,hetareru,動詞,,,juman
へたる,へたる,hetaru,動詞,,,juman
へっちゃら,へっちゃら,hetchara,ナ形容詞,,,juman
へとへと,へとへと,hetoheto,ナ形容詞,,,juman
諂う,へつらう,hetsurau,動詞,,,juman
へったくれ,へったくれ,hettakure,普通名詞,抽象物,,juman
部屋,へや,heya,普通名詞,場所-施設,家庭・暮らし,juman
火遊び,ひあそび,hiasobi,普通名詞,抽象物,家庭・暮らし,juman
日当たり,ひあたり,hiatari,普通名詞,抽象物,,juman
火鉢,ひばち,hibachi,普通名詞,人工物-その他,,juman
非売品,ひばいひん,hibaihin,普通名詞,人工物-その他,ビジネス,juman
火花,ひばな,hibana,普通名詞,自然物,,juman
雲雀,ひばり,hibari,普通名詞,動物,,juman
火箸,ひばし,hibashi,普通名詞,人工物-その他,,juman
日々,ひび,hibi,時相名詞,時間,,juman
響く,ひびく,hibiku,動詞,,,juman
非凡,ひぼん,hibon,ナ形容詞,,,juman
日干し,ひぼし,hiboshi,普通名詞,抽象物,家庭・暮らし,juman
日歩,ひぶ,hibu,普通名詞,人工物-金銭,,juman
火蓋,ひぶた,hibuta,普通名詞,人工物-その他,,juman
秘仏,ひぶつ,hibutsu,普通名詞,人工物-その他,文化・芸術,juman
篳篥,ひちりき,hichiriki,普通名詞,人工物-その他,文化・芸術,juman
襞,ひだ,hida,普通名詞,人工物-衣類,,juman
日溜まり,ひだまり,hidamari,普通名詞,場所-その他,,juman
飛弾,ひだん,hidan,普通名詞,人工物-その他,,juman
火種,ひだね,hidane,普通名詞,自然物,,juman
左,ひだり,hidari,普通名詞,場所-機能,,juman
左隣,ひだりどなり,hidaridonari,普通名詞,場所-機能,,juman
左利き,ひだりきき,hidarikiki,普通名詞,抽象物,,juman
左手,ひだりて,hidarite,普通名詞,動物-部位,,juman
左四つ,ひだりよつ,hidariyotsu,普通名詞,抽象物,スポーツ,juman
秘伝,ひでん,hiden,普通名詞,抽象物,文化・芸術;料理・食事,juman
日照り,ひでり,hideri,普通名詞,抽象物,,juman
非道,ひどう,hido,ナ形容詞,,,juman
ひどい,ひどい,hidoi,イ形容詞,,,juman
日時計,ひどけい,hidokei,普通名詞,人工物-その他,,juman
日取り,ひどり,hidori,普通名詞,抽象物,,juman
冷える,ひえる,hieru,動詞,,,juman
皮膚,ひふ,hifu,普通名詞,動物-部位,健康・医学,juman
被服,ひふく,hifuku,普通名詞,人工物-衣類,家庭・暮らし,juman
彼我,ひが,higa,普通名詞,組織・団体,,juman
日帰り,ひがえり,higaeri,サ変名詞,抽象物,レクリエーション,juman
僻む,ひがむ,higamu,動詞,,,juman
彼岸,ひがん,higan,普通名詞,時間,文化・芸術,juman
彼岸花,ひがんばな,higanbana,普通名詞,植物,,juman
日傘,ひがさ,higasa,普通名詞,人工物-その他,家庭・暮らし,juman
干菓子,ひがし,higashi,普通名詞,人工物-食べ物,料理・食事,juman
干潟,ひがた,higata,普通名詞,場所-自然,,juman
日替わり,ひがわり,higawari,普通名詞,抽象物,,juman
髭,ひげ,hige,普通名詞,動物-部位,,juman
鬚もじゃ,ひげもじゃ,higemoja,ナ形容詞,,,juman
髭根,ひげね,higene,普通名詞,植物-部位,,juman
被疑者,ひぎしゃ,higisha,普通名詞,人,政治,juman
緋鯉,ひごい,higoi,普通名詞,動物,,juman
日頃,ひごろ,higoro,時相名詞,時間,,juman
日ごと,ひごと,higoto,普通名詞,時間,,juman
ひぐま,ひぐま,higuma,普通名詞,動物,,juman
ひぐらし,ひぐらし,higurashi,普通名詞,動物,,juman
日暮れ,ひぐれ,higure,普通名詞,抽象物;時間,,juman
日偏,ひへん,hihen,普通名詞,抽象物,教育・学習,juman
秀でる,ひいでる,hiideru,動詞,,,juman
ひいき,ひいき,hiiki,サ変名詞,抽象物,,juman
ひいおばあさん,ひいおばあさん,hiiobaasan,普通名詞,人,家庭・暮らし,juman
ひいおじいさん,ひいおじいさん,hiiojiisan,普通名詞,人,家庭・暮らし,juman
柊,ひいらぎ,hiiragi,普通名詞,植物,,juman
肘,ひじ,hiji,普通名詞,動物-部位,,juman
ひじき,ひじき,hijiki,普通名詞,植物;人工物-食べ物,料理・食事,juman
聖,ひじり,hijiri,普通名詞,人,文化・芸術,juman
非常,ひじょう,hijo,ナ形容詞,,,juman
非常口,ひじょうぐち,hijoguchi,普通名詞,場所-施設部位,,juman
皮下,ひか,hika,普通名詞,動物-部位,健康・医学,juman
控え目,ひかえめ,hikaeme,ナ形容詞,,,juman
控える,ひかえる,hikaeru,動詞,,,juman
控え室,ひかえしつ,hikaeshitsu,普通名詞,場所-施設,,juman
日影,ひかげ,hikage,普通名詞,場所-自然,,juman
皮革,ひかく,hikaku,普通名詞,人工物-その他,,juman
避寒,ひかん,hikan,サ変名詞,抽象物,家庭・暮らし,juman
光,ひかり,hikari,普通名詞,抽象物,,juman
引け目,ひけめ,hikeme,普通名詞,抽象物,,juman
被験者,ひけんしゃ,hikensha,普通名詞,人,科学・技術,juman
ひけらかす,ひけらかす,hikerakasu,動詞,,,juman
火消し,ひけし,hikeshi,普通名詞,人;組織・団体;抽象物,,juman
引当金,ひきあてきん,hikiatekin,普通名詞,人工物-金銭,ビジネス,juman
引き出物,ひきでもの,hikidemono,普通名詞,人工物-その他,家庭・暮らし,juman
引き戸,ひきど,hikido,普通名詞,場所-施設,家庭・暮らし,juman
蟇蛙,ひきがえる,hikigaeru,普通名詞,動物,,juman
引き金,ひきがね,hikigane,普通名詞,人工物-その他,,juman
弾き語り,ひきがたり,hikigatari,普通名詞,抽象物,文化・芸術,juman
悲喜劇,ひきげき,hikigeki,普通名詞,抽象物,文化・芸術,juman
引き際,ひきぎわ,hikigiwa,普通名詞,時間,,juman
率いる,ひきいる,hikiiru,動詞,,,juman
引き込み線,ひきこみせん,hikikomisen,普通名詞,人工物-その他,交通;科学・技術,juman
轢き逃げ,ひきにげ,hikinige,サ変名詞,抽象物,交通;政治,juman
挽き肉,ひきにく,hikiniku,普通名詞,人工物-食べ物,料理・食事,juman
引き潮,ひきしお,hikishio,普通名詞,抽象物,,juman
引き手,ひきて,hikite,普通名詞,場所-施設部位,,juman
引き取り手,ひきとりて,hikitorite,普通名詞,人,,juman
挽き臼,ひきうす,hikiusu,普通名詞,人工物-その他,,juman
引分,ひきわけ,hikiwake,普通名詞,抽象物,スポーツ,juman
引き算,ひきざん,hikizan,サ変名詞,抽象物,教育・学習,juman
引き綱,ひきづな,hikizuna,普通名詞,人工物-その他,,juman
引っ込み思案,ひっこみじあん,hikkomijian,普通名詞,抽象物,,juman
引越,ひっこし,hikkoshi,サ変名詞,抽象物,家庭・暮らし,juman
引っくるめる,ひっくるめる,hikkurumeru,動詞,,,juman
彦星,ひこぼし,hikoboshi,普通名詞,自然物,,juman
飛行機,ひこうき,hikoki,普通名詞,人工物-乗り物,交通,juman
被告,ひこく,hikoku,普通名詞,人,政治,juman
被告人,ひこくにん,hikokunin,普通名詞,人,政治,juman
ひこ孫,ひこまご,hikomago,普通名詞,人,家庭・暮らし,juman
引く,ひく,hiku,動詞,,,juman
低い,ひくい,hikui,イ形容詞,,,juman
卑屈,ひくつ,hikutsu,ナ形容詞,,,juman
飛脚,ひきゃく,hikyaku,普通名詞,人,,juman
秘境,ひきょう,hikyo,普通名詞,場所-その他,,juman
飛球,ひきゅう,hikyu,普通名詞,抽象物,スポーツ,juman
暇,ひま,hima,ナ形容詞,,,juman
ひ孫,ひまご,himago,普通名詞,人,家庭・暮らし,juman
被膜,ひまく,himaku,普通名詞,動物-部位,,juman
日増し,ひまし,himashi,普通名詞,抽象物,,juman
暇潰し,ひまつぶし,himatsubushi,サ変名詞,抽象物,,juman
ひまわり,ひまわり,himawari,普通名詞,植物,,juman
姫,ひめ,hime,普通名詞,人,,juman
姫君,ひめぎみ,himegimi,普通名詞,人,,juman
秘める,ひめる,himeru,動詞,,,juman
姫ゆり,ひめゆり,himeyuri,普通名詞,植物,,juman
秘密,ひみつ,himitsu,ナ形容詞,,,juman
紐,ひも,himo,普通名詞,人工物-その他,家庭・暮らし,juman
日持ち,ひもち,himochi,サ変名詞,抽象物,料理・食事,juman
ひもじい,ひもじい,himojii,イ形容詞,,,juman
干物,ひもの,himono,普通名詞,人工物-食べ物,料理・食事,juman
火元,ひもと,himoto,普通名詞,場所-その他,,juman
氷室,ひむろ,himuro,普通名詞,人工物-その他,,juman
雛,ひな,hina,普通名詞,動物,,juman
鄙びる,ひなびる,hinabiru,動詞,,,juman
雛鳥,ひなどり,hinadori,普通名詞,動物,,juman
雛形,ひながた,hinagata,普通名詞,人工物-その他;抽象物,,juman
雛菊,ひなぎく,hinagiku,普通名詞,植物,,juman
雛祭り,ひなまつり,hinamatsuri,普通名詞,抽象物;時間,文化・芸術;家庭・暮らし,juman
雛人形,ひなにんぎょう,hinaningyo,普通名詞,人工物-その他,文化・芸術;家庭・暮らし,juman
日なた,ひなた,hinata,普通名詞,場所-自然,,juman
日なたぼっこ,ひなたぼっこ,hinatabokko,サ変名詞,抽象物,,juman
牝馬,ひんば,hinba,普通名詞,動物,,juman
捻くれる,ひねくれる,hinekureru,動詞,,,juman
捻くる,ひねくる,hinekuru,動詞,,,juman
ひねもす,ひねもす,hinemosu,時相名詞,時間,,juman
捻る,ひねる,hineru,動詞,,,juman
皮肉,ひにく,hiniku,ナ形容詞,,,juman
賓客,ひんきゃく,hinkyaku,普通名詞,人,,juman
日の出,ひので,hinode,普通名詞,抽象物,,juman
丙午,ひのえうま,hinoeuma,普通名詞,時間,,juman
日の入り,ひのいり,hinoiri,普通名詞,抽象物,,juman
火の気,ひのけ,hinoke,普通名詞,抽象物,,juman
檜,ひのき,hinoki,普通名詞,植物,,juman
檜舞台,ひのきぶたい,hinokibutai,普通名詞,場所-施設;抽象物,文化・芸術,juman
火の車,ひのくるま,hinokuruma,普通名詞,抽象物,,juman
火の見櫓,ひのみやぐら,hinomiyagura,普通名詞,場所-施設,,juman
火の元,ひのもと,hinomoto,普通名詞,場所-その他,,juman
火の手,ひのて,hinote,普通名詞,抽象物,,juman
火の用心,ひのようじん,hinoyojin,普通名詞,抽象物,家庭・暮らし,juman
頻繁,ひんぱん,hinpan,ナ形容詞,,,juman
品詞,ひんし,hinshi,普通名詞,抽象物,教育・学習,juman
引っ張り凧,ひっぱりだこ,hipparidako,普通名詞,抽象物,,juman
平,ひら,hira,普通名詞,抽象物,,juman
平謝り,ひらあやまり,hiraayamari,普通名詞,抽象物,,juman
平べったい,ひらべったい,hirabettai,イ形容詞,,,juman
開き戸,ひらきど,hirakido,普通名詞,場所-施設,家庭・暮らし,juman
披く,ひらく,hiraku,動詞,,,juman
平幕,ひらまく,hiramaku,普通名詞,人,スポーツ,juman
ひらめ,ひらめ,hirame,普通名詞,動物;人工物-食べ物,料理・食事,juman
閃く,ひらめく,hirameku,動詞,,,juman
平泳ぎ,ひらおよぎ,hiraoyogi,普通名詞,抽象物,スポーツ,juman
平たい,ひらたい,hiratai,イ形容詞,,,juman
平手,ひらて,hirate,普通名詞,動物-部位;抽象物,,juman
平手打ち,ひらてうち,hirateuchi,普通名詞,抽象物,,juman
平屋,ひらや,hiraya,普通名詞,場所-施設,家庭・暮らし,juman
平屋建て,ひらやだて,hirayadate,普通名詞,場所-施設,家庭・暮らし,juman
ひれ,ひれ,hire,普通名詞,動物-部位,,juman
ひれ伏す,ひれふす,hirefusu,動詞,,,juman
卑劣,ひれつ,hiretsu,ナ形容詞,,,juman
非力,ひりき,hiriki,ナ形容詞,,,juman
広場,ひろば,hiroba,普通名詞,場所-施設,,juman
披露宴,ひろうえん,hiroen,普通名詞,抽象物,家庭・暮らし,juman
広い,ひろい,hiroi,イ形容詞,,,juman
拾い物,ひろいもの,hiroimono,普通名詞,人工物-その他,,juman
拾い読み,ひろいよみ,hiroiyomi,サ変名詞,抽象物,,juman
広小路,ひろこうじ,hirokoji,普通名詞,場所-その他,交通,juman
広間,ひろま,hiroma,普通名詞,場所-施設,家庭・暮らし,juman
拾う,ひろう,hirou,動詞,,,juman
昼,ひる,hiru,時相名詞,時間,,juman
昼時,ひるどき,hirudoki,時相名詞,時間,,juman
翻る,ひるがえる,hirugaeru,動詞,,,juman
翻す,ひるがえす,hirugaesu,動詞,,,juman
昼顔,ひるがお,hirugao,普通名詞,植物,,juman
昼げ,ひるげ,hiruge,普通名詞,人工物-食べ物,料理・食事,juman
昼日中,ひるひなか,hiruhinaka,時相名詞,時間,,juman
昼間,ひるま,hiruma,時相名詞,時間,,juman
ひるむ,ひるむ,hirumu,動詞,,,juman
昼寝,ひるね,hirune,サ変名詞,抽象物,家庭・暮らし,juman
昼下がり,ひるさがり,hirusagari,時相名詞,時間,,juman
肥料,ひりょう,hiryo,普通名詞,人工物-その他,,juman
久々,ひさびさ,hisabisa,ナ形容詞,,,juman
被災,ひさい,hisai,サ変名詞,抽象物,家庭・暮らし,juman
悲惨,ひさん,hisan,ナ形容詞,,,juman
庇,ひさし,hisashi,普通名詞,場所-施設部位,,juman
久し振り,ひさしぶり,hisashiburi,ナ形容詞,,,juman
久しい,ひさしい,hisashii,イ形容詞,,,juman
飛車,ひしゃ,hisha,普通名詞,人工物-その他,レクリエーション;スポーツ,juman
柄杓,ひしゃく,hishaku,普通名詞,人工物-その他,料理・食事,juman
被写体,ひしゃたい,hishatai,普通名詞,抽象物,文化・芸術,juman
皮脂,ひし,hishi,普通名詞,自然物,健康・医学,juman
菱形,ひしがた,hishigata,普通名詞,形・模様,,juman
犇めく,ひしめく,hishimeku,動詞,,,juman
菱餅,ひしもち,hishimochi,普通名詞,人工物-食べ物,家庭・暮らし;料理・食事,juman
皮質,ひしつ,hishitsu,普通名詞,動物-部位,健康・医学,juman
秘書,ひしょ,hisho,普通名詞,人,ビジネス,juman
砒素,ひそ,hiso,普通名詞,自然物,科学・技術,juman
密か,ひそか,hisoka,ナ形容詞,,,juman
潜める,ひそめる,hisomeru,動詞,,,juman
潜む,ひそむ,hisomu,動詞,,,juman
密やか,ひそやか,hisoyaka,ナ形容詞,,,juman
筆算,ひっさん,hissan,サ変名詞,抽象物,教育・学習,juman
筆者,ひっしゃ,hissha,普通名詞,人,文化・芸術;科学・技術;メディア,juman
必至,ひっし,hisshi,ナ形容詞,,,juman
必修,ひっしゅう,hisshu,普通名詞,抽象物,教育・学習,juman
必須,ひっす,hissu,ナ形容詞,,,juman
直向き,ひたむき,hitamuki,ナ形容詞,,,juman
浸る,ひたる,hitaru,動詞,,,juman
浸す,ひたす,hitasu,動詞,,料理・食事,juman
飛天,ひてん,hiten,普通名詞,人,文化・芸術,juman
人,ひと,hito,普通名詞,人,,juman
一汗,ひとあせ,hitoase,普通名詞,自然物,,juman
一足,ひとあし,hitoashi,普通名詞,数量;時間,,juman
人当たり,ひとあたり,hitoatari,普通名詞,抽象物,,juman
一晩,ひとばん,hitoban,時相名詞,時間,,juman
人々,ひとびと,hitobito,普通名詞,人,,juman
人違い,ひとちがい,hitochigai,サ変名詞,抽象物,,juman
人集り,ひとだかり,hitodakari,サ変名詞,抽象物,,juman
人魂,ひとだま,hitodama,普通名詞,自然物,文化・芸術,juman
人助け,ひとだすけ,hitodasuke,サ変名詞,抽象物,,juman
海星,ひとで,hitode,普通名詞,動物,,juman
人で無し,ひとでなし,hitodenashi,普通名詞,人,,juman
人通り,ひとどおり,hitodori,普通名詞,抽象物,,juman
一筆書き,ひとふでがき,hitofudegaki,普通名詞,抽象物,,juman
人垣,ひとがき,hitogaki,普通名詞,組織・団体,,juman
人込み,ひとごみ,hitogomi,普通名詞,抽象物,,juman
他人事,ひとごと,hitogoto,普通名詞,人,,juman
一息,ひといき,hitoiki,普通名詞,抽象物;時間,,juman
人質,ひとじち,hitojichi,普通名詞,人,政治,juman
ひとかど,ひとかど,hitokado,普通名詞,抽象物,,juman
人影,ひとかげ,hitokage,普通名詞,抽象物;形・模様,,juman
一抱え,ひとかかえ,hitokakae,普通名詞,抽象物,,juman
一頃,ひところ,hitokoro,時相名詞,時間,,juman
人食い,ひとくい,hitokui,普通名詞,抽象物,,juman
人前,ひとまえ,hitomae,普通名詞,場所-その他,,juman
人任せ,ひとまかせ,hitomakase,普通名詞,抽象物,,juman
一幕,ひとまく,hitomaku,普通名詞,抽象物,文化・芸術,juman
一纏め,ひとまとめ,hitomatome,普通名詞,抽象物,,juman
一回り,ひとまわり,hitomawari,サ変名詞,抽象物,,juman
一巡り,ひとめぐり,hitomeguri,サ変名詞,抽象物,,juman
瞳,ひとみ,hitomi,普通名詞,動物-部位,,juman
人見知り,ひとみしり,hitomishiri,サ変名詞,抽象物,,juman
一昔,ひとむかし,hitomukashi,普通名詞,時間,,juman
人波,ひとなみ,hitonami,普通名詞,組織・団体,,juman
一寝入り,ひとねいり,hitoneiri,サ変名詞,抽象物,家庭・暮らし,juman
一握り,ひとにぎり,hitonigiri,普通名詞,抽象物,,juman
独り歩き,ひとりあるき,hitoriaruki,サ変名詞,抽象物,,juman
独りぼっち,ひとりぼっち,hitoribotchi,普通名詞,抽象物,,juman
独り立ち,ひとりだち,hitoridachi,サ変名詞,抽象物,家庭・暮らし;ビジネス,juman
独り勝ち,ひとりがち,hitorigachi,普通名詞,抽象物,,juman
独り言,ひとりごと,hitorigoto,普通名詞,抽象物,,juman
独り占め,ひとりじめ,hitorijime,サ変名詞,抽象物,,juman
一人っ子,ひとりっこ,hitorikko,普通名詞,抽象物,家庭・暮らし,juman
独り善がり,ひとりよがり,hitoriyogari,ナ形容詞,,,juman
人様,ひとさま,hitosama,普通名詞,人,,juman
人攫い,ひとさらい,hitosarai,普通名詞,人,政治,juman
人騒がせ,ひとさわがせ,hitosawagase,ナ形容詞,,,juman
等しい,ひとしい,hitoshii,イ形容詞,,,juman
一時,ひととき,hitotoki,普通名詞,時間,,juman
人となり,ひととなり,hitotonari,普通名詞,抽象物,,juman
一休み,ひとやすみ,hitoyasumi,サ変名詞,抽象物,,juman
人里,ひとざと,hitozato,普通名詞,場所-その他,,juman
人使い,ひとづかい,hitozukai,普通名詞,抽象物,,juman
人付き合い,ひとづきあい,hitozukiai,普通名詞,抽象物,,juman
人妻,ひとづま,hitozuma,普通名詞,人,家庭・暮らし,juman
羊,ひつじ,hitsuji,普通名詞,動物,,juman
羊飼い,ひつじかい,hitsujikai,普通名詞,人,,juman
必需,ひつじゅ,hitsuju,ナ形容詞,,,juman
筆順,ひつじゅん,hitsujun,普通名詞,抽象物,教育・学習,juman
火付け役,ひつけやく,hitsukeyaku,普通名詞,人,,juman
筆名,ひつめい,hitsumei,普通名詞,抽象物,文化・芸術;メディア,juman
必要,ひつよう,hitsuyo,ナ形容詞,,,juman
火打ち石,ひうちいし,hiuchiishi,普通名詞,自然物,,juman
冷や,ひや,hiya,普通名詞,人工物-食べ物,料理・食事,juman
冷や汗,ひやあせ,hiyaase,普通名詞,自然物,,juman
冷やかす,ひやかす,hiyakasu,動詞,,,juman
日焼け,ひやけ,hiyake,サ変名詞,抽象物,,juman
冷やりと,ひやりと,hiyarito,サ変名詞,抽象物,,juman
冷やす,ひやす,hiyasu,動詞,,,juman
日雇い,ひやとい,hiyatoi,普通名詞,人;抽象物,ビジネス,juman
冷ややか,ひややか,hiyayaka,ナ形容詞,,,juman
冷や奴,ひややっこ,hiyayakko,普通名詞,人工物-食べ物,料理・食事,juman
費用,ひよう,hiyo,普通名詞,人工物-金銭,,juman
鵯,ひよどり,hiyodori,普通名詞,動物,,juman
日除け,ひよけ,hiyoke,普通名詞,人工物-その他,家庭・暮らし,juman
ひよっこ,ひよっこ,hiyokko,普通名詞,抽象物,,juman
ひよこ,ひよこ,hiyoko,普通名詞,動物,,juman
被用者,ひようしゃ,hiyosha,普通名詞,人,ビジネス,juman
ひ弱,ひよわ,hiyowa,ナ形容詞,,,juman
ひ弱い,ひよわい,hiyowai,イ形容詞,,,juman
膝,ひざ,hiza,普通名詞,動物-部位,,juman
膝頭,ひざがしら,hizagashira,普通名詞,動物-部位,,juman
日盛り,ひざかり,hizakari,普通名詞,時間,,juman
膝小僧,ひざこぞう,hizakozo,普通名詞,動物-部位,,juman
跪く,ひざまずく,hizamazuku,動詞,,,juman
膝元,ひざもと,hizamoto,普通名詞,場所-その他,,juman
日差し,ひざし,hizashi,普通名詞,抽象物,,juman
秘蔵っ子,ひぞっこ,hizokko,普通名詞,人,,juman
日付け,ひづけ,hizuke,普通名詞,時間,,juman
蹄,ひづめ,hizume,普通名詞,動物-部位,,juman
歪む,ひずむ,hizumu,動詞,,,juman
奉安,ほうあん,hoan,サ変名詞,抽象物,文化・芸術,juman
帆柱,ほばしら,hobashira,普通名詞,人工物-その他,,juman
褒美,ほうび,hobi,普通名詞,人工物-その他;抽象物,,juman
保母,ほぼ,hobo,普通名詞,人,教育・学習,juman
法文,ほうぶん,hobun,普通名詞,抽象物,教育・学習;政治,juman
放物線,ほうぶつせん,hobutsusen,普通名詞,形・模様,,juman
庖丁,ほうちょう,hocho,普通名詞,人工物-その他,料理・食事,juman
補聴器,ほちょうき,hochoki,普通名詞,人工物-その他,健康・医学,juman
捕虫網,ほちゅうあみ,hochuami,普通名詞,人工物-その他,レクリエーション,juman
砲弾,ほうだん,hodan,普通名詞,人工物-その他,政治,juman
絆される,ほだされる,hodasareru,動詞,,,juman
歩道,ほどう,hodo,普通名詞,場所-施設部位,交通,juman
程々,ほどほど,hodohodo,ナ形容詞,,,juman
解ける,ほどける,hodokeru,動詞,,,juman
施す,ほどこす,hodokosu,動詞,,,juman
解く,ほどく,hodoku,動詞,,,juman
法会,ほうえ,hoe,普通名詞,抽象物,文化・芸術;家庭・暮らし,juman
放映,ほうえい,hoei,サ変名詞,抽象物,文化・芸術;メディア,juman
吠える,ほえる,hoeru,動詞,,,juman
保父,ほふ,hofu,普通名詞,人,教育・学習,juman
邦画,ほうが,hoga,普通名詞,抽象物,文化・芸術,juman
法外,ほうがい,hogai,ナ形容詞,,,juman
方角,ほうがく,hogaku,普通名詞,場所-機能,,juman
法学部,ほうがくぶ,hogakubu,普通名詞,組織・団体,教育・学習,juman
砲丸,ほうがん,hogan,普通名詞,人工物-その他,スポーツ,juman
砲丸投げ,ほうがんなげ,hogannage,普通名詞,抽象物,スポーツ,juman
方眼紙,ほうがんし,hoganshi,普通名詞,人工物-その他,,juman
朗らか,ほがらか,hogaraka,ナ形容詞,,,juman
保護,ほご,hogo,サ変名詞,人工物-その他,,juman
保護司,ほごし,hogoshi,普通名詞,人,政治,juman
ほぐれる,ほぐれる,hogureru,動詞,,,juman
ほぐす,ほぐす,hogusu,動詞,,,juman
宝玉,ほうぎょく,hogyoku,普通名詞,自然物,,juman
法衣,ほうい,hoi,普通名詞,人工物-その他,文化・芸術,juman
保育,ほいく,hoiku,サ変名詞,抽象物,家庭・暮らし,juman
捕逸,ほいつ,hoitsu,普通名詞,抽象物,スポーツ,juman
法事,ほうじ,hoji,普通名詞,抽象物,文化・芸術;家庭・暮らし,juman
ほじくる,ほじくる,hojikuru,動詞,,,juman
邦人,ほうじん,hojin,普通名詞,人,,juman
頬白,ほおじろ,hojiro,普通名詞,動物,,juman
ほじる,ほじる,hojiru,動詞,,,juman
方丈,ほうじょう,hojo,普通名詞,場所-施設;数量,文化・芸術,juman
砲火,ほうか,hoka,普通名詞,自然物,政治,juman
頬被り,ほおかぶり,hokaburi,サ変名詞,人工物-衣類,家庭・暮らし,juman
放課後,ほうかご,hokago,時相名詞,時間,教育・学習,juman
方解石,ほうかいせき,hokaiseki,普通名詞,自然物,,juman
帆掛け船,ほかけぶね,hokakebune,普通名詞,人工物-乗り物,交通,juman
他なる,ほかなる,hokanaru,動詞,,,juman
方形,ほうけい,hokei,普通名詞,形・模様,,juman
保険,ほけん,hoken,普通名詞,抽象物,家庭・暮らし;ビジネス;政治,juman
補欠,ほけつ,hoketsu,普通名詞,人;抽象物,スポーツ;教育・学習,juman
箒,ほうき,hoki,普通名詞,人工物-その他,家庭・暮らし,juman
箒星,ほうきぼし,hokiboshi,普通名詞,自然物,,juman
ほっかほか,ほっかほか,hokkahoka,ナ形容詞,,,juman
北海,ほっかい,hokkai,普通名詞,場所-その他,,juman
ほっけ,ほっけ,hokke,普通名詞,動物;人工物-食べ物,料理・食事,juman
発起人,ほっきにん,hokkinin,普通名詞,人,,juman
発句,ほっく,hokku,普通名詞,抽象物,文化・芸術,juman
北極,ほっきょく,hokkyoku,普通名詞,場所-その他,,juman
芳香,ほうこう,hoko,普通名詞,自然物,,juman
邦国,ほうこく,hokoku,普通名詞,組織・団体,政治,juman
ほこら,ほこら,hokora,普通名詞,場所-施設,,juman
誇らしい,ほこらしい,hokorashii,イ形容詞,,,juman
埃,ほこり,hokori,普通名詞,自然物,,juman
綻びる,ほころびる,hokorobiru,動詞,,,juman
綻ぶ,ほころぶ,hokorobu,動詞,,,juman
誇る,ほこる,hokoru,動詞,,,juman
矛先,ほこさき,hokosaki,普通名詞,場所-その他,,juman
北部,ほくぶ,hokubu,普通名詞,場所-機能,,juman
ほくろ,ほくろ,hokuro,普通名詞,動物-部位,,juman
北西,ほくせい,hokusei,普通名詞,場所-その他,,juman
ほくそ笑む,ほくそえむ,hokusoemu,動詞,,,juman
北端,ほくたん,hokutan,普通名詞,場所-機能,,juman
北東,ほくとう,hokuto,普通名詞,場所-機能,,juman
北洋,ほくよう,hokuyo,普通名詞,場所-その他,,juman
俸給,ほうきゅう,hokyu,普通名詞,人工物-金銭,ビジネス,juman
帆前船,ほまえせん,homaesen,普通名詞,人工物-乗り物,交通,juman
放漫,ほうまん,homan,ナ形容詞,,,juman
誉れ,ほまれ,homare,普通名詞,抽象物,,juman
褒めちぎる,ほめちぎる,homechigiru,動詞,,,juman
方面,ほうめん,homen,普通名詞,場所-その他,,juman
誉める,ほめる,homeru,動詞,,,juman
褒めそやす,ほめそやす,homesoyasu,動詞,,,juman
訪問着,ほうもんぎ,homongi,普通名詞,人工物-衣類,家庭・暮らし,juman
本,ほん,hon,普通名詞,人工物-その他;抽象物,,manual
翻案,ほんあん,honan,サ変名詞,抽象物,文化・芸術,juman
本場,ほんば,honba,普通名詞,場所-その他,,juman
本箱,ほんばこ,honbako,普通名詞,人工物-その他,家庭・暮らし,juman
本番,ほんばん,honban,普通名詞,抽象物,文化・芸術;メディア,juman
本降り,ほんぶり,honburi,普通名詞,抽象物,,juman
本庁,ほんちょう,honcho,普通名詞,場所-施設,政治,juman
本棚,ほんだな,hondana,普通名詞,人工物-その他;場所-施設部位,,juman
本殿,ほんでん,honden,普通名詞,場所-施設,文化・芸術,juman
本堂,ほんどう,hondo,普通名詞,場所-施設,文化・芸術,juman
骨,ほね,hone,普通名詞,動物-部位,,juman
骨太,ほねぶと,honebuto,ナ形容詞,,健康・医学,juman
骨組み,ほねぐみ,honegumi,普通名詞,抽象物,,juman
骨身,ほねみ,honemi,普通名詞,動物-部位,,juman
芳年,ほうねん,honen,普通名詞,時間,,juman
骨抜き,ほねぬき,honenuki,普通名詞,抽象物,,juman
骨折り,ほねおり,honeori,普通名詞,抽象物,,juman
骨惜しみ,ほねおしみ,honeoshimi,サ変名詞,抽象物,,juman
骨っ節,ほねっぷし,honeppushi,普通名詞,動物-部位;抽象物,,juman
骨付き,ほねつき,honetsuki,普通名詞,抽象物,料理・食事,juman
骨休め,ほねやすめ,honeyasume,サ変名詞,抽象物,,juman
本願,ほんがん,hongan,普通名詞,抽象物,文化・芸術,juman
本決まり,ほんぎまり,hongimari,普通名詞,抽象物,,juman
本国,ほんごく,hongoku,普通名詞,場所-その他,,juman
本曇り,ほんぐもり,hongumori,普通名詞,抽象物,,juman
本院,ほんいん,honin,普通名詞,場所-施設,,juman
本陣,ほんじん,honjin,普通名詞,場所-施設,政治,juman
本日,ほんじつ,honjitsu,時相名詞,時間,,juman
本館,ほんかん,honkan,普通名詞,場所-施設,,juman
本家,ほんけ,honke,普通名詞,場所-施設,家庭・暮らし,juman
本気,ほんき,honki,ナ形容詞,,,juman
本校,ほんこう,honko,普通名詞,場所-その他,教育・学習,juman
本拠,ほんきょ,honkyo,普通名詞,場所-その他,,juman
本局,ほんきょく,honkyoku,普通名詞,組織・団体;場所-その他,,juman
本給,ほんきゅう,honkyu,普通名詞,人工物-金銭,ビジネス,juman
本真,ほんま,honma,ナ形容詞,,,juman
本丸,ほんまる,honmaru,普通名詞,場所-施設部位,,juman
本命,ほんめい,honmei,普通名詞,人,,juman
本名,ほんみょう,honmyo,普通名詞,抽象物,文化・芸術;メディア,juman
本年,ほんねん,honnen,時相名詞,時間,,juman
本人,ほんにん,honnin,普通名詞,人,,juman
炎,ほのお,hono,普通名詞,抽象物,,juman
ほのか,ほのか,honoka,ナ形容詞,,,juman
ほのめかせる,ほのめかせる,honomekaseru,動詞,,,juman
ほのめかす,ほのめかす,honomekasu,動詞,,,juman
本舗,ほんぽ,honpo,普通名詞,場所-施設,ビジネス,juman
本欄,ほんらん,honran,普通名詞,場所-その他,メディア,juman
本塁,ほんるい,honrui,普通名詞,場所-その他,スポーツ,juman
本流,ほんりゅう,honryu,普通名詞,組織・団体;場所-自然,,juman
本籍,ほんせき,honseki,普通名詞,抽象物,家庭・暮らし;政治,juman
本線,ほんせん,honsen,普通名詞,場所-施設,交通,juman
本社,ほんしゃ,honsha,普通名詞,組織・団体;場所-施設,ビジネス,juman
本紙,ほんし,honshi,普通名詞,人工物-その他,メディア,juman
本書,ほんしょ,honsho,普通名詞,人工物-その他;抽象物,,juman
本隊,ほんたい,hontai,普通名詞,組織・団体,政治,juman
本店,ほんてん,honten,普通名詞,場所-施設,ビジネス,juman
本島,ほんとう,honto,普通名詞,場所-その他,,juman
本屋,ほんや,honya,普通名詞,場所-施設,,juman
翻訳,ほんやく,honyaku,サ変名詞,抽象物,文化・芸術,juman
本山,ほんざん,honzan,普通名詞,場所-施設,文化・芸術,juman
ほっぺた,ほっぺた,hoppeta,普通名詞,動物-部位,,juman
北方,ほっぽう,hoppo,普通名詞,場所-機能,,juman
法螺吹き,ほらふき,horafuki,普通名詞,人,,juman
法螺貝,ほらがい,horagai,普通名詞,動物,,juman
法蓮草,ほうれんそう,horenso,普通名詞,植物;人工物-食べ物,料理・食事,juman
惚れる,ほれる,horeru,動詞,,,juman
堀,ほり,hori,普通名詞,場所-施設,,juman
堀端,ほりばた,horibata,普通名詞,場所-その他,,juman
彫り物,ほりもの,horimono,普通名詞,人工物-その他,文化・芸術,juman
彫り師,ほりし,horishi,普通名詞,人,文化・芸術,juman
掘り割り,ほりわり,horiwari,普通名詞,場所-施設,,juman
幌,ほろ,horo,普通名詞,人工物-その他,,juman
滅びる,ほろびる,horobiru,動詞,,,juman
滅ぼす,ほろぼす,horobosu,動詞,,,juman
滅ぶ,ほろぶ,horobu,動詞,,,juman
ほろ苦い,ほろにがい,horonigai,イ形容詞,,,juman
ほろりと,ほろりと,hororito,サ変名詞,抽象物,,juman
ほろ酔い,ほろよい,horoyoi,普通名詞,抽象物,料理・食事,juman
ほうる,ほうる,horu,動詞,,,juman
捕虜,ほりょ,horyo,普通名詞,人,政治,juman
穂先,ほさき,hosaki,普通名詞,植物-部位,,juman
硼酸,ほうさん,hosan,普通名詞,自然物,科学・技術,juman
宝石,ほうせき,hoseki,普通名詞,自然物,,juman
保線,ほせん,hosen,普通名詞,抽象物,交通,juman
鳳仙花,ほうせんか,hosenka,普通名詞,植物,,juman
星,ほし,hoshi,普通名詞,自然物,,juman
干し柿,ほしがき,hoshigaki,普通名詞,人工物-食べ物,料理・食事,juman
欲しい,ほしい,hoshii,イ形容詞,,,juman
ほしいまま,ほしいまま,hoshiimama,ナ形容詞,,,juman
干し草,ほしくさ,hoshikusa,普通名詞,植物,,juman
星祭り,ほしまつり,hoshimatsuri,普通名詞,抽象物,家庭・暮らし,juman
干し物,ほしもの,hoshimono,普通名詞,抽象物,家庭・暮らし;料理・食事,juman
星取,ほしとり,hoshitori,普通名詞,抽象物,スポーツ,juman
星空,ほしぞら,hoshizora,普通名詞,場所-自然,,juman
補色,ほしょく,hoshoku,普通名詞,色,,juman
保証人,ほしょうにん,hoshonin,普通名詞,人,家庭・暮らし;ビジネス;政治,juman
法主,ほうしゅ,hoshu,普通名詞,人,文化・芸術,juman
法曹,ほうそう,hoso,普通名詞,人,政治,juman
細引き,ほそびき,hosobiki,普通名詞,人工物-その他,,juman
細腕,ほそうで,hosode,普通名詞,動物-部位,,juman
細い,ほそい,hosoi,イ形容詞,,,juman
細道,ほそみち,hosomichi,普通名詞,場所-その他,交通,juman
干す,ほす,hosu,動詞,,家庭・暮らし;料理・食事,juman
包帯,ほうたい,hotai,普通名詞,人工物-その他,健康・医学,juman
蛍,ほたる,hotaru,普通名詞,動物,,juman
帆立,ほたて,hotate,普通名詞,動物;人工物-食べ物,料理・食事,juman
法廷,ほうてい,hotei,普通名詞,場所-施設,政治,juman
方程式,ほうていしき,hoteishiki,普通名詞,抽象物,教育・学習,juman
宝刀,ほうとう,hoto,普通名詞,人工物-その他,文化・芸術,juman
迸る,ほとばしる,hotobashiru,動詞,,,juman
ほとぼり,ほとぼり,hotobori,普通名詞,抽象物,,juman
仏,ほとけ,hotoke,普通名詞,人,文化・芸術,juman
仏心,ほとけごころ,hotokegokoro,普通名詞,抽象物,文化・芸術,juman
ほとけのざ,ほとけのざ,hotokenoza,普通名詞,植物,料理・食事,juman
仏様,ほとけさま,hotokesama,普通名詞,人,文化・芸術,juman
ほとり,ほとり,hotori,普通名詞,場所-自然,,juman
ほととぎす,ほととぎす,hototogisu,普通名詞,動物,,juman
発願,ほつがん,hotsugan,サ変名詞,抽象物,文化・芸術,juman
ほつれる,ほつれる,hotsureru,動詞,,,juman
ほったらかす,ほったらかす,hottarakasu,動詞,,,juman
掘っ立て小屋,ほったてごや,hottategoya,普通名詞,場所-施設,,juman
放っておく,ほうっておく,hotteoku,動詞,,,juman
放っとく,ほっとく,hottoku,動詞,,,juman
飽和,ほうわ,howa,サ変名詞,抽象物,教育・学習,juman
ほやほや,ほやほや,hoyahoya,ナ形容詞,,,juman
邦訳,ほうやく,hoyaku,サ変名詞,抽象物,文化・芸術,juman
法要,ほうよう,hoyo,普通名詞,抽象物,文化・芸術;家庭・暮らし,juman
臍,ほぞ,hozo,普通名詞,動物-部位,,juman
酸漿,ほおずき,hozuki,普通名詞,植物,,juman
帆綱,ほづな,hozuna,普通名詞,人工物-その他,,juman
頬擦り,ほおずり,hozuri,サ変名詞,抽象物,,juman
百花,ひゃっか,hyakka,普通名詞,植物,,juman
百科事典,ひゃっかじてん,hyakkajiten,普通名詞,人工物-その他;抽象物,教育・学習,juman
百貨店,ひゃっかてん,hyakkaten,普通名詞,場所-施設,ビジネス,juman
百姓,ひゃくしょう,hyakusho,普通名詞,人,,juman
百葉箱,ひゃくようばこ,hyakuyobako,普通名詞,人工物-その他,教育・学習;科学・技術,juman
豹,ひょう,hyo,普通名詞,動物,,juman
氷柱,ひょうちゅう,hyochu,普通名詞,自然物,,juman
評伝,ひょうでん,hyoden,普通名詞,抽象物,文化・芸術,juman
表土,ひょうど,hyodo,普通名詞,場所-自然,,juman
氷河,ひょうが,hyoga,普通名詞,自然物,,juman
氷原,ひょうげん,hyogen,普通名詞,場所-その他,,juman
表具,ひょうぐ,hyogu,普通名詞,抽象物,文化・芸術,juman
漂白,ひょうはく,hyohaku,サ変名詞,抽象物,家庭・暮らし,juman
表皮,ひょうひ,hyohi,普通名詞,動物-部位;植物-部位,,juman
氷上,ひょうじょう,hyojo,普通名詞,場所-その他,,juman
氷海,ひょうかい,hyokai,普通名詞,場所-その他,,juman
ひょうきん,ひょうきん,hyokin,ナ形容詞,,,juman
表面,ひょうめん,hyomen,普通名詞,場所-その他,,juman
氷嚢,ひょうのう,hyono,普通名詞,人工物-その他,健康・医学,juman
表札,ひょうさつ,hyosatsu,普通名詞,人工物-その他,家庭・暮らし,juman
剽窃,ひょうせつ,hyosetsu,サ変名詞,抽象物,文化・芸術,juman
表紙,ひょうし,hyoshi,普通名詞,人工物-その他,,juman
拍子木,ひょうしぎ,hyoshigi,普通名詞,人工物-その他,文化・芸術,juman
標識,ひょうしき,hyoshiki,普通名詞,人工物-その他,,juman
拍子抜け,ひょうしぬけ,hyoshinuke,サ変名詞,抽象物,,juman
氷床,ひょうしょう,hyosho,普通名詞,場所-自然,科学・技術,juman
表装,ひょうそう,hyoso,サ変名詞,抽象物,文化・芸術,juman
瓢箪,ひょうたん,hyotan,普通名詞,植物,,juman
標的,ひょうてき,hyoteki,普通名詞,人工物-その他,,juman
ひょっとこ,ひょっとこ,hyottoko,普通名詞,人;人工物-その他,,juman
氷山,ひょうざん,hyozan,普通名詞,自然物,,juman
茨,いばら,ibara,普通名詞,植物,,juman
居場所,いばしょ,ibasho,普通名詞,場所-その他,,juman
いびき,いびき,ibiki,普通名詞,抽象物,健康・医学;家庭・暮らし,juman
いびる,いびる,ibiru,動詞,,,juman
いびつ,いびつ,ibitsu,ナ形容詞,,,juman
異母,いぼ,ibo,普通名詞,抽象物,家庭・暮らし,juman
訝る,いぶかる,ibukaru,動詞,,,juman
いぶかしい,いぶかしい,ibukashii,イ形容詞,,,juman
胃袋,いぶくろ,ibukuro,普通名詞,動物-部位,健康・医学;料理・食事,juman
燻る,いぶる,iburu,動詞,,,juman
燻し銀,いぶしぎん,ibushigin,普通名詞,人工物-その他;色,,juman
燻す,いぶす,ibusu,動詞,,料理・食事,juman
異物,いぶつ,ibutsu,普通名詞,人工物-その他,,juman
位置,いち,ichi,サ変名詞,場所-その他,,juman
市場,いちば,ichiba,普通名詞,場所-その他,家庭・暮らし;料理・食事,juman
市場町,いちばまち,ichibamachi,普通名詞,場所-その他,,juman
一番星,いちばんぼし,ichibanboshi,普通名詞,自然物,,juman
一番鶏,いちばんどり,ichibandori,普通名詞,動物,,juman
一番乗り,いちばんのり,ichibannori,サ変名詞,抽象物,,juman
一部,いちぶ,ichibu,普通名詞,場所-機能;抽象物;数量,,juman
一部分,いちぶぶん,ichibubun,普通名詞,場所-機能;抽象物;数量,,juman
一団,いちだん,ichidan,普通名詞,組織・団体,,juman
一同,いちどう,ichido,普通名詞,人,,juman
一言居士,いちげんこじ,ichigenkoji,普通名詞,人,,juman
苺,いちご,ichigo,普通名詞,植物;人工物-食べ物,料理・食事,juman
一隅,いちぐう,ichigu,普通名詞,場所-機能,,juman
一群,いちぐん,ichigun,普通名詞,組織・団体,,juman
一員,いちいん,ichiin,普通名詞,人,,juman
一時,いちじ,ichiji,時相名詞,時間,,juman
無花果,いちじく,ichijiku,普通名詞,植物;人工物-食べ物,料理・食事,juman
著しい,いちじるしい,ichijirushii,イ形容詞,,,juman
一女,いちじょ,ichijo,普通名詞,人,,juman
一枚岩,いちまいいわ,ichimaiiwa,普通名詞,自然物,,juman
市松,いちまつ,ichimatsu,普通名詞,形・模様,,juman
一面,いちめん,ichimen,ナ形容詞,,,juman
一味,いちみ,ichimi,普通名詞,組織・団体,,juman
一門,いちもん,ichimon,普通名詞,組織・団体,,juman
一男,いちなん,ichinan,普通名詞,人,,juman
一年中,いちねんじゅう,ichinenju,時相名詞,時間,,juman
一年草,いちねんそう,ichinenso,普通名詞,植物,,juman
一覧,いちらん,ichiran,サ変名詞,人工物-その他;抽象物,,juman
一輪挿し,いちりんざし,ichirinzashi,普通名詞,人工物-その他,,juman
一律,いちりつ,ichiritsu,ナ形容詞,,,juman
一里塚,いちりづか,ichirizuka,普通名詞,場所-その他,,juman
一両日,いちりょうじつ,ichiryojitsu,時相名詞,時間,,juman
一夜,いちや,ichiya,時相名詞,時間,,juman
一夜漬け,いちやづけ,ichiyazuke,サ変名詞,人工物-食べ物,教育・学習,juman
一様,いちよう,ichiyo,ナ形容詞,,,juman
一座,いちざ,ichiza,サ変名詞,人,,juman
一族,いちぞく,ichizoku,普通名詞,組織・団体,,juman
一途,いちず,ichizu,ナ形容詞,,,juman
銀杏,いちょう,icho,普通名詞,植物,,juman
医大,いだい,idai,普通名詞,組織・団体;場所-施設,健康・医学;教育・学習,juman
抱く,いだく,idaku,動詞,,,juman
韋駄天,いだてん,idaten,普通名詞,人,文化・芸術;スポーツ,juman
遺伝子,いでんし,idenshi,普通名詞,自然物,健康・医学;科学・技術,juman
いでる,いでる,ideru,動詞,,,juman
出で立ち,いでたち,idetachi,普通名詞,抽象物,,juman
井戸,いど,ido,普通名詞,場所-その他,家庭・暮らし,juman
井戸端,いどばた,idobata,普通名詞,場所-その他,,juman
居所,いどころ,idokoro,普通名詞,場所-その他,,juman
井戸水,いどみず,idomizu,普通名詞,人工物-食べ物;自然物,家庭・暮らし;料理・食事,juman
挑む,いどむ,idomu,動詞,,,juman
家出,いえで,iede,サ変名詞,抽象物,家庭・暮らし,juman
家柄,いえがら,iegara,普通名詞,抽象物,家庭・暮らし,juman
家々,いえいえ,ieie,普通名詞,場所-施設,,juman
家路,いえじ,ieji,普通名詞,場所-その他,交通,juman
家中,いえじゅう,ieju,普通名詞,場所-その他,家庭・暮らし,juman
胃液,いえき,ieki,普通名詞,自然物,健康・医学,juman
家元,いえもと,iemoto,普通名詞,人;場所-施設,文化・芸術,juman
以遠,いえん,ien,普通名詞,場所-機能,,juman
家並み,いえなみ,ienami,普通名詞,抽象物,,juman
癒える,いえる,ieru,動詞,,健康・医学,juman
衣服,いふく,ifuku,普通名詞,人工物-衣類,家庭・暮らし,juman
毬,いが,iga,普通名詞,植物-部位,,juman
意外,いがい,igai,ナ形容詞,,,juman
医学,いがく,igaku,普通名詞,抽象物,健康・医学;教育・学習,juman
医学部,いがくぶ,igakubu,普通名詞,組織・団体,健康・医学;教育・学習,juman
鋳型,いがた,igata,普通名詞,人工物-その他,,juman
以後,いご,igo,時相名詞,時間,,juman
藺草,いぐさ,igusa,普通名詞,植物,,juman
異形,いぎょう,igyo,ナ形容詞,,,juman
位牌,いはい,ihai,普通名詞,人工物-その他,文化・芸術;家庭・暮らし,juman
遺品,いひん,ihin,普通名詞,人工物-その他,家庭・暮らし,juman
異邦,いほう,iho,普通名詞,場所-その他,,juman
以北,いほく,ihoku,普通名詞,場所-機能,,juman
言い分,いいぶん,iibun,普通名詞,抽象物,,juman
言い掛かり,いいがかり,iigakari,普通名詞,抽象物,,juman
言い種,いいぐさ,iigusa,普通名詞,抽象物,,juman
好い気,いいき,iiki,ナ形容詞,,,juman
言い回し,いいまわし,iimawashi,普通名詞,抽象物,,juman
医院,いいん,iin,普通名詞,場所-施設,健康・医学,juman
言い成り,いいなり,iinari,普通名詞,抽象物,,juman
許嫁,いいなずけ,iinazuke,普通名詞,人,家庭・暮らし,juman
言い訳,いいわけ,iiwake,サ変名詞,抽象物,,juman
遺児,いじ,iji,普通名詞,人,家庭・暮らし,juman
いじける,いじける,ijikeru,動詞,,,juman
苛めっ子,いじめっこ,ijimekko,普通名詞,人,家庭・暮らし,juman
苛める,いじめる,ijimeru,動詞,,,juman
偉人,いじん,ijin,普通名詞,人,,juman
いじらしい,いじらしい,ijirashii,イ形容詞,,,juman
弄る,いじる,ijiru,動詞,,,juman
異常,いじょう,ijo,ナ形容詞,,,juman
移住,いじゅう,iju,サ変名詞,抽象物,家庭・暮らし,juman
烏賊,いか,ika,普通名詞,動物;人工物-食べ物,料理・食事,juman
筏,いかだ,ikada,普通名詞,人工物-乗り物,交通,juman
いかが,いかが,ikaga,ナ形容詞,,,juman
いかがわしい,いかがわしい,ikagawashii,イ形容詞,,,juman
いかめしい,いかめしい,ikameshii,イ形容詞,,,juman
遺憾,いかん,ikan,ナ形容詞,,,juman
いかれる,いかれる,ikareru,動詞,,,juman
錨,いかり,ikari,普通名詞,人工物-その他,交通,juman
怒る,いかる,ikaru,動詞,,,juman
いかさま,いかさま,ikasama,サ変名詞,抽象物,,juman
生かす,いかす,ikasu,動詞,,,juman
いかつい,いかつい,ikatsui,イ形容詞,,,juman
池,いけ,ike,普通名詞,場所-自然,,juman
生け花,いけばな,ikebana,普通名詞,抽象物,文化・芸術,juman
生け垣,いけがき,ikegaki,普通名詞,場所-施設部位,,juman
意見,いけん,iken,サ変名詞,抽象物,,manual
いけない,いけない,ikenai,イ形容詞,,,juman
生ける,いける,ikeru,動詞,,文化・芸術,juman
生け簀,いけす,ikesu,普通名詞,場所-施設,料理・食事,juman
息,いき,iki,普通名詞,抽象物,,juman
生き仏,いきぼとけ,ikibotoke,普通名詞,人,文化・芸術,juman
行き止まり,いきどまり,ikidomari,普通名詞,抽象物,交通,juman
憤る,いきどおる,ikidoru,動詞,,,juman
生き餌,いきえ,ikie,普通名詞,人工物-食べ物,,juman
生きがい,いきがい,ikigai,普通名詞,抽象物,,juman
行き掛かり,いきがかり,ikigakari,普通名詞,抽象物,,juman
行き掛け,いきがけ,ikigake,普通名詞,抽象物,交通,juman
生き字引,いきじびき,ikijibiki,普通名詞,人,,juman
行き帰り,いきかえり,ikikaeri,普通名詞,抽象物,,juman
生き物,いきもの,ikimono,普通名詞,動物;植物,,juman
息む,いきむ,ikimu,動詞,,健康・医学,juman
息抜き,いきぬき,ikinuki,サ変名詞,抽象物,,juman
いきれ,いきれ,ikire,普通名詞,自然物,,juman
生きる,いきる,ikiru,動詞,,健康・医学,juman
行き先,いきさき,ikisaki,普通名詞,場所-その他,交通,juman
いきさつ,いきさつ,ikisatsu,普通名詞,抽象物,,juman
息継ぎ,いきつぎ,ikitsugi,サ変名詞,抽象物,,juman
生き埋め,いきうめ,ikiume,普通名詞,抽象物,,juman
生き写し,いきうつし,ikiutsushi,普通名詞,抽象物,,juman
生き様,いきざま,ikizama,普通名詞,抽象物,,juman
息遣い,いきづかい,ikizukai,普通名詞,抽象物,,juman
一家,いっか,ikka,普通名詞,組織・団体,,juman
一環,いっかん,ikkan,普通名詞,形・模様,,juman
一軒家,いっけんや,ikkenya,普通名詞,場所-施設,家庭・暮らし,juman
一気,いっき,ikki,ナ形容詞,,,juman
一騎打ち,いっきうち,ikkiuchi,普通名詞,抽象物,,juman
一行,いっこう,ikko,普通名詞,組織・団体,,juman
一戸建て,いっこだて,ikkodate,普通名詞,場所-施設,家庭・暮らし,juman
一刻,いっこく,ikkoku,時相名詞,時間,,juman
一挙,いっきょ,ikkyo,ナ形容詞,,,juman
以降,いこう,iko,時相名詞,時間,,juman
異国,いこく,ikoku,普通名詞,場所-その他,,juman
憩う,いこう,ikou,動詞,,,juman
行く,いく,iku,動詞,,交通,juman
育英,いくえい,ikuei,普通名詞,抽象物,教育・学習,juman
育児,いくじ,ikuji,サ変名詞,抽象物,家庭・暮らし,juman
行く先,いくさき,ikusaki,普通名詞,場所-その他;時間,交通,juman
異郷,いきょう,ikyo,普通名詞,場所-その他,,juman
医局,いきょく,ikyoku,普通名詞,場所-施設,健康・医学,juman
異教徒,いきょうと,ikyoto,普通名詞,人,文化・芸術,juman
今,いま,ima,時相名詞,時間,,juman
今どき,いまどき,imadoki,普通名詞,時間,,juman
今風,いまふう,imafu,ナ形容詞,,,juman
今頃,いまごろ,imagoro,時相名詞,時間,,juman
今一,いまいち,imaichi,ナ形容詞,,,juman
いまいましい,いまいましい,imaimashii,イ形容詞,,,juman
戒める,いましめる,imashimeru,動詞,,,juman
忌まわしい,いまわしい,imawashii,イ形容詞,,,juman
意味,いみ,imi,サ変名詞,抽象物,,manual
意味合い,いみあい,imiai,普通名詞,抽象物,,juman
移民,いみん,imin,サ変名詞,人;抽象物,政治,juman
芋,いも,imo,普通名詞,植物;人工物-食べ物,料理・食事,juman
芋虫,いもむし,imomushi,普通名詞,動物,,juman
鋳物,いもの,imono,普通名詞,人工物-その他,,juman
井守,いもり,imori,普通名詞,動物,,juman
妹,いもうと,imoto,普通名詞,人,家庭・暮らし,juman
芋蔓,いもづる,imozuru,普通名詞,植物-部位,,juman
忌む,いむ,imu,動詞,,文化・芸術;家庭・暮らし,juman
否,いな,ina,普通名詞,抽象物,,juman
稲光,いなびかり,inabikari,普通名詞,抽象物,,manual
稲田,いなだ,inada,普通名詞,場所-その他,,juman
稲子,いなご,inago,普通名詞,動物,料理・食事,juman
稲穂,いなほ,inaho,普通名詞,植物-部位,,juman
田舎,いなか,inaka,普通名詞,場所-その他,,juman
否める,いなめる,inameru,動詞,,,juman
稲叢,いなむら,inamura,普通名詞,人工物-その他,,juman
以南,いなん,inan,普通名詞,場所-機能,,juman
嘶く,いななく,inanaku,動詞,,,juman
稲荷,いなり,inari,普通名詞,組織・団体;人工物-食べ物;場所-施設,文化・芸術;料理・食事,juman
いなす,いなす,inasu,動詞,,,juman
稲束,いなたば,inataba,普通名詞,人工物-その他,,juman
稲妻,いなずま,inazuma,普通名詞,抽象物,,manual
韻文,いんぶん,inbun,普通名詞,抽象物,文化・芸術,juman
院長,いんちょう,incho,普通名詞,人,健康・医学,juman
稲,いね,ine,普通名詞,植物,,juman
陰影,いんえい,inei,普通名詞,場所-自然;抽象物,,juman
稲刈り,いねかり,inekari,サ変名詞,抽象物,,juman
稲扱き,いねこき,inekoki,サ変名詞,抽象物,,juman
因果,いんが,inga,ナ形容詞,,,juman
印画紙,いんがし,ingashi,普通名詞,人工物-その他,,juman
隠元,いんげん,ingen,普通名詞,植物;人工物-食べ物,料理・食事,juman
隠元豆,いんげんまめ,ingenmame,普通名詞,植物;人工物-食べ物,料理・食事,juman
古,いにしえ,inishie,普通名詞,時間,,juman
印鑑,いんかん,inkan,普通名詞,人工物-その他,家庭・暮らし;ビジネス,juman
陰険,いんけん,inken,ナ形容詞,,,juman
陰気,いんき,inki,ナ形容詞,,,juman
鸚哥,いんこ,inko,普通名詞,動物,,juman
隠居,いんきょ,inkyo,サ変名詞,抽象物,家庭・暮らし,juman
陰極,いんきょく,inkyoku,普通名詞,抽象物,教育・学習,juman
命,いのち,inochi,普通名詞,抽象物,健康・医学;家庭・暮らし,juman
命拾い,いのちびろい,inochibiroi,サ変名詞,抽象物,,juman
命掛け,いのちがけ,inochigake,普通名詞,抽象物,,juman
命乞い,いのちごい,inochigoi,サ変名詞,抽象物,,juman
命取り,いのちとり,inochitori,普通名詞,抽象物,,juman
命綱,いのちづな,inochizuna,普通名詞,人工物-その他,,juman
いの一番,いのいちばん,inoichiban,普通名詞,抽象物,,juman
意のまま,いのまま,inomama,ナ形容詞,,,juman
祈る,いのる,inoru,動詞,,文化・芸術,juman
猪,いのしし,inoshishi,普通名詞,動物,,juman
陰暦,いんれき,inreki,普通名詞,時間,,juman
韻律,いんりつ,inritsu,普通名詞,抽象物,文化・芸術,juman
印篭,いんろう,inro,普通名詞,人工物-その他,,juman
飲料,いんりょう,inryo,普通名詞,人工物-食べ物,料理・食事,juman
引力,いんりょく,inryoku,普通名詞,抽象物,教育・学習,juman
陰惨,いんさん,insan,ナ形容詞,,,juman
院生,いんせい,insei,普通名詞,人,教育・学習;科学・技術,juman
隕石,いんせき,inseki,普通名詞,自然物,,juman
印紙,いんし,inshi,普通名詞,人工物-その他,ビジネス,juman
陰湿,いんしつ,inshitsu,ナ形容詞,,,juman
印章,いんしょう,insho,普通名詞,人工物-その他,文化・芸術,juman
飲食,いんしょく,inshoku,サ変名詞,抽象物,料理・食事,juman
因習,いんしゅう,inshu,普通名詞,抽象物,文化・芸術,juman
引率,いんそつ,insotsu,サ変名詞,抽象物,教育・学習,juman
引退,いんたい,intai,サ変名詞,抽象物,スポーツ;ビジネス,juman
隠遁,いんとん,inton,サ変名詞,抽象物,家庭・暮らし,juman
犬,いぬ,inu,普通名詞,動物,,juman
犬橇,いぬぞり,inuzori,普通名詞,人工物-乗り物;人工物-その他,,juman
飲用,いんよう,inyo,サ変名詞,抽象物,料理・食事,juman
印税,いんぜい,inzei,普通名詞,人工物-金銭,文化・芸術;ビジネス;メディア,juman
庵,いおり,iori,普通名詞,場所-施設,,juman
一派,いっぱ,ippa,普通名詞,組織・団体,,juman
一杯,いっぱい,ippai,ナ形容詞,,,juman
一片,いっぺん,ippen,普通名詞,人工物-その他,,juman
一匹狼,いっぴきおおかみ,ippikiokami,普通名詞,人,,juman
逸品,いっぴん,ippin,普通名詞,人工物-その他,,juman
一方,いっぽう,ippo,普通名詞,場所-機能,,juman
一本立ち,いっぽんだち,ippondachi,サ変名詞,抽象物,,juman
一本背負い,いっぽんぜおい,ipponzeoi,普通名詞,抽象物,スポーツ,juman
以来,いらい,irai,時相名詞,時間,,juman
甍,いらか,iraka,普通名詞,場所-施設部位,,juman
いらっしゃる,いらっしゃる,irassharu,動詞,,,juman
入れ歯,いれば,ireba,普通名詞,人工物-その他,健康・医学,juman
入れ違い,いれちがい,irechigai,サ変名詞,抽象物,,juman
慰霊,いれい,irei,普通名詞,抽象物,文化・芸術;家庭・暮らし,juman
入れ知恵,いれぢえ,irejie,サ変名詞,抽象物,,juman
入れ物,いれもの,iremono,普通名詞,人工物-その他,,juman
入れる,いれる,ireru,動詞,,,juman
入れ墨,いれずみ,irezumi,サ変名詞,動物-部位,,juman
入り江,いりえ,irie,普通名詞,場所-自然,,juman
入り口,いりぐち,iriguchi,普通名詞,場所-その他,,juman
入り日,いりひ,irihi,普通名詞,自然物,,juman
入り海,いりうみ,iriumi,普通名詞,場所-自然,,juman
入り用,いりよう,iriyo,ナ形容詞,,,juman
色,いろ,iro,普通名詞,色,,juman
色合い,いろあい,iroai,普通名詞,抽象物,,juman
彩る,いろどる,irodoru,動詞,,,juman
いろは,いろは,iroha,普通名詞,抽象物,,juman
色々,いろいろ,iroiro,ナ形容詞,,,juman
色白,いろじろ,irojiro,ナ形容詞,,,juman
色町,いろまち,iromachi,普通名詞,場所-その他,,juman
色めく,いろめく,iromeku,動詞,,,juman
色っぽい,いろっぽい,iroppoi,イ形容詞,,,juman
いろり,いろり,irori,普通名詞,場所-施設部位,,juman
色分け,いろわけ,irowake,サ変名詞,抽象物,,juman
色刷り,いろずり,irozuri,サ変名詞,人工物-その他;抽象物,メディア,juman
煎る,いる,iru,動詞,,料理・食事,juman
衣類,いるい,irui,普通名詞,人工物-衣類,家庭・暮らし,juman
海豚,いるか,iruka,普通名詞,動物,,juman
居留守,いるす,irusu,サ変名詞,抽象物,家庭・暮らし,juman
衣料,いりょう,iryo,普通名詞,人工物-衣類,家庭・暮らし,juman
潔い,いさぎよい,isagiyoi,イ形容詞,,,juman
諍い,いさかい,isakai,サ変名詞,抽象物,,juman
遺作,いさく,isaku,普通名詞,抽象物,文化・芸術;メディア,juman
勇ましい,いさましい,isamashii,イ形容詞,,,juman
諫める,いさめる,isameru,動詞,,,juman
勇み足,いさみあし,isamiashi,普通名詞,抽象物,,juman
勇む,いさむ,isamu,動詞,,,juman
胃酸,いさん,isan,普通名詞,自然物,健康・医学,juman
漁り火,いさりび,isaribi,普通名詞,人工物-その他,,juman
以西,いせい,isei,普通名詞,場所-機能,,juman
為政者,いせいしゃ,iseisha,普通名詞,人,政治,juman
遺跡,いせき,iseki,普通名詞,場所-その他,文化・芸術,juman
緯線,いせん,isen,普通名詞,場所-その他,,juman
医者,いしゃ,isha,普通名詞,人,健康・医学,juman
慰謝料,いしゃりょう,isharyo,普通名詞,人工物-金銭,家庭・暮らし;ビジネス,juman
石,いし,ishi,普通名詞,自然物,,juman
石橋,いしばし,ishibashi,普通名詞,場所-施設,交通,juman
石段,いしだん,ishidan,普通名詞,場所-施設,,juman
石畳,いしだたみ,ishidatami,普通名詞,場所-その他,,juman
石灯篭,いしどうろう,ishidoro,普通名詞,人工物-その他,文化・芸術,juman
石垣,いしがき,ishigaki,普通名詞,場所-施設部位,,juman
石ころ,いしころ,ishikoro,普通名詞,自然物,,juman
石おの,いしおの,ishiono,普通名詞,人工物-その他,,juman
異質,いしつ,ishitsu,ナ形容詞,,,juman
遺失物,いしつぶつ,ishitsubutsu,普通名詞,人工物-その他,,juman
石臼,いしうす,ishiusu,普通名詞,人工物-その他,,juman
石綿,いしわた,ishiwata,普通名詞,人工物-その他,科学・技術,juman
礎,いしずえ,ishizue,普通名詞,自然物,,juman
石突き,いしづき,ishizuki,普通名詞,植物-部位;人工物-その他,,juman
石積み,いしづみ,ishizumi,普通名詞,抽象物,,juman
衣装,いしょう,isho,普通名詞,人工物-衣類,家庭・暮らし,juman
衣食,いしょく,ishoku,普通名詞,抽象物,家庭・暮らし,juman
衣食住,いしょくじゅう,ishokuju,普通名詞,抽象物,家庭・暮らし,juman
磯,いそ,iso,普通名詞,場所-自然,,juman
忙しい,いそがしい,isogashii,イ形容詞,,,juman
急ぎ足,いそぎあし,isogiashi,普通名詞,抽象物,,juman
磯巾着,いそぎんちゃく,isoginchaku,普通名詞,動物,,juman
急ぐ,いそぐ,isogu,動詞,,,juman
磯松,いそまつ,isomatsu,普通名詞,植物,,juman
居候,いそうろう,isoro,サ変名詞,人,家庭・暮らし,juman
勤しむ,いそしむ,isoshimu,動詞,,家庭・暮らし,juman
一昨日,いっさくじつ,issakujitsu,時相名詞,時間,,juman
一昨年,いっさくねん,issakunen,時相名詞,時間,,juman
一斉,いっせい,issei,ナ形容詞,,,juman
一夕,いっせき,isseki,時相名詞,時間,,juman
一線,いっせん,issen,普通名詞,形・模様,,juman
一線級,いっせんきゅう,issenkyu,普通名詞,抽象物,スポーツ,juman
一節,いっせつ,issetsu,普通名詞,抽象物,文化・芸術,juman
一身,いっしん,isshin,普通名詞,動物,,juman
一神教,いっしんきょう,isshinkyo,普通名詞,抽象物,文化・芸術,juman
一室,いっしつ,isshitsu,普通名詞,場所-施設,,juman
一緒,いっしょ,issho,ナ形容詞,,,juman
一生涯,いっしょうがい,isshogai,時相名詞,抽象物,家庭・暮らし,juman
一緒くた,いっしょくた,isshokuta,ナ形容詞,,,juman
一周忌,いっしゅうき,isshuki,普通名詞,抽象物,文化・芸術;家庭・暮らし,juman
一足飛び,いっそくとび,issokutobi,普通名詞,抽象物,,juman
一睡,いっすい,issui,サ変名詞,抽象物,家庭・暮らし,juman
椅子,いす,isu,普通名詞,人工物-その他,,juman
板,いた,ita,普通名詞,人工物-その他,,juman
板張り,いたばり,itabari,サ変名詞,抽象物,,juman
板挟み,いたばさみ,itabasami,普通名詞,抽象物,,juman
いたち,いたち,itachi,普通名詞,動物,,juman
いたちごっこ,いたちごっこ,itachigokko,普通名詞,抽象物,,juman
頂き物,いただきもの,itadakimono,普通名詞,人工物-その他,,juman
頂く,いただく,itadaku,動詞,,,juman
いたいけ,いたいけ,itaike,ナ形容詞,,,juman
板敷き,いたじき,itajiki,普通名詞,抽象物,,juman
板壁,いたかべ,itakabe,普通名詞,場所-施設部位,,juman
板前,いたまえ,itamae,普通名詞,人,料理・食事,juman
炒める,いためる,itameru,動詞,,料理・食事,juman
悼む,いたむ,itamu,動詞,,文化・芸術;家庭・暮らし,juman
板の間,いたのま,itanoma,普通名詞,場所-施設,,juman
至る,いたる,itaru,動詞,,,juman
致し方,いたしかた,itashikata,普通名詞,抽象物,,juman
致す,いたす,itasu,動詞,,,juman
いたたまれない,いたたまれない,itatamarenai,イ形容詞,,,juman
労る,いたわる,itawaru,動詞,,,juman
いたわしい,いたわしい,itawashii,イ形容詞,,,juman
悪戯,いたずら,itazura,サ変名詞,抽象物,レクリエーション,juman
一朝一夕,いっちょういっせき,itchoisseki,普通名詞,時間,,juman
一直線,いっちょくせん,itchokusen,普通名詞,形・模様,,juman
一昼夜,いっちゅうや,itchuya,時相名詞,時間,,juman
糸,いと,ito,普通名詞,人工物-その他,,juman
糸偏,いとへん,itohen,普通名詞,抽象物,教育・学習,juman
糸切り歯,いときりば,itokiriba,普通名詞,動物-部位,,juman
従兄弟,いとこ,itoko,普通名詞,人,家庭・暮らし,juman
いとま,いとま,itoma,サ変名詞,抽象物,,juman
暇乞い,いとまごい,itomagoi,サ変名詞,抽象物,,juman
営む,いとなむ,itonamu,動詞,,,juman
いとしい,いとしい,itoshii,イ形容詞,,,juman
厭う,いとう,itou,動詞,,,juman
いつ,いつ,itsu,時相名詞,時間,,juman
何時頃,いつごろ,itsugoro,時相名詞,時間,,juman
慈しむ,いつくしむ,itsukushimu,動詞,,,juman
偽る,いつわる,itsuwaru,動詞,,,juman
逸材,いつざい,itsuzai,普通名詞,人,,juman
一帯,いったい,ittai,普通名詞,場所-その他,,juman
一点張り,いってんばり,ittenbari,普通名詞,抽象物,,juman
一等地,いっとうち,ittochi,普通名詞,場所-その他,ビジネス,juman
岩,いわ,iwa,普通名詞,自然物,,juman
岩場,いわば,iwaba,普通名詞,場所-その他,,juman
岩肌,いわはだ,iwahada,普通名詞,場所-その他,,juman
曰く,いわく,iwaku,普通名詞,抽象物,,juman
曰く付き,いわくつき,iwakutsuki,普通名詞,抽象物,,juman
岩魚,いわな,iwana,普通名詞,動物;人工物-食べ物,料理・食事,juman
謂われ,いわれ,iware,普通名詞,抽象物,,juman
鰯,いわし,iwashi,普通名詞,動物;人工物-食べ物,料理・食事,juman
祝う,いわう,iwau,動詞,,,juman
岩屋,いわや,iwaya,普通名詞,場所-施設;場所-自然,,juman
岩山,いわやま,iwayama,普通名詞,場所-自然,,juman
嫌,いや,iya,ナ形容詞,,,juman
嫌がらせ,いやがらせ,iyagarase,サ変名詞,抽象物,,juman
医薬,いやく,iyaku,普通名詞,人工物-その他,健康・医学,juman
嫌味,いやみ,iyami,ナ形容詞,,,juman
嫌らしい,いやらしい,iyarashii,イ形容詞,,,juman
卑しい,いやしい,iyashii,イ形容詞,,,juman
卑しめる,いやしめる,iyashimeru,動詞,,,juman
卑しむ,いやしむ,iyashimu,動詞,,,juman
癒す,いやす,iyasu,動詞,,健康・医学,juman
異様,いよう,iyo,ナ形容詞,,,juman
居酒屋,いざかや,izakaya,普通名詞,場所-施設,料理・食事,juman
いざこざ,いざこざ,izakoza,普通名詞,抽象物,,juman
いざと言う時,いざというとき,izatoiutoki,普通名詞,時間,,juman
十六夜,いざよい,izayoi,普通名詞,時間,,juman
以前,いぜん,izen,時相名詞,時間,,juman
いずこ,いずこ,izuko,普通名詞,場所-機能,,juman
居住居,いずまい,izumai,普通名詞,抽象物,家庭・暮らし,juman
泉,いずみ,izumi,普通名詞,場所-自然,,juman
邪悪,じゃあく,jaaku,ナ形容詞,,,juman
じゃが芋,じゃがいも,jagaimo,普通名詞,植物;人工物-食べ物,料理・食事,juman
蛇口,じゃぐち,jaguchi,普通名詞,人工物-その他,家庭・暮らし,juman
邪険,じゃけん,jaken,ナ形容詞,,,juman
じゃこ,じゃこ,jako,普通名詞,動物;人工物-食べ物,料理・食事,juman
若輩,じゃくはい,jakuhai,普通名詞,人,,juman
若年者,じゃくねんもの,jakunenmono,普通名詞,人,,juman
弱者,じゃくしゃ,jakusha,普通名詞,人,,juman
弱小,じゃくしょう,jakusho,ナ形容詞,,,juman
弱体,じゃくたい,jakutai,ナ形容詞,,,juman
邪教,じゃきょう,jakyo,普通名詞,抽象物,文化・芸術,juman
邪魔,じゃま,jama,ナ形容詞,,,juman
じゃんけん,じゃんけん,janken,サ変名詞,抽象物,,juman
蛇の目,じゃのめ,janome,普通名詞,形・模様,,juman
じゃれる,じゃれる,jareru,動詞,,,juman
砂利,じゃり,jari,普通名詞,自然物,,juman
字余り,じあまり,jiamari,普通名詞,抽象物,文化・芸術,juman
地場,じば,jiba,普通名詞,場所-その他,ビジネス,juman
地盤,じばん,jiban,普通名詞,場所-その他;抽象物,,juman
地べた,じべた,jibeta,普通名詞,場所-その他,,juman
字引,じびき,jibiki,普通名詞,抽象物,教育・学習,juman
地引き網,じびきあみ,jibikiami,普通名詞,人工物-その他,,juman
慈母,じぼ,jibo,普通名詞,人,家庭・暮らし,juman
時分,じぶん,jibun,時相名詞,時間,,juman
次長,じちょう,jicho,普通名詞,人,ビジネス;政治,juman
時代,じだい,jidai,時相名詞,時間,,juman
時代後れ,じだいおくれ,jidaiokure,普通名詞,抽象物,,juman
じだんだ,じだんだ,jidanda,普通名詞,抽象物,,juman
自伝,じでん,jiden,普通名詞,抽象物,文化・芸術,juman
児童,じどう,jido,普通名詞,人,教育・学習,juman
自動車,じどうしゃ,jidosha,普通名詞,人工物-乗り物,交通,juman
自動詞,じどうし,jidoshi,普通名詞,抽象物,教育・学習,juman
慈父,じふ,jifu,普通名詞,人,家庭・暮らし,juman
自画,じが,jiga,普通名詞,抽象物,文化・芸術,juman
地金,じがね,jigane,普通名詞,自然物,,juman
地固め,じがため,jigatame,サ変名詞,抽象物,,juman
時限,じげん,jigen,普通名詞,時間,,juman
事後,じご,jigo,普通名詞,時間,,juman
治具,じぐ,jigu,普通名詞,人工物-その他,,juman
地肌,じはだ,jihada,普通名詞,動物-部位,,juman
自販機,じはんき,jihanki,普通名詞,人工物-その他,家庭・暮らし,juman
地響き,じひびき,jihibiki,サ変名詞,抽象物,,juman
辞表,じひょう,jihyo,普通名詞,人工物-その他,ビジネス;政治,juman
爺ちゃん,じいちゃん,jiichan,普通名詞,人,家庭・暮らし,juman
寺院,じいん,jiin,普通名詞,組織・団体;場所-施設,文化・芸術,juman
地色,じいろ,jiiro,普通名詞,色,,juman
爺さん,じいさん,jiisan,普通名詞,人,家庭・暮らし,juman
自陣,じじん,jijin,普通名詞,組織・団体;場所-その他,スポーツ;政治,juman
時日,じじつ,jijitsu,普通名詞,時間,,juman
侍女,じじょ,jijo,普通名詞,人,,juman
自叙伝,じじょでん,jijoden,普通名詞,抽象物,文化・芸術,juman
自家,じか,jika,普通名詞,場所-施設,,juman
次回,じかい,jikai,時相名詞,時間,,juman
字画,じかく,jikaku,普通名詞,抽象物,教育・学習,juman
直播き,じかまき,jikamaki,サ変名詞,抽象物,,juman
時間,じかん,jikan,時相名詞,時間,,juman
時間切れ,じかんぎれ,jikangire,普通名詞,抽象物,,juman
時間割り,じかんわり,jikanwari,普通名詞,抽象物,教育・学習,juman
次兄,じけい,jikei,普通名詞,人,家庭・暮らし,juman
時系列,じけいれつ,jikeiretsu,普通名詞,時間,,juman
時期,じき,jiki,時相名詞,時間,,juman
実家,じっか,jikka,普通名詞,場所-施設,家庭・暮らし,juman
実兄,じっけい,jikkei,普通名詞,人,家庭・暮らし,juman
自校,じこう,jiko,普通名詞,組織・団体;場所-施設,教育・学習,juman
時刻,じこく,jikoku,時相名詞,時間,,juman
軸,じく,jiku,普通名詞,人工物-その他;抽象物,,juman
軸足,じくあし,jikuashi,普通名詞,動物-部位,,juman
字配り,じくばり,jikubari,普通名詞,抽象物,教育・学習,juman
字訓,じくん,jikun,普通名詞,抽象物,教育・学習,juman
時給,じきゅう,jikyu,普通名詞,人工物-金銭,ビジネス,juman
持久走,じきゅうそう,jikyuso,普通名詞,抽象物,スポーツ;教育・学習,juman
じまい,じまい,jimai,普通名詞,抽象物,,juman
字幕,じまく,jimaku,普通名詞,人工物-その他,文化・芸術,juman
自慢,じまん,jiman,サ変名詞,抽象物,,manual
自明,じめい,jimei,ナ形容詞,,,juman
地面,じめん,jimen,普通名詞,場所-その他,,juman
地味,じみ,jimi,ナ形容詞,,,juman
地道,じみち,jimichi,ナ形容詞,,,juman
地元,じもと,jimoto,普通名詞,場所-その他,,juman
次男,じなん,jinan,普通名詞,人,家庭・暮らし,juman
地均し,じならし,jinarashi,サ変名詞,抽象物,,juman
地鳴り,じなり,jinari,サ変名詞,抽象物,,juman
陣羽織,じんばおり,jinbaori,普通名詞,人工物-衣類,,juman
人文,じんぶん,jinbun,普通名詞,抽象物,教育・学習,juman
人物,じんぶつ,jinbutsu,普通名詞,人,,juman
陣地,じんち,jinchi,普通名詞,場所-その他,政治,juman
人畜,じんちく,jinchiku,普通名詞,人;動物,,juman
沈丁花,じんちょうげ,jinchoge,普通名詞,植物,,juman
陣中,じんちゅう,jinchu,普通名詞,場所-その他,政治,juman
甚大,じんだい,jindai,ナ形容詞,,,juman
陣営,じんえい,jinei,普通名詞,組織・団体;場所-その他,,juman
神宮,じんぐう,jingu,普通名詞,場所-施設,文化・芸術,juman
神宮寺,じんぐうじ,jinguji,普通名詞,場所-施設,文化・芸術,juman
神社,じんじゃ,jinja,普通名詞,場所-施設,文化・芸術,juman
尋常,じんじょう,jinjo,ナ形容詞,,,juman
人家,じんか,jinka,普通名詞,場所-施設,,juman
陣形,じんけい,jinkei,普通名詞,形・模様,スポーツ,juman
人骨,じんこつ,jinkotsu,普通名詞,動物-部位,,juman
人民,じんみん,jinmin,普通名詞,人,,juman
人肉,じんにく,jinniku,普通名詞,動物-部位,,juman
人力車,じんりきしゃ,jinrikisha,普通名詞,人工物-乗り物,,juman
人類,じんるい,jinrui,普通名詞,人,,juman
人生,じんせい,jinsei,普通名詞,抽象物,,manual
人士,じんし,jinshi,普通名詞,人,,juman
迅速,じんそく,jinsoku,ナ形容詞,,,juman
人体,じんたい,jintai,普通名詞,動物,,juman
地主,じぬし,jinushi,普通名詞,人,,juman
陣容,じんよう,jinyo,普通名詞,形・模様,,juman
人材,じんざい,jinzai,普通名詞,人,ビジネス,juman
腎臓,じんぞう,jinzo,普通名詞,動物-部位,健康・医学,juman
神通力,じんずうりき,jinzuriki,普通名詞,抽象物,文化・芸術,juman
字音,じおん,jion,普通名詞,抽象物,教育・学習,juman
実費,じっぴ,jippi,普通名詞,人工物-金銭,ビジネス,juman
実父,じっぷ,jippu,普通名詞,人,家庭・暮らし,juman
地雷,じらい,jirai,普通名詞,人工物-その他,政治,juman
焦らせる,じらせる,jiraseru,動詞,,,juman
焦らす,じらす,jirasu,動詞,,,juman
焦れる,じれる,jireru,動詞,,,juman
じれったい,じれったい,jirettai,イ形容詞,,,juman
時差,じさ,jisa,普通名詞,時間,,juman
自作,じさく,jisaku,サ変名詞,人工物-その他,,juman
辞世,じせい,jisei,普通名詞,抽象物,家庭・暮らし,juman
自選,じせん,jisen,サ変名詞,抽象物,文化・芸術,juman
時節,じせつ,jisetsu,普通名詞,時間,,juman
侍者,じしゃ,jisha,普通名詞,人,,juman
磁石,じしゃく,jishaku,普通名詞,人工物-その他,,juman
次姉,じし,jishi,普通名詞,人,家庭・暮らし,juman
地神,じしん,jishin,普通名詞,人,文化・芸術,juman
自室,じしつ,jishitsu,普通名詞,場所-施設,,juman
地所,じしょ,jisho,普通名詞,場所-その他,,juman
次週,じしゅう,jishu,時相名詞,時間,,juman
実作,じっさく,jissaku,サ変名詞,抽象物,文化・芸術,juman
実線,じっせん,jissen,普通名詞,形・模様,,juman
実写,じっしゃ,jissha,サ変名詞,抽象物,文化・芸術;メディア,juman
十指,じっし,jisshi,普通名詞,動物-部位,,juman
実習,じっしゅう,jisshu,サ変名詞,抽象物,教育・学習,juman
地滑り,じすべり,jisuberi,サ変名詞,抽象物,,juman
自炊,じすい,jisui,サ変名詞,抽象物,料理・食事,juman
字体,じたい,jitai,普通名詞,形・模様,,juman
自宅,じたく,jitaku,普通名詞,場所-施設,家庭・暮らし,juman
実地,じっち,jitchi,普通名詞,場所-その他,,juman
実直,じっちょく,jitchoku,ナ形容詞,,,juman
時点,じてん,jiten,時相名詞,時間,,juman
自転車,じてんしゃ,jitensha,普通名詞,人工物-乗り物,交通,juman
地頭,じとう,jito,普通名詞,人,,juman
実母,じつぼ,jitsubo,普通名詞,人,家庭・暮らし,juman
実物,じつぶつ,jitsubutsu,普通名詞,人工物-その他,,juman
実弾,じつだん,jitsudan,普通名詞,人工物-その他,政治,juman
実技,じつぎ,jitsugi,普通名詞,抽象物,教育・学習,juman
実印,じついん,jitsuin,普通名詞,人工物-その他,家庭・暮らし;政治,juman
実像,じつぞう,jitsuzo,普通名詞,形・模様,,juman
実存,じつぞん,jitsuzon,サ変名詞,抽象物,教育・学習;科学・技術,juman
地続き,じつづき,jitsuzuki,普通名詞,抽象物,,juman
十手,じって,jitte,普通名詞,人工物-その他,,juman
実弟,じってい,jittei,普通名詞,人,家庭・暮らし,juman
地割れ,じわれ,jiware,サ変名詞,抽象物,,juman
自由,じゆう,jiyu,ナ形容詞,,,juman
自由形,じゆうがた,jiyugata,普通名詞,抽象物,スポーツ,juman
自在,じざい,jizai,ナ形容詞,,,juman
地酒,じざけ,jizake,普通名詞,人工物-食べ物,料理・食事,juman
事前,じぜん,jizen,普通名詞,時間,,juman
地蔵,じぞう,jizo,普通名詞,人,文化・芸術,juman
字詰め,じづめ,jizume,普通名詞,抽象物,,juman
乗馬,じょうば,joba,サ変名詞,抽象物,スポーツ,juman
序盤,じょばん,joban,普通名詞,抽象物,スポーツ,juman
丈夫,じょうぶ,jobu,ナ形容詞,,,juman
序文,じょぶん,jobun,普通名詞,抽象物,文化・芸術,juman
成仏,じょうぶつ,jobutsu,サ変名詞,抽象物,文化・芸術,juman
嬢ちゃん,じょうちゃん,jochan,普通名詞,人,家庭・暮らし,juman
上代,じょうだい,jodai,普通名詞,時間,,juman
上段,じょうだん,jodan,普通名詞,場所-機能,,juman
浄土,じょうど,jodo,普通名詞,場所-その他,文化・芸術,juman
助動詞,じょどうし,jodoshi,普通名詞,抽象物,教育・学習,juman
上映,じょうえい,joei,サ変名詞,抽象物,文化・芸術,juman
上演,じょうえん,joen,サ変名詞,抽象物,文化・芸術,juman
女学校,じょがっこう,jogakko,普通名詞,場所-施設,教育・学習,juman
定規,じょうぎ,jogi,普通名詞,人工物-その他,,juman
漏斗,じょうご,jogo,普通名詞,人工物-その他,,juman
上白糖,じょうはくとう,johakuto,普通名詞,人工物-食べ物,料理・食事,juman
上半身,じょうはんしん,johanshin,普通名詞,動物-部位,,juman
城壁,じょうへき,joheki,普通名詞,場所-施設部位,,juman
上辺,じょうへん,johen,普通名詞,場所-機能,教育・学習,juman
上皮,じょうひ,johi,普通名詞,動物-部位;植物-部位,,juman
上品,じょうひん,johin,ナ形容詞,,,juman
上方,じょうほう,joho,普通名詞,場所-機能,,juman
女医,じょい,joi,普通名詞,人,健康・医学,juman
上院,じょういん,join,普通名詞,組織・団体;場所-施設,政治,juman
常時,じょうじ,joji,時相名詞,時間,,juman
叙事詩,じょじし,jojishi,普通名詞,抽象物,文化・芸術,juman
乗除,じょうじょ,jojo,普通名詞,抽象物,教育・学習,juman
上旬,じょうじゅん,jojun,時相名詞,時間,,juman
城郭,じょうかく,jokaku,普通名詞,場所-施設,,juman
城下町,じょうかまち,jokamachi,普通名詞,場所-その他,,juman
上官,じょうかん,jokan,普通名詞,人,政治,juman
叙景詩,じょけいし,jokeishi,普通名詞,抽象物,文化・芸術,juman
蒸気,じょうき,joki,普通名詞,自然物,,juman
上皇,じょうこう,joko,普通名詞,人,政治,juman
上空,じょうくう,joku,普通名詞,場所-その他,,juman
乗客,じょうきゃく,jokyaku,普通名詞,人,交通,juman
上京,じょうきょう,jokyo,サ変名詞,抽象物,交通,juman
助教授,じょきょうじゅ,jokyoju,普通名詞,人,教育・学習,juman
序曲,じょきょく,jokyoku,普通名詞,抽象物,文化・芸術,juman
序幕,じょまく,jomaku,普通名詞,抽象物,文化・芸術,juman
縄文,じょうもん,jomon,普通名詞,形・模様,,juman
上物,じょうもの,jomono,普通名詞,人工物-その他,,juman
乗務,じょうむ,jomu,サ変名詞,抽象物,交通,juman
静脈,じょうみゃく,jomyaku,普通名詞,動物-部位,健康・医学,juman
常温,じょうおん,jon,普通名詞,抽象物,料理・食事,juman
情熱,じょうねつ,jonetsu,普通名詞,抽象物,,manual
序の口,じょのくち,jonokuchi,普通名詞,抽象物,,juman
上洛,じょうらく,joraku,サ変名詞,抽象物,交通,juman
常連,じょうれん,joren,普通名詞,人,,juman
じょうろ,じょうろ,joro,普通名詞,人工物-その他,,juman
浄瑠璃,じょうるり,joruri,普通名詞,抽象物,文化・芸術,juman
女流,じょりゅう,joryu,普通名詞,人,,juman
助産婦,じょさんぷ,josanpu,普通名詞,人,健康・医学,juman
状差し,じょうさし,josashi,普通名詞,人工物-その他,家庭・暮らし,juman
女婿,じょせい,josei,普通名詞,人,家庭・暮らし,juman
女生徒,じょせいと,joseito,普通名詞,人,教育・学習,juman
上席,じょうせき,joseki,普通名詞,場所-その他,,juman
乗船,じょうせん,josen,サ変名詞,抽象物,交通,juman
除雪,じょせつ,josetsu,サ変名詞,抽象物,家庭・暮らし,juman
乗車,じょうしゃ,josha,サ変名詞,抽象物,交通,juman
上司,じょうし,joshi,普通名詞,人,ビジネス,juman
常識,じょうしき,joshiki,普通名詞,抽象物,,manual
上質,じょうしつ,joshitsu,ナ形容詞,,,juman
序章,じょしょう,josho,普通名詞,抽象物,文化・芸術,juman
常食,じょうしょく,joshoku,サ変名詞,人工物-食べ物,料理・食事,juman
城主,じょうしゅ,joshu,普通名詞,人,政治,juman
上層,じょうそう,joso,普通名詞,場所-その他,,juman
乗数,じょうすう,josu,普通名詞,抽象物,教育・学習;ビジネス,juman
浄水,じょうすい,josui,サ変名詞,自然物,,juman
助数詞,じょすうし,josushi,普通名詞,抽象物,教育・学習,juman
上体,じょうたい,jotai,普通名詞,動物-部位,,juman
上達,じょうたつ,jotatsu,サ変名詞,抽象物,,manual
女帝,じょてい,jotei,普通名詞,人,政治,juman
上等,じょうとう,joto,ナ形容詞,,,juman
除夜,じょや,joya,普通名詞,時間,,juman
定宿,じょうやど,joyado,普通名詞,場所-施設,レクリエーション,juman
助役,じょやく,joyaku,普通名詞,人,政治,juman
乗用,じょうよう,joyo,サ変名詞,抽象物,交通,juman
乗用車,じょうようしゃ,joyosha,普通名詞,人工物-乗り物,交通,juman
女優,じょゆう,joyu,普通名詞,人,文化・芸術,juman
錠剤,じょうざい,jozai,普通名詞,人工物-その他,健康・医学,juman
饒舌,じょうぜつ,jozetsu,ナ形容詞,,,juman
醸造,じょうぞう,jozo,サ変名詞,抽象物,料理・食事,juman
上手,じょうず,jozu,ナ形容詞,,,juman
重箱,じゅうばこ,jubako,普通名詞,人工物-その他,料理・食事,juman
重箱読み,じゅうばこよみ,jubakoyomi,普通名詞,抽象物,教育・学習,juman
襦袢,じゅばん,juban,普通名詞,人工物-衣類,家庭・暮らし,juman
重文,じゅうぶん,jubun,普通名詞,抽象物,文化・芸術,juman
重鎮,じゅうちん,juchin,普通名詞,人,,juman
十代,じゅうだい,judai,普通名詞,人;時間,,juman
充電,じゅうでん,juden,サ変名詞,抽象物,家庭・暮らし,juman
柔道,じゅうどう,judo,普通名詞,抽象物,スポーツ,juman
樹液,じゅえき,jueki,普通名詞,自然物,,juman
儒学,じゅがく,jugaku,普通名詞,抽象物,文化・芸術;科学・技術,juman
十五夜,じゅうごや,jugoya,普通名詞,時間,家庭・暮らし,juman
授業,じゅぎょう,jugyo,サ変名詞,抽象物,教育・学習,juman
樹皮,じゅひ,juhi,普通名詞,植物-部位,,juman
獣医,じゅうい,jui,普通名詞,人,健康・医学,juman
住持,じゅうじ,juji,普通名詞,人,文化・芸術,juman
十字架,じゅうじか,jujika,普通名詞,抽象物,文化・芸術,juman
樹上,じゅじょう,jujo,普通名詞,場所-その他,,juman
従順,じゅうじゅん,jujun,ナ形容詞,,,juman
柔術,じゅうじゅつ,jujutsu,普通名詞,抽象物,スポーツ,juman
樹海,じゅかい,jukai,普通名詞,場所-自然;場所-機能,,juman
縦貫,じゅうかん,jukan,サ変名詞,抽象物,交通,juman
受験,じゅけん,juken,サ変名詞,抽象物,教育・学習,juman
重機,じゅうき,juki,普通名詞,人工物-その他,科学・技術,juman
住戸,じゅうこ,juko,普通名詞,場所-施設,家庭・暮らし,juman
塾,じゅく,juku,普通名詞,場所-その他,教育・学習,juman
塾長,じゅくちょう,jukucho,普通名詞,人,教育・学習,juman
熟語,じゅくご,jukugo,普通名詞,抽象物,教育・学習,juman
熟字訓,じゅくじくん,jukujikun,普通名詞,抽象物,教育・学習,juman
熟年,じゅくねん,jukunen,普通名詞,人;時間,,juman
塾生,じゅくせい,jukusei,普通名詞,人,教育・学習,juman
熟睡,じゅくすい,jukusui,サ変名詞,抽象物,家庭・暮らし,juman
住居,じゅうきょ,jukyo,普通名詞,場所-施設,家庭・暮らし,juman
住民,じゅうみん,jumin,普通名詞,人,家庭・暮らし,juman
樹木,じゅもく,jumoku,普通名詞,植物,,juman
呪文,じゅもん,jumon,普通名詞,抽象物,,manual
十文字,じゅうもんじ,jumonji,普通名詞,形・模様,,juman
寿命,じゅみょう,jumyo,普通名詞,抽象物,家庭・暮らし,juman
順,じゅん,jun,ナ形容詞,,,juman
純愛,じゅんあい,junai,普通名詞,抽象物,家庭・暮らし,juman
柔軟,じゅうなん,junan,ナ形容詞,,,juman
順番,じゅんばん,junban,普通名詞,抽象物,,manual
準備,じゅんび,junbi,サ変名詞,抽象物,,manual
純朴,じゅんぼく,junboku,ナ形容詞,,,juman
順調,じゅんちょう,juncho,ナ形容詞,,,juman
巡演,じゅんえん,junen,サ変名詞,抽象物,文化・芸術,juman
順繰り,じゅんぐり,junguri,普通名詞,抽象物,,juman
巡業,じゅんぎょう,jungyo,サ変名詞,抽象物,文化・芸術,juman
准尉,じゅんい,juni,普通名詞,人,政治,juman
十二単,じゅうにひとえ,junihitoe,普通名詞,人工物-衣類,,juman
住人,じゅうにん,junin,普通名詞,人,家庭・暮らし,juman
十二支,じゅうにし,junishi,普通名詞,場所-機能;時間,,juman
十二指腸,じゅうにしちょう,junishicho,普通名詞,動物-部位,健康・医学,juman
順序,じゅんじょ,junjo,普通名詞,抽象物;時間,,juman
旬間,じゅんかん,junkan,普通名詞,時間,,juman
純潔,じゅんけつ,junketsu,ナ形容詞,,,juman
純金,じゅんきん,junkin,普通名詞,人工物-金銭,,juman
準急,じゅんきゅう,junkyu,普通名詞,人工物-乗り物,交通,juman
純米酒,じゅんまいしゅ,junmaishu,普通名詞,人工物-食べ物,料理・食事,juman
純毛,じゅんもう,junmo,普通名詞,人工物-その他,,juman
順送り,じゅんおくり,junokuri,サ変名詞,抽象物,,juman
純白,じゅんぱく,junpaku,ナ形容詞,,,juman
巡礼,じゅんれい,junrei,サ変名詞,抽象物,文化・芸術,juman
順路,じゅんろ,junro,普通名詞,場所-その他,,juman
巡査,じゅんさ,junsa,普通名詞,人,,juman
純真,じゅんしん,junshin,ナ形容詞,,,juman
純粋,じゅんすい,junsui,ナ形容詞,,,juman
潤沢,じゅんたく,juntaku,ナ形容詞,,,juman
順当,じゅんとう,junto,ナ形容詞,,,juman
巡洋艦,じゅんようかん,junyokan,普通名詞,人工物-乗り物,政治,juman
授乳,じゅにゅう,junyu,サ変名詞,抽象物,家庭・暮らし,juman
従来,じゅうらい,jurai,時相名詞,時間,,juman
従輪,じゅうりん,jurin,普通名詞,人工物-その他,交通,juman
重量挙げ,じゅうりょうあげ,juryoage,普通名詞,抽象物,スポーツ,juman
重力,じゅうりょく,juryoku,普通名詞,抽象物,教育・学習,juman
十三回忌,じゅうさんかいき,jusankaiki,普通名詞,抽象物,文化・芸術;家庭・暮らし,juman
従者,じゅうしゃ,jusha,普通名詞,人,,juman
樹脂,じゅし,jushi,普通名詞,自然物,,juman
十姉妹,じゅうしまつ,jushimatsu,普通名詞,動物,,juman
重臣,じゅうしん,jushin,普通名詞,人,政治,juman
住所,じゅうしょ,jusho,普通名詞,場所-その他,家庭・暮らし,juman
住職,じゅうしょく,jushoku,普通名詞,人,文化・芸術,juman
重曹,じゅうそう,juso,普通名詞,自然物,家庭・暮らし;料理・食事,juman
渋滞,じゅうたい,jutai,サ変名詞,抽象物,交通,juman
住宅,じゅうたく,jutaku,普通名詞,場所-施設,家庭・暮らし,juman
絨毯,じゅうたん,jutan,普通名詞,人工物-その他,家庭・暮らし,juman
術中,じゅっちゅう,jutchu,普通名詞,場所-その他,健康・医学,juman
重篤,じゅうとく,jutoku,ナ形容詞,,,juman
術後,じゅつご,jutsugo,時相名詞,時間,健康・医学,juman
受話器,じゅわき,juwaki,普通名詞,人工物-その他,家庭・暮らし,juman
重役,じゅうやく,juyaku,普通名詞,人,ビジネス,juman
重要,じゅうよう,juyo,ナ形容詞,,,juman
重油,じゅうゆ,juyu,普通名詞,自然物,科学・技術,juman
重税,じゅうぜい,juzei,普通名詞,人工物-金銭,政治,juman
十全,じゅうぜん,juzen,ナ形容詞,,,juman
数珠,じゅず,juzu,普通名詞,人工物-その他,文化・芸術;家庭・暮らし,juman
数珠玉,じゅずだま,juzudama,普通名詞,植物,,juman
母ちゃん,かあちゃん,kaachan,普通名詞,人,家庭・暮らし,juman
母さん,かあさん,kaasan,普通名詞,人,家庭・暮らし,juman
河馬,かば,kaba,普通名詞,動物,,juman
鞄,かばん,kaban,普通名詞,人工物-その他,,juman
庇う,かばう,kabau,動詞,,,juman
蒲焼き,かばやき,kabayaki,普通名詞,人工物-食べ物,料理・食事,juman
壁,かべ,kabe,普通名詞,場所-施設部位,,juman
壁紙,かべがみ,kabegami,普通名詞,人工物-その他,,juman
壁板,かべいた,kabeita,普通名詞,人工物-その他,,juman
壁掛け,かべかけ,kabekake,普通名詞,人工物-その他,,juman
花弁,かべん,kaben,普通名詞,植物-部位,,juman
壁土,かべつち,kabetsuchi,普通名詞,自然物,,juman
華美,かび,kabi,ナ形容詞,,,juman
花瓶,かびん,kabin,普通名詞,人工物-その他,文化・芸術;家庭・暮らし,juman
黴びる,かびる,kabiru,動詞,,,juman
南瓜,かぼちゃ,kabocha,普通名詞,植物;人工物-食べ物,料理・食事,juman
か細い,かぼそい,kabosoi,イ形容詞,,,juman
蕪,かぶ,kabu,普通名詞,植物;人工物-食べ物,料理・食事,juman
株価,かぶか,kabuka,普通名詞,人工物-金銭,ビジネス;政治,juman
株券,かぶけん,kabuken,普通名詞,人工物-金銭,ビジネス,juman
歌舞伎,かぶき,kabuki,普通名詞,抽象物,文化・芸術,juman
過分,かぶん,kabun,ナ形容詞,,,juman
株主,かぶぬし,kabunushi,普通名詞,人,ビジネス,juman
かぶら,かぶら,kabura,普通名詞,植物;人工物-食べ物,料理・食事,juman
被り物,かぶりもの,kaburimono,普通名詞,人工物-衣類,家庭・暮らし,juman
被る,かぶる,kaburu,動詞,,,juman
被さる,かぶさる,kabusaru,動詞,,,juman
被せる,かぶせる,kabuseru,動詞,,,juman
兜,かぶと,kabuto,普通名詞,人工物-衣類,文化・芸術,juman
兜蟹,かぶとがに,kabutogani,普通名詞,動物,,juman
株分け,かぶわけ,kabuwake,サ変名詞,抽象物,,juman
価値,かち,kachi,普通名詞,抽象物,,manual
勝ち星,かちぼし,kachiboshi,普通名詞,抽象物,スポーツ,juman
勝ち鬨,かちどき,kachidoki,普通名詞,抽象物,,juman
かちかち,かちかち,kachikachi,ナ形容詞,,,juman
勝ち気,かちき,kachiki,ナ形容詞,,,juman
家畜,かちく,kachiku,普通名詞,動物,家庭・暮らし,juman
勝ち負け,かちまけ,kachimake,普通名詞,抽象物,スポーツ,juman
勝ち目,かちめ,kachime,普通名詞,抽象物,,juman
かちんかちん,かちんかちん,kachinkachin,ナ形容詞,,,juman
家長,かちょう,kacho,普通名詞,人,家庭・暮らし,juman
課徴金,かちょうきん,kachokin,普通名詞,人工物-金銭,政治,juman
渦中,かちゅう,kachu,普通名詞,場所-その他,,juman
課題,かだい,kadai,普通名詞,抽象物,教育・学習,juman
花壇,かだん,kadan,普通名詞,場所-施設,,juman
家電,かでん,kaden,普通名詞,人工物-その他,家庭・暮らし,juman
角,かど,kado,普通名詞,場所-機能,,juman
門口,かどぐち,kadoguchi,普通名詞,場所-施設部位,家庭・暮らし,juman
門松,かどまつ,kadomatsu,普通名詞,人工物-その他,家庭・暮らし,juman
替え玉,かえだま,kaedama,普通名詞,人;人工物-その他,料理・食事;教育・学習,juman
楓,かえで,kaede,普通名詞,植物,,juman
帰り掛け,かえりがけ,kaerigake,時相名詞,場所-その他;時間,,juman
帰り際,かえりぎわ,kaerigiwa,普通名詞,時間,家庭・暮らし,juman
帰り道,かえりみち,kaerimichi,普通名詞,場所-その他,交通,juman
省みる,かえりみる,kaerimiru,動詞,,,juman
蛙,かえる,kaeru,普通名詞,動物,,juman
返す,かえす,kaesu,動詞,,,juman
返す刀,かえすかたな,kaesukatana,普通名詞,抽象物,,juman
替え歌,かえうた,kaeuta,普通名詞,抽象物,レクリエーション,juman
家風,かふう,kafu,普通名詞,抽象物,家庭・暮らし,juman
下腹部,かふくぶ,kafukubu,普通名詞,動物-部位,健康・医学,juman
花粉,かふん,kafun,普通名詞,自然物,,juman
課外,かがい,kagai,普通名詞,抽象物,教育・学習,juman
化学,かがく,kagaku,普通名詞,抽象物,教育・学習;科学・技術,juman
鏡,かがみ,kagami,普通名詞,人工物-その他,家庭・暮らし,juman
鏡開き,かがみびらき,kagamibiraki,普通名詞,抽象物,文化・芸術;料理・食事,juman
鏡餅,かがみもち,kagamimochi,普通名詞,人工物-食べ物,文化・芸術,juman
鏡抜き,かがみぬき,kagaminuki,普通名詞,抽象物,家庭・暮らし,juman
屈む,かがむ,kagamu,動詞,,,juman
篝火,かがりび,kagaribi,普通名詞,自然物,,juman
かがる,かがる,kagaru,動詞,,家庭・暮らし,juman
輝かしい,かがやかしい,kagayakashii,イ形容詞,,,juman
影,かげ,kage,普通名詞,抽象物,,juman
陰干し,かげぼし,kageboshi,サ変名詞,抽象物,家庭・暮らし,juman
影絵,かげえ,kagee,普通名詞,人工物-その他,文化・芸術,juman
歌劇,かげき,kageki,普通名詞,抽象物,文化・芸術,juman
管弦,かげん,kagen,普通名詞,抽象物,文化・芸術,juman
加減乗除,かげんじょうじょ,kagenjojo,普通名詞,抽象物,教育・学習,juman
かげろう,かげろう,kagerou,動詞,,,juman
鍵,かぎ,kagi,普通名詞,人工物-その他,,juman
かぎの手,かぎのて,kaginote,普通名詞,人工物-その他,,juman
限る,かぎる,kagiru,動詞,,,juman
鉤裂き,かぎざき,kagizaki,普通名詞,抽象物,,juman
籠,かご,kago,普通名詞,人工物-その他,,juman
家具,かぐ,kagu,普通名詞,人工物-その他,家庭・暮らし,juman
神楽,かぐら,kagura,普通名詞,抽象物,文化・芸術,juman
かぐわしい,かぐわしい,kaguwashii,イ形容詞,,,juman
蝸牛,かぎゅう,kagyu,普通名詞,動物;抽象物,,juman
河畔,かはん,kahan,普通名詞,場所-自然,,juman
下半身,かはんしん,kahanshin,普通名詞,動物-部位,,juman
貨幣,かへい,kahei,普通名詞,人工物-金銭,ビジネス,juman
可変,かへん,kahen,ナ形容詞,,,juman
歌碑,かひ,kahi,普通名詞,自然物,文化・芸術,juman
家宝,かほう,kaho,普通名詞,人工物-その他,家庭・暮らし,juman
貝,かい,kai,普通名詞,動物,料理・食事,juman
海馬,かいば,kaiba,普通名詞,動物;動物-部位,,juman
貝柱,かいばしら,kaibashira,普通名詞,動物-部位;人工物-食べ物,料理・食事,juman
回文,かいぶん,kaibun,普通名詞,人工物-その他,,juman
怪物,かいぶつ,kaibutsu,普通名詞,動物,,juman
開闢,かいびゃく,kaibyaku,普通名詞,抽象物,文化・芸術,juman
会長,かいちょう,kaicho,普通名詞,人,ビジネス,juman
回虫,かいちゅう,kaichu,普通名詞,動物,健康・医学,juman
快打,かいだ,kaida,サ変名詞,抽象物,スポーツ,juman
買い溜め,かいだめ,kaidame,サ変名詞,抽象物,家庭・暮らし,juman
階段,かいだん,kaidan,普通名詞,場所-施設部位,,juman
海道,かいどう,kaido,普通名詞,場所-施設,交通,juman
買い時,かいどき,kaidoki,普通名詞,時間,ビジネス,juman
開演,かいえん,kaien,サ変名詞,抽象物,文化・芸術,juman
海風,かいふう,kaifu,普通名詞,抽象物,,manual
回復,かいふく,kaifuku,サ変名詞,抽象物,,manual
絵画,かいが,kaiga,普通名詞,抽象物,文化・芸術,juman
海外,かいがい,kaigai,普通名詞,場所-その他,,juman
かいがいしい,かいがいしい,kaigaishii,イ形容詞,,,juman
開学,かいがく,kaigaku,サ変名詞,抽象物,教育・学習,juman
海岸,かいがん,kaigan,普通名詞,場所-自然,,juman
貝殻,かいがら,kaigara,普通名詞,動物-部位,,juman
開眼,かいげん,kaigen,サ変名詞,抽象物,文化・芸術,juman
会議,かいぎ,kaigi,サ変名詞,抽象物,,manual
介護,かいご,kaigo,サ変名詞,抽象物,健康・医学;家庭・暮らし,juman
買い食い,かいぐい,kaigui,サ変名詞,抽象物,料理・食事,juman
海軍,かいぐん,kaigun,普通名詞,組織・団体,政治,juman
会派,かいは,kaiha,普通名詞,組織・団体,政治,juman
改編,かいへん,kaihen,サ変名詞,抽象物,文化・芸術,juman
会費,かいひ,kaihi,普通名詞,人工物-金銭,家庭・暮らし;ビジネス,juman
海浜,かいひん,kaihin,普通名詞,場所-自然,,juman
介抱,かいほう,kaiho,サ変名詞,抽象物,健康・医学;家庭・暮らし,juman
海域,かいいき,kaiiki,普通名詞,場所-その他,,juman
会員,かいいん,kaiin,普通名詞,人,ビジネス,juman
飼い犬,かいいぬ,kaiinu,普通名詞,動物,家庭・暮らし,juman
怪人,かいじん,kaijin,普通名詞,人,,juman
会場,かいじょう,kaijo,普通名詞,場所-その他,,juman
怪獣,かいじゅう,kaiju,普通名詞,動物,,juman
階下,かいか,kaika,普通名詞,場所-機能,,juman
会館,かいかん,kaikan,普通名詞,場所-施設,,juman
快活,かいかつ,kaikatsu,ナ形容詞,,,juman
解決,かいけつ,kaiketsu,サ変名詞,抽象物,,manual
会期,かいき,kaiki,時相名詞,時間,,juman
皆勤,かいきん,kaikin,サ変名詞,抽象物,教育・学習;ビジネス,juman
蚕,かいこ,kaiko,普通名詞,動物,,juman
海国,かいこく,kaikoku,普通名詞,場所-その他,,juman
海峡,かいきょう,kaikyo,普通名詞,場所-自然,,juman
開幕,かいまく,kaimaku,サ変名詞,抽象物,文化・芸術;スポーツ,juman
階名,かいめい,kaimei,普通名詞,抽象物,文化・芸術,juman
海綿,かいめん,kaimen,普通名詞,動物,,juman
快眠,かいみん,kaimin,サ変名詞,抽象物,家庭・暮らし,juman
買い物,かいもの,kaimono,サ変名詞,抽象物,家庭・暮らし,juman
皆無,かいむ,kaimu,ナ形容詞,,,juman
戒名,かいみょう,kaimyo,普通名詞,抽象物,文化・芸術;家庭・暮らし,juman
下院,かいん,kain,普通名詞,組織・団体;場所-施設,政治,juman
海難,かいなん,kainan,普通名詞,抽象物,交通,juman
飼い主,かいぬし,kainushi,普通名詞,人,家庭・暮らし,juman
買い置き,かいおき,kaioki,サ変名詞,抽象物,家庭・暮らし,juman
快音,かいおん,kaion,普通名詞,抽象物,スポーツ,juman
海王星,かいおうせい,kaiosei,普通名詞,自然物,,juman
傀儡,かいらい,kairai,普通名詞,人;人工物-その他,,juman
海嶺,かいれい,kairei,普通名詞,場所-自然,,juman
戒律,かいりつ,kairitsu,普通名詞,抽象物,文化・芸術,juman
回路,かいろ,kairo,普通名詞,人工物-その他,科学・技術,juman
改作,かいさく,kaisaku,サ変名詞,抽象物,文化・芸術,juman
開山,かいさん,kaisan,サ変名詞,抽象物,文化・芸術,juman
海産物,かいさんぶつ,kaisanbutsu,普通名詞,動物,料理・食事,juman
改札,かいさつ,kaisatsu,サ変名詞,場所-施設部位,交通,juman
改姓,かいせい,kaisei,サ変名詞,抽象物,家庭・暮らし,juman
会席,かいせき,kaiseki,普通名詞,人工物-食べ物;場所-その他,料理・食事,juman
解説,かいせつ,kaisetsu,サ変名詞,抽象物,,manual
会社,かいしゃ,kaisha,普通名詞,組織・団体;場所-施設,ビジネス,juman
開始,かいし,kaishi,サ変名詞,抽象物,,manual
会所,かいしょ,kaisho,普通名詞,場所-施設,,juman
会食,かいしょく,kaishoku,サ変名詞,抽象物,料理・食事,juman
改宗,かいしゅう,kaishu,サ変名詞,抽象物,文化・芸術,juman
海藻,かいそう,kaiso,普通名詞,植物;人工物-食べ物,料理・食事,juman
快速,かいそく,kaisoku,普通名詞,人工物-乗り物,交通,juman
海水,かいすい,kaisui,普通名詞,自然物,,juman
買い手,かいて,kaite,普通名詞,人,ビジネス,juman
海底,かいてい,kaitei,普通名詞,場所-自然,,juman
快適,かいてき,kaiteki,ナ形容詞,,,juman
回転,かいてん,kaiten,サ変名詞,抽象物,,manual
会頭,かいとう,kaito,普通名詞,人,ビジネス;政治,juman
開通,かいつう,kaitsu,サ変名詞,抽象物,交通;科学・技術,juman
かいつまむ,かいつまむ,kaitsumamu,動詞,,,juman
海運,かいうん,kaiun,普通名詞,抽象物,交通,juman
会話,かいわ,kaiwa,サ変名詞,抽象物,,manual
界隈,かいわい,kaiwai,普通名詞,場所-その他,,juman
海洋,かいよう,kaiyo,普通名詞,場所-その他,,juman
介添え,かいぞえ,kaizoe,サ変名詞,抽象物,,juman
海賊,かいぞく,kaizoku,普通名詞,人,,juman
海図,かいず,kaizu,普通名詞,人工物-その他;抽象物,,juman
貝塚,かいづか,kaizuka,普通名詞,場所-自然,,juman
舵,かじ,kaji,普通名詞,人工物-その他,交通,juman
かじかむ,かじかむ,kajikamu,動詞,,,juman
家人,かじん,kajin,普通名詞,人,家庭・暮らし,juman
齧る,かじる,kajiru,動詞,,料理・食事,juman
舵取り,かじとり,kajitori,サ変名詞,抽象物,交通,juman
過日,かじつ,kajitsu,時相名詞,時間,,juman
加除,かじょ,kajo,サ変名詞,抽象物,教育・学習,juman
箇条書き,かじょうがき,kajogaki,サ変名詞,抽象物,,juman
果樹,かじゅ,kaju,普通名詞,植物,料理・食事,juman
抱える,かかえる,kakaeru,動詞,,,juman
掲げる,かかげる,kakageru,動詞,,,juman
価格,かかく,kakaku,普通名詞,人工物-金銭,ビジネス,juman
果敢,かかん,kakan,ナ形容詞,,,juman
係,かかり,kakari,普通名詞,抽象物,,juman
係長,かかりちょう,kakaricho,普通名詞,人,ビジネス,juman
係員,かかりいん,kakariin,普通名詞,人,ビジネス,juman
係官,かかりかん,kakarikan,普通名詞,人,政治,juman
掛かりきり,かかりきり,kakarikiri,普通名詞,抽象物,,juman
罹る,かかる,kakaru,動詞,,健康・医学,juman
案山子,かかし,kakashi,普通名詞,人工物-その他,,juman
欠かす,かかす,kakasu,動詞,,,juman
踵,かかと,kakato,普通名詞,動物-部位,,juman
係わる,かかわる,kakawaru,動詞,,,juman
駆け足,かけあし,kakeashi,サ変名詞,抽象物,,juman
掛け布団,かけぶとん,kakebuton,普通名詞,人工物-その他,家庭・暮らし,juman
掛け声,かけごえ,kakegoe,普通名詞,抽象物,,juman
懸け橋,かけはし,kakehashi,普通名詞,場所-施設,,juman
駆け引き,かけひき,kakehiki,サ変名詞,抽象物,,juman
家系,かけい,kakei,普通名詞,抽象物,家庭・暮らし,juman
掛け軸,かけじく,kakejiku,普通名詞,抽象物,文化・芸術,juman
掛け金,かけきん,kakekin,普通名詞,人工物-金銭,,juman
駆けっこ,かけっこ,kakekko,サ変名詞,抽象物,レクリエーション,juman
掛け持ち,かけもち,kakemochi,サ変名詞,抽象物,,juman
掛け物,かけもの,kakemono,普通名詞,人工物-その他,,juman
駆け落ち,かけおち,kakeochi,サ変名詞,抽象物,家庭・暮らし,juman
かけら,かけら,kakera,普通名詞,人工物-その他,,juman
掛ける,かける,kakeru,動詞,,,juman
掛け算,かけざん,kakezan,普通名詞,抽象物,教育・学習,juman
柿,かき,kaki,普通名詞,植物,料理・食事,juman
欠き氷,かきごおり,kakigori,普通名詞,人工物-食べ物,料理・食事,juman
書き入れ時,かきいれどき,kakiiredoki,時相名詞,時間,ビジネス,juman
書き順,かきじゅん,kakijun,普通名詞,抽象物,教育・学習,juman
書き言葉,かきことば,kakikotoba,普通名詞,抽象物,,juman
書き物,かきもの,kakimono,普通名詞,抽象物,,juman
垣根,かきね,kakine,普通名詞,場所-施設部位;抽象物,,juman
書き置き,かきおき,kakioki,サ変名詞,人工物-その他,家庭・暮らし,juman
書き初め,かきぞめ,kakizome,普通名詞,抽象物,文化・芸術;家庭・暮らし;教育・学習,juman
閣下,かっか,kakka,普通名詞,人,政治,juman
活火山,かっかざん,kakkazan,普通名詞,場所-自然,,juman
活気,かっき,kakki,普通名詞,抽象物,,manual
郭公,かっこう,kakko,普通名詞,動物,,juman
各国,かっこく,kakkoku,普通名詞,場所-その他,政治,juman
葛根,かっこん,kakkon,普通名詞,植物-部位;人工物-食べ物,健康・医学,juman
河口,かこう,kako,普通名詞,場所-自然,,juman
花崗岩,かこうがん,kakogan,普通名詞,自然物,,juman
火口原,かこうげん,kakogen,普通名詞,場所-その他,,juman
囲い込み,かこいこみ,kakoikomi,普通名詞,抽象物,,juman
苛酷,かこく,kakoku,ナ形容詞,,,juman
囲む,かこむ,kakomu,動詞,,,juman
託つける,かこつける,kakotsukeru,動詞,,,juman
囲う,かこう,kakou,動詞,,,juman
河口堰,かこうぜき,kakozeki,普通名詞,場所-施設,,juman
閣,かく,kaku,普通名詞,場所-施設部位,,juman
格上げ,かくあげ,kakuage,サ変名詞,抽象物,,juman
格別,かくべつ,kakubetsu,ナ形容詞,,,juman
画引き,かくびき,kakubiki,サ変名詞,抽象物,教育・学習,juman
各地,かくち,kakuchi,普通名詞,場所-その他,,juman
各庁,かくちょう,kakucho,普通名詞,組織・団体,政治,juman
角柱,かくちゅう,kakuchu,普通名詞,人工物-その他,,juman
格段,かくだん,kakudan,ナ形容詞,,,juman
各駅,かくえき,kakueki,普通名詞,人工物-乗り物,交通,juman
拡幅,かくふく,kakufuku,サ変名詞,抽象物,交通,juman
格言,かくげん,kakugen,普通名詞,抽象物,文化・芸術,juman
隔月,かくげつ,kakugetsu,普通名詞,時間,,juman
覚悟,かくご,kakugo,サ変名詞,抽象物,,manual
各派,かくは,kakuha,普通名詞,組織・団体,,juman
攪拌,かくはん,kakuhan,サ変名詞,抽象物,料理・食事,juman
隔壁,かくへき,kakuheki,普通名詞,場所-施設部位,,juman
各位,かくい,kakui,普通名詞,人,,juman
隔日,かくじつ,kakujitsu,時相名詞,時間,,juman
各界,かくかい,kakukai,普通名詞,場所-その他,,juman
角膜,かくまく,kakumaku,普通名詞,動物-部位,健康・医学,juman
かくまう,かくまう,kakumau,動詞,,,juman
家訓,かくん,kakun,普通名詞,抽象物,家庭・暮らし,juman
隔年,かくねん,kakunen,時相名詞,時間,,juman
確認,かくにん,kakunin,サ変名詞,抽象物,,manual
隠れ家,かくれが,kakurega,普通名詞,場所-施設,家庭・暮らし,juman
隠れ蓑,かくれみの,kakuremino,普通名詞,抽象物,,juman
隠れん坊,かくれんぼう,kakurenbo,普通名詞,抽象物,レクリエーション,juman
隠れる,かくれる,kakureru,動詞,,,juman
隠れ里,かくれざと,kakurezato,普通名詞,場所-その他,,juman
閣僚,かくりょう,kakuryo,普通名詞,人,政治,juman
格下げ,かくさげ,kakusage,サ変名詞,抽象物,,juman
拡声器,かくせいき,kakuseiki,普通名詞,人工物-その他,,juman
各社,かくしゃ,kakusha,普通名詞,組織・団体,ビジネス,juman
各氏,かくし,kakushi,普通名詞,人,,juman
隠しだて,かくしだて,kakushidate,サ変名詞,抽象物,,juman
隠し撮り,かくしどり,kakushidori,サ変名詞,抽象物,,juman
隠し芸,かくしげい,kakushigei,普通名詞,抽象物,レクリエーション,juman
隠し事,かくしごと,kakushigoto,普通名詞,抽象物,,juman
格式,かくしき,kakushiki,普通名詞,抽象物,文化・芸術,juman
各所,かくしょ,kakusho,普通名詞,場所-その他,,juman
隔週,かくしゅう,kakushu,時相名詞,時間,,juman
隠す,かくす,kakusu,動詞,,,juman
角錐,かくすい,kakusui,普通名詞,形・模様,,juman
格闘技,かくとうぎ,kakutogi,普通名詞,抽象物,スポーツ,juman
格安,かくやす,kakuyasu,ナ形容詞,,,juman
角材,かくざい,kakuzai,普通名詞,人工物-その他,,juman
格付け,かくづけ,kakuzuke,サ変名詞,抽象物,,juman
貨客船,かきゃくせん,kakyakusen,普通名詞,人工物-乗り物,交通,juman
華僑,かきょう,kakyo,普通名詞,人,,juman
歌曲,かきょく,kakyoku,普通名詞,抽象物,文化・芸術,juman
火急,かきゅう,kakyu,ナ形容詞,,,juman
窯,かま,kama,普通名詞,人工物-その他,家庭・暮らし;科学・技術,juman
かまびすしい,かまびすしい,kamabisushii,イ形容詞,,,juman
蒲鉾,かまぼこ,kamaboko,普通名詞,人工物-食べ物,料理・食事,juman
竃,かまど,kamado,普通名詞,場所-施設部位,料理・食事,juman
かまける,かまける,kamakeru,動詞,,,juman
鎌切り,かまきり,kamakiri,普通名詞,動物,,juman
かまくら,かまくら,kamakura,普通名詞,抽象物,,juman
かます,かます,kamasu,普通名詞,動物;人工物-食べ物;人工物-その他,,juman
構う,かまう,kamau,動詞,,,juman
亀,かめ,kame,普通名詞,動物,,juman
家名,かめい,kamei,普通名詞,抽象物,家庭・暮らし,juman
仮面,かめん,kamen,普通名詞,人工物-その他,文化・芸術,juman
神,かみ,kami,普通名詞,人,文化・芸術,juman
紙袋,かみぶくろ,kamibukuro,普通名詞,人工物-その他,,juman
神棚,かみだな,kamidana,普通名詞,場所-施設部位,文化・芸術,juman
神頼み,かみだのみ,kamidanomi,普通名詞,抽象物,文化・芸術,juman
紙鉄砲,かみでっぽう,kamideppo,普通名詞,人工物-その他,レクリエーション,juman
神々,かみがみ,kamigami,普通名詞,人,文化・芸術,juman
髪形,かみがた,kamigata,普通名詞,抽象物,家庭・暮らし,juman
上半期,かみはんき,kamihanki,時相名詞,時間,,juman
神風,かみかぜ,kamikaze,普通名詞,抽象物,文化・芸術,juman
上期,かみき,kamiki,時相名詞,時間,,juman
紙切れ,かみきれ,kamikire,普通名詞,人工物-その他,,juman
仮眠,かみん,kamin,サ変名詞,抽象物,家庭・暮らし,juman
雷,かみなり,kaminari,普通名詞,抽象物,,juman
上の句,かみのく,kaminoku,普通名詞,抽象物,文化・芸術,juman
神様,かみさま,kamisama,普通名詞,人,文化・芸術,juman
裃,かみしも,kamishimo,普通名詞,人工物-衣類,,juman
剃刀,かみそり,kamisori,普通名詞,人工物-その他,家庭・暮らし,juman
紙漉き,かみすき,kamisuki,普通名詞,抽象物,,juman
上手,かみて,kamite,普通名詞,場所-機能,,juman
過密,かみつ,kamitsu,ナ形容詞,,,juman
神業,かみわざ,kamiwaza,普通名詞,抽象物,,manual
上座,かみざ,kamiza,普通名詞,場所-施設部位,,juman
紙包み,かみづつみ,kamizutsumi,普通名詞,人工物-その他,,juman
鴨,かも,kamo,普通名詞,動物;人工物-食べ物,料理・食事,juman
鴨居,かもい,kamoi,普通名詞,場所-施設部位,,juman
科目,かもく,kamoku,普通名詞,抽象物,教育・学習,juman
家紋,かもん,kamon,普通名詞,人工物-その他,文化・芸術;家庭・暮らし,juman
かもしか,かもしか,kamoshika,普通名詞,動物,,juman
醸す,かもす,kamosu,動詞,,,juman
貨物,かもつ,kamotsu,普通名詞,人工物-その他,交通,juman
噛む,かむ,kamu,動詞,,料理・食事,juman
缶,かん,kan,普通名詞,人工物-その他,,manual
金網,かなあみ,kanaami,普通名詞,人工物-その他,,juman
奏でる,かなでる,kanaderu,動詞,,文化・芸術,juman
叶える,かなえる,kanaeru,動詞,,,juman
金型,かながた,kanagata,普通名詞,人工物-その他,科学・技術,juman
金具,かなぐ,kanagu,普通名詞,人工物-その他,,juman
金繰り,かなぐり,kanaguri,普通名詞,抽象物,,juman
家内,かない,kanai,普通名詞,人,家庭・暮らし,juman
金切り声,かなきりごえ,kanakirigoe,普通名詞,抽象物,,juman
要,かなめ,kaname,普通名詞,人工物-その他;抽象物,,juman
金物,かなもの,kanamono,普通名詞,人工物-その他,家庭・暮らし,juman
金縛り,かなしばり,kanashibari,普通名詞,抽象物,,juman
悲しい,かなしい,kanashii,イ形容詞,,,juman
悲しむ,かなしむ,kanashimu,動詞,,,juman
彼方,かなた,kanata,普通名詞,場所-機能;抽象物,,juman
叶う,かなう,kanau,動詞,,,juman
かなわない,かなわない,kanawanai,イ形容詞,,,juman
金槌,かなづち,kanazuchi,普通名詞,人;人工物-その他,家庭・暮らし,juman
仮名遣い,かなづかい,kanazukai,普通名詞,抽象物,教育・学習,juman
看板,かんばん,kanban,普通名詞,人工物-その他,,juman
芳しい,かんばしい,kanbashii,イ形容詞,,,juman
干ばつ,かんばつ,kanbatsu,普通名詞,抽象物,,juman
簡便,かんべん,kanben,ナ形容詞,,,juman
甘美,かんび,kanbi,ナ形容詞,,,juman
官房,かんぼう,kanbo,普通名詞,組織・団体,政治,juman
灌木,かんぼく,kanboku,普通名詞,植物,,juman
幹部,かんぶ,kanbu,普通名詞,人,,juman
漢文,かんぶん,kanbun,普通名詞,抽象物,教育・学習,juman
乾物,かんぶつ,kanbutsu,普通名詞,人工物-食べ物,料理・食事,juman
勘違い,かんちがい,kanchigai,サ変名詞,抽象物,,juman
官庁,かんちょう,kancho,普通名詞,組織・団体;場所-施設,政治,juman
寛大,かんだい,kandai,ナ形容詞,,,juman
歓談,かんだん,kandan,サ変名詞,抽象物,レクリエーション,juman
乾電池,かんでんち,kandenchi,普通名詞,人工物-その他,,juman
間道,かんどう,kando,普通名詞,場所-施設,交通,juman
感動詞,かんどうし,kandoshi,普通名詞,抽象物,教育・学習,juman
鐘,かね,kane,普通名詞,人工物-その他,,juman
兼ね合い,かねあい,kaneai,普通名詞,抽象物,,juman
金偏,かねへん,kanehen,普通名詞,抽象物,教育・学習,juman
金貸し,かねかし,kanekashi,普通名詞,人,,juman
金持ち,かねもち,kanemochi,普通名詞,人,,juman
兼ねる,かねる,kaneru,動詞,,,juman
考え違い,かんがえちがい,kangaechigai,サ変名詞,抽象物,,juman
考え物,かんがえもの,kangaemono,普通名詞,抽象物,,juman
考える,かんがえる,kangaeru,動詞,,,juman
管楽器,かんがっき,kangakki,普通名詞,人工物-その他,文化・芸術,juman
官学,かんがく,kangaku,普通名詞,場所-その他,科学・技術,juman
鑑みる,かんがみる,kangamiru,動詞,,,juman
歓迎,かんげい,kangei,サ変名詞,抽象物,,manual
寒げいこ,かんげいこ,kangeiko,普通名詞,抽象物,スポーツ,juman
間隙,かんげき,kangeki,普通名詞,場所-機能;抽象物,,juman
管弦楽,かんげんがく,kangengaku,普通名詞,抽象物,文化・芸術,juman
官軍,かんぐん,kangun,普通名詞,組織・団体,政治,juman
蟹,かに,kani,普通名詞,動物;人工物-食べ物,料理・食事,juman
果肉,かにく,kaniku,普通名詞,植物-部位,料理・食事,juman
患者,かんじゃ,kanja,普通名詞,人,健康・医学,juman
幹事,かんじ,kanji,普通名詞,人,,juman
かんじき,かんじき,kanjiki,普通名詞,人工物-その他,,juman
漢人,かんじん,kanjin,普通名詞,人,,juman
冠状,かんじょう,kanjo,普通名詞,形・模様,,juman
官界,かんかい,kankai,普通名詞,場所-その他,政治,juman
間隔,かんかく,kankaku,普通名詞,場所-機能,,juman
かんかん,かんかん,kankan,ナ形容詞,,,juman
関係,かんけい,kankei,サ変名詞,抽象物,,manual
簡潔,かんけつ,kanketsu,ナ形容詞,,,juman
乾季,かんき,kanki,時相名詞,時間,,juman
換気扇,かんきせん,kankisen,普通名詞,人工物-その他,家庭・暮らし,juman
柑橘,かんきつ,kankitsu,普通名詞,植物;人工物-食べ物,料理・食事,juman
刊行,かんこう,kanko,サ変名詞,抽象物,文化・芸術;メディア,juman
官公庁,かんこうちょう,kankocho,普通名詞,組織・団体;場所-施設,政治,juman
閑古鳥,かんこどり,kankodori,普通名詞,動物,,juman
管区,かんく,kanku,普通名詞,場所-その他,政治,juman
観客,かんきゃく,kankyaku,普通名詞,人,文化・芸術,juman
環境,かんきょう,kankyo,普通名詞,抽象物,,manual
緩慢,かんまん,kanman,ナ形容詞,,,juman
巻末,かんまつ,kanmatsu,普通名詞,人工物-その他,文化・芸術;メディア,juman
簡明,かんめい,kanmei,ナ形容詞,,,juman
関門,かんもん,kanmon,普通名詞,場所-施設,,juman
冠,かんむり,kanmuri,普通名詞,人工物-衣類,,juman
鉋,かんな,kanna,普通名詞,人工物-その他,,juman
神無月,かんなづき,kannazuki,時相名詞,時間,,juman
寒の入り,かんのいり,kannoiri,時相名詞,時間,,juman
観音,かんのん,kannon,普通名詞,人,文化・芸術,juman
閂,かんぬき,kannuki,普通名詞,場所-施設部位,,juman
神主,かんぬし,kannushi,普通名詞,人,文化・芸術,juman
可能,かのう,kano,ナ形容詞,,,juman
彼女,かのじょ,kanojo,普通名詞,人,,juman
漢音,かんおん,kanon,普通名詞,抽象物,教育・学習,juman
乾杯,かんぱい,kanpai,サ変名詞,抽象物,料理・食事,juman
関白,かんぱく,kanpaku,普通名詞,人,政治,juman
甲板,かんぱん,kanpan,普通名詞,場所-施設部位,,juman
完璧,かんぺき,kanpeki,ナ形容詞,,,juman
官報,かんぽう,kanpo,普通名詞,人工物-その他,メディア;政治,juman
刊本,かんぽん,kanpon,普通名詞,人工物-その他,文化・芸術;メディア,juman
完封,かんぷう,kanpu,サ変名詞,抽象物,スポーツ,juman
干瓢,かんぴょう,kanpyo,普通名詞,人工物-食べ物,料理・食事,juman
歓楽,かんらく,kanraku,普通名詞,抽象物,レクリエーション,juman
観覧,かんらん,kanran,サ変名詞,抽象物,文化・芸術,juman
寒冷,かんれい,kanrei,ナ形容詞,,,juman
還暦,かんれき,kanreki,普通名詞,時間,家庭・暮らし,juman
官吏,かんり,kanri,普通名詞,人,政治,juman
管理人,かんりにん,kanrinin,普通名詞,人,,juman
甘露,かんろ,kanro,普通名詞,抽象物,料理・食事,juman
感涙,かんるい,kanrui,普通名詞,自然物,,juman
簡略,かんりゃく,kanryaku,ナ形容詞,,,juman
官僚,かんりょう,kanryo,普通名詞,人,政治,juman
簡裁,かんさい,kansai,普通名詞,組織・団体;場所-施設,政治,juman
艦載機,かんさいき,kansaiki,普通名詞,人工物-乗り物,政治,juman
閑散,かんさん,kansan,ナ形容詞,,,juman
鑑札,かんさつ,kansatsu,普通名詞,人工物-その他,政治,juman
閑静,かんせい,kansei,ナ形容詞,,,juman
管制塔,かんせいとう,kanseito,普通名詞,場所-施設,交通,juman
艦船,かんせん,kansen,普通名詞,人工物-乗り物,政治,juman
関節,かんせつ,kansetsu,普通名詞,動物-部位,健康・医学,juman
官舎,かんしゃ,kansha,普通名詞,場所-施設,政治,juman
漢詩,かんし,kanshi,普通名詞,抽象物,文化・芸術,juman
感心,かんしん,kanshin,ナ形容詞,,,juman
環礁,かんしょう,kansho,普通名詞,場所-自然,,juman
寒色,かんしょく,kanshoku,普通名詞,色,,juman
観衆,かんしゅう,kanshu,普通名詞,人,文化・芸術;スポーツ,juman
間奏,かんそう,kanso,普通名詞,抽象物,文化・芸術,juman
歓送迎会,かんそうげいかい,kansogeikai,普通名詞,抽象物,レクリエーション,juman
寒村,かんそん,kanson,普通名詞,場所-その他,,juman
寒帯,かんたい,kantai,普通名詞,場所-その他,,juman
簡単,かんたん,kantan,ナ形容詞,,,juman
艦艇,かんてい,kantei,普通名詞,人工物-乗り物,政治,juman
寒天,かんてん,kanten,普通名詞,抽象物,料理・食事,juman
巻頭,かんとう,kanto,普通名詞,抽象物,文化・芸術;メディア,juman
監督,かんとく,kantoku,サ変名詞,人;抽象物,文化・芸術;スポーツ,juman
漢和,かんわ,kanwa,普通名詞,抽象物,教育・学習,juman
寛容,かんよう,kanyo,ナ形容詞,,,juman
肝油,かんゆ,kanyu,普通名詞,人工物-食べ物,健康・医学,juman
管財人,かんざいにん,kanzainin,普通名詞,人,ビジネス;政治,juman
簪,かんざし,kanzashi,普通名詞,人工物-衣類,家庭・暮らし,juman
関税,かんぜい,kanzei,普通名詞,人工物-金銭,ビジネス;政治,juman
完全,かんぜん,kanzen,ナ形容詞,,,juman
肝臓,かんぞう,kanzo,普通名詞,動物-部位,健康・医学,juman
缶詰め,かんづめ,kanzume,普通名詞,人工物-食べ物,料理・食事,juman
顔,かお,kao,普通名詞,動物-部位,,juman
顔合わせ,かおあわせ,kaoawase,サ変名詞,抽象物,,juman
顔触れ,かおぶれ,kaobure,普通名詞,人,,juman
顔立ち,かおだち,kaodachi,普通名詞,形・模様,,juman
顔色,かおいろ,kaoiro,普通名詞,色,,juman
顔写真,かおじゃしん,kaojashin,普通名詞,人工物-その他,,juman
顔かたち,かおかたち,kaokatachi,普通名詞,抽象物,,juman
家屋,かおく,kaoku,普通名詞,場所-施設,家庭・暮らし,juman
顔負け,かおまけ,kaomake,サ変名詞,抽象物,,juman
顔見世,かおみせ,kaomise,サ変名詞,抽象物,文化・芸術,juman
顔見知り,かおみしり,kaomishiri,普通名詞,人,家庭・暮らし,juman
顔馴染み,かおなじみ,kaonajimi,普通名詞,抽象物,家庭・暮らし,juman
薫る,かおる,kaoru,動詞,,,juman
顔付き,かおつき,kaotsuki,普通名詞,抽象物,,juman
顔役,かおやく,kaoyaku,普通名詞,人,,juman
河童,かっぱ,kappa,普通名詞,動物,文化・芸術,juman
活版,かっぱん,kappan,普通名詞,人工物-その他,メディア,juman
活発,かっぱつ,kappatsu,ナ形容詞,,,juman
割烹,かっぽう,kappo,普通名詞,場所-施設,料理・食事,juman
割烹着,かっぽうぎ,kappogi,普通名詞,人工物-衣類,家庭・暮らし;料理・食事,juman
殻,から,kara,普通名詞,動物-部位;植物-部位;抽象物,,juman
空揚げ,からあげ,karaage,サ変名詞,抽象物,料理・食事,juman
唐人,からびと,karabito,普通名詞,人,,juman
空振り,からぶり,karaburi,サ変名詞,抽象物,スポーツ,juman
体,からだ,karada,普通名詞,動物,,juman
体付き,からだつき,karadatsuki,普通名詞,抽象物,,juman
辛い,からい,karai,イ形容詞,,,juman
空威張り,からいばり,karaibari,サ変名詞,抽象物,,juman
唐紙,からかみ,karakami,普通名詞,人工物-その他,,juman
からから,からから,karakara,ナ形容詞,,,juman
唐傘,からかさ,karakasa,普通名詞,人工物-その他,,juman
からかう,からかう,karakau,動詞,,,juman
辛口,からくち,karakuchi,普通名詞,抽象物,家庭・暮らし,juman
からくり,からくり,karakuri,普通名詞,人工物-その他,,juman
唐草,からくさ,karakusa,普通名詞,形・模様,,juman
絡まる,からまる,karamaru,動詞,,,juman
空回り,からまわり,karamawari,サ変名詞,抽象物,,juman
絡める,からめる,karameru,動詞,,,juman
搦め手,からめて,karamete,普通名詞,人;場所-施設,,juman
絡む,からむ,karamu,動詞,,,juman
辛煮,からに,karani,普通名詞,人工物-食べ物,料理・食事,juman
空っぽ,からっぽ,karappo,ナ形容詞,,,juman
駆られる,かられる,karareru,動詞,,,juman
烏,からす,karasu,普通名詞,動物,,juman
空手,からて,karate,普通名詞,抽象物,スポーツ,juman
辛党,からとう,karato,普通名詞,人,料理・食事,juman
彼,かれ,kare,普通名詞,人,,juman
枯れ葉,かれは,kareha,普通名詞,植物-部位,,juman
鰈,かれい,karei,普通名詞,動物;人工物-食べ物,料理・食事,juman
枯れ木,かれき,kareki,普通名詞,植物,,juman
可憐,かれん,karen,ナ形容詞,,,juman
枯れる,かれる,kareru,動詞,,,juman
彼氏,かれし,kareshi,普通名詞,人,,juman
仮,かり,kari,普通名詞,抽象物,,juman
借り賃,かりちん,karichin,普通名詞,人工物-金銭,家庭・暮らし,juman
借入,かりいれ,kariire,普通名詞,抽象物,家庭・暮らし;ビジネス,juman
借り物,かりもの,karimono,普通名詞,人工物-その他,家庭・暮らし,juman
仮縫い,かりぬい,karinui,サ変名詞,抽象物,家庭・暮らし,juman
借り主,かりぬし,karinushi,普通名詞,人,,juman
借りる,かりる,kariru,動詞,,,juman
仮初め,かりそめ,karisome,普通名詞,抽象物,,juman
借り手,かりて,karite,普通名詞,人,ビジネス,juman
仮住まい,かりずまい,karizumai,サ変名詞,場所-施設;抽象物,家庭・暮らし,juman
家老,かろう,karo,普通名詞,人,,juman
軽んじる,かろんじる,karonjiru,動詞,,,juman
軽やか,かろやか,karoyaka,ナ形容詞,,,juman
刈る,かる,karu,動詞,,,juman
軽はずみ,かるはずみ,karuhazumi,ナ形容詞,,,juman
軽い,かるい,karui,イ形容詞,,,juman
軽石,かるいし,karuishi,普通名詞,自然物,,juman
軽口,かるくち,karukuchi,普通名詞,抽象物,文化・芸術,juman
かるた,かるた,karuta,普通名詞,人工物-その他,レクリエーション,juman
下流,かりゅう,karyu,普通名詞,場所-その他,,juman
狩人,かりゅうど,karyudo,普通名詞,人,,juman
花柳界,かりゅうかい,karyukai,普通名詞,場所-その他,,juman
傘,かさ,kasa,普通名詞,人工物-その他,家庭・暮らし,juman
嵩上げ,かさあげ,kasaage,サ変名詞,抽象物,,juman
かさぶた,かさぶた,kasabuta,普通名詞,動物-部位,健康・医学,juman
笠雲,かさぐも,kasagumo,普通名詞,自然物,,juman
傘張り,かさはり,kasahari,普通名詞,抽象物,,juman
家裁,かさい,kasai,普通名詞,組織・団体;場所-施設,政治,juman
かさかさ,かさかさ,kasakasa,ナ形容詞,,,juman
佳作,かさく,kasaku,普通名詞,抽象物,文化・芸術,juman
嵩む,かさむ,kasamu,動詞,,,juman
重なる,かさなる,kasanaru,動詞,,,juman
重ねる,かさねる,kasaneru,動詞,,,juman
傘立て,かさたて,kasatate,普通名詞,人工物-その他,家庭・暮らし,juman
かさつく,かさつく,kasatsuku,動詞,,健康・医学,juman
稼ぐ,かせぐ,kasegu,動詞,,ビジネス,juman
火星,かせい,kasei,普通名詞,自然物,,juman
火成岩,かせいがん,kaseigan,普通名詞,自然物,,juman
化石,かせき,kaseki,サ変名詞,自然物,,juman
河川,かせん,kasen,普通名詞,場所-自然,,juman
河川敷,かせんしき,kasenshiki,普通名詞,場所-その他,,juman
貨車,かしゃ,kasha,普通名詞,人工物-乗り物,交通,juman
樫,かし,kashi,普通名詞,植物,,juman
傾げる,かしげる,kashigeru,動詞,,,juman
貸し衣装,かしいしょう,kashiisho,普通名詞,人工物-衣類,,juman
貸し借り,かしかり,kashikari,サ変名詞,抽象物,,juman
貸し金,かしきん,kashikin,普通名詞,人工物-金銭,,juman
賢い,かしこい,kashikoi,イ形容詞,,,juman
畏まる,かしこまる,kashikomaru,動詞,,,juman
貸し間,かしま,kashima,普通名詞,場所-施設,家庭・暮らし,juman
家臣,かしん,kashin,普通名詞,人,,juman
頭,かしら,kashira,普通名詞,人,,juman
貸し手,かして,kashite,普通名詞,人,ビジネス,juman
柏,かしわ,kashiwa,普通名詞,植物,,juman
柏手,かしわで,kashiwade,普通名詞,抽象物,文化・芸術,juman
貸し家,かしや,kashiya,普通名詞,場所-施設,家庭・暮らし,juman
華商,かしょう,kasho,普通名詞,人,,juman
歌手,かしゅ,kashu,普通名詞,人,文化・芸術,juman
下層,かそう,kaso,普通名詞,場所-その他,,juman
活性炭,かっせいたん,kasseitan,普通名詞,自然物,,juman
滑車,かっしゃ,kassha,普通名詞,人工物-その他,,juman
褐色,かっしょく,kasshoku,普通名詞,色,,juman
滑走,かっそう,kasso,サ変名詞,抽象物,スポーツ,juman
かす,かす,kasu,普通名詞,人工物-その他,料理・食事,juman
鎹,かすがい,kasugai,普通名詞,人工物-その他,,juman
粕汁,かすじる,kasujiru,普通名詞,人工物-食べ物,料理・食事,juman
かすか,かすか,kasuka,ナ形容詞,,,juman
かすめる,かすめる,kasumeru,動詞,,,juman
かすむ,かすむ,kasumu,動詞,,,juman
掠れる,かすれる,kasureru,動詞,,,juman
掠る,かする,kasuru,動詞,,,juman
潟,かた,kata,普通名詞,場所-自然,,juman
肩上がり,かたあがり,kataagari,普通名詞,抽象物,,juman
片足,かたあし,kataashi,普通名詞,動物-部位;人工物-その他,,juman
堅物,かたぶつ,katabutsu,普通名詞,人,,juman
形,かたち,katachi,普通名詞,形・模様,,juman
型通り,かたどおり,katadori,ナ形容詞,,,juman
象る,かたどる,katadoru,動詞,,,juman
型紙,かたがみ,katagami,普通名詞,人工物-その他,,juman
方々,かたがた,katagata,普通名詞,人,,juman
片側,かたがわ,katagawa,普通名詞,場所-機能,,juman
肩代わり,かたがわり,katagawari,サ変名詞,抽象物,,juman
堅気,かたぎ,katagi,ナ形容詞,,,juman
肩車,かたぐるま,kataguruma,サ変名詞,抽象物,家庭・暮らし,juman
片方,かたほう,kataho,普通名詞,場所-機能,,juman
堅い,かたい,katai,イ形容詞,,,juman
片田舎,かたいなか,katainaka,普通名詞,場所-その他,,juman
片一方,かたいっぽう,kataippo,普通名詞,場所-機能,,juman
肩入れ,かたいれ,kataire,サ変名詞,抽象物,,juman
かたじけない,かたじけない,katajikenai,イ形容詞,,,juman
仇,かたき,kataki,普通名詞,人,,juman
敵討ち,かたきうち,katakiuchi,サ変名詞,抽象物,,juman
敵役,かたきやく,katakiyaku,普通名詞,抽象物,文化・芸術,juman
家宅,かたく,kataku,普通名詞,場所-施設,家庭・暮らし,juman
かたくな,かたくな,katakuna,ナ形容詞,,,juman
片栗粉,かたくりこ,katakuriko,普通名詞,人工物-食べ物,料理・食事,juman
塊,かたまり,katamari,普通名詞,人工物-その他,,juman
片面,かためん,katamen,普通名詞,場所-その他,,juman
形見,かたみ,katami,普通名詞,人工物-その他,家庭・暮らし,juman
片道,かたみち,katamichi,普通名詞,場所-機能,交通,juman
傾ける,かたむける,katamukeru,動詞,,,juman
傾く,かたむく,katamuku,動詞,,,juman
下端,かたん,katan,普通名詞,場所-機能,,juman
刀,かたな,katana,普通名詞,人工物-その他,,juman
形無し,かたなし,katanashi,ナ形容詞,,,juman
片思い,かたおもい,kataomoi,サ変名詞,抽象物,家庭・暮らし,juman
語らう,かたらう,katarau,動詞,,,juman
語り部,かたりべ,kataribe,普通名詞,人,文化・芸術,juman
語り種,かたりぐさ,katarigusa,普通名詞,抽象物,,juman
語り口,かたりくち,katarikuchi,普通名詞,抽象物,,juman
語り手,かたりて,katarite,普通名詞,人,,juman
語る,かたる,kataru,動詞,,,juman
肩透かし,かたすかし,katasukashi,普通名詞,抽象物,,juman
片隅,かたすみ,katasumi,普通名詞,場所-機能,,juman
肩叩き,かたたたき,katatataki,普通名詞,抽象物,,juman
片手,かたて,katate,普通名詞,動物-部位,,juman
片手間,かたてま,katatema,普通名詞,時間,,juman
片時,かたとき,katatoki,普通名詞,時間,,juman
蝸牛,かたつむり,katatsumuri,普通名詞,動物,,juman
片腕,かたうで,kataude,普通名詞,動物-部位,,juman
型枠,かたわく,katawaku,普通名詞,人工物-その他,,juman
傍ら,かたわら,katawara,時相名詞,場所-機能,,juman
片割れ,かたわれ,kataware,普通名詞,人;抽象物,,juman
型破り,かたやぶり,katayaburi,ナ形容詞,,,juman
偏る,かたよる,katayoru,動詞,,,juman
糧,かて,kate,普通名詞,人工物-食べ物,料理・食事,juman
家庭,かてい,katei,普通名詞,場所-その他,家庭・暮らし,juman
加点,かてん,katen,サ変名詞,抽象物,スポーツ,juman
下等,かとう,kato,ナ形容詞,,,juman
蚊取り線香,かとりせんこう,katorisenko,普通名詞,人工物-その他,家庭・暮らし,juman
勝つ,かつ,katsu,動詞,,,juman
活断層,かつだんそう,katsudanso,普通名詞,自然物,科学・技術,juman
活動,かつどう,katsudo,サ変名詞,抽象物,,manual
活劇,かつげき,katsugeki,普通名詞,抽象物,文化・芸術,juman
担ぐ,かつぐ,katsugu,動詞,,,juman
活魚,かつぎょ,katsugyo,普通名詞,動物;人工物-食べ物,料理・食事,juman
鰹,かつお,katsuo,普通名詞,動物;人工物-食べ物,料理・食事,juman
鰹節,かつおぶし,katsuobushi,普通名詞,人工物-食べ物,料理・食事,juman
桂,かつら,katsura,普通名詞,植物,,juman
活力,かつりょく,katsuryoku,普通名詞,抽象物,,manual
活躍,かつやく,katsuyaku,サ変名詞,抽象物,,manual
闊達,かったつ,kattatsu,ナ形容詞,,,juman
勝手,かって,katte,ナ形容詞,,,juman
買う,かう,kau,動詞,,家庭・暮らし;ビジネス,juman
川,かわ,kawa,普通名詞,場所-自然,,juman
川縁,かわべり,kawaberi,普通名詞,場所-自然,,juman
川開き,かわびらき,kawabiraki,サ変名詞,抽象物,レクリエーション,juman
川床,かわどこ,kawadoko,普通名詞,場所-その他,,juman
川岸,かわぎし,kawagishi,普通名詞,場所-自然,,juman
革靴,かわぐつ,kawagutsu,普通名詞,人工物-衣類,家庭・暮らし,juman
川上,かわかみ,kawakami,普通名詞,場所-その他,,juman
乾かす,かわかす,kawakasu,動詞,,,juman
皮切り,かわきり,kawakiri,普通名詞,抽象物,,juman
乾く,かわく,kawaku,動詞,,,juman
川下り,かわくだり,kawakudari,サ変名詞,抽象物,,juman
川面,かわも,kawamo,普通名詞,場所-その他,,juman
川向こう,かわむこう,kawamuko,普通名詞,場所-その他,,juman
河原,かわら,kawara,普通名詞,場所-自然,,juman
瓦版,かわらばん,kawaraban,普通名詞,人工物-その他;抽象物,メディア,juman
瓦葺き,かわらぶき,kawarabuki,普通名詞,抽象物,,juman
瓦屋根,かわらやね,kawarayane,普通名詞,場所-施設部位,,juman
代わり映え,かわりばえ,kawaribae,サ変名詞,抽象物,,juman
変わり種,かわりだね,kawaridane,普通名詞,抽象物,,juman
変わり目,かわりめ,kawarime,普通名詞,時間,,juman
変わり者,かわりもの,kawarimono,普通名詞,抽象物,,juman
代わる,かわる,kawaru,動詞,,,juman
為替,かわせ,kawase,普通名詞,人工物-金銭,ビジネス,juman
川蝉,かわせみ,kawasemi,普通名詞,動物,,juman
川下,かわしも,kawashimo,普通名詞,場所-自然,,juman
躱す,かわす,kawasu,動詞,,,juman
川筋,かわすじ,kawasuji,普通名詞,場所-その他,,juman
川底,かわぞこ,kawazoko,普通名詞,場所-自然,,juman
かわず,かわず,kawazu,普通名詞,動物,,juman
蚊帳,かや,kaya,普通名詞,人工物-その他,家庭・暮らし,juman
茅葺き,かやぶき,kayabuki,普通名詞,抽象物,,juman
火薬,かやく,kayaku,普通名詞,人工物-その他,,juman
火曜,かよう,kayo,時相名詞,時間,,juman
火曜日,かようび,kayobi,時相名詞,時間,,juman
通う,かよう,kayou,動詞,,,juman
か弱い,かよわい,kayowai,イ形容詞,,,juman
粥,かゆ,kayu,普通名詞,人工物-食べ物,料理・食事,juman
かゆい,かゆい,kayui,イ形容詞,,,juman
風穴,かざあな,kazaana,普通名詞,場所-自然,,juman
風車,かざぐるま,kazaguruma,普通名詞,人工物-その他,レクリエーション,juman
家財,かざい,kazai,普通名詞,人工物-その他,家庭・暮らし;政治,juman
風上,かざかみ,kazakami,普通名詞,場所-その他,,juman
風切り,かざきり,kazakiri,普通名詞,人工物-その他,,juman
風間,かざま,kazama,普通名詞,時間,,juman
風見,かざみ,kazami,普通名詞,人工物-その他,,juman
風見鶏,かざみどり,kazamidori,普通名詞,人工物-その他,,juman
風向き,かざむき,kazamuki,普通名詞,抽象物,,juman
火山,かざん,kazan,普通名詞,場所-自然,,juman
飾り気,かざりけ,kazarike,普通名詞,抽象物,,juman
飾り物,かざりもの,kazarimono,普通名詞,人工物-その他,,juman
飾り付け,かざりつけ,kazaritsuke,普通名詞,抽象物,,juman
飾る,かざる,kazaru,動詞,,,juman
風下,かざしも,kazashimo,普通名詞,場所-その他,,juman
翳す,かざす,kazasu,動詞,,,juman
風,かぜ,kaze,普通名詞,抽象物,,juman
風当たり,かぜあたり,kazeatari,普通名詞,抽象物,,juman
風通し,かぜとおし,kazetoshi,普通名詞,抽象物,,juman
風除け,かぜよけ,kazeyoke,普通名詞,人工物-その他,,juman
数える,かぞえる,kazoeru,動詞,,,juman
数える程,かぞえるほど,kazoeruhodo,普通名詞,抽象物,,juman
数え歌,かぞえうた,kazoeuta,普通名詞,抽象物,レクリエーション,juman
家族,かぞく,kazoku,普通名詞,組織・団体,家庭・暮らし,juman
数の子,かずのこ,kazunoko,普通名詞,人工物-食べ物;抽象物,料理・食事,juman
毛穴,けあな,keana,普通名詞,動物-部位,,juman
けばけばしい,けばけばしい,kebakebashii,イ形容詞,,,juman
毛鉤,けばり,kebari,普通名詞,人工物-その他,,juman
けち,けち,kechi,ナ形容詞,,,juman
けちくさい,けちくさい,kechikusai,イ形容詞,,,juman
けちんぼ,けちんぼ,kechinbo,普通名詞,抽象物,家庭・暮らし,juman
怪我人,けがにん,keganin,普通名詞,人,健康・医学,juman
汚らわしい,けがらわしい,kegarawashii,イ形容詞,,,juman
汚れる,けがれる,kegareru,動詞,,,juman
毛皮,けがわ,kegawa,普通名詞,動物-部位,家庭・暮らし,juman
けげん,けげん,kegen,ナ形容詞,,,juman
毛嫌い,けぎらい,kegirai,サ変名詞,抽象物,,juman
気配,けはい,kehai,普通名詞,抽象物,,manual
罫,けい,kei,普通名詞,形・模様,,juman
競馬,けいば,keiba,普通名詞,抽象物,レクリエーション,juman
軽便,けいべん,keiben,ナ形容詞,,,juman
軽微,けいび,keibi,ナ形容詞,,,juman
警棒,けいぼう,keibo,普通名詞,人工物-その他,政治,juman
警部,けいぶ,keibu,普通名詞,人,政治,juman
啓蟄,けいちつ,keichitsu,時相名詞,時間,,juman
慶弔,けいちょう,keicho,普通名詞,抽象物,家庭・暮らし,juman
境内,けいだい,keidai,普通名詞,場所-その他,文化・芸術,juman
軽度,けいど,keido,ナ形容詞,,,juman
頚動脈,けいどうみゃく,keidomyaku,普通名詞,動物-部位,健康・医学,juman
慶賀,けいが,keiga,サ変名詞,抽象物,家庭・暮らし;政治,juman
敬語,けいご,keigo,普通名詞,抽象物,教育・学習,juman
軽薄,けいはく,keihaku,ナ形容詞,,,juman
経費,けいひ,keihi,普通名詞,人工物-金銭,ビジネス,juman
景品,けいひん,keihin,普通名詞,人工物-その他,レクリエーション;家庭・暮らし;ビジネス,juman
警報,けいほう,keiho,普通名詞,抽象物,,manual
経緯,けいい,keii,サ変名詞,場所-その他,,juman
啓示,けいじ,keiji,サ変名詞,抽象物,文化・芸術,juman
掲示板,けいじばん,keijiban,普通名詞,人工物-その他,,juman
軽快,けいかい,keikai,ナ形容詞,,,juman
計画,けいかく,keikaku,サ変名詞,抽象物,,manual
計画倒れ,けいかくだおれ,keikakudaore,普通名詞,抽象物,,juman
警官,けいかん,keikan,普通名詞,人,政治,juman
軽々,けいけい,keikei,ナ形容詞,,,juman
敬虔,けいけん,keiken,ナ形容詞,,文化・芸術,juman
計器,けいき,keiki,普通名詞,人工物-その他,,juman
稽古,けいこ,keiko,サ変名詞,抽象物,文化・芸術;スポーツ,juman
稽古事,けいこごと,keikogoto,普通名詞,抽象物,教育・学習,juman
渓谷,けいこく,keikoku,普通名詞,場所-自然,,juman
軽妙,けいみょう,keimyo,ナ形容詞,,,juman
鶏肉,けいにく,keiniku,普通名詞,人工物-食べ物,料理・食事,juman
鶏卵,けいらん,keiran,普通名詞,人工物-食べ物;抽象物,料理・食事,juman
競輪,けいりん,keirin,普通名詞,抽象物,レクリエーション,juman
毛色,けいろ,keiro,普通名詞,色,,juman
計量,けいりょう,keiryo,サ変名詞,抽象物,料理・食事,juman
渓流,けいりゅう,keiryu,普通名詞,場所-自然,,juman
計算,けいさん,keisan,サ変名詞,抽象物,,manual
警察,けいさつ,keisatsu,普通名詞,組織・団体;場所-施設,政治,juman
経線,けいせん,keisen,普通名詞,場所-その他,,juman
罫紙,けいし,keishi,普通名詞,人工物-その他,,juman
軽少,けいしょう,keisho,ナ形容詞,,,juman
軽食,けいしょく,keishoku,普通名詞,人工物-食べ物,料理・食事,juman
慶祝,けいしゅく,keishuku,サ変名詞,抽象物,家庭・暮らし,juman
勁草,けいそう,keiso,普通名詞,人;植物,,juman
軽率,けいそつ,keisotsu,ナ形容詞,,,juman
携帯,けいたい,keitai,サ変名詞,人工物-その他;抽象物,家庭・暮らし,juman
警笛,けいてき,keiteki,普通名詞,人工物-その他,交通,juman
鶏頭,けいとう,keito,普通名詞,植物,,juman
形容動詞,けいようどうし,keiyodoshi,普通名詞,抽象物,教育・学習,juman
形容詞,けいようし,keiyoshi,普通名詞,抽象物,教育・学習,juman
軽油,けいゆ,keiyu,普通名詞,自然物,交通;科学・技術,juman
継続,けいぞく,keizoku,サ変名詞,抽象物,,manual
系図,けいず,keizu,普通名詞,人工物-その他,,juman
結果,けっか,kekka,普通名詞,抽象物,,manual
欠航,けっこう,kekko,サ変名詞,抽象物,交通,juman
結婚,けっこん,kekkon,サ変名詞,抽象物,家庭・暮らし,juman
蹴鞠,けまり,kemari,普通名詞,人工物-その他,,juman
獣,けもの,kemono,普通名詞,動物,,juman
獣偏,けものへん,kemonohen,普通名詞,抽象物,教育・学習,juman
煙い,けむい,kemui,イ形容詞,,,juman
毛むくじゃら,けむくじゃら,kemukujara,ナ形容詞,,,juman
煙,けむり,kemuri,普通名詞,自然物,,juman
毛虫,けむし,kemushi,普通名詞,動物,,juman
煙たい,けむたい,kemutai,イ形容詞,,,juman
剣,けん,ken,普通名詞,人工物-その他,,manual
健気,けなげ,kenage,ナ形容詞,,,juman
険悪,けんあく,kenaku,ナ形容詞,,,juman
毛並み,けなみ,kenami,普通名詞,抽象物,,juman
けなす,けなす,kenasu,動詞,,,juman
券売機,けんばいき,kenbaiki,普通名詞,人工物-その他,交通,juman
鍵盤,けんばん,kenban,普通名詞,人工物-その他,文化・芸術,juman
賢母,けんぼ,kenbo,普通名詞,人,家庭・暮らし,juman
見物人,けんぶつにん,kenbutsunin,普通名詞,人,,juman
県鳥,けんちょう,kencho,普通名詞,動物,政治,juman
剣玉,けんだま,kendama,普通名詞,人工物-その他,レクリエーション,juman
県道,けんどう,kendo,普通名詞,場所-施設,交通,juman
見学,けんがく,kengaku,サ変名詞,抽象物,教育・学習,juman
県議,けんぎ,kengi,普通名詞,人,政治,juman
剣豪,けんごう,kengo,普通名詞,人,スポーツ,juman
牽牛,けんぎゅう,kengyu,普通名詞,自然物,,juman
検印,けんいん,kenin,普通名詞,人工物-その他,,juman
賢者,けんじゃ,kenja,普通名詞,人,,juman
検事,けんじ,kenji,普通名詞,人,政治,juman
賢人,けんじん,kenjin,普通名詞,人,,juman
堅実,けんじつ,kenjitsu,ナ形容詞,,,juman
謙譲語,けんじょうご,kenjogo,普通名詞,抽象物,教育・学習,juman
県花,けんか,kenka,普通名詞,植物,政治,juman
県警,けんけい,kenkei,普通名詞,組織・団体,政治,juman
献金,けんきん,kenkin,サ変名詞,人工物-金銭;抽象物,政治,juman
健康,けんこう,kenko,ナ形容詞,,健康・医学,juman
健脚,けんきゃく,kenkyaku,ナ形容詞,,,juman
県境,けんきょう,kenkyo,普通名詞,場所-その他,政治,juman
懸命,けんめい,kenmei,ナ形容詞,,,juman
県民,けんみん,kenmin,普通名詞,人,政治,juman
健筆,けんぴつ,kenpitsu,普通名詞,抽象物,文化・芸術,juman
健保,けんぽ,kenpo,普通名詞,抽象物,健康・医学;家庭・暮らし;政治,juman
絹布,けんぷ,kenpu,普通名詞,人工物-その他,,juman
県連,けんれん,kenren,普通名詞,組織・団体,政治,juman
県債,けんさい,kensai,普通名詞,人工物-金銭,政治,juman
剣先,けんさき,kensaki,普通名詞,人工物-その他,,juman
検索,けんさく,kensaku,サ変名詞,抽象物,家庭・暮らし,juman
検察,けんさつ,kensatsu,サ変名詞,組織・団体;抽象物,政治,juman
牽制,けんせい,kensei,サ変名詞,抽象物,スポーツ;政治,juman
巻積雲,けんせきうん,kensekiun,普通名詞,自然物,,juman
剣士,けんし,kenshi,普通名詞,人,スポーツ,juman
顕正,けんしょう,kensho,サ変名詞,抽象物,文化・芸術,juman
堅守,けんしゅ,kenshu,サ変名詞,抽象物,スポーツ,juman
巻層雲,けんそううん,kenson,普通名詞,自然物,,juman
懸垂,けんすい,kensui,サ変名詞,抽象物,スポーツ,juman
検定,けんてい,kentei,サ変名詞,抽象物,教育・学習,juman
拳闘,けんとう,kento,普通名詞,抽象物,スポーツ,juman
見当外れ,けんとうはずれ,kentohazure,普通名詞,抽象物,,juman
毛抜,けぬき,kenuki,普通名詞,人工物-その他,家庭・暮らし,juman
巻雲,けんうん,kenun,普通名詞,自然物,,juman
倹約,けんやく,kenyaku,サ変名詞,抽象物,家庭・暮らし,juman
兼用,けんよう,kenyo,サ変名詞,抽象物,家庭・暮らし,juman
建材,けんざい,kenzai,普通名詞,人工物-その他,,juman
県境,けんざかい,kenzakai,普通名詞,場所-その他,政治,juman
剣山,けんざん,kenzan,普通名詞,人工物-その他,文化・芸術,juman
健全,けんぜん,kenzen,ナ形容詞,,,juman
毛織り,けおり,keori,普通名詞,抽象物,家庭・暮らし,juman
毛織り物,けおりもの,keorimono,普通名詞,人工物-その他,家庭・暮らし,juman
潔白,けっぱく,keppaku,ナ形容詞,,,juman
潔癖,けっぺき,keppeki,ナ形容詞,,,juman
家来,けらい,kerai,普通名詞,人,,juman
けり,けり,keri,普通名詞,抽象物,,juman
けろりと,けろりと,kerorito,サ変名詞,抽象物,,juman
蹴る,ける,keru,動詞,,スポーツ,juman
袈裟,けさ,kesa,普通名詞,人工物-衣類,文化・芸術,juman
袈裟固め,けさがため,kesagatame,普通名詞,抽象物,スポーツ,juman
毛先,けさき,kesaki,普通名詞,動物-部位,,juman
芥子,けし,keshi,普通名詞,植物,料理・食事,juman
消印,けしいん,keshiin,普通名詞,人工物-その他,,juman
けしかける,けしかける,keshikakeru,動詞,,,juman
景色,けしき,keshiki,普通名詞,抽象物,,manual
芥子粒,けしつぶ,keshitsubu,普通名詞,人工物-その他,,juman
消し炭,けしずみ,keshizumi,普通名詞,人工物-その他,,juman
化粧,けしょう,kesho,サ変名詞,抽象物,家庭・暮らし,juman
傑作,けっさく,kessaku,普通名詞,抽象物,文化・芸術,juman
結社,けっしゃ,kessha,普通名詞,組織・団体,,juman
決心,けっしん,kesshin,サ変名詞,抽象物,,manual
決勝,けっしょう,kessho,普通名詞,抽象物,スポーツ,juman
消す,けす,kesu,動詞,,,juman
桁違い,けたちがい,ketachigai,ナ形容詞,,,juman
桁外れ,けたはずれ,ketahazure,ナ形容詞,,,juman
けたたましい,けたたましい,ketatamashii,イ形容詞,,,juman
結腸,けっちょう,ketcho,普通名詞,動物-部位,健康・医学,juman
欠員,けついん,ketsuin,普通名詞,抽象物,教育・学習;ビジネス,juman
欠場,けつじょう,ketsujo,サ変名詞,抽象物,スポーツ,juman
結末,けつまつ,ketsumatsu,普通名詞,抽象物,,manual
結論,けつろん,ketsuron,サ変名詞,抽象物,,manual
決定,けってい,kettei,サ変名詞,抽象物,,manual
険しい,けわしい,kewashii,イ形容詞,,,juman
欅,けやき,keyaki,普通名詞,植物,,juman
毛繕い,けづくろい,kezukuroi,サ変名詞,抽象物,,juman
削れる,けずれる,kezureru,動詞,,,juman
削る,けずる,kezuru,動詞,,,juman
気合い,きあい,kiai,普通名詞,抽象物,,juman
牙,きば,kiba,普通名詞,動物-部位,,juman
木箱,きばこ,kibako,普通名詞,人工物-その他,,juman
基盤,きばん,kiban,普通名詞,人工物-その他;抽象物,,juman
気晴らし,きばらし,kibarashi,サ変名詞,抽象物,,juman
奇抜,きばつ,kibatsu,ナ形容詞,,,juman
機微,きび,kibi,普通名詞,植物,,juman
忌引き,きびき,kibiki,普通名詞,抽象物,家庭・暮らし;教育・学習;ビジネス,juman
機敏,きびん,kibin,ナ形容詞,,,juman
厳しい,きびしい,kibishii,イ形容詞,,,juman
希望,きぼう,kibo,サ変名詞,抽象物,,manual
木彫り,きぼり,kibori,普通名詞,人工物-その他,文化・芸術,juman
気分,きぶん,kibun,普通名詞,抽象物,,manual
器物,きぶつ,kibutsu,普通名詞,人工物-その他,,juman
帰着,きちゃく,kichaku,サ変名詞,抽象物,交通,juman
基地,きち,kichi,普通名詞,場所-施設,政治,juman
吉日,きちじつ,kichijitsu,普通名詞,時間,,juman
機長,きちょう,kicho,普通名詞,人,交通,juman
機中,きちゅう,kichu,普通名詞,場所-その他,交通,juman
木太刀,きだち,kidachi,普通名詞,人工物-その他,レクリエーション;スポーツ,juman
季題,きだい,kidai,普通名詞,抽象物,文化・芸術,juman
気立て,きだて,kidate,普通名詞,抽象物,,juman
木戸,きど,kido,普通名詞,場所-施設,,juman
帰依,きえ,kie,サ変名詞,抽象物,文化・芸術,juman
気鋭,きえい,kiei,ナ形容詞,,,juman
消える,きえる,kieru,動詞,,,juman
棋譜,きふ,kifu,普通名詞,抽象物,レクリエーション;スポーツ,juman
貴婦人,きふじん,kifujin,普通名詞,人,,juman
気掛かり,きがかり,kigakari,ナ形容詞,,,juman
来掛け,きがけ,kigake,普通名詞,抽象物,,juman
器楽,きがく,kigaku,普通名詞,抽象物,文化・芸術,juman
気構え,きがまえ,kigamae,普通名詞,抽象物,,juman
祈願,きがん,kigan,サ変名詞,抽象物,文化・芸術;家庭・暮らし,juman
気兼ね,きがね,kigane,サ変名詞,抽象物,,juman
気軽,きがる,kigaru,ナ形容詞,,,juman
喜劇,きげき,kigeki,普通名詞,抽象物,文化・芸術,juman
期限,きげん,kigen,時相名詞,時間,,juman
木々,きぎ,kigi,普通名詞,植物,,juman
木切れ,きぎれ,kigire,普通名詞,植物-部位;人工物-その他,,juman
季語,きご,kigo,普通名詞,抽象物,文化・芸術,juman
着心地,きごこち,kigokochi,普通名詞,抽象物,家庭・暮らし,juman
器具,きぐ,kigu,普通名詞,人工物-その他,,juman
希薄,きはく,kihaku,ナ形容詞,,,juman
機帆船,きはんせん,kihansen,普通名詞,人工物-乗り物,交通,juman
木偏,きへん,kihen,普通名詞,抽象物,教育・学習,juman
貴賓,きひん,kihin,普通名詞,人,,juman
気泡,きほう,kiho,普通名詞,自然物,,juman
基本,きほん,kihon,普通名詞,抽象物,,manual
奇異,きい,kii,ナ形容詞,,,juman
棋院,きいん,kiin,普通名詞,組織・団体,レクリエーション;スポーツ,juman
黄色,きいろ,kiiro,普通名詞,色,,juman
生糸,きいと,kiito,普通名詞,人工物-その他,,juman
雉,きじ,kiji,普通名詞,動物,,juman
期日,きじつ,kijitsu,時相名詞,時間,,juman
机上,きじょう,kijo,普通名詞,場所-その他,,juman
喜寿,きじゅ,kiju,普通名詞,時間,家庭・暮らし,juman
起重機,きじゅうき,kijuki,普通名詞,人工物-その他,,juman
基準,きじゅん,kijun,普通名詞,抽象物,,manual
奇術,きじゅつ,kijutsu,普通名詞,抽象物,文化・芸術,juman
幾何,きか,kika,普通名詞,抽象物,教育・学習,juman
器械,きかい,kikai,普通名詞,人工物-その他,,juman
企画,きかく,kikaku,サ変名詞,抽象物,,manual
期間,きかん,kikan,時相名詞,時間,,juman
聞かん坊,きかんぼう,kikanbo,普通名詞,抽象物,家庭・暮らし,juman
聞かん気,きかんき,kikanki,ナ形容詞,,,juman
気管支,きかんし,kikanshi,普通名詞,動物-部位,健康・医学,juman
棄権,きけん,kiken,サ変名詞,抽象物,スポーツ;政治,juman
危機,きき,kiki,普通名詞,抽象物;時間,,juman
基金,ききん,kikin,普通名詞,人工物-金銭,,juman
貴金属,ききんぞく,kikinzoku,普通名詞,自然物,,juman
聞き覚え,ききおぼえ,kikioboe,普通名詞,抽象物,,juman
利き腕,ききうで,kikiude,普通名詞,動物-部位,,juman
聞き役,ききやく,kikiyaku,普通名詞,抽象物,,juman
菊花,きっか,kikka,普通名詞,植物-部位;形・模様,,juman
きっかけ,きっかけ,kikkake,普通名詞,抽象物,,juman
気孔,きこう,kiko,普通名詞,動物-部位,,juman
聞こえる,きこえる,kikoeru,動詞,,,juman
貴国,きこく,kikoku,普通名詞,場所-その他,政治,juman
気根,きこん,kikon,普通名詞,植物-部位,,juman
きこり,きこり,kikori,普通名詞,人,,juman
貴公子,きこうし,kikoshi,普通名詞,人,,juman
菊,きく,kiku,普通名詞,植物,,juman
気配り,きくばり,kikubari,普通名詞,抽象物,,juman
桔梗,ききょう,kikyo,普通名詞,植物,,juman
気球,ききゅう,kikyu,普通名詞,人工物-乗り物,交通,juman
気紛れ,きまぐれ,kimagure,ナ形容詞,,,juman
気侭,きまま,kimama,ナ形容詞,,,juman
決まり文句,きまりもんく,kimarimonku,普通名詞,抽象物,,juman
決まり手,きまりて,kimarite,普通名詞,抽象物,スポーツ,juman
決まる,きまる,kimaru,動詞,,,juman
期末,きまつ,kimatsu,時相名詞,時間,,juman
決め球,きめだま,kimedama,普通名詞,抽象物,スポーツ,juman
きめ細かい,きめこまかい,kimekomakai,イ形容詞,,,juman
決める,きめる,kimeru,動詞,,,juman
決め手,きめて,kimete,普通名詞,抽象物,,juman
決めてかかる,きめてかかる,kimetekakaru,動詞,,,juman
黄身,きみ,kimi,普通名詞,動物-部位;人工物-食べ物,料理・食事,juman
黄緑,きみどり,kimidori,普通名詞,色,,juman
気短,きみじか,kimijika,ナ形容詞,,,juman
肝,きも,kimo,普通名詞,動物-部位,,juman
気持ち,きもち,kimochi,普通名詞,抽象物,,juman
肝煎り,きもいり,kimoiri,普通名詞,抽象物,,juman
鬼門,きもん,kimon,普通名詞,人工物-食べ物,文化・芸術;家庭・暮らし,juman
着物,きもの,kimono,普通名詞,人工物-衣類,家庭・暮らし,juman
肝っ玉,きもったま,kimottama,普通名詞,抽象物,,juman
奇妙,きみょう,kimyo,ナ形容詞,,,juman
気長,きなが,kinaga,ナ形容詞,,,juman
着流し,きながし,kinagashi,普通名詞,抽象物;形・模様,,juman
黄な粉,きなこ,kinako,普通名詞,人工物-食べ物,料理・食事,juman
生成,きなり,kinari,ナ形容詞,,,juman
勤勉,きんべん,kinben,ナ形容詞,,,juman
近傍,きんぼう,kinbo,普通名詞,場所-機能,科学・技術,juman
金星,きんぼし,kinboshi,普通名詞,抽象物,スポーツ,juman
巾着,きんちゃく,kinchaku,普通名詞,人工物-その他,家庭・暮らし,juman
近著,きんちょ,kincho,普通名詞,人工物-その他,文化・芸術;メディア,juman
近代,きんだい,kindai,普通名詞,時間,,juman
金高,きんだか,kindaka,普通名詞,人工物-金銭,,juman
杵,きね,kine,普通名詞,人工物-その他,料理・食事,juman
祈念,きねん,kinen,サ変名詞,抽象物,文化・芸術,juman
記念日,きねんび,kinenbi,普通名詞,時間,家庭・暮らし,juman
謹賀新年,きんがしんねん,kingashinnen,普通名詞,抽象物,家庭・暮らし,juman
金銀,きんぎん,kingin,普通名詞,人工物-金銭,,juman
金魚,きんぎょ,kingyo,普通名詞,動物,,juman
金魚掬,きんぎょすくい,kingyosukui,普通名詞,抽象物,レクリエーション,juman
金一封,きんいっぷう,kinippu,普通名詞,人工物-金銭,,juman
金色,きんいろ,kiniro,普通名詞,色,,juman
均一,きんいつ,kinitsu,ナ形容詞,,,juman
禁じ手,きんじて,kinjite,普通名詞,抽象物,レクリエーション;スポーツ,juman
近日,きんじつ,kinjitsu,時相名詞,時間,,juman
近所,きんじょ,kinjo,普通名詞,場所-その他,家庭・暮らし,juman
金貨,きんか,kinka,普通名詞,人工物-金銭,,juman
金塊,きんかい,kinkai,普通名詞,人工物-その他,,juman
近海物,きんかいもの,kinkaimono,普通名詞,人工物-食べ物,料理・食事,juman
金柑,きんかん,kinkan,普通名詞,植物;人工物-食べ物,料理・食事,juman
近県,きんけん,kinken,普通名詞,組織・団体,,juman
金鉱,きんこう,kinko,普通名詞,場所-自然,,juman
筋骨,きんこつ,kinkotsu,普通名詞,動物-部位,,juman
緊急,きんきゅう,kinkyu,ナ形容詞,,,juman
近未来,きんみらい,kinmirai,普通名詞,時間,,juman
緊密,きんみつ,kinmitsu,ナ形容詞,,,juman
金脈,きんみゃく,kinmyaku,普通名詞,場所-自然,ビジネス,juman
近年,きんねん,kinnen,時相名詞,時間,,juman
筋肉,きんにく,kinniku,普通名詞,動物-部位,スポーツ;健康・医学,juman
昨日,きのう,kino,時相名詞,時間,,juman
茸,きのこ,kinoko,普通名詞,植物;人工物-食べ物,料理・食事,juman
気乗り,きのり,kinori,サ変名詞,抽象物,,juman
気のせい,きのせい,kinosei,普通名詞,抽象物,,juman
金箔,きんぱく,kinpaku,普通名詞,自然物,,juman
金髪,きんぱつ,kinpatsu,普通名詞,動物-部位,,juman
近辺,きんぺん,kinpen,普通名詞,場所-機能,,juman
金品,きんぴん,kinpin,普通名詞,人工物-金銭,,juman
きんぴら,きんぴら,kinpira,普通名詞,人工物-食べ物,料理・食事,juman
金粉,きんぷん,kinpun,普通名詞,自然物,,juman
近来,きんらい,kinrai,時相名詞,時間,,juman
金蘭,きんらん,kinran,普通名詞,植物;抽象物,,juman
金利,きんり,kinri,普通名詞,人工物-金銭,ビジネス;政治,juman
近隣,きんりん,kinrin,普通名詞,場所-その他,,juman
菌類,きんるい,kinrui,普通名詞,植物,,juman
禁漁区,きんりょうく,kinryoku,普通名詞,場所-その他,,juman
近作,きんさく,kinsaku,普通名詞,抽象物,文化・芸術,juman
金星,きんせい,kinsei,普通名詞,自然物,,juman
琴線,きんせん,kinsen,普通名詞,人工物-その他,文化・芸術,juman
筋線維,きんせんい,kinseni,普通名詞,動物-部位,健康・医学,juman
金銭ずく,きんせんずく,kinsenzuku,普通名詞,抽象物,,juman
近接,きんせつ,kinsetsu,サ変名詞,場所-機能,,juman
菌糸,きんし,kinshi,普通名詞,動物-部位,,juman
近親,きんしん,kinshin,普通名詞,人,家庭・暮らし,juman
均質,きんしつ,kinshitsu,ナ形容詞,,,juman
金的,きんてき,kinteki,普通名詞,人工物-その他,,juman
均等,きんとう,kinto,ナ形容詞,,,juman
絹,きぬ,kinu,普通名詞,人工物-その他,,juman
絹糸,きぬいと,kinuito,普通名詞,人工物-その他,,juman
気抜け,きぬけ,kinuke,サ変名詞,抽象物,,juman
砧,きぬた,kinuta,普通名詞,人工物-その他,,juman
金曜,きんよう,kinyo,時相名詞,時間,,juman
金曜日,きんようび,kinyobi,時相名詞,時間,,juman
金属,きんぞく,kinzoku,普通名詞,自然物,,juman
気落ち,きおち,kiochi,サ変名詞,抽象物,,juman
記憶,きおく,kioku,サ変名詞,抽象物,,manual
気後れ,きおくれ,kiokure,サ変名詞,抽象物,,juman
切符,きっぷ,kippu,普通名詞,人工物-その他,交通,juman
きらびやか,きらびやか,kirabiyaka,ナ形容詞,,,juman
機雷,きらい,kirai,普通名詞,人工物-その他,政治,juman
気楽,きらく,kiraku,ナ形容詞,,,juman
きらめく,きらめく,kirameku,動詞,,,juman
切らす,きらす,kirasu,動詞,,,juman
嫌う,きらう,kirau,動詞,,,juman
切れ味,きれあじ,kireaji,普通名詞,抽象物,,juman
切れ切れ,きれぎれ,kiregire,ナ形容詞,,,juman
切れ端,きれはし,kirehashi,普通名詞,人工物-その他,,juman
綺麗,きれい,kirei,ナ形容詞,,,juman
切れ字,きれじ,kireji,普通名詞,抽象物,文化・芸術,juman
切れ目,きれめ,kireme,普通名詞,場所-その他,,juman
切れ者,きれもの,kiremono,普通名詞,人,,juman
切れる,きれる,kireru,動詞,,,juman
桐,きり,kiri,普通名詞,植物,,juman
切り干し,きりぼし,kiriboshi,普通名詞,人工物-食べ物,料理・食事,juman
切り通し,きりどおし,kiridoshi,普通名詞,場所-施設,交通,juman
切り絵,きりえ,kirie,普通名詞,人工物-その他;抽象物,文化・芸術,juman
切り札,きりふだ,kirifuda,普通名詞,人工物-その他;抽象物,,juman
霧吹き,きりふき,kirifuki,普通名詞,人工物-その他;抽象物,家庭・暮らし,juman
きりぎりす,きりぎりす,kirigirisu,普通名詞,動物,,juman
切り株,きりかぶ,kirikabu,普通名詞,植物-部位,,juman
切り口上,きりこうじょう,kirikojo,普通名詞,抽象物,,juman
切り口,きりくち,kirikuchi,普通名詞,抽象物,,juman
切り身,きりみ,kirimi,普通名詞,人工物-食べ物,料理・食事,juman
錐揉み,きりもみ,kirimomi,サ変名詞,抽象物,,juman
切り盛り,きりもり,kirimori,サ変名詞,抽象物,,juman
きりん,きりん,kirin,普通名詞,動物,,juman
霧雨,きりさめ,kirisame,普通名詞,抽象物,,manual
切り売り,きりうり,kiriuri,サ変名詞,抽象物,,juman
岐路,きろ,kiro,普通名詞,場所-その他,,juman
記録,きろく,kiroku,サ変名詞,抽象物,,manual
切る,きる,kiru,動詞,,,juman
気力,きりょく,kiryoku,普通名詞,抽象物,,manual
希硫酸,きりゅうさん,kiryusan,普通名詞,人工物-その他,科学・技術,juman
后,きさき,kisaki,普通名詞,人,政治,juman
気さく,きさく,kisaku,ナ形容詞,,,juman
如月,きさらぎ,kisaragi,時相名詞,時間,,juman
棋聖,きせい,kisei,普通名詞,人,レクリエーション;スポーツ,juman
軌跡,きせき,kiseki,普通名詞,形・模様,,juman
汽船,きせん,kisen,普通名詞,人工物-乗り物,交通,juman
着せる,きせる,kiseru,動詞,,家庭・暮らし,juman
季節,きせつ,kisetsu,普通名詞,時間,,juman
汽車,きしゃ,kisha,普通名詞,人工物-乗り物,交通,juman
岸,きし,kishi,普通名詞,場所-自然,,juman
岸辺,きしべ,kishibe,普通名詞,場所-自然,,juman
軋む,きしむ,kishimu,動詞,,,juman
記章,きしょう,kisho,普通名詞,人工物-その他,,juman
旗手,きしゅ,kishu,普通名詞,人,,juman
寄宿舎,きしゅくしゃ,kishukusha,普通名詞,場所-施設,教育・学習,juman
起草,きそう,kiso,サ変名詞,抽象物,文化・芸術;メディア;政治,juman
規則,きそく,kisoku,普通名詞,抽象物,,manual
競う,きそう,kisou,動詞,,,juman
喫茶,きっさ,kissa,普通名詞,抽象物,料理・食事,juman
生っ粋,きっすい,kissui,普通名詞,抽象物,,juman
鱚,きす,kisu,普通名詞,動物;人工物-食べ物,料理・食事,juman
北,きた,kita,普通名詞,場所-機能,,juman
鍛える,きたえる,kitaeru,動詞,,スポーツ;健康・医学,juman
北口,きたぐち,kitaguchi,普通名詞,場所-その他,交通,juman
北国,きたぐに,kitaguni,普通名詞,場所-その他,,juman
気体,きたい,kitai,普通名詞,自然物,,juman
北風,きたかぜ,kitakaze,普通名詞,抽象物,,manual
帰宅,きたく,kitaku,サ変名詞,抽象物,家庭・暮らし,juman
奇譚,きたん,kitan,普通名詞,抽象物,文化・芸術,juman
汚い,きたない,kitanai,イ形容詞,,,juman
来す,きたす,kitasu,動詞,,,juman
汽笛,きてき,kiteki,普通名詞,人工物-その他,交通,juman
基点,きてん,kiten,普通名詞,場所-機能,,juman
気筒,きとう,kito,普通名詞,人工物-その他,科学・技術,juman
喫煙,きつえん,kitsuen,サ変名詞,抽象物,料理・食事,juman
きつい,きつい,kitsui,イ形容詞,,,juman
着付,きつけ,kitsuke,普通名詞,抽象物,家庭・暮らし,juman
狐,きつね,kitsune,普通名詞,動物,,juman
啄木鳥,きつつき,kitsutsuki,普通名詞,動物,,juman
切手,きって,kitte,普通名詞,人工物-金銭,,juman
際どい,きわどい,kiwadoi,イ形容詞,,,juman
木枠,きわく,kiwaku,普通名詞,人工物-その他,,juman
極まりない,きわまりない,kiwamarinai,イ形容詞,,,juman
窮まる,きわまる,kiwamaru,動詞,,,juman
極める,きわめる,kiwameru,動詞,,,juman
極み,きわみ,kiwami,普通名詞,抽象物,,juman
既約,きやく,kiyaku,普通名詞,抽象物,教育・学習,juman
気休め,きやすめ,kiyasume,普通名詞,抽象物,,juman
紀要,きよう,kiyo,普通名詞,人工物-その他,科学・技術,juman
清い,きよい,kiyoi,イ形容詞,,,juman
清らか,きよらか,kiyoraka,ナ形容詞,,,juman
気弱,きよわ,kiyowa,ナ形容詞,,,juman
きざ,きざ,kiza,ナ形容詞,,,juman
器材,きざい,kizai,普通名詞,人工物-その他,,juman
刻む,きざむ,kizamu,動詞,,,juman
兆す,きざす,kizasu,動詞,,,juman
貴族,きぞく,kizoku,普通名詞,人,,juman
貴族院,きぞくいん,kizokuin,普通名詞,組織・団体;場所-施設,政治,juman
傷痕,きずあと,kizuato,普通名詞,人工物-その他,健康・医学,juman
木槌,きづち,kizuchi,普通名詞,人工物-その他,家庭・暮らし,juman
気疲れ,きづかれ,kizukare,サ変名詞,抽象物,家庭・暮らし,juman
築く,きずく,kizuku,動詞,,,juman
気詰まり,きづまり,kizumari,ナ形容詞,,,juman
絆,きずな,kizuna,普通名詞,抽象物,,manual
公安,こうあん,koan,普通名詞,組織・団体,政治,juman
紅梅,こうばい,kobai,普通名詞,植物,,juman
公倍数,こうばいすう,kobaisu,普通名詞,抽象物,教育・学習,juman
拒む,こばむ,kobamu,動詞,,,juman
鋼板,こうばん,koban,普通名詞,人工物-その他,科学・技術,juman
子離れ,こばなれ,kobanare,サ変名詞,抽象物,家庭・暮らし,juman
小咄,こばなし,kobanashi,普通名詞,抽象物,文化・芸術,juman
香ばしい,こうばしい,kobashii,イ形容詞,,,juman
小走り,こばしり,kobashiri,普通名詞,抽象物,,juman
小旗,こばた,kobata,普通名詞,人工物-その他,,juman
こうべ,こうべ,kobe,普通名詞,動物-部位,,juman
戸別,こべつ,kobetsu,普通名詞,抽象物,家庭・暮らし,juman
古美術,こびじゅつ,kobijutsu,普通名詞,抽象物,文化・芸術,juman
こびり付く,こびりつく,kobiritsuku,動詞,,,juman
こびる,こびる,kobiru,動詞,,,juman
酵母,こうぼ,kobo,普通名詞,動物,料理・食事,juman
高木,こうぼく,koboku,普通名詞,植物,,juman
毀れる,こぼれる,koboreru,動詞,,,juman
零す,こぼす,kobosu,動詞,,,juman
子分,こぶん,kobun,普通名詞,人,,juman
小舟,こぶね,kobune,普通名詞,人工物-乗り物,交通,juman
公文書,こうぶんしょ,kobunsho,普通名詞,人工物-その他,政治,juman
小振り,こぶり,koburi,ナ形容詞,,,juman
拳,こぶし,kobushi,普通名詞,形・模様,,juman
好物,こうぶつ,kobutsu,普通名詞,人工物-食べ物,料理・食事,juman
紅茶,こうちゃ,kocha,普通名詞,人工物-食べ物,料理・食事,juman
降着,こうちゃく,kochaku,サ変名詞,抽象物,レクリエーション;交通,juman
耕地,こうち,kochi,普通名詞,場所-その他,,juman
こちこち,こちこち,kochikochi,ナ形容詞,,,juman
こちら,こちら,kochira,普通名詞,場所-機能,,juman
校長,こうちょう,kocho,普通名詞,人,教育・学習,juman
好打,こうだ,koda,サ変名詞,抽象物,スポーツ,juman
木立,こだち,kodachi,普通名詞,植物,,juman
古代,こだい,kodai,時相名詞,時間,,juman
子宝,こだから,kodakara,普通名詞,抽象物,家庭・暮らし,juman
木霊,こだま,kodama,サ変名詞,抽象物,,manual
公団,こうだん,kodan,普通名詞,組織・団体;場所-施設,政治,juman
小出し,こだし,kodashi,サ変名詞,抽象物,,juman
拘る,こだわる,kodawaru,動詞,,,juman
香典,こうでん,koden,普通名詞,人工物-金銭,文化・芸術;家庭・暮らし,juman
公道,こうどう,kodo,普通名詞,場所-施設,交通,juman
小道具,こどうぐ,kodogu,普通名詞,人工物-その他,文化・芸術;家庭・暮らし,juman
孤独,こどく,kodoku,ナ形容詞,,,juman
子供,こども,kodomo,普通名詞,人,,juman
小躍り,こおどり,kodori,サ変名詞,抽象物,,juman
肥,こえ,koe,普通名詞,人工物-その他,,juman
小枝,こえだ,koeda,普通名詞,植物-部位,,juman
後衛,こうえい,koei,普通名詞,人,スポーツ;政治,juman
公園,こうえん,koen,普通名詞,場所-施設,レクリエーション,juman
校風,こうふう,kofu,普通名詞,抽象物,教育・学習,juman
幸福,こうふく,kofuku,ナ形容詞,,,juman
光復節,こうふくせつ,kofukusetsu,普通名詞,時間,政治,juman
古墳,こふん,kofun,普通名詞,場所-施設,,juman
郊外,こうがい,kogai,普通名詞,場所-その他,,juman
子会社,こがいしゃ,kogaisha,普通名詞,組織・団体;場所-施設,ビジネス,juman
工学,こうがく,kogaku,普通名詞,抽象物,教育・学習;科学・技術,juman
工学部,こうがくぶ,kogakubu,普通名詞,組織・団体,教育・学習;科学・技術,juman
向学心,こうがくしん,kogakushin,普通名詞,抽象物,教育・学習,juman
湖岸,こがん,kogan,普通名詞,場所-自然,,juman
こがね,こがね,kogane,普通名詞,自然物,,juman
黄金色,こがねいろ,koganeiro,普通名詞,色,,juman
黄金虫,こがねむし,koganemushi,普通名詞,動物,,juman
小柄,こがら,kogara,ナ形容詞,,,juman
木枯らし,こがらし,kogarashi,普通名詞,抽象物,,juman
焦がれる,こがれる,kogareru,動詞,,,juman
焦がす,こがす,kogasu,動詞,,健康・医学,juman
小形,こがた,kogata,ナ形容詞,,,juman
焦げ茶色,こげちゃいろ,kogechairo,普通名詞,色,,juman
工芸,こうげい,kogei,普通名詞,抽象物,文化・芸術,juman
攻撃,こうげき,kogeki,サ変名詞,抽象物,,manual
抗原,こうげん,kogen,普通名詞,自然物,健康・医学,juman
焦げる,こげる,kogeru,動詞,,料理・食事,juman
講義,こうぎ,kogi,サ変名詞,抽象物,教育・学習,juman
小切手,こぎって,kogitte,普通名詞,人工物-金銭,,juman
皇后,こうごう,kogo,普通名詞,人,政治,juman
凍える,こごえる,kogoeru,動詞,,,juman
光合成,こうごうせい,kogosei,普通名詞,抽象物,科学・技術;教育・学習,juman
工具,こうぐ,kogu,普通名詞,人工物-その他,,juman
皇軍,こうぐん,kogun,普通名詞,組織・団体,政治,juman
興行,こうぎょう,kogyo,サ変名詞,抽象物,文化・芸術;スポーツ,juman
小幅,こはば,kohaba,ナ形容詞,,,juman
後輩,こうはい,kohai,普通名詞,人,教育・学習;ビジネス,juman
琥珀,こはく,kohaku,普通名詞,自然物,,juman
湖畔,こはん,kohan,普通名詞,場所-自然,,juman
こはぜ,こはぜ,kohaze,普通名詞,人工物-その他,,juman
公平,こうへい,kohei,ナ形容詞,,,juman
後編,こうへん,kohen,普通名詞,抽象物,文化・芸術;メディア,juman
公費,こうひ,kohi,普通名詞,人工物-金銭,政治,juman
硬筆,こうひつ,kohitsu,普通名詞,抽象物,教育・学習,juman
後方,こうほう,koho,普通名詞,場所-機能,,juman
鯉,こい,koi,普通名詞,動物,料理・食事,juman
恋人,こいびと,koibito,普通名詞,人,家庭・暮らし,juman
恋文,こいぶみ,koibumi,普通名詞,人工物-その他,家庭・暮らし,juman
恋心,こいごころ,koigokoro,普通名詞,抽象物,家庭・暮らし,juman
小粋,こいき,koiki,ナ形容詞,,,juman
公印,こういん,koin,普通名詞,人工物-その他,政治,juman
鯉幟,こいのぼり,koinobori,普通名詞,人工物-その他,文化・芸術;家庭・暮らし,juman
恋しい,こいしい,koishii,イ形容詞,,家庭・暮らし,juman
更衣室,こういしつ,koishitsu,普通名詞,場所-施設,,juman
こいつ,こいつ,koitsu,普通名詞,人,,juman
紅一点,こういってん,koitten,普通名詞,人,,juman
麹,こうじ,koji,普通名詞,人工物-その他,料理・食事,juman
孤児院,こじいん,kojiin,普通名詞,場所-施設,家庭・暮らし,juman
公人,こうじん,kojin,普通名詞,人,政治,juman
拗れる,こじれる,kojireru,動詞,,,juman
抉る,こじる,kojiru,動詞,,,juman
こじつける,こじつける,kojitsukeru,動詞,,,juman
工場,こうじょう,kojo,普通名詞,場所-施設,ビジネス,juman
甲状腺,こうじょうせん,kojosen,普通名詞,動物-部位,健康・医学,juman
公述人,こうじゅつにん,kojutsunin,普通名詞,人,政治,juman
硬貨,こうか,koka,普通名詞,人工物-金銭,,juman
木陰,こかげ,kokage,普通名詞,場所-自然,,juman
公海,こうかい,kokai,普通名詞,場所-その他,,juman
公会堂,こうかいどう,kokaido,普通名詞,場所-施設,,juman
口角,こうかく,kokaku,普通名詞,動物-部位,,juman
甲殻類,こうかくるい,kokakurui,普通名詞,動物,,juman
公館,こうかん,kokan,普通名詞,場所-施設,政治,juman
交換手,こうかんしゅ,kokanshu,普通名詞,人,,juman
転かせる,こかせる,kokaseru,動詞,,,juman
転かす,こかす,kokasu,動詞,,,juman
苔,こけ,koke,普通名詞,植物,,juman
光景,こうけい,kokei,普通名詞,抽象物,,manual
高検,こうけん,koken,普通名詞,組織・団体,政治,juman
後見人,こうけんにん,kokennin,普通名詞,人,,juman
こけおどし,こけおどし,kokeodoshi,普通名詞,抽象物,,juman
柿落とし,こけらおとし,kokeraotoshi,普通名詞,抽象物,文化・芸術,juman
痩ける,こける,kokeru,動詞,,健康・医学,juman
小芥子,こけし,kokeshi,普通名詞,人工物-その他,文化・芸術,juman
高潔,こうけつ,koketsu,ナ形容詞,,,juman
後期,こうき,koki,時相名詞,時間,,juman
公金,こうきん,kokin,普通名詞,人工物-金銭,政治,juman
好奇心,こうきしん,kokishin,普通名詞,抽象物,,manual
小刻み,こきざみ,kokizami,ナ形容詞,,,juman
国花,こっか,kokka,普通名詞,植物,政治,juman
国会,こっかい,kokkai,普通名詞,組織・団体,政治,juman
骨格,こっかく,kokkaku,普通名詞,動物-部位;抽象物,,juman
国警,こっけい,kokkei,普通名詞,組織・団体,政治,juman
国慶節,こっけいせつ,kokkeisetsu,普通名詞,時間,政治,juman
国旗,こっき,kokki,普通名詞,人工物-その他,政治,juman
国庫,こっこ,kokko,普通名詞,場所-その他,政治,juman
国公立,こっこうりつ,kokkoritsu,普通名詞,抽象物,教育・学習;政治,juman
国境,こっきょう,kokkyo,普通名詞,場所-その他,,juman
口腔,こうこう,koko,普通名詞,動物-部位,健康・医学,juman
広告,こうこく,kokoku,サ変名詞,人工物-その他;抽象物,ビジネス;メディア,juman
古今,ここん,kokon,普通名詞,時間,,juman
心,こころ,kokoro,普通名詞,抽象物,,juman
心当たり,こころあたり,kokoroatari,普通名詞,抽象物,,juman
心許り,こころばかり,kokorobakari,普通名詞,抽象物,,juman
心覚え,こころおぼえ,kokoroboe,普通名詞,抽象物,,juman
心構え,こころがまえ,kokorogamae,普通名詞,抽象物,,juman
心変わり,こころがわり,kokorogawari,サ変名詞,抽象物,,juman
心配り,こころくばり,kokorokubari,サ変名詞,抽象物,,juman
心待ち,こころまち,kokoromachi,サ変名詞,抽象物,,juman
試みる,こころみる,kokoromiru,動詞,,,juman
心残り,こころのこり,kokoronokori,ナ形容詞,,,juman
快い,こころよい,kokoroyoi,イ形容詞,,,juman
志,こころざし,kokorozashi,普通名詞,抽象物,,juman
心遣い,こころづかい,kokorozukai,サ変名詞,抽象物,,juman
心付け,こころづけ,kokorozuke,普通名詞,人工物-金銭,,juman
心積もり,こころづもり,kokorozumori,サ変名詞,抽象物,,juman
高空,こうくう,koku,普通名詞,場所-自然,,juman
黒板,こくばん,kokuban,普通名詞,人工物-その他,教育・学習,juman
告別,こくべつ,kokubetsu,サ変名詞,抽象物,家庭・暮らし,juman
国文,こくぶん,kokubun,普通名詞,抽象物,教育・学習,juman
国文学,こくぶんがく,kokubungaku,普通名詞,抽象物,文化・芸術;教育・学習,juman
黒鳥,こくちょう,kokucho,普通名詞,動物,,juman
国道,こくどう,kokudo,普通名詞,場所-施設,交通,juman
黒鉛,こくえん,kokuen,普通名詞,自然物,科学・技術,juman
国学,こくがく,kokugaku,普通名詞,抽象物,教育・学習,juman
国劇,こくげき,kokugeki,普通名詞,抽象物,文化・芸術,juman
刻限,こくげん,kokugen,普通名詞,時間,,juman
国技,こくぎ,kokugi,普通名詞,抽象物,スポーツ,juman
国語,こくご,kokugo,普通名詞,抽象物,教育・学習,juman
国軍,こくぐん,kokugun,普通名詞,組織・団体,政治,juman
告白,こくはく,kokuhaku,サ変名詞,抽象物,,manual
国費,こくひ,kokuhi,普通名詞,人工物-金銭,政治,juman
国賓,こくひん,kokuhin,普通名詞,人,政治,juman
国宝,こくほう,kokuho,普通名詞,人工物-その他,文化・芸術,juman
黒衣,こくい,kokui,普通名詞,人工物-衣類,文化・芸術;家庭・暮らし,juman
刻印,こくいん,kokuin,普通名詞,人工物-その他,,juman
克明,こくめい,kokumei,ナ形容詞,,,juman
国民,こくみん,kokumin,普通名詞,人,政治,juman
穀物,こくもつ,kokumotsu,普通名詞,植物,料理・食事,juman
校訓,こうくん,kokun,普通名詞,抽象物,教育・学習,juman
国王,こくおう,kokuo,普通名詞,人,政治,juman
国立,こくりつ,kokuritsu,普通名詞,抽象物,教育・学習;政治,juman
穀類,こくるい,kokurui,普通名詞,植物,料理・食事,juman
国債,こくさい,kokusai,普通名詞,人工物-金銭,ビジネス;政治,juman
国産,こくさん,kokusan,普通名詞,人工物-その他;抽象物,,juman
国士,こくし,kokushi,普通名詞,人,,juman
黒色,こくしょく,kokushoku,普通名詞,色,,juman
国主,こくしゅ,kokushu,普通名詞,人,政治,juman
穀倉,こくそう,kokuso,普通名詞,場所-施設,,juman
国粋,こくすい,kokusui,普通名詞,抽象物,文化・芸術;政治,juman
国体,こくたい,kokutai,普通名詞,抽象物,スポーツ,juman
黒曜石,こくようせき,kokuyoseki,普通名詞,自然物,,juman
顧客,こきゃく,kokyaku,普通名詞,人,ビジネス,juman
皇居,こうきょ,kokyo,普通名詞,場所-施設,政治,juman
好球,こうきゅう,kokyu,普通名詞,人工物-その他,スポーツ,juman
公休日,こうきゅうび,kokyubi,普通名詞,時間,ビジネス,juman
駒,こま,koma,普通名詞,人工物-その他,レクリエーション;スポーツ,juman
駒鳥,こまどり,komadori,普通名詞,動物,,juman
細切れ,こまぎれ,komagire,普通名詞,人工物-食べ物,料理・食事,juman
細切り,こまぎり,komagiri,普通名詞,抽象物,料理・食事,juman
狛犬,こまいぬ,komainu,普通名詞,抽象物,文化・芸術,juman
細か,こまか,komaka,ナ形容詞,,,juman
細かい,こまかい,komakai,イ形容詞,,,juman
鼓膜,こまく,komaku,普通名詞,動物-部位,健康・医学,juman
駒草,こまくさ,komakusa,普通名詞,植物,,juman
こまめ,こまめ,komame,ナ形容詞,,,juman
小間物,こまもの,komamono,普通名詞,人工物-その他,家庭・暮らし,juman
高慢,こうまん,koman,ナ形容詞,,,juman
拱く,こまねく,komaneku,動詞,,,juman
困り者,こまりもの,komarimono,普通名詞,抽象物,,juman
困る,こまる,komaru,動詞,,,juman
小回り,こまわり,komawari,サ変名詞,抽象物,,juman
細やか,こまやか,komayaka,ナ形容詞,,,juman
米,こめ,kome,普通名詞,植物;人工物-食べ物,料理・食事,juman
米所,こめどころ,komedokoro,普通名詞,場所-その他,,juman
米蔵,こめぐら,komegura,普通名詞,場所-施設,,juman
米偏,こめへん,komehen,普通名詞,抽象物,教育・学習,juman
校名,こうめい,komei,普通名詞,抽象物,教育・学習,juman
蟀谷,こめかみ,komekami,普通名詞,動物-部位,,juman
湖面,こめん,komen,普通名詞,場所-その他,,juman
米糠,こめぬか,komenuka,普通名詞,植物-部位,,juman
米粒,こめつぶ,kometsubu,普通名詞,人工物-食べ物,料理・食事,juman
小道,こみち,komichi,普通名詞,場所-その他,交通,juman
小見出し,こみだし,komidashi,普通名詞,人工物-その他,メディア,juman
公民,こうみん,komin,普通名詞,人,教育・学習;政治,juman
薦,こも,komo,普通名詞,人工物-その他,,juman
子持ち,こもち,komochi,普通名詞,抽象物,家庭・暮らし,juman
校門,こうもん,komon,普通名詞,場所-施設,教育・学習,juman
古文書,こもんじょ,komonjo,普通名詞,人工物-その他,文化・芸術,juman
小物,こもの,komono,普通名詞,人工物-その他,家庭・暮らし,juman
木漏れ日,こもれび,komorebi,普通名詞,抽象物,,juman
蝙蝠,こうもり,komori,普通名詞,動物,,juman
子守唄,こもりうた,komoriuta,普通名詞,抽象物,家庭・暮らし,juman
籠る,こもる,komoru,動詞,,,juman
込む,こむ,komu,動詞,,,juman
小麦,こむぎ,komugi,普通名詞,植物,料理・食事,juman
小麦色,こむぎいろ,komugiiro,普通名詞,色,,juman
小麦粉,こむぎこ,komugiko,普通名詞,人工物-食べ物,料理・食事,juman
被る,こうむる,komuru,動詞,,,juman
小結,こむすび,komusubi,普通名詞,人,スポーツ,juman
鉱脈,こうみゃく,komyaku,普通名詞,場所-自然,,juman
巧妙,こうみょう,komyo,ナ形容詞,,,juman
紺,こん,kon,普通名詞,色,,manual
粉,こな,kona,普通名詞,自然物,,juman
粉々,こなごな,konagona,ナ形容詞,,,juman
粉薬,こなぐすり,konagusuri,普通名詞,人工物-食べ物,健康・医学,juman
構内,こうない,konai,普通名詞,場所-その他,,juman
こなれる,こなれる,konareru,動詞,,,juman
こなす,こなす,konasu,動詞,,,juman
粉雪,こなゆき,konayuki,普通名詞,自然物,,juman
今晩,こんばん,konban,時相名詞,時間,,juman
棍棒,こんぼう,konbo,普通名詞,人工物-その他,,juman
昆布,こんぶ,konbu,普通名詞,植物;人工物-食べ物,料理・食事,juman
昆虫,こんちゅう,konchu,普通名詞,動物,,juman
献立,こんだて,kondate,普通名詞,抽象物,料理・食事,juman
今度,こんど,kondo,時相名詞,時間,,juman
後年,こうねん,konen,時相名詞,時間,,juman
更年期,こうねんき,konenki,普通名詞,時間,健康・医学;家庭・暮らし,juman
捏ねる,こねる,koneru,動詞,,,juman
こんがらかる,こんがらかる,kongarakaru,動詞,,,juman
今月,こんげつ,kongetsu,時相名詞,時間,,juman
今後,こんご,kongo,時相名詞,時間,,juman
懇意,こんい,koni,ナ形容詞,,,juman
婚姻,こんいん,konin,サ変名詞,抽象物,家庭・暮らし,juman
婚姻届,こんいんとどけ,konintodoke,普通名詞,抽象物,家庭・暮らし;政治,juman
紺色,こんいろ,koniro,普通名詞,色,,juman
今昔,こんじゃく,konjaku,普通名詞,時間,,juman
根性,こんじょう,konjo,普通名詞,抽象物,,manual
今回,こんかい,konkai,時相名詞,時間,,juman
耕運機,こううんき,konki,普通名詞,人工物-乗り物,,juman
根比べ,こんくらべ,konkurabe,サ変名詞,抽象物,,juman
困窮,こんきゅう,konkyu,サ変名詞,抽象物,家庭・暮らし,juman
根負け,こんまけ,konmake,サ変名詞,抽象物,,juman
根毛,こんもう,konmo,普通名詞,植物-部位,,juman
困難,こんなん,konnan,ナ形容詞,,,juman
今日,こんにち,konnichi,時相名詞,時間,,juman
蒟蒻,こんにゃく,konnyaku,普通名詞,植物;人工物-食べ物,料理・食事,juman
此後,このあと,konoato,時相名詞,時間,,juman
この頃,このごろ,konogoro,時相名詞,時間,,juman
此前,このまえ,konomae,時相名詞,時間,,juman
好ましい,このましい,konomashii,イ形容詞,,,juman
香の物,こうのもの,konomono,普通名詞,人工物-食べ物,料理・食事,juman
好む,このむ,konomu,動詞,,,juman
此際,このさい,konosai,時相名詞,時間,,juman
此先,このさき,konosaki,時相名詞,時間,,juman
鸛,こうのとり,konotori,普通名詞,動物,,juman
此世,このよ,konoyo,普通名詞,場所-その他,,juman
紺碧,こんぺき,konpeki,普通名詞,色,,juman
混乱,こんらん,konran,サ変名詞,抽象物,,manual
婚礼,こんれい,konrei,普通名詞,抽象物,家庭・暮らし,juman
建立,こんりゅう,konryu,サ変名詞,抽象物,文化・芸術,juman
混声,こんせい,konsei,普通名詞,抽象物,文化・芸術,juman
痕跡,こんせき,konseki,普通名詞,人工物-その他,,juman
今節,こんせつ,konsetsu,時相名詞,時間,,juman
今週,こんしゅう,konshu,時相名詞,時間,,juman
小糠,こぬか,konuka,普通名詞,人工物-その他,,juman
今夜,こんや,konya,時相名詞,時間,,juman
婚約,こんやく,konyaku,サ変名詞,抽象物,家庭・暮らし,juman
今夕,こんゆう,konyu,時相名詞,時間,,juman
混雑,こんざつ,konzatsu,サ変名詞,抽象物,,manual
木っ端微塵,こっぱみじん,koppamijin,普通名詞,抽象物,,juman
骨片,こっぺん,koppen,普通名詞,動物-部位,,juman
骨粉,こっぷん,koppun,普通名詞,人工物-その他,,juman
甲羅,こうら,kora,普通名詞,動物-部位,,juman
こらえる,こらえる,koraeru,動詞,,,juman
行楽,こうらく,koraku,普通名詞,抽象物,レクリエーション,juman
凝らせる,こらせる,koraseru,動詞,,,juman
懲らしめる,こらしめる,korashimeru,動詞,,,juman
凝らす,こらす,korasu,動詞,,,juman
恒例,こうれい,korei,普通名詞,抽象物,,manual
後列,こうれつ,koretsu,普通名詞,場所-その他,,juman
行李,こうり,kori,普通名詞,人工物-その他,,juman
懲り懲り,こりごり,korigori,サ変名詞,抽象物,,juman
後輪,こうりん,korin,普通名詞,人工物-その他,,juman
懲りる,こりる,koriru,動詞,,,juman
凝り性,こりしょう,korisho,普通名詞,抽象物,,juman
小売店,こうりてん,koriten,普通名詞,場所-施設,ビジネス,juman
公立,こうりつ,koritsu,普通名詞,抽象物,教育・学習;政治,juman
頃,ころ,koro,普通名詞,時間,,juman
頃合い,ころあい,koroai,普通名詞,時間,,juman
転ぶ,ころぶ,korobu,動詞,,,juman
転がる,ころがる,korogaru,動詞,,,juman
転がす,ころがす,korogasu,動詞,,,juman
転げる,ころげる,korogeru,動詞,,,juman
蟋蟀,こおろぎ,korogi,普通名詞,動物,,juman
衣,ころも,koromo,普通名詞,人工物-衣類,家庭・暮らし;料理・食事,juman
衣替え,ころもがえ,koromogae,サ変名詞,抽象物,家庭・暮らし,juman
衣偏,ころもへん,koromohen,普通名詞,抽象物,教育・学習,juman
凍る,こおる,koru,動詞,,,juman
香料,こうりょう,koryo,普通名詞,人工物-金銭;人工物-その他,料理・食事,juman
交流,こうりゅう,koryu,サ変名詞,抽象物,,manual
考査,こうさ,kosa,サ変名詞,抽象物,教育・学習,juman
高裁,こうさい,kosai,普通名詞,組織・団体,政治,juman
小匙,こさじ,kosaji,普通名詞,人工物-その他,料理・食事,juman
工作,こうさく,kosaku,サ変名詞,抽象物,教育・学習,juman
小雨,こさめ,kosame,普通名詞,抽象物,,manual
恒星,こうせい,kosei,普通名詞,自然物,,juman
古生代,こせいだい,koseidai,普通名詞,時間,,juman
鉱石,こうせき,koseki,普通名詞,自然物,,juman
鉱泉,こうせん,kosen,普通名詞,場所-自然,,juman
降雪,こうせつ,kosetsu,普通名詞,抽象物,,manual
公舎,こうしゃ,kosha,普通名詞,場所-施設,政治,juman
高射砲,こうしゃほう,koshaho,普通名詞,人工物-その他,政治,juman
侯爵,こうしゃく,koshaku,普通名詞,人,政治,juman
輿,こし,koshi,普通名詞,人工物-乗り物,,juman
漉し餡,こしあん,koshian,普通名詞,人工物-食べ物,料理・食事,juman
格子戸,こうしど,koshido,普通名詞,場所-施設,,juman
来し方,こしかた,koshikata,普通名詞,時間,,juman
公式,こうしき,koshiki,普通名詞,抽象物,教育・学習,juman
腰砕け,こしくだけ,koshikudake,普通名詞,抽象物,,juman
腰元,こしもと,koshimoto,普通名詞,人,,juman
庚申,こうしん,koshin,普通名詞,場所-機能;時間,,juman
香辛料,こうしんりょう,koshinryo,普通名詞,人工物-食べ物,料理・食事,juman
腰抜け,こしぬけ,koshinuke,普通名詞,抽象物,,juman
腰折れ,こしおれ,koshiore,普通名詞,抽象物,,juman
拵え物,こしらえもの,koshiraemono,普通名詞,人工物-その他,,juman
拵える,こしらえる,koshiraeru,動詞,,,juman
公室,こうしつ,koshitsu,普通名詞,場所-施設,,juman
鉱床,こうしょう,kosho,普通名詞,場所-自然,科学・技術,juman
小正月,こしょうがつ,koshogatsu,普通名詞,時間,家庭・暮らし,juman
好手,こうしゅ,koshu,普通名詞,人,スポーツ,juman
酵素,こうそ,koso,普通名詞,自然物,健康・医学,juman
こそばゆい,こそばゆい,kosobayui,イ形容詞,,,juman
子育て,こそだて,kosodate,サ変名詞,抽象物,家庭・暮らし,juman
校則,こうそく,kosoku,普通名詞,抽象物,教育・学習,juman
高速道,こうそくどう,kosokudo,普通名詞,場所-施設,交通,juman
高卒,こうそつ,kosotsu,普通名詞,抽象物,教育・学習;ビジネス,juman
漉す,こす,kosu,動詞,,料理・食事,juman
硬水,こうすい,kosui,普通名詞,自然物,料理・食事,juman
こする,こする,kosuru,動詞,,,juman
小唄,こうた,kota,普通名詞,抽象物,文化・芸術,juman
答,こたえ,kotae,普通名詞,抽象物,,juman
応える,こたえる,kotaeru,動詞,,,juman
抗体,こうたい,kotai,普通名詞,自然物,健康・医学,juman
皇太后,こうたいごう,kotaigo,普通名詞,人,政治,juman
皇太子,こうたいし,kotaishi,普通名詞,人,政治,juman
光沢,こうたく,kotaku,普通名詞,抽象物,,manual
炬燵,こたつ,kotatsu,普通名詞,人工物-その他,家庭・暮らし,juman
小手,こて,kote,普通名詞,動物-部位;人工物-衣類;抽象物,スポーツ,juman
湖底,こてい,kotei,普通名詞,場所-自然,,juman
好適,こうてき,koteki,ナ形容詞,,,juman
好敵手,こうてきしゅ,kotekishu,普通名詞,人,スポーツ,juman
鼓笛隊,こてきたい,kotekitai,普通名詞,組織・団体,文化・芸術,juman
後転,こうてん,koten,普通名詞,抽象物,スポーツ,juman
小手先,こてさき,kotesaki,普通名詞,場所-その他;抽象物,,juman
小手調べ,こてしらべ,koteshirabe,サ変名詞,抽象物,,juman
鋼鉄,こうてつ,kotetsu,普通名詞,人工物-その他,,juman
孤島,ことう,koto,普通名詞,場所-自然,,juman
言葉,ことば,kotoba,普通名詞,抽象物,,manual
言葉遣い,ことばづかい,kotobazukai,普通名詞,抽象物,,juman
寿,ことぶき,kotobuki,普通名詞,抽象物,,juman
事細か,ことこまか,kotokomaka,ナ形容詞,,,juman
事も無げ,こともなげ,kotomonage,ナ形容詞,,,juman
異なる,ことなる,kotonaru,動詞,,,juman
小鳥,ことり,kotori,普通名詞,動物,,juman
今年,ことし,kotoshi,時相名詞,時間,,juman
断る,ことわる,kotowaru,動詞,,,juman
諺,ことわざ,kotowaza,普通名詞,抽象物,,manual
交通,こうつう,kotsu,サ変名詞,抽象物,交通,juman
骨盤,こつばん,kotsuban,普通名詞,動物-部位,健康・医学,juman
小粒,こつぶ,kotsubu,ナ形容詞,,,juman
骨壺,こつつぼ,kotsutsubo,普通名詞,人工物-その他,,juman
骨髄,こつずい,kotsuzui,普通名詞,動物-部位,健康・医学,juman
骨董,こっとう,kotto,普通名詞,人工物-その他,文化・芸術,juman
恋う,こう,kou,動詞,,家庭・暮らし,juman
講話,こうわ,kowa,サ変名詞,抽象物,教育・学習,juman
こわばる,こわばる,kowabaru,動詞,,健康・医学,juman
声高,こわだか,kowadaka,ナ形容詞,,,juman
怖い,こわい,kowai,イ形容詞,,,juman
声色,こわいろ,kowairo,普通名詞,抽象物,,manual
小分け,こわけ,kowake,サ変名詞,抽象物,,juman
港湾,こうわん,kowan,普通名詞,場所-施設,交通,juman
壊れる,こわれる,kowareru,動詞,,,juman
壊す,こわす,kowasu,動詞,,,juman
荒野,こうや,koya,普通名詞,場所-自然,,juman
小屋掛け,こやがけ,koyagake,サ変名詞,抽象物,,juman
膏薬,こうやく,koyaku,普通名詞,人工物-その他,健康・医学,juman
公約数,こうやくすう,koyakusu,普通名詞,抽象物,教育・学習,juman
小やみ,こやみ,koyami,普通名詞,抽象物,,juman
肥やす,こやす,koyasu,動詞,,,juman
紅葉,こうよう,koyo,サ変名詞,植物-部位;抽象物,,juman
今宵,こよい,koyoi,時相名詞,時間,,juman
広葉樹,こうようじゅ,koyoju,普通名詞,植物,,juman
暦,こよみ,koyomi,普通名詞,時間,家庭・暮らし,juman
紙撚り,こより,koyori,普通名詞,人工物-その他,,juman
交友,こうゆう,koyu,普通名詞,人,家庭・暮らし,juman
小指,こゆび,koyubi,普通名詞,動物-部位,,juman
小雪,こゆき,koyuki,普通名詞,抽象物,,manual
口座,こうざ,koza,普通名詞,人工物-金銭,ビジネス,juman
鋼材,こうざい,kozai,普通名詞,人工物-その他,,juman
小魚,こざかな,kozakana,普通名詞,人工物-食べ物,料理・食事,juman
こざかしい,こざかしい,kozakashii,イ形容詞,,,juman
鉱山,こうざん,kozan,普通名詞,場所-自然,,juman
阜偏,こざとへん,kozatohen,普通名詞,抽象物,教育・学習,juman
小銭,こぜに,kozeni,普通名詞,人工物-金銭,,juman
小競り合い,こぜりあい,kozeriai,サ変名詞,抽象物,,juman
楮,こうぞ,kozo,普通名詞,植物,,juman
皇族,こうぞく,kozoku,普通名詞,組織・団体,政治,juman
挙る,こぞる,kozoru,動詞,,,juman
小槌,こづち,kozuchi,普通名詞,人工物-その他,,juman
梢,こずえ,kozue,普通名詞,植物-部位,,juman
洪水,こうずい,kozui,普通名詞,抽象物,,manual
小遣い,こづかい,kozukai,普通名詞,人工物-金銭,家庭・暮らし,juman
子連れ,こづれ,kozure,普通名詞,抽象物,家庭・暮らし,juman
小包,こづつみ,kozutsumi,普通名詞,人工物-その他,,juman
配る,くばる,kubaru,動詞,,,juman
くべる,くべる,kuberu,動詞,,,juman
区別,くべつ,kubetsu,サ変名詞,抽象物,,manual
首,くび,kubi,普通名詞,動物-部位,,juman
軛,くびき,kubiki,普通名詞,人工物-その他,,juman
首根っこ,くびねっこ,kubinekko,普通名詞,動物-部位,,juman
首っ引き,くびっぴき,kubippiki,普通名詞,抽象物,,juman
括れる,くびれる,kubireru,動詞,,,juman
首筋,くびすじ,kubisuji,普通名詞,動物-部位,,juman
首輪,くびわ,kubiwa,普通名詞,人工物-その他,,juman
空母,くうぼ,kubo,普通名詞,人工物-乗り物,政治,juman
凹地,くぼち,kubochi,普通名詞,場所-その他,,juman
凹める,くぼめる,kubomeru,動詞,,,juman
凹む,くぼむ,kubomu,動詞,,,juman
区部,くぶ,kubu,普通名詞,場所-その他,,juman
口,くち,kuchi,普通名詞,動物-部位;抽象物;形・模様,,juman
口開け,くちあけ,kuchiake,普通名詞,抽象物,,juman
口当たり,くちあたり,kuchiatari,普通名詞,抽象物,料理・食事,juman
くちばし,くちばし,kuchibashi,普通名詞,植物-部位,,juman
口早,くちばや,kuchibaya,ナ形容詞,,,juman
口紅,くちべに,kuchibeni,普通名詞,人工物-その他,家庭・暮らし,juman
口火,くちび,kuchibi,普通名詞,自然物,,juman
唇,くちびる,kuchibiru,普通名詞,動物-部位,,juman
口笛,くちぶえ,kuchibue,普通名詞,抽象物,レクリエーション,juman
口振り,くちぶり,kuchiburi,普通名詞,抽象物,,juman
口出し,くちだし,kuchidashi,サ変名詞,抽象物,,juman
口止め,くちどめ,kuchidome,サ変名詞,抽象物,,juman
口絵,くちえ,kuchie,普通名詞,人工物-その他;抽象物,文化・芸術,juman
口封じ,くちふうじ,kuchifuji,サ変名詞,抽象物,,juman
口金,くちがね,kuchigane,普通名詞,人工物-その他,,juman
口答え,くちごたえ,kuchigotae,サ変名詞,抽象物,,juman
口癖,くちぐせ,kuchiguse,普通名詞,抽象物,,manual
口偏,くちへん,kuchihen,普通名詞,抽象物,教育・学習,juman
口利き,くちきき,kuchikiki,普通名詞,抽象物,,juman
口元,くちもと,kuchimoto,普通名詞,動物-部位,,juman
口直し,くちなおし,kuchinaoshi,普通名詞,抽象物,料理・食事,juman
梔子,くちなし,kuchinashi,普通名詞,植物,健康・医学,juman
朽ちる,くちる,kuchiru,動詞,,,juman
口さがない,くちさがない,kuchisaganai,イ形容詞,,,juman
口先,くちさき,kuchisaki,普通名詞,動物-部位;抽象物,,juman
口移し,くちうつし,kuchiutsushi,普通名詞,抽象物,料理・食事,juman
口汚し,くちよごし,kuchiyogoshi,普通名詞,抽象物,料理・食事,juman
口添え,くちぞえ,kuchizoe,サ変名詞,抽象物,,juman
口付け,くちづけ,kuchizuke,サ変名詞,抽象物,,juman
口伝え,くちづたえ,kuchizutae,普通名詞,抽象物,,juman
空調,くうちょう,kucho,普通名詞,人工物-その他,,juman
空中,くうちゅう,kuchu,普通名詞,場所-その他,,juman
管,くだ,kuda,普通名詞,人工物-その他,,juman
砕ける,くだける,kudakeru,動詞,,,juman
砕く,くだく,kudaku,動詞,,,juman
果物,くだもの,kudamono,普通名詞,植物;人工物-食べ物,料理・食事,juman
下らない,くだらない,kudaranai,イ形容詞,,,juman
下り線,くだりせん,kudarisen,普通名詞,人工物-乗り物,交通,juman
下り坂,くだりざか,kudarizaka,普通名詞,場所-その他,,juman
下る,くだる,kudaru,動詞,,,juman
下さる,くださる,kudasaru,動詞,,,juman
下す,くだす,kudasu,動詞,,,juman
くどい,くどい,kudoi,イ形容詞,,,juman
功徳,くどく,kudoku,普通名詞,抽象物,文化・芸術,juman
工夫,くふう,kufu,サ変名詞,抽象物,,manual
空腹,くうふく,kufuku,ナ形容詞,,料理・食事,juman
苦学,くがく,kugaku,サ変名詞,抽象物,教育・学習,juman
公家,くげ,kuge,普通名詞,人,,juman
釘,くぎ,kugi,普通名詞,人工物-その他,,juman
くぐもる,くぐもる,kugumoru,動詞,,,juman
空軍,くうぐん,kugun,普通名詞,組織・団体,政治,juman
潜り戸,くぐりど,kugurido,普通名詞,場所-施設,,juman
くぐる,くぐる,kuguru,動詞,,,juman
苦行,くぎょう,kugyo,サ変名詞,抽象物,文化・芸術,juman
空白,くうはく,kuhaku,ナ形容詞,,,juman
杭,くい,kui,普通名詞,人工物-その他,,juman
食い意地,くいいじ,kuiiji,普通名詞,抽象物,料理・食事,juman
食い気,くいけ,kuike,普通名詞,抽象物,料理・食事,juman
区域,くいき,kuiki,普通名詞,場所-その他,,juman
食い物,くいもの,kuimono,普通名詞,人工物-食べ物;抽象物,料理・食事,juman
悔いる,くいる,kuiru,動詞,,,juman
食いしん坊,くいしんぼう,kuishinbo,ナ形容詞,,料理・食事,juman
孔雀,くじゃく,kujaku,普通名詞,動物,,juman
くじ,くじ,kuji,普通名詞,人工物-その他,文化・芸術;家庭・暮らし,juman
籤引き,くじびき,kujibiki,サ変名詞,抽象物,レクリエーション,juman
挫ける,くじける,kujikeru,動詞,,,juman
挫く,くじく,kujiku,動詞,,,juman
鯨,くじら,kujira,普通名詞,動物,料理・食事,juman
苦情,くじょう,kujo,普通名詞,抽象物,,manual
苦汁,くじゅう,kuju,普通名詞,人工物-食べ物,,juman
苦海,くかい,kukai,普通名詞,場所-その他,文化・芸術,juman
区画,くかく,kukaku,サ変名詞,場所-その他,,juman
空間,くうかん,kukan,普通名詞,場所-その他,,juman
矩形,くけい,kukei,普通名詞,形・模様,,juman
空気,くうき,kuki,普通名詞,自然物,,juman
屈強,くっきょう,kukkyo,ナ形容詞,,,juman
空港,くうこう,kuko,普通名詞,場所-施設,交通,juman
九々,くく,kuku,普通名詞,抽象物,教育・学習,juman
括る,くくる,kukuru,動詞,,,juman
空虚,くうきょ,kukyo,ナ形容詞,,,juman
熊,くま,kuma,普通名詞,動物,,juman
熊蜂,くまばち,kumabachi,普通名詞,動物,,juman
熊手,くまで,kumade,普通名詞,人工物-その他,,juman
隈取り,くまどり,kumadori,普通名詞,抽象物,文化・芸術,juman
熊ん蜂,くまんばち,kumanbachi,普通名詞,動物,,juman
隈笹,くまざさ,kumazasa,普通名詞,植物,,juman
組,くみ,kumi,普通名詞,抽象物,,juman
組合,くみあい,kumiai,普通名詞,組織・団体,ビジネス,juman
組長,くみちょう,kumicho,普通名詞,人,,juman
組員,くみいん,kumiin,普通名詞,人,,juman
組中,くみじゅう,kumiju,普通名詞,組織・団体,,juman
組曲,くみきょく,kumikyoku,普通名詞,抽象物,文化・芸術,juman
区民,くみん,kumin,普通名詞,人,政治,juman
組み手,くみて,kumite,普通名詞,抽象物,スポーツ,juman
雲,くも,kumo,普通名詞,自然物,,juman
雲隠れ,くもがくれ,kumogakure,サ変名詞,抽象物,,juman
雲間,くもま,kumoma,普通名詞,場所-その他,,juman
蜘蛛膜,くもまく,kumomaku,普通名詞,動物-部位,健康・医学,juman
曇り空,くもりぞら,kumorizora,普通名詞,抽象物,,juman
供物,くもつ,kumotsu,普通名詞,人工物-その他,文化・芸術,juman
雲行き,くもゆき,kumoyuki,普通名詞,抽象物,,juman
汲む,くむ,kumu,動詞,,,juman
宮内,くない,kunai,普通名詞,場所-その他,政治,juman
訓読,くんどく,kundoku,サ変名詞,抽象物,教育・学習,juman
くねる,くねる,kuneru,動詞,,,juman
国,くに,kuni,普通名詞,組織・団体;場所-その他,政治,juman
国構え,くにがまえ,kunigamae,普通名詞,抽象物,教育・学習,juman
国々,くにぐに,kuniguni,普通名詞,場所-その他,政治,juman
狗肉,くにく,kuniku,普通名詞,人工物-食べ物,,juman
苦肉の策,くにくのさく,kunikunosaku,普通名詞,抽象物,,juman
国元,くにもと,kunimoto,普通名詞,場所-その他,,juman
国境,くにざかい,kunizakai,普通名詞,場所-その他,政治,juman
訓告,くんこく,kunkoku,サ変名詞,抽象物,教育・学習;ビジネス;政治,juman
訓練,くんれん,kunren,サ変名詞,抽象物,,manual
燻製,くんせい,kunsei,普通名詞,人工物-食べ物,料理・食事,juman
君子,くんし,kunshi,普通名詞,人,,juman
勲章,くんしょう,kunsho,普通名詞,人工物-その他,政治,juman
君主,くんしゅ,kunshu,普通名詞,人,政治,juman
橡,くぬぎ,kunugi,普通名詞,植物,,juman
訓読み,くんよみ,kunyomi,サ変名詞,抽象物,教育・学習,juman
蔵,くら,kura,普通名詞,場所-施設,,juman
比べ物,くらべもの,kurabemono,普通名詞,抽象物,,juman
比べる,くらべる,kuraberu,動詞,,,juman
鞍替え,くらがえ,kuragae,サ変名詞,抽象物,,juman
暗がり,くらがり,kuragari,普通名詞,場所-その他,,juman
くらげ,くらげ,kurage,普通名詞,動物,料理・食事,juman
位,くらい,kurai,普通名詞,抽象物,,juman
位取り,くらいどり,kuraidori,普通名詞,抽象物,,juman
晦ませる,くらませる,kuramaseru,動詞,,,juman
晦ます,くらます,kuramasu,動詞,,,juman
蔵元,くらもと,kuramoto,普通名詞,人,,juman
眩む,くらむ,kuramu,動詞,,,juman
空欄,くうらん,kuran,普通名詞,人工物-その他,,juman
暮らし向き,くらしむき,kurashimuki,普通名詞,抽象物,家庭・暮らし,juman
暮らす,くらす,kurasu,動詞,,家庭・暮らし,juman
食らう,くらう,kurau,動詞,,料理・食事,juman
暗闇,くらやみ,kurayami,普通名詞,抽象物,,manual
暮れ方,くれがた,kuregata,時相名詞,時間,,juman
紅,くれない,kurenai,普通名詞,色,,juman
くれる,くれる,kureru,動詞,,,juman
栗,くり,kuri,普通名詞,植物;人工物-食べ物,料理・食事,juman
栗毛,くりげ,kurige,普通名詞,動物,,juman
繰り言,くりごと,kurigoto,普通名詞,抽象物,,juman
黒,くろ,kuro,普通名詞,色,,juman
黒星,くろぼし,kuroboshi,普通名詞,抽象物,スポーツ,juman
黒縁,くろぶち,kurobuchi,普通名詞,形・模様,,juman
黒船,くろふね,kurofune,普通名詞,人工物-乗り物,,juman
くろがね,くろがね,kurogane,普通名詞,自然物,,juman
黒い,くろい,kuroi,イ形容詞,,,juman
黒地,くろじ,kuroji,普通名詞,人工物-その他,,juman
黒焦げ,くろこげ,kurokoge,普通名詞,抽象物,,juman
黒幕,くろまく,kuromaku,普通名詞,人;人工物-その他,,juman
黒豆,くろまめ,kuromame,普通名詞,植物;人工物-食べ物,料理・食事,juman
黒松,くろまつ,kuromatsu,普通名詞,植物,,juman
黒潮,くろしお,kuroshio,普通名詞,抽象物,,manual
黒白,くろしろ,kuroshiro,普通名詞,抽象物;時間,,juman
玄人,くろうと,kuroto,普通名詞,人,,juman
黒土,くろつち,kurotsuchi,普通名詞,自然物,,juman
黒砂糖,くろざとう,kurozato,普通名詞,人工物-食べ物,料理・食事,juman
刳る,くる,kuru,動詞,,,juman
踝,くるぶし,kurubushi,普通名詞,動物-部位,,juman
車,くるま,kuruma,普通名詞,人工物-乗り物,交通,juman
車代,くるまだい,kurumadai,普通名詞,人工物-金銭,,juman
車偏,くるまへん,kurumahen,普通名詞,抽象物,教育・学習,juman
包まる,くるまる,kurumaru,動詞,,,juman
包める,くるめる,kurumeru,動詞,,,juman
胡桃,くるみ,kurumi,普通名詞,植物;人工物-食べ物,料理・食事,juman
包む,くるむ,kurumu,動詞,,,juman
苦しい,くるしい,kurushii,イ形容詞,,,juman
来る年,くるとし,kurutoshi,普通名詞,時間,,juman
草,くさ,kusa,普通名詞,植物,,juman
草花,くさばな,kusabana,普通名詞,植物,,juman
楔,くさび,kusabi,普通名詞,人工物-その他,,juman
草笛,くさぶえ,kusabue,普通名詞,人工物-その他,,juman
草葺き,くさぶき,kusabuki,普通名詞,抽象物,,juman
草地,くさち,kusachi,普通名詞,場所-自然,,juman
草原,くさはら,kusahara,普通名詞,場所-自然,,juman
草冠,くさかんむり,kusakanmuri,普通名詞,抽象物,教育・学習,juman
草刈り,くさかり,kusakari,普通名詞,抽象物,,juman
草木,くさき,kusaki,普通名詞,植物,,juman
草餅,くさもち,kusamochi,普通名詞,人工物-食べ物,料理・食事,juman
草叢,くさむら,kusamura,普通名詞,場所-自然,,juman
腐れ縁,くされえん,kusareen,普通名詞,抽象物,,juman
鎖,くさり,kusari,普通名詞,人工物-その他,,juman
腐る,くさる,kusaru,動詞,,,juman
草取り,くさとり,kusatori,サ変名詞,抽象物,,juman
草分け,くさわけ,kusawake,普通名詞,人,,juman
癖,くせ,kuse,普通名詞,抽象物,,juman
空席,くうせき,kuseki,普通名詞,場所-その他,文化・芸術;交通,juman
曲者,くせもの,kusemono,普通名詞,人,,juman
空車,くうしゃ,kusha,普通名詞,人工物-乗り物,交通,juman
くしゃくしゃ,くしゃくしゃ,kushakusha,ナ形容詞,,,juman
串,くし,kushi,普通名詞,人工物-その他,家庭・暮らし;料理・食事,juman
句集,くしゅう,kushu,普通名詞,人工物-その他;抽象物,文化・芸術,juman
空疎,くうそ,kuso,ナ形容詞,,,juman
燻る,くすぶる,kusuburu,動詞,,,juman
くす玉,くすだま,kusudama,普通名詞,人工物-その他,レクリエーション,juman
擽る,くすぐる,kusuguru,動詞,,,juman
くすぐったい,くすぐったい,kusuguttai,イ形容詞,,,juman
くすむ,くすむ,kusumu,動詞,,,juman
くすねる,くすねる,kusuneru,動詞,,,juman
薬,くすり,kusuri,普通名詞,人工物-その他,健康・医学,juman
薬屋,くすりや,kusuriya,普通名詞,場所-施設,健康・医学,juman
薬指,くすりゆび,kusuriyubi,普通名詞,動物-部位,,juman
くたばる,くたばる,kutabaru,動詞,,,juman
くたびれる,くたびれる,kutabireru,動詞,,,juman
くたくた,くたくた,kutakuta,ナ形容詞,,,juman
句点,くてん,kuten,普通名詞,場所-機能,教育・学習,juman
句読点,くとうてん,kutoten,普通名詞,抽象物,教育・学習,juman
靴,くつ,kutsu,普通名詞,人工物-衣類,家庭・暮らし,juman
覆る,くつがえる,kutsugaeru,動詞,,,juman
覆す,くつがえす,kutsugaesu,動詞,,,juman
靴磨き,くつみがき,kutsumigaki,サ変名詞,抽象物,家庭・暮らし,juman
寛ぐ,くつろぐ,kutsurogu,動詞,,家庭・暮らし,juman
靴下,くつした,kutsushita,普通名詞,人工物-衣類,家庭・暮らし,juman
轡,くつわ,kutsuwa,普通名詞,人工物-その他,,juman
くっ付ける,くっつける,kuttsukeru,動詞,,,juman
くっ付く,くっつく,kuttsuku,動詞,,,juman
食う,くう,kuu,動詞,,料理・食事,juman
桑,くわ,kuwa,普通名詞,植物,,juman
企てる,くわだてる,kuwadateru,動詞,,,juman
加える,くわえる,kuwaeru,動詞,,,juman
鍬形,くわがた,kuwagata,普通名詞,人工物-その他,,juman
区分け,くわけ,kuwake,サ変名詞,抽象物,,juman
区割り,くわり,kuwari,サ変名詞,抽象物,,juman
食わせ物,くわせもの,kuwasemono,普通名詞,人;人工物-その他,,juman
詳しい,くわしい,kuwashii,イ形容詞,,,juman
加わる,くわわる,kuwawaru,動詞,,,juman
食わず嫌い,くわずぎらい,kuwazugirai,普通名詞,抽象物,料理・食事,juman
悔やむ,くやむ,kuyamu,動詞,,,juman
悔しい,くやしい,kuyashii,イ形容詞,,,juman
供養,くよう,kuyo,サ変名詞,抽象物,文化・芸術;家庭・暮らし,juman
空輸,くうゆ,kuyu,サ変名詞,抽象物,交通,juman
燻らせる,くゆらせる,kuyuraseru,動詞,,,juman
燻らす,くゆらす,kuyurasu,動詞,,,juman
葛粉,くずこ,kuzuko,普通名詞,人工物-食べ物,料理・食事,juman
崩れる,くずれる,kuzureru,動詞,,,juman
崩す,くずす,kuzusu,動詞,,,juman
葛湯,くずゆ,kuzuyu,普通名詞,人工物-食べ物,料理・食事,juman
客,きゃく,kyaku,普通名詞,人,家庭・暮らし;ビジネス,juman
客演,きゃくえん,kyakuen,サ変名詞,抽象物,文化・芸術,juman
客引き,きゃくひき,kyakuhiki,サ変名詞,抽象物,料理・食事,juman
脚本,きゃくほん,kyakuhon,普通名詞,抽象物,文化・芸術;メディア,juman
客人,きゃくじん,kyakujin,普通名詞,人,,juman
客間,きゃくま,kyakuma,普通名詞,場所-施設,家庭・暮らし,juman
脚力,きゃくりょく,kyakuryoku,普通名詞,抽象物,スポーツ,juman
客席,きゃくせき,kyakuseki,普通名詞,場所-施設部位,文化・芸術,juman
客船,きゃくせん,kyakusen,普通名詞,人工物-乗り物,交通,juman
客車,きゃくしゃ,kyakusha,普通名詞,人工物-乗り物,交通,juman
客室,きゃくしつ,kyakushitsu,普通名詞,場所-施設,,juman
脚色,きゃくしょく,kyakushoku,サ変名詞,抽象物,文化・芸術;メディア,juman
客寄せ,きゃくよせ,kyakuyose,サ変名詞,抽象物,,juman
きゃしゃ,きゃしゃ,kyasha,ナ形容詞,,,juman
脚立,きゃたつ,kyatatsu,普通名詞,人工物-その他,家庭・暮らし,juman
卿,きょう,kyo,普通名詞,人,,juman
凶悪,きょうあく,kyoaku,ナ形容詞,,,juman
教鞭,きょうべん,kyoben,普通名詞,抽象物,教育・学習,juman
巨木,きょぼく,kyoboku,普通名詞,植物,,juman
胸部,きょうぶ,kyobu,普通名詞,動物-部位,,juman
夾竹桃,きょうちくとう,kyochikuto,普通名詞,植物,,juman
共著,きょうちょ,kyocho,普通名詞,抽象物,文化・芸術;科学・技術;メディア,juman
強打,きょうだ,kyoda,サ変名詞,抽象物,スポーツ;健康・医学,juman
兄弟,きょうだい,kyodai,普通名詞,人,家庭・暮らし,juman
凶弾,きょうだん,kyodan,普通名詞,人工物-その他,政治,juman
郷土,きょうど,kyodo,普通名詞,場所-その他,,juman
競泳,きょうえい,kyoei,サ変名詞,抽象物,スポーツ,juman
饗宴,きょうえん,kyoen,普通名詞,抽象物,レクリエーション;料理・食事,juman
京風,きょうふう,kyofu,普通名詞,抽象物,文化・芸術;料理・食事,juman
教学,きょうがく,kyogaku,普通名詞,抽象物,文化・芸術;教育・学習,juman
教義,きょうぎ,kyogi,普通名詞,抽象物,文化・芸術,juman
強豪,きょうごう,kyogo,普通名詞,抽象物,スポーツ,juman
巨費,きょひ,kyohi,普通名詞,人工物-金銭,,juman
競歩,きょうほ,kyoho,普通名詞,抽象物,スポーツ,juman
教本,きょうほん,kyohon,普通名詞,人工物-その他;抽象物,教育・学習,juman
教委,きょうい,kyoi,普通名詞,組織・団体,教育・学習,juman
教育,きょういく,kyoiku,サ変名詞,抽象物,教育・学習,juman
教員,きょういん,kyoin,普通名詞,人,教育・学習,juman
虚弱,きょじゃく,kyojaku,ナ形容詞,,,juman
巨人,きょじん,kyojin,普通名詞,人,,juman
橋上,きょうじょう,kyojo,普通名詞,場所-施設部位,交通,juman
巨樹,きょじゅ,kyoju,普通名詞,植物,,juman
教科,きょうか,kyoka,普通名詞,抽象物,教育・学習,juman
教会,きょうかい,kyokai,普通名詞,組織・団体;場所-施設,文化・芸術,juman
教官,きょうかん,kyokan,普通名詞,人,教育・学習,juman
強肩,きょうけん,kyoken,普通名詞,抽象物,スポーツ,juman
凶器,きょうき,kyoki,普通名詞,人工物-その他,,juman
強硬,きょうこう,kyoko,ナ形容詞,,,juman
峡谷,きょうこく,kyokoku,普通名詞,場所-自然,,juman
局,きょく,kyoku,普通名詞,組織・団体;場所-施設部位,,juman
局部,きょくぶ,kyokubu,普通名詞,動物-部位;場所-機能,,juman
局地,きょくち,kyokuchi,普通名詞,場所-その他,,juman
局長,きょくちょう,kyokucho,普通名詞,人,,juman
極度,きょくど,kyokudo,ナ形容詞,,,juman
曲芸,きょくげい,kyokugei,普通名詞,抽象物,文化・芸術;レクリエーション,juman
極限,きょくげん,kyokugen,普通名詞,抽象物,,manual
局員,きょくいん,kyokuin,普通名詞,人,,juman
曲名,きょくめい,kyokumei,普通名詞,抽象物,文化・芸術,juman
曲目,きょくもく,kyokumoku,普通名詞,抽象物,文化・芸術,juman
教訓,きょうくん,kyokun,サ変名詞,抽象物,,manual
曲乗り,きょくのり,kyokunori,サ変名詞,抽象物,文化・芸術;レクリエーション,juman
曲線,きょくせん,kyokusen,普通名詞,形・模様,,juman
局所,きょくしょ,kyokusho,普通名詞,場所-その他,健康・医学,juman
極端,きょくたん,kyokutan,ナ形容詞,,,juman
極点,きょくてん,kyokuten,普通名詞,場所-その他,,juman
極東,きょくとう,kyokuto,普通名詞,場所-その他,政治,juman
橋脚,きょうきゃく,kyokyaku,普通名詞,場所-施設部位,交通,juman
共鳴,きょうめい,kyomei,サ変名詞,抽象物,,manual
興味,きょうみ,kyomi,普通名詞,抽象物,,manual
経文,きょうもん,kyomon,普通名詞,抽象物,文化・芸術,juman
教務,きょうむ,kyomu,普通名詞,抽象物,教育・学習,juman
凶年,きょうねん,kyonen,普通名詞,時間,,juman
強烈,きょうれつ,kyoretsu,ナ形容詞,,,juman
郷里,きょうり,kyori,普通名詞,場所-その他,,juman
杏林,きょうりん,kyorin,普通名詞,人,健康・医学,juman
きょろきょろ,きょろきょろ,kyorokyoro,サ変名詞,抽象物,,juman
橋梁,きょうりょう,kyoryo,普通名詞,場所-施設,交通,juman
強力,きょうりょく,kyoryoku,ナ形容詞,,,juman
恐竜,きょうりゅう,kyoryu,普通名詞,動物,,juman
競作,きょうさく,kyosaku,サ変名詞,抽象物,文化・芸術,juman
巨石,きょせき,kyoseki,普通名詞,自然物,,juman
胸腺,きょうせん,kyosen,普通名詞,動物-部位,健康・医学,juman
強者,きょうしゃ,kyosha,普通名詞,人,,juman
教師,きょうし,kyoshi,普通名詞,人,教育・学習,juman
挙式,きょしき,kyoshiki,サ変名詞,抽象物,家庭・暮らし,juman
虚心,きょしん,kyoshin,ナ形容詞,,,juman
教室,きょうしつ,kyoshitsu,普通名詞,場所-施設,教育・学習,juman
巨匠,きょしょう,kyosho,普通名詞,人,文化・芸術,juman
教職,きょうしょく,kyoshoku,普通名詞,抽象物,教育・学習,juman
教主,きょうしゅ,kyoshu,普通名詞,人,文化・芸術,juman
恐縮,きょうしゅく,kyoshuku,サ変名詞,抽象物,,manual
教祖,きょうそ,kyoso,普通名詞,人,文化・芸術,juman
協奏曲,きょうそうきょく,kyosokyoku,普通名詞,抽象物,文化・芸術,juman
巨体,きょたい,kyotai,普通名詞,動物,,juman
教程,きょうてい,kyotei,普通名詞,抽象物,教育・学習,juman
強敵,きょうてき,kyoteki,普通名詞,人,,juman
拠点,きょてん,kyoten,普通名詞,場所-機能,,juman
教徒,きょうと,kyoto,普通名詞,人,文化・芸術,juman
共通,きょうつう,kyotsu,ナ形容詞,,,juman
共訳,きょうやく,kyoyaku,サ変名詞,抽象物,文化・芸術;科学・技術;メディア,juman
教諭,きょうゆ,kyoyu,サ変名詞,人,教育・学習,juman
教材,きょうざい,kyozai,普通名詞,人工物-その他,教育・学習,juman
興醒め,きょうざめ,kyozame,サ変名詞,抽象物,,juman
虚像,きょぞう,kyozo,普通名詞,形・模様,,juman
急,きゅう,kyu,ナ形容詞,,,juman
求愛,きゅうあい,kyuai,サ変名詞,抽象物,家庭・暮らし,juman
吸盤,きゅうばん,kyuban,普通名詞,動物-部位;人工物-その他,,juman
窮乏,きゅうぼう,kyubo,サ変名詞,抽象物,家庭・暮らし,juman
休部,きゅうぶ,kyubu,サ変名詞,抽象物,文化・芸術;スポーツ,juman
旧知,きゅうち,kyuchi,普通名詞,抽象物,家庭・暮らし,juman
宮中,きゅうちゅう,kyuchu,普通名詞,場所-その他,政治,juman
球団,きゅうだん,kyudan,普通名詞,組織・団体,スポーツ,juman
宮殿,きゅうでん,kyuden,普通名詞,場所-施設,政治,juman
旧道,きゅうどう,kyudo,普通名詞,場所-施設,交通,juman
球宴,きゅうえん,kyuen,普通名詞,抽象物,スポーツ,juman
休符,きゅうふ,kyufu,普通名詞,抽象物,文化・芸術,juman
休学,きゅうがく,kyugaku,サ変名詞,抽象物,教育・学習,juman
急激,きゅうげき,kyugeki,ナ形容詞,,,juman
球技,きゅうぎ,kyugi,普通名詞,抽象物,スポーツ,juman
救護,きゅうご,kyugo,サ変名詞,抽象物,健康・医学;家庭・暮らし,juman
急拵え,きゅうごしらえ,kyugoshirae,ナ形容詞,,,juman
急坂,きゅうはん,kyuhan,普通名詞,場所-その他,交通,juman
球威,きゅうい,kyui,普通名詞,抽象物,スポーツ,juman
球児,きゅうじ,kyuji,普通名詞,人,スポーツ,juman
休日,きゅうじつ,kyujitsu,普通名詞,時間,,juman
宮城,きゅうじょう,kyujo,普通名詞,場所-施設,政治,juman
休暇,きゅうか,kyuka,普通名詞,抽象物,家庭・暮らし,juman
球界,きゅうかい,kyukai,普通名詞,抽象物,スポーツ,juman
急患,きゅうかん,kyukan,普通名詞,人,健康・医学,juman
九官鳥,きゅうかんちょう,kyukancho,普通名詞,動物,,juman
球形,きゅうけい,kyukei,普通名詞,形・模様,,juman
給金,きゅうきん,kyukin,普通名詞,人工物-金銭,ビジネス,juman
急行,きゅうこう,kyuko,サ変名詞,人工物-乗り物;抽象物,交通,juman
休耕田,きゅうこうでん,kyukoden,普通名詞,場所-その他,,juman
球根,きゅうこん,kyukon,普通名詞,植物-部位,,juman
窮屈,きゅうくつ,kyukutsu,ナ形容詞,,,juman
旧居,きゅうきょ,kyukyo,普通名詞,場所-施設,家庭・暮らし,juman
究極,きゅうきょく,kyukyoku,サ変名詞,抽象物,,manual
休眠,きゅうみん,kyumin,サ変名詞,抽象物,,manual
球音,きゅうおん,kyuon,普通名詞,抽象物,スポーツ,juman
旧暦,きゅうれき,kyureki,普通名詞,時間,,juman
胡瓜,きゅうり,kyuri,普通名詞,植物;人工物-食べ物,料理・食事,juman
丘陵,きゅうりょう,kyuryo,普通名詞,場所-自然,,juman
急流,きゅうりゅう,kyuryu,普通名詞,場所-自然,,juman
旧作,きゅうさく,kyusaku,普通名詞,抽象物,文化・芸術,juman
旧制,きゅうせい,kyusei,普通名詞,抽象物,教育・学習,juman
旧跡,きゅうせき,kyuseki,普通名詞,場所-その他,文化・芸術,juman
厩舎,きゅうしゃ,kyusha,普通名詞,場所-施設,,juman
臼歯,きゅうし,kyushi,普通名詞,動物-部位,,juman
旧式,きゅうしき,kyushiki,ナ形容詞,,,juman
球審,きゅうしん,kyushin,普通名詞,人,スポーツ,juman
宮室,きゅうしつ,kyushitsu,普通名詞,組織・団体,政治,juman
急所,きゅうしょ,kyusho,普通名詞,場所-その他,,juman
旧正月,きゅうしょうがつ,kyushogatsu,普通名詞,時間,文化・芸術;家庭・暮らし,juman
給食,きゅうしょく,kyushoku,サ変名詞,人工物-食べ物,料理・食事;教育・学習,juman
吸収,きゅうしゅう,kyushu,サ変名詞,抽象物,,manual
救出,きゅうしゅつ,kyushutsu,サ変名詞,抽象物,,manual
急速,きゅうそく,kyusoku,ナ形容詞,,,juman
急須,きゅうす,kyusu,普通名詞,人工物-その他,料理・食事,juman
給水,きゅうすい,kyusui,サ変名詞,抽象物,家庭・暮らし,juman
宮廷,きゅうてい,kyutei,普通名詞,場所-施設,政治,juman
給湯,きゅうとう,kyuto,サ変名詞,抽象物,家庭・暮らし,juman
旧約,きゅうやく,kyuyaku,普通名詞,抽象物,文化・芸術,juman
給与,きゅうよ,kyuyo,サ変名詞,人工物-金銭,ビジネス,juman
旧友,きゅうゆう,kyuyu,普通名詞,人,家庭・暮らし,juman
間合い,まあい,maai,普通名詞,場所-機能;時間,,juman
まあまあ,まあまあ,maamaa,ナ形容詞,,,juman
疎ら,まばら,mabara,ナ形容詞,,,juman
瞬き,まばたき,mabataki,サ変名詞,抽象物,,juman
まばゆい,まばゆい,mabayui,イ形容詞,,,juman
幻,まぼろし,maboroshi,普通名詞,抽象物,,juman
目深,まぶか,mabuka,ナ形容詞,,,juman
まぶしい,まぶしい,mabushii,イ形容詞,,,juman
まぶす,まぶす,mabusu,動詞,,料理・食事,juman
目蓋,まぶた,mabuta,普通名詞,動物-部位,,juman
町,まち,machi,普通名詞,組織・団体;場所-その他,政治,juman
待ち針,まちばり,machibari,普通名詞,人工物-その他,家庭・暮らし,juman
待ち惚け,まちぼうけ,machiboke,普通名詞,抽象物,,juman
待ち伏せ,まちぶせ,machibuse,サ変名詞,抽象物,,juman
町外れ,まちはずれ,machihazure,普通名詞,場所-その他,,juman
街角,まちかど,machikado,普通名詞,場所-その他,,juman
町工場,まちこうば,machikoba,普通名詞,場所-施設,,juman
まちまち,まちまち,machimachi,ナ形容詞,,,juman
町並み,まちなみ,machinami,普通名詞,抽象物,,juman
町衆,まちしゅう,machishu,普通名詞,人,政治,juman
真鯛,まだい,madai,普通名詞,動物;人工物-食べ物,料理・食事,juman
斑,まだら,madara,普通名詞,色,,juman
麻垂れ,まだれ,madare,普通名詞,抽象物,教育・学習,juman
まだるっこい,まだるっこい,madarukkoi,イ形容詞,,,juman
窓,まど,mado,普通名詞,場所-施設部位,,juman
窓際,まどぎわ,madogiwa,普通名詞,場所-その他,,juman
窓越し,まどごし,madogoshi,普通名詞,抽象物,,juman
窓口,まどぐち,madoguchi,普通名詞,場所-その他,ビジネス;政治,juman
間取り,まどり,madori,普通名詞,抽象物,,juman
まどろむ,まどろむ,madoromu,動詞,,家庭・暮らし,juman
惑う,まどう,madou,動詞,,,juman
前,まえ,mae,時相名詞,場所-機能;時間,,juman
前足,まえあし,maeashi,普通名詞,動物-部位,,juman
前歯,まえば,maeba,普通名詞,動物-部位,,juman
前払い,まえばらい,maebarai,サ変名詞,抽象物,家庭・暮らし;ビジネス,juman
前触れ,まえぶれ,maebure,普通名詞,抽象物,,juman
前倒し,まえだおし,maedaoshi,普通名詞,抽象物,,juman
前書き,まえがき,maegaki,サ変名詞,抽象物,,juman
前髪,まえがみ,maegami,普通名詞,動物-部位,,juman
前借り,まえがり,maegari,サ変名詞,人工物-金銭,,juman
前評判,まえひょうばん,maehyoban,普通名詞,抽象物,文化・芸術;メディア,juman
前祝い,まえいわい,maeiwai,サ変名詞,抽象物,,juman
前屈み,まえかがみ,maekagami,普通名詞,抽象物,,juman
前掛け,まえかけ,maekake,普通名詞,人工物-衣類,家庭・暮らし;料理・食事,juman
前々,まえまえ,maemae,普通名詞,時間,,juman
前褌,まえみつ,maemitsu,普通名詞,人工物-その他,スポーツ,juman
前向き,まえむき,maemuki,ナ形容詞,,,juman
前置き,まえおき,maeoki,普通名詞,抽象物,,juman
前売り,まえうり,maeuri,サ変名詞,抽象物,文化・芸術,juman
擬い物,まがいもの,magaimono,普通名詞,人工物-その他,,juman
真顔,まがお,magao,普通名詞,動物-部位,,juman
間借り,まがり,magari,サ変名詞,抽象物,家庭・暮らし,juman
曲がり角,まがりかど,magarikado,普通名詞,場所-その他,,juman
曲がりくねる,まがりくねる,magarikuneru,動詞,,,juman
曲がる,まがる,magaru,動詞,,,juman
髷,まげ,mage,普通名詞,動物-部位,,juman
曲げる,まげる,mageru,動詞,,,juman
紛らす,まぎらす,magirasu,動詞,,,juman
紛らわしい,まぎらわしい,magirawashii,イ形容詞,,,juman
紛らわす,まぎらわす,magirawasu,動詞,,,juman
紛れる,まぎれる,magireru,動詞,,,juman
間際,まぎわ,magiwa,普通名詞,場所-機能;時間,,juman
孫,まご,mago,普通名詞,人,家庭・暮らし,juman
真鯉,まごい,magoi,普通名詞,動物,,juman
真心,まごころ,magokoro,普通名詞,抽象物,,manual
孫娘,まごむすめ,magomusume,普通名詞,人,家庭・暮らし,juman
まごつく,まごつく,magotsuku,動詞,,,juman
間口,まぐち,maguchi,普通名詞,抽象物,家庭・暮らし,juman
まぐれ,まぐれ,magure,普通名詞,抽象物,,juman
紛れ当たり,まぐれあたり,magureatari,普通名詞,抽象物,,juman
鮪,まぐろ,maguro,普通名詞,動物;人工物-食べ物,料理・食事,juman
まぐさ,まぐさ,magusa,普通名詞,人工物-食べ物,,juman
魔法,まほう,maho,普通名詞,抽象物,,manual
魔法使い,まほうつかい,mahotsukai,普通名詞,人,,juman
舞,まい,mai,普通名詞,抽象物,文化・芸術,juman
毎朝,まいあさ,maiasa,時相名詞,時間,,juman
毎晩,まいばん,maiban,時相名詞,時間,,juman
毎秒,まいびょう,maibyo,時相名詞,時間,,juman
毎度,まいど,maido,時相名詞,時間,,juman
毎分,まいふん,maifun,時相名詞,時間,,juman
迷子,まいご,maigo,普通名詞,人,家庭・暮らし,juman
舞姫,まいひめ,maihime,普通名詞,人,文化・芸術,juman
毎時,まいじ,maiji,時相名詞,時間,,juman
毎回,まいかい,maikai,時相名詞,時間,,juman
舞子,まいこ,maiko,普通名詞,人,文化・芸術;ビジネス,juman
毎日,まいにち,mainichi,時相名詞,時間,,juman
参る,まいる,mairu,動詞,,,juman
毎週,まいしゅう,maishu,時相名詞,時間,,juman
枚数,まいすう,maisu,普通名詞,形・模様,,juman
舞茸,まいたけ,maitake,普通名詞,植物;人工物-食べ物,料理・食事,juman
毎年,まいとし,maitoshi,時相名詞,時間,,juman
毎月,まいつき,maitsuki,普通名詞,時間,,juman
毎夜,まいよ,maiyo,時相名詞,時間,,juman
毎夕,まいゆう,maiyu,時相名詞,時間,,juman
麻雀,まーじゃん,majan,普通名詞,抽象物,レクリエーション,juman
交える,まじえる,majieru,動詞,,,juman
間近,まぢか,majika,ナ形容詞,,,juman
間仕切り,まじきり,majikiri,普通名詞,人工物-その他,家庭・暮らし,juman
混じり気,まじりけ,majirike,普通名詞,抽象物,,juman
交じる,まじる,majiru,動詞,,,juman
交わる,まじわる,majiwaru,動詞,,,juman
魔女,まじょ,majo,普通名詞,人,,juman
魔術,まじゅつ,majutsu,普通名詞,抽象物,文化・芸術,juman
賄う,まかなう,makanau,動詞,,,juman
任せる,まかせる,makaseru,動詞,,,juman
任す,まかす,makasu,動詞,,,juman
負けん気,まけんき,makenki,普通名詞,抽象物,,juman
負け惜しみ,まけおしみ,makeoshimi,普通名詞,抽象物,,juman
負ける,まける,makeru,動詞,,,juman
負けず嫌い,まけずぎらい,makezugirai,ナ形容詞,,,juman
薪,まき,maki,普通名詞,植物,,juman
巻き網,まきあみ,makiami,普通名詞,人工物-その他,,juman
蒔絵,まきえ,makie,普通名詞,抽象物,文化・芸術,juman
巻き貝,まきがい,makigai,普通名詞,動物,,juman
巻き紙,まきがみ,makigami,普通名詞,人工物-その他,,juman
巻き鬚,まきひげ,makihige,普通名詞,動物-部位,,juman
巻き尺,まきじゃく,makijaku,普通名詞,人工物-その他,,juman
巻き物,まきもの,makimono,普通名詞,人工物-その他;抽象物,文化・芸術;家庭・暮らし;料理・食事,juman
蒔き直し,まきなおし,makinaoshi,サ変名詞,抽象物,,juman
巻き添え,まきぞえ,makizoe,普通名詞,抽象物,,juman
真っ赤,まっか,makka,ナ形容詞,,,juman
末期,まっき,makki,時相名詞,時間,,juman
真っ向,まっこう,makko,普通名詞,場所-機能,,juman
真っ暗,まっくら,makkura,ナ形容詞,,,juman
真っ黒,まっくろ,makkuro,ナ形容詞,,,juman
幕,まく,maku,普通名詞,人工物-その他,,juman
幕あい,まくあい,makuai,普通名詞,時間,文化・芸術,juman
幕開け,まくあけ,makuake,普通名詞,抽象物,,juman
幕開き,まくあき,makuaki,普通名詞,抽象物,文化・芸術,juman
幕内,まくうち,makuchi,普通名詞,抽象物,スポーツ,juman
幕切れ,まくぎれ,makugire,普通名詞,抽象物,スポーツ,juman
幕の内,まくのうち,makunochi,普通名詞,抽象物,スポーツ;料理・食事,juman
枕,まくら,makura,普通名詞,人工物-その他,家庭・暮らし,juman
枕木,まくらぎ,makuragi,普通名詞,人工物-その他,交通,juman
枕詞,まくらことば,makurakotoba,普通名詞,抽象物,文化・芸術,juman
枕元,まくらもと,makuramoto,普通名詞,場所-その他,家庭・暮らし,juman
捲れる,まくれる,makureru,動詞,,,juman
捲る,まくる,makuru,動詞,,,juman
幕下,まくした,makushita,普通名詞,抽象物,スポーツ,juman
飯事,ままごと,mamagoto,普通名詞,抽象物,レクリエーション,juman
継母,ままはは,mamahaha,普通名詞,人,家庭・暮らし,juman
侭ならない,ままならない,mamanaranai,イ形容詞,,,juman
豆,まめ,mame,普通名詞,植物,料理・食事,juman
豆蒔き,まめまき,mamemaki,サ変名詞,抽象物,家庭・暮らし,juman
まみれる,まみれる,mamireru,動詞,,,juman
魔物,まもの,mamono,普通名詞,人;抽象物,,juman
守り神,まもりがみ,mamorigami,普通名詞,人,文化・芸術,juman
守る,まもる,mamoru,動詞,,,juman
真向かい,まむかい,mamukai,普通名詞,場所-機能,,juman
まむし,まむし,mamushi,普通名詞,動物,,juman
学ぶ,まなぶ,manabu,動詞,,教育・学習,juman
愛弟子,まなでし,manadeshi,普通名詞,人,文化・芸術,juman
真魚板,まないた,manaita,普通名詞,人工物-その他,料理・食事,juman
眦,まなじり,manajiri,普通名詞,動物-部位,,juman
愛娘,まなむすめ,manamusume,普通名詞,人,家庭・暮らし,juman
目差し,まなざし,manazashi,普通名詞,抽象物,,juman
満潮,まんちょう,mancho,普通名詞,抽象物,,manual
漫談,まんだん,mandan,サ変名詞,抽象物,文化・芸術,juman
曼荼羅,まんだら,mandara,普通名詞,抽象物,文化・芸術,juman
招く,まねく,maneku,動詞,,,juman
漫画,まんが,manga,普通名詞,人工物-その他;抽象物,文化・芸術,juman
万華鏡,まんげきょう,mangekyo,普通名詞,人工物-その他,レクリエーション,juman
満月,まんげつ,mangetsu,普通名詞,抽象物;形・模様,,juman
卍,まんじ,manji,普通名詞,抽象物,文化・芸術,juman
饅頭,まんじゅう,manju,普通名詞,人工物-食べ物,料理・食事,juman
満開,まんかい,mankai,サ変名詞,抽象物,,manual
満期,まんき,manki,普通名詞,時間,,juman
満喫,まんきつ,mankitsu,サ変名詞,抽象物,,manual
真ん丸,まんまる,manmaru,ナ形容詞,,,juman
満面,まんめん,manmen,普通名詞,抽象物,,manual
真ん中,まんなか,mannaka,普通名詞,場所-機能,,juman
万年筆,まんねんひつ,mannenhitsu,普通名詞,人工物-その他,,juman
満年齢,まんねんれい,mannenrei,普通名詞,時間,,juman
万年雪,まんねんゆき,mannenyuki,普通名詞,自然物,,juman
目の当たり,まのあたり,manoatari,普通名詞,抽象物,,juman
間延び,まのび,manobi,サ変名詞,抽象物,,juman
満腹,まんぷく,manpuku,ナ形容詞,,料理・食事,juman
万力,まんりき,manriki,普通名詞,人工物-その他,,juman
満塁,まんるい,manrui,普通名詞,抽象物,スポーツ,juman
満点,まんてん,manten,普通名詞,数量,教育・学習,manual
免れる,まぬがれる,manugareru,動詞,,,juman
万葉,まんよう,manyo,普通名詞,植物-部位;時間,,juman
漫才,まんざい,manzai,普通名詞,抽象物,文化・芸術,juman
満足,まんぞく,manzoku,ナ形容詞,,,juman
真っ二つ,まっぷたつ,mapputatsu,普通名詞,抽象物,,juman
稀,まれ,mare,ナ形容詞,,,juman
鞠,まり,mari,普通名詞,人工物-その他,レクリエーション;スポーツ,juman
毬藻,まりも,marimo,普通名詞,植物,,juman
円やか,まろやか,maroyaka,ナ形容詞,,,juman
丸,まる,maru,普通名詞,形・模様,,juman
丸洗い,まるあらい,maruarai,サ変名詞,抽象物,家庭・暮らし,juman
丸出し,まるだし,marudashi,普通名詞,抽象物,,juman
丸抱え,まるがかえ,marugakae,普通名詞,抽象物,,juman
丸刈り,まるがり,marugari,普通名詞,抽象物,家庭・暮らし,juman
丸形,まるがた,marugata,普通名詞,形・模様,,juman
丸い,まるい,marui,イ形容詞,,,juman
丸木,まるき,maruki,普通名詞,人工物-その他,,juman
丸木橋,まるきばし,marukibashi,普通名詞,人工物-その他,,juman
丸見え,まるみえ,marumie,普通名詞,抽象物,,juman
丸儲け,まるもうけ,marumoke,サ変名詞,抽象物,,juman
丸鑿,まるのみ,marunomi,普通名詞,人工物-その他,,juman
丸太,まるた,maruta,普通名詞,人工物-その他,,juman
丸太ん棒,まるたんぼう,marutanbo,普通名詞,人工物-その他,,juman
丸潰れ,まるつぶれ,marutsubure,普通名詞,抽象物,,juman
丸焼け,まるやけ,maruyake,普通名詞,抽象物,,juman
丸焼き,まるやき,maruyaki,普通名詞,抽象物,料理・食事,juman
魔力,まりょく,maryoku,普通名詞,抽象物,,manual
まさぐる,まさぐる,masaguru,動詞,,,juman
鉞,まさかり,masakari,普通名詞,人工物-その他,,juman
勝る,まさる,masaru,動詞,,,juman
正夢,まさゆめ,masayume,普通名詞,抽象物,,manual
ませる,ませる,maseru,動詞,,,juman
増し,まし,mashi,ナ形容詞,,,juman
真っ盛り,まっさかり,massakari,普通名詞,時間,,juman
真っ先,まっさき,massaki,普通名詞,時間,,juman
真っ青,まっさお,massao,ナ形容詞,,,juman
末席,まっせき,masseki,普通名詞,場所-施設部位,,juman
真っ白,まっしろ,masshiro,ナ形容詞,,,juman
末梢,まっしょう,massho,普通名詞,場所-機能;抽象物,健康・医学,juman
真っ直ぐ,まっすぐ,massugu,ナ形容詞,,,juman
鱒,ます,masu,普通名詞,動物,料理・食事,juman
股,また,mata,普通名詞,動物-部位,,juman
跨がる,またがる,matagaru,動詞,,,juman
又貸し,またがし,matagashi,サ変名詞,抽象物,,juman
又聞き,またぎき,matagiki,サ変名詞,抽象物,,juman
跨ぐ,またぐ,matagu,動詞,,,juman
又従兄弟,またいとこ,mataitoko,普通名詞,人,家庭・暮らし,juman
瞬く,またたく,matataku,動詞,,,juman
抹茶,まっちゃ,matcha,普通名詞,人工物-食べ物,料理・食事,juman
摩天楼,まてんろう,matenro,普通名詞,場所-施設,,juman
的,まと,mato,普通名詞,人工物-その他,,juman
的外れ,まとはずれ,matohazure,ナ形容詞,,,juman
纏まる,まとまる,matomaru,動詞,,,juman
纏める,まとめる,matomeru,動詞,,,juman
まとも,まとも,matomo,ナ形容詞,,,juman
纏う,まとう,matou,動詞,,,juman
まとわる,まとわる,matowaru,動詞,,,juman
松,まつ,matsu,普通名詞,植物,,juman
松原,まつばら,matsubara,普通名詞,場所-自然,,juman
松林,まつばやし,matsubayashi,普通名詞,自然物,,juman
松葉杖,まつばづえ,matsubazue,普通名詞,人工物-その他,健康・医学,juman
末代,まつだい,matsudai,普通名詞,時間,,juman
まつ毛,まつげ,matsuge,普通名詞,動物-部位,,juman
末寺,まつじ,matsuji,普通名詞,場所-施設,文化・芸術,juman
末日,まつじつ,matsujitsu,普通名詞,時間,,juman
松笠,まつかさ,matsukasa,普通名詞,植物-部位,,juman
松虫,まつむし,matsumushi,普通名詞,動物,,juman
松の内,まつのうち,matsunochi,時相名詞,時間,家庭・暮らし,juman
祭,まつり,matsuri,普通名詞,抽象物,家庭・暮らし;文化・芸術,juman
松茸,まつたけ,matsutake,普通名詞,植物;人工物-食べ物,料理・食事,juman
纏わる,まつわる,matsuwaru,動詞,,,juman
松脂,まつやに,matsuyani,普通名詞,自然物,,juman
真っ只中,まっただなか,mattadanaka,普通名詞,時間,,juman
末端,まったん,mattan,普通名詞,場所-機能,,juman
待った無し,まったなし,mattanashi,普通名詞,抽象物,,juman
真っ当,まっとう,matto,ナ形容詞,,,juman
周り,まわり,mawari,普通名詞,場所-その他,,juman
回り舞台,まわりぶたい,mawaributai,普通名詞,人工物-その他,文化・芸術,juman
回りどうろう,まわりどうろう,mawaridoro,普通名詞,人工物-その他,文化・芸術,juman
回り道,まわりみち,mawarimichi,サ変名詞,場所-その他,,juman
回る,まわる,mawaru,動詞,,,juman
回す,まわす,mawasu,動詞,,,juman
真綿,まわた,mawata,普通名詞,人工物-その他,,juman
まやかし,まやかし,mayakashi,普通名詞,抽象物,,juman
魔除け,まよけ,mayoke,普通名詞,抽象物,文化・芸術,juman
迷う,まよう,mayou,動詞,,,juman
繭,まゆ,mayu,普通名詞,動物-部位,,juman
眉毛,まゆげ,mayuge,普通名詞,動物-部位,,juman
交ざる,まざる,mazaru,動詞,,,juman
まぜこぜ,まぜこぜ,mazekoze,ナ形容詞,,,juman
交ぜる,まぜる,mazeru,動詞,,,juman
まずい,まずい,mazui,イ形容詞,,,juman
先ず先ず,まずまず,mazumazu,ナ形容詞,,,juman
目当て,めあて,meate,普通名詞,抽象物,,juman
雌花,めばな,mebana,普通名詞,植物,,juman
目張り,めばり,mebari,サ変名詞,抽象物,家庭・暮らし,juman
目減り,めべり,meberi,サ変名詞,抽象物,,juman
めちゃくちゃ,めちゃくちゃ,mechakucha,ナ形容詞,,,juman
めちゃめちゃ,めちゃめちゃ,mechamecha,ナ形容詞,,,juman
目高,めだか,medaka,普通名詞,動物,,juman
目玉,めだま,medama,普通名詞,動物-部位,,juman
目玉焼き,めだまやき,medamayaki,普通名詞,人工物-食べ物,料理・食事,juman
目出し帽,めだしぼう,medashibo,普通名詞,人工物-衣類,家庭・暮らし,juman
愛でる,めでる,mederu,動詞,,,juman
めでたい,めでたい,medetai,イ形容詞,,,juman
女神,めがみ,megami,普通名詞,人,,juman
眼鏡,めがね,megane,普通名詞,人工物-その他,家庭・暮らし,juman
目頭,めがしら,megashira,普通名詞,動物-部位,,juman
めげる,めげる,megeru,動詞,,,juman
恵む,めぐむ,megumu,動詞,,,juman
巡る,めぐる,meguru,動詞,,,juman
目薬,めぐすり,megusuri,普通名詞,人工物-その他,健康・医学,juman
目鼻,めはな,mehana,普通名詞,動物-部位,,juman
目鼻立ち,めはなだち,mehanadachi,普通名詞,抽象物,,juman
姪,めい,mei,普通名詞,人,家庭・暮らし,juman
名案,めいあん,meian,普通名詞,抽象物,,manual
名馬,めいば,meiba,普通名詞,動物,,juman
明敏,めいびん,meibin,ナ形容詞,,,juman
名簿,めいぼ,meibo,普通名詞,人工物-その他,,juman
名木,めいぼく,meiboku,普通名詞,植物,,juman
名文,めいぶん,meibun,普通名詞,抽象物,文化・芸術,juman
名物,めいぶつ,meibutsu,普通名詞,人工物-その他,料理・食事,juman
名著,めいちょ,meicho,普通名詞,抽象物,文化・芸術,juman
命中,めいちゅう,meichu,サ変名詞,抽象物,,manual
冥土,めいど,meido,普通名詞,場所-その他,文化・芸術,juman
名演,めいえん,meien,普通名詞,抽象物,文化・芸術,juman
冥福,めいふく,meifuku,普通名詞,抽象物,文化・芸術,juman
名画,めいが,meiga,普通名詞,人工物-その他;抽象物,文化・芸術,juman
銘柄,めいがら,meigara,普通名詞,人工物-その他,ビジネス,juman
名言,めいげん,meigen,普通名詞,抽象物,文化・芸術,juman
名月,めいげつ,meigetsu,普通名詞,自然物,,juman
名義人,めいぎにん,meiginin,普通名詞,人,政治,juman
明白,めいはく,meihaku,ナ形容詞,,,juman
名品,めいひん,meihin,普通名詞,人工物-その他,,juman
名峰,めいほう,meiho,普通名詞,場所-自然,,juman
名医,めいい,meii,普通名詞,人,健康・医学,juman
名人,めいじん,meijin,普通名詞,人,,juman
名城,めいじょう,meijo,普通名詞,場所-施設,,juman
名家,めいか,meika,普通名詞,抽象物,家庭・暮らし,juman
明快,めいかい,meikai,ナ形容詞,,,juman
明確,めいかく,meikaku,ナ形容詞,,,juman
名工,めいこう,meiko,普通名詞,人,文化・芸術,juman
名句,めいく,meiku,普通名詞,抽象物,文化・芸術,juman
名君,めいくん,meikun,普通名詞,人,政治,juman
名曲,めいきょく,meikyoku,普通名詞,抽象物,文化・芸術,juman
迷宮,めいきゅう,meikyu,普通名詞,場所-施設,,juman
迷宮入り,めいきゅういり,meikyuiri,普通名詞,抽象物,,juman
銘々,めいめい,meimei,普通名詞,人,,juman
名門,めいもん,meimon,普通名詞,抽象物,教育・学習;家庭・暮らし,juman
名文句,めいもんく,meimonku,普通名詞,抽象物,文化・芸術,juman
命日,めいにち,meinichi,普通名詞,時間,文化・芸術,juman
冥王星,めいおうせい,meiosei,普通名詞,自然物,,juman
命令,めいれい,meirei,サ変名詞,抽象物,,manual
迷路,めいろ,meiro,普通名詞,場所-その他,,juman
明瞭,めいりょう,meiryo,ナ形容詞,,,juman
明細,めいさい,meisai,ナ形容詞,,,juman
名作,めいさく,meisaku,普通名詞,抽象物,文化・芸術,juman
名産,めいさん,meisan,普通名詞,人工物-その他,料理・食事,juman
名刹,めいさつ,meisatsu,普通名詞,抽象物,文化・芸術,juman
明晰,めいせき,meiseki,ナ形容詞,,,juman
名刺,めいし,meishi,普通名詞,人工物-その他,ビジネス,juman
迷信,めいしん,meishin,普通名詞,抽象物,,manual
名匠,めいしょう,meisho,普通名詞,人,,juman
名手,めいしゅ,meishu,普通名詞,人,,juman
名僧,めいそう,meiso,普通名詞,人,文化・芸術,juman
銘す,めいす,meisu,動詞,,,juman
名水,めいすい,meisui,普通名詞,自然物,,juman
酩酊,めいてい,meitei,サ変名詞,抽象物,料理・食事,juman
名店,めいてん,meiten,普通名詞,場所-その他,,juman
迷惑,めいわく,meiwaku,ナ形容詞,,,juman
名訳,めいやく,meiyaku,普通名詞,抽象物,文化・芸術,juman
名誉,めいよ,meiyo,ナ形容詞,,,juman
名優,めいゆう,meiyu,普通名詞,人,文化・芸術,juman
名山,めいざん,meizan,普通名詞,場所-自然,,juman
目白,めじろ,mejiro,普通名詞,動物,,juman
目白押し,めじろおし,mejiroshi,普通名詞,抽象物,,juman
目印,めじるし,mejirushi,普通名詞,人工物-その他,,juman
目隠し,めかくし,mekakushi,サ変名詞,抽象物,,juman
粧す,めかす,mekasu,動詞,,家庭・暮らし,juman
目配り,めくばり,mekubari,サ変名詞,抽象物,,juman
目配せ,めくばせ,mekubase,サ変名詞,抽象物,,juman
目くじら,めくじら,mekujira,普通名詞,動物-部位,,juman
捲れる,めくれる,mekureru,動詞,,,juman
捲る,めくる,mekuru,動詞,,,juman
目まぐるしい,めまぐるしい,memagurushii,イ形容詞,,,juman
目盛り,めもり,memori,普通名詞,人工物-その他,,juman
目元,めもと,memoto,普通名詞,動物-部位,,juman
麺,めん,men,普通名詞,人工物-食べ物,料理・食事,juman
面目,めんぼく,menboku,普通名詞,動物-部位,,juman
面談,めんだん,mendan,サ変名詞,抽象物,教育・学習;ビジネス,juman
面倒,めんどう,mendo,ナ形容詞,,,juman
雌鶏,めんどり,mendori,普通名詞,動物,,juman
免状,めんじょう,menjo,普通名詞,人工物-その他;抽象物,文化・芸術;教育・学習;科学・技術,juman
綿花,めんか,menka,普通名詞,植物-部位,,juman
面会,めんかい,menkai,サ変名詞,抽象物,健康・医学;家庭・暮らし,juman
面子,めんこ,menko,普通名詞,人工物-その他,レクリエーション,juman
面々,めんめん,menmen,普通名詞,人,,juman
綿密,めんみつ,menmitsu,ナ形容詞,,,juman
目の前,めのまえ,menomae,普通名詞,場所-その他;時間,,juman
綿織物,めんおりもの,menorimono,普通名詞,人工物-その他,家庭・暮らし,juman
綿布,めんぷ,menpu,普通名詞,人工物-その他,家庭・暮らし,juman
麺類,めんるい,menrui,普通名詞,人工物-食べ物,料理・食事,juman
面接,めんせつ,mensetsu,サ変名詞,抽象物,教育・学習;ビジネス,juman
綿糸,めんし,menshi,普通名詞,人工物-その他,家庭・暮らし,juman
明太子,めんたいこ,mentaiko,普通名詞,人工物-食べ物;自然物,料理・食事,juman
目抜き通り,めぬきどおり,menukidori,普通名詞,場所-その他,,juman
綿羊,めんよう,menyo,普通名詞,動物,,juman
面前,めんぜん,menzen,普通名詞,場所-その他,,juman
滅法,めっぽう,meppo,ナ形容詞,,,juman
めり張り,めりはり,merihari,普通名詞,抽象物,,juman
目先,めさき,mesaki,普通名詞,場所-その他;時間,,juman
飯,めし,meshi,普通名詞,人工物-食べ物,料理・食事,juman
雌蘂,めしべ,meshibe,普通名詞,植物-部位,,juman
飯櫃,めしびつ,meshibitsu,普通名詞,人工物-その他,料理・食事,juman
目下,めした,meshita,普通名詞,人,,juman
召し使い,めしつかい,meshitsukai,普通名詞,人,家庭・暮らし,juman
雌,めす,mesu,普通名詞,動物;植物,,juman
娶る,めとる,metoru,動詞,,家庭・暮らし,juman
目付き,めつき,metsuki,普通名詞,抽象物,,juman
滅多,めった,metta,ナ形容詞,,,juman
めった打ち,めったうち,mettauchi,普通名詞,抽象物,,juman
めったやたら,めったやたら,mettayatara,ナ形容詞,,,juman
目上,めうえ,meue,普通名詞,人,,juman
目移り,めうつり,meutsuri,サ変名詞,抽象物,,juman
目脂,めやに,meyani,普通名詞,動物-部位,健康・医学,juman
目刺し,めざし,mezashi,普通名詞,人工物-食べ物,料理・食事,juman
目障り,めざわり,mezawari,ナ形容詞,,,juman
珍しい,めずらしい,mezurashii,イ形容詞,,,juman
見栄え,みばえ,mibae,サ変名詞,抽象物,,juman
身振り,みぶり,miburi,普通名詞,抽象物,,juman
身震い,みぶるい,miburui,サ変名詞,抽象物,,juman
道,みち,michi,普通名詞,場所-施設,,juman
道端,みちばた,michibata,普通名詞,場所-その他,,juman
導く,みちびく,michibiku,動詞,,,juman
満ち干,みちひ,michihi,普通名詞,抽象物,,juman
道順,みちじゅん,michijun,普通名詞,抽象物,,manual
満ち欠け,みちかけ,michikake,普通名詞,抽象物,,juman
満ちる,みちる,michiru,動詞,,,juman
満ち潮,みちしお,michishio,普通名詞,抽象物;時間,,juman
道標,みちしるべ,michishirube,サ変名詞,人工物-その他,,juman
道連れ,みちづれ,michizure,普通名詞,抽象物,,juman
乱れる,みだれる,midareru,動詞,,,juman
見出し,みだし,midashi,普通名詞,人工物-その他,メディア,juman
見出し語,みだしご,midashigo,普通名詞,抽象物,教育・学習,juman
身嗜み,みだしなみ,midashinami,普通名詞,抽象物,,juman
乱す,みだす,midasu,動詞,,,juman
緑,みどり,midori,普通名詞,色,,juman
緑児,みどりご,midorigo,普通名詞,人,家庭・暮らし,juman
緑色,みどりいろ,midoriiro,普通名詞,色,,juman
見栄坊,みえぼう,miebo,普通名詞,人,,juman
見え隠れ,みえがくれ,miegakure,サ変名詞,抽象物,,juman
見え見え,みえみえ,miemie,ナ形容詞,,,juman
見える,みえる,mieru,動詞,,,juman
磨く,みがく,migaku,動詞,,,juman
身柄,みがら,migara,普通名詞,動物,政治,juman
身軽,みがる,migaru,ナ形容詞,,,juman
身代わり,みがわり,migawari,普通名詞,抽象物,,juman
右,みぎ,migi,普通名詞,場所-機能,,juman
右左,みぎひだり,migihidari,普通名詞,場所-機能,,juman
右回り,みぎまわり,migimawari,普通名詞,抽象物,,juman
右下,みぎした,migishita,普通名詞,場所-機能,,juman
右手,みぎて,migite,普通名詞,動物-部位,,juman
右腕,みぎうで,migiude,普通名詞,動物-部位,,juman
右横,みぎよこ,migiyoko,普通名詞,場所-機能,,juman
右四つ,みぎよつ,migiyotsu,普通名詞,抽象物,スポーツ,juman
身頃,みごろ,migoro,普通名詞,人工物-衣類,家庭・暮らし,juman
身拵え,みごしらえ,migoshirae,サ変名詞,抽象物,家庭・暮らし,juman
見応え,みごたえ,migotae,普通名詞,抽象物,,juman
見事,みごと,migoto,ナ形容詞,,,juman
身包み,みぐるみ,migurumi,普通名詞,抽象物,,juman
未払い,みはらい,miharai,普通名詞,抽象物,家庭・暮らし;ビジネス,juman
見本,みほん,mihon,普通名詞,抽象物,,manual
実入り,みいり,miiri,普通名詞,人工物-金銭;抽象物,,juman
身近,みぢか,mijika,ナ形容詞,,,juman
短い,みじかい,mijikai,イ形容詞,,,juman
惨め,みじめ,mijime,ナ形容詞,,,juman
微塵,みじん,mijin,普通名詞,自然物;抽象物,,juman
みじん切り,みじんぎり,mijingiri,普通名詞,抽象物,料理・食事,juman
微塵子,みじんこ,mijinko,普通名詞,動物,,juman
身じろぐ,みじろぐ,mijirogu,動詞,,,juman
身支度,みじたく,mijitaku,サ変名詞,抽象物,家庭・暮らし,juman
未熟,みじゅく,mijuku,ナ形容詞,,,juman
帝,みかど,mikado,普通名詞,人,政治,juman
御影石,みかげいし,mikageishi,普通名詞,自然物,,juman
見掛け倒し,みかけだおし,mikakedaoshi,普通名詞,抽象物,,juman
味覚,みかく,mikaku,普通名詞,抽象物,料理・食事,juman
蜜柑,みかん,mikan,普通名詞,植物;人工物-食べ物,料理・食事,juman
みかん色,みかんいろ,mikaniro,普通名詞,色,,juman
味方,みかた,mikata,サ変名詞,人,,juman
三日月,みかづき,mikazuki,普通名詞,抽象物;形・模様,,juman
眉間,みけん,miken,普通名詞,動物-部位,,juman
三毛猫,みけねこ,mikeneko,普通名詞,動物,,juman
幹,みき,miki,普通名詞,植物-部位,,juman
見聞き,みきき,mikiki,サ変名詞,抽象物,,juman
密航,みっこう,mikko,サ変名詞,抽象物,交通;政治,juman
密教,みっきょう,mikkyo,普通名詞,抽象物,文化・芸術,juman
巫女,みこ,miko,普通名詞,人,文化・芸術,juman
未婚,みこん,mikon,普通名詞,抽象物,家庭・暮らし,juman
神輿,みこし,mikoshi,普通名詞,人工物-乗り物,文化・芸術,juman
見舞,みまい,mimai,普通名詞,抽象物,家庭・暮らし;健康・医学,juman
未明,みめい,mimei,時相名詞,時間,,juman
耳,みみ,mimi,普通名詞,動物-部位,,juman
耳学問,みみがくもん,mimigakumon,普通名詞,抽象物,教育・学習,juman
耳元,みみもと,mimimoto,普通名詞,場所-その他,,juman
耳朶,みみたぶ,mimitabu,普通名詞,動物-部位,,juman
耳打ち,みみうち,mimiuchi,サ変名詞,抽象物,,juman
耳寄り,みみより,mimiyori,ナ形容詞,,,juman
耳障り,みみざわり,mimizawari,ナ形容詞,,,juman
蚯蚓,みみず,mimizu,普通名詞,動物,,juman
みみずく,みみずく,mimizuku,普通名詞,動物,,juman
見物,みもの,mimono,普通名詞,抽象物,,manual
身投げ,みなげ,minage,サ変名詞,抽象物,家庭・暮らし,juman
漲る,みなぎる,minagiru,動詞,,,juman
南,みなみ,minami,普通名詞,場所-機能,,juman
南口,みなみぐち,minamiguchi,普通名詞,場所-その他,交通,juman
源,みなもと,minamoto,普通名詞,抽象物,,juman
見習,みならい,minarai,普通名詞,人,,juman
身なり,みなり,minari,普通名詞,抽象物,,juman
皆様,みなさま,minasama,普通名詞,人,,juman
皆さん,みなさん,minasan,普通名詞,人,,juman
みなし児,みなしご,minashigo,普通名詞,人,家庭・暮らし,juman
港,みなと,minato,普通名詞,場所-施設,交通,juman
港町,みなとまち,minatomachi,普通名詞,場所-その他,,juman
水無月,みなづき,minazuki,時相名詞,時間,,juman
明朝体,みんちょうたい,minchotai,普通名詞,抽象物,文化・芸術;メディア,juman
峰,みね,mine,普通名詞,場所-自然,,juman
民芸,みんげい,mingei,普通名詞,抽象物,文化・芸術,juman
民具,みんぐ,mingu,普通名詞,人工物-その他,,juman
民家,みんか,minka,普通名詞,場所-施設,家庭・暮らし,juman
民間,みんかん,minkan,普通名詞,場所-その他,,juman
蓑,みの,mino,普通名詞,人工物-衣類,,juman
身の上,みのうえ,minoe,普通名詞,抽象物,,juman
身の程,みのほど,minohodo,普通名詞,抽象物,,juman
身の回り,みのまわり,minomawari,普通名詞,抽象物,家庭・暮らし,juman
蓑虫,みのむし,minomushi,普通名詞,動物,,juman
実る,みのる,minoru,動詞,,,juman
身の代金,みのしろきん,minoshirokin,普通名詞,人工物-金銭,,juman
民放,みんぽう,minpo,普通名詞,組織・団体;抽象物,メディア,juman
民衆,みんしゅう,minshu,普通名詞,人,政治,juman
民宿,みんしゅく,minshuku,サ変名詞,場所-施設,レクリエーション,juman
民話,みんわ,minwa,普通名詞,抽象物,文化・芸術,juman
民謡,みんよう,minyo,普通名詞,抽象物,文化・芸術,juman
民有林,みんゆうりん,minyurin,普通名詞,場所-自然,,juman
民族,みんぞく,minzoku,普通名詞,組織・団体,,juman
見覚え,みおぼえ,mioboe,普通名詞,抽象物,,juman
身重,みおも,miomo,普通名詞,抽象物,家庭・暮らし,juman
見納め,みおさめ,miosame,普通名詞,抽象物,,juman
見劣り,みおとり,miotori,サ変名詞,抽象物,,juman
未来,みらい,mirai,普通名詞,時間,,juman
味醂,みりん,mirin,普通名詞,人工物-食べ物,料理・食事,juman
見る,みる,miru,動詞,,,juman
岬,みさき,misaki,普通名詞,場所-自然,,juman
店,みせ,mise,普通名詞,場所-施設,ビジネス,juman
見せ場,みせば,miseba,普通名詞,場所-その他,文化・芸術,juman
見せびらかす,みせびらかす,misebirakasu,動詞,,,juman
見せ所,みせどころ,misedokoro,普通名詞,抽象物,,juman
見せ掛,みせかけ,misekake,普通名詞,抽象物,,juman
魅せられる,みせられる,miserareru,動詞,,,juman
見せる,みせる,miseru,動詞,,,juman
店先,みせさき,misesaki,普通名詞,場所-その他,,juman
見せしめ,みせしめ,miseshime,普通名詞,抽象物,,juman
店屋,みせや,miseya,普通名詞,場所-施設,ビジネス,juman
味噌,みそ,miso,普通名詞,人工物-食べ物,料理・食事,juman
味噌汁,みそしる,misoshiru,普通名詞,人工物-食べ物,料理・食事,juman
密接,みっせつ,missetsu,ナ形容詞,,,juman
密室,みっしつ,misshitsu,普通名詞,場所-その他,,juman
御簾,みす,misu,普通名詞,人工物-その他,,juman
みすぼらしい,みすぼらしい,misuborashii,イ形容詞,,,juman
見た目,みため,mitame,普通名詞,抽象物,,juman
満たない,みたない,mitanai,イ形容詞,,,juman
満たす,みたす,mitasu,動詞,,,juman
未定,みてい,mitei,ナ形容詞,,,juman
見て呉れ,みてくれ,mitekure,普通名詞,抽象物,,juman
未踏峰,みとうほう,mitoho,普通名詞,場所-自然,,juman
認める,みとめる,mitomeru,動詞,,,juman
見取り算,みとりざん,mitorizan,普通名詞,抽象物,教育・学習,juman
見取り図,みとりず,mitorizu,普通名詞,人工物-その他,,juman
蜜,みつ,mitsu,普通名詞,自然物,料理・食事,juman
三つ葉,みつば,mitsuba,普通名詞,植物;人工物-食べ物,料理・食事,juman
蜜蜂,みつばち,mitsubachi,普通名詞,動物,,juman
三つ巴,みつどもえ,mitsudomoe,普通名詞,抽象物,,juman
蜜月,みつげつ,mitsugetsu,普通名詞,時間,,juman
貢ぎ物,みつぎもの,mitsugimono,普通名詞,人工物-その他,,juman
貢ぐ,みつぐ,mitsugu,動詞,,,juman
三つ股,みつまた,mitsumata,普通名詞,抽象物,,juman
密林,みつりん,mitsurin,普通名詞,場所-自然,,juman
みっともない,みっともない,mittomonai,イ形容詞,,,juman
身内,みうち,miuchi,普通名詞,人,家庭・暮らし,juman
身動き,みうごき,miugoki,サ変名詞,抽象物,,juman
身売り,みうり,miuri,サ変名詞,抽象物,,juman
宮,みや,miya,普通名詞,場所-その他,,juman
雅び,みやび,miyabi,ナ形容詞,,,juman
雅びやか,みやびやか,miyabiyaka,ナ形容詞,,,juman
土産,みやげ,miyage,普通名詞,人工物-食べ物;人工物-その他,,juman
土産物,みやげもの,miyagemono,普通名詞,人工物-その他,,juman
都,みやこ,miyako,普通名詞,場所-その他,,juman
都落ち,みやこおち,miyakochi,普通名詞,抽象物,,juman
都大路,みやこおおじ,miyakoji,普通名詞,場所-施設,交通,juman
宮参り,みやまいり,miyamairi,サ変名詞,抽象物,文化・芸術;家庭・暮らし,juman
宮様,みやさま,miyasama,普通名詞,人,政治,juman
御息所,みやすどころ,miyasudokoro,普通名詞,人,,juman
御代,みよ,miyo,普通名詞,時間,,juman
身寄り,みより,miyori,普通名詞,人,,juman
身銭,みぜに,mizeni,普通名詞,人工物-金銭,,juman
溝,みぞ,mizo,普通名詞,場所-施設部位,,juman
鳩尾,みぞおち,mizochi,普通名詞,動物-部位,,juman
水,みず,mizu,普通名詞,自然物,,juman
水浴び,みずあび,mizuabi,サ変名詞,抽象物,レクリエーション,juman
水揚げ,みずあげ,mizuage,サ変名詞,抽象物,,juman
水洗い,みずあらい,mizuarai,サ変名詞,抽象物,家庭・暮らし,juman
水芭蕉,みずばしょう,mizubasho,普通名詞,植物,,juman
水辺,みずべ,mizube,普通名詞,場所-自然,,juman
水浸し,みずびたし,mizubitashi,普通名詞,抽象物,,juman
水鉄砲,みずでっぽう,mizudeppo,普通名詞,人工物-その他,レクリエーション,juman
水鳥,みずどり,mizudori,普通名詞,動物,,juman
水瓶,みずがめ,mizugame,普通名詞,人工物-その他,,juman
水菓子,みずがし,mizugashi,普通名詞,人工物-食べ物,料理・食事,juman
水着,みずぎ,mizugi,普通名詞,人工物-衣類,スポーツ;レクリエーション,juman
水際,みずぎわ,mizugiwa,普通名詞,場所-自然,,juman
水車,みずぐるま,mizuguruma,普通名詞,人工物-その他,,juman
水薬,みずぐすり,mizugusuri,普通名詞,人工物-その他,健康・医学,juman
水捌け,みずはけ,mizuhake,普通名詞,抽象物,,juman
水引,みずひき,mizuhiki,普通名詞,人工物-その他,家庭・暮らし,juman
水入らず,みずいらず,mizuirazu,普通名詞,抽象物,家庭・暮らし,juman
水入り,みずいり,mizuiri,普通名詞,抽象物,文化・芸術;スポーツ,juman
水色,みずいろ,mizuiro,普通名詞,色,,juman
水掛け論,みずかけろん,mizukakeron,普通名詞,抽象物,,juman
水掻き,みずかき,mizukaki,普通名詞,動物-部位,,juman
水気,みずけ,mizuke,普通名詞,自然物,料理・食事,juman
水煙,みずけむり,mizukemuri,普通名詞,自然物,,juman
水子,みずこ,mizuko,普通名詞,人,文化・芸術,juman
水汲み,みずくみ,mizukumi,サ変名詞,抽象物,家庭・暮らし,juman
身繕い,みづくろい,mizukuroi,サ変名詞,抽象物,,juman
水草,みずくさ,mizukusa,普通名詞,植物,,juman
水枕,みずまくら,mizumakura,普通名詞,人工物-その他,健康・医学,juman
水増し,みずまし,mizumashi,サ変名詞,抽象物,,juman
水回り,みずまわり,mizumawari,普通名詞,場所-その他,家庭・暮らし,juman
湖,みずうみ,mizumi,普通名詞,場所-自然,,juman
みずみずしい,みずみずしい,mizumizushii,イ形容詞,,,juman
水漏れ,みずもれ,mizumore,サ変名詞,抽象物,家庭・暮らし,juman
水菜,みずな,mizuna,普通名詞,植物;人工物-食べ物,料理・食事,juman
水飲み,みずのみ,mizunomi,普通名詞,人工物-その他,料理・食事,juman
水抜き,みずぬき,mizunuki,普通名詞,抽象物,家庭・暮らし,juman
水っ洟,みずっぱな,mizuppana,普通名詞,自然物,健康・医学,juman
水差し,みずさし,mizusashi,普通名詞,人工物-その他,,juman
見ず知らず,みずしらず,mizushirazu,普通名詞,抽象物,,juman
水澄まし,みずすまし,mizusumashi,普通名詞,動物,,juman
水玉,みずたま,mizutama,普通名詞,自然物;形・模様,,juman
水溜まり,みずたまり,mizutamari,普通名詞,場所-自然,,juman
水割り,みずわり,mizuwari,普通名詞,人工物-食べ物,料理・食事,juman
水攻め,みずぜめ,mizuzeme,サ変名詞,抽象物,,juman
餅,もち,mochi,普通名詞,人工物-食べ物,料理・食事,juman
持ち味,もちあじ,mochiaji,普通名詞,抽象物,,juman
持ち場,もちば,mochiba,普通名詞,場所-その他,,juman
餅米,もちごめ,mochigome,普通名詞,植物;人工物-食べ物,料理・食事,juman
持ち家,もちいえ,mochiie,普通名詞,場所-施設;抽象物,家庭・暮らし,juman
用いる,もちいる,mochiiru,動詞,,,juman
持ち切り,もちきり,mochikiri,普通名詞,抽象物,,juman
持ち前,もちまえ,mochimae,普通名詞,抽象物,,juman
持ち物,もちもの,mochimono,普通名詞,人工物-その他,,juman
持ち逃げ,もちにげ,mochinige,サ変名詞,抽象物,,juman
持ち主,もちぬし,mochinushi,普通名詞,人,,juman
持ち点,もちてん,mochiten,普通名詞,抽象物,,juman
望月,もちづき,mochizuki,普通名詞,自然物,,juman
猛打,もうだ,moda,サ変名詞,抽象物,スポーツ,juman
悶える,もだえる,modaeru,動詞,,,juman
詣でる,もうでる,moderu,動詞,,文化・芸術,juman
もどかしい,もどかしい,modokashii,イ形容詞,,,juman
戻れる,もどれる,modoreru,動詞,,,juman
戻る,もどる,modoru,動詞,,,juman
戻せる,もどせる,modoseru,動詞,,,juman
戻す,もどす,modosu,動詞,,,juman
萌葱色,もえぎいろ,moegiiro,普通名詞,色,,juman
燃える,もえる,moeru,動詞,,,juman
毛布,もうふ,mofu,普通名詞,人工物-その他,家庭・暮らし,juman
もがく,もがく,mogaku,動詞,,,juman
もげる,もげる,mogeru,動詞,,,juman
もぎ取る,もぎとる,mogitoru,動詞,,,juman
もぐ,もぐ,mogu,動詞,,,juman
土竜,もぐら,mogura,普通名詞,動物,,juman
潜る,もぐる,moguru,動詞,,,juman
模範,もはん,mohan,普通名詞,抽象物,,manual
毛髪,もうはつ,mohatsu,普通名詞,動物-部位,健康・医学,juman
毛筆,もうひつ,mohitsu,普通名詞,人工物-その他,文化・芸術,juman
文字,もじ,moji,普通名詞,抽象物,,manual
もじる,もじる,mojiru,動詞,,,juman
猛獣,もうじゅう,moju,普通名詞,動物,,juman
猛火,もうか,moka,普通名詞,自然物,,juman
儲かる,もうかる,mokaru,動詞,,ビジネス,juman
模型,もけい,mokei,普通名詞,人工物-その他,,juman
猛犬,もうけん,moken,普通名詞,動物,,juman
儲ける,もうける,mokeru,動詞,,ビジネス,juman
猛禽類,もうきんるい,mokinrui,普通名詞,動物,,juman
目下,もっか,mokka,時相名詞,時間,,juman
木管,もっかん,mokkan,普通名詞,人工物-その他,文化・芸術,juman
木琴,もっきん,mokkin,普通名詞,人工物-その他,文化・芸術,juman
猛虎,もうこ,moko,普通名詞,動物,,juman
木馬,もくば,mokuba,普通名詞,人工物-その他,レクリエーション,juman
木彫,もくちょう,mokucho,普通名詞,抽象物,文化・芸術,juman
黙読,もくどく,mokudoku,サ変名詞,抽象物,教育・学習,juman
目撃,もくげき,mokugeki,サ変名詞,抽象物,,manual
木魚,もくぎょ,mokugyo,普通名詞,人工物-その他,文化・芸術,juman
木版,もくはん,mokuhan,普通名詞,人工物-その他;抽象物,文化・芸術,juman
木片,もくへん,mokuhen,普通名詞,植物-部位;人工物-その他,,juman
目標,もくひょう,mokuhyo,普通名詞,抽象物,,manual
目次,もくじ,mokuji,普通名詞,抽象物,文化・芸術;メディア,juman
木螺子,もくねじ,mokuneji,普通名詞,人工物-その他,,juman
木蓮,もくれん,mokuren,普通名詞,植物,,juman
目録,もくろく,mokuroku,普通名詞,抽象物,,manual
木星,もくせい,mokusei,普通名詞,自然物,,juman
黙示録,もくしろく,mokushiroku,普通名詞,抽象物,文化・芸術,juman
目す,もくす,mokusu,動詞,,,juman
木炭,もくたん,mokutan,普通名詞,自然物,,juman
目的,もくてき,mokuteki,普通名詞,抽象物,,manual
黙祷,もくとう,mokuto,サ変名詞,抽象物,文化・芸術,juman
木曜,もくよう,mokuyo,時相名詞,時間,,juman
木曜日,もくようび,mokuyobi,時相名詞,時間,,juman
木材,もくざい,mokuzai,普通名詞,人工物-その他,,juman
目前,もくぜん,mokuzen,普通名詞,場所-その他;時間,,juman
木像,もくぞう,mokuzo,普通名詞,抽象物,文化・芸術,juman
網膜,もうまく,momaku,普通名詞,動物-部位,健康・医学,juman
揉め事,もめごと,momegoto,普通名詞,抽象物,,juman
木綿,もめん,momen,普通名詞,人工物-その他,家庭・暮らし,juman
揉める,もめる,momeru,動詞,,,juman
樅,もみ,momi,普通名詞,植物,,juman
籾殻,もみがら,momigara,普通名詞,植物-部位,,juman
紅葉,もみじ,momiji,普通名詞,植物-部位;抽象物,,juman
揉みくちゃ,もみくちゃ,momikucha,普通名詞,抽象物,,juman
桃,もも,momo,普通名詞,植物;人工物-食べ物,料理・食事,juman
股引き,ももひき,momohiki,普通名詞,人工物-衣類,家庭・暮らし,juman
桃色,ももいろ,momoiro,普通名詞,色,,juman
百種,ももくさ,momokusa,普通名詞,植物,,juman
揉む,もむ,momu,動詞,,,juman
門,もん,mon,普通名詞,場所-施設,,manual
門番,もんばん,monban,普通名詞,人,,juman
門柱,もんちゅう,monchu,普通名詞,人工物-その他,,juman
問題,もんだい,mondai,普通名詞,抽象物,,manual
問答,もんどう,mondo,サ変名詞,抽象物,,manual
もんどり打つ,もんどりうつ,mondoriutsu,動詞,,,juman
門衛,もんえい,monei,普通名詞,人,,juman
門外,もんがい,mongai,普通名詞,場所-その他,,juman
門構え,もんがまえ,mongamae,普通名詞,場所-施設,,juman
門限,もんげん,mongen,普通名詞,時間,家庭・暮らし,juman
門人,もんじん,monjin,普通名詞,人,文化・芸術;教育・学習,juman
門下,もんか,monka,普通名詞,抽象物,文化・芸術;教育・学習,juman
紋切り型,もんきりがた,monkirigata,普通名詞,抽象物,,juman
門戸,もんこ,monko,普通名詞,場所-施設部位;抽象物,,juman
文句,もんく,monku,普通名詞,抽象物,,manual
文無し,もんなし,monnashi,普通名詞,抽象物,,juman
物,もの,mono,普通名詞,人工物-その他,,juman
物覚え,ものおぼえ,monoboe,普通名詞,抽象物,,juman
物語,ものがたり,monogatari,サ変名詞,抽象物,文化・芸術,juman
ものぐさ,ものぐさ,monogusa,ナ形容詞,,,juman
物干し,ものほし,monohoshi,普通名詞,人工物-その他,家庭・暮らし,juman
物言い,ものいい,monoii,普通名詞,抽象物,,juman
物要り,ものいり,monoiri,ナ形容詞,,,juman
物怖じ,ものおじ,monoji,サ変名詞,抽象物,,juman
物陰,ものかげ,monokage,普通名詞,場所-その他,,juman
物書き,ものかき,monokaki,普通名詞,人,文化・芸術,juman
物置,ものおき,monoki,普通名詞,人工物-その他,,juman
物見櫓,ものみやぐら,monomiyagura,普通名詞,場所-施設,,juman
物持ち,ものもち,monomochi,普通名詞,抽象物,,juman
物思い,ものおもい,monomoi,普通名詞,抽象物,,juman
物貰い,ものもらい,monomorai,普通名詞,動物-部位,健康・医学,juman
物売り,ものうり,monori,普通名詞,人;抽象物,ビジネス,juman
物差し,ものさし,monosashi,普通名詞,人工物-その他,,juman
物惜しみ,ものおしみ,monoshimi,サ変名詞,抽象物,,juman
物知り,ものしり,monoshiri,普通名詞,抽象物,,juman
物知り顔,ものしりがお,monoshirigao,普通名詞,抽象物,,juman
物静か,ものしずか,monoshizuka,ナ形容詞,,,juman
物取,ものとり,monotori,サ変名詞,人,政治,juman
物別れ,ものわかれ,monowakare,普通名詞,抽象物,,juman
物分かり,ものわかり,monowakari,普通名詞,抽象物,,juman
物笑い,ものわらい,monowarai,普通名詞,抽象物,,juman
物忘れ,ものわすれ,monowasure,サ変名詞,抽象物,,juman
物柔らか,ものやわらか,monoyawaraka,ナ形容詞,,,juman
物好き,ものずき,monozuki,ナ形容詞,,,juman
もんぺ,もんぺ,monpe,普通名詞,人工物-衣類,家庭・暮らし,juman
門扉,もんぴ,monpi,普通名詞,場所-施設,,juman
門歯,もんし,monshi,普通名詞,動物-部位,,juman
紋白蝶,もんしろちょう,monshirocho,普通名詞,動物,,juman
紋章,もんしょう,monsho,普通名詞,人工物-その他,家庭・暮らし,juman
門主,もんしゅ,monshu,普通名詞,人,,juman
門弟,もんてい,montei,普通名詞,人,文化・芸術;教育・学習,juman
門徒,もんと,monto,普通名詞,人,文化・芸術,juman
紋付き,もんつき,montsuki,普通名詞,人工物-衣類,家庭・暮らし,juman
文様,もんよう,monyo,普通名詞,抽象物,文化・芸術,juman
門前,もんぜん,monzen,普通名詞,場所-その他,,juman
門前払い,もんぜんばらい,monzenbarai,サ変名詞,抽象物,,juman
門前町,もんぜんまち,monzenmachi,普通名詞,場所-その他,,juman
貰い泣き,もらいなき,morainaki,サ変名詞,抽象物,,juman
漏らす,もらす,morasu,動詞,,,juman
貰う,もらう,morau,動詞,,,juman
漏れる,もれる,moreru,動詞,,,juman
猛烈,もうれつ,moretsu,ナ形容詞,,,juman
森,もり,mori,普通名詞,場所-自然,,juman
盛り合わせ,もりあわせ,moriawase,普通名詞,人工物-食べ物,料理・食事,juman
盛り蕎麦,もりそば,morisoba,普通名詞,人工物-食べ物,料理・食事,juman
盛り土,もりつち,moritsuchi,普通名詞,人工物-その他,,juman
諸肌,もろはだ,morohada,普通名詞,動物-部位,,juman
脆い,もろい,moroi,イ形容詞,,,juman
もろこし,もろこし,morokoshi,普通名詞,植物;人工物-食べ物,料理・食事,juman
諸手,もろて,morote,普通名詞,動物-部位,,juman
双差し,もろざし,morozashi,普通名詞,抽象物,スポーツ,juman
漏る,もる,moru,動詞,,,juman
猛者,もさ,mosa,普通名詞,人,,juman
毛氈,もうせん,mosen,普通名詞,人工物-その他,,juman
模写,もしゃ,mosha,サ変名詞,抽象物,文化・芸術,juman
模試,もし,moshi,普通名詞,抽象物,教育・学習,juman
申し合い,もうしあい,moshiai,普通名詞,抽象物,,juman
申し分,もうしぶん,moshibun,普通名詞,抽象物,,juman
申し開き,もうしひらき,moshihiraki,普通名詞,抽象物,,juman
申し訳,もうしわけ,moshiwake,サ変名詞,抽象物,,juman
猛暑,もうしょ,mosho,普通名詞,抽象物,,manual
妄想,もうそう,moso,サ変名詞,抽象物,,manual
孟宗竹,もうそうちく,mosochiku,普通名詞,植物,,juman
申す,もうす,mosu,動詞,,,juman
擡げる,もたげる,motageru,動詞,,,juman
もたらす,もたらす,motarasu,動詞,,,juman
凭れる,もたれる,motareru,動詞,,,juman
もたつく,もたつく,motatsuku,動詞,,,juman
弄ぶ,もてあそぶ,moteasobu,動詞,,,juman
持て成し,もてなし,motenashi,サ変名詞,抽象物,料理・食事,juman
もてなす,もてなす,motenasu,動詞,,料理・食事,juman
元,もと,moto,普通名詞,場所-機能;抽象物,,juman
元手,もとで,motode,普通名詞,人工物-金銭,ビジネス,juman
元通り,もとどおり,motodori,ナ形容詞,,,juman
元締め,もとじめ,motojime,普通名詞,人,,juman
求める,もとめる,motomeru,動詞,,,juman
元栓,もとせん,motosen,普通名詞,人工物-その他,家庭・暮らし,juman
基づく,もとづく,motozuku,動詞,,,juman
持つ,もつ,motsu,動詞,,,juman
もつれる,もつれる,motsureru,動詞,,,juman
持って来い,もってこい,mottekoi,ナ形容詞,,,juman
以っての外,もってのほか,mottenohoka,ナ形容詞,,,juman
もっとも,もっとも,mottomo,ナ形容詞,,,juman
もや,もや,moya,普通名詞,抽象物,,juman
萌やし,もやし,moyashi,普通名詞,植物;人工物-食べ物,料理・食事,juman
燃やす,もやす,moyasu,動詞,,,juman
模様,もよう,moyo,普通名詞,形・模様,,juman
模様替え,もようがえ,moyogae,サ変名詞,抽象物,家庭・暮らし,juman
最寄り,もより,moyori,普通名詞,場所-その他,,juman
催し物,もよおしもの,moyoshimono,普通名詞,抽象物,,juman
催す,もよおす,moyosu,動詞,,,juman
模造,もぞう,mozo,サ変名詞,抽象物,文化・芸術,juman
百舌,もず,mozu,普通名詞,動物,,juman
郁子,むべ,mube,普通名詞,植物;人工物-食べ物,料理・食事,juman
無謀,むぼう,mubo,ナ形容詞,,,juman
むちゃ,むちゃ,mucha,ナ形容詞,,,juman
鞭,むち,muchi,普通名詞,人工物-その他,,juman
夢中,むちゅう,muchu,ナ形容詞,,,juman
無駄,むだ,muda,ナ形容詞,,,juman
無駄遣い,むだづかい,mudazukai,サ変名詞,抽象物,,juman
無益,むえき,mueki,ナ形容詞,,,juman
無縁,むえん,muen,ナ形容詞,,,juman
無害,むがい,mugai,ナ形容詞,,,juman
無限,むげん,mugen,ナ形容詞,,,juman
麦,むぎ,mugi,普通名詞,植物,料理・食事,juman
麦畑,むぎばたけ,mugibatake,普通名詞,場所-その他,,juman
麦笛,むぎぶえ,mugibue,普通名詞,人工物-その他,,juman
麦茶,むぎちゃ,mugicha,普通名詞,人工物-食べ物,料理・食事,juman
麦踏み,むぎふみ,mugifumi,普通名詞,抽象物,,juman
麦焦がし,むぎこがし,mugikogashi,普通名詞,人工物-食べ物,料理・食事,juman
麦飯,むぎめし,mugimeshi,普通名詞,人工物-食べ物,料理・食事,juman
麦藁,むぎわら,mugiwara,普通名詞,植物-部位,,juman
むごい,むごい,mugoi,イ形容詞,,,juman
無言,むごん,mugon,普通名詞,抽象物,,manual
むごたらしい,むごたらしい,mugotarashii,イ形容詞,,,juman
無法,むほう,muho,ナ形容詞,,,juman
無為,むい,mui,ナ形容詞,,,juman
無医村,むいそん,muison,普通名詞,場所-その他,健康・医学,juman
無地,むじ,muji,普通名詞,形・模様,,juman
無人,むじん,mujin,普通名詞,抽象物,,manual
無上,むじょう,mujo,ナ形容詞,,,juman
矛盾,むじゅん,mujun,サ変名詞,抽象物,,manual
百足,むかで,mukade,普通名詞,動物,,juman
迎える,むかえる,mukaeru,動詞,,,juman
零余子,むかご,mukago,普通名詞,植物-部位,料理・食事,juman
向かい合わせ,むかいあわせ,mukaiawase,普通名詞,抽象物,,juman
向かい風,むかいかぜ,mukaikaze,普通名詞,抽象物,,juman
無冠,むかん,mukan,普通名詞,抽象物,スポーツ,juman
昔,むかし,mukashi,時相名詞,時間,,juman
昔風,むかしふう,mukashifu,ナ形容詞,,,juman
むかつく,むかつく,mukatsuku,動詞,,,juman
向かう,むかう,mukau,動詞,,,juman
剥ける,むける,mukeru,動詞,,,juman
無期,むき,muki,普通名詞,時間,,juman
剥き出し,むきだし,mukidashi,ナ形容詞,,,juman
剥き身,むきみ,mukimi,普通名詞,人工物-食べ物,料理・食事,juman
無傷,むきず,mukizu,ナ形容詞,,,juman
婿,むこ,muko,普通名詞,人,家庭・暮らし,juman
向こう側,むこうがわ,mukogawa,普通名詞,場所-機能,,juman
向こう岸,むこうぎし,mukogishi,普通名詞,場所-自然,,juman
向こう意気,むこういき,mukoiki,普通名詞,抽象物,,juman
向こう見ず,むこうみず,mukomizu,ナ形容詞,,,juman
向こう脛,むこうずね,mukozune,普通名詞,動物-部位,,juman
剥く,むく,muku,動詞,,,juman
無口,むくち,mukuchi,ナ形容詞,,,juman
椋鳥,むくどり,mukudori,普通名詞,動物,,juman
木槿,むくげ,mukuge,普通名詞,植物,,juman
報いる,むくいる,mukuiru,動詞,,,juman
むくれる,むくれる,mukureru,動詞,,,juman
報われる,むくわれる,mukuwareru,動詞,,,juman
夢魔,むま,muma,普通名詞,人,家庭・暮らし,juman
無名,むめい,mumei,普通名詞,抽象物,,manual
無味,むみ,mumi,普通名詞,抽象物,料理・食事,juman
胸鰭,むなびれ,munabire,普通名詞,動物-部位,,juman
棟木,むなぎ,munagi,普通名詞,人工物-その他,,juman
胸倉,むなぐら,munagura,普通名詞,動物-部位,,juman
胸元,むなもと,munamoto,普通名詞,動物-部位,,juman
胸騒ぎ,むなさわぎ,munasawagi,普通名詞,抽象物,,juman
空しい,むなしい,munashii,イ形容詞,,,juman
棟,むね,mune,普通名詞,場所-施設,,juman
棟上げ,むねあげ,muneage,普通名詞,抽象物,,juman
無念,むねん,munen,ナ形容詞,,,juman
棟割り,むねわり,munewari,普通名詞,抽象物,家庭・暮らし,juman
村,むら,mura,普通名詞,組織・団体;場所-その他,政治,juman
村人,むらびと,murabito,普通名詞,人,,juman
群がる,むらがる,muragaru,動詞,,,juman
村外れ,むらはずれ,murahazure,普通名詞,場所-その他,,juman
斑気,むらき,muraki,ナ形容詞,,,juman
紫,むらさき,murasaki,普通名詞,色,,juman
紫色,むらさきいろ,murasakiiro,普通名詞,色,,juman
蒸らす,むらす,murasu,動詞,,料理・食事,juman
村里,むらざと,murazato,普通名詞,場所-その他,,juman
群れる,むれる,mureru,動詞,,,juman
無理,むり,muri,ナ形容詞,,,juman
無理強い,むりじい,murijii,サ変名詞,抽象物,,juman
無理押し,むりおし,murioshi,サ変名詞,抽象物,,juman
無類,むるい,murui,ナ形容詞,,,juman
無力,むりょく,muryoku,ナ形容詞,,,juman
貪る,むさぼる,musaboru,動詞,,,juman
無策,むさく,musaku,ナ形容詞,,,juman
むさ苦しい,むさくるしい,musakurushii,イ形容詞,,,juman
噎ぶ,むせぶ,musebu,動詞,,,juman
無線,むせん,musen,普通名詞,人工物-その他,,juman
噎せる,むせる,museru,動詞,,健康・医学,juman
武者,むしゃ,musha,普通名詞,人,,juman
武者震い,むしゃぶるい,mushaburui,サ変名詞,抽象物,,juman
虫,むし,mushi,普通名詞,動物,,juman
虫歯,むしば,mushiba,普通名詞,動物-部位,健康・医学,juman
蝕む,むしばむ,mushibamu,動詞,,健康・医学,juman
虫干し,むしぼし,mushiboshi,サ変名詞,抽象物,家庭・暮らし,juman
虫籠,むしかご,mushikago,普通名詞,人工物-その他,レクリエーション,juman
虫けら,むしけら,mushikera,普通名詞,動物,,juman
虫下し,むしくだし,mushikudashi,普通名詞,人工物-その他,健康・医学,juman
虫食い,むしくい,mushikui,普通名詞,抽象物,,juman
虫食い算,むしくいざん,mushikuizan,普通名詞,抽象物,教育・学習,juman
無心,むしん,mushin,ナ形容詞,,,juman
無神論,むしんろん,mushinron,普通名詞,抽象物,文化・芸術,juman
毟る,むしる,mushiru,動詞,,,juman
蒸し焼き,むしやき,mushiyaki,普通名詞,抽象物,料理・食事,juman
無色,むしょく,mushoku,普通名詞,色,,juman
夢想,むそう,muso,サ変名詞,抽象物,,manual
蒸す,むす,musu,動詞,,料理・食事,juman
結び目,むすびめ,musubime,普通名詞,抽象物,,juman
結ぶ,むすぶ,musubu,動詞,,,juman
息子,むすこ,musuko,普通名詞,人,家庭・暮らし,juman
娘,むすめ,musume,普通名詞,人,家庭・暮らし,juman
娘婿,むすめむこ,musumemuko,普通名詞,人,家庭・暮らし,juman
霧笛,むてき,muteki,普通名詞,人工物-その他,交通,juman
無糖,むとう,muto,普通名詞,抽象物,料理・食事,juman
むつごろう,むつごろう,mutsugoro,普通名詞,動物,,juman
睦月,むつき,mutsuki,時相名詞,時間,,juman
むつまじい,むつまじい,mutsumajii,イ形容詞,,,juman
むやみ,むやみ,muyami,ナ形容詞,,,juman
むやみやたら,むやみやたら,muyamiyatara,ナ形容詞,,,juman
無用,むよう,muyo,ナ形容詞,,,juman
無欲,むよく,muyoku,ナ形容詞,,,juman
無惨,むざん,muzan,ナ形容詞,,,juman
むずがゆい,むずがゆい,muzugayui,イ形容詞,,,juman
むずかる,むずかる,muzukaru,動詞,,,juman
難しい,むずかしい,muzukashii,イ形容詞,,,juman
妙,みょう,myo,ナ形容詞,,,juman
妙案,みょうあん,myoan,普通名詞,抽象物,,manual
明晩,みょうばん,myoban,時相名詞,時間,,juman
明朝,みょうちょう,myocho,時相名詞,時間,,juman
茗荷,みょうが,myoga,普通名詞,植物;人工物-食べ物,料理・食事,juman
明後年,みょうごねん,myogonen,時相名詞,時間,,juman
名字,みょうじ,myoji,普通名詞,抽象物,家庭・暮らし,juman
明星,みょうじょう,myojo,普通名詞,自然物,,juman
妙味,みょうみ,myomi,普通名詞,抽象物,料理・食事,juman
明年,みょうねん,myonen,時相名詞,時間,,juman
妙薬,みょうやく,myoyaku,普通名詞,人工物-その他,健康・医学,juman
鍋,なべ,nabe,普通名詞,人工物-その他,料理・食事,juman
鍋蓋,なべぶた,nabebuta,普通名詞,人工物-その他,料理・食事;教育・学習,juman
なびく,なびく,nabiku,動詞,,,juman
嬲る,なぶる,naburu,動詞,,,juman
灘,なだ,nada,普通名詞,場所-その他,,juman
宥める,なだめる,nadameru,動詞,,,juman
なだらか,なだらか,nadaraka,ナ形容詞,,,juman
雪崩,なだれ,nadare,普通名詞,抽象物,,manual
撫でる,なでる,naderu,動詞,,,juman
撫子,なでしこ,nadeshiko,普通名詞,植物,,juman
苗,なえ,nae,普通名詞,植物,,juman
苗床,なえどこ,naedoko,普通名詞,場所-その他,,juman
苗木,なえぎ,naegi,普通名詞,植物,,juman
萎える,なえる,naeru,動詞,,,juman
名札,なふだ,nafuda,普通名詞,人工物-その他,,juman
長丁場,ながちょうば,nagachoba,普通名詞,時間,,juman
長靴,ながぐつ,nagagutsu,普通名詞,人工物-衣類,家庭・暮らし,juman
長火鉢,ながひばち,nagahibachi,普通名詞,人工物-その他,,juman
永い,ながい,nagai,イ形容詞,,,juman
長生き,ながいき,nagaiki,サ変名詞,抽象物,家庭・暮らし;健康・医学,juman
眺める,ながめる,nagameru,動詞,,,juman
長持ち,ながもち,nagamochi,サ変名詞,抽象物,,juman
長年,ながねん,naganen,時相名詞,時間,,juman
長らえる,ながらえる,nagaraeru,動詞,,,juman
流れ星,ながれぼし,nagareboshi,普通名詞,自然物,,juman
流れ弾,ながれだま,nagaredama,普通名詞,人工物-その他,政治,juman
流れる,ながれる,nagareru,動詞,,,juman
流れ作業,ながれさぎょう,nagaresagyo,普通名詞,抽象物,,juman
流し台,ながしだい,nagashidai,普通名詞,場所-施設部位,家庭・暮らし,juman
長袖,ながそで,nagasode,普通名詞,人工物-衣類,家庭・暮らし,juman
流す,ながす,nagasu,動詞,,,juman
ながす鯨,ながすくじら,nagasukujira,普通名詞,動物,,juman
長旅,ながたび,nagatabi,普通名詞,抽象物,家庭・暮らし;レクリエーション,juman
長たらしい,ながたらしい,nagatarashii,イ形容詞,,,juman
長月,ながつき,nagatsuki,時相名詞,時間,,juman
長続き,ながつづき,nagatsuzuki,サ変名詞,抽象物,,juman
長唄,ながうた,nagauta,普通名詞,抽象物,文化・芸術,juman
長屋,ながや,nagaya,普通名詞,場所-施設,家庭・暮らし,juman
長湯,ながゆ,nagayu,サ変名詞,抽象物,家庭・暮らし,juman
嘆かわしい,なげかわしい,nagekawashii,イ形容詞,,,juman
嘆く,なげく,nageku,動詞,,,juman
投げる,なげる,nageru,動詞,,,juman
投げ槍,なげやり,nageyari,普通名詞,抽象物,,juman
凪,なぎ,nagi,普通名詞,抽象物,,manual
なぎなた,なぎなた,naginata,普通名詞,人工物-その他,スポーツ,juman
渚,なぎさ,nagisa,普通名詞,場所-自然,,juman
和む,なごむ,nagomu,動詞,,,juman
名残り,なごり,nagori,普通名詞,抽象物,,juman
和やか,なごやか,nagoyaka,ナ形容詞,,,juman
凪ぐ,なぐ,nagu,動詞,,,juman
慰める,なぐさめる,nagusameru,動詞,,,juman
慰み,なぐさみ,nagusami,普通名詞,抽象物,,juman
亡い,ない,nai,イ形容詞,,,juman
内地,ないち,naichi,普通名詞,場所-その他,,juman
内縁,ないえん,naien,普通名詞,抽象物,家庭・暮らし;政治,juman
内服薬,ないふくやく,naifukuyaku,普通名詞,人工物-食べ物,健康・医学,juman
内外,ないがい,naigai,普通名詞,場所-機能,,juman
ないがしろ,ないがしろ,naigashiro,ナ形容詞,,,juman
内壁,ないへき,naiheki,普通名詞,場所-施設部位,,juman
内耳,ないじ,naiji,普通名詞,動物-部位,健康・医学,juman
内海,ないかい,naikai,普通名詞,場所-自然,,juman
内角,ないかく,naikaku,普通名詞,場所-その他,スポーツ;教育・学習,juman
内国,ないこく,naikoku,普通名詞,場所-その他,,juman
内膜,ないまく,naimaku,普通名詞,動物-部位,健康・医学,juman
内密,ないみつ,naimitsu,ナ形容詞,,,juman
内陸,ないりく,nairiku,普通名詞,場所-その他,,juman
内輪山,ないりんざん,nairinzan,普通名詞,場所-自然,,juman
内線,ないせん,naisen,普通名詞,人工物-その他,ビジネス,juman
内申書,ないしんしょ,naishinsho,普通名詞,人工物-その他;抽象物,教育・学習,juman
内緒,ないしょ,naisho,普通名詞,抽象物,,manual
内職,ないしょく,naishoku,サ変名詞,抽象物,家庭・暮らし;ビジネス,juman
内装,ないそう,naiso,普通名詞,場所-施設部位,,juman
内野,ないや,naiya,普通名詞,場所-その他,スポーツ,juman
内野手,ないやしゅ,naiyashu,普通名詞,人,スポーツ,juman
内臓,ないぞう,naizo,普通名詞,動物-部位,健康・医学;料理・食事,juman
詰る,なじる,najiru,動詞,,,juman
中,なか,naka,普通名詞,場所-機能,,juman
中日,なかび,nakabi,普通名詞,時間,,juman
仲立ち,なかだち,nakadachi,サ変名詞,抽象物,,juman
中弛み,なかだるみ,nakadarumi,サ変名詞,抽象物,,juman
中頃,なかごろ,nakagoro,普通名詞,時間,,juman
中入り,なかいり,nakairi,サ変名詞,抽象物,文化・芸術;スポーツ,juman
中敷き,なかじき,nakajiki,普通名詞,人工物-その他,,juman
仲間,なかま,nakama,普通名詞,組織・団体,,juman
仲間外れ,なかまはずれ,nakamahazure,普通名詞,抽象物,,juman
仲間内,なかまうち,nakamauchi,普通名詞,場所-その他,,juman
仲間割れ,なかまわれ,nakamaware,サ変名詞,抽象物,,juman
仲直り,なかなおり,nakanaori,サ変名詞,抽象物,,juman
中庭,なかにわ,nakaniwa,普通名詞,場所-施設,,juman
中州,なかす,nakasu,普通名詞,場所-自然,,juman
仲違い,なかたがい,nakatagai,サ変名詞,抽象物,,juman
中継ぎ,なかつぎ,nakatsugi,サ変名詞,抽象物,スポーツ,juman
中休み,なかやすみ,nakayasumi,サ変名詞,抽象物,,juman
仲良し,なかよし,nakayoshi,普通名詞,抽象物,,juman
中指,なかゆび,nakayubi,普通名詞,動物-部位,,juman
なけなし,なけなし,nakenashi,普通名詞,抽象物,,juman
泣きべそ,なきべそ,nakibeso,普通名詞,動物-部位,,juman
泣き顔,なきがお,nakigao,普通名詞,抽象物,,juman
泣き声,なきごえ,nakigoe,普通名詞,抽象物,,juman
泣き言,なきごと,nakigoto,普通名詞,抽象物,,juman
泣きじゃくる,なきじゃくる,nakijakuru,動詞,,,juman
泣き虫,なきむし,nakimushi,普通名詞,人,,juman
泣き寝入り,なきねいり,nakineiri,サ変名詞,抽象物,,juman
泣きっ面,なきっつら,nakittsura,普通名詞,動物-部位,,juman
泣き笑い,なきわらい,nakiwarai,サ変名詞,抽象物,,juman
仲人,なこうど,nakodo,普通名詞,人,家庭・暮らし,juman
泣く,なく,naku,動詞,,,juman
亡くなる,なくなる,nakunaru,動詞,,家庭・暮らし,juman
亡くす,なくす,nakusu,動詞,,家庭・暮らし,juman
生,なま,nama,普通名詞,抽象物,,juman
名前,なまえ,namae,普通名詞,抽象物,,manual
生菓子,なまがし,namagashi,普通名詞,人工物-食べ物,料理・食事,juman
生塵,なまごみ,namagomi,普通名詞,人工物-その他,料理・食事,juman
生剥げ,なまはげ,namahage,普通名詞,抽象物,文化・芸術,juman
なまじ,なまじ,namaji,ナ形容詞,,,juman
なまじっか,なまじっか,namajikka,ナ形容詞,,,juman
生齧り,なまかじり,namakajiri,サ変名詞,抽象物,,juman
怠け者,なまけもの,namakemono,普通名詞,人,,juman
怠ける,なまける,namakeru,動詞,,,juman
生木,なまき,namaki,普通名詞,植物,,juman
なまこ,なまこ,namako,普通名詞,動物;人工物-食べ物,料理・食事,juman
なまくら,なまくら,namakura,ナ形容詞,,,juman
なまめかしい,なまめかしい,namamekashii,イ形容詞,,,juman
生身,なまみ,namami,普通名詞,動物,,juman
生水,なまみず,namamizu,普通名詞,自然物,料理・食事,juman
生物,なまもの,namamono,普通名詞,人工物-食べ物,料理・食事,juman
生煮え,なまにえ,namanie,普通名詞,抽象物,,juman
鉛,なまり,namari,普通名詞,自然物,,juman
なまる,なまる,namaru,動詞,,,juman
なます,なます,namasu,動詞,,料理・食事,juman
生卵,なまたまご,namatamago,普通名詞,人工物-食べ物,料理・食事,juman
生魚,なまざかな,namazakana,普通名詞,人工物-食べ物,料理・食事,juman
鯰,なまず,namazu,普通名詞,動物,料理・食事,juman
生爪,なまづめ,namazume,普通名詞,動物-部位,,juman
なめこ,なめこ,nameko,普通名詞,植物;人工物-食べ物,料理・食事,juman
蛞蝓,なめくじ,namekuji,普通名詞,動物,,juman
滑らか,なめらか,nameraka,ナ形容詞,,,juman
嘗める,なめる,nameru,動詞,,料理・食事,juman
鞣し革,なめしがわ,nameshigawa,普通名詞,人工物-その他,家庭・暮らし,juman
鞣す,なめす,namesu,動詞,,,juman
波,なみ,nami,普通名詞,抽象物,,juman
涙,なみだ,namida,サ変名詞,自然物,,juman
涙ながら,なみだながら,namidanagara,ナ形容詞,,,juman
並木,なみき,namiki,普通名詞,植物,,juman
波間,なみま,namima,普通名詞,場所-その他;時間,,juman
並々,なみなみ,naminami,ナ形容詞,,,juman
波乗り,なみのり,naminori,サ変名詞,抽象物,レクリエーション,juman
並製,なみせい,namisei,普通名詞,人工物-その他,,juman
波打ち際,なみうちぎわ,namiuchigiwa,普通名詞,場所-その他,,juman
七色,なないろ,nanairo,普通名詞,色,,juman
七草,ななくさ,nanakusa,普通名詞,植物,料理・食事,juman
七草粥,ななくさがゆ,nanakusagayu,普通名詞,人工物-食べ物,料理・食事,juman
斜め,ななめ,naname,ナ形容詞,,,juman
七つ道具,ななつどうぐ,nanatsudogu,普通名詞,人工物-その他,家庭・暮らし,juman
南北,なんぼく,nanboku,普通名詞,場所-機能,,juman
南部,なんぶ,nanbu,普通名詞,場所-機能,,juman
軟調,なんちょう,nancho,ナ形容詞,,文化・芸術;ビジネス,juman
難題,なんだい,nandai,普通名詞,抽象物,,manual
納戸,なんど,nando,普通名詞,場所-施設,家庭・暮らし,juman
難儀,なんぎ,nangi,ナ形容詞,,,juman
南国,なんごく,nangoku,普通名詞,場所-その他,,juman
何,なに,nani,普通名詞,抽象物,,juman
なにがし,なにがし,nanigashi,普通名詞,抽象物,,juman
何者,なにもの,nanimono,普通名詞,人,,juman
浪花節,なにわぶし,naniwabushi,普通名詞,抽象物,文化・芸術,juman
軟弱,なんじゃく,nanjaku,ナ形容詞,,,juman
南海,なんかい,nankai,普通名詞,場所-その他,交通,juman
難関,なんかん,nankan,普通名詞,抽象物,教育・学習,juman
南京玉,なんきんだま,nankindama,普通名詞,人工物-その他,レクリエーション,juman
軟膏,なんこう,nanko,普通名詞,人工物-その他,健康・医学,juman
軟骨,なんこつ,nankotsu,普通名詞,動物-部位,健康・医学,juman
南極,なんきょく,nankyoku,普通名詞,場所-その他,,juman
軟球,なんきゅう,nankyu,普通名詞,人工物-その他,スポーツ,juman
難民,なんみん,nanmin,普通名詞,人,政治,juman
難問,なんもん,nanmon,普通名詞,抽象物,,manual
南欧,なんおう,nano,普通名詞,場所-その他,,juman
菜の花,なのはな,nanohana,普通名詞,植物,料理・食事,juman
難破,なんぱ,nanpa,サ変名詞,抽象物,交通,juman
南方,なんぽう,nanpo,普通名詞,場所-機能,,juman
南西,なんせい,nansei,普通名詞,場所-機能,,juman
難船,なんせん,nansen,サ変名詞,抽象物,交通,juman
軟式,なんしき,nanshiki,普通名詞,抽象物,スポーツ,juman
南進,なんしん,nanshin,サ変名詞,抽象物,交通,juman
難所,なんしょ,nansho,普通名詞,場所-その他,,juman
軟水,なんすい,nansui,普通名詞,自然物,料理・食事,juman
南端,なんたん,nantan,普通名詞,場所-その他,,juman
難敵,なんてき,nanteki,普通名詞,人,,juman
南天,なんてん,nanten,普通名詞,植物,,juman
南東,なんとう,nanto,普通名詞,場所-機能,,juman
名主,なぬし,nanushi,普通名詞,人,政治,juman
南洋,なんよう,nanyo,普通名詞,場所-その他,,juman
難産,なんざん,nanzan,サ変名詞,抽象物,健康・医学;家庭・暮らし,juman
名折れ,なおれ,naore,普通名詞,抽象物,,juman
治る,なおる,naoru,動詞,,健康・医学,juman
治す,なおす,naosu,動詞,,健康・医学,juman
なおざり,なおざり,naozari,ナ形容詞,,,juman
菜っ葉,なっぱ,nappa,普通名詞,植物,料理・食事,juman
楢,なら,nara,普通名詞,植物,,juman
並べる,ならべる,naraberu,動詞,,,juman
並ぶ,ならぶ,narabu,動詞,,,juman
奈落,ならく,naraku,普通名詞,場所-その他,,juman
均す,ならす,narasu,動詞,,,juman
倣う,ならう,narau,動詞,,,juman
習わし,ならわし,narawashi,普通名詞,抽象物,家庭・暮らし;文化・芸術,juman
奈良漬け,ならづけ,narazuke,普通名詞,人工物-食べ物,料理・食事,juman
成らず者,ならずもの,narazumono,普通名詞,人,,juman
慣れっこ,なれっこ,narekko,ナ形容詞,,,juman
慣れる,なれる,nareru,動詞,,,juman
なり,なり,nari,普通名詞,抽象物,,juman
形振り,なりふり,narifuri,普通名詞,抽象物,,juman
成り金,なりきん,narikin,普通名詞,人工物-その他,,juman
鳴り物,なりもの,narimono,普通名詞,人工物-その他,文化・芸術,juman
鳴り物入り,なりものいり,narimonoiri,普通名詞,抽象物,文化・芸術,juman
生業,なりわい,nariwai,普通名詞,抽象物,家庭・暮らし;ビジネス,juman
成り行き,なりゆき,nariyuki,普通名詞,抽象物,,juman
成る,なる,naru,動詞,,,juman
鳴子,なるこ,naruko,普通名詞,人工物-その他,,juman
情け,なさけ,nasake,普通名詞,抽象物,,juman
為される,なされる,nasareru,動詞,,,juman
為さる,なさる,nasaru,動詞,,,juman
梨,なし,nashi,普通名詞,植物;人工物-食べ物,料理・食事,juman
茄子,なす,nasu,普通名詞,植物;人工物-食べ物,料理・食事,juman
擦る,なする,nasuru,動詞,,,juman
鉈,なた,nata,普通名詞,人工物-その他,,juman
菜種,なたね,natane,普通名詞,人工物-その他,料理・食事,juman
菜種油,なたねあぶら,nataneabura,普通名詞,自然物,料理・食事,juman
夏,なつ,natsu,時相名詞,時間,,juman
夏場,なつば,natsuba,時相名詞,時間,,juman
夏枯れ,なつがれ,natsugare,普通名詞,抽象物,,juman
捺印,なついん,natsuin,サ変名詞,抽象物,ビジネス;家庭・暮らし,juman
懐かしい,なつかしい,natsukashii,イ形容詞,,,juman
懐かしむ,なつかしむ,natsukashimu,動詞,,,juman
懐っこい,なつっこい,natsukkoi,イ形容詞,,,juman
夏物,なつもの,natsumono,普通名詞,人工物-衣類,家庭・暮らし,juman
納豆,なっとう,natto,普通名詞,人工物-食べ物,料理・食事,juman
納得,なっとく,nattoku,サ変名詞,抽象物,,manual
綯う,なう,nau,動詞,,,juman
縄,なわ,nawa,普通名詞,人工物-その他,,juman
縄張り,なわばり,nawabari,普通名詞,抽象物,,juman
苗代,なわしろ,nawashiro,普通名詞,場所-その他,,juman
縄跳び,なわとび,nawatobi,普通名詞,抽象物,レクリエーション,juman
納屋,なや,naya,普通名詞,場所-施設,,juman
悩ましい,なやましい,nayamashii,イ形容詞,,,juman
悩む,なやむ,nayamu,動詞,,,juman
名寄せ,なよせ,nayose,普通名詞,人工物-その他;抽象物,ビジネス;メディア,juman
謎,なぞ,nazo,普通名詞,抽象物,,manual
謎々,なぞなぞ,nazonazo,普通名詞,抽象物,レクリエーション,juman
準える,なぞらえる,nazoraeru,動詞,,,juman
なぞる,なぞる,nazoru,動詞,,,juman
謎解き,なぞとき,nazotoki,サ変名詞,抽象物,,juman
名付け親,なづけおや,nazukeoya,普通名詞,人,家庭・暮らし,juman
薺,なずな,nazuna,普通名詞,植物,料理・食事,juman
寝汗,ねあせ,nease,普通名詞,自然物,健康・医学;家庭・暮らし,juman
粘っこい,ねばっこい,nebakkoi,イ形容詞,,,juman
粘り勝ち,ねばりがち,nebarigachi,普通名詞,抽象物,,juman
粘り腰,ねばりごし,nebarigoshi,普通名詞,抽象物,スポーツ,juman
粘り気,ねばりけ,nebarike,普通名詞,抽象物,,juman
粘る,ねばる,nebaru,動詞,,,juman
寝冷え,ねびえ,nebie,サ変名詞,抽象物,健康・医学;家庭・暮らし,juman
寝坊,ねぼう,nebo,サ変名詞,抽象物,家庭・暮らし,juman
寝袋,ねぶくろ,nebukuro,普通名詞,人工物-その他,レクリエーション,juman
ねだる,ねだる,nedaru,動詞,,,juman
根絶やし,ねだやし,nedayashi,普通名詞,抽象物,,juman
寝床,ねどこ,nedoko,普通名詞,場所-その他,家庭・暮らし,juman
姉ちゃん,ねえちゃん,neechan,普通名詞,人,家庭・暮らし,juman
姉さん,ねえさん,neesan,普通名詞,人,家庭・暮らし,juman
値札,ねふだ,nefuda,普通名詞,人工物-その他,ビジネス,juman
願い下げ,ねがいさげ,negaisage,普通名詞,抽象物,,juman
寝顔,ねがお,negao,普通名詞,動物-部位,家庭・暮らし,juman
願う,ねがう,negau,動詞,,,juman
葱,ねぎ,negi,普通名詞,植物;人工物-食べ物,料理・食事,juman
労う,ねぎらう,negirau,動詞,,,juman
寝心地,ねごこち,negokochi,普通名詞,抽象物,家庭・暮らし,juman
寝言,ねごと,negoto,普通名詞,抽象物,家庭・暮らし,juman
ねぐら,ねぐら,negura,普通名詞,場所-その他,家庭・暮らし,juman
寝癖,ねぐせ,neguse,普通名詞,抽象物,家庭・暮らし,juman
寝息,ねいき,neiki,普通名詞,抽象物,家庭・暮らし,juman
寝入り端,ねいりばな,neiribana,普通名詞,時間,家庭・暮らし,juman
音色,ねいろ,neiro,普通名詞,抽象物,文化・芸術,juman
螺子回し,ねじまわし,nejimawashi,普通名詞,人工物-その他,家庭・暮らし,juman
捩じれる,ねじれる,nejireru,動詞,,,juman
根城,ねじろ,nejiro,普通名詞,場所-施設,,juman
捩じる,ねじる,nejiru,動詞,,,juman
寝かせる,ねかせる,nekaseru,動詞,,家庭・暮らし,juman
寝かす,ねかす,nekasu,動詞,,家庭・暮らし,juman
熱気,ねっき,nekki,普通名詞,自然物;抽象物,,juman
根っこ,ねっこ,nekko,普通名詞,植物-部位,,juman
熱狂,ねっきょう,nekkyo,サ変名詞,抽象物,,manual
猫,ねこ,neko,普通名詞,動物,,juman
猫車,ねこぐるま,nekoguruma,普通名詞,人工物-その他,,juman
猫舌,ねこじた,nekojita,普通名詞,抽象物,料理・食事,juman
猫撫で声,ねこなでごえ,nekonadegoe,普通名詞,抽象物,,juman
猫柳,ねこやなぎ,nekoyanagi,普通名詞,植物,,juman
寝間,ねま,nema,普通名詞,場所-施設,家庭・暮らし,juman
寝間着,ねまき,nemaki,普通名詞,人工物-衣類,家庭・暮らし,juman
根回し,ねまわし,nemawashi,サ変名詞,抽象物,,juman
根元,ねもと,nemoto,普通名詞,植物-部位,,juman
合歓,ねむ,nemu,普通名詞,植物,,juman
眠い,ねむい,nemui,イ形容詞,,,juman
眠気,ねむけ,nemuke,普通名詞,抽象物,家庭・暮らし,juman
眠りこける,ねむりこける,nemurikokeru,動詞,,家庭・暮らし,juman
眠る,ねむる,nemuru,動詞,,家庭・暮らし,juman
眠たい,ねむたい,nemutai,イ形容詞,,,juman
粘板岩,ねんばんがん,nenbangan,普通名詞,自然物,,juman
念仏,ねんぶつ,nenbutsu,サ変名詞,抽象物,文化・芸術,juman
年長,ねんちょう,nencho,ナ形容詞,,,juman
年代,ねんだい,nendai,普通名詞,時間,,juman
粘土,ねんど,nendo,普通名詞,自然物,レクリエーション,juman
粘液,ねんえき,neneki,普通名詞,自然物,,juman
年賀,ねんが,nenga,普通名詞,抽象物,家庭・暮らし,juman
年月日,ねんがっぴ,nengappi,普通名詞,時間,,juman
年限,ねんげん,nengen,普通名詞,時間,,juman
年月,ねんげつ,nengetsu,普通名詞,時間,,juman
懇ろ,ねんごろ,nengoro,ナ形容詞,,,juman
年貢,ねんぐ,nengu,普通名詞,人工物-金銭,政治,juman
念入り,ねんいり,neniri,ナ形容詞,,,juman
年中,ねんじゅう,nenju,時相名詞,時間,,juman
年間,ねんかん,nenkan,時相名詞,時間,,juman
年季,ねんき,nenki,普通名詞,時間,,juman
粘菌,ねんきん,nenkin,普通名詞,植物,,juman
年功,ねんこう,nenko,普通名詞,抽象物,家庭・暮らし;ビジネス,juman
粘膜,ねんまく,nenmaku,普通名詞,動物-部位,健康・医学,juman
ねんねこ,ねんねこ,nenneko,普通名詞,人工物-衣類,,juman
年輩,ねんぱい,nenpai,普通名詞,人,,juman
年報,ねんぽう,nenpo,普通名詞,人工物-その他;抽象物,ビジネス;メディア;政治,juman
年利,ねんり,nenri,普通名詞,人工物-金銭,ビジネス,juman
念力,ねんりき,nenriki,普通名詞,抽象物,,manual
年輪,ねんりん,nenrin,普通名詞,抽象物,,manual
燃料,ねんりょう,nenryo,普通名詞,人工物-その他,家庭・暮らし;交通;科学・技術,juman
年始,ねんし,nenshi,時相名詞,時間,,juman
年初,ねんしょ,nensho,時相名詞,時間,,juman
年収,ねんしゅう,nenshu,普通名詞,人工物-金銭,家庭・暮らし;ビジネス,juman
捻出,ねんしゅつ,nenshutsu,サ変名詞,抽象物,家庭・暮らし;ビジネス,juman
年数,ねんすう,nensu,普通名詞,時間,,juman
年頭,ねんとう,nento,普通名詞,時間,,juman
寝起き,ねおき,neoki,サ変名詞,抽象物,家庭・暮らし,juman
熱波,ねっぱ,neppa,普通名詞,抽象物,,manual
熱風,ねっぷう,neppu,普通名詞,抽象物,,manual
狙い撃ち,ねらいうち,neraiuchi,サ変名詞,抽象物,,juman
狙う,ねらう,nerau,動詞,,,juman
練れる,ねれる,nereru,動詞,,,juman
練り物,ねりもの,nerimono,普通名詞,人工物-食べ物;人工物-その他,料理・食事,juman
練り製品,ねりせいひん,neriseihin,普通名詞,人工物-食べ物,料理・食事,juman
練る,ねる,neru,動詞,,,juman
寝しな,ねしな,neshina,普通名詞,時間,家庭・暮らし,juman
寝そべる,ねそべる,nesoberu,動詞,,家庭・暮らし,juman
熱線,ねっせん,nessen,普通名詞,人工物-その他;抽象物,,juman
熱心,ねっしん,nesshin,ナ形容詞,,,juman
熱唱,ねっしょう,nessho,サ変名詞,抽象物,文化・芸術,juman
熱水,ねっすい,nessui,普通名詞,自然物,,juman
寝姿,ねすがた,nesugata,普通名詞,抽象物,家庭・暮らし,juman
寝たきり,ねたきり,netakiri,普通名詞,抽象物,健康・医学;家庭・暮らし,juman
ねたましい,ねたましい,netamashii,イ形容詞,,,juman
妬む,ねたむ,netamu,動詞,,,juman
熱中,ねっちゅう,netchu,サ変名詞,抽象物,,manual
寝泊まり,ねとまり,netomari,サ変名詞,抽象物,家庭・暮らし,juman
熱演,ねつえん,netsuen,サ変名詞,抽象物,文化・芸術,juman
熱意,ねつい,netsui,普通名詞,抽象物,,manual
熱気球,ねつききゅう,netsukikyu,普通名詞,人工物-乗り物,レクリエーション,juman
熱烈,ねつれつ,netsuretsu,ナ形容詞,,,juman
熱帯,ねったい,nettai,普通名詞,場所-その他,,juman
熱湯,ねっとう,netto,普通名詞,自然物,料理・食事,juman
値打ち,ねうち,neuchi,普通名詞,抽象物,,juman
根分け,ねわけ,newake,サ変名詞,抽象物,,juman
寝技,ねわざ,newaza,普通名詞,抽象物,スポーツ,juman
根雪,ねゆき,neyuki,普通名詞,自然物,,juman
寝覚め,ねざめ,nezame,普通名詞,抽象物,家庭・暮らし,juman
寝相,ねぞう,nezo,普通名詞,抽象物,家庭・暮らし,juman
鼠,ねずみ,nezumi,普通名詞,動物,,juman
鼠色,ねずみいろ,nezumiiro,普通名詞,色,,juman
寝ずの番,ねずのばん,nezunoban,普通名詞,抽象物,,juman
荷揚げ,にあげ,niage,サ変名詞,抽象物,,juman
にべもない,にべもない,nibemonai,イ形容詞,,,juman
煮干し,にぼし,niboshi,普通名詞,人工物-食べ物,料理・食事,juman
鈍い,にぶい,nibui,イ形容詞,,,juman
日,にち,nichi,時相名詞,時間,,juman
日没,にちぼつ,nichibotsu,普通名詞,抽象物,,manual
日限,にちげん,nichigen,普通名詞,時間,,juman
日時,にちじ,nichiji,普通名詞,時間,,juman
日常,にちじょう,nichijo,時相名詞,抽象物,,manual
日輪,にちりん,nichirin,普通名詞,自然物,,juman
日夜,にちや,nichiya,時相名詞,時間,,juman
日曜,にちよう,nichiyo,時相名詞,時間,,juman
日曜版,にちようばん,nichiyoban,普通名詞,人工物-その他,メディア,juman
日曜日,にちようび,nichiyobi,時相名詞,時間,,juman
荷台,にだい,nidai,普通名詞,人工物-その他,,juman
二段構え,にだんがまえ,nidangamae,普通名詞,抽象物,,juman
煮える,にえる,nieru,動詞,,料理・食事,juman
煮え湯,にえゆ,nieyu,普通名詞,自然物,料理・食事,juman
荷札,にふだ,nifuda,普通名詞,人工物-その他,,juman
苦い,にがい,nigai,イ形容詞,,,juman
似顔絵,にがおえ,nigaoe,普通名詞,人工物-その他;抽象物,,juman
にがり,にがり,nigari,普通名詞,自然物,料理・食事,juman
苦る,にがる,nigaru,動詞,,,juman
逃がす,にがす,nigasu,動詞,,,juman
苦手,にがて,nigate,ナ形容詞,,,juman
苦笑い,にがわらい,nigawarai,サ変名詞,抽象物,,juman
逃げ足,にげあし,nigeashi,普通名詞,抽象物,,juman
逃げ場,にげば,nigeba,普通名詞,場所-その他,,juman
逃げ腰,にげごし,nigegoshi,普通名詞,抽象物,,juman
逃げ口,にげぐち,nigeguchi,普通名詞,場所-施設部位,,juman
逃げ道,にげみち,nigemichi,普通名詞,場所-その他;抽象物,,juman
逃げる,にげる,nigeru,動詞,,,juman
握り飯,にぎりめし,nigirimeshi,普通名詞,人工物-食べ物,料理・食事,juman
握り鮨,にぎりずし,nigirizushi,普通名詞,人工物-食べ物,料理・食事,juman
握る,にぎる,nigiru,動詞,,,juman
賑わせる,にぎわせる,nigiwaseru,動詞,,,juman
賑わす,にぎわす,nigiwasu,動詞,,,juman
賑わう,にぎわう,nigiwau,動詞,,,juman
賑やか,にぎやか,nigiyaka,ナ形容詞,,,juman
濁る,にごる,nigoru,動詞,,,juman
濁す,にごす,nigosu,動詞,,,juman
荷車,にぐるま,niguruma,普通名詞,人工物-乗り物,,juman
二本立て,にほんだて,nihondate,普通名詞,抽象物,文化・芸術,juman
日本間,にほんま,nihonma,普通名詞,場所-施設,家庭・暮らし,juman
兄ちゃん,にいちゃん,niichan,普通名詞,人,家庭・暮らし,juman
兄さん,にいさん,niisan,普通名詞,人,家庭・暮らし,juman
虹,にじ,niji,普通名詞,抽象物,,manual
虹鱒,にじます,nijimasu,普通名詞,動物;人工物-食べ物,料理・食事,juman
にじむ,にじむ,nijimu,動詞,,,juman
煮汁,にじる,nijiru,普通名詞,人工物-食べ物,料理・食事,juman
膠,にかわ,nikawa,普通名詞,人工物-その他,科学・技術;文化・芸術,juman
にきび,にきび,nikibi,普通名詞,動物,健康・医学,juman
日課,にっか,nikka,普通名詞,抽象物,,manual
日記,にっき,nikki,普通名詞,抽象物,文化・芸術;家庭・暮らし,juman
日光,にっこう,nikko,普通名詞,抽象物,,manual
日給,にっきゅう,nikkyu,普通名詞,人工物-金銭,ビジネス,juman
にこやか,にこやか,nikoyaka,ナ形容詞,,,juman
肉,にく,niku,普通名詞,動物-部位;人工物-食べ物,料理・食事,juman
肉太,にくぶと,nikubuto,ナ形容詞,,,juman
肉眼,にくがん,nikugan,普通名詞,抽象物,,manual
肉牛,にくぎゅう,nikugyu,普通名詞,動物,,juman
憎い,にくい,nikui,イ形容詞,,,juman
肉じゃが,にくじゃが,nikujaga,普通名詞,人工物-食べ物,料理・食事,juman
憎む,にくむ,nikumu,動詞,,,juman
憎らしい,にくらしい,nikurashii,イ形容詞,,,juman
肉類,にくるい,nikurui,普通名詞,人工物-食べ物,料理・食事,juman
肉声,にくせい,nikusei,普通名詞,抽象物,,manual
憎しみ,にくしみ,nikushimi,普通名詞,抽象物,,juman
肉親,にくしん,nikushin,普通名詞,人,家庭・暮らし,juman
肉食,にくしょく,nikushoku,サ変名詞,抽象物,料理・食事,juman
肉体,にくたい,nikutai,普通名詞,動物,,juman
憎たらしい,にくたらしい,nikutarashii,イ形容詞,,,juman
肉屋,にくや,nikuya,普通名詞,組織・団体,料理・食事,juman
肉付け,にくづけ,nikuzuke,サ変名詞,抽象物,,juman
肉月,にくづき,nikuzuki,普通名詞,抽象物,教育・学習,juman
二枚目,にまいめ,nimaime,普通名詞,人,,juman
煮豆,にまめ,nimame,普通名詞,人工物-食べ物,料理・食事,juman
煮物,にもの,nimono,普通名詞,人工物-食べ物,料理・食事,juman
荷物,にもつ,nimotsu,普通名詞,人工物-その他,,juman
担い手,にないて,ninaite,普通名詞,人,,juman
担う,になう,ninau,動詞,,,juman
人偏,にんべん,ninben,普通名詞,抽象物,教育・学習,juman
任地,にんち,ninchi,普通名詞,場所-その他,政治;ビジネス,juman
人間,にんげん,ningen,普通名詞,人,,juman
人魚,にんぎょ,ningyo,普通名詞,動物,,juman
任意,にんい,nini,ナ形容詞,,,juman
忍者,にんじゃ,ninja,普通名詞,人,,juman
人参,にんじん,ninjin,普通名詞,植物;人工物-食べ物,料理・食事,juman
人情,にんじょう,ninjo,普通名詞,抽象物,,manual
忍術,にんじゅつ,ninjutsu,普通名詞,抽象物,,manual
任期,にんき,ninki,時相名詞,時間,政治;ビジネス,juman
人気者,にんきもの,ninkimono,普通名詞,人,,juman
大蒜,にんにく,ninniku,普通名詞,植物;人工物-食べ物,料理・食事,juman
二の足,にのあし,ninoashi,普通名詞,抽象物,,juman
二の腕,にのうで,ninode,普通名詞,動物-部位,,juman
二の舞い,にのまい,ninomai,普通名詞,抽象物,,juman
二の次,にのつぎ,ninotsugi,普通名詞,抽象物,,juman
人相,にんそう,ninso,普通名詞,形・模様,,juman
忍耐,にんたい,nintai,サ変名詞,抽象物,,manual
荷主,にぬし,ninushi,普通名詞,人,ビジネス,juman
仁王,におう,nio,普通名詞,人,文化・芸術,juman
仁王立ち,におうだち,niodachi,サ変名詞,抽象物,,juman
匂う,におう,niou,動詞,,,juman
にら,にら,nira,普通名詞,植物;人工物-食べ物,料理・食事,juman
睨めっこ,にらめっこ,niramekko,サ変名詞,抽象物,,juman
睨む,にらむ,niramu,動詞,,,juman
二輪,にりん,nirin,普通名詞,人工物-乗り物,交通,juman
似る,にる,niru,動詞,,,juman
偽物,にせもの,nisemono,普通名詞,人工物-その他,,juman
似せる,にせる,niseru,動詞,,,juman
偽札,にせさつ,nisesatsu,普通名詞,人工物-金銭,政治,juman
西,にし,nishi,普通名詞,場所-機能,,juman
西日,にしび,nishibi,普通名詞,抽象物,,manual
西陣織,にしじんおり,nishijinori,普通名詞,人工物-その他,文化・芸術,juman
錦,にしき,nishiki,普通名詞,人工物-その他,,juman
錦絵,にしきえ,nishikie,普通名詞,抽象物,文化・芸術,juman
錦蛇,にしきへび,nishikihebi,普通名詞,動物,,juman
鰊,にしん,nishin,普通名詞,動物;人工物-食べ物,料理・食事,juman
尼僧,にそう,niso,普通名詞,人,文化・芸術,juman
日誌,にっし,nisshi,普通名詞,人工物-その他,教育・学習;ビジネス,juman
日章旗,にっしょうき,nisshoki,普通名詞,人工物-その他,政治,juman
日食,にっしょく,nisshoku,普通名詞,抽象物,,manual
二水,にすい,nisui,普通名詞,抽象物,教育・学習,juman
煮炊き,にたき,nitaki,サ変名詞,抽象物,料理・食事,juman
日直,にっちょく,nitchoku,普通名詞,人;抽象物,教育・学習;ビジネス,juman
日中,にっちゅう,nitchu,時相名詞,時間,,juman
煮付け,につけ,nitsuke,普通名詞,人工物-食べ物,料理・食事,juman
日程,にってい,nittei,普通名詞,抽象物,,manual
日当,にっとう,nitto,普通名詞,人工物-金銭,ビジネス,juman
庭,にわ,niwa,普通名詞,場所-施設,,juman
庭弄り,にわいじり,niwaijiri,普通名詞,抽象物,レクリエーション,juman
庭石,にわいし,niwaishi,普通名詞,自然物,,juman
俄か,にわか,niwaka,ナ形容詞,,,juman
俄か雨,にわかあめ,niwakaame,普通名詞,抽象物,,juman
庭木,にわき,niwaki,普通名詞,植物,,juman
庭先,にわさき,niwasaki,普通名詞,場所-施設部位,,juman
鶏,にわとり,niwatori,普通名詞,動物,料理・食事,juman
煮やす,にやす,niyasu,動詞,,料理・食事,juman
煮魚,にざかな,nizakana,普通名詞,人工物-食べ物,料理・食事,juman
荷造り,にづくり,nizukuri,サ変名詞,抽象物,,juman
野荒らし,のあらし,noarashi,普通名詞,動物;抽象物,,juman
野放し,のばなし,nobanashi,普通名詞,抽象物,,juman
野薔薇,のばら,nobara,普通名詞,植物,,juman
伸ばす,のばす,nobasu,動詞,,,juman
野辺,のべ,nobe,普通名詞,場所-自然;場所-その他,,juman
延べ棒,のべぼう,nobebo,普通名詞,自然物,,juman
述べる,のべる,noberu,動詞,,,juman
野火,のび,nobi,普通名詞,自然物,,juman
延び延び,のびのび,nobinobi,普通名詞,抽象物,,juman
伸びる,のびる,nobiru,動詞,,,juman
伸びやか,のびやか,nobiyaka,ナ形容詞,,,juman
伸び盛り,のびざかり,nobizakari,普通名詞,時間,,juman
幟,のぼり,nobori,普通名詞,人工物-その他,,juman
上り線,のぼりせん,noborisen,普通名詞,人工物-乗り物,交通,juman
上り坂,のぼりざか,noborizaka,普通名詞,場所-その他,交通,juman
上る,のぼる,noboru,動詞,,,juman
のぶん,のぶん,nobun,普通名詞,抽象物,教育・学習,juman
後,のち,nochi,普通名詞,時間,,juman
後々,のちのち,nochinochi,時相名詞,時間,,juman
喉,のど,nodo,普通名詞,動物-部位,,juman
のどぼとけ,のどぼとけ,nodobotoke,普通名詞,動物-部位,,juman
のどちんこ,のどちんこ,nodochinko,普通名詞,動物-部位,,juman
喉ごし,のどごし,nodogoshi,普通名詞,抽象物,料理・食事,juman
のどか,のどか,nodoka,ナ形容詞,,,juman
喉元,のどもと,nodomoto,普通名詞,動物-部位,,juman
農園,のうえん,noen,普通名詞,場所-その他,,juman
農夫,のうふ,nofu,普通名詞,人,,juman
野飼い,のがい,nogai,普通名詞,抽象物,,juman
能書き,のうがき,nogaki,普通名詞,抽象物,,juman
能楽,のうがく,nogaku,普通名詞,抽象物,文化・芸術,juman
逃れる,のがれる,nogareru,動詞,,,juman
逃す,のがす,nogasu,動詞,,,juman
芒,のぎ,nogi,普通名詞,植物-部位,,juman
禾偏,のぎへん,nogihen,普通名詞,抽象物,教育・学習,juman
農具,のうぐ,nogu,普通名詞,人工物-その他,,juman
農業,のうぎょう,nogyo,普通名詞,抽象物,,manual
農繁期,のうはんき,nohanki,時相名詞,時間,,juman
野原,のはら,nohara,普通名詞,場所-自然,,juman
納品,のうひん,nohin,サ変名詞,人工物-その他,ビジネス,juman
農場,のうじょう,nojo,普通名詞,場所-その他,,juman
野宿,のじゅく,nojuku,サ変名詞,抽象物,,manual
農家,のうか,noka,普通名詞,場所-施設,,juman
脳幹,のうかん,nokan,普通名詞,動物-部位,健康・医学,juman
農閑期,のうかんき,nokanki,時相名詞,時間,,juman
除け者,のけもの,nokemono,普通名詞,人,,juman
のける,のける,nokeru,動詞,,,juman
軒,のき,noki,普通名詞,場所-施設部位,家庭・暮らし,juman
軒端,のきば,nokiba,普通名詞,場所-その他,家庭・暮らし,juman
軒先,のきさき,nokisaki,普通名詞,場所-その他,家庭・暮らし,juman
軒下,のきした,nokishita,普通名詞,場所-施設部位,家庭・暮らし,juman
乗っかる,のっかる,nokkaru,動詞,,,juman
乗っける,のっける,nokkeru,動詞,,,juman
農高,のうこう,noko,普通名詞,組織・団体,教育・学習,juman
のこぎり,のこぎり,nokogiri,普通名詞,人工物-その他,,juman
濃紺,のうこん,nokon,普通名詞,色,,juman
残り香,のこりか,nokorika,普通名詞,自然物,,juman
残り物,のこりもの,nokorimono,普通名詞,人工物-その他,科学・技術,juman
残る,のこる,nokoru,動詞,,,juman
残す,のこす,nokosu,動詞,,,juman
納骨,のうこつ,nokotsu,サ変名詞,抽象物,文化・芸術;家庭・暮らし,juman
のく,のく,noku,動詞,,,juman
農協,のうきょう,nokyo,普通名詞,組織・団体,ビジネス,juman
能面,のうめん,nomen,普通名詞,人工物-その他,文化・芸術,juman
のめる,のめる,nomeru,動詞,,,juman
蚤,のみ,nomi,普通名詞,動物,,juman
野道,のみち,nomichi,普通名詞,場所-その他,,juman
飲み口,のみくち,nomikuchi,普通名詞,抽象物,料理・食事,juman
飲み食い,のみくい,nomikui,サ変名詞,抽象物,料理・食事,juman
飲み水,のみみず,nomimizu,普通名詞,自然物,料理・食事,juman
飲み物,のみもの,nomimono,普通名詞,人工物-食べ物,料理・食事,juman
農民,のうみん,nomin,普通名詞,人,,juman
飲み代,のみしろ,nomishiro,普通名詞,人工物-金銭,料理・食事,juman
脳味噌,のうみそ,nomiso,普通名詞,動物-部位,,juman
濃密,のうみつ,nomitsu,ナ形容詞,,,juman
飲み屋,のみや,nomiya,普通名詞,場所-施設,料理・食事,juman
飲む,のむ,nomu,動詞,,料理・食事,juman
のんき,のんき,nonki,ナ形容詞,,,juman
罵る,ののしる,nonoshiru,動詞,,,juman
のうのうと,のうのうと,nonoto,サ変名詞,抽象物,,juman
納入,のうにゅう,nonyu,サ変名詞,抽象物,ビジネス;家庭・暮らし,juman
のっぺらぼう,のっぺらぼう,nopperabo,普通名詞,人;抽象物,,juman
のっぽ,のっぽ,noppo,ナ形容詞,,,juman
野良,のら,nora,普通名詞,抽象物,,manual
野良犬,のらいぬ,norainu,普通名詞,動物,,juman
暖簾,のれん,noren,普通名詞,人工物-その他,家庭・暮らし;料理・食事;ビジネス,juman
海苔,のり,nori,普通名詞,植物;人工物-食べ物,料理・食事,juman
乗合船,のりあいぶね,noriaibune,普通名詞,人工物-乗り物,交通,juman
乗り場,のりば,noriba,普通名詞,場所-その他,交通,juman
乗り気,のりき,noriki,ナ形容詞,,,juman
乗組員,のりくみいん,norikumiin,普通名詞,人,交通,juman
海苔巻き,のりまき,norimaki,普通名詞,人工物-食べ物,料理・食事,juman
乗り物,のりもの,norimono,普通名詞,人工物-乗り物,交通,juman
乗り物酔い,のりものよい,norimonoyoi,サ変名詞,抽象物,健康・医学;交通,juman
乗り降り,のりおり,noriori,サ変名詞,抽象物,交通,juman
糊代,のりしろ,norishiro,普通名詞,人工物-その他,,juman
乗り手,のりて,norite,普通名詞,人,交通,juman
祝詞,のりと,norito,普通名詞,抽象物,文化・芸術,juman
糊付け,のりづけ,norizuke,サ変名詞,抽象物,,juman
のろい,のろい,noroi,イ形容詞,,,juman
のろし,のろし,noroshi,普通名詞,抽象物,,juman
乗る,のる,noru,動詞,,,juman
納涼,のうりょう,noryo,普通名詞,抽象物,家庭・暮らし,juman
能力,のうりょく,noryoku,普通名詞,抽象物,,manual
のさばる,のさばる,nosabaru,動詞,,,juman
農作物,のうさくぶつ,nosakubutsu,普通名詞,人工物-その他,,juman
農産物,のうさんぶつ,nosanbutsu,普通名詞,植物,,juman
乗せる,のせる,noseru,動詞,,,juman
熨斗,のし,noshi,普通名詞,人工物-その他,文化・芸術,juman
熨斗袋,のしぶくろ,noshibukuro,普通名詞,人工物-その他,文化・芸術;家庭・暮らし,juman
熨斗紙,のしがみ,noshigami,普通名詞,人工物-その他,文化・芸術,juman
伸し餅,のしもち,noshimochi,普通名詞,人工物-食べ物,料理・食事,juman
農村,のうそん,noson,普通名詞,場所-その他,,juman
伸す,のす,nosu,動詞,,,juman
のたくる,のたくる,notakuru,動詞,,,juman
宣う,のたまう,notamau,動詞,,,juman
のた打つ,のたうつ,notautsu,動詞,,健康・医学,juman
野天,のてん,noten,普通名詞,人工物-その他;場所-その他,,juman
野焼き,のやき,noyaki,普通名詞,抽象物,,juman
農薬,のうやく,noyaku,普通名詞,人工物-その他,,juman
野山,のやま,noyama,普通名詞,場所-自然,,juman
野晒し,のざらし,nozarashi,普通名詞,抽象物,,juman
納税,のうぜい,nozei,サ変名詞,抽象物,家庭・暮らし;政治,juman
覗き見,のぞきみ,nozokimi,サ変名詞,抽象物,,juman
覗く,のぞく,nozoku,動詞,,,juman
望ましい,のぞましい,nozomashii,イ形容詞,,,juman
望む,のぞむ,nozomu,動詞,,,juman
野末,のずえ,nozue,普通名詞,場所-自然,,juman
脳髄,のうずい,nozui,普通名詞,動物-部位,,juman
脱げる,ぬげる,nugeru,動詞,,,juman
脱ぐ,ぬぐ,nugu,動詞,,,juman
拭う,ぬぐう,nuguu,動詞,,,juman
縫い包み,ぬいぐるみ,nuigurumi,普通名詞,人工物-その他,家庭・暮らし,juman
縫い目,ぬいめ,nuime,普通名詞,抽象物,家庭・暮らし,juman
縫い物,ぬいもの,nuimono,普通名詞,抽象物,家庭・暮らし,juman
縫い代,ぬいしろ,nuishiro,普通名詞,人工物-衣類,家庭・暮らし,juman
糠,ぬか,nuka,普通名詞,植物-部位,料理・食事,juman
糠味噌,ぬかみそ,nukamiso,普通名詞,人工物-食べ物,料理・食事,juman
抜かる,ぬかる,nukaru,動詞,,,juman
ぬかるむ,ぬかるむ,nukarumu,動詞,,,juman
抜かす,ぬかす,nukasu,動詞,,,juman
糠喜び,ぬかよろこび,nukayorokobi,サ変名詞,抽象物,,juman
抜け穴,ぬけあな,nukeana,普通名詞,人工物-その他,,juman
抜け駆け,ぬけがけ,nukegake,サ変名詞,抽象物,,juman
抜け殻,ぬけがら,nukegara,普通名詞,動物-部位;抽象物,,juman
抜け毛,ぬけげ,nukege,普通名詞,自然物,健康・医学,juman
抜け目,ぬけめ,nukeme,普通名詞,抽象物,,juman
抜け道,ぬけみち,nukemichi,普通名詞,場所-施設;抽象物,交通,juman
抜ける,ぬける,nukeru,動詞,,,juman
抜き書き,ぬきがき,nukigaki,サ変名詞,抽象物,,juman
抜き差し,ぬきさし,nukisashi,サ変名詞,抽象物,,juman
抜き手,ぬきて,nukite,普通名詞,抽象物,,juman
抜き打ち,ぬきうち,nukiuchi,普通名詞,抽象物,,juman
抜く,ぬく,nuku,動詞,,,juman
温い,ぬくい,nukui,イ形容詞,,,juman
ぬくぬく,ぬくぬく,nukunuku,ナ形容詞,,,juman
沼,ぬま,numa,普通名詞,場所-自然,,juman
沼地,ぬまち,numachi,普通名詞,場所-自然,,juman
布,ぬの,nuno,普通名詞,人工物-その他,家庭・暮らし,juman
布袋,ぬのぶくろ,nunobukuro,普通名詞,人工物-その他,家庭・暮らし,juman
布地,ぬのじ,nunoji,普通名詞,人工物-その他,家庭・暮らし,juman
濡らす,ぬらす,nurasu,動詞,,,juman
濡れ縁,ぬれえん,nureen,普通名詞,場所-施設部位,,juman
濡れ衣,ぬれぎぬ,nureginu,普通名詞,抽象物,,juman
濡れ鼠,ぬれねずみ,nurenezumi,普通名詞,抽象物,,juman
濡れる,ぬれる,nureru,動詞,,,juman
塗り絵,ぬりえ,nurie,普通名詞,抽象物,レクリエーション,juman
塗り物,ぬりもの,nurimono,普通名詞,人工物-その他,文化・芸術;料理・食事,juman
塗る,ぬる,nuru,動詞,,,juman
ぬるい,ぬるい,nurui,イ形容詞,,,juman
微温湯,ぬるまゆ,nurumayu,普通名詞,自然物,,juman
主,ぬし,nushi,普通名詞,人,,juman
縫う,ぬう,nuu,動詞,,家庭・暮らし,juman
女房,にょうぼう,nyobo,普通名詞,人,家庭・暮らし,juman
女官,にょかん,nyokan,普通名詞,人,政治,juman
女人,にょにん,nyonin,普通名詞,人,,juman
如来,にょらい,nyorai,普通名詞,人,文化・芸術,juman
入部,にゅうぶ,nyubu,サ変名詞,抽象物,教育・学習,juman
入団,にゅうだん,nyudan,サ変名詞,抽象物,スポーツ,juman
入道雲,にゅうどうぐも,nyudogumo,普通名詞,自然物,,juman
入園,にゅうえん,nyuen,サ変名詞,抽象物,レクリエーション;教育・学習,juman
入学,にゅうがく,nyugaku,サ変名詞,抽象物,教育・学習,juman
入玉,にゅうぎょく,nyugyoku,サ変名詞,抽象物,レクリエーション;スポーツ,juman
乳牛,にゅうぎゅう,nyugyu,普通名詞,動物,,juman
乳児,にゅうじ,nyuji,普通名詞,人,健康・医学;家庭・暮らし,juman
入会,にゅうかい,nyukai,サ変名詞,抽象物,家庭・暮らし;ビジネス,juman
入校,にゅうこう,nyuko,サ変名詞,抽象物,教育・学習,juman
入国,にゅうこく,nyukoku,サ変名詞,抽象物,交通,juman
入居,にゅうきょ,nyukyo,サ変名詞,抽象物,家庭・暮らし,juman
入幕,にゅうまく,nyumaku,サ変名詞,抽象物,スポーツ,juman
入門,にゅうもん,nyumon,サ変名詞,抽象物,教育・学習;文化・芸術,juman
入念,にゅうねん,nyunen,ナ形容詞,,,juman
入寮,にゅうりょう,nyuryo,サ変名詞,抽象物,教育・学習;ビジネス,juman
乳酸菌,にゅうさんきん,nyusankin,普通名詞,動物,健康・医学,juman
乳製品,にゅうせいひん,nyuseihin,普通名詞,人工物-食べ物,料理・食事,juman
入籍,にゅうせき,nyuseki,サ変名詞,抽象物,家庭・暮らし,juman
入選,にゅうせん,nyusen,サ変名詞,抽象物,文化・芸術,juman
乳歯,にゅうし,nyushi,普通名詞,動物-部位,,juman
入信,にゅうしん,nyushin,サ変名詞,抽象物,文化・芸術,juman
入賞,にゅうしょう,nyusho,サ変名詞,抽象物,文化・芸術,juman
入湯,にゅうとう,nyuto,サ変名詞,抽象物,レクリエーション,juman
柔和,にゅうわ,nyuwa,ナ形容詞,,,juman
乳幼児,にゅうようじ,nyuyoji,普通名詞,人,健康・医学;家庭・暮らし,juman
入浴,にゅうよく,nyuyoku,サ変名詞,抽象物,家庭・暮らし,juman
入山,にゅうざん,nyuzan,サ変名詞,抽象物,文化・芸術;レクリエーション,juman
大味,おおあじ,oaji,ナ形容詞,,料理・食事,juman
大雨,おおあめ,oame,普通名詞,抽象物,,manual
大荒れ,おおあれ,oare,ナ形容詞,,,juman
大当たり,おおあたり,oatari,サ変名詞,抽象物,,juman
御預け,おあずけ,oazuke,普通名詞,抽象物,,juman
伯母,おば,oba,普通名詞,人,家庭・暮らし,juman
御祖母,おばあ,obaa,普通名詞,人,家庭・暮らし,juman
伯母ちゃん,おばちゃん,obachan,普通名詞,人,家庭・暮らし,juman
御化け,おばけ,obake,普通名詞,人,,juman
尾花,おばな,obana,普通名詞,植物,,juman
大盤振る舞い,おおばんぶるまい,obanburumai,サ変名詞,抽象物,料理・食事,juman
伯母さん,おばさん,obasan,普通名詞,人,家庭・暮らし,juman
おべべ,おべべ,obebe,普通名詞,人工物-衣類,家庭・暮らし,juman
おべっか,おべっか,obekka,普通名詞,抽象物,,juman
大部屋,おおべや,obeya,普通名詞,場所-施設,,juman
帯,おび,obi,普通名詞,人工物-衣類,,juman
怯える,おびえる,obieru,動詞,,,juman
帯状,おびじょう,obijo,普通名詞,形・模様,,juman
尾鰭,おびれ,obire,普通名詞,動物-部位,,juman
おびただしい,おびただしい,obitadashii,イ形容詞,,,juman
脅かせる,おびやかせる,obiyakaseru,動詞,,,juman
脅かす,おびやかす,obiyakasu,動詞,,,juman
応募,おうぼ,obo,サ変名詞,抽象物,,manual
覚え書き,おぼえがき,oboegaki,普通名詞,人工物-その他,,juman
覚える,おぼえる,oboeru,動詞,,,juman
御盆,おぼん,obon,普通名詞,抽象物,文化・芸術;家庭・暮らし;料理・食事,juman
溺れる,おぼれる,oboreru,動詞,,,juman
朧ろ,おぼろ,oboro,ナ形容詞,,,juman
朧ろげ,おぼろげ,oboroge,ナ形容詞,,,juman
朧雲,おぼろぐも,oborogumo,普通名詞,自然物,,juman
朧月夜,おぼろづきよ,oborozukiyo,普通名詞,抽象物;時間,,juman
おぼつかない,おぼつかない,obotsukanai,イ形容詞,,,juman
応分,おうぶん,obun,ナ形容詞,,,juman
大振り,おおぶり,oburi,ナ形容詞,,,juman
大ぶろしき,おおぶろしき,oburoshiki,普通名詞,人工物-その他,,juman
大舞台,おおぶたい,obutai,普通名詞,抽象物,文化・芸術,juman
横着,おうちゃく,ochaku,ナ形容詞,,,juman
落ち葉,おちば,ochiba,普通名詞,植物-部位,,juman
落ち穂,おちぼ,ochibo,普通名詞,植物-部位,,juman
落ちぶれる,おちぶれる,ochibureru,動詞,,,juman
落ち度,おちど,ochido,普通名詞,抽象物,,juman
大内刈り,おおうちがり,ochigari,普通名詞,抽象物,スポーツ,juman
陥る,おちいる,ochiiru,動詞,,,juman
落ち目,おちめ,ochime,普通名詞,抽象物,,juman
落ちる,おちる,ochiru,動詞,,,juman
王朝,おうちょう,ocho,普通名詞,時間,政治,juman
御猪口,おちょこ,ochoko,普通名詞,人工物-その他,料理・食事,juman
大太鼓,おおだいこ,odaiko,普通名詞,人工物-その他,文化・芸術,juman
横断,おうだん,odan,サ変名詞,抽象物,交通,juman
大店,おおだな,odana,普通名詞,場所-施設,ビジネス,juman
大助かり,おおだすかり,odasukari,普通名詞,抽象物,,juman
煽てる,おだてる,odateru,動詞,,,juman
穏やか,おだやか,odayaka,ナ形容詞,,,juman
汚泥,おでい,odei,普通名詞,自然物,,juman
お出かけ,おでかけ,odekake,サ変名詞,抽象物,,juman
おでき,おでき,odeki,普通名詞,動物-部位,健康・医学,juman
おでこ,おでこ,odeko,普通名詞,動物-部位,,juman
お出まし,おでまし,odemashi,普通名詞,抽象物,,juman
おでん,おでん,oden,普通名詞,人工物-食べ物,料理・食事,juman
黄土,おうど,odo,普通名詞,自然物,,juman
大道具,おおどうぐ,odogu,普通名詞,人工物-その他,文化・芸術,juman
黄土色,おうどいろ,odoiro,普通名詞,色,,juman
脅かせる,おどかせる,odokaseru,動詞,,,juman
脅かす,おどかす,odokasu,動詞,,,juman
戯け者,おどけもの,odokemono,普通名詞,人,,juman
おどける,おどける,odokeru,動詞,,,juman
大通り,おおどおり,odori,普通名詞,場所-その他,交通,juman
踊り場,おどりば,odoriba,普通名詞,場所-施設部位,,juman
踊り字,おどりじ,odoriji,普通名詞,抽象物,,juman
踊り子,おどりこ,odoriko,普通名詞,人,文化・芸術,juman
驚く,おどろく,odoroku,動詞,,,juman
躍る,おどる,odoru,動詞,,文化・芸術,juman
脅す,おどす,odosu,動詞,,家庭・暮らし,juman
応援,おうえん,oen,サ変名詞,抽象物,,manual
終える,おえる,oeru,動詞,,,juman
往復,おうふく,ofuku,サ変名詞,抽象物,,manual
御袋,おふくろ,ofukuro,普通名詞,人,家庭・暮らし,juman
御触れ,おふれ,ofure,普通名詞,抽象物,,juman
御布施,おふせ,ofuse,普通名詞,人工物-金銭,文化・芸術,juman
大貝,おおがい,ogai,普通名詞,抽象物,教育・学習,juman
大掛かり,おおがかり,ogakari,ナ形容詞,,,juman
おがくず,おがくず,ogakuzu,普通名詞,人工物-その他,,juman
拝む,おがむ,ogamu,動詞,,文化・芸術,juman
大柄,おおがら,ogara,ナ形容詞,,,juman
大形,おおがた,ogata,ナ形容詞,,,juman
小川,おがわ,ogawa,普通名詞,場所-自然,,juman
扇,おうぎ,ogi,普通名詞,人工物-その他,,juman
扇形,おうぎがた,ogigata,普通名詞,形・模様,,juman
補う,おぎなう,oginau,動詞,,,juman
大切り,おおぎり,ogiri,普通名詞,抽象物,,juman
大声,おおごえ,ogoe,普通名詞,抽象物,,manual
黄金,おうごん,ogon,普通名詞,人工物-その他;色,,juman
奢る,おごる,ogoru,動詞,,,juman
大御所,おおごしょ,ogosho,普通名詞,人,,juman
厳か,おごそか,ogosoka,ナ形容詞,,,juman
大口,おおぐち,oguchi,普通名詞,形・模様,,juman
小倉,おぐら,ogura,普通名詞,人工物-食べ物,料理・食事,juman
大幅,おおはば,ohaba,ナ形容詞,,,juman
御萩,おはぎ,ohagi,普通名詞,人工物-食べ物,料理・食事,juman
おはじき,おはじき,ohajiki,普通名詞,人工物-その他,レクリエーション,juman
おはこ,おはこ,ohako,普通名詞,抽象物,文化・芸術,juman
御花畑,おはなばたけ,ohanabatake,普通名詞,場所-その他,,juman
御祓い,おはらい,oharai,普通名詞,抽象物,文化・芸術,juman
大橋,おおはし,ohashi,普通名詞,場所-施設,交通,juman
御囃子,おはやし,ohayashi,普通名詞,抽象物,文化・芸術,juman
横柄,おうへい,ohei,ナ形容詞,,,juman
王妃,おうひ,ohi,普通名詞,人,政治,juman
御姫様,おひめさま,ohimesama,普通名詞,人,,juman
御開き,おひらき,ohiraki,普通名詞,抽象物,,juman
尾鰭,おひれ,ohire,普通名詞,動物-部位;抽象物,,juman
大広間,おおひろま,ohiroma,普通名詞,場所-施設,,juman
おひたし,おひたし,ohitashi,普通名詞,人工物-食べ物,料理・食事,juman
御膝元,おひざもと,ohizamoto,普通名詞,場所-その他,,juman
おいちゃん,おいちゃん,oichan,普通名詞,人,家庭・暮らし,juman
大一番,おおいちばん,oichiban,普通名詞,抽象物,スポーツ,juman
御家,おいえ,oie,普通名詞,組織・団体,,juman
御家芸,おいえげい,oiegei,普通名詞,抽象物,文化・芸術,juman
老頭,おいがしら,oigashira,普通名詞,抽象物,教育・学習,juman
追い肥,おいごえ,oigoe,普通名詞,人工物-その他,,juman
追い剥ぎ,おいはぎ,oihagi,普通名詞,抽象物,,juman
追い風,おいかぜ,oikaze,普通名詞,抽象物,,juman
負い目,おいめ,oime,普通名詞,人工物-金銭;抽象物,,juman
花魁,おいらん,oiran,普通名詞,人,,juman
大入り,おおいり,oiri,普通名詞,抽象物,文化・芸術,juman
老いる,おいる,oiru,動詞,,家庭・暮らし,juman
老い先,おいさき,oisaki,普通名詞,時間,,juman
大忙し,おおいそがし,oisogashi,ナ形容詞,,,juman
大急ぎ,おおいそぎ,oisogi,ナ形容詞,,,juman
生い立ち,おいたち,oitachi,普通名詞,抽象物,,juman
置いてきぼり,おいてきぼり,oitekibori,普通名詞,抽象物,,juman
追い打ち,おいうち,oiuchi,サ変名詞,抽象物,,juman
王者,おうじゃ,oja,普通名詞,人,政治,juman
おじゃん,おじゃん,ojan,ナ形容詞,,,juman
王子,おうじ,oji,普通名詞,人,政治,juman
伯父ちゃん,おじちゃん,ojichan,普通名詞,人,家庭・暮らし,juman
おじける,おじける,ojikeru,動詞,,,juman
おじけ付く,おじけづく,ojikezuku,動詞,,,juman
伯父さん,おじさん,ojisan,普通名詞,人,家庭・暮らし,juman
おじや,おじや,ojiya,普通名詞,人工物-食べ物,料理・食事,juman
王女,おうじょ,ojo,普通名詞,人,政治,juman
御嬢さん,おじょうさん,ojosan,普通名詞,人,,juman
大所帯,おおじょたい,ojotai,普通名詞,抽象物,家庭・暮らし,juman
丘,おか,oka,普通名詞,場所-自然,,juman
御門違い,おかどちがい,okadochigai,普通名詞,抽象物,,juman
御返し,おかえし,okaeshi,サ変名詞,人工物-その他;抽象物,,juman
お伺い,おうかがい,okagai,サ変名詞,抽象物,,juman
お陰,おかげ,okage,普通名詞,抽象物,,juman
横隔膜,おうかくまく,okakumaku,普通名詞,動物-部位,健康・医学,juman
御構い,おかまい,okamai,普通名詞,抽象物,,juman
阿亀,おかめ,okame,普通名詞,人;人工物-衣類;人工物-食べ物,,juman
狼,おおかみ,okami,普通名詞,動物,,juman
王冠,おうかん,okan,普通名詞,人工物-衣類,政治,juman
おかんむり,おかんむり,okanmuri,普通名詞,抽象物,,juman
御河童,おかっぱ,okappa,普通名詞,形・模様,,juman
岡っ引き,おかっぴき,okappiki,普通名詞,人,,juman
おから,おから,okara,普通名詞,人工物-食べ物,料理・食事,juman
おかしい,おかしい,okashii,イ形容詞,,,juman
侵す,おかす,okasu,動詞,,,juman
御方,おかた,okata,普通名詞,人,,juman
御代わり,おかわり,okawari,サ変名詞,抽象物,料理・食事,juman
おかず,おかず,okazu,普通名詞,人工物-食べ物,料理・食事,juman
桶,おけ,oke,普通名詞,人工物-その他,家庭・暮らし,juman
沖,おき,oki,普通名詞,場所-自然,,juman
沖合,おきあい,okiai,普通名詞,場所-その他,,juman
置き場,おきば,okiba,普通名詞,場所-その他,,juman
大きい,おおきい,okii,イ形容詞,,,juman
御決まり,おきまり,okimari,普通名詞,抽象物,,juman
置き土産,おきみやげ,okimiyage,普通名詞,人工物-その他,,juman
置物,おきもの,okimono,普通名詞,人工物-その他,,juman
翁,おきな,okina,普通名詞,人,,juman
起きる,おきる,okiru,動詞,,家庭・暮らし,juman
掟,おきて,okite,普通名詞,抽象物,,manual
置き手紙,おきてがみ,okitegami,サ変名詞,人工物-その他,家庭・暮らし,juman
置き去り,おきざり,okizari,普通名詞,抽象物,,juman
億劫,おっくう,okku,ナ形容詞,,,juman
おこがましい,おこがましい,okogamashii,イ形容詞,,,juman
王国,おうこく,okoku,普通名詞,場所-その他,政治,juman
行う,おこなう,okonau,動詞,,,juman
御好み,おこのみ,okonomi,普通名詞,抽象物,,juman
御好み焼き,おこのみやき,okonomiyaki,普通名詞,人工物-食べ物,料理・食事,juman
怒りっぽい,おこりっぽい,okorippoi,イ形容詞,,,juman
怒る,おこる,okoru,動詞,,,juman
御腰,おこし,okoshi,普通名詞,人工物-衣類,家庭・暮らし,juman
興す,おこす,okosu,動詞,,ビジネス,juman
怠る,おこたる,okotaru,動詞,,,juman
おこわ,おこわ,okowa,普通名詞,人工物-食べ物,料理・食事,juman
奥,おく,oku,普通名詞,場所-機能,,juman
奥歯,おくば,okuba,普通名詞,動物-部位,,juman
おくび,おくび,okubi,普通名詞,抽象物,,juman
奥地,おくち,okuchi,普通名詞,場所-その他,,juman
屋外,おくがい,okugai,普通名詞,場所-その他,,juman
屋上,おくじょう,okujo,普通名詞,場所-その他,,juman
屋内,おくない,okunai,普通名詞,場所-その他,,juman
御国,おくに,okuni,普通名詞,場所-その他,,juman
奥の手,おくのて,okunote,普通名詞,抽象物,,juman
御蔵入り,おくらいり,okurairi,サ変名詞,抽象物,,juman
遅らせる,おくらせる,okuraseru,動詞,,,juman
遅らす,おくらす,okurasu,動詞,,,juman
遅れ馳せ,おくればせ,okurebase,普通名詞,抽象物,,juman
送り火,おくりび,okuribi,普通名詞,自然物,文化・芸術;家庭・暮らし,juman
送り仮名,おくりがな,okurigana,普通名詞,抽象物,教育・学習,juman
贈り物,おくりもの,okurimono,普通名詞,人工物-その他,家庭・暮らし,juman
送り迎え,おくりむかえ,okurimukae,サ変名詞,抽象物,家庭・暮らし,juman
送り先,おくりさき,okurisaki,普通名詞,抽象物,,juman
送り手,おくりて,okurite,普通名詞,人,メディア,juman
贈る,おくる,okuru,動詞,,,juman
奥様,おくさま,okusama,普通名詞,人,家庭・暮らし,juman
奥さん,おくさん,okusan,普通名詞,人,家庭・暮らし,juman
奥底,おくそこ,okusoko,普通名詞,場所-その他,,juman
おくて,おくて,okute,普通名詞,場所-機能;抽象物,,juman
御悔やみ,おくやみ,okuyami,普通名詞,抽象物,家庭・暮らし,juman
奥行き,おくゆき,okuyuki,普通名詞,抽象物,,juman
奥付け,おくづけ,okuzuke,普通名詞,場所-その他;抽象物,文化・芸術,juman
王宮,おうきゅう,okyu,普通名詞,場所-施設,政治,juman
御前,おまえ,omae,普通名詞,人,,juman
御参り,おまいり,omairi,サ変名詞,抽象物,文化・芸術;家庭・暮らし,juman
おまじない,おまじない,omajinai,普通名詞,抽象物,文化・芸術;家庭・暮らし,juman
大まか,おおまか,omaka,ナ形容詞,,,juman
おまけ,おまけ,omake,サ変名詞,人工物-その他;抽象物,,juman
御守り,おまもり,omamori,普通名詞,人工物-その他,文化・芸術,juman
御祭り,おまつり,omatsuri,サ変名詞,抽象物,文化・芸術;レクリエーション,juman
御巡りさん,おまわりさん,omawarisan,普通名詞,人,政治,juman
おめでた,おめでた,omedeta,普通名詞,抽象物,家庭・暮らし,juman
おめでたい,おめでたい,omedetai,イ形容詞,,,juman
おめかし,おめかし,omekashi,サ変名詞,抽象物,家庭・暮らし,juman
凹面鏡,おうめんきょう,omenkyo,普通名詞,人工物-その他,,juman
御召し,おめし,omeshi,普通名詞,抽象物,,juman
御召し物,おめしもの,omeshimono,普通名詞,人工物-衣類,家庭・暮らし,juman
大見出し,おおみだし,omidashi,普通名詞,人工物-その他,メディア,juman
大見得,おおみえ,omie,普通名詞,抽象物,文化・芸術,juman
御神酒,おみき,omiki,普通名詞,人工物-食べ物,文化・芸術,juman
御輿,おみこし,omikoshi,普通名詞,人工物-乗り物,文化・芸術,juman
御御籤,おみくじ,omikuji,普通名詞,人工物-その他,文化・芸術,juman
女郎花,おみなえし,ominaeshi,普通名詞,植物,,juman
大晦日,おおみそか,omisoka,時相名詞,時間,家庭・暮らし,juman
大水,おおみず,omizu,普通名詞,抽象物,,manual
主,おも,omo,ナ形容詞,,,juman
おもちゃ,おもちゃ,omocha,普通名詞,人工物-その他,レクリエーション;家庭・暮らし,juman
重い,おもい,omoi,イ形容詞,,,juman
思い違い,おもいちがい,omoichigai,サ変名詞,抽象物,,juman
思い出,おもいで,omoide,普通名詞,抽象物,,juman
思い通り,おもいどおり,omoidori,ナ形容詞,,,juman
思い入れ,おもいいれ,omoiire,サ変名詞,抽象物,,juman
思いの丈,おもいのたけ,omoinotake,普通名詞,抽象物,,juman
思い過ごし,おもいすごし,omoisugoshi,普通名詞,抽象物,,juman
思いとどまる,おもいとどまる,omoitodomaru,動詞,,,juman
面影,おもかげ,omokage,普通名詞,抽象物,,manual
面舵,おもかじ,omokaji,普通名詞,抽象物,交通,juman
重き,おもき,omoki,普通名詞,抽象物,,juman
面持ち,おももち,omomochi,普通名詞,抽象物,,juman
趣,おもむき,omomuki,普通名詞,抽象物,,juman
赴く,おもむく,omomuku,動詞,,,juman
阿る,おもねる,omoneru,動詞,,,juman
重荷,おもに,omoni,普通名詞,人工物-その他,,juman
大物,おおもの,omono,普通名詞,人;抽象物,,juman
慮る,おもんぱかる,omonpakaru,動詞,,,juman
錘,おもり,omori,普通名詞,人工物-その他,,juman
重し,おもし,omoshi,普通名詞,人工物-その他,料理・食事,juman
重たい,おもたい,omotai,イ形容詞,,,juman
表,おもて,omote,普通名詞,場所-機能,,juman
表通り,おもてどおり,omotedori,普通名詞,場所-その他,,juman
表書き,おもてがき,omotegaki,サ変名詞,抽象物,,juman
表玄関,おもてげんかん,omotegenkan,普通名詞,場所-施設部位,家庭・暮らし,juman
表門,おもてもん,omotemon,普通名詞,場所-施設,,juman
表向き,おもてむき,omotemuki,普通名詞,場所-機能,,juman
大もと,おおもと,omoto,普通名詞,抽象物,,juman
思う壷,おもうつぼ,omotsubo,普通名詞,抽象物,,juman
思う,おもう,omou,動詞,,,juman
思わせ振り,おもわせぶり,omowaseburi,ナ形容詞,,,juman
母屋,おもや,omoya,普通名詞,場所-施設,家庭・暮らし,juman
面差し,おもざし,omozashi,普通名詞,抽象物,,juman
鸚鵡,おうむ,omu,普通名詞,動物,,juman
おうむ返し,おうむがえし,omugaeshi,普通名詞,抽象物,,juman
大麦,おおむぎ,omugi,普通名詞,植物,料理・食事,juman
御迎え,おむかえ,omukae,サ変名詞,抽象物,,juman
大昔,おおむかし,omukashi,時相名詞,時間,,juman
大向こう,おおむこう,omuko,普通名詞,人;場所-施設部位,,juman
大棟,おおむね,omune,普通名詞,人工物-その他,,juman
大紫,おおむらさき,omurasaki,普通名詞,動物,,juman
おむすび,おむすび,omusubi,普通名詞,人工物-食べ物,料理・食事,juman
おむつ,おむつ,omutsu,普通名詞,人工物-衣類,家庭・暮らし,juman
尾長鳥,おながどり,onagadori,普通名詞,動物,,juman
同い年,おないどし,onaidoshi,普通名詞,抽象物,,juman
同じ,おなじ,onaji,ナ形容詞,,,juman
おなじみ,おなじみ,onajimi,普通名詞,抽象物,,juman
お腹,おなか,onaka,普通名詞,動物-部位,,juman
大波,おおなみ,onami,普通名詞,抽象物,,manual
大鉈,おおなた,onata,普通名詞,人工物-その他,,juman
音引き,おんびき,onbiki,サ変名詞,抽象物,教育・学習,juman
音便,おんびん,onbin,普通名詞,抽象物,教育・学習,juman
おんぼろ,おんぼろ,onboro,ナ形容詞,,,juman
おんぶ,おんぶ,onbu,サ変名詞,抽象物,家庭・暮らし,juman
御中,おんちゅう,onchu,普通名詞,場所-機能,,juman
温暖,おんだん,ondan,ナ形容詞,,,juman
音読,おんどく,ondoku,サ変名詞,抽象物,教育・学習,juman
雄鶏,おんどり,ondori,普通名詞,動物,,juman
尾根,おね,one,普通名詞,場所-自然,,juman
往年,おうねん,onen,普通名詞,時間,,juman
おねしょ,おねしょ,onesho,普通名詞,抽象物,家庭・暮らし,juman
恩返し,おんがえし,ongaeshi,サ変名詞,抽象物,,juman
音楽,おんがく,ongaku,普通名詞,抽象物,文化・芸術,juman
音源,おんげん,ongen,普通名詞,抽象物,文化・芸術,juman
鬼,おに,oni,普通名詞,人,文化・芸術,juman
鬼瓦,おにがわら,onigawara,普通名詞,人工物-その他,,juman
御握り,おにぎり,onigiri,普通名詞,人工物-食べ物,料理・食事,juman
鬼ごっこ,おにごっこ,onigokko,普通名詞,抽象物,レクリエーション,juman
おにひとで,おにひとで,onihitode,普通名詞,動物,,juman
音域,おんいき,oniki,普通名詞,場所-その他,文化・芸術,juman
大人数,おおにんずう,oninzu,普通名詞,組織・団体,,juman
おにやんま,おにやんま,oniyanma,普通名詞,動物,,juman
恩人,おんじん,onjin,普通名詞,人,,juman
温情,おんじょう,onjo,普通名詞,抽象物,,manual
音階,おんかい,onkai,普通名詞,抽象物,文化・芸術,juman
音感,おんかん,onkan,普通名詞,抽象物,文化・芸術,juman
恩恵,おんけい,onkei,普通名詞,抽象物,,manual
穏健,おんけん,onken,ナ形容詞,,,juman
温厚,おんこう,onko,ナ形容詞,,,juman
音訓,おんくん,onkun,普通名詞,抽象物,教育・学習,juman
音響,おんきょう,onkyo,普通名詞,抽象物,,manual
恩給,おんきゅう,onkyu,普通名詞,人工物-金銭,政治,juman
隠密,おんみつ,onmitsu,普通名詞,抽象物,,manual
女,おんな,onna,普通名詞,人,,juman
女手,おんなで,onnade,普通名詞,人,,juman
女偏,おんなへん,onnahen,普通名詞,抽象物,教育・学習,juman
おんなじ,おんなじ,onnaji,ナ形容詞,,,juman
女の子,おんなのこ,onnanoko,普通名詞,人,家庭・暮らし,juman
女らしい,おんならしい,onnarashii,イ形容詞,,,juman
おんなし,おんなし,onnashi,ナ形容詞,,,juman
女湯,おんなゆ,onnayu,普通名詞,場所-施設,家庭・暮らし,juman
女盛り,おんなざかり,onnazakari,普通名詞,人;時間,,juman
斧,おの,ono,普通名詞,人工物-その他,,juman
おののく,おののく,ononoku,動詞,,,juman
己,おのれ,onore,普通名詞,人,,juman
音符,おんぷ,onpu,普通名詞,抽象物,文化・芸術,juman
音叉,おんさ,onsa,普通名詞,人工物-その他,文化・芸術,juman
音声,おんせい,onsei,普通名詞,抽象物,,manual
温泉,おんせん,onsen,普通名詞,場所-自然,レクリエーション,juman
音節,おんせつ,onsetsu,普通名詞,抽象物,教育・学習,juman
恩師,おんし,onshi,普通名詞,人,教育・学習,juman
恩知らず,おんしらず,onshirazu,ナ形容詞,,,juman
温室,おんしつ,onshitsu,普通名詞,場所-施設,,juman
温床,おんしょう,onsho,普通名詞,場所-その他,,juman
温水,おんすい,onsui,普通名詞,自然物,,juman
温帯,おんたい,ontai,普通名詞,場所-その他,,juman
音程,おんてい,ontei,普通名詞,抽象物,文化・芸術,juman
穏当,おんとう,onto,ナ形容詞,,,juman
温和,おんわ,onwa,ナ形容詞,,,juman
音読み,おんよみ,onyomi,サ変名詞,抽象物,教育・学習,juman
おおっぴら,おおっぴら,oppira,ナ形容詞,,,juman
尾っぽ,おっぽ,oppo,普通名詞,動物-部位,,juman
おら,おら,ora,普通名詞,人,,juman
大らか,おおらか,oraka,ナ形容詞,,,juman
俺,おれ,ore,普通名詞,人,,juman
御礼,おれい,orei,普通名詞,人工物-その他;抽象物,,juman
折れる,おれる,oreru,動詞,,,juman
おれたち,おれたち,oretachi,普通名詞,人,,juman
檻,おり,ori,普通名詞,場所-施設,,juman
折り紙,おりがみ,origami,普通名詞,人工物-その他,レクリエーション,juman
折り紙付き,おりがみつき,origamitsuki,普通名詞,抽象物,,juman
織り姫,おりひめ,orihime,普通名詞,人,,juman
折から,おりから,orikara,時相名詞,抽象物,,juman
折り目,おりめ,orime,普通名詞,場所-その他,,juman
織物,おりもの,orimono,普通名詞,人工物-その他,家庭・暮らし,juman
下りる,おりる,oriru,動詞,,,juman
織り屋,おりや,oriya,普通名詞,組織・団体,,juman
折り詰め,おりづめ,orizume,普通名詞,人工物-その他,料理・食事,juman
折り鶴,おりづる,orizuru,普通名詞,人工物-その他,レクリエーション,juman
往路,おうろ,oro,普通名詞,場所-施設,交通,juman
疎か,おろそか,orosoka,ナ形容詞,,,juman
卸す,おろす,orosu,動詞,,ビジネス,juman
居る,おる,oru,動詞,,,juman
御定まり,おさだまり,osadamari,普通名詞,抽象物,,juman
抑える,おさえる,osaeru,動詞,,,juman
御下がり,おさがり,osagari,普通名詞,人工物-その他,家庭・暮らし,juman
御下げ,おさげ,osage,普通名詞,形・模様,,juman
大匙,おおさじ,osaji,普通名詞,人工物-その他,料理・食事,juman
王様,おうさま,osama,普通名詞,人,,juman
収まる,おさまる,osamaru,動詞,,,juman
修める,おさめる,osameru,動詞,,教育・学習,juman
御産,おさん,osan,普通名詞,抽象物,健康・医学;家庭・暮らし,juman
幼子,おさなご,osanago,普通名詞,人,家庭・暮らし,juman
幼心,おさなごころ,osanagokoro,普通名詞,抽象物,,manual
幼い,おさない,osanai,イ形容詞,,,juman
幼馴染み,おさななじみ,osananajimi,普通名詞,人,家庭・暮らし,juman
おさらい,おさらい,osarai,サ変名詞,抽象物,教育・学習,juman
大騒ぎ,おおさわぎ,osawagi,サ変名詞,抽象物,,juman
仰せ,おおせ,ose,普通名詞,抽象物,,juman
御節,おせち,osechi,普通名詞,人工物-食べ物,料理・食事,juman
旺盛,おうせい,osei,ナ形容詞,,,juman
おおせる,おおせる,oseru,動詞,,,juman
応接間,おうせつま,osetsuma,普通名詞,場所-施設,家庭・暮らし,juman
おしゃべり,おしゃべり,oshaberi,サ変名詞,抽象物,,juman
おしゃれ,おしゃれ,oshare,サ変名詞,抽象物,家庭・暮らし,juman
牡牛,おうし,oshi,普通名詞,動物,,juman
押し葉,おしば,oshiba,普通名詞,人工物-その他,レクリエーション,juman
押し花,おしばな,oshibana,普通名詞,人工物-その他,レクリエーション,juman
雄蘂,おしべ,oshibe,普通名詞,植物-部位,,juman
御七夜,おしちや,oshichiya,普通名詞,時間,家庭・暮らし,juman
鴛鴦,おしどり,oshidori,普通名詞,動物,,juman
教え子,おしえご,oshiego,普通名詞,人,教育・学習,juman
教える,おしえる,oshieru,動詞,,教育・学習,juman
惜しい,おしい,oshii,イ形容詞,,,juman
押し入れ,おしいれ,oshiire,普通名詞,場所-施設部位,家庭・暮らし,juman
おしまい,おしまい,oshimai,普通名詞,抽象物,,juman
押し問答,おしもんどう,oshimondo,サ変名詞,抽象物,,juman
惜しむ,おしむ,oshimu,動詞,,,juman
往信,おうしん,oshin,普通名詞,人工物-その他,,juman
御忍び,おしのび,oshinobi,普通名詞,抽象物,,juman
押しのける,おしのける,oshinokeru,動詞,,,juman
大潮,おおしお,oshio,普通名詞,抽象物,,manual
王室,おうしつ,oshitsu,普通名詞,場所-施設,政治,juman
押し売り,おしうり,oshiuri,サ変名詞,抽象物,家庭・暮らし,juman
王将,おうしょう,osho,普通名詞,人工物-その他,レクリエーション;スポーツ,juman
遅い,おそい,osoi,イ形容詞,,,juman
大掃除,おおそうじ,osoji,サ変名詞,抽象物,家庭・暮らし,juman
遅く,おそく,osoku,普通名詞,時間,,juman
遅蒔き,おそまき,osomaki,普通名詞,抽象物,,juman
遅生まれ,おそうまれ,osomare,普通名詞,抽象物,教育・学習,juman
御供え,おそなえ,osonae,普通名詞,人工物-その他,文化・芸術,juman
恐れおののく,おそれおののく,osoreononoku,動詞,,,juman
恐れる,おそれる,osoreru,動詞,,,juman
恐ろしい,おそろしい,osoroshii,イ形容詞,,,juman
襲う,おそう,osou,動詞,,,juman
教わる,おそわる,osowaru,動詞,,教育・学習,juman
遅咲き,おそざき,osozaki,サ変名詞,抽象物,,juman
仰る,おっしゃる,ossharu,動詞,,,juman
雄,おす,osu,普通名詞,抽象物,,juman
汚水,おすい,osui,普通名詞,人工物-その他,家庭・暮らし,juman
御墨付き,おすみつき,osumitsuki,普通名詞,抽象物,,juman
押すな押すな,おすなおすな,osunaosuna,ナ形容詞,,,juman
御裾分け,おすそわけ,osusowake,サ変名詞,抽象物,家庭・暮らし,juman
御立ち,おたち,otachi,普通名詞,抽象物,,juman
おたふく,おたふく,otafuku,普通名詞,人,健康・医学,juman
御互い,おたがい,otagai,普通名詞,抽象物,,juman
おたまじゃくし,おたまじゃくし,otamajakushi,普通名詞,動物,,juman
おっちゃん,おっちゃん,otchan,普通名詞,人,家庭・暮らし,juman
おっちょこちょい,おっちょこちょい,otchokochoi,ナ形容詞,,,juman
大手,おおて,ote,普通名詞,組織・団体;場所-施設,,juman
御手上げ,おてあげ,oteage,普通名詞,抽象物,,juman
御手玉,おてだま,otedama,普通名詞,人工物-その他,レクリエーション,juman
御点前,おてまえ,otemae,普通名詞,抽象物,文化・芸術,juman
お手の物,おてのもの,otenomono,普通名詞,抽象物,,juman
音,おと,oto,普通名詞,抽象物,,juman
御伽,おとぎ,otogi,普通名詞,抽象物,文化・芸術,juman
御伽話,おとぎばなし,otogibanashi,普通名詞,抽象物,文化・芸術,juman
男,おとこ,otoko,普通名詞,人,,juman
男手,おとこで,otokode,普通名詞,人,,juman
男君,おとこぎみ,otokogimi,普通名詞,人,,juman
男泣き,おとこなき,otokonaki,サ変名詞,抽象物,,juman
男の子,おとこのこ,otokonoko,普通名詞,人,家庭・暮らし,juman
男らしい,おとこらしい,otokorashii,イ形容詞,,,juman
男衆,おとこしゅう,otokoshu,普通名詞,組織・団体,,juman
男湯,おとこゆ,otokoyu,普通名詞,場所-施設,家庭・暮らし,juman
乙女,おとめ,otome,普通名詞,人,,juman
御供,おとも,otomo,サ変名詞,人;抽象物,,juman
大人,おとな,otona,普通名詞,人,,juman
おとなしい,おとなしい,otonashii,イ形容詞,,,juman
囮,おとり,otori,普通名詞,抽象物,,manual
衰える,おとろえる,otoroeru,動詞,,,juman
劣る,おとる,otoru,動詞,,,juman
落とし穴,おとしあな,otoshiana,普通名詞,人工物-その他,,juman
御年玉,おとしだま,otoshidama,普通名詞,人工物-金銭,家庭・暮らし,juman
陥れる,おとしいれる,otoshiireru,動詞,,,juman
貶める,おとしめる,otoshimeru,動詞,,,juman
落とし物,おとしもの,otoshimono,普通名詞,人工物-その他,家庭・暮らし,juman
落とし主,おとしぬし,otoshinushi,普通名詞,人,,juman
落とす,おとす,otosu,動詞,,,juman
弟,おとうと,ototo,普通名詞,人,家庭・暮らし,juman
おととい,おととい,ototoi,時相名詞,時間,,juman
おととし,おととし,ototoshi,時相名詞,時間,,juman
凹凸,おうとつ,ototsu,普通名詞,形・模様,,juman
訪れる,おとずれる,otozureru,動詞,,,juman
大粒,おおつぶ,otsubu,ナ形容詞,,,juman
御告げ,おつげ,otsuge,普通名詞,抽象物,,juman
御釣り,おつり,otsuri,普通名詞,人工物-金銭,家庭・暮らし,juman
大写し,おおうつし,otsushi,サ変名詞,抽象物,,juman
追っ手,おって,otte,普通名詞,人,,juman
夫,おっと,otto,普通名詞,人,家庭・暮らし,juman
おっとせい,おっとせい,ottosei,普通名詞,動物,,juman
押っ付け,おっつけ,ottsuke,普通名詞,抽象物,スポーツ,juman
おっつける,おっつける,ottsukeru,動詞,,,juman
おわび,おわび,owabi,サ変名詞,抽象物,,juman
大笑い,おおわらい,owarai,サ変名詞,抽象物,,juman
大童,おおわらわ,owarawa,ナ形容詞,,,juman
終わる,おわる,owaru,動詞,,,juman
大技,おおわざ,owaza,普通名詞,抽象物,スポーツ,juman
親,おや,oya,普通名詞,人,家庭・暮らし,juman
親分,おやぶん,oyabun,普通名詞,人,,juman
親会社,おやがいしゃ,oyagaisha,普通名詞,組織・団体;場所-施設,ビジネス,juman
親心,おやごころ,oyagokoro,普通名詞,抽象物,家庭・暮らし,juman
親父,おやじ,oyaji,普通名詞,人,家庭・暮らし,juman
親方,おやかた,oyakata,普通名詞,人,,juman
親子,おやこ,oyako,普通名詞,組織・団体,家庭・暮らし,juman
女形,おやま,oyama,普通名詞,人,文化・芸術,juman
親元,おやもと,oyamoto,普通名詞,場所-その他,家庭・暮らし,juman
親潮,おやしお,oyashio,普通名詞,抽象物,,manual
親知らず,おやしらず,oyashirazu,普通名詞,動物-部位,健康・医学,juman
おやつ,おやつ,oyatsu,普通名詞,人工物-食べ物,料理・食事,juman
親指,おやゆび,oyayubi,普通名詞,動物-部位,,juman
親譲り,おやゆずり,oyayuzuri,普通名詞,抽象物,,juman
応用,おうよう,oyo,サ変名詞,抽象物,,manual
御呼ばれ,およばれ,oyobare,サ変名詞,抽象物,,juman
御呼び,および,oyobi,サ変名詞,抽象物,,juman
及び腰,およびごし,oyobigoshi,普通名詞,抽象物,,juman
及ぼす,およぼす,oyobosu,動詞,,,juman
及ぶ,およぶ,oyobu,動詞,,,juman
泳ぐ,およぐ,oyogu,動詞,,,juman
大喜び,おおよろこび,oyorokobi,サ変名詞,抽象物,,juman
王座,おうざ,oza,普通名詞,場所-施設部位,スポーツ;政治,juman
大勢,おおぜい,ozei,普通名詞,人,,juman
大関,おおぜき,ozeki,普通名詞,人,スポーツ,juman
御膳立て,おぜんだて,ozendate,サ変名詞,抽象物,,juman
王族,おうぞく,ozoku,普通名詞,組織・団体,政治,juman
おぞましい,おぞましい,ozomashii,イ形容詞,,,juman
大空,おおぞら,ozora,普通名詞,抽象物,,manual
大掴み,おおづかみ,ozukami,サ変名詞,抽象物,,juman
大詰め,おおづめ,ozume,普通名詞,抽象物,,juman
大相撲,おおずもう,ozumo,普通名詞,抽象物,スポーツ,juman
ぺちゃんこ,ぺちゃんこ,pechanko,ナ形容詞,,,juman
ぺんぺん草,ぺんぺんぐさ,penpengusa,普通名詞,植物,,juman
ぺらぺら,ぺらぺら,perapera,ナ形容詞,,,juman
ぺしゃんこ,ぺしゃんこ,peshanko,ナ形容詞,,,juman
ぺてん,ぺてん,peten,普通名詞,抽象物,,juman
ぴったり,ぴったり,pittari,ナ形容詞,,,juman
っ放す,っぱなす,ppanasu,動詞,,,juman
螺鈿,らでん,raden,普通名詞,人工物-その他;抽象物,文化・芸術,juman
雷鳥,らいちょう,raicho,普通名詞,動物,,juman
来月,らいげつ,raigetsu,時相名詞,時間,,juman
雷魚,らいぎょ,raigyo,普通名詞,動物,料理・食事,juman
来賓,らいひん,raihin,普通名詞,人,,juman
雷神,らいじん,raijin,普通名詞,人,,juman
来夏,らいか,raika,時相名詞,時間,,juman
来期,らいき,raiki,時相名詞,時間,,juman
来航,らいこう,raiko,サ変名詞,抽象物,交通,juman
来客,らいきゃく,raikyaku,普通名詞,人,,juman
雷鳴,らいめい,raimei,普通名詞,抽象物,,manual
来年,らいねん,rainen,時相名詞,時間,,juman
来世,らいせ,raise,普通名詞,時間,,juman
来信,らいしん,raishin,普通名詞,人工物-その他,,juman
来秋,らいしゅう,raishu,時相名詞,時間,,juman
来春,らいしゅん,raishun,時相名詞,時間,,juman
雷雨,らいう,raiu,普通名詞,抽象物,,manual
雷雲,らいうん,raiun,普通名詞,自然物,,juman
羅漢,らかん,rakan,普通名詞,人,文化・芸術,juman
落下,らっか,rakka,サ変名詞,抽象物,,manual
落下傘,らっかさん,rakkasan,普通名詞,人工物-その他,,juman
落花生,らっかせい,rakkasei,普通名詞,植物;人工物-食べ物,料理・食事,juman
らっきょう,らっきょう,rakkyo,普通名詞,植物;人工物-食べ物,料理・食事,juman
落球,らっきゅう,rakkyu,サ変名詞,抽象物,スポーツ,juman
楽,らく,raku,ナ形容詞,,,juman
落馬,らくば,rakuba,サ変名詞,抽象物,スポーツ,juman
駱駝,らくだ,rakuda,普通名詞,動物,,juman
落第,らくだい,rakudai,サ変名詞,抽象物,教育・学習,juman
楽土,らくど,rakudo,普通名詞,場所-その他,,juman
楽園,らくえん,rakuen,普通名詞,場所-その他,,juman
落書き,らくがき,rakugaki,サ変名詞,抽象物,家庭・暮らし,juman
落語,らくご,rakugo,普通名詞,抽象物,文化・芸術,juman
烙印,らくいん,rakuin,普通名詞,人工物-その他,,juman
落日,らくじつ,rakujitsu,普通名詞,自然物,,juman
落雷,らくらい,rakurai,サ変名詞,抽象物,,manual
落石,らくせき,rakuseki,サ変名詞,抽象物,,manual
落選,らくせん,rakusen,サ変名詞,抽象物,文化・芸術;政治,juman
楽勝,らくしょう,rakusho,サ変名詞,抽象物,,manual
落胆,らくたん,rakutan,サ変名詞,抽象物,,manual
楽焼き,らくやき,rakuyaki,普通名詞,人工物-その他,文化・芸術,juman
落葉,らくよう,rakuyo,サ変名詞,抽象物,,manual
蘭,らん,ran,普通名詞,植物,,juman
乱舞,らんぶ,ranbu,サ変名詞,抽象物,,manual
乱打,らんだ,randa,サ変名詞,抽象物,スポーツ,juman
蘭学,らんがく,rangaku,普通名詞,抽象物,健康・医学;教育・学習;科学・技術,juman
卵胞,らんほう,ranho,普通名詞,動物-部位,健康・医学,juman
卵殻,らんかく,rankaku,普通名詞,自然物,,juman
卵管,らんかん,rankan,普通名詞,動物-部位,健康・医学,juman
卵形,らんけい,rankei,普通名詞,形・模様,,juman
欄間,らんま,ranma,普通名詞,場所-施設部位,家庭・暮らし,juman
卵黄,らんおう,rano,普通名詞,人工物-食べ物,料理・食事,juman
卵白,らんぱく,ranpaku,普通名詞,人工物-食べ物,料理・食事,juman
卵子,らんし,ranshi,普通名詞,動物-部位,健康・医学,juman
乱層雲,らんそううん,ranson,普通名詞,自然物,,juman
乱雲,らんうん,ranun,普通名詞,自然物,,juman
乱雑,らんざつ,ranzatsu,ナ形容詞,,,juman
老酒,らおちゅー,raochu,普通名詞,人工物-食べ物,料理・食事,juman
らっぱ,らっぱ,rappa,普通名詞,人工物-その他,文化・芸術,juman
らっぱ飲み,らっぱのみ,rappanomi,サ変名詞,抽象物,料理・食事,juman
螺旋,らせん,rasen,普通名詞,形・模様,,juman
らしい,らしい,rashii,イ形容詞,,,juman
羅針盤,らしんばん,rashinban,普通名詞,人工物-その他,交通,juman
らっしゃる,らっしゃる,rassharu,動詞,,,juman
冷房,れいぼう,reibo,サ変名詞,人工物-その他;抽象物,,juman
霊長類,れいちょうるい,reichorui,普通名詞,動物,,juman
例題,れいだい,reidai,普通名詞,抽象物,教育・学習,juman
冷暖房,れいだんぼう,reidanbo,普通名詞,人工物-その他;抽象物,,juman
霊園,れいえん,reien,普通名詞,場所-その他,文化・芸術;家庭・暮らし,juman
令夫人,れいふじん,reifujin,普通名詞,人,家庭・暮らし,juman
礼服,れいふく,reifuku,普通名詞,人工物-衣類,文化・芸術,juman
冷厳,れいげん,reigen,ナ形容詞,,,juman
礼儀,れいぎ,reigi,普通名詞,抽象物,,manual
礼拝,れいはい,reihai,サ変名詞,抽象物,文化・芸術,juman
令嬢,れいじょう,reijo,普通名詞,人,家庭・暮らし,juman
冷夏,れいか,reika,時相名詞,時間,,juman
例解,れいかい,reikai,サ変名詞,抽象物,教育・学習,juman
霊感,れいかん,reikan,普通名詞,抽象物,文化・芸術,juman
冷気,れいき,reiki,普通名詞,自然物,,juman
礼金,れいきん,reikin,普通名詞,人工物-金銭,,juman
冷酷,れいこく,reikoku,ナ形容詞,,,juman
霊魂,れいこん,reikon,普通名詞,抽象物,文化・芸術,juman
冷却,れいきゃく,reikyaku,サ変名詞,抽象物,,manual
例年,れいねん,reinen,時相名詞,時間,,juman
例祭,れいさい,reisai,普通名詞,抽象物,文化・芸術,juman
冷静,れいせい,reisei,ナ形容詞,,,juman
礼装,れいそう,reiso,サ変名詞,抽象物,文化・芸術;家庭・暮らし,juman
令息,れいそく,reisoku,普通名詞,人,家庭・暮らし,juman
冷水,れいすい,reisui,普通名詞,自然物,,juman
冷淡,れいたん,reitan,ナ形容詞,,,juman
冷徹,れいてつ,reitetsu,ナ形容詞,,,juman
冷凍,れいとう,reito,サ変名詞,抽象物,料理・食事,juman
霊前,れいぜん,reizen,普通名詞,場所-その他,文化・芸術,juman
冷蔵,れいぞう,reizo,サ変名詞,抽象物,料理・食事,juman
歴訪,れきほう,rekiho,サ変名詞,抽象物,交通;政治,juman
歴史,れきし,rekishi,普通名詞,抽象物,,manual
列国,れっこく,rekkoku,普通名詞,場所-その他,政治,juman
列強,れっきょう,rekkyo,普通名詞,場所-その他,政治,juman
恋愛,れんあい,renai,サ変名詞,抽象物,家庭・暮らし,juman
連中,れんちゅう,renchu,普通名詞,人,,juman
連打,れんだ,renda,サ変名詞,抽象物,スポーツ,juman
煉瓦,れんが,renga,普通名詞,人工物-その他,,juman
蓮華,れんげ,renge,普通名詞,植物,料理・食事,juman
連合,れんごう,rengo,サ変名詞,組織・団体;抽象物,,juman
連日,れんじつ,renjitsu,時相名詞,時間,,juman
恋歌,れんか,renka,普通名詞,抽象物,文化・芸術,juman
蓮根,れんこん,renkon,普通名詞,植物-部位;人工物-食べ物,料理・食事,juman
連句,れんく,renku,普通名詞,抽象物,文化・芸術,juman
連休,れんきゅう,renkyu,普通名詞,抽象物,,manual
連盟,れんめい,renmei,普通名詞,組織・団体,,juman
練乳,れんにゅう,rennyu,普通名詞,人工物-食べ物,料理・食事,juman
連破,れんぱ,renpa,サ変名詞,抽象物,スポーツ,juman
連敗,れんぱい,renpai,サ変名詞,抽象物,スポーツ,juman
連峰,れんぽう,renpo,普通名詞,場所-自然,,juman
連絡,れんらく,renraku,サ変名詞,抽象物,,manual
連載,れんさい,rensai,サ変名詞,抽象物,文化・芸術;メディア,juman
連作,れんさく,rensaku,サ変名詞,抽象物,文化・芸術,juman
連勝,れんしょう,rensho,サ変名詞,抽象物,スポーツ,juman
練習,れんしゅう,renshu,サ変名詞,抽象物,,manual
連隊,れんたい,rentai,普通名詞,組織・団体,政治,juman
連体詞,れんたいし,rentaishi,普通名詞,抽象物,教育・学習,juman
連投,れんとう,rento,サ変名詞,抽象物,スポーツ,juman
連夜,れんや,renya,時相名詞,時間,,juman
連山,れんざん,renzan,普通名詞,場所-自然,,juman
連続,れんぞく,renzoku,サ変名詞,抽象物,,manual
劣勢,れっせい,ressei,ナ形容詞,,,juman
列車,れっしゃ,ressha,普通名詞,人工物-乗り物,交通,juman
列,れつ,retsu,普通名詞,形・模様,,juman
劣悪,れつあく,retsuaku,ナ形容詞,,,juman
列島,れっとう,retto,普通名詞,場所-自然,,juman
利便,りべん,riben,ナ形容詞,,,juman
離着陸,りちゃくりく,richakuriku,サ変名詞,抽象物,交通,juman
律義,りちぎ,richigi,ナ形容詞,,,juman
律義者,りちぎもの,richigimono,普通名詞,人,,juman
離縁,りえん,rien,サ変名詞,抽象物,家庭・暮らし,juman
理学,りがく,rigaku,普通名詞,抽象物,教育・学習;科学・技術,juman
理学部,りがくぶ,rigakubu,普通名詞,組織・団体,教育・学習,juman
理髪,りはつ,rihatsu,サ変名詞,抽象物,家庭・暮らし,juman
理事,りじ,riji,普通名詞,人,ビジネス;教育・学習,juman
理化,りか,rika,普通名詞,抽象物,教育・学習;科学・技術,juman
理化学,りかがく,rikagaku,普通名詞,抽象物,教育・学習;科学・技術,juman
理解,りかい,rikai,サ変名詞,抽象物,,manual
理系,りけい,rikei,普通名詞,抽象物,教育・学習,juman
利器,りき,riki,普通名詞,人工物-その他,,juman
力泳,りきえい,rikiei,サ変名詞,抽象物,スポーツ,juman
力学,りきがく,rikigaku,普通名詞,抽象物,教育・学習;科学・技術,juman
力む,りきむ,rikimu,動詞,,,juman
力士,りきし,rikishi,普通名詞,人,スポーツ,juman
力走,りきそう,rikiso,サ変名詞,抽象物,スポーツ,juman
力点,りきてん,rikiten,普通名詞,抽象物,教育・学習,juman
力投,りきとう,rikito,サ変名詞,抽象物,スポーツ,juman
立夏,りっか,rikka,時相名詞,時間,,juman
陸橋,りっきょう,rikkyo,普通名詞,場所-施設,交通,juman
理工,りこう,riko,普通名詞,抽象物,教育・学習;科学・技術,juman
陸,りく,riku,普通名詞,場所-自然,,juman
陸揚げ,りくあげ,rikuage,サ変名詞,抽象物,,juman
陸地,りくち,rikuchi,普通名詞,場所-自然,,juman
陸軍,りくぐん,rikugun,普通名詞,組織・団体,政治,juman
陸尉,りくい,rikui,普通名詞,人,政治,juman
陸上,りくじょう,rikujo,普通名詞,場所-その他,スポーツ,juman
陸海軍,りくかいぐん,rikukaigun,普通名詞,組織・団体,政治,juman
陸海空,りくかいくう,rikukaiku,普通名詞,場所-自然,政治,juman
陸運,りくうん,rikun,普通名詞,抽象物,交通,juman
陸将,りくしょう,rikusho,普通名詞,人,政治,juman
陸送,りくそう,rikuso,サ変名詞,抽象物,交通,juman
陸稲,りくとう,rikuto,普通名詞,植物,,juman
理屈,りくつ,rikutsu,普通名詞,抽象物,,manual
離宮,りきゅう,rikyu,普通名詞,場所-施設,政治,juman
裏面,りめん,rimen,普通名詞,場所-その他,,juman
輪,りん,rin,普通名詞,人工物-その他,,manual
輪舞,りんぶ,rinbu,サ変名詞,抽象物,レクリエーション,juman
林道,りんどう,rindo,普通名詞,場所-施設,交通,juman
輪読,りんどく,rindoku,サ変名詞,抽象物,教育・学習,juman
臨月,りんげつ,ringetsu,普通名詞,抽象物,健康・医学;家庭・暮らし,juman
林檎,りんご,ringo,普通名詞,植物;人工物-食べ物,料理・食事,juman
隣国,りんごく,ringoku,普通名詞,場所-その他,政治,juman
離任,りにん,rinin,サ変名詞,抽象物,教育・学習;ビジネス,juman
輪軸,りんじく,rinjiku,普通名詞,人工物-その他,,juman
隣人,りんじん,rinjin,普通名詞,人,家庭・暮らし,juman
臨終,りんじゅう,rinju,普通名詞,時間,健康・医学;家庭・暮らし,juman
隣家,りんか,rinka,普通名詞,場所-施設,家庭・暮らし,juman
臨海,りんかい,rinkai,普通名詞,場所-自然,,juman
輪郭,りんかく,rinkaku,普通名詞,形・模様,,juman
林間,りんかん,rinkan,普通名詞,場所-自然,,juman
輪廻,りんね,rinne,サ変名詞,抽象物,文化・芸術,juman
鱗粉,りんぷん,rinpun,普通名詞,植物-部位,,juman
林産物,りんさんぶつ,rinsanbutsu,普通名詞,人工物-その他,,juman
隣席,りんせき,rinseki,普通名詞,場所-その他,,juman
隣接,りんせつ,rinsetsu,サ変名詞,場所-機能,,juman
隣室,りんしつ,rinshitsu,普通名詞,場所-施設,,juman
臨床,りんしょう,rinsho,普通名詞,抽象物,健康・医学;教育・学習,juman
隣村,りんそん,rinson,普通名詞,場所-その他,,juman
輪転機,りんてんき,rintenki,普通名詞,人工物-その他,メディア,juman
林野,りんや,rinya,普通名詞,場所-自然,,juman
離乳,りにゅう,rinyu,サ変名詞,抽象物,健康・医学;家庭・暮らし,juman
立派,りっぱ,rippa,ナ形容詞,,,juman
立法院,りっぽういん,rippoin,普通名詞,組織・団体,政治,juman
立方体,りっぽうたい,rippotai,普通名詞,形・模様,,juman
履歴,りれき,rireki,普通名詞,抽象物,家庭・暮らし;ビジネス,juman
離陸,りりく,ririku,サ変名詞,抽象物,交通,juman
りりしい,りりしい,ririshii,イ形容詞,,,juman
罹災,りさい,risai,サ変名詞,抽象物,家庭・暮らし,juman
理性,りせい,risei,普通名詞,抽象物,,manual
利子,りし,rishi,普通名詞,人工物-金銭,ビジネス,juman
履修,りしゅう,rishu,サ変名詞,抽象物,教育・学習,juman
理想,りそう,riso,普通名詞,抽象物,,manual
利息,りそく,risoku,普通名詞,人工物-金銭,,juman
理想郷,りそうきょう,risokyo,普通名詞,場所-その他,,juman
立心偏,りっしんべん,risshinben,普通名詞,抽象物,教育・学習,juman
立食,りっしょく,risshoku,サ変名詞,抽象物,料理・食事,juman
立秋,りっしゅう,risshu,時相名詞,時間,,juman
立春,りっしゅん,risshun,時相名詞,時間,,juman
りす,りす,risu,普通名詞,動物,,juman
立地,りっち,ritchi,サ変名詞,場所-その他,,juman
離島,りとう,rito,サ変名詞,場所-自然,,juman
立面図,りつめんず,ritsumenzu,普通名詞,人工物-その他;抽象物,,juman
立像,りつぞう,ritsuzo,普通名詞,抽象物;形・模様,文化・芸術,juman
立体,りったい,rittai,普通名詞,形・模様,,juman
立冬,りっとう,ritto,時相名詞,時間,,juman
利用,りよう,riyo,サ変名詞,抽象物,,manual
理由,りゆう,riyu,普通名詞,抽象物,,manual
理詰め,りづめ,rizume,普通名詞,抽象物,,juman
驢馬,ろば,roba,普通名詞,動物,,juman
老梅,ろうばい,robai,普通名詞,植物,,juman
路盤,ろばん,roban,普通名詞,場所-その他,交通,juman
炉端,ろばた,robata,普通名詞,場所-その他,,juman
老母,ろうぼ,robo,普通名詞,人,家庭・暮らし,juman
老木,ろうぼく,roboku,普通名詞,植物,,juman
労賃,ろうちん,rochin,普通名詞,人工物-金銭,ビジネス,juman
漏電,ろうでん,roden,サ変名詞,抽象物,家庭・暮らし;科学・技術,juman
朗読,ろうどく,rodoku,サ変名詞,抽象物,文化・芸術,juman
老婦,ろうふ,rofu,普通名詞,人,,juman
老後,ろうご,rogo,普通名詞,時間,,juman
露地,ろじ,roji,普通名詞,場所-施設,,juman
老人,ろうじん,rojin,普通名詞,人,,juman
老女,ろうじょ,rojo,普通名詞,人,,juman
老中,ろうじゅう,roju,普通名詞,人,,juman
廊下,ろうか,roka,普通名詞,場所-施設部位,家庭・暮らし,juman
楼閣,ろうかく,rokaku,普通名詞,場所-施設,,juman
路肩,ろかた,rokata,普通名詞,場所-その他,交通,juman
ろうけつ染め,ろうけつぞめ,roketsuzome,普通名詞,人工物-その他,文化・芸術,juman
肋骨,ろっこつ,rokkotsu,普通名詞,動物-部位,,juman
露骨,ろこつ,rokotsu,ナ形容詞,,,juman
禄,ろく,roku,普通名詞,人工物-金銭,,juman
肋木,ろくぼく,rokuboku,普通名詞,人工物-その他,,juman
ろくでなし,ろくでなし,rokudenashi,普通名詞,人,,juman
肋膜,ろくまく,rokumaku,普通名詞,動物-部位,健康・医学,juman
轆轤,ろくろ,rokuro,普通名詞,人工物-その他,,juman
緑青,ろくしょう,rokusho,普通名詞,自然物,,juman
浪曲,ろうきょく,rokyoku,普通名詞,抽象物,文化・芸術,juman
路面,ろめん,romen,普通名詞,場所-その他,交通,juman
楼門,ろうもん,romon,普通名詞,場所-施設,,juman
論壇,ろんだん,rondan,普通名詞,場所-その他,,juman
論外,ろんがい,rongai,ナ形容詞,,,juman
浪人,ろうにん,ronin,サ変名詞,人,教育・学習,juman
論述,ろんじゅつ,ronjutsu,サ変名詞,抽象物,教育・学習;科学・技術,juman
論客,ろんきゃく,ronkyaku,普通名詞,人,,juman
論理,ろんり,ronri,普通名詞,抽象物,,manual
論者,ろんしゃ,ronsha,普通名詞,人,,juman
論争,ろんそう,ronso,サ変名詞,抽象物,,manual
老若,ろうにゃく,ronyaku,普通名詞,人,,juman
労連,ろうれん,roren,普通名詞,組織・団体,政治,juman
路線,ろせん,rosen,普通名詞,場所-その他,交通,juman
老者,ろうしゃ,rosha,普通名詞,人,,juman
ろ紙,ろし,roshi,普通名詞,人工物-その他,科学・技術,juman
炉心,ろしん,roshin,普通名詞,人工物-その他,科学・技術,juman
老僧,ろうそう,roso,普通名詞,人,文化・芸術,juman
蝋燭,ろうそく,rosoku,普通名詞,人工物-その他,,juman
路側帯,ろそくたい,rosokutai,普通名詞,場所-その他,交通,juman
漏水,ろうすい,rosui,サ変名詞,抽象物,家庭・暮らし,juman
老大家,ろうたいか,rotaika,普通名詞,人,,juman
露店,ろてん,roten,普通名詞,場所-施設,ビジネス,juman
露天掘り,ろてんぼり,rotenbori,普通名詞,抽象物,,juman
漏斗,ろうと,roto,普通名詞,人工物-その他,,juman
牢屋,ろうや,roya,普通名詞,場所-施設,政治,juman
類義語,るいぎご,ruigigo,普通名詞,抽象物,教育・学習,juman
類語,るいご,ruigo,普通名詞,抽象物,教育・学習,juman
塁壁,るいへき,ruiheki,普通名詞,場所-施設部位,,juman
類人猿,るいじんえん,ruijinen,普通名詞,動物,,juman
塁上,るいじょう,ruijo,普通名詞,場所-その他,スポーツ,juman
涙腺,るいせん,ruisen,普通名詞,動物-部位,,juman
塁審,るいしん,ruishin,普通名詞,人,スポーツ,juman
類書,るいしょ,ruisho,普通名詞,人工物-その他;抽象物,文化・芸術,juman
殳,るまた,rumata,普通名詞,抽象物,教育・学習,juman
瑠璃,るり,ruri,普通名詞,人工物-その他;自然物,,juman
琉璃鳥,るりちょう,ruricho,普通名詞,動物,,juman
留守,るす,rusu,サ変名詞,抽象物,家庭・暮らし,juman
留守番,るすばん,rusuban,サ変名詞,人;抽象物,家庭・暮らし,juman
留守居,るすい,rusui,サ変名詞,人;抽象物,家庭・暮らし,juman
坩堝,るつぼ,rutsubo,普通名詞,人工物-その他,科学・技術,juman
略画,りゃくが,ryakuga,普通名詞,人工物-その他;抽象物,文化・芸術,juman
略図,りゃくず,ryakuzu,普通名詞,人工物-その他;抽象物,,juman
両足,りょうあし,ryoashi,普通名詞,動物-部位,,juman
寮母,りょうぼ,ryobo,普通名詞,人,家庭・暮らし,juman
領分,りょうぶん,ryobun,普通名詞,場所-その他,,juman
領地,りょうち,ryochi,普通名詞,場所-その他,政治,juman
旅団,りょだん,ryodan,普通名詞,組織・団体,政治,juman
両腕,りょううで,ryode,普通名詞,動物-部位,,juman
領土,りょうど,ryodo,普通名詞,場所-その他,政治,juman
良導体,りょうどうたい,ryodotai,普通名詞,自然物,科学・技術,juman
両岸,りょうがん,ryogan,普通名詞,場所-自然,,juman
両側,りょうがわ,ryogawa,普通名詞,場所-機能,,juman
両軍,りょうぐん,ryogun,普通名詞,組織・団体,政治,juman
旅費,りょひ,ryohi,普通名詞,人工物-金銭,交通;ビジネス,juman
良品,りょうひん,ryohin,普通名詞,人工物-その他,,juman
両膝,りょうひざ,ryohiza,普通名詞,動物-部位,,juman
両方,りょうほう,ryoho,普通名詞,抽象物,,manual
領域,りょういき,ryoiki,普通名詞,場所-その他,,juman
両院,りょういん,ryoin,普通名詞,組織・団体,政治,juman
領事,りょうじ,ryoji,普通名詞,人,政治,juman
両日,りょうじつ,ryojitsu,時相名詞,時間,,juman
旅情,りょじょう,ryojo,普通名詞,抽象物,,manual
領海,りょうかい,ryokai,普通名詞,場所-その他,政治,juman
旅客機,りょかっき,ryokakki,普通名詞,人工物-乗り物,交通,juman
旅客,りょかく,ryokaku,普通名詞,人,レクリエーション;交通,juman
旅館,りょかん,ryokan,普通名詞,場所-施設,レクリエーション,juman
猟犬,りょうけん,ryoken,普通名詞,動物,,juman
漁期,りょうき,ryoki,時相名詞,時間,,juman
料金,りょうきん,ryokin,普通名詞,人工物-金銭,ビジネス,juman
良港,りょうこう,ryoko,普通名詞,場所-その他,交通,juman
領空,りょうくう,ryoku,普通名詞,場所-その他,政治,juman
緑茶,りょくちゃ,ryokucha,普通名詞,人工物-食べ物,料理・食事,juman
緑地,りょくち,ryokuchi,普通名詞,場所-その他,,juman
緑陰,りょくいん,ryokuin,普通名詞,場所-自然,,juman
両目,りょうめ,ryome,普通名詞,動物-部位,,juman
両面,りょうめん,ryomen,普通名詞,場所-その他,,juman
両人,りょうにん,ryonin,普通名詞,人,,juman
料理,りょうり,ryori,サ変名詞,人工物-食べ物;抽象物,料理・食事,juman
両輪,りょうりん,ryorin,普通名詞,人工物-その他,,juman
両立,りょうりつ,ryoritsu,サ変名詞,抽象物,,manual
良妻,りょうさい,ryosai,普通名詞,人,家庭・暮らし,juman
寮生,りょうせい,ryosei,普通名詞,人,教育・学習,juman
両生類,りょうせいるい,ryoseirui,普通名詞,動物,,juman
僚船,りょうせん,ryosen,普通名詞,人工物-乗り物,交通,juman
両者,りょうしゃ,ryosha,普通名詞,人;抽象物,,juman
両氏,りょうし,ryoshi,普通名詞,人,,juman
両親,りょうしん,ryoshin,普通名詞,人,家庭・暮らし,juman
良質,りょうしつ,ryoshitsu,ナ形容詞,,,juman
良書,りょうしょ,ryosho,普通名詞,人工物-その他;抽象物,文化・芸術,juman
糧食,りょうしょく,ryoshoku,普通名詞,人工物-食べ物,料理・食事,juman
領主,りょうしゅ,ryoshu,普通名詞,人,政治,juman
両端,りょうたん,ryotan,普通名詞,場所-その他,,juman
両手,りょうて,ryote,普通名詞,動物-部位,,juman
料亭,りょうてい,ryotei,普通名詞,場所-施設,料理・食事,juman
両刀,りょうとう,ryoto,普通名詞,人工物-その他,家庭・暮らし,juman
両脇,りょうわき,ryowaki,普通名詞,動物-部位;場所-機能,,juman
良薬,りょうやく,ryoyaku,普通名詞,人工物-その他,健康・医学,juman
両翼,りょうよく,ryoyoku,普通名詞,動物-部位,,juman
両雄,りょうゆう,ryoyu,普通名詞,人,,juman
梁山泊,りょうざんぱく,ryozanpaku,普通名詞,場所-その他,,juman
竜,りゅう,ryu,普通名詞,動物,,manual
流木,りゅうぼく,ryuboku,普通名詞,植物,,juman
留鳥,りゅうちょう,ryucho,普通名詞,動物,,juman
留学,りゅうがく,ryugaku,サ変名詞,抽象物,教育・学習,juman
流派,りゅうは,ryuha,普通名詞,組織・団体;抽象物,文化・芸術,juman
流氷,りゅうひょう,ryuhyo,普通名詞,自然物,,juman
流域,りゅういき,ryuiki,普通名詞,場所-その他,,juman
流行,りゅうこう,ryuko,サ変名詞,抽象物,,manual
流民,りゅうみん,ryumin,普通名詞,人,,juman
留年,りゅうねん,ryunen,サ変名詞,抽象物,教育・学習,juman
竜王,りゅうおう,ryuo,普通名詞,人,文化・芸術;レクリエーション;スポーツ,juman
流麗,りゅうれい,ryurei,ナ形容詞,,,juman
硫酸,りゅうさん,ryusan,普通名詞,自然物,科学・技術,juman
流星,りゅうせい,ryusei,普通名詞,自然物,,juman
流線型,りゅうせんけい,ryusenkei,普通名詞,形・模様,,juman
粒子,りゅうし,ryushi,普通名詞,自然物,,juman
流水,りゅうすい,ryusui,普通名詞,自然物,,juman
流体,りゅうたい,ryutai,普通名詞,自然物,,juman
流産,りゅうざん,ryuzan,サ変名詞,抽象物,健康・医学;家庭・暮らし,juman
鯖,さば,saba,普通名詞,動物;人工物-食べ物,料理・食事,juman
砂漠,さばく,sabaku,普通名詞,場所-自然,,juman
錆,さび,sabi,普通名詞,自然物,,juman
寂れる,さびれる,sabireru,動詞,,,juman
寂しい,さびしい,sabishii,イ形容詞,,,juman
定か,さだか,sadaka,ナ形容詞,,,juman
定まる,さだまる,sadamaru,動詞,,,juman
定める,さだめる,sadameru,動詞,,,juman
茶道,さどう,sado,普通名詞,抽象物,文化・芸術,juman
遮る,さえぎる,saegiru,動詞,,,juman
冴える,さえる,saeru,動詞,,,juman
さえずる,さえずる,saezuru,動詞,,,juman
差額,さがく,sagaku,普通名詞,人工物-金銭,,juman
左岸,さがん,sagan,普通名詞,場所-自然,,juman
下がる,さがる,sagaru,動詞,,,juman
探し物,さがしもの,sagashimono,普通名詞,人工物-その他,,juman
捜す,さがす,sagasu,動詞,,,juman
左舷,さげん,sagen,普通名詞,人工物-その他;場所-機能,,juman
下げる,さげる,sageru,動詞,,,juman
蔑む,さげすむ,sagesumu,動詞,,,juman
鷺,さぎ,sagi,普通名詞,動物,,juman
探る,さぐる,saguru,動詞,,,juman
作業,さぎょう,sagyo,サ変名詞,抽象物,,manual
左派,さは,saha,普通名詞,組織・団体,政治,juman
左辺,さへん,sahen,普通名詞,場所-機能,教育・学習,juman
作法,さほう,saho,普通名詞,抽象物,文化・芸術,juman
犀,さい,sai,普通名詞,動物,,juman
最愛,さいあい,saiai,ナ形容詞,,,juman
最悪,さいあく,saiaku,ナ形容詞,,,juman
栽培,さいばい,saibai,サ変名詞,抽象物,,manual
菜箸,さいばし,saibashi,普通名詞,人工物-その他,料理・食事,juman
細胞,さいぼう,saibo,普通名詞,動物-部位;植物-部位,健康・医学,juman
祭文,さいぶん,saibun,普通名詞,抽象物,文化・芸術,juman
最長,さいちょう,saicho,ナ形容詞,,,juman
最大,さいだい,saidai,ナ形容詞,,,juman
祭壇,さいだん,saidan,普通名詞,人工物-その他,文化・芸術,juman
再度,さいど,saido,時相名詞,時間,,juman
菜園,さいえん,saien,普通名詞,場所-その他,,juman
財布,さいふ,saifu,普通名詞,人工物-その他,家庭・暮らし,juman
災害,さいがい,saigai,普通名詞,抽象物,家庭・暮らし,juman
際限,さいげん,saigen,普通名詞,場所-その他,,juman
歳月,さいげつ,saigetsu,普通名詞,時間,,juman
最期,さいご,saigo,普通名詞,時間,,juman
采配,さいはい,saihai,普通名詞,人工物-その他,,juman
再版,さいはん,saihan,サ変名詞,抽象物,文化・芸術;メディア,juman
歳費,さいひ,saihi,普通名詞,人工物-金銭,政治,juman
裁縫,さいほう,saiho,サ変名詞,抽象物,家庭・暮らし,juman
砕氷船,さいひょうせん,saihyosen,普通名詞,人工物-乗り物,交通,juman
歳時,さいじ,saiji,普通名詞,時間,,juman
祭神,さいじん,saijin,普通名詞,人,文化・芸術,juman
祭日,さいじつ,saijitsu,普通名詞,時間,文化・芸術,juman
才女,さいじょ,saijo,普通名詞,人,,juman
再会,さいかい,saikai,サ変名詞,抽象物,,manual
細管,さいかん,saikan,普通名詞,人工物-その他,,juman
債券,さいけん,saiken,普通名詞,人工物-金銭,ビジネス,juman
祭器,さいき,saiki,普通名詞,人工物-その他,文化・芸術,juman
細菌,さいきん,saikin,普通名詞,動物,健康・医学,juman
最高,さいこう,saiko,ナ形容詞,,,juman
最高潮,さいこうちょう,saikocho,普通名詞,抽象物;時間,,juman
最高峰,さいこうほう,saikoho,普通名詞,場所-自然,,juman
再婚,さいこん,saikon,サ変名詞,抽象物,家庭・暮らし,juman
さいころ,さいころ,saikoro,普通名詞,人工物-その他,レクリエーション,juman
最高裁,さいこうさい,saikosai,普通名詞,組織・団体,政治,juman
妻君,さいくん,saikun,普通名詞,人,,juman
最強,さいきょう,saikyo,ナ形容詞,,,juman
歳末,さいまつ,saimatsu,普通名詞,時間,,juman
さいなむ,さいなむ,sainamu,動詞,,,juman
才能,さいのう,saino,普通名詞,抽象物,,manual
最奥,さいおう,saio,ナ形容詞,,,juman
祭礼,さいれい,sairei,普通名詞,抽象物,文化・芸術,juman
再録,さいろく,sairoku,サ変名詞,抽象物,文化・芸術;メディア,juman
最良,さいりょう,sairyo,ナ形容詞,,,juman
賽銭,さいせん,saisen,普通名詞,人工物-金銭,文化・芸術,juman
妻子,さいし,saishi,普通名詞,組織・団体,家庭・暮らし,juman
最新,さいしん,saishin,ナ形容詞,,,juman
最初,さいしょ,saisho,時相名詞,時間,,juman
菜食,さいしょく,saishoku,サ変名詞,抽象物,料理・食事,juman
祭主,さいしゅ,saishu,普通名詞,人,文化・芸術,juman
最多,さいた,saita,ナ形容詞,,,juman
臍帯,さいたい,saitai,普通名詞,動物-部位,健康・医学,juman
最短,さいたん,saitan,ナ形容詞,,,juman
最低,さいてい,saitei,ナ形容詞,,,juman
最適,さいてき,saiteki,ナ形容詞,,,juman
採点,さいてん,saiten,サ変名詞,抽象物,教育・学習,juman
幸い,さいわい,saiwai,ナ形容詞,,,juman
最善,さいぜん,saizen,ナ形容詞,,,juman
匙,さじ,saji,普通名詞,人工物-その他,料理・食事,juman
桟敷,さじき,sajiki,普通名詞,場所-その他,文化・芸術;スポーツ,juman
砂上,さじょう,sajo,普通名詞,場所-その他,,juman
坂,さか,saka,普通名詞,場所-その他,,juman
逆上がり,さかあがり,sakaagari,普通名詞,抽象物,スポーツ,juman
酒場,さかば,sakaba,普通名詞,場所-その他,料理・食事,juman
逆立ち,さかだち,sakadachi,サ変名詞,抽象物,,juman
酒樽,さかだる,sakadaru,普通名詞,人工物-その他,料理・食事,juman
栄える,さかえる,sakaeru,動詞,,,juman
酒蔵,さかぐら,sakagura,普通名詞,場所-施設,,juman
境,さかい,sakai,普通名詞,場所-機能,,juman
境目,さかいめ,sakaime,普通名詞,場所-機能,,juman
榊,さかき,sakaki,普通名詞,植物,文化・芸術,juman
坂道,さかみち,sakamichi,普通名詞,場所-その他,,juman
酒店,さかみせ,sakamise,普通名詞,組織・団体;場所-施設,,juman
酒盛り,さかもり,sakamori,サ変名詞,抽象物,料理・食事,juman
佐官,さかん,sakan,普通名詞,人,政治,juman
魚,さかな,sakana,普通名詞,動物,料理・食事,juman
遡る,さかのぼる,sakanoboru,動詞,,,juman
逆落とし,さかおとし,sakaotoshi,普通名詞,抽象物,,juman
逆らう,さからう,sakarau,動詞,,,juman
盛り,さかり,sakari,普通名詞,時間,,juman
盛り場,さかりば,sakariba,普通名詞,場所-その他,,juman
逆さ,さかさ,sakasa,普通名詞,抽象物,,juman
逆様,さかさま,sakasama,ナ形容詞,,,juman
逆手,さかて,sakate,普通名詞,抽象物,,manual
逆恨み,さかうらみ,sakaurami,サ変名詞,抽象物,,juman
酒屋,さかや,sakaya,普通名詞,場所-施設,,juman
杯,さかずき,sakazuki,普通名詞,人工物-その他,料理・食事,juman
酒造り,さかづくり,sakazukuri,普通名詞,抽象物,,juman
酒,さけ,sake,普通名詞,人工物-食べ物,料理・食事,juman
叫び声,さけびごえ,sakebigoe,普通名詞,抽象物,,juman
叫ぶ,さけぶ,sakebu,動詞,,,juman
裂け目,さけめ,sakeme,普通名詞,抽象物,,juman
酒飲み,さけのみ,sakenomi,普通名詞,人,料理・食事,juman
裂ける,さける,sakeru,動詞,,,juman
酒酔い,さけよい,sakeyoi,普通名詞,抽象物,料理・食事,juman
酒好き,さけずき,sakezuki,ナ形容詞,,,juman
先,さき,saki,普通名詞,場所-機能;時間,,juman
先払い,さきばらい,sakibarai,サ変名詞,抽象物,家庭・暮らし;ビジネス,juman
先細り,さきぼそり,sakibosori,サ変名詞,抽象物,,juman
先触れ,さきぶれ,sakibure,普通名詞,抽象物,,juman
先取り,さきどり,sakidori,サ変名詞,抽象物,,juman
先頃,さきごろ,sakigoro,時相名詞,時間,,juman
先程,さきほど,sakihodo,時相名詞,時間,,juman
先回り,さきまわり,sakimawari,サ変名詞,抽象物,,juman
先物,さきもの,sakimono,普通名詞,人工物-その他,ビジネス,juman
防人,さきもり,sakimori,普通名詞,人,,juman
砂金,さきん,sakin,普通名詞,人工物-金銭,,juman
さきおととい,さきおととい,sakiototoi,時相名詞,時間,,juman
先行き,さきゆき,sakiyuki,普通名詞,抽象物,,juman
先々,さきざき,sakizaki,時相名詞,時間,,juman
昨夏,さっか,sakka,時相名詞,時間,,juman
錯覚,さっかく,sakkaku,サ変名詞,抽象物,,manual
昨今,さっこん,sakkon,時相名詞,時間,,juman
作句,さっく,sakku,サ変名詞,抽象物,文化・芸術,juman
作曲,さっきょく,sakkyoku,サ変名詞,抽象物,文化・芸術,juman
鎖骨,さこつ,sakotsu,普通名詞,動物-部位,,juman
柵,さく,saku,普通名詞,人工物-その他,,juman
昨晩,さくばん,sakuban,時相名詞,時間,,juman
作文,さくぶん,sakubun,サ変名詞,抽象物,教育・学習,juman
作風,さくふう,sakufu,普通名詞,抽象物,文化・芸術,juman
作画,さくが,sakuga,サ変名詞,抽象物,文化・芸術,juman
削岩機,さくがんき,sakuganki,普通名詞,人工物-その他,,juman
作品,さくひん,sakuhin,普通名詞,抽象物,文化・芸術,juman
索引,さくいん,sakuin,普通名詞,抽象物,文化・芸術,juman
昨日,さくじつ,sakujitsu,時相名詞,時間,,juman
昨季,さくき,sakuki,時相名詞,時間,,juman
作物,さくもつ,sakumotsu,普通名詞,植物,,juman
昨年,さくねん,sakunen,時相名詞,時間,,juman
桜,さくら,sakura,普通名詞,植物,,juman
桜餅,さくらもち,sakuramochi,普通名詞,人工物-食べ物,料理・食事,juman
桜ん坊,さくらんぼ,sakuranbo,普通名詞,植物-部位;人工物-食べ物,料理・食事,juman
桜草,さくらそう,sakuraso,普通名詞,植物,,juman
酢酸,さくさん,sakusan,普通名詞,自然物,科学・技術,juman
作成,さくせい,sakusei,サ変名詞,抽象物,,manual
作戦,さくせん,sakusen,普通名詞,抽象物,,manual
作者,さくしゃ,sakusha,普通名詞,人,文化・芸術,juman
作詞,さくし,sakushi,サ変名詞,抽象物,文化・芸術,juman
昨秋,さくしゅう,sakushu,時相名詞,時間,,juman
昨春,さくしゅん,sakushun,時相名詞,時間,,juman
作陶,さくとう,sakuto,サ変名詞,抽象物,文化・芸術,juman
昨夜,さくや,sakuya,時相名詞,時間,,juman
作付け,さくづけ,sakuzuke,サ変名詞,抽象物,,juman
砂丘,さきゅう,sakyu,普通名詞,場所-自然,,juman
様,さま,sama,普通名詞,抽象物,,juman
様変わり,さまがわり,samagawari,サ変名詞,抽象物,,juman
冷ませる,さませる,samaseru,動詞,,料理・食事,juman
冷ます,さます,samasu,動詞,,料理・食事,juman
妨げる,さまたげる,samatageru,動詞,,,juman
瑣末,さまつ,samatsu,ナ形容詞,,,juman
様々,さまざま,samazama,ナ形容詞,,,juman
鮫,さめ,same,普通名詞,動物,,juman
冷める,さめる,sameru,動詞,,,juman
五月雨,さみだれ,samidare,普通名詞,抽象物,,manual
さもしい,さもしい,samoshii,イ形容詞,,,juman
寒い,さむい,samui,イ形容詞,,,juman
寒け,さむけ,samuke,普通名詞,抽象物,,juman
侍,さむらい,samurai,普通名詞,人,,juman
寒空,さむぞら,samuzora,普通名詞,抽象物,,manual
早苗,さなえ,sanae,普通名詞,植物,,juman
蛹,さなぎ,sanagi,普通名詞,動物,,juman
さなか,さなか,sanaka,普通名詞,時間,,juman
産婆,さんば,sanba,普通名詞,人,家庭・暮らし,juman
桟橋,さんばし,sanbashi,普通名詞,場所-施設,,juman
三方,さんぼう,sanbo,普通名詞,人工物-その他,,juman
散文,さんぶん,sanbun,普通名詞,抽象物,文化・芸術,juman
産物,さんぶつ,sanbutsu,普通名詞,人工物-その他,,juman
山地,さんち,sanchi,普通名詞,場所-その他,,juman
山頂,さんちょう,sancho,普通名詞,場所-自然,,juman
産直,さんちょく,sanchoku,普通名詞,抽象物,料理・食事,juman
山中,さんちゅう,sanchu,普通名詞,場所-その他,,juman
三段跳び,さんだんとび,sandantobi,普通名詞,抽象物,スポーツ,juman
参道,さんどう,sando,普通名詞,場所-施設,文化・芸術,juman
山岳,さんがく,sangaku,普通名詞,場所-自然,,juman
三箇日,さんがにち,sanganichi,普通名詞,時間,,juman
三原色,さんげんしょく,sangenshoku,普通名詞,色,,juman
参議院,さんぎいん,sangiin,普通名詞,組織・団体;場所-施設,政治,juman
珊瑚,さんご,sango,普通名詞,動物,,juman
珊瑚礁,さんごしょう,sangosho,普通名詞,場所-自然,,juman
三半規管,さんはんきかん,sanhankikan,普通名詞,動物-部位,健康・医学,juman
産院,さんいん,sanin,普通名詞,場所-施設,健康・医学,juman
参事,さんじ,sanji,普通名詞,人,政治,juman
三女,さんじょ,sanjo,普通名詞,人,家庭・暮らし,juman
山河,さんか,sanka,普通名詞,場所-自然,,juman
三角,さんかく,sankaku,ナ形容詞,,,juman
山間,さんかん,sankan,普通名詞,場所-自然,,juman
山系,さんけい,sankei,普通名詞,場所-自然,,juman
参考人,さんこうにん,sankonin,普通名詞,人,政治,juman
三脚,さんきゃく,sankyaku,普通名詞,人工物-その他,文化・芸術;メディア,juman
秋刀魚,さんま,sanma,普通名詞,動物;人工物-食べ物,料理・食事,juman
三枚目,さんまいめ,sanmaime,普通名詞,人,,juman
散漫,さんまん,sanman,ナ形容詞,,,juman
酸味,さんみ,sanmi,普通名詞,抽象物,料理・食事,juman
山門,さんもん,sanmon,普通名詞,場所-施設,文化・芸術,juman
山脈,さんみゃく,sanmyaku,普通名詞,場所-自然,,juman
三男,さんなん,sannan,普通名詞,人,家庭・暮らし,juman
参拝,さんぱい,sanpai,サ変名詞,抽象物,文化・芸術;家庭・暮らし,juman
散髪,さんぱつ,sanpatsu,サ変名詞,抽象物,家庭・暮らし,juman
産品,さんぴん,sanpin,普通名詞,人工物-その他,,juman
散歩,さんぽ,sanpo,サ変名詞,抽象物,レクリエーション,juman
山腹,さんぷく,sanpuku,普通名詞,場所-自然,,juman
産卵,さんらん,sanran,サ変名詞,抽象物,,manual
山林,さんりん,sanrin,普通名詞,場所-自然,,juman
三輪車,さんりんしゃ,sanrinsha,普通名詞,人工物-乗り物,家庭・暮らし,juman
山麓,さんろく,sanroku,普通名詞,場所-自然,,juman
山菜,さんさい,sansai,普通名詞,植物;人工物-食べ物,料理・食事,juman
散策,さんさく,sansaku,サ変名詞,抽象物,レクリエーション,juman
賛成,さんせい,sansei,サ変名詞,抽象物,,manual
蚕糸,さんし,sanshi,普通名詞,人工物-その他,,juman
三振,さんしん,sanshin,サ変名詞,抽象物,スポーツ,juman
山椒,さんしょう,sansho,普通名詞,植物;人工物-食べ物,料理・食事,juman
酸素,さんそ,sanso,普通名詞,自然物,,juman
山村,さんそん,sanson,普通名詞,場所-その他,,juman
算数,さんすう,sansu,普通名詞,抽象物,教育・学習,juman
山水,さんすい,sansui,普通名詞,場所-自然,,juman
三竦み,さんすくみ,sansukumi,普通名詞,抽象物,,juman
山頭,さんとう,santo,普通名詞,場所-自然,,juman
山野,さんや,sanya,普通名詞,場所-自然,,juman
山容,さんよう,sanyo,普通名詞,形・模様,,juman
三葉虫,さんようちゅう,sanyochu,普通名詞,動物,,juman
三遊間,さんゆうかん,sanyukan,普通名詞,場所-その他,スポーツ,juman
散々,さんざん,sanzan,ナ形容詞,,,juman
山賊,さんぞく,sanzoku,普通名詞,人,,juman
三水,さんずい,sanzui,普通名詞,抽象物,教育・学習,juman
竿,さお,sao,普通名詞,人工物-その他,,juman
竿秤,さおばかり,saobakari,普通名詞,人工物-その他,,juman
早乙女,さおとめ,saotome,普通名詞,人,,juman
皿,さら,sara,普通名詞,人工物-その他,料理・食事,juman
皿洗い,さらあらい,saraarai,普通名詞,抽象物,料理・食事,juman
更地,さらち,sarachi,普通名詞,場所-その他,,juman
再来月,さらいげつ,saraigetsu,時相名詞,時間,,juman
再来年,さらいねん,sarainen,時相名詞,時間,,juman
再来週,さらいしゅう,saraishu,時相名詞,時間,,juman
曝ける,さらける,sarakeru,動詞,,,juman
更紗,さらさ,sarasa,普通名詞,人工物-その他,,juman
晒し粉,さらしこ,sarashiko,普通名詞,人工物-食べ物,家庭・暮らし;料理・食事,juman
晒す,さらす,sarasu,動詞,,料理・食事,juman
さらう,さらう,sarau,動詞,,,juman
さりげない,さりげない,sarigenai,イ形容詞,,,juman
猿,さる,saru,普通名詞,動物,,juman
然る事,さること,sarukoto,普通名詞,抽象物,,juman
百日紅,さるすべり,sarusuberi,普通名詞,植物,,juman
笹,ささ,sasa,普通名詞,植物,,juman
支える,ささえる,sasaeru,動詞,,,juman
捧げる,ささげる,sasageru,動詞,,,juman
ささい,ささい,sasai,ナ形容詞,,,juman
ささくれる,ささくれる,sasakureru,動詞,,,juman
細雪,ささめゆき,sasameyuki,普通名詞,自然物,,juman
刺さる,ささる,sasaru,動詞,,,juman
ささやか,ささやか,sasayaka,ナ形容詞,,,juman
囁く,ささやく,sasayaku,動詞,,,juman
左折,させつ,sasetsu,サ変名詞,抽象物,交通,juman
刺し網,さしあみ,sashiami,普通名詞,人工物-その他,,juman
差し出口,さしでぐち,sashideguchi,普通名詞,抽象物,,juman
挿絵,さしえ,sashie,普通名詞,人工物-その他;抽象物,文化・芸術;メディア,juman
挿し木,さしき,sashiki,サ変名詞,植物,,juman
刺し身,さしみ,sashimi,普通名詞,人工物-食べ物,料理・食事,juman
指し物,さしもの,sashimono,普通名詞,人工物-その他,,juman
差し向かい,さしむかい,sashimukai,普通名詞,抽象物,,juman
左心室,さしんしつ,sashinshitsu,普通名詞,動物-部位,健康・医学,juman
差し障り,さしさわり,sashisawari,普通名詞,抽象物,,juman
差し手,さして,sashite,普通名詞,抽象物,スポーツ,juman
指図,さしず,sashizu,サ変名詞,抽象物,,manual
査証,さしょう,sasho,サ変名詞,人工物-その他,交通;政治,juman
蠍,さそり,sasori,普通名詞,動物,,juman
誘う,さそう,sasou,動詞,,,juman
冊子,さっし,sasshi,普通名詞,人工物-その他;抽象物,文化・芸術;メディア,juman
砂州,さす,sasu,普通名詞,場所-自然,,juman
さすらう,さすらう,sasurau,動詞,,,juman
さする,さする,sasuru,動詞,,,juman
砂鉄,さてつ,satetsu,普通名詞,自然物,,juman
里,さと,sato,普通名詞,場所-自然,,juman
里帰り,さとがえり,satogaeri,サ変名詞,抽象物,家庭・暮らし,juman
里子,さとご,satogo,普通名詞,人,家庭・暮らし,juman
里心,さとごころ,satogokoro,普通名詞,抽象物,,manual
里芋,さといも,satoimo,普通名詞,植物;人工物-食べ物,料理・食事,juman
砂糖黍,さとうきび,satokibi,普通名詞,植物;人工物-食べ物,料理・食事,juman
悟る,さとる,satoru,動詞,,,juman
諭す,さとす,satosu,動詞,,,juman
里親,さとおや,satoya,普通名詞,人,家庭・暮らし,juman
撮影,さつえい,satsuei,サ変名詞,抽象物,文化・芸術;メディア,juman
五月,さつき,satsuki,時相名詞,時間,,juman
五月晴れ,さつきばれ,satsukibare,普通名詞,抽象物,,juman
薩摩揚げ,さつまあげ,satsumaage,普通名詞,人工物-食べ物,料理・食事,juman
薩摩芋,さつまいも,satsumaimo,普通名詞,植物;人工物-食べ物,料理・食事,juman
札束,さつたば,satsutaba,普通名詞,人工物-金銭,,juman
沢,さわ,sawa,普通名詞,場所-自然,,juman
沢蟹,さわがに,sawagani,普通名詞,動物,料理・食事,juman
騒がしい,さわがしい,sawagashii,イ形容詞,,,juman
左腕,さわん,sawan,普通名詞,動物-部位;抽象物,スポーツ,juman
鰆,さわら,sawara,普通名詞,動物;人工物-食べ物,料理・食事,juman
触る,さわる,sawaru,動詞,,,juman
さわやか,さわやか,sawayaka,ナ形容詞,,,juman
莢,さや,saya,普通名詞,植物-部位,,juman
さやか,さやか,sayaka,ナ形容詞,,,juman
作用,さよう,sayo,サ変名詞,抽象物,,manual
左翼,さよく,sayoku,普通名詞,動物-部位;人工物-その他;抽象物,政治,juman
さようなら,さようなら,sayonara,サ変名詞,抽象物,,juman
さより,さより,sayori,普通名詞,動物;人工物-食べ物,料理・食事,juman
さ湯,さゆ,sayu,普通名詞,自然物,料理・食事,juman
さざえ,さざえ,sazae,普通名詞,動物;人工物-食べ物,料理・食事,juman
さざ波,さざなみ,sazanami,普通名詞,抽象物,,juman
山茶花,さざんか,sazanka,普通名詞,植物,,juman
授かる,さずかる,sazukaru,動詞,,家庭・暮らし,juman
授ける,さずける,sazukeru,動詞,,,juman
背番号,せばんごう,sebango,普通名詞,抽象物,スポーツ,juman
背鰭,せびれ,sebire,普通名詞,動物-部位,,juman
背広,せびろ,sebiro,普通名詞,人工物-衣類,家庭・暮らし;ビジネス,juman
せびる,せびる,sebiru,動詞,,,juman
背骨,せぼね,sebone,普通名詞,動物-部位,健康・医学,juman
節会,せちえ,sechie,普通名詞,抽象物,文化・芸術,juman
節供,せちく,sechiku,普通名詞,抽象物,家庭・暮らし,juman
世代,せだい,sedai,普通名詞,人;時間,,juman
せがむ,せがむ,segamu,動詞,,,juman
倅,せがれ,segare,普通名詞,人,家庭・暮らし,juman
聖,せい,sei,ナ形容詞,,,juman
歳暮,せいぼ,seibo,普通名詞,人工物-その他,家庭・暮らし;ビジネス,juman
成木,せいぼく,seiboku,普通名詞,植物,,juman
西部,せいぶ,seibu,普通名詞,場所-機能,,juman
生物,せいぶつ,seibutsu,普通名詞,動物;植物,,juman
聖地,せいち,seichi,普通名詞,場所-その他,文化・芸術,juman
成鳥,せいちょう,seicho,普通名詞,動物,,juman
政調会,せいちょうかい,seichokai,普通名詞,組織・団体,政治,juman
成虫,せいちゅう,seichu,普通名詞,動物,,juman
盛大,せいだい,seidai,ナ形容詞,,,juman
静電気,せいでんき,seidenki,普通名詞,抽象物,,manual
青銅,せいどう,seido,普通名詞,自然物,,juman
精読,せいどく,seidoku,サ変名詞,抽象物,教育・学習,juman
精鋭,せいえい,seiei,ナ形容詞,,,juman
声援,せいえん,seien,サ変名詞,抽象物,,manual
政府,せいふ,seifu,普通名詞,組織・団体,政治,juman
制服,せいふく,seifuku,普通名詞,人工物-その他,教育・学習;ビジネス,juman
政府筋,せいふすじ,seifusuji,普通名詞,人,政治,juman
声楽,せいがく,seigaku,普通名詞,抽象物,文化・芸術,juman
西岸,せいがん,seigan,普通名詞,場所-機能,,juman
正義,せいぎ,seigi,普通名詞,抽象物,,manual
生後,せいご,seigo,普通名詞,時間,家庭・暮らし,juman
成魚,せいぎょ,seigyo,普通名詞,動物,,juman
制覇,せいは,seiha,サ変名詞,抽象物,スポーツ,juman
製版,せいはん,seihan,サ変名詞,抽象物,文化・芸術,juman
整髪,せいはつ,seihatsu,サ変名詞,抽象物,家庭・暮らし,juman
製品,せいひん,seihin,普通名詞,人工物-その他,ビジネス,juman
西方,せいほう,seiho,普通名詞,場所-その他,,juman
正方形,せいほうけい,seihokei,普通名詞,形・模様,,juman
西北,せいほく,seihoku,普通名詞,場所-機能,,juman
製本,せいほん,seihon,サ変名詞,抽象物,文化・芸術,juman
製氷,せいひょう,seihyo,サ変名詞,抽象物,料理・食事,juman
誠意,せいい,seii,普通名詞,抽象物,,manual
聖域,せいいき,seiiki,普通名詞,場所-その他,文化・芸術,juman
聖者,せいじゃ,seija,普通名詞,人,文化・芸術,juman
静寂,せいじゃく,seijaku,ナ形容詞,,,juman
青磁,せいじ,seiji,普通名詞,人工物-その他,文化・芸術;料理・食事,juman
聖人,せいじん,seijin,普通名詞,人,文化・芸術,juman
誠実,せいじつ,seijitsu,ナ形容詞,,,juman
正常,せいじょう,seijo,ナ形容詞,,,juman
星条旗,せいじょうき,seijoki,普通名詞,人工物-その他,政治,juman
成熟,せいじゅく,seijuku,サ変名詞,抽象物,,manual
清純,せいじゅん,seijun,ナ形容詞,,,juman
生花,せいか,seika,普通名詞,植物,,juman
政界,せいかい,seikai,普通名詞,場所-その他,政治,juman
正確,せいかく,seikaku,ナ形容詞,,,juman
精悍,せいかん,seikan,ナ形容詞,,,juman
生活,せいかつ,seikatsu,サ変名詞,抽象物,家庭・暮らし,juman
政経,せいけい,seikei,普通名詞,抽象物,教育・学習;ビジネス;政治,juman
清潔,せいけつ,seiketsu,ナ形容詞,,,juman
世紀,せいき,seiki,普通名詞,時間,,juman
精勤,せいきん,seikin,サ変名詞,抽象物,ビジネス;教育・学習,juman
精巧,せいこう,seiko,ナ形容詞,,,juman
背比べ,せいくらべ,seikurabe,サ変名詞,抽象物,,juman
生協,せいきょう,seikyo,普通名詞,組織・団体,家庭・暮らし,juman
性急,せいきゅう,seikyu,ナ形容詞,,,juman
精米,せいまい,seimai,サ変名詞,人工物-食べ物;抽象物,料理・食事,juman
清明,せいめい,seimei,時相名詞,時間,,juman
精密,せいみつ,seimitsu,ナ形容詞,,,juman
正門,せいもん,seimon,普通名詞,場所-施設,,juman
西南,せいなん,seinan,普通名詞,場所-機能,,juman
成年,せいねん,seinen,普通名詞,人;抽象物,,juman
生年月日,せいねんがっぴ,seinengappi,普通名詞,時間,,juman
静穏,せいおん,seion,ナ形容詞,,,juman
精霊,せいれい,seirei,普通名詞,人,,juman
清廉,せいれん,seiren,ナ形容詞,,,juman
清流,せいりゅう,seiryu,普通名詞,場所-自然,,juman
制作,せいさく,seisaku,サ変名詞,抽象物,文化・芸術;メディア,juman
青酸,せいさん,seisan,普通名詞,自然物,科学・技術,juman
清算人,せいさんにん,seisannin,普通名詞,人,ビジネス,juman
成績,せいせき,seiseki,普通名詞,抽象物,教育・学習,juman
清泉,せいせん,seisen,普通名詞,場所-自然,,juman
精子,せいし,seishi,普通名詞,動物-部位,健康・医学,juman
正式,せいしき,seishiki,ナ形容詞,,,juman
清新,せいしん,seishin,ナ形容詞,,,juman
正室,せいしつ,seishitsu,普通名詞,人,,juman
聖書,せいしょ,seisho,普通名詞,人工物-その他;抽象物,文化・芸術,juman
聖職,せいしょく,seishoku,普通名詞,抽象物,文化・芸術,juman
青少年,せいしょうねん,seishonen,普通名詞,人,,juman
清酒,せいしゅ,seishu,普通名詞,人工物-食べ物,料理・食事,juman
静粛,せいしゅく,seishuku,ナ形容詞,,,juman
青春,せいしゅん,seishun,普通名詞,抽象物,,manual
清掃,せいそう,seiso,サ変名詞,抽象物,家庭・暮らし,juman
成層圏,せいそうけん,seisoken,普通名詞,場所-自然,,juman
整数,せいすう,seisu,普通名詞,抽象物,教育・学習,juman
生体,せいたい,seitai,普通名詞,動物,健康・医学,juman
政敵,せいてき,seiteki,普通名詞,人,政治,juman
聖典,せいてん,seiten,普通名詞,抽象物,文化・芸術,juman
生徒,せいと,seito,普通名詞,人,教育・学習,juman
整頓,せいとん,seiton,サ変名詞,抽象物,家庭・暮らし,juman
星雲,せいうん,seiun,普通名詞,自然物,,juman
聖夜,せいや,seiya,普通名詞,時間,文化・芸術,juman
西洋,せいよう,seiyo,普通名詞,場所-その他,,juman
声優,せいゆう,seiyu,普通名詞,人,文化・芸術,juman
星座,せいざ,seiza,普通名詞,抽象物;形・模様,,juman
生前,せいぜん,seizen,時相名詞,時間,,juman
勢揃い,せいぞろい,seizoroi,サ変名詞,抽象物,,juman
製図,せいず,seizu,サ変名詞,人工物-その他;抽象物,,juman
世界,せかい,sekai,普通名詞,場所-その他,,juman
席,せき,seki,普通名詞,場所-施設部位,,juman
咳払い,せきばらい,sekibarai,サ変名詞,抽象物,,juman
石彫,せきちょう,sekicho,普通名詞,抽象物,文化・芸術,juman
石柱,せきちゅう,sekichu,普通名詞,人工物-その他,,juman
赤道,せきどう,sekido,普通名詞,場所-その他,,juman
石英,せきえい,sekiei,普通名詞,自然物,,juman
惜敗,せきはい,sekihai,サ変名詞,抽象物,スポーツ,juman
石片,せきへん,sekihen,普通名詞,自然物,,juman
石碑,せきひ,sekihi,普通名詞,人工物-その他,,juman
席次,せきじ,sekiji,普通名詞,抽象物,教育・学習,juman
積年,せきねん,sekinen,普通名詞,時間,,juman
関の山,せきのやま,sekinoyama,普通名詞,抽象物,,juman
積乱雲,せきらんうん,sekiranun,普通名詞,自然物,,juman
鶺鴒,せきれい,sekirei,普通名詞,動物,,juman
積雪,せきせつ,sekisetsu,普通名詞,抽象物,,manual
石室,せきしつ,sekishitsu,普通名詞,場所-施設,,juman
関所,せきしょ,sekisho,普通名詞,場所-施設,政治,juman
石炭,せきたん,sekitan,普通名詞,自然物,科学・技術,juman
関取,せきとり,sekitori,普通名詞,人,スポーツ,juman
脊椎,せきつい,sekitsui,普通名詞,動物-部位,健康・医学,juman
積雲,せきうん,sekiun,普通名詞,自然物,,juman
関脇,せきわけ,sekiwake,普通名詞,人,スポーツ,juman
石油,せきゆ,sekiyu,普通名詞,自然物,科学・技術,juman
石材,せきざい,sekizai,普通名詞,自然物,,juman
石像,せきぞう,sekizo,普通名詞,抽象物,文化・芸術,juman
脊髄,せきずい,sekizui,普通名詞,動物-部位,健康・医学,juman
せっかち,せっかち,sekkachi,ナ形容詞,,,juman
石灰,せっかい,sekkai,普通名詞,自然物,,juman
雪渓,せっけい,sekkei,普通名詞,場所-自然,,juman
石鹸,せっけん,sekken,普通名詞,人工物-その他,,juman
石器,せっき,sekki,普通名詞,人工物-その他,,juman
石膏,せっこう,sekko,普通名詞,人工物-その他,,juman
節句,せっく,sekku,普通名詞,時間,家庭・暮らし,juman
説教,せっきょう,sekkyo,サ変名詞,抽象物,,manual
急く,せく,seku,動詞,,,juman
狭い,せまい,semai,イ形容詞,,,juman
迫る,せまる,semaru,動詞,,,juman
攻める,せめる,semeru,動詞,,スポーツ,juman
攻め手,せめて,semete,普通名詞,人;抽象物,スポーツ,juman
蝉,せみ,semi,普通名詞,動物,,juman
背美鯨,せみくじら,semikujira,普通名詞,動物,,juman
背凭れ,せもたれ,semotare,普通名詞,人工物-その他,,juman
線,せん,sen,普通名詞,形・模様,,manual
背中,せなか,senaka,普通名詞,動物-部位,,juman
背中合わせ,せなかあわせ,senakaawase,普通名詞,抽象物,,juman
旋盤,せんばん,senban,普通名詞,人工物-その他,科学・技術,juman
選抜,せんばつ,senbatsu,サ変名詞,抽象物,スポーツ;教育・学習,juman
千羽鶴,せんばづる,senbazuru,普通名詞,人工物-その他,,juman
煎餅,せんべい,senbei,普通名詞,人工物-食べ物,料理・食事,juman
餞別,せんべつ,senbetsu,普通名詞,人工物-金銭,,juman
船尾,せんび,senbi,普通名詞,人工物-その他,,juman
線引き,せんびき,senbiki,サ変名詞,抽象物,,juman
船長,せんちょう,sencho,普通名詞,人,交通,juman
線虫,せんちゅう,senchu,普通名詞,動物,健康・医学,juman
先代,せんだい,sendai,普通名詞,時間,,juman
船団,せんだん,sendan,普通名詞,組織・団体,,juman
先達,せんだつ,sendatsu,普通名詞,人,,juman
先達て,せんだって,sendatte,時相名詞,時間,,juman
船頭,せんどう,sendo,普通名詞,人,交通,juman
洗顔,せんがん,sengan,サ変名詞,抽象物,家庭・暮らし,juman
先月,せんげつ,sengetsu,時相名詞,時間,,juman
千切り,せんぎり,sengiri,普通名詞,抽象物,料理・食事,juman
鮮魚,せんぎょ,sengyo,普通名詞,人工物-食べ物,料理・食事,juman
繊維,せんい,seni,普通名詞,動物-部位;植物-部位,,juman
船員,せんいん,senin,普通名詞,人,交通,juman
選者,せんじゃ,senja,普通名詞,人,,juman
先人,せんじん,senjin,普通名詞,人,,juman
煎じる,せんじる,senjiru,動詞,,料理・食事,juman
先日,せんじつ,senjitsu,時相名詞,時間,,juman
船上,せんじょう,senjo,普通名詞,場所-その他,,juman
扇状地,せんじょうち,senjochi,普通名詞,場所-自然,,juman
千畳敷き,せんじょうじき,senjojiki,普通名詞,場所-自然,,juman
千手,せんじゅ,senju,普通名詞,人,,juman
専科,せんか,senka,普通名詞,抽象物,教育・学習,juman
先覚者,せんかくしゃ,senkakusha,普通名詞,人,,juman
選管,せんかん,senkan,普通名詞,組織・団体,政治,juman
線形,せんけい,senkei,普通名詞,形・模様,科学・技術,juman
先見の明,せんけんのめい,senkennomei,普通名詞,抽象物,,juman
千古,せんこ,senko,時相名詞,時間,,juman
先刻,せんこく,senkoku,時相名詞,時間,,juman
先客,せんきゃく,senkyaku,普通名詞,人,,juman
選曲,せんきょく,senkyoku,サ変名詞,抽象物,文化・芸術,juman
選挙人,せんきょにん,senkyonin,普通名詞,人,政治,juman
宣教師,せんきょうし,senkyoshi,普通名詞,人,文化・芸術,juman
鮮明,せんめい,senmei,ナ形容詞,,,juman
洗面,せんめん,senmen,サ変名詞,抽象物,家庭・暮らし,juman
専務,せんむ,senmu,サ変名詞,人,ビジネス,juman
先年,せんねん,sennen,時相名詞,時間,,juman
千日手,せんにちて,sennichite,普通名詞,抽象物,レクリエーション;スポーツ,juman
仙人,せんにん,sennin,普通名詞,人,,juman
背伸び,せのび,senobi,サ変名詞,抽象物,,juman
先輩,せんぱい,senpai,普通名詞,人,教育・学習;ビジネス,juman
船舶,せんぱく,senpaku,普通名詞,人工物-乗り物,交通,juman
先般,せんぱん,senpan,時相名詞,時間,,juman
先発,せんぱつ,senpatsu,サ変名詞,抽象物,スポーツ;交通,juman
先方,せんぽう,senpo,普通名詞,人;場所-その他,,juman
扇風機,せんぷうき,senpuki,普通名詞,人工物-その他,,juman
船腹,せんぷく,senpuku,普通名詞,人工物-その他,交通,juman
洗礼,せんれい,senrei,普通名詞,抽象物,文化・芸術,juman
洗練,せんれん,senren,サ変名詞,抽象物,,manual
鮮烈,せんれつ,senretsu,ナ形容詞,,,juman
旋律,せんりつ,senritsu,普通名詞,抽象物,文化・芸術,juman
線路,せんろ,senro,普通名詞,場所-施設,交通,juman
染料,せんりょう,senryo,普通名詞,人工物-その他,,juman
川柳,せんりゅう,senryu,普通名詞,抽象物,文化・芸術,juman
繊細,せんさい,sensai,ナ形容詞,,,juman
先生,せんせい,sensei,普通名詞,人,教育・学習,juman
占星術,せんせいじゅつ,senseijutsu,普通名詞,抽象物,文化・芸術,juman
船籍,せんせき,senseki,普通名詞,抽象物,交通,juman
洗車,せんしゃ,sensha,サ変名詞,抽象物,家庭・暮らし,juman
線審,せんしん,senshin,普通名詞,人,スポーツ,juman
泉質,せんしつ,senshitsu,普通名詞,自然物,,juman
選書,せんしょ,sensho,普通名詞,抽象物,文化・芸術;教育・学習;メディア,juman
染織,せんしょく,senshoku,普通名詞,抽象物,文化・芸術,juman
船首,せんしゅ,senshu,普通名詞,人工物-その他,,juman
千秋楽,せんしゅうらく,senshuraku,普通名詞,時間,文化・芸術,juman
先取点,せんしゅてん,senshuten,普通名詞,抽象物,スポーツ,juman
扇子,せんす,sensu,普通名詞,人工物-その他,,juman
泉水,せんすい,sensui,普通名詞,場所-自然,,juman
船体,せんたい,sentai,普通名詞,人工物-その他,,juman
洗濯,せんたく,sentaku,サ変名詞,抽象物,家庭・暮らし,juman
洗濯物,せんたくもの,sentakumono,普通名詞,人工物-その他,家庭・暮らし,juman
先端,せんたん,sentan,普通名詞,場所-その他,,juman
先手,せんて,sente,普通名詞,抽象物,スポーツ,juman
船艇,せんてい,sentei,普通名詞,人工物-乗り物,交通,juman
銑鉄,せんてつ,sentetsu,普通名詞,人工物-その他,科学・技術,juman
先頭,せんとう,sento,普通名詞,場所-機能;時間,,juman
前栽,せんざい,senzai,普通名詞,植物;場所-施設,,juman
先祖,せんぞ,senzo,普通名詞,人,,juman
背負い投げ,せおいなげ,seoinage,普通名詞,抽象物,スポーツ,juman
背泳ぎ,せおよぎ,seoyogi,普通名詞,抽象物,スポーツ,juman
説法,せっぽう,seppo,サ変名詞,抽象物,文化・芸術,juman
接吻,せっぷん,seppun,サ変名詞,抽象物,家庭・暮らし,juman
芹,せり,seri,普通名詞,植物,料理・食事,juman
台詞,せりふ,serifu,普通名詞,抽象物,文化・芸術,juman
競る,せる,seru,動詞,,スポーツ;ビジネス,juman
せせこましい,せせこましい,sesekomashii,イ形容詞,,,juman
せせらぎ,せせらぎ,seseragi,普通名詞,場所-自然;抽象物,,juman
せせら笑う,せせらわらう,seserawarau,動詞,,,juman
施主,せしゅ,seshu,普通名詞,人,,juman
摂政,せっしょう,sessho,普通名詞,人,政治,juman
拙守,せっしゅ,sesshu,普通名詞,抽象物,スポーツ,juman
拙速,せっそく,sessoku,ナ形容詞,,,juman
節水,せっすい,sessui,サ変名詞,抽象物,家庭・暮らし,juman
背筋,せすじ,sesuji,普通名詞,動物-部位,スポーツ;健康・医学,juman
世帯,せたい,setai,普通名詞,組織・団体,家庭・暮らし,juman
世帯主,せたいぬし,setainushi,普通名詞,人,家庭・暮らし,juman
瀬戸,せと,seto,普通名詞,場所-自然,,juman
瀬戸物,せともの,setomono,普通名詞,人工物-その他,料理・食事,juman
切,せつ,setsu,ナ形容詞,,,juman
接尾語,せつびご,setsubigo,普通名詞,抽象物,教育・学習,juman
接尾辞,せつびじ,setsubiji,普通名詞,抽象物,教育・学習,juman
節分,せつぶん,setsubun,普通名詞,時間,家庭・暮らし,juman
節電,せつでん,setsuden,サ変名詞,抽象物,家庭・暮らし;科学・技術;ビジネス,juman
接岸,せつがん,setsugan,サ変名詞,抽象物,交通,juman
雪月花,せつげっか,setsugekka,普通名詞,抽象物,,manual
雪原,せつげん,setsugen,普通名詞,場所-その他,,juman
切実,せつじつ,setsujitsu,ナ形容詞,,,juman
雪上,せつじょう,setsujo,普通名詞,場所-その他,,juman
雪辱,せつじょく,setsujoku,サ変名詞,抽象物,スポーツ,juman
説明,せつめい,setsumei,サ変名詞,抽象物,,manual
雪面,せつめん,setsumen,普通名詞,場所-その他,スポーツ,juman
設問,せつもん,setsumon,サ変名詞,抽象物,教育・学習,juman
刹那,せつな,setsuna,時相名詞,時間,,juman
説話,せつわ,setsuwa,サ変名詞,抽象物,文化・芸術,juman
節約,せつやく,setsuyaku,サ変名詞,抽象物,家庭・暮らし,juman
接続,せつぞく,setsuzoku,サ変名詞,抽象物,,manual
接続詞,せつぞくし,setsuzokushi,普通名詞,抽象物,教育・学習,juman
設定,せってい,settei,サ変名詞,抽象物,,manual
接頭語,せっとうご,settogo,普通名詞,抽象物,教育・学習,juman
接頭辞,せっとうじ,settoji,普通名詞,抽象物,教育・学習,juman
世話,せわ,sewa,サ変名詞,抽象物,,manual
世話人,せわにん,sewanin,普通名詞,人,,juman
せわしい,せわしい,sewashii,イ形容詞,,,juman
娑婆,しゃば,shaba,普通名詞,場所-その他,,juman
喋る,しゃべる,shaberu,動詞,,,juman
しゃぶる,しゃぶる,shaburu,動詞,,料理・食事,juman
しゃぶしゃぶ,しゃぶしゃぶ,shabushabu,普通名詞,人工物-食べ物,料理・食事,juman
鯱,しゃち,shachi,普通名詞,動物,,juman
鯱,しゃちほこ,shachihoko,普通名詞,人工物-その他,,juman
社長,しゃちょう,shacho,普通名詞,人,ビジネス,juman
車中,しゃちゅう,shachu,普通名詞,場所-その他,交通,juman
社団,しゃだん,shadan,普通名詞,組織・団体,ビジネス,juman
社殿,しゃでん,shaden,普通名詞,場所-施設,文化・芸術,juman
車道,しゃどう,shado,普通名詞,場所-施設,交通,juman
しゃがむ,しゃがむ,shagamu,動詞,,,juman
射撃,しゃげき,shageki,サ変名詞,抽象物,スポーツ;政治,juman
斜辺,しゃへん,shahen,普通名詞,形・模様,,juman
写本,しゃほん,shahon,サ変名詞,人工物-その他;抽象物,文化・芸術,juman
社員,しゃいん,shain,普通名詞,人,ビジネス,juman
社寺,しゃじ,shaji,普通名詞,場所-施設,文化・芸術,juman
車軸,しゃじく,shajiku,普通名詞,人工物-その他,,juman
写実,しゃじつ,shajitsu,サ変名詞,抽象物,文化・芸術,juman
釈迦,しゃか,shaka,普通名詞,人,文化・芸術,juman
社会,しゃかい,shakai,普通名詞,場所-その他,教育・学習;政治,juman
車検,しゃけん,shaken,普通名詞,抽象物,交通,juman
車庫,しゃこ,shako,普通名詞,場所-施設,交通,juman
しゃく,しゃく,shaku,ナ形容詞,,,juman
借地,しゃくち,shakuchi,サ変名詞,場所-その他,家庭・暮らし;ビジネス,juman
赤銅,しゃくどう,shakudo,普通名詞,自然物,,juman
赤銅色,しゃくどういろ,shakudoiro,普通名詞,色,,juman
尺八,しゃくはち,shakuhachi,普通名詞,人工物-その他,文化・芸術,juman
石南花,しゃくなげ,shakunage,普通名詞,植物,,juman
しゃくり上げる,しゃくりあげる,shakuriageru,動詞,,,juman
杓子,しゃくし,shakushi,普通名詞,人工物-その他,料理・食事,juman
しゃくし定規,しゃくしじょうぎ,shakushijogi,ナ形容詞,,,juman
借家,しゃくや,shakuya,サ変名詞,場所-施設,家庭・暮らし,juman
芍薬,しゃくやく,shakuyaku,普通名詞,植物,,juman
借家人,しゃくやにん,shakuyanin,普通名詞,人,家庭・暮らし,juman
写経,しゃきょう,shakyo,サ変名詞,抽象物,文化・芸術,juman
斜面,しゃめん,shamen,普通名詞,場所-その他,,juman
三味線,しゃみせん,shamisen,普通名詞,人工物-その他,文化・芸術,juman
杓文字,しゃもじ,shamoji,普通名詞,人工物-その他,料理・食事,juman
社務所,しゃむしょ,shamusho,普通名詞,場所-施設,文化・芸術,juman
謝肉祭,しゃにくさい,shanikusai,普通名詞,抽象物,文化・芸術,juman
社屋,しゃおく,shaoku,普通名詞,場所-施設,ビジネス,juman
沙羅,しゃら,shara,普通名詞,植物,,juman
洒落,しゃれ,share,ナ形容詞,,,juman
謝礼,しゃれい,sharei,サ変名詞,人工物-金銭;抽象物,,juman
車輪,しゃりん,sharin,普通名詞,人工物-その他,交通,juman
車両,しゃりょう,sharyo,普通名詞,人工物-乗り物,交通,juman
社債,しゃさい,shasai,普通名詞,人工物-金銭,ビジネス,juman
写生,しゃせい,shasei,サ変名詞,抽象物,文化・芸術,juman
車線,しゃせん,shasen,普通名詞,場所-施設部位,交通,juman
写真,しゃしん,shashin,普通名詞,人工物-その他,文化・芸術;メディア,juman
車掌,しゃしょう,shasho,普通名詞,人,交通,juman
社主,しゃしゅ,shashu,普通名詞,人,ビジネス,juman
車窓,しゃそう,shaso,普通名詞,抽象物,交通,juman
車体,しゃたい,shatai,普通名詞,人工物-その他,交通,juman
社宅,しゃたく,shataku,普通名詞,場所-施設,ビジネス;家庭・暮らし,juman
斜塔,しゃとう,shato,普通名詞,場所-施設,,juman
斜陽,しゃよう,shayo,普通名詞,自然物,,juman
謝罪,しゃざい,shazai,サ変名詞,抽象物,,manual
市,し,shi,普通名詞,組織・団体;場所-その他,政治,manual
試合,しあい,shiai,サ変名詞,抽象物,スポーツ,juman
思案,しあん,shian,サ変名詞,抽象物,,manual
明明後日,しあさって,shiasatte,時相名詞,時間,,juman
幸せ,しあわせ,shiawase,ナ形容詞,,,juman
芝,しば,shiba,普通名詞,植物,,juman
芝生,しばふ,shibafu,普通名詞,植物,,juman
芝居,しばい,shibai,サ変名詞,抽象物,文化・芸術,juman
芝刈り,しばかり,shibakari,サ変名詞,抽象物,,juman
縛る,しばる,shibaru,動詞,,,juman
芝山,しばやま,shibayama,普通名詞,場所-自然,,juman
至便,しべん,shiben,ナ形容詞,,,juman
痺れる,しびれる,shibireru,動詞,,,juman
子房,しぼう,shibo,普通名詞,植物-部位,,juman
しぼめる,しぼめる,shibomeru,動詞,,,juman
しぼむ,しぼむ,shibomu,動詞,,,juman
絞る,しぼる,shiboru,動詞,,,juman
支部,しぶ,shibu,普通名詞,場所-施設,,juman
渋い,しぶい,shibui,イ形容詞,,料理・食事,juman
しぶく,しぶく,shibuku,動詞,,,juman
私文書,しぶんしょ,shibunsho,普通名詞,人工物-その他,政治,juman
しぶとい,しぶとい,shibutoi,イ形容詞,,,juman
私物,しぶつ,shibutsu,普通名詞,人工物-その他,,juman
試着,しちゃく,shichaku,サ変名詞,抽象物,家庭・暮らし,juman
質,しち,shichi,普通名詞,人工物-その他,,juman
七五調,しちごちょう,shichigocho,普通名詞,抽象物,文化・芸術,juman
七五三,しちごさん,shichigosan,普通名詞,抽象物,家庭・暮らし,juman
七面鳥,しちめんちょう,shichimencho,普通名詞,動物;人工物-食べ物,料理・食事,juman
七輪,しちりん,shichirin,普通名詞,人工物-その他,料理・食事,juman
七曜,しちよう,shichiyo,普通名詞,時間,,juman
士長,しちょう,shicho,普通名詞,人,政治,juman
司直,しちょく,shichoku,普通名詞,人,政治,juman
市町村,しちょうそん,shichoson,普通名詞,場所-その他,政治,juman
支柱,しちゅう,shichu,普通名詞,人工物-その他,,juman
羊歯,しだ,shida,普通名詞,植物,,juman
私大,しだい,shidai,普通名詞,組織・団体;場所-施設,教育・学習,juman
師団,しだん,shidan,普通名詞,組織・団体,政治,juman
仕出し,しだし,shidashi,普通名詞,抽象物,料理・食事,juman
市電,しでん,shiden,普通名詞,人工物-乗り物,交通,juman
市道,しどう,shido,普通名詞,場所-施設,交通,juman
しどけない,しどけない,shidokenai,イ形容詞,,,juman
私服,しふく,shifuku,普通名詞,人工物-衣類,家庭・暮らし,juman
歯牙,しが,shiga,普通名詞,動物-部位,,juman
市街,しがい,shigai,普通名詞,場所-その他,,juman
私学,しがく,shigaku,普通名詞,場所-その他,教育・学習,juman
しがみ付く,しがみつく,shigamitsuku,動詞,,,juman
柵む,しがらむ,shigaramu,動詞,,,juman
刺激,しげき,shigeki,サ変名詞,抽象物,,manual
茂み,しげみ,shigemi,普通名詞,場所-自然,,juman
資源,しげん,shigen,普通名詞,自然物,科学・技術;ビジネス;政治,juman
茂る,しげる,shigeru,動詞,,,juman
市議,しぎ,shigi,普通名詞,人,政治,juman
詩吟,しぎん,shigin,普通名詞,抽象物,文化・芸術,juman
扱く,しごく,shigoku,動詞,,,juman
子午線,しごせん,shigosen,普通名詞,場所-その他,,juman
仕事,しごと,shigoto,サ変名詞,抽象物,家庭・暮らし;ビジネス,juman
仕事場,しごとば,shigotoba,普通名詞,場所-その他,ビジネス,juman
時雨,しぐれ,shigure,普通名詞,抽象物,,manual
始業,しぎょう,shigyo,サ変名詞,抽象物,教育・学習,juman
賜杯,しはい,shihai,普通名詞,人工物-その他;抽象物,スポーツ,juman
支配人,しはいにん,shihainin,普通名詞,人,ビジネス,juman
師範,しはん,shihan,普通名詞,人,文化・芸術,juman
四半期,しはんき,shihanki,時相名詞,時間,,juman
支払,しはらい,shiharai,普通名詞,抽象物,ビジネス;家庭・暮らし,juman
始発,しはつ,shihatsu,普通名詞,抽象物,交通,juman
紙幣,しへい,shihei,普通名詞,人工物-金銭,,juman
紙片,しへん,shihen,普通名詞,人工物-その他,,juman
私費,しひ,shihi,普通名詞,人工物-金銭,,juman
至宝,しほう,shiho,普通名詞,人工物-その他,,juman
資本,しほん,shihon,普通名詞,人工物-金銭,ビジネス,juman
司法書士,しほうしょし,shihoshoshi,普通名詞,人,政治,juman
椎,しい,shii,普通名詞,植物,,juman
詩歌,しいか,shiika,普通名詞,抽象物,文化・芸術,juman
飼育,しいく,shiiku,サ変名詞,抽象物,家庭・暮らし,juman
子音,しいん,shiin,普通名詞,抽象物,教育・学習,juman
強いる,しいる,shiiru,動詞,,家庭・暮らし,juman
椎茸,しいたけ,shiitake,普通名詞,植物;人工物-食べ物,料理・食事,juman
師事,しじ,shiji,サ変名詞,抽象物,文化・芸術,juman
蜆,しじみ,shijimi,普通名詞,動物;人工物-食べ物,料理・食事,juman
私人,しじん,shijin,普通名詞,人,,juman
指示詞,しじし,shijishi,普通名詞,抽象物,教育・学習,juman
子女,しじょ,shijo,普通名詞,人,,juman
紫綬,しじゅ,shiju,普通名詞,人工物-その他,,juman
四十雀,しじゅうから,shijukara,普通名詞,動物,,juman
私塾,しじゅく,shijuku,普通名詞,場所-その他,教育・学習,juman
鹿,しか,shika,普通名詞,動物,,juman
仕返し,しかえし,shikaeshi,サ変名詞,抽象物,,juman
司会,しかい,shikai,サ変名詞,人;抽象物,メディア,juman
刺客,しかく,shikaku,普通名詞,人,,juman
しかめる,しかめる,shikameru,動詞,,,juman
士官,しかん,shikan,普通名詞,人,政治,juman
叱る,しかる,shikaru,動詞,,,juman
紙型,しけい,shikei,普通名詞,人工物-その他,,juman
試験,しけん,shiken,サ変名詞,抽象物,教育・学習,juman
四季,しき,shiki,普通名詞,時間,,juman
敷き布団,しきぶとん,shikibuton,普通名詞,人工物-その他,家庭・暮らし,juman
敷地,しきち,shikichi,普通名詞,場所-その他,,juman
敷布,しきふ,shikifu,普通名詞,人工物-その他,家庭・暮らし,juman
式服,しきふく,shikifuku,普通名詞,人工物-衣類,家庭・暮らし,juman
私企業,しきぎょう,shikigyo,普通名詞,組織・団体,ビジネス,juman
敷居,しきい,shikii,普通名詞,場所-施設部位,,juman
敷石,しきいし,shikiishi,普通名詞,自然物,,juman
識字,しきじ,shikiji,サ変名詞,抽象物,教育・学習,juman
式場,しきじょう,shikijo,普通名詞,場所-施設,,juman
敷金,しききん,shikikin,普通名詞,人工物-金銭,家庭・暮らし,juman
敷物,しきもの,shikimono,普通名詞,人工物-その他,家庭・暮らし,juman
資金,しきん,shikin,普通名詞,人工物-金銭,ビジネス,juman
頻り,しきり,shikiri,ナ形容詞,,,juman
仕切り線,しきりせん,shikirisen,普通名詞,場所-その他,,juman
色彩,しきさい,shikisai,普通名詞,抽象物,,manual
識者,しきしゃ,shikisha,普通名詞,人,科学・技術;メディア,juman
色紙,しきし,shikishi,普通名詞,人工物-その他,,juman
色素,しきそ,shikiso,普通名詞,自然物,,juman
しきたり,しきたり,shikitari,普通名詞,抽象物,文化・芸術,juman
失格,しっかく,shikkaku,サ変名詞,抽象物,スポーツ,juman
確り者,しっかりもの,shikkarimono,普通名詞,抽象物,,juman
湿気,しっけ,shikke,普通名詞,抽象物,,manual
失敬,しっけい,shikkei,ナ形容詞,,,juman
執権,しっけん,shikken,普通名詞,人,政治,juman
漆器,しっき,shikki,普通名詞,人工物-その他,,juman
漆黒,しっこく,shikkoku,普通名詞,色,,juman
しっくい,しっくい,shikkui,普通名詞,人工物-その他,,juman
歯垢,しこう,shiko,普通名詞,動物-部位,健康・医学,juman
紫紺,しこん,shikon,普通名詞,色,,juman
市区,しく,shiku,普通名詞,組織・団体;場所-その他,政治,juman
しくじる,しくじる,shikujiru,動詞,,,juman
司教,しきょう,shikyo,普通名詞,人,文化・芸術,juman
支局,しきょく,shikyoku,普通名詞,場所-施設,ビジネス;政治,juman
四球,しきゅう,shikyu,普通名詞,抽象物,スポーツ,juman
始球式,しきゅうしき,shikyushiki,普通名詞,抽象物,スポーツ,juman
島,しま,shima,普通名詞,場所-自然,,juman
島国,しまぐに,shimaguni,普通名詞,場所-その他,,juman
姉妹,しまい,shimai,普通名詞,人,家庭・暮らし,juman
島々,しまじま,shimajima,普通名詞,場所-自然,,juman
島影,しまかげ,shimakage,普通名詞,形・模様,,juman
島流し,しまながし,shimanagashi,サ変名詞,抽象物,,juman
締まる,しまる,shimaru,動詞,,,juman
縞馬,しまうま,shimauma,普通名詞,動物,,juman
使命,しめい,shimei,普通名詞,抽象物,,manual
しめじ,しめじ,shimeji,普通名詞,植物;人工物-食べ物,料理・食事,juman
しめ飾り,しめかざり,shimekazari,普通名詞,人工物-その他,家庭・暮らし,juman
締切,しめきり,shimekiri,普通名詞,時間,,juman
紙面,しめん,shimen,普通名詞,場所-その他,メディア,juman
しめ縄,しめなわ,shimenawa,普通名詞,人工物-その他,文化・芸術,juman
湿っぽい,しめっぽい,shimeppoi,イ形容詞,,,juman
湿り気,しめりけ,shimerike,普通名詞,抽象物,,juman
湿る,しめる,shimeru,動詞,,,juman
示す,しめす,shimesu,動詞,,,juman
示偏,しめすへん,shimesuhen,普通名詞,抽象物,教育・学習,juman
しめやか,しめやか,shimeyaka,ナ形容詞,,,juman
市民,しみん,shimin,普通名詞,人,政治,juman
染みる,しみる,shimiru,動詞,,,juman
しみったれ,しみったれ,shimittare,普通名詞,抽象物,,juman
清水,しみず,shimizu,普通名詞,自然物,,juman
霜,しも,shimo,普通名詞,抽象物,,juman
霜柱,しもばしら,shimobashira,普通名詞,抽象物,,manual
霜解け,しもどけ,shimodoke,普通名詞,抽象物,,juman
下半期,しもはんき,shimohanki,時相名詞,時間,,juman
下々,しもじも,shimojimo,普通名詞,人,,juman
下期,しもき,shimoki,時相名詞,時間,,juman
指紋,しもん,shimon,普通名詞,形・模様,,juman
下の句,しものく,shimonoku,普通名詞,抽象物,文化・芸術,juman
下手,しもて,shimote,普通名詞,場所-機能,,juman
霜月,しもつき,shimotsuki,時相名詞,時間,,juman
霜焼け,しもやけ,shimoyake,普通名詞,抽象物,健康・医学;家庭・暮らし,juman
霜除け,しもよけ,shimoyoke,普通名詞,抽象物,,juman
染む,しむ,shimu,動詞,,,juman
芯,しん,shin,普通名詞,人工物-その他,,juman
品,しな,shina,普通名詞,人工物-その他,,juman
萎びる,しなびる,shinabiru,動詞,,,juman
竹刀,しない,shinai,普通名詞,人工物-その他,スポーツ,juman
品々,しなじな,shinajina,普通名詞,人工物-その他,,juman
品物,しなもの,shinamono,普通名詞,人工物-その他,ビジネス,juman
至難,しなん,shinan,ナ形容詞,,,juman
品定め,しなさだめ,shinasadame,サ変名詞,抽象物,,juman
品薄,しなうす,shinausu,ナ形容詞,,,juman
しなやか,しなやか,shinayaka,ナ形容詞,,,juman
心棒,しんぼう,shinbo,普通名詞,人工物-その他,,juman
神木,しんぼく,shinboku,普通名詞,植物,文化・芸術,juman
深部,しんぶ,shinbu,普通名詞,場所-その他,,juman
新聞,しんぶん,shinbun,普通名詞,人工物-その他,メディア,juman
神仏,しんぶつ,shinbutsu,普通名詞,人,文化・芸術,juman
新茶,しんちゃ,shincha,普通名詞,人工物-食べ物,料理・食事,juman
新著,しんちょ,shincho,普通名詞,抽象物,文化・芸術,juman
真鍮,しんちゅう,shinchu,普通名詞,自然物,科学・技術,juman
寝台,しんだい,shindai,普通名詞,人工物-その他,交通,juman
寝殿,しんでん,shinden,普通名詞,場所-施設,,juman
心電図,しんでんず,shindenzu,普通名詞,人工物-その他,健康・医学,juman
神童,しんどう,shindo,普通名詞,人,,juman
しんどい,しんどい,shindoi,イ形容詞,,,juman
新鋭,しんえい,shinei,ナ形容詞,,,juman
親衛隊,しんえいたい,shineitai,普通名詞,組織・団体,政治,juman
深淵,しんえん,shinen,普通名詞,場所-自然,,juman
心外,しんがい,shingai,ナ形容詞,,,juman
神学,しんがく,shingaku,普通名詞,抽象物,教育・学習,juman
新顔,しんがお,shingao,普通名詞,人,,juman
しんがり,しんがり,shingari,普通名詞,場所-その他,,juman
新劇,しんげき,shingeki,普通名詞,抽象物,文化・芸術,juman
震源,しんげん,shingen,普通名詞,場所-その他,,juman
新月,しんげつ,shingetsu,普通名詞,抽象物,,manual
信号,しんごう,shingo,サ変名詞,人工物-その他,交通,juman
寝具,しんぐ,shingu,普通名詞,人工物-その他,家庭・暮らし,juman
老舗,しにせ,shinise,普通名詞,場所-施設,ビジネス,juman
信者,しんじゃ,shinja,普通名詞,人,文化・芸術,juman
神事,しんじ,shinji,普通名詞,抽象物,文化・芸術,juman
新人,しんじん,shinjin,普通名詞,人,,juman
真実,しんじつ,shinjitsu,ナ形容詞,,,juman
真珠,しんじゅ,shinju,普通名詞,自然物,,juman
真珠貝,しんじゅがい,shinjugai,普通名詞,動物,,juman
進化,しんか,shinka,サ変名詞,抽象物,,manual
新株,しんかぶ,shinkabu,普通名詞,人工物-金銭,ビジネス,juman
深海,しんかい,shinkai,普通名詞,場所-自然,,juman
神格,しんかく,shinkaku,普通名詞,抽象物,文化・芸術,juman
新館,しんかん,shinkan,普通名詞,場所-施設,,juman
新幹線,しんかんせん,shinkansen,普通名詞,人工物-乗り物,交通,juman
神経,しんけい,shinkei,普通名詞,動物-部位,健康・医学,juman
真剣,しんけん,shinken,普通名詞,人工物-その他,,juman
神器,しんき,shinki,普通名詞,人工物-その他,文化・芸術,juman
心筋,しんきん,shinkin,普通名詞,動物-部位,健康・医学,juman
蜃気楼,しんきろう,shinkiro,普通名詞,抽象物,,manual
信仰,しんこう,shinko,サ変名詞,抽象物,文化・芸術,juman
申告,しんこく,shinkoku,サ変名詞,抽象物,家庭・暮らし;政治,juman
深呼吸,しんこきゅう,shinkokyu,サ変名詞,抽象物,,manual
新婚,しんこん,shinkon,普通名詞,抽象物,家庭・暮らし,juman
深紅,しんく,shinku,普通名詞,色,,juman
新居,しんきょ,shinkyo,普通名詞,場所-施設,家庭・暮らし,juman
新曲,しんきょく,shinkyoku,普通名詞,抽象物,文化・芸術,juman
進級,しんきゅう,shinkyu,サ変名詞,抽象物,教育・学習,juman
新前,しんまえ,shinmae,普通名詞,人,,juman
新米,しんまい,shinmai,普通名詞,植物;人工物-食べ物,料理・食事,juman
新芽,しんめ,shinme,普通名詞,植物-部位,,juman
親身,しんみ,shinmi,ナ形容詞,,,juman
親密,しんみつ,shinmitsu,ナ形容詞,,,juman
進物,しんもつ,shinmotsu,普通名詞,人工物-その他,家庭・暮らし,juman
神妙,しんみょう,shinmyo,ナ形容詞,,,juman
新年,しんねん,shinnen,時相名詞,時間,,juman
新任,しんにん,shinnin,普通名詞,抽象物,教育・学習;ビジネス,juman
親王,しんのう,shinno,普通名詞,人,政治,juman
之繞,しんにょう,shinnyo,普通名詞,抽象物,教育・学習,juman
侵入,しんにゅう,shinnyu,サ変名詞,抽象物,,manual
篠,しの,shino,普通名詞,植物,,juman
忍び足,しのびあし,shinobiashi,普通名詞,抽象物,,juman
忍びない,しのびない,shinobinai,イ形容詞,,,juman
忍び泣き,しのびなき,shinobinaki,普通名詞,抽象物,,juman
偲ぶ,しのぶ,shinobu,動詞,,,juman
鎬,しのぎ,shinogi,普通名詞,人工物-その他,,juman
凌ぐ,しのぐ,shinogu,動詞,,,juman
新派,しんぱ,shinpa,普通名詞,組織・団体,,juman
心肺,しんぱい,shinpai,普通名詞,動物-部位,健康・医学,juman
審判,しんぱん,shinpan,サ変名詞,人;抽象物,スポーツ,juman
新編,しんぺん,shinpen,普通名詞,抽象物,文化・芸術,juman
神秘,しんぴ,shinpi,ナ形容詞,,,juman
新品,しんぴん,shinpin,普通名詞,人工物-その他,,juman
信奉,しんぽう,shinpo,サ変名詞,抽象物,文化・芸術,juman
新婦,しんぷ,shinpu,普通名詞,人,家庭・暮らし,juman
信頼,しんらい,shinrai,サ変名詞,抽象物,,manual
辛辣,しんらつ,shinratsu,ナ形容詞,,,juman
神霊,しんれい,shinrei,普通名詞,人,文化・芸術,juman
新暦,しんれき,shinreki,普通名詞,時間,,juman
心理,しんり,shinri,普通名詞,抽象物,,manual
森林,しんりん,shinrin,普通名詞,場所-自然,,juman
新郎,しんろう,shinro,普通名詞,人,家庭・暮らし,juman
親類,しんるい,shinrui,普通名詞,人,家庭・暮らし,juman
新緑,しんりょく,shinryoku,普通名詞,色,,juman
震災,しんさい,shinsai,普通名詞,抽象物,家庭・暮らし,juman
新作,しんさく,shinsaku,サ変名詞,抽象物,,manual
新札,しんさつ,shinsatsu,普通名詞,人工物-金銭,,juman
新星,しんせい,shinsei,普通名詞,自然物,,juman
深成岩,しんせいがん,shinseigan,普通名詞,自然物,,juman
親戚,しんせき,shinseki,普通名詞,人,家庭・暮らし,juman
新鮮,しんせん,shinsen,ナ形容詞,,,juman
新雪,しんせつ,shinsetsu,普通名詞,自然物,,juman
新車,しんしゃ,shinsha,普通名詞,人工物-乗り物,交通,juman
紳士,しんし,shinshi,普通名詞,人,,juman
神式,しんしき,shinshiki,普通名詞,抽象物,文化・芸術;家庭・暮らし,juman
寝室,しんしつ,shinshitsu,普通名詞,場所-施設,家庭・暮らし,juman
新書,しんしょ,shinsho,普通名詞,抽象物,文化・芸術,juman
神職,しんしょく,shinshoku,普通名詞,人,文化・芸術,juman
新種,しんしゅ,shinshu,普通名詞,抽象物,,manual
新春,しんしゅん,shinshun,普通名詞,時間,,juman
進出,しんしゅつ,shinshutsu,サ変名詞,抽象物,,manual
深層,しんそう,shinso,普通名詞,場所-機能,,juman
新卒,しんそつ,shinsotsu,普通名詞,抽象物,教育・学習;ビジネス,juman
進水,しんすい,shinsui,サ変名詞,抽象物,交通,juman
身体,しんたい,shintai,普通名詞,動物,,juman
進展,しんてん,shinten,サ変名詞,抽象物,,manual
信徒,しんと,shinto,普通名詞,人,文化・芸術,juman
神話,しんわ,shinwa,普通名詞,抽象物,文化・芸術,juman
深夜,しんや,shinya,時相名詞,時間,,juman
新薬,しんやく,shinyaku,普通名詞,人工物-その他,健康・医学,juman
針葉樹,しんようじゅ,shinyoju,普通名詞,植物,,juman
親友,しんゆう,shinyu,普通名詞,人,家庭・暮らし,juman
深山,しんざん,shinzan,普通名詞,場所-自然,,juman
神前,しんぜん,shinzen,普通名詞,場所-その他,文化・芸術,juman
心臓,しんぞう,shinzo,普通名詞,動物-部位,健康・医学,juman
親族,しんぞく,shinzoku,普通名詞,組織・団体,家庭・暮らし,juman
塩,しお,shio,普通名詞,人工物-食べ物;自然物,料理・食事,juman
塩味,しおあじ,shioaji,普通名詞,抽象物,料理・食事,juman
潮時,しおどき,shiodoki,普通名詞,時間,,juman
潮干狩り,しおひがり,shiohigari,普通名詞,抽象物,レクリエーション,juman
潮風,しおかぜ,shiokaze,普通名詞,抽象物,,manual
塩気,しおけ,shioke,普通名詞,抽象物,料理・食事,juman
仕送り,しおくり,shiokuri,サ変名詞,人工物-金銭;抽象物,家庭・暮らし,juman
潮目,しおめ,shiome,普通名詞,場所-機能,,juman
紫苑,しおん,shion,普通名詞,植物,,juman
しおらしい,しおらしい,shiorashii,イ形容詞,,,juman
萎れる,しおれる,shioreru,動詞,,,juman
枝折り戸,しおりど,shiorido,普通名詞,場所-施設,,juman
潮騒,しおさい,shiosai,普通名詞,抽象物,,manual
塩漬け,しおづけ,shiozuke,普通名詞,人工物-食べ物;抽象物,料理・食事,juman
失敗,しっぱい,shippai,サ変名詞,抽象物,,manual
しっぺ返し,しっぺがえし,shippegaeshi,サ変名詞,抽象物,,juman
執筆,しっぴつ,shippitsu,サ変名詞,抽象物,文化・芸術;メディア,juman
七宝焼き,しっぽうやき,shippoyaki,普通名詞,人工物-その他,文化・芸術,juman
湿布,しっぷ,shippu,サ変名詞,人工物-その他;抽象物,健康・医学,juman
調べる,しらべる,shiraberu,動詞,,,juman
白髪,しらが,shiraga,普通名詞,動物-部位,,juman
白羽,しらは,shiraha,普通名詞,動物-部位,,juman
白帆,しらほ,shiraho,普通名詞,人工物-その他,,juman
白樺,しらかば,shirakaba,普通名詞,植物,,juman
白ける,しらける,shirakeru,動詞,,,juman
白木,しらき,shiraki,普通名詞,人工物-その他,,juman
虱,しらみ,shirami,普通名詞,動物,,juman
白浪,しらなみ,shiranami,普通名詞,抽象物,,manual
知らん振り,しらんふり,shiranfuri,サ変名詞,抽象物,,juman
知らん顔,しらんかお,shirankao,サ変名詞,抽象物,,juman
白鷺,しらさぎ,shirasagi,普通名詞,動物,,juman
知らせる,しらせる,shiraseru,動詞,,,juman
白洲,しらす,shirasu,普通名詞,場所-自然,,juman
白玉,しらたま,shiratama,普通名詞,人工物-食べ物,料理・食事,juman
白玉粉,しらたまこ,shiratamako,普通名詞,人工物-食べ物,料理・食事,juman
白梅,しらうめ,shiraume,普通名詞,植物,,juman
白魚,しらうお,shirauo,普通名詞,動物;人工物-食べ物,料理・食事,juman
司令塔,しれいとう,shireito,普通名詞,人;抽象物,政治;スポーツ,juman
試練,しれん,shiren,普通名詞,抽象物,,manual
知れる,しれる,shireru,動詞,,,juman
熾烈,しれつ,shiretsu,ナ形容詞,,,juman
市立,しりつ,shiritsu,普通名詞,抽象物,教育・学習;ビジネス;政治,juman
退ける,しりぞける,shirizokeru,動詞,,,juman
退く,しりぞく,shirizoku,動詞,,,juman
白,しろ,shiro,普通名詞,色,,juman
白蟻,しろあり,shiroari,普通名詞,動物,,juman
城跡,しろあと,shiroato,普通名詞,場所-その他,,juman
白星,しろぼし,shiroboshi,普通名詞,抽象物,スポーツ,juman
しろがね,しろがね,shirogane,普通名詞,自然物,,juman
白旗,しろはた,shirohata,普通名詞,人工物-その他,政治,juman
白い,しろい,shiroi,イ形容詞,,,juman
白地,しろじ,shiroji,普通名詞,形・模様,,juman
代掻き,しろかき,shirokaki,サ変名詞,抽象物,,juman
白熊,しろくま,shirokuma,普通名詞,動物,,juman
白黒,しろくろ,shirokuro,普通名詞,抽象物,,manual
白身,しろみ,shiromi,普通名詞,動物-部位,料理・食事,juman
代物,しろもの,shiromono,普通名詞,人;人工物-その他,,juman
白抜き,しろぬき,shironuki,サ変名詞,形・模様,,juman
素人,しろうと,shiroto,普通名詞,人,,juman
白酒,しろざけ,shirozake,普通名詞,人工物-食べ物,料理・食事,juman
汁,しる,shiru,普通名詞,人工物-食べ物;自然物,料理・食事,juman
汁粉,しるこ,shiruko,普通名詞,人工物-食べ物,料理・食事,juman
印,しるし,shirushi,普通名詞,人工物-その他,,juman
記す,しるす,shirusu,動詞,,,juman
飼料,しりょう,shiryo,普通名詞,人工物-食べ物,,juman
支流,しりゅう,shiryu,普通名詞,場所-自然,,juman
司祭,しさい,shisai,普通名詞,人,文化・芸術,juman
詩作,しさく,shisaku,サ変名詞,抽象物,文化・芸術,juman
資産,しさん,shisan,普通名詞,人工物-金銭,ビジネス;家庭・暮らし,juman
市井,しせい,shisei,普通名詞,場所-その他,,juman
私生活,しせいかつ,shiseikatsu,普通名詞,抽象物,家庭・暮らし,juman
歯石,しせき,shiseki,普通名詞,動物-部位,健康・医学,juman
支線,しせん,shisen,普通名詞,人工物-その他,交通,juman
使節,しせつ,shisetsu,普通名詞,人,政治,juman
使者,ししゃ,shisha,普通名詞,人,,juman
四捨五入,ししゃごにゅう,shishagonyu,サ変名詞,抽象物,教育・学習,juman
子爵,ししゃく,shishaku,普通名詞,人,政治,juman
柳葉魚,ししゃも,shishamo,普通名詞,動物;人工物-食べ物,料理・食事,juman
獅子,しし,shishi,普通名詞,動物,,juman
獅子舞,ししまい,shishimai,普通名詞,抽象物,文化・芸術,juman
私信,ししん,shishin,普通名詞,人工物-その他,,juman
子々孫々,ししそんそん,shishisonson,普通名詞,抽象物,家庭・暮らし,juman
脂質,ししつ,shishitsu,普通名詞,自然物,健康・医学,juman
司書,ししょ,shisho,普通名詞,人,教育・学習,juman
私書箱,ししょばこ,shishobako,普通名詞,人工物-その他,,juman
試食,ししょく,shishoku,サ変名詞,抽象物,料理・食事,juman
詩集,ししゅう,shishu,普通名詞,人工物-その他;抽象物,文化・芸術,juman
思春期,ししゅんき,shishunki,普通名詞,時間,健康・医学,juman
支出,ししゅつ,shishutsu,サ変名詞,抽象物,家庭・暮らし;ビジネス,juman
紫蘇,しそ,shiso,普通名詞,植物;人工物-食べ物,料理・食事,juman
子息,しそく,shisoku,普通名詞,人,家庭・暮らし,juman
子孫,しそん,shison,普通名詞,抽象物,家庭・暮らし,juman
失策,しっさく,shissaku,サ変名詞,抽象物,スポーツ,juman
質素,しっそ,shisso,ナ形容詞,,,juman
舌,した,shita,普通名詞,動物-部位,,juman
下顎,したあご,shitaago,普通名詞,動物-部位,,juman
下味,したあじ,shitaaji,普通名詞,抽象物,料理・食事,juman
下履き,したばき,shitabaki,普通名詞,人工物-衣類,家庭・暮らし;教育・学習,juman
下絵,したえ,shitae,普通名詞,人工物-その他;抽象物,文化・芸術,juman
従える,したがえる,shitagaeru,動詞,,,juman
下書き,したがき,shitagaki,サ変名詞,抽象物,,juman
従う,したがう,shitagau,動詞,,,juman
下着,したぎ,shitagi,普通名詞,人工物-衣類,家庭・暮らし,juman
下心,したごころ,shitagokoro,普通名詞,抽象物,,manual
肢体,したい,shitai,普通名詞,動物-部位,,juman
下地,したじ,shitaji,普通名詞,人工物-その他,,juman
下敷き,したじき,shitajiki,普通名詞,人工物-その他,教育・学習,juman
支度,したく,shitaku,サ変名詞,抽象物,,manual
下草,したくさ,shitakusa,普通名詞,植物,,juman
下町,したまち,shitamachi,普通名詞,場所-その他,,juman
下見,したみ,shitami,サ変名詞,抽象物,,manual
下っ端,したっぱ,shitappa,普通名詞,人,,juman
したり顔,したりがお,shitarigao,サ変名詞,抽象物,,juman
親しい,したしい,shitashii,イ形容詞,,,juman
下調べ,したしらべ,shitashirabe,サ変名詞,抽象物,,juman
したたか,したたか,shitataka,ナ形容詞,,,juman
したためる,したためる,shitatameru,動詞,,,juman
舌足らず,したたらず,shitatarazu,ナ形容詞,,,juman
滴る,したたる,shitataru,動詞,,,juman
下手,したて,shitate,ナ形容詞,,,juman
仕立物,したてもの,shitatemono,普通名詞,人工物-その他,,juman
舌鼓,したつづみ,shitatsuzumi,普通名詞,抽象物,料理・食事,juman
慕う,したう,shitau,動詞,,,juman
舌打ち,したうち,shitauchi,サ変名詞,抽象物,,juman
下読み,したよみ,shitayomi,サ変名詞,抽象物,,juman
下積み,したづみ,shitazumi,サ変名詞,抽象物,,juman
湿地,しっち,shitchi,普通名詞,場所-自然,,juman
仕手,して,shite,普通名詞,人,ビジネス,juman
姉弟,してい,shitei,普通名詞,人,家庭・暮らし,juman
指摘,してき,shiteki,サ変名詞,抽象物,,manual
支店,してん,shiten,普通名詞,場所-施設,ビジネス,juman
私鉄,してつ,shitetsu,普通名詞,組織・団体;人工物-乗り物,交通,juman
使徒,しと,shito,普通名詞,人,,juman
しとやか,しとやか,shitoyaka,ナ形容詞,,,juman
室,しつ,shitsu,普通名詞,場所-施設,,juman
室長,しつちょう,shitsucho,普通名詞,人,ビジネス,juman
湿田,しつでん,shitsuden,普通名詞,場所-その他,,juman
湿原,しつげん,shitsugen,普通名詞,場所-自然,,juman
質疑,しつぎ,shitsugi,サ変名詞,抽象物,,manual
執事,しつじ,shitsuji,普通名詞,人,,juman
質実,しつじつ,shitsujitsu,ナ形容詞,,,juman
しつこい,しつこい,shitsukoi,イ形容詞,,,juman
質問,しつもん,shitsumon,サ変名詞,抽象物,,manual
しつらえる,しつらえる,shitsuraeru,動詞,,,juman
失礼,しつれい,shitsurei,ナ形容詞,,,juman
失恋,しつれん,shitsuren,サ変名詞,抽象物,家庭・暮らし,juman
室料,しつりょう,shitsuryo,普通名詞,人工物-金銭,,juman
執拗,しつよう,shitsuyo,ナ形容詞,,,juman
知ったか振り,しったかぶり,shittakaburi,普通名詞,抽象物,,juman
失点,しってん,shitten,サ変名詞,抽象物,スポーツ,juman
失投,しっとう,shitto,サ変名詞,抽象物,スポーツ,juman
仕打ち,しうち,shiuchi,普通名詞,抽象物,,juman
紫雲,しうん,shiun,普通名詞,自然物,,juman
試運転,しうんてん,shiunten,サ変名詞,抽象物,交通,juman
皺,しわ,shiwa,普通名詞,動物-部位,,juman
嗄れる,しわがれる,shiwagareru,動詞,,健康・医学,juman
師走,しわす,shiwasu,時相名詞,時間,,juman
皺寄せ,しわよせ,shiwayose,サ変名詞,抽象物,,juman
視野,しや,shiya,普通名詞,抽象物,,manual
試薬,しやく,shiyaku,普通名詞,人工物-その他,健康・医学,juman
子葉,しよう,shiyo,普通名詞,植物-部位,,juman
使用人,しようにん,shiyonin,普通名詞,人,家庭・暮らし;ビジネス,juman
資材,しざい,shizai,普通名詞,人工物-その他,,juman
自然,しぜん,shizen,ナ形容詞,,,juman
士族,しぞく,shizoku,普通名詞,組織・団体,,juman
静か,しずか,shizuka,ナ形容詞,,,juman
静けさ,しずけさ,shizukesa,普通名詞,抽象物,,juman
滴,しずく,shizuku,普通名詞,自然物,,juman
鎮まる,しずまる,shizumaru,動詞,,,juman
沈める,しずめる,shizumeru,動詞,,,juman
沈む,しずむ,shizumu,動詞,,,juman
笙,しょう,sho,普通名詞,人工物-その他,文化・芸術,juman
商売人,しょうばいにん,shobainin,普通名詞,人,ビジネス,juman
相伴,しょうばん,shoban,サ変名詞,人,,juman
賞罰,しょうばつ,shobatsu,普通名詞,抽象物,家庭・暮らし;政治,juman
書房,しょぼう,shobo,普通名詞,場所-施設,,juman
菖蒲,しょうぶ,shobu,普通名詞,植物,,juman
勝負所,しょうぶどころ,shobudokoro,普通名詞,抽象物,スポーツ,juman
小腸,しょうちょう,shocho,普通名詞,動物-部位,健康・医学,juman
焼酎,しょうちゅう,shochu,普通名詞,人工物-食べ物,料理・食事,juman
初代,しょだい,shodai,普通名詞,人,,juman
初段,しょだん,shodan,普通名詞,場所-機能;数量,文化・芸術;スポーツ,juman
書棚,しょだな,shodana,普通名詞,人工物-その他;場所-施設部位,,juman
焦土,しょうど,shodo,普通名詞,場所-その他,,juman
硝煙,しょうえん,shoen,普通名詞,人工物-その他,,juman
書風,しょふう,shofu,普通名詞,抽象物,文化・芸術,juman
正札,しょうふだ,shofuda,普通名詞,人工物-その他,,juman
書画,しょが,shoga,普通名詞,抽象物,文化・芸術,juman
生涯,しょうがい,shogai,時相名詞,時間,,juman
小学校,しょうがっこう,shogakko,普通名詞,場所-施設,教育・学習,juman
小学,しょうがく,shogaku,普通名詞,組織・団体;場所-施設,教育・学習,juman
商学部,しょうがくぶ,shogakubu,普通名詞,組織・団体,教育・学習,juman
小学生,しょうがくせい,shogakusei,普通名詞,人,教育・学習,juman
しょうがない,しょうがない,shoganai,イ形容詞,,,juman
正月,しょうがつ,shogatsu,時相名詞,時間,家庭・暮らし,juman
書芸,しょげい,shogei,普通名詞,抽象物,文化・芸術,juman
衝撃,しょうげき,shogeki,普通名詞,抽象物,,manual
しょげる,しょげる,shogeru,動詞,,,juman
将棋,しょうぎ,shogi,普通名詞,抽象物,レクリエーション;スポーツ,juman
将棋倒し,しょうぎだおし,shogidaoshi,普通名詞,抽象物,,juman
正午,しょうご,shogo,時相名詞,時間,,juman
将軍,しょうぐん,shogun,普通名詞,人,,juman
聖教,しょうぎょう,shogyo,普通名詞,抽象物,文化・芸術,juman
賞牌,しょうはい,shohai,普通名詞,人工物-その他,,juman
初版,しょはん,shohan,普通名詞,人工物-その他,文化・芸術;メディア,juman
障壁,しょうへき,shoheki,普通名詞,場所-施設部位,,juman
消費,しょうひ,shohi,サ変名詞,抽象物,家庭・暮らし;ビジネス,juman
商品,しょうひん,shohin,普通名詞,人工物-その他,ビジネス,juman
唱法,しょうほう,shoho,普通名詞,抽象物,文化・芸術,juman
抄本,しょうほん,shohon,普通名詞,人工物-その他,,juman
処方箋,しょほうせん,shohosen,普通名詞,人工物-その他,健康・医学,juman
商標,しょうひょう,shohyo,普通名詞,人工物-その他,ビジネス,juman
少尉,しょうい,shoi,普通名詞,人,政治,juman
焼夷弾,しょういだん,shoidan,普通名詞,人工物-その他,政治,juman
所員,しょいん,shoin,普通名詞,人,,juman
精舎,しょうじゃ,shoja,普通名詞,場所-施設,文化・芸術,juman
障子,しょうじ,shoji,普通名詞,場所-施設部位,家庭・暮らし,juman
正直,しょうじき,shojiki,ナ形容詞,,,juman
精進揚げ,しょうじんあげ,shojinage,普通名詞,人工物-食べ物,料理・食事,juman
少女,しょうじょ,shojo,普通名詞,人,,juman
初旬,しょじゅん,shojun,時相名詞,時間,,juman
商家,しょうか,shoka,普通名詞,場所-施設,,juman
初回,しょかい,shokai,普通名詞,時間,,juman
昇格,しょうかく,shokaku,サ変名詞,抽象物,スポーツ;ビジネス,juman
小寒,しょうかん,shokan,時相名詞,時間,,juman
消火栓,しょうかせん,shokasen,普通名詞,人工物-その他,家庭・暮らし,juman
小径,しょうけい,shokei,普通名詞,場所-施設,,juman
証券,しょうけん,shoken,普通名詞,人工物-金銭,ビジネス,juman
勝機,しょうき,shoki,普通名詞,時間,スポーツ,juman
賞金,しょうきん,shokin,普通名詞,人工物-金銭,,juman
触角,しょっかく,shokkaku,普通名詞,動物-部位,,juman
織機,しょっき,shokki,普通名詞,人工物-その他,,juman
将校,しょうこう,shoko,普通名詞,人,政治,juman
証拠固め,しょうこがため,shokogatame,普通名詞,抽象物,,juman
昇降口,しょうこうぐち,shokoguchi,普通名詞,場所-施設部位,,juman
小国,しょうこく,shokoku,普通名詞,場所-その他,政治,juman
初婚,しょこん,shokon,普通名詞,抽象物,家庭・暮らし,juman
性懲り,しょうこり,shokori,普通名詞,抽象物,,juman
食,しょく,shoku,普通名詞,抽象物,料理・食事,juman
職場,しょくば,shokuba,普通名詞,場所-その他,ビジネス,juman
触媒,しょくばい,shokubai,普通名詞,自然物,科学・技術,juman
植物,しょくぶつ,shokubutsu,普通名詞,植物,,juman
燭台,しょくだい,shokudai,普通名詞,人工物-その他,,juman
食堂,しょくどう,shokudo,普通名詞,場所-施設,料理・食事,juman
食塩,しょくえん,shokuen,普通名詞,人工物-食べ物,料理・食事,juman
食後,しょくご,shokugo,時相名詞,時間,料理・食事,juman
食偏,しょくへん,shokuhen,普通名詞,抽象物,教育・学習,juman
食費,しょくひ,shokuhi,普通名詞,人工物-金銭,料理・食事,juman
食品,しょくひん,shokuhin,普通名詞,人工物-食べ物,料理・食事,juman
職域,しょくいき,shokuiki,普通名詞,場所-その他,ビジネス,juman
職員,しょくいん,shokuin,普通名詞,人,ビジネス,juman
食事,しょくじ,shokuji,サ変名詞,人工物-食べ物,料理・食事,juman
織女,しょくじょ,shokujo,普通名詞,人,,juman
植樹,しょくじゅ,shokuju,サ変名詞,抽象物,,manual
食味,しょくみ,shokumi,普通名詞,抽象物,料理・食事,juman
食物,しょくもつ,shokumotsu,普通名詞,人工物-食べ物,料理・食事,juman
諸君,しょくん,shokun,普通名詞,人,,juman
食肉,しょくにく,shokuniku,普通名詞,人工物-食べ物;抽象物,料理・食事,juman
職人,しょくにん,shokunin,普通名詞,人,ビジネス,juman
植林,しょくりん,shokurin,サ変名詞,抽象物,,manual
食料,しょくりょう,shokuryo,普通名詞,人工物-食べ物,料理・食事,juman
植栽,しょくさい,shokusai,サ変名詞,人工物-その他,,juman
食指,しょくし,shokushi,普通名詞,動物-部位,,juman
食傷,しょくしょう,shokusho,サ変名詞,抽象物,料理・食事,juman
触手,しょくしゅ,shokushu,普通名詞,動物-部位,,juman
食卓,しょくたく,shokutaku,普通名詞,人工物-その他,料理・食事,juman
食用,しょくよう,shokuyo,普通名詞,抽象物,料理・食事,juman
食欲,しょくよく,shokuyoku,普通名詞,抽象物,料理・食事,juman
食油,しょくゆ,shokuyu,普通名詞,人工物-食べ物,料理・食事,juman
食前,しょくぜん,shokuzen,時相名詞,時間,料理・食事,juman
焼却,しょうきゃく,shokyaku,サ変名詞,抽象物,,manual
消去,しょうきょ,shokyo,サ変名詞,抽象物,,manual
初球,しょきゅう,shokyu,普通名詞,抽象物,スポーツ,juman
小満,しょうまん,shoman,時相名詞,時間,,juman
照明,しょうめい,shomei,サ変名詞,抽象物,家庭・暮らし,juman
正面,しょうめん,shomen,普通名詞,場所-機能,,juman
消滅,しょうめつ,shometsu,サ変名詞,抽象物,,manual
賞味,しょうみ,shomi,サ変名詞,抽象物,料理・食事,juman
庶民,しょみん,shomin,普通名詞,人,,juman
消耗,しょうもう,shomo,サ変名詞,抽象物,,manual
証文,しょうもん,shomon,普通名詞,人工物-その他,,juman
書物,しょもつ,shomotsu,普通名詞,人工物-その他,文化・芸術,juman
初七日,しょなのか,shonanoka,普通名詞,時間,家庭・暮らし,juman
少年,しょうねん,shonen,普通名詞,人,,juman
正念場,しょうねんば,shonenba,普通名詞,抽象物,,manual
初年度,しょねんど,shonendo,普通名詞,時間,,juman
少年院,しょうねんいん,shonenin,普通名詞,場所-施設,政治,juman
小児,しょうに,shoni,普通名詞,人,健康・医学,juman
初日,しょにち,shonichi,時相名詞,時間,,juman
上人,しょうにん,shonin,普通名詞,人,文化・芸術,juman
小脳,しょうのう,shono,普通名詞,動物-部位,健康・医学,juman
鍾乳洞,しょうにゅうどう,shonyudo,普通名詞,場所-自然,,juman
鍾乳石,しょうにゅうせき,shonyuseki,普通名詞,自然物,,juman
塩っぱい,しょっぱい,shoppai,イ形容詞,,料理・食事,juman
将来,しょうらい,shorai,時相名詞,時間,,juman
勝利,しょうり,shori,サ変名詞,抽象物,,manual
初老,しょろう,shoro,普通名詞,人;時間,,juman
抄録,しょうろく,shoroku,サ変名詞,抽象物,文化・芸術;科学・技術,juman
書類,しょるい,shorui,普通名詞,人工物-その他,,juman
少量,しょうりょう,shoryo,ナ形容詞,,,juman
少佐,しょうさ,shosa,普通名詞,人,政治,juman
書斎,しょさい,shosai,普通名詞,場所-施設,,juman
硝酸,しょうさん,shosan,普通名詞,自然物,科学・技術,juman
小生,しょうせい,shosei,普通名詞,人,,juman
書籍,しょせき,shoseki,普通名詞,人工物-その他,文化・芸術,juman
商船,しょうせん,shosen,普通名詞,人工物-乗り物,交通,juman
小節,しょうせつ,shosetsu,普通名詞,抽象物,文化・芸術,juman
勝者,しょうしゃ,shosha,普通名詞,人,スポーツ,juman
諸氏,しょし,shoshi,普通名詞,人,,juman
小心,しょうしん,shoshin,ナ形容詞,,,juman
消失,しょうしつ,shoshitsu,サ変名詞,抽象物,,manual
小暑,しょうしょ,shosho,時相名詞,時間,,juman
少食,しょうしょく,shoshoku,普通名詞,抽象物,料理・食事,juman
初秋,しょしゅう,shoshu,時相名詞,時間,,juman
初春,しょしゅん,shoshun,時相名詞,時間,,juman
焦燥,しょうそう,shoso,サ変名詞,抽象物,,manual
消息,しょうそく,shosoku,普通名詞,抽象物,家庭・暮らし,juman
消息筋,しょうそくすじ,shosokusuji,普通名詞,人,,juman
小水,しょうすい,shosui,普通名詞,自然物,健康・医学;家庭・暮らし,juman
所帯,しょたい,shotai,普通名詞,抽象物,家庭・暮らし,juman
初対面,しょたいめん,shotaimen,普通名詞,抽象物,,manual
初手,しょて,shote,普通名詞,抽象物,スポーツ,juman
商店,しょうてん,shoten,普通名詞,場所-施設,ビジネス,juman
諸島,しょとう,shoto,普通名詞,場所-自然,,juman
所得,しょとく,shotoku,サ変名詞,人工物-金銭,家庭・暮らし;ビジネス,juman
衝突,しょうとつ,shototsu,サ変名詞,抽象物,,manual
唱和,しょうわ,showa,サ変名詞,抽象物,文化・芸術,juman
庄屋,しょうや,shoya,普通名詞,人,政治,juman
生薬,しょうやく,shoyaku,普通名詞,人工物-食べ物,健康・医学,juman
賞与,しょうよ,shoyo,普通名詞,人工物-金銭,ビジネス,juman
醤油,しょうゆ,shoyu,普通名詞,人工物-食べ物,料理・食事,juman
所在,しょざい,shozai,普通名詞,場所-その他,,juman
肖像,しょうぞう,shozo,普通名詞,抽象物,文化・芸術,juman
装束,しょうぞく,shozoku,普通名詞,人工物-衣類,家庭・暮らし,juman
週,しゅう,shu,時相名詞,時間,,manual
週明け,しゅうあけ,shuake,時相名詞,時間,,juman
終盤,しゅうばん,shuban,時相名詞,時間,,juman
守備,しゅび,shubi,サ変名詞,抽象物,スポーツ,juman
秋分,しゅうぶん,shubun,時相名詞,時間,,juman
種苗,しゅびょう,shubyo,普通名詞,植物-部位,,juman
終着,しゅうちゃく,shuchaku,普通名詞,抽象物,交通,juman
酋長,しゅうちょう,shucho,普通名詞,人,政治,juman
主柱,しゅちゅう,shuchu,普通名詞,人工物-その他,,juman
主題,しゅだい,shudai,普通名詞,人工物-その他,,juman
集団,しゅうだん,shudan,普通名詞,組織・団体,,juman
終電,しゅうでん,shuden,普通名詞,人工物-乗り物,交通,juman
終電車,しゅうでんしゃ,shudensha,普通名詞,人工物-乗り物,交通,juman
修道,しゅうどう,shudo,サ変名詞,抽象物,文化・芸術,juman
修道院,しゅうどういん,shudoin,普通名詞,組織・団体;場所-施設,文化・芸術,juman
守衛,しゅえい,shuei,普通名詞,人,,juman
周縁,しゅうえん,shuen,普通名詞,場所-機能;抽象物,,juman
主夫,しゅふ,shufu,普通名詞,人,家庭・暮らし,juman
修学,しゅうがく,shugaku,サ変名詞,抽象物,教育・学習,juman
手芸,しゅげい,shugei,普通名詞,抽象物,家庭・暮らし,juman
修験,しゅげん,shugen,普通名詞,抽象物,文化・芸術,juman
祝儀,しゅうぎ,shugi,普通名詞,人工物-金銭,家庭・暮らし,juman
衆議院,しゅうぎいん,shugiin,普通名詞,組織・団体,政治,juman
主語,しゅご,shugo,普通名詞,抽象物,教育・学習,juman
終業,しゅうぎょう,shugyo,サ変名詞,抽象物,教育・学習;ビジネス,juman
宗派,しゅうは,shuha,普通名詞,抽象物,文化・芸術,juman
周辺,しゅうへん,shuhen,普通名詞,場所-機能,,juman
種皮,しゅひ,shuhi,普通名詞,植物-部位,,juman
主賓,しゅひん,shuhin,普通名詞,人,,juman
主筆,しゅひつ,shuhitsu,普通名詞,人,メディア,juman
主砲,しゅほう,shuho,普通名詞,人工物-その他,スポーツ,juman
周囲,しゅうい,shui,普通名詞,場所-機能;抽象物,,juman
朱印,しゅいん,shuin,普通名詞,人工物-その他,,juman
朱色,しゅいろ,shuiro,普通名詞,色,,juman
秀逸,しゅういつ,shuitsu,ナ形容詞,,,juman
主事,しゅじ,shuji,普通名詞,人,,juman
主治医,しゅじい,shujii,普通名詞,人,健康・医学,juman
主軸,しゅじく,shujiku,普通名詞,人工物-その他;抽象物,,juman
主人,しゅじん,shujin,普通名詞,人,家庭・暮らし,juman
主人公,しゅじんこう,shujinko,普通名詞,人,文化・芸術,juman
終日,しゅうじつ,shujitsu,時相名詞,時間,,juman
衆生,しゅじょう,shujo,普通名詞,人;動物;植物;抽象物,,juman
種々,しゅじゅ,shuju,ナ形容詞,,,juman
習熟,しゅうじゅく,shujuku,サ変名詞,抽象物,教育・学習,juman
集会,しゅうかい,shukai,サ変名詞,抽象物,,manual
主客,しゅかく,shukaku,普通名詞,人;抽象物,,juman
週間,しゅうかん,shukan,時相名詞,時間,,juman
集計,しゅうけい,shukei,サ変名詞,抽象物,,manual
集結,しゅうけつ,shuketsu,サ変名詞,抽象物,,manual
秋季,しゅうき,shuki,時相名詞,時間,,juman
集金,しゅうきん,shukin,サ変名詞,抽象物,,manual
出火,しゅっか,shukka,サ変名詞,抽象物,,manual
出家,しゅっけ,shukke,サ変名詞,抽象物,文化・芸術,juman
出庫,しゅっこ,shukko,サ変名詞,抽象物,ビジネス;交通,juman
出国,しゅっこく,shukkoku,サ変名詞,抽象物,交通,juman
周航,しゅうこう,shuko,サ変名詞,抽象物,交通,juman
手工芸,しゅこうげい,shukogei,普通名詞,抽象物,文化・芸術,juman
主根,しゅこん,shukon,普通名詞,植物-部位,,juman
宿場,しゅくば,shukuba,普通名詞,場所-施設,,juman
宿場町,しゅくばまち,shukubamachi,普通名詞,場所-その他,交通,juman
宿直,しゅくちょく,shukuchoku,サ変名詞,人;抽象物,ビジネス,juman
宿題,しゅくだい,shukudai,普通名詞,抽象物,教育・学習,juman
祝電,しゅくでん,shukuden,普通名詞,人工物-その他;抽象物,,juman
宿駅,しゅくえき,shukueki,普通名詞,場所-施設,交通,juman
祝宴,しゅくえん,shukuen,普通名詞,抽象物,,manual
祝福,しゅくふく,shukufuku,サ変名詞,抽象物,,manual
祝賀,しゅくが,shukuga,サ変名詞,抽象物,,manual
祝杯,しゅくはい,shukuhai,普通名詞,人工物-その他,,juman
宿泊,しゅくはく,shukuhaku,サ変名詞,抽象物,レクリエーション,juman
祝砲,しゅくほう,shukuho,普通名詞,人工物-その他,,juman
祝日,しゅくじつ,shukujitsu,普通名詞,時間,,juman
淑女,しゅくじょ,shukujo,普通名詞,人,,juman
宿根草,しゅくこんそう,shukukonso,普通名詞,植物,,juman
主君,しゅくん,shukun,普通名詞,人,,juman
宿舎,しゅくしゃ,shukusha,普通名詞,場所-施設,家庭・暮らし;レクリエーション,juman
祝勝,しゅくしょう,shukusho,普通名詞,抽象物,スポーツ,juman
祝す,しゅくす,shukusu,動詞,,,juman
宿敵,しゅくてき,shukuteki,普通名詞,人,,juman
縮図,しゅくず,shukuzu,普通名詞,人工物-その他;抽象物,,juman
宗教,しゅうきょう,shukyo,普通名詞,抽象物,文化・芸術,juman
終局,しゅうきょく,shukyoku,サ変名詞,抽象物,レクリエーション;スポーツ,juman
週給,しゅうきゅう,shukyu,普通名詞,人工物-金銭,ビジネス,juman
焼売,しゅーまい,shumai,普通名詞,人工物-食べ物,料理・食事,juman
終幕,しゅうまく,shumaku,普通名詞,抽象物,文化・芸術,juman
終末,しゅうまつ,shumatsu,普通名詞,時間,,juman
襲名,しゅうめい,shumei,サ変名詞,抽象物,文化・芸術,juman
趣味,しゅみ,shumi,普通名詞,抽象物,レクリエーション,juman
州民,しゅうみん,shumin,普通名詞,人,政治,juman
種目,しゅもく,shumoku,普通名詞,抽象物,スポーツ,juman
宗門,しゅうもん,shumon,普通名詞,抽象物,文化・芸術,juman
主務,しゅむ,shumu,普通名詞,人;抽象物,ビジネス,juman
旬,しゅん,shun,普通名詞,時間,,juman
春分,しゅんぶん,shunbun,時相名詞,時間,,juman
周年,しゅうねん,shunen,普通名詞,時間,,juman
春菊,しゅんぎく,shungiku,普通名詞,植物;人工物-食べ物,料理・食事,juman
朱肉,しゅにく,shuniku,普通名詞,人工物-その他,ビジネス;家庭・暮らし,juman
主任,しゅにん,shunin,普通名詞,人,ビジネス,juman
瞬時,しゅんじ,shunji,時相名詞,時間,,juman
春秋,しゅんじゅう,shunju,普通名詞,時間,,juman
瞬間,しゅんかん,shunkan,時相名詞,時間,,juman
春夏秋冬,しゅんかしゅうとう,shunkashuto,時相名詞,時間,,juman
春季,しゅんき,shunki,時相名詞,時間,,juman
首脳,しゅのう,shuno,普通名詞,人,政治,juman
春本,しゅんぽん,shunpon,普通名詞,人工物-その他;抽象物,文化・芸術,juman
春節,しゅんせつ,shunsetsu,普通名詞,時間,,juman
俊足,しゅんそく,shunsoku,普通名詞,人,スポーツ,juman
朱塗り,しゅぬり,shunuri,サ変名詞,抽象物,,juman
収入,しゅうにゅう,shunyu,普通名詞,人工物-金銭;抽象物,家庭・暮らし;ビジネス,juman
週央,しゅうおう,shuo,時相名詞,時間,,juman
出帆,しゅっぱん,shuppan,サ変名詞,抽象物,交通,juman
出発,しゅっぱつ,shuppatsu,サ変名詞,抽象物,,manual
出品,しゅっぴん,shuppin,サ変名詞,抽象物,文化・芸術,juman
修羅,しゅら,shura,普通名詞,人,,juman
集落,しゅうらく,shuraku,普通名詞,場所-その他,,juman
終列車,しゅうれっしゃ,shuressha,普通名詞,人工物-乗り物,交通,juman
修理,しゅうり,shuri,サ変名詞,抽象物,,manual
棕櫚,しゅろ,shuro,普通名詞,植物,,juman
収録,しゅうろく,shuroku,サ変名詞,抽象物,文化・芸術;メディア,juman
酒類,しゅるい,shurui,普通名詞,人工物-食べ物,料理・食事,juman
首領,しゅりょう,shuryo,普通名詞,人,,juman
手榴弾,しゅりゅうだん,shuryudan,普通名詞,人工物-その他,政治,juman
主査,しゅさ,shusa,普通名詞,人;抽象物,,juman
秀才,しゅうさい,shusai,普通名詞,人,,juman
秀作,しゅうさく,shusaku,普通名詞,抽象物,文化・芸術,juman
終生,しゅうせい,shusei,時相名詞,時間,,juman
集成材,しゅうせいざい,shuseizai,普通名詞,人工物-その他,,juman
首席,しゅせき,shuseki,普通名詞,人,教育・学習,juman
手指,しゅし,shushi,普通名詞,動物-部位,,juman
終身,しゅうしん,shushin,普通名詞,時間,,juman
主将,しゅしょう,shusho,普通名詞,人,スポーツ,juman
主食,しゅしょく,shushoku,普通名詞,人工物-食べ物,料理・食事,juman
修習,しゅうしゅう,shushu,サ変名詞,抽象物,教育・学習,juman
宗祖,しゅうそ,shuso,普通名詞,人,文化・芸術,juman
出産,しゅっさん,shussan,サ変名詞,抽象物,健康・医学;家庭・暮らし,juman
出札,しゅっさつ,shussatsu,サ変名詞,抽象物,交通,juman
出生,しゅっせい,shussei,サ変名詞,抽象物,家庭・暮らし,juman
出席,しゅっせき,shusseki,サ変名詞,抽象物,,manual
出身,しゅっしん,shusshin,普通名詞,抽象物,,manual
出色,しゅっしょく,shusshoku,ナ形容詞,,,juman
出走,しゅっそう,shusso,サ変名詞,抽象物,スポーツ,juman
秋水,しゅうすい,shusui,普通名詞,自然物,,juman
終点,しゅうてん,shuten,普通名詞,場所-機能,交通,juman
舅,しゅうと,shuto,普通名詞,人,家庭・暮らし,juman
修得,しゅうとく,shutoku,サ変名詞,抽象物,教育・学習,juman
姑,しゅうとめ,shutome,普通名詞,人,家庭・暮らし,juman
出没,しゅつぼつ,shutsubotsu,サ変名詞,抽象物,,manual
出題,しゅつだい,shutsudai,サ変名詞,抽象物,教育・学習,juman
出動,しゅつどう,shutsudo,サ変名詞,抽象物,,manual
出演,しゅつえん,shutsuen,サ変名詞,抽象物,文化・芸術,juman
出現,しゅつげん,shutsugen,サ変名詞,抽象物,,manual
出陣,しゅつじん,shutsujin,サ変名詞,抽象物,,manual
出場,しゅつじょう,shutsujo,サ変名詞,抽象物,スポーツ,juman
出塁,しゅつるい,shutsurui,サ変名詞,抽象物,スポーツ,juman
出力,しゅつりょく,shutsuryoku,サ変名詞,抽象物,,manual
出典,しゅってん,shutten,普通名詞,抽象物,文化・芸術,juman
手話,しゅわ,shuwa,普通名詞,抽象物,家庭・暮らし;教育・学習,juman
終夜,しゅうや,shuya,時相名詞,時間,,juman
主役,しゅやく,shuyaku,普通名詞,人,文化・芸術,juman
主要,しゅよう,shuyo,ナ形容詞,,,juman
主翼,しゅよく,shuyoku,普通名詞,人工物-その他;抽象物,,juman
周遊,しゅうゆう,shuyu,サ変名詞,抽象物,レクリエーション,juman
珠算,しゅざん,shuzan,普通名詞,抽象物,教育・学習,juman
酒税,しゅぜい,shuzei,普通名詞,人工物-金銭,政治,juman
酒造,しゅぞう,shuzo,サ変名詞,抽象物,料理・食事,juman
種族,しゅぞく,shuzoku,普通名詞,組織・団体,,juman
粗悪,そあく,soaku,ナ形容詞,,,juman
総当たり,そうあたり,soatari,サ変名詞,抽象物,スポーツ,juman
蕎麦,そば,soba,普通名詞,植物;人工物-食べ物,料理・食事,juman
そばだてる,そばだてる,sobadateru,動詞,,,juman
早晩,そうばん,soban,時相名詞,抽象物;時間,,juman
総花,そうばな,sobana,普通名詞,人工物-金銭,,juman
装備,そうび,sobi,サ変名詞,人工物-その他,,juman
そびえる,そびえる,sobieru,動詞,,,juman
祖母,そぼ,sobo,普通名詞,人,家庭・暮らし,juman
素朴,そぼく,soboku,ナ形容詞,,,juman
そぼろ,そぼろ,soboro,普通名詞,人工物-食べ物,料理・食事,juman
素振り,そぶり,soburi,普通名詞,抽象物,,juman
素描,そびょう,sobyo,サ変名詞,人工物-その他;抽象物,文化・芸術,juman
装置,そうち,sochi,普通名詞,人工物-その他,,juman
早朝,そうちょう,socho,時相名詞,時間,,juman
総立ち,そうだち,sodachi,普通名詞,抽象物,,juman
総代,そうだい,sodai,普通名詞,人,,juman
相談,そうだん,sodan,サ変名詞,抽象物,,manual
育てる,そだてる,sodateru,動詞,,家庭・暮らし,juman
育つ,そだつ,sodatsu,動詞,,,juman
袖,そで,sode,普通名詞,人工物-衣類,,juman
袖口,そでぐち,sodeguchi,普通名詞,人工物-その他,,juman
騒動,そうどう,sodo,普通名詞,抽象物,,manual
添え書き,そえがき,soegaki,サ変名詞,抽象物,,juman
疎遠,そえん,soen,ナ形容詞,,,juman
添える,そえる,soeru,動詞,,,juman
祖父,そふ,sofu,普通名詞,人,家庭・暮らし,juman
祖父母,そふぼ,sofubo,普通名詞,人,家庭・暮らし,juman
装画,そうが,soga,普通名詞,人工物-その他;抽象物,文化・芸術,juman
総掛かり,そうがかり,sogakari,普通名詞,抽象物,,juman
奏楽,そうがく,sogaku,サ変名詞,抽象物,文化・芸術,juman
双眼鏡,そうがんきょう,sogankyo,普通名詞,人工物-その他,,juman
送迎,そうげい,sogei,サ変名詞,抽象物,,manual
草原,そうげん,sogen,普通名詞,場所-自然,,juman
そげる,そげる,sogeru,動詞,,,juman
祖語,そご,sogo,普通名詞,抽象物,教育・学習,juman
荘厳,そうごん,sogon,ナ形容詞,,,juman
装具,そうぐ,sogu,普通名詞,人工物-その他,,juman
そぐわない,そぐわない,soguwanai,イ形容詞,,,juman
蒼白,そうはく,sohaku,ナ形容詞,,,juman
走法,そうほう,soho,普通名詞,抽象物,スポーツ,juman
掃除,そうじ,soji,サ変名詞,抽象物,家庭・暮らし,juman
僧正,そうじょう,sojo,普通名詞,人,文化・芸術,juman
操縦,そうじゅう,soju,サ変名詞,抽象物,交通,juman
操縦桿,そうじゅうかん,sojukan,普通名詞,人工物-その他,交通,juman
早熟,そうじゅく,sojuku,ナ形容詞,,,juman
壮快,そうかい,sokai,ナ形容詞,,,juman
掃海艇,そうかいてい,sokaitei,普通名詞,人工物-乗り物,政治,juman
総監,そうかん,sokan,普通名詞,人,政治,juman
総研,そうけん,soken,普通名詞,組織・団体,ビジネス,juman
早期,そうき,soki,時相名詞,時間,,juman
即決,そっけつ,sokketsu,サ変名詞,抽象物,,manual
側近,そっきん,sokkin,普通名詞,人,政治,juman
側溝,そっこう,sokko,普通名詞,場所-施設部位,,juman
測候所,そっこうじょ,sokkojo,普通名詞,組織・団体;場所-施設,科学・技術,juman
側根,そっこん,sokkon,普通名詞,植物-部位,,juman
そっくり,そっくり,sokkuri,ナ形容詞,,,juman
即興,そっきょう,sokkyo,普通名詞,抽象物,,manual
速球,そっきゅう,sokkyu,普通名詞,抽象物,スポーツ,juman
倉庫,そうこ,soko,普通名詞,場所-施設,,juman
底上げ,そこあげ,sokoage,サ変名詞,抽象物,,juman
底冷え,そこびえ,sokobie,サ変名詞,抽象物,,juman
底光り,そこびかり,sokobikari,サ変名詞,抽象物,,juman
底引き網,そこびきあみ,sokobikiami,普通名詞,人工物-その他,,juman
底力,そこぢから,sokojikara,普通名詞,抽象物,,manual
祖国,そこく,sokoku,普通名詞,場所-その他,政治,juman
早婚,そうこん,sokon,普通名詞,抽象物,家庭・暮らし,juman
底無し,そこなし,sokonashi,普通名詞,抽象物,,juman
損なう,そこなう,sokonau,動詞,,,juman
損ねる,そこねる,sokoneru,動詞,,,juman
底抜け,そこぬけ,sokonuke,普通名詞,抽象物,,juman
そこら,そこら,sokora,普通名詞,場所-機能,,juman
粗忽,そこつ,sokotsu,ナ形容詞,,,juman
側壁,そくへき,sokuheki,普通名詞,場所-施設部位,,juman
側方,そくほう,sokuho,普通名詞,場所-機能,,juman
即時,そくじ,sokuji,普通名詞,時間,,juman
即日,そくじつ,sokujitsu,時相名詞,時間,,juman
息女,そくじょ,sokujo,普通名詞,人,家庭・暮らし,juman
側面,そくめん,sokumen,普通名詞,場所-その他,,juman
促音,そくおん,sokuon,普通名詞,抽象物,教育・学習,juman
促音便,そくおんびん,sokuonbin,普通名詞,抽象物,教育・学習,juman
測量,そくりょう,sokuryo,サ変名詞,抽象物,,manual
側線,そくせん,sokusen,普通名詞,場所-施設,交通,juman
促進,そくしん,sokushin,サ変名詞,抽象物,,manual
側室,そくしつ,sokushitsu,普通名詞,人,,juman
即す,そくす,sokusu,動詞,,,juman
速達,そくたつ,sokutatsu,サ変名詞,抽象物,,manual
測定,そくてい,sokutei,サ変名詞,抽象物,,manual
即答,そくとう,sokuto,サ変名詞,抽象物,,manual
即座,そくざ,sokuza,普通名詞,抽象物,,manual
総崩れ,そうくずれ,sokuzure,サ変名詞,抽象物,,juman
総局,そうきょく,sokyoku,普通名詞,組織・団体,政治,juman
送球,そうきゅう,sokyu,サ変名詞,抽象物,スポーツ,juman
染まる,そまる,somaru,動詞,,,juman
走馬灯,そうまとう,somato,普通名詞,人工物-その他,,juman
粗末,そまつ,somatsu,ナ形容詞,,,juman
聡明,そうめい,somei,ナ形容詞,,,juman
奏鳴曲,そうめいきょく,someikyoku,普通名詞,抽象物,文化・芸術,juman
染め物,そめもの,somemono,普通名詞,人工物-その他,,juman
索麺,そうめん,somen,普通名詞,人工物-食べ物,料理・食事,juman
染める,そめる,someru,動詞,,,juman
総身,そうみ,somi,普通名詞,動物-部位,,juman
総務,そうむ,somu,普通名詞,人,ビジネス;政治,juman
背ける,そむける,somukeru,動詞,,,juman
背く,そむく,somuku,動詞,,,juman
層雲,そううん,son,普通名詞,自然物,,juman
供える,そなえる,sonaeru,動詞,,文化・芸術;家庭・暮らし,juman
総嘗め,そうなめ,soname,サ変名詞,抽象物,,juman
遭難,そうなん,sonan,サ変名詞,抽象物,レクリエーション;スポーツ,juman
其方,そなた,sonata,普通名詞,人,,juman
備わる,そなわる,sonawaru,動詞,,,juman
村長,そんちょう,soncho,普通名詞,人,政治,juman
尊大,そんだい,sondai,ナ形容詞,,,juman
嫉む,そねむ,sonemu,動詞,,,juman
壮年,そうねん,sonen,普通名詞,人;時間,,juman
尊厳,そんげん,songen,ナ形容詞,,,juman
村議,そんぎ,songi,普通名詞,人,政治,juman
村会,そんかい,sonkai,普通名詞,組織・団体,政治,juman
尊敬,そんけい,sonkei,サ変名詞,抽象物,,manual
損金,そんきん,sonkin,普通名詞,人工物-金銭,ビジネス,juman
村民,そんみん,sonmin,普通名詞,人,政治,juman
そんなこんな,そんなこんな,sonnakonna,普通名詞,抽象物,,juman
苑,その,sono,普通名詞,場所-その他,,juman
其の場逃れ,そのばのがれ,sonobanogare,普通名詞,抽象物,,juman
その後,そのご,sonogo,時相名詞,時間,,juman
其辺,そのへん,sonohen,普通名詞,場所-その他,,juman
其方,そのほう,sonoho,普通名詞,人,,juman
その頃,そのころ,sonokoro,時相名詞,時間,,juman
其の者,そのもの,sonomono,普通名詞,人,,juman
其折,そのおり,sonori,普通名詞,時間,,juman
其先,そのさき,sonosaki,普通名詞,場所-機能;時間,,juman
その他,そのた,sonota,普通名詞,抽象物,,juman
村落,そんらく,sonraku,普通名詞,場所-その他,,juman
村立,そんりつ,sonritsu,普通名詞,抽象物,教育・学習;ビジネス;政治,juman
損料,そんりょう,sonryo,普通名詞,人工物-金銭,ビジネス,juman
尊師,そんし,sonshi,普通名詞,人,文化・芸術,juman
爪繞,そうにょう,sonyo,普通名詞,抽象物,教育・学習,juman
存在,そんざい,sonzai,サ変名詞,抽象物,,manual
存在詞,そんざいし,sonzaishi,普通名詞,抽象物,教育・学習,juman
尊属,そんぞく,sonzoku,普通名詞,組織・団体,家庭・暮らし;政治,juman
空,そら,sora,普通名詞,場所-自然,,juman
空色,そらいろ,sorairo,普通名詞,色,,juman
空豆,そらまめ,soramame,普通名詞,植物;人工物-食べ物,料理・食事,juman
空耳,そらみみ,soramimi,普通名詞,抽象物,,manual
空模様,そらもよう,soramoyo,普通名詞,抽象物,,manual
空似,そらに,sorani,普通名詞,抽象物,,manual
諳んじる,そらんじる,soranjiru,動詞,,,juman
反らす,そらす,sorasu,動詞,,,juman
祖霊,それい,sorei,普通名詞,人,文化・芸術,juman
それなり,それなり,sorenari,普通名詞,抽象物,,juman
逸れる,それる,soreru,動詞,,,juman
壮烈,そうれつ,soretsu,ナ形容詞,,,juman
橇,そり,sori,普通名詞,人工物-乗り物,レクリエーション;交通,juman
創立,そうりつ,soritsu,サ変名詞,抽象物,,manual
早老,そうろう,soro,普通名詞,抽象物,家庭・暮らし,juman
十露盤,そろばん,soroban,普通名詞,人工物-その他,教育・学習,juman
揃える,そろえる,soroeru,動詞,,,juman
揃い踏み,そろいぶみ,soroibumi,サ変名詞,抽象物,スポーツ,juman
揃う,そろう,sorou,動詞,,,juman
剃る,そる,soru,動詞,,家庭・暮らし,juman
藻類,そうるい,sorui,普通名詞,植物,,juman
僧侶,そうりょ,soryo,普通名詞,人,文化・芸術,juman
走力,そうりょく,soryoku,普通名詞,抽象物,スポーツ,juman
素粒子,そりゅうし,soryushi,普通名詞,自然物,科学・技術,juman
操作,そうさ,sosa,サ変名詞,抽象物,,manual
総裁,そうさい,sosai,普通名詞,人,ビジネス;政治,juman
創作,そうさく,sosaku,サ変名詞,抽象物,,manual
早世,そうせい,sosei,サ変名詞,抽象物,家庭・暮らし,juman
双生児,そうせいじ,soseiji,普通名詞,人,,juman
礎石,そせき,soseki,普通名詞,自然物,,juman
層積雲,そうせきうん,sosekiun,普通名詞,自然物,,juman
祖先,そせん,sosen,普通名詞,人,,juman
走者,そうしゃ,sosha,普通名詞,人,スポーツ,juman
咀嚼,そしゃく,soshaku,サ変名詞,抽象物,健康・医学;料理・食事,juman
素子,そし,soshi,普通名詞,人工物-その他,科学・技術,juman
組織,そしき,soshiki,サ変名詞,組織・団体,,juman
粗品,そしな,soshina,普通名詞,人工物-その他,,juman
装身具,そうしんぐ,soshingu,普通名詞,人工物-衣類,家庭・暮らし,juman
そしる,そしる,soshiru,動詞,,,juman
叢書,そうしょ,sosho,普通名詞,人工物-その他;抽象物,文化・芸術,juman
粗食,そしょく,soshoku,サ変名詞,人工物-食べ物,料理・食事,juman
宗主国,そうしゅこく,soshukoku,普通名詞,組織・団体,政治,juman
早春,そうしゅん,soshun,時相名詞,時間,,juman
早々,そうそう,soso,時相名詞,時間,,juman
注ぐ,そそぐ,sosogu,動詞,,,juman
そそっかしい,そそっかしい,sosokkashii,イ形容詞,,,juman
唆す,そそのかす,sosonokasu,動詞,,,juman
そそり立つ,そそりたつ,sosoritatsu,動詞,,,juman
そそる,そそる,sosoru,動詞,,,juman
率先,そっせん,sossen,サ変名詞,抽象物,,manual
素数,そすう,sosu,普通名詞,抽象物,教育・学習,juman
総帥,そうすい,sosui,普通名詞,人,政治,juman
早退,そうたい,sotai,サ変名詞,抽象物,教育・学習;ビジネス,juman
草炭,そうたん,sotan,普通名詞,自然物,,juman
そっちのけ,そっちのけ,sotchinoke,普通名詞,抽象物,,juman
率直,そっちょく,sotchoku,ナ形容詞,,,juman
漕艇,そうてい,sotei,普通名詞,抽象物,スポーツ,juman
総統,そうとう,soto,普通名詞,人,政治,juman
卒塔婆,そとば,sotoba,普通名詞,人工物-その他,文化・芸術;家庭・暮らし,juman
外堀,そとぼり,sotobori,普通名詞,場所-施設,,juman
外側,そとがわ,sotogawa,普通名詞,場所-機能,,juman
総督,そうとく,sotoku,サ変名詞,人,政治,juman
外回り,そとまわり,sotomawari,サ変名詞,抽象物,,juman
外海,そとうみ,sotomi,普通名詞,場所-自然,,juman
そつ,そつ,sotsu,普通名詞,抽象物,,juman
卒園,そつえん,sotsuen,サ変名詞,抽象物,教育・学習,juman
卒業,そつぎょう,sotsugyo,サ変名詞,抽象物,教育・学習,juman
卒論,そつろん,sotsuron,普通名詞,抽象物,教育・学習,juman
沿う,そう,sou,動詞,,,juman
挿話,そうわ,sowa,普通名詞,抽象物,文化・芸術,juman
粗野,そや,soya,ナ形容詞,,,juman
そよぐ,そよぐ,soyogu,動詞,,,juman
そよ風,そよかぜ,soyokaze,普通名詞,抽象物,,juman
総菜,そうざい,sozai,普通名詞,人工物-食べ物,料理・食事,juman
早産,そうざん,sozan,サ変名詞,抽象物,健康・医学;家庭・暮らし,juman
粗雑,そざつ,sozatsu,ナ形容詞,,,juman
租税,そぜい,sozei,普通名詞,人工物-金銭,政治,juman
壮絶,そうぜつ,sozetsu,ナ形容詞,,,juman
塑像,そぞう,sozo,普通名詞,人工物-その他,文化・芸術,juman
相続,そうぞく,sozoku,サ変名詞,抽象物,家庭・暮らし;政治,juman
漫ろ歩き,そぞろあるき,sozoroaruki,サ変名詞,抽象物,レクリエーション,juman
素足,すあし,suashi,普通名詞,動物-部位,,juman
巣箱,すばこ,subako,普通名詞,人工物-その他,,juman
昴,すばる,subaru,普通名詞,自然物,,juman
すばしこい,すばしこい,subashikoi,イ形容詞,,,juman
すべ,すべ,sube,普通名詞,抽象物,,juman
滑り台,すべりだい,suberidai,普通名詞,人工物-その他,レクリエーション,juman
滑り出し,すべりだし,suberidashi,普通名詞,抽象物,,juman
滑り止め,すべりどめ,suberidome,普通名詞,人工物-その他,,juman
滑る,すべる,suberu,動詞,,,juman
窄まる,すぼまる,subomaru,動詞,,,juman
窄める,すぼめる,subomeru,動詞,,,juman
窄む,すぼむ,subomu,動詞,,,juman
簾,すだれ,sudare,普通名詞,人工物-その他,家庭・暮らし,juman
素手,すで,sude,普通名詞,抽象物,,manual
素通り,すどおり,sudori,サ変名詞,抽象物,,juman
末,すえ,sue,時相名詞,時間,,juman
末広がり,すえひろがり,suehirogari,普通名詞,抽象物,,juman
末っ子,すえっこ,suekko,普通名詞,人,家庭・暮らし,juman
末娘,すえむすめ,suemusume,普通名詞,人,家庭・暮らし,juman
据える,すえる,sueru,動詞,,,juman
数学,すうがく,sugaku,普通名詞,抽象物,教育・学習,juman
素顔,すがお,sugao,普通名詞,動物-部位,,juman
すがる,すがる,sugaru,動詞,,,juman
すがすがしい,すがすがしい,sugasugashii,イ形容詞,,,juman
姿,すがた,sugata,普通名詞,抽象物;形・模様,,juman
菅笠,すげがさ,sugegasa,普通名詞,人工物-衣類,家庭・暮らし,juman
すげない,すげない,sugenai,イ形容詞,,,juman
すげる,すげる,sugeru,動詞,,,juman
杉,すぎ,sugi,普通名詞,植物,,juman
杉菜,すぎな,sugina,普通名詞,植物,,juman
過ぎる,すぎる,sugiru,動詞,,,juman
凄い,すごい,sugoi,イ形容詞,,,juman
巣篭り,すごもり,sugomori,サ変名詞,抽象物,,juman
凄む,すごむ,sugomu,動詞,,,juman
双六,すごろく,sugoroku,普通名詞,抽象物,レクリエーション,juman
過ごす,すごす,sugosu,動詞,,,juman
優れる,すぐれる,sugureru,動詞,,,juman
素肌,すはだ,suhada,普通名詞,動物-部位,,juman
崇拝,すうはい,suhai,サ変名詞,抽象物,文化・芸術,juman
酸い,すい,sui,イ形容詞,,料理・食事,juman
水圧,すいあつ,suiatsu,普通名詞,抽象物,,manual
水墨,すいぼく,suiboku,普通名詞,抽象物,文化・芸術,juman
水分,すいぶん,suibun,普通名詞,自然物,,juman
垂直,すいちょく,suichoku,ナ形容詞,,,juman
水中,すいちゅう,suichu,普通名詞,場所-その他,,juman
水田,すいでん,suiden,普通名詞,場所-その他,,juman
水道,すいどう,suido,普通名詞,人工物-その他,家庭・暮らし,juman
水泳,すいえい,suiei,サ変名詞,抽象物,スポーツ,juman
水夫,すいふ,suifu,普通名詞,人,,juman
吸い殻,すいがら,suigara,普通名詞,人工物-その他,料理・食事,juman
水源,すいげん,suigen,普通名詞,場所-自然,,juman
水銀,すいぎん,suigin,普通名詞,自然物,,juman
水郷,すいごう,suigo,普通名詞,場所-その他,,juman
水牛,すいぎゅう,suigyu,普通名詞,動物,,juman
炊飯,すいはん,suihan,サ変名詞,抽象物,料理・食事,juman
水平,すいへい,suihei,ナ形容詞,,,juman
水泡,すいほう,suiho,普通名詞,自然物,,juman
水域,すいいき,suiiki,普通名詞,場所-その他,,juman
炊事,すいじ,suiji,サ変名詞,抽象物,料理・食事,juman
水上,すいじょう,suijo,普通名詞,場所-その他,,juman
水蒸気,すいじょうき,suijoki,普通名詞,自然物,,juman
西瓜,すいか,suika,普通名詞,植物;人工物-食べ物,料理・食事,juman
水系,すいけい,suikei,普通名詞,場所-自然,,juman
推敲,すいこう,suiko,サ変名詞,抽象物,文化・芸術;メディア,juman
水球,すいきゅう,suikyu,普通名詞,抽象物,スポーツ,juman
睡魔,すいま,suima,普通名詞,抽象物,家庭・暮らし,juman
水面,すいめん,suimen,普通名詞,場所-その他,,juman
睡眠,すいみん,suimin,サ変名詞,抽象物,家庭・暮らし,juman
水門,すいもん,suimon,普通名詞,場所-施設,,juman
吸い物,すいもの,suimono,普通名詞,人工物-食べ物,料理・食事,juman
水脈,すいみゃく,suimyaku,普通名詞,場所-自然,,juman
睡蓮,すいれん,suiren,普通名詞,植物,,juman
推理,すいり,suiri,サ変名詞,抽象物,,manual
水路,すいろ,suiro,普通名詞,場所-施設,,juman
水産物,すいさんぶつ,suisanbutsu,普通名詞,人工物-食べ物,料理・食事,juman
彗星,すいせい,suisei,普通名詞,自然物,,juman
水成岩,すいせいがん,suiseigan,普通名詞,自然物,,juman
水仙,すいせん,suisen,普通名詞,植物,,juman
水車,すいしゃ,suisha,普通名詞,人工物-その他,,juman
水晶,すいしょう,suisho,普通名詞,自然物,,juman
水素,すいそ,suiso,普通名詞,自然物,,juman
推測,すいそく,suisoku,サ変名詞,抽象物,,manual
水底,すいてい,suitei,普通名詞,場所-自然,,juman
水滴,すいてき,suiteki,普通名詞,自然物,,juman
水稲,すいとう,suito,普通名詞,植物,,juman
水運,すいうん,suiun,普通名詞,抽象物,交通,juman
水曜,すいよう,suiyo,時相名詞,時間,,juman
水曜日,すいようび,suiyobi,時相名詞,時間,,juman
水浴,すいよく,suiyoku,サ変名詞,抽象物,家庭・暮らし,juman
膵臓,すいぞう,suizo,普通名詞,動物-部位,健康・医学,juman
水族,すいぞく,suizoku,普通名詞,動物,,juman
筋,すじ,suji,普通名詞,動物-部位;人工物-食べ物,,juman
筋合い,すじあい,sujiai,普通名詞,抽象物,,juman
筋違い,すじちがい,sujichigai,ナ形容詞,,,juman
筋立て,すじだて,sujidate,普通名詞,抽象物,文化・芸術,juman
筋書き,すじがき,sujigaki,普通名詞,抽象物,文化・芸術,juman
筋金,すじがね,sujigane,普通名詞,人工物-その他,,juman
筋金入り,すじがねいり,sujiganeiri,普通名詞,抽象物,,juman
筋雲,すじぐも,sujigumo,普通名詞,自然物,,juman
筋交い,すじかい,sujikai,普通名詞,人工物-その他;場所-機能,家庭・暮らし,juman
枢軸,すうじく,sujiku,普通名詞,場所-その他,政治,juman
筋道,すじみち,sujimichi,普通名詞,抽象物,,manual
筋向かい,すじむかい,sujimukai,普通名詞,抽象物,,juman
空かせる,すかせる,sukaseru,動詞,,,juman
透かし彫り,すかしぼり,sukashibori,普通名詞,人工物-その他;抽象物,文化・芸術,juman
空かす,すかす,sukasu,動詞,,,juman
透ける,すける,sukeru,動詞,,,juman
助っ人,すけっと,suketto,普通名詞,人,,juman
鋤,すき,suki,普通名詞,人工物-その他,,juman
好き嫌い,すききらい,sukikirai,サ変名詞,抽象物,,juman
枢機卿,すうききょう,sukikyo,普通名詞,人,文化・芸術,juman
隙間,すきま,sukima,普通名詞,場所-機能,,juman
すきっ腹,すきっぱら,sukippara,普通名詞,抽象物,料理・食事,juman
数寄屋,すきや,sukiya,普通名詞,場所-施設,,juman
鋤焼き,すきやき,sukiyaki,普通名詞,人工物-食べ物,料理・食事,juman
好き好き,すきずき,sukizuki,普通名詞,抽象物,,juman
崇高,すうこう,suko,ナ形容詞,,,juman
健やか,すこやか,sukoyaka,ナ形容詞,,,juman
好く,すく,suku,動詞,,,juman
掬い投げ,すくいなげ,sukuinage,普通名詞,抽象物,スポーツ,juman
救い主,すくいぬし,sukuinushi,普通名詞,人,,juman
竦める,すくめる,sukumeru,動詞,,,juman
竦む,すくむ,sukumu,動詞,,,juman
少ない,すくない,sukunai,イ形容詞,,,juman
掬う,すくう,sukuu,動詞,,料理・食事,juman
住まい,すまい,sumai,普通名詞,場所-施設,家庭・暮らし,juman
済ませる,すませる,sumaseru,動詞,,,juman
澄まし汁,すましじる,sumashijiru,普通名詞,人工物-食べ物,料理・食事,juman
済ます,すます,sumasu,動詞,,,juman
炭,すみ,sumi,普通名詞,自然物,,juman
炭火,すみび,sumibi,普通名詞,自然物,家庭・暮らし;料理・食事,juman
墨絵,すみえ,sumie,普通名詞,人工物-その他;抽象物,文化・芸術,juman
住み心地,すみごこち,sumigokochi,普通名詞,抽象物,家庭・暮らし,juman
住みか,すみか,sumika,普通名詞,場所-施設,家庭・暮らし,juman
速やか,すみやか,sumiyaka,ナ形容詞,,,juman
炭焼き,すみやき,sumiyaki,普通名詞,抽象物,,juman
隅々,すみずみ,sumizumi,普通名詞,抽象物,,manual
相撲,すもう,sumo,普通名詞,抽象物,スポーツ,juman
住む,すむ,sumu,動詞,,家庭・暮らし,juman
砂,すな,suna,普通名詞,自然物,,juman
砂場,すなば,sunaba,普通名詞,場所-その他,レクリエーション,juman
砂埃,すなぼこり,sunabokori,普通名詞,自然物,,juman
砂時計,すなどけい,sunadokei,普通名詞,人工物-その他,,juman
砂浜,すなはま,sunahama,普通名詞,場所-自然,,juman
砂地,すなじ,sunaji,普通名詞,場所-その他,,juman
砂煙,すなけむり,sunakemuri,普通名詞,自然物,,juman
素直,すなお,sunao,ナ形容詞,,,juman
砂山,すなやま,sunayama,普通名詞,場所-自然,,juman
臑,すね,sune,普通名詞,動物-部位,,juman
臑齧り,すねかじり,sunekajiri,サ変名詞,人,家庭・暮らし,juman
拗ねる,すねる,suneru,動詞,,,juman
寸劇,すんげき,sungeki,普通名詞,抽象物,文化・芸術,juman
簀子,すのこ,sunoko,普通名詞,人工物-その他,,juman
酢の物,すのもの,sunomono,普通名詞,人工物-食べ物,料理・食事,juman
寸志,すんし,sunshi,普通名詞,人工物-その他,,juman
寸前,すんぜん,sunzen,普通名詞,場所-機能;時間,,juman
酸っぱい,すっぱい,suppai,イ形容詞,,料理・食事,juman
すっぽん,すっぽん,suppon,普通名詞,動物;人工物-食べ物,料理・食事,juman
すらりと,すらりと,surarito,サ変名詞,抽象物,,juman
擦れる,すれる,sureru,動詞,,,juman
すれすれ,すれすれ,suresure,ナ形容詞,,,juman
すり,すり,suri,普通名詞,人;抽象物,家庭・暮らし;政治,juman
摺り合わせ,すりあわせ,suriawase,サ変名詞,抽象物,,juman
摺り鉢,すりばち,suribachi,普通名詞,人工物-その他,料理・食事,juman
擂り粉木,すりこぎ,surikogi,普通名詞,人工物-その他,料理・食事,juman
摺り身,すりみ,surimi,普通名詞,人工物-食べ物,料理・食事,juman
刷り物,すりもの,surimono,普通名詞,人工物-その他;抽象物,文化・芸術;メディア,juman
刷る,する,suru,動詞,,文化・芸術;メディア,juman
鋭い,するどい,surudoi,イ形容詞,,,juman
鯣,するめ,surume,普通名詞,人工物-食べ物,料理・食事,juman
荒ぶ,すさぶ,susabu,動詞,,,juman
すさまじい,すさまじい,susamajii,イ形容詞,,,juman
荒む,すさむ,susamu,動詞,,,juman
鮨,すし,sushi,普通名詞,人工物-食べ物,料理・食事,juman
数式,すうしき,sushiki,普通名詞,抽象物,教育・学習,juman
鮨飯,すしめし,sushimeshi,普通名詞,人工物-食べ物,料理・食事,juman
鮨屋,すしや,sushiya,普通名詞,場所-施設,料理・食事,juman
鮨詰め,すしづめ,sushizume,普通名詞,抽象物,,juman
裾,すそ,suso,普通名詞,場所-機能,,juman
裾野,すその,susono,普通名詞,場所-自然,,juman
煤,すす,susu,普通名詞,自然物,,juman
すすぐ,すすぐ,susugu,動詞,,家庭・暮らし,juman
煤払い,すすはらい,susuharai,サ変名詞,抽象物,,juman
煤ける,すすける,susukeru,動詞,,,juman
すすき,すすき,susuki,普通名詞,植物,,juman
勧める,すすめる,susumeru,動詞,,,juman
進む,すすむ,susumu,動詞,,,juman
すする,すする,susuru,動詞,,,juman
廃れる,すたれる,sutareru,動詞,,,juman
廃る,すたる,sutaru,動詞,,,juman
捨て場,すてば,suteba,普通名詞,場所-その他,家庭・暮らし,juman
捨て鉢,すてばち,sutebachi,普通名詞,抽象物,,juman
捨て石,すていし,suteishi,普通名詞,人工物-その他;抽象物,,juman
素敵,すてき,suteki,ナ形容詞,,,juman
捨て身,すてみ,sutemi,普通名詞,抽象物,,juman
捨てる,すてる,suteru,動詞,,,juman
吸う,すう,suu,動詞,,,juman
座る,すわる,suwaru,動詞,,,juman
素焼き,すやき,suyaki,普通名詞,抽象物,,juman
錫,すず,suzu,普通名詞,自然物,,juman
鈴懸,すずかけ,suzukake,普通名詞,植物,,juman
すずき,すずき,suzuki,普通名詞,動物;人工物-食べ物,料理・食事,juman
雀,すずめ,suzume,普通名詞,動物,,juman
雀蜂,すずめばち,suzumebachi,普通名詞,動物,,juman
鈴虫,すずむし,suzumushi,普通名詞,動物,,juman
鈴成り,すずなり,suzunari,普通名詞,抽象物,,juman
鈴蘭,すずらん,suzuran,普通名詞,植物,,juman
硯,すずり,suzuri,普通名詞,人工物-その他,文化・芸術,juman
硯箱,すずりばこ,suzuribako,普通名詞,人工物-その他,文化・芸術,juman
涼しい,すずしい,suzushii,イ形容詞,,,juman
涼やか,すずやか,suzuyaka,ナ形容詞,,,juman
束,たば,taba,普通名詞,人工物-その他,,juman
たばこ,たばこ,tabako,普通名詞,人工物-その他,健康・医学;家庭・暮らし,juman
束ねる,たばねる,tabaneru,動詞,,,juman
食べ出,たべで,tabede,普通名詞,料理・食事,,juman
食べ頃,たべごろ,tabegoro,普通名詞,時間,料理・食事,juman
食べ物,たべもの,tabemono,普通名詞,人工物-食べ物,料理・食事,juman
多弁,たべん,taben,ナ形容詞,,,juman
食べる,たべる,taberu,動詞,,料理・食事,juman
食べず嫌い,たべずぎらい,tabezugirai,普通名詞,抽象物,料理・食事,juman
足袋,たび,tabi,普通名詞,人工物-衣類,家庭・暮らし,juman
旅人,たびびと,tabibito,普通名詞,人,レクリエーション,juman
旅鳥,たびどり,tabidori,普通名詞,動物,,juman
旅路,たびじ,tabiji,普通名詞,抽象物,レクリエーション;家庭・暮らし;交通,juman
旅支度,たびじたく,tabijitaku,サ変名詞,抽象物,レクリエーション,juman
旅先,たびさき,tabisaki,普通名詞,場所-その他,,juman
多忙,たぼう,tabo,ナ形容詞,,,juman
誑かす,たぶらかす,taburakasu,動詞,,,juman
太刀,たち,tachi,普通名詞,人工物-その他,文化・芸術;政治,juman
立会人,たちあいにん,tachiainin,普通名詞,人,政治,juman
立場,たちば,tachiba,普通名詞,抽象物,,manual
橘,たちばな,tachibana,普通名詞,植物,,juman
立ち話,たちばなし,tachibanashi,サ変名詞,抽象物,家庭・暮らし,juman
立ち振る舞い,たちふるまい,tachifurumai,普通名詞,抽象物,,juman
立ちげいこ,たちげいこ,tachigeiko,サ変名詞,抽象物,文化・芸術,juman
立ち消え,たちぎえ,tachigie,サ変名詞,抽象物,,juman
立ち聞き,たちぎき,tachigiki,サ変名詞,抽象物,,juman
立ち食い,たちぐい,tachigui,サ変名詞,抽象物,料理・食事,juman
立ち木,たちき,tachiki,普通名詞,植物,,juman
立ち見,たちみ,tachimi,普通名詞,抽象物,,juman
立ち往生,たちおうじょう,tachiojo,サ変名詞,抽象物,,juman
立ち泳ぎ,たちおよぎ,tachioyogi,サ変名詞,抽象物,スポーツ,juman
太刀打ち,たちうち,tachiuchi,サ変名詞,抽象物,,juman
太刀魚,たちうお,tachiuo,普通名詞,動物;人工物-食べ物,料理・食事,juman
立ち読み,たちよみ,tachiyomi,サ変名詞,抽象物,,juman
多大,ただい,tadai,ナ形容詞,,,juman
只今,ただいま,tadaima,時相名詞,時間,,juman
直中,ただなか,tadanaka,普通名詞,場所-機能;時間,,juman
只乗り,ただのり,tadanori,サ変名詞,抽象物,交通,juman
爛れる,ただれる,tadareru,動詞,,健康・医学,juman
但し書き,ただしがき,tadashigaki,サ変名詞,抽象物,,juman
正しい,ただしい,tadashii,イ形容詞,,,juman
糺す,ただす,tadasu,動詞,,政治,juman
漂える,ただよえる,tadayoeru,動詞,,,juman
漂う,ただよう,tadayou,動詞,,,juman
蓼,たで,tade,普通名詞,植物,,juman
辿る,たどる,tadoru,動詞,,,juman
他動詞,たどうし,tadoshi,普通名詞,抽象物,教育・学習,juman
たどたどしい,たどたどしい,tadotadoshii,イ形容詞,,,juman
絶え絶え,たえだえ,taedae,ナ形容詞,,,juman
絶え間,たえま,taema,普通名詞,時間,,juman
堪える,たえる,taeru,動詞,,,juman
箍,たが,taga,普通名詞,人工物-その他,,juman
たがえる,たがえる,tagaeru,動詞,,,juman
互い,たがい,tagai,普通名詞,抽象物,,juman
互い違い,たがいちがい,tagaichigai,普通名詞,抽象物,,juman
多額,たがく,tagaku,ナ形容詞,,,juman
たがう,たがう,tagau,動詞,,,juman
耕す,たがやす,tagayasu,動詞,,,juman
多義語,たぎご,tagigo,普通名詞,抽象物,教育・学習,juman
たぎる,たぎる,tagiru,動詞,,,juman
類い,たぐい,tagui,普通名詞,抽象物,,juman
田畑,たはた,tahata,普通名詞,場所-その他,,juman
鯛,たい,tai,普通名詞,動物;人工物-食べ物,料理・食事,juman
大安,たいあん,taian,普通名詞,抽象物;時間,,juman
体当たり,たいあたり,taiatari,サ変名詞,抽象物,,juman
大木,たいぼく,taiboku,普通名詞,植物,,juman
退部,たいぶ,taibu,サ変名詞,抽象物,教育・学習,juman
帯分数,たいぶんすう,taibunsu,普通名詞,抽象物,教育・学習,juman
隊長,たいちょう,taicho,普通名詞,人,,juman
対頂角,たいちょうかく,taichokaku,普通名詞,場所-その他,教育・学習,juman
怠惰,たいだ,taida,ナ形容詞,,,juman
退団,たいだん,taidan,サ変名詞,抽象物,スポーツ,juman
態度,たいど,taido,普通名詞,抽象物,,manual
体液,たいえき,taieki,普通名詞,自然物,健康・医学,juman
台風,たいふう,taifu,普通名詞,抽象物,,manual
大河,たいが,taiga,普通名詞,場所-自然,,juman
退学,たいがく,taigaku,サ変名詞,抽象物,教育・学習,juman
対岸,たいがん,taigan,普通名詞,場所-自然,,juman
体言,たいげん,taigen,普通名詞,抽象物,教育・学習,juman
対義語,たいぎご,taigigo,普通名詞,抽象物,教育・学習,juman
大軍,たいぐん,taigun,普通名詞,組織・団体,政治,juman
大敗,たいはい,taihai,サ変名詞,抽象物,スポーツ,juman
太平,たいへい,taihei,ナ形容詞,,,juman
大変,たいへん,taihen,ナ形容詞,,,juman
堆肥,たいひ,taihi,普通名詞,人工物-その他,,juman
大砲,たいほう,taiho,普通名詞,人工物-その他,政治,juman
大医,たいい,taii,普通名詞,人,健康・医学,juman
体育,たいいく,taiiku,普通名詞,抽象物,教育・学習,juman
隊員,たいいん,taiin,普通名詞,人,,juman
太陰暦,たいいんれき,taiinreki,普通名詞,時間,文化・芸術,juman
退場,たいじょう,taijo,サ変名詞,抽象物,スポーツ;家庭・暮らし,juman
大樹,たいじゅ,taiju,普通名詞,植物,,juman
大家,たいか,taika,普通名詞,人,家庭・暮らし,juman
大海,たいかい,taikai,普通名詞,場所-その他,,juman
体格,たいかく,taikaku,普通名詞,抽象物,,manual
対角線,たいかくせん,taikakusen,普通名詞,形・模様,教育・学習,juman
退官,たいかん,taikan,サ変名詞,抽象物,教育・学習;政治,juman
体形,たいけい,taikei,普通名詞,形・模様,,juman
体験,たいけん,taiken,サ変名詞,抽象物,,manual
対決,たいけつ,taiketsu,サ変名詞,抽象物,スポーツ,juman
大気,たいき,taiki,普通名詞,自然物,,juman
大金,たいきん,taikin,普通名詞,人工物-金銭,,juman
太古,たいこ,taiko,普通名詞,時間,,juman
大国,たいこく,taikoku,普通名詞,場所-その他,,juman
退屈,たいくつ,taikutsu,ナ形容詞,,,juman
大曲,たいきょく,taikyoku,普通名詞,抽象物,文化・芸術,juman
太極拳,たいきょくけん,taikyokuken,普通名詞,抽象物,スポーツ,juman
怠慢,たいまん,taiman,ナ形容詞,,,juman
松明,たいまつ,taimatsu,普通名詞,人工物-その他,,juman
体面,たいめん,taimen,普通名詞,形・模様,,juman
滞納,たいのう,taino,サ変名詞,抽象物,ビジネス;家庭・暮らし,juman
対応,たいおう,taio,サ変名詞,抽象物,,manual
平ら,たいら,taira,ナ形容詞,,,juman
平らげる,たいらげる,tairageru,動詞,,料理・食事,juman
隊列,たいれつ,tairetsu,普通名詞,形・模様,,juman
大陸,たいりく,tairiku,普通名詞,場所-自然,,juman
大陸棚,たいりくだな,tairikudana,普通名詞,場所-自然,,juman
対立,たいりつ,tairitsu,サ変名詞,抽象物,,manual
大老,たいろう,tairo,普通名詞,人,,juman
大量,たいりょう,tairyo,ナ形容詞,,,juman
体力,たいりょく,tairyoku,普通名詞,抽象物,,manual
大佐,たいさ,taisa,普通名詞,人,政治,juman
対策,たいさく,taisaku,普通名詞,抽象物,,manual
退散,たいさん,taisan,サ変名詞,抽象物,,manual
泰山木,たいさんぼく,taisanboku,普通名詞,植物,,juman
大雪,たいせつ,taisetsu,時相名詞,抽象物;時間,,juman
大社,たいしゃ,taisha,普通名詞,場所-施設,文化・芸術,juman
大使,たいし,taishi,普通名詞,人,,juman
体質,たいしつ,taishitsu,普通名詞,抽象物,,manual
大暑,たいしょ,taisho,時相名詞,抽象物;時間,,juman
大食,たいしょく,taishoku,サ変名詞,抽象物,料理・食事,juman
大衆,たいしゅう,taishu,普通名詞,人,,juman
大宗,たいそう,taiso,普通名詞,人,,juman
大帝,たいてい,taitei,普通名詞,人,政治,juman
大敵,たいてき,taiteki,普通名詞,人,,juman
対等,たいとう,taito,ナ形容詞,,,juman
対話,たいわ,taiwa,サ変名詞,抽象物,,manual
鯛焼き,たいやき,taiyaki,普通名詞,人工物-食べ物,料理・食事,juman
大役,たいやく,taiyaku,普通名詞,抽象物,,manual
太陽,たいよう,taiyo,普通名詞,自然物,,juman
太陽暦,たいようれき,taiyoreki,普通名詞,時間,文化・芸術,juman
大山,たいざん,taizan,普通名詞,場所-自然,,juman
大全,たいぜん,taizen,普通名詞,抽象物,文化・芸術,juman
たじろぐ,たじろぐ,tajirogu,動詞,,,juman
他日,たじつ,tajitsu,時相名詞,時間,,juman
鷹,たか,taka,普通名詞,動物,,juman
高ぶる,たかぶる,takaburu,動詞,,,juman
高台,たかだい,takadai,普通名詞,場所-その他,,juman
他界,たかい,takai,サ変名詞,抽象物,文化・芸術;家庭・暮らし,juman
高鼾,たかいびき,takaibiki,普通名詞,抽象物,家庭・暮らし,juman
多角形,たかくけい,takakukei,普通名詞,形・模様,,juman
多感,たかん,takan,ナ形容詞,,,juman
高波,たかなみ,takanami,普通名詞,抽象物,,manual
高根,たかね,takane,普通名詞,場所-自然,,juman
高望み,たかのぞみ,takanozomi,サ変名詞,抽象物,,juman
宝,たから,takara,普通名詞,人工物-その他,,juman
宝船,たからぶね,takarabune,普通名詞,人工物-乗り物,,juman
高らか,たからか,takaraka,ナ形容詞,,,juman
宝籤,たからくじ,takarakuji,普通名詞,人工物-その他,レクリエーション,juman
宝物,たからもの,takaramono,普通名詞,抽象物,,manual
たかる,たかる,takaru,動詞,,,juman
高潮,たかしお,takashio,普通名詞,抽象物,,manual
高跳び,たかとび,takatobi,サ変名詞,抽象物,スポーツ,juman
高床,たかゆか,takayuka,普通名詞,場所-施設部位,,juman
岳,たけ,take,普通名詞,場所-自然,,juman
たけだけしい,たけだけしい,takedakeshii,イ形容詞,,,juman
竹籤,たけひご,takehigo,普通名詞,人工物-その他,,juman
竹篭,たけかご,takekago,普通名詞,人工物-その他,,juman
竹冠,たけかんむり,takekanmuri,普通名詞,抽象物,教育・学習,juman
丈比べ,たけくらべ,takekurabe,サ変名詞,抽象物,家庭・暮らし,juman
たけなわ,たけなわ,takenawa,ナ形容詞,,,juman
筍,たけのこ,takenoko,普通名詞,植物-部位;人工物-食べ物,料理・食事,juman
炊ける,たける,takeru,動詞,,料理・食事,juman
竹蜻蛉,たけとんぼ,taketonbo,普通名詞,人工物-その他,レクリエーション,juman
竹取,たけとり,taketori,普通名詞,抽象物,,manual
竹馬,たけうま,takeuma,普通名詞,人工物-その他,レクリエーション,juman
竹藪,たけやぶ,takeyabu,普通名詞,場所-自然,,juman
竹細工,たけざいく,takezaiku,普通名詞,人工物-その他,,juman
竹筒,たけづつ,takezutsu,普通名詞,人工物-その他,,juman
滝,たき,taki,普通名詞,場所-自然,,juman
焚き火,たきび,takibi,サ変名詞,抽象物,家庭・暮らし,juman
炊き出し,たきだし,takidashi,サ変名詞,抽象物,料理・食事,juman
滝壺,たきつぼ,takitsubo,普通名詞,場所-自然,,juman
卓球,たっきゅう,takkyu,普通名詞,抽象物,スポーツ,juman
蛸,たこ,tako,普通名詞,動物;人工物-食べ物,料理・食事,juman
蛸焼き,たこやき,takoyaki,普通名詞,人工物-食べ物,料理・食事,juman
宅,たく,taku,普通名詞,場所-施設,家庭・暮らし,juman
沢庵,たくあん,takuan,普通名詞,人工物-食べ物,料理・食事,juman
宅地,たくち,takuchi,普通名詞,場所-その他,,juman
托鉢,たくはつ,takuhatsu,サ変名詞,抽象物,文化・芸術,juman
拓本,たくほん,takuhon,普通名詞,抽象物,文化・芸術,juman
択一,たくいつ,takuitsu,普通名詞,抽象物,教育・学習,juman
託児,たくじ,takuji,普通名詞,抽象物,家庭・暮らし,juman
卓上,たくじょう,takujo,普通名詞,場所-その他,,juman
たくましい,たくましい,takumashii,イ形容詞,,,juman
内匠,たくみ,takumi,普通名詞,人,,juman
企らむ,たくらむ,takuramu,動詞,,,juman
沢山,たくさん,takusan,ナ形容詞,,,juman
たくし上げる,たくしあげる,takushiageru,動詞,,,juman
蓄える,たくわえる,takuwaeru,動詞,,,juman
弾,たま,tama,普通名詞,人工物-その他,,juman
たまげる,たまげる,tamageru,動詞,,,juman
卵,たまご,tamago,普通名詞,人工物-食べ物;自然物,,juman
卵焼き,たまごやき,tamagoyaki,普通名詞,人工物-食べ物,料理・食事,juman
玉串,たまぐし,tamagushi,普通名詞,植物-部位,文化・芸術,juman
賜物,たまもの,tamamono,普通名詞,人工物-その他,,juman
玉虫,たまむし,tamamushi,普通名詞,動物,,juman
玉虫色,たまむしいろ,tamamushiiro,普通名詞,色,,juman
玉葱,たまねぎ,tamanegi,普通名詞,植物;人工物-食べ物,料理・食事,juman
溜まり場,たまりば,tamariba,普通名詞,場所-その他,,juman
堪る,たまる,tamaru,動詞,,,juman
魂,たましい,tamashii,普通名詞,抽象物,文化・芸術,juman
玉突き,たまつき,tamatsuki,サ変名詞,抽象物,レクリエーション;交通,juman
賜う,たまう,tamau,動詞,,,juman
賜る,たまわる,tamawaru,動詞,,,juman
溜め池,ためいけ,tameike,普通名詞,場所-その他,,juman
溜め息,ためいき,tameiki,普通名詞,抽象物,,juman
多面,ためん,tamen,普通名詞,場所-その他;抽象物,,juman
ためらう,ためらう,tamerau,動詞,,,juman
溜める,ためる,tameru,動詞,,,juman
試す,ためす,tamesu,動詞,,,juman
民,たみ,tami,普通名詞,人,,juman
たも,たも,tamo,普通名詞,植物;人工物-その他,,juman
袂,たもと,tamoto,普通名詞,人工物-その他,,juman
保つ,たもつ,tamotsu,動詞,,,juman
棚,たな,tana,普通名詞,人工物-その他;場所-施設部位,,juman
棚上げ,たなあげ,tanaage,サ変名詞,抽象物,,juman
七夕,たなばた,tanabata,普通名詞,抽象物,家庭・暮らし,juman
たなご,たなご,tanago,普通名詞,動物,,juman
店子,たなこ,tanako,普通名詞,人,ビジネス,juman
多難,たなん,tanan,ナ形容詞,,,juman
棚晒し,たなざらし,tanazarashi,普通名詞,抽象物,,juman
田んぼ,たんぼ,tanbo,普通名詞,場所-その他,,juman
淡墨,たんぼく,tanboku,普通名詞,色,,juman
単文,たんぶん,tanbun,普通名詞,抽象物,教育・学習,juman
丹頂,たんちょう,tancho,普通名詞,動物,,juman
短大,たんだい,tandai,普通名詞,組織・団体;場所-施設,教育・学習,juman
丹田,たんでん,tanden,普通名詞,動物-部位,,juman
種,たね,tane,普通名詞,人工物-その他,,juman
種油,たねあぶら,taneabura,普通名詞,自然物,料理・食事,juman
種明かし,たねあかし,taneakashi,サ変名詞,抽象物,文化・芸術,juman
種切れ,たねぎれ,tanegire,サ変名詞,抽象物,,juman
種芋,たねいも,taneimo,普通名詞,植物,,juman
種蒔き,たねまき,tanemaki,サ変名詞,抽象物,,juman
多年,たねん,tanen,時相名詞,時間,,juman
嘆願,たんがん,tangan,サ変名詞,抽象物,家庭・暮らし;政治,juman
単元,たんげん,tangen,普通名詞,抽象物,教育・学習,juman
端午,たんご,tango,普通名詞,時間,家庭・暮らし,juman
谷,たに,tani,普通名詞,場所-自然,,juman
谷あい,たにあい,taniai,普通名詞,場所-自然,,juman
谷川,たにがわ,tanigawa,普通名詞,場所-自然,,juman
谷間,たにま,tanima,普通名詞,場所-自然,,juman
他人,たにん,tanin,普通名詞,人,,juman
多人数,たにんずう,taninzu,普通名詞,組織・団体,,juman
谷底,たにそこ,tanisoko,普通名詞,場所-自然,,juman
単一,たんいつ,tanitsu,ナ形容詞,,,juman
誕生,たんじょう,tanjo,サ変名詞,抽象物,健康・医学;家庭・暮らし,juman
誕生日,たんじょうび,tanjobi,普通名詞,時間,家庭・暮らし,juman
胆汁,たんじゅう,tanju,普通名詞,自然物,健康・医学,juman
単純,たんじゅん,tanjun,ナ形容詞,,,juman
担架,たんか,tanka,普通名詞,人工物-その他,健康・医学,juman
探検,たんけん,tanken,サ変名詞,抽象物,,manual
短期,たんき,tanki,時相名詞,時間,,juman
炭坑,たんこう,tanko,普通名詞,人工物-その他,,juman
単行本,たんこうぼん,tankobon,普通名詞,人工物-その他;抽象物,文化・芸術,juman
探求,たんきゅう,tankyu,サ変名詞,抽象物,,manual
端末,たんまつ,tanmatsu,普通名詞,人工物-その他,科学・技術,juman
短命,たんめい,tanmei,ナ形容詞,,健康・医学;家庭・暮らし,juman
反物,たんもの,tanmono,普通名詞,人工物-その他,家庭・暮らし,juman
丹念,たんねん,tannen,ナ形容詞,,,juman
担任,たんにん,tannin,サ変名詞,抽象物,教育・学習,juman
胆嚢,たんのう,tanno,普通名詞,動物-部位,健康・医学,juman
頼もしい,たのもしい,tanomoshii,イ形容詞,,,juman
頼む,たのむ,tanomu,動詞,,,juman
楽しい,たのしい,tanoshii,イ形容詞,,,juman
楽しみ,たのしみ,tanoshimi,ナ形容詞,,,juman
蛋白,たんぱく,tanpaku,普通名詞,自然物,健康・医学;料理・食事,juman
短編,たんぺん,tanpen,普通名詞,抽象物,文化・芸術,juman
単品,たんぴん,tanpin,普通名詞,人工物-その他,,juman
たんぽぽ,たんぽぽ,tanpopo,普通名詞,植物,,juman
単複,たんぷく,tanpuku,普通名詞,抽象物,スポーツ,juman
鍛錬,たんれん,tanren,サ変名詞,抽象物,,manual
炭酸,たんさん,tansan,普通名詞,自然物,料理・食事,juman
端正,たんせい,tansei,ナ形容詞,,,juman
単線,たんせん,tansen,普通名詞,抽象物,交通,juman
端子,たんし,tanshi,普通名詞,人工物-その他,科学・技術,juman
短針,たんしん,tanshin,普通名詞,人工物-その他,,juman
単勝,たんしょう,tansho,普通名詞,抽象物,スポーツ,juman
淡色,たんしょく,tanshoku,普通名詞,色,,juman
短縮,たんしゅく,tanshuku,サ変名詞,抽象物,,manual
炭素,たんそ,tanso,普通名詞,自然物,,juman
嘆息,たんそく,tansoku,サ変名詞,抽象物,,manual
箪笥,たんす,tansu,普通名詞,人工物-その他,家庭・暮らし,juman
淡水,たんすい,tansui,普通名詞,自然物,,juman
単体,たんたい,tantai,普通名詞,自然物,,juman
探偵,たんてい,tantei,サ変名詞,人,,juman
短刀,たんとう,tanto,普通名詞,人工物-その他,,juman
狸,たぬき,tanuki,普通名詞,動物,,juman
たぬき寝入り,たぬきねいり,tanukineiri,サ変名詞,抽象物,家庭・暮らし,juman
単葉,たんよう,tanyo,普通名詞,植物-部位;抽象物,,juman
短冊,たんざく,tanzaku,普通名詞,人工物-その他,文化・芸術,juman
倒れる,たおれる,taoreru,動詞,,,juman
倒す,たおす,taosu,動詞,,,juman
達筆,たっぴつ,tappitsu,ナ形容詞,,,juman
たっぷり,たっぷり,tappuri,ナ形容詞,,,juman
鱈,たら,tara,普通名詞,動物;人工物-食べ物,料理・食事,juman
盥,たらい,tarai,普通名詞,人工物-その他,家庭・暮らし,juman
盥回し,たらいまわし,taraimawashi,サ変名詞,抽象物,,juman
鱈子,たらこ,tarako,普通名詞,人工物-食べ物;自然物,料理・食事,juman
垂らす,たらす,tarasu,動詞,,,juman
たれ,たれ,tare,普通名詞,抽象物,料理・食事,juman
垂れ幕,たれまく,taremaku,普通名詞,人工物-その他,,juman
垂れる,たれる,tareru,動詞,,,juman
足りる,たりる,tariru,動詞,,,juman
樽,たる,taru,普通名詞,人工物-その他,,juman
垂木,たるき,taruki,普通名詞,場所-施設部位,,juman
たるむ,たるむ,tarumu,動詞,,,juman
多量,たりょう,taryo,ナ形容詞,,,juman
多彩,たさい,tasai,ナ形容詞,,,juman
他者,たしゃ,tasha,普通名詞,人,,juman
確か,たしか,tashika,ナ形容詞,,,juman
確かめる,たしかめる,tashikameru,動詞,,,juman
窘める,たしなめる,tashinameru,動詞,,,juman
嗜む,たしなむ,tashinamu,動詞,,,juman
多神教,たしんきょう,tashinkyo,普通名詞,抽象物,文化・芸術,juman
足し算,たしざん,tashizan,サ変名詞,抽象物,教育・学習,juman
黄昏,たそがれ,tasogare,普通名詞,時間,,juman
達成,たっせい,tassei,サ変名詞,抽象物,,manual
達者,たっしゃ,tassha,ナ形容詞,,,juman
足す,たす,tasu,動詞,,,juman
助かる,たすかる,tasukaru,動詞,,,juman
助け船,たすけぶね,tasukebune,普通名詞,抽象物,,juman
助ける,たすける,tasukeru,動詞,,,juman
多数決,たすうけつ,tasuketsu,普通名詞,抽象物,,manual
襷,たすき,tasuki,普通名詞,人工物-その他,スポーツ,juman
襷掛け,たすきがけ,tasukigake,普通名詞,抽象物,家庭・暮らし,juman
湛える,たたえる,tataeru,動詞,,,juman
三和土,たたき,tataki,普通名詞,場所-施設部位,家庭・暮らし,juman
叩き台,たたきだい,tatakidai,普通名詞,抽象物,,juman
叩きのめす,たたきのめす,tatakinomesu,動詞,,,juman
叩く,たたく,tataku,動詞,,,juman
畳,たたみ,tatami,普通名詞,人工物-その他,家庭・暮らし,juman
畳敷き,たたみじき,tatamijiki,普通名詞,抽象物,家庭・暮らし,juman
たたら,たたら,tatara,普通名詞,人工物-その他,,juman
たたる,たたる,tataru,動詞,,,juman
佇まい,たたずまい,tatazumai,普通名詞,抽象物,,juman
佇む,たたずむ,tatazumu,動詞,,,juman
塔頭,たっちゅう,tatchu,普通名詞,場所-その他,文化・芸術,juman
盾,たて,tate,普通名詞,人工物-その他,,juman
竪穴,たてあな,tateana,普通名詞,場所-その他,,juman
縦笛,たてぶえ,tatebue,普通名詞,人工物-その他,文化・芸術,juman
立て札,たてふだ,tatefuda,普通名詞,人工物-その他,,juman
縦書き,たてがき,tategaki,サ変名詞,抽象物,,juman
鬣,たてがみ,tategami,普通名詞,動物-部位,,juman
竪琴,たてごと,tategoto,普通名詞,人工物-その他,文化・芸術,juman
建具,たてぐ,tategu,普通名詞,人工物-その他,家庭・暮らし,juman
建て玉,たてぎょく,tategyoku,普通名詞,人工物-その他,ビジネス,juman
立て膝,たてひざ,tatehiza,サ変名詞,抽象物,,juman
縦糸,たていと,tateito,普通名詞,人工物-その他,,juman
縦軸,たてじく,tatejiku,普通名詞,形・模様,,juman
縦縞,たてじま,tatejima,普通名詞,形・模様,,juman
縦画,たてかく,tatekaku,普通名詞,形・模様,,juman
立て看板,たてかんばん,tatekanban,普通名詞,人工物-その他,,juman
建て前,たてまえ,tatemae,普通名詞,抽象物,,juman
建て増し,たてまし,tatemashi,サ変名詞,抽象物,,juman
奉る,たてまつる,tatematsuru,動詞,,,juman
建物,たてもの,tatemono,普通名詞,場所-施設,,juman
縦長,たてなが,tatenaga,ナ形容詞,,,juman
建てる,たてる,tateru,動詞,,,juman
立て続け,たてつづけ,tatetsuzuke,普通名詞,抽象物,,juman
建て売り,たてうり,tateuri,普通名詞,場所-施設;抽象物,家庭・暮らし,juman
縦割り,たてわり,tatewari,普通名詞,抽象物,,juman
建屋,たてや,tateya,普通名詞,場所-施設,,juman
立て役者,たてやくしゃ,tateyakusha,普通名詞,人,,juman
縦揺れ,たてゆれ,tateyure,サ変名詞,抽象物,,juman
多投,たとう,tato,サ変名詞,抽象物,スポーツ,juman
例える,たとえる,tatoeru,動詞,,,juman
辰,たつ,tatsu,普通名詞,場所-機能;時間,,juman
達人,たつじん,tatsujin,普通名詞,人,,juman
竜巻,たつまき,tatsumaki,普通名詞,抽象物,,manual
尊ぶ,たっとぶ,tattobu,動詞,,,juman
田植え,たうえ,taue,サ変名詞,抽象物,,juman
たわい,たわい,tawai,普通名詞,,,juman
撓める,たわめる,tawameru,動詞,,,juman
撓む,たわむ,tawamu,動詞,,,juman
戯れる,たわむれる,tawamureru,動詞,,,juman
俵,たわら,tawara,普通名詞,人工物-その他,,juman
束子,たわし,tawashi,普通名詞,人工物-その他,家庭・暮らし,juman
たわわ,たわわ,tawawa,ナ形容詞,,,juman
絶やす,たやす,tayasu,動詞,,,juman
たやすい,たやすい,tayasui,イ形容詞,,,juman
多様,たよう,tayo,ナ形容詞,,,juman
便り,たより,tayori,サ変名詞,抽象物,,juman
頼る,たよる,tayoru,動詞,,,juman
たゆめる,たゆめる,tayumeru,動詞,,,juman
たゆむ,たゆむ,tayumu,動詞,,,juman
多勢,たぜい,tazei,普通名詞,組織・団体,,juman
手綱,たづな,tazuna,普通名詞,人工物-その他,,juman
尋ねる,たずねる,tazuneru,動詞,,,juman
携える,たずさえる,tazusaeru,動詞,,,juman
携わる,たずさわる,tazusawaru,動詞,,,juman
手垢,てあか,teaka,普通名詞,自然物,,juman
手編み,てあみ,teami,普通名詞,抽象物,家庭・暮らし,juman
手荒,てあら,teara,ナ形容詞,,,juman
手洗い,てあらい,tearai,サ変名詞,抽象物,家庭・暮らし,juman
手足,てあし,teashi,普通名詞,動物-部位;抽象物,,juman
手羽,てば,teba,普通名詞,動物-部位;人工物-食べ物,料理・食事,juman
手引き,てびき,tebiki,サ変名詞,抽象物,,juman
手袋,てぶくろ,tebukuro,普通名詞,人工物-衣類,家庭・暮らし,juman
手ぶら,てぶら,tebura,ナ形容詞,,,juman
手振り,てぶり,teburi,サ変名詞,抽象物,,juman
手拍子,てびょうし,tebyoshi,サ変名詞,抽象物,文化・芸術,juman
手違い,てちがい,techigai,普通名詞,抽象物,,juman
手帳,てちょう,techo,普通名詞,人工物-その他,家庭・暮らし;ビジネス,juman
手玉,てだま,tedama,普通名詞,人工物-その他,,juman
手出し,てだし,tedashi,サ変名詞,抽象物,,juman
手助け,てだすけ,tedasuke,サ変名詞,抽象物,,juman
手立て,てだて,tedate,普通名詞,抽象物,,juman
手拭き,てふき,tefuki,普通名詞,人工物-その他,料理・食事,juman
手掛かり,てがかり,tegakari,普通名詞,抽象物,,juman
手書き,てがき,tegaki,サ変名詞,抽象物,,juman
手紙,てがみ,tegami,普通名詞,人工物-その他,家庭・暮らし,juman
手軽,てがる,tegaru,ナ形容詞,,,juman
手形,てがた,tegata,普通名詞,人工物-金銭;形・模様,ビジネス,juman
手頃,てごろ,tegoro,ナ形容詞,,,juman
手応え,てごたえ,tegotae,普通名詞,抽象物,,juman
天蚕糸,てぐす,tegusu,普通名詞,人工物-その他,レクリエーション,juman
手始め,てはじめ,tehajime,普通名詞,抽象物,,juman
手偏,てへん,tehen,普通名詞,抽象物,教育・学習,juman
手解き,てほどき,tehodoki,サ変名詞,抽象物,,juman
手本,てほん,tehon,普通名詞,人工物-その他;抽象物,文化・芸術,juman
提案,ていあん,teian,サ変名詞,抽象物,,manual
定番,ていばん,teiban,普通名詞,抽象物,,manual
堤防,ていぼう,teibo,普通名詞,場所-施設,,juman
低木,ていぼく,teiboku,普通名詞,植物,,juman
底部,ていぶ,teibu,普通名詞,場所-その他,,juman
低地,ていち,teichi,普通名詞,場所-その他,,juman
定置網,ていちあみ,teichiami,普通名詞,人工物-その他,,juman
丁重,ていちょう,teicho,ナ形容詞,,,juman
停電,ていでん,teiden,サ変名詞,抽象物,家庭・暮らし,juman
程度,ていど,teido,普通名詞,抽象物,,manual
庭園,ていえん,teien,普通名詞,場所-施設,,juman
定額,ていがく,teigaku,普通名詞,人工物-金銭,ビジネス,juman
停泊,ていはく,teihaku,サ変名詞,抽象物,交通,juman
剃髪,ていはつ,teihatsu,サ変名詞,抽象物,文化・芸術,juman
底辺,ていへん,teihen,普通名詞,形・模様,,juman
定時,ていじ,teiji,普通名詞,時間,,juman
定住,ていじゅう,teiju,サ変名詞,抽象物,家庭・暮らし,juman
定形,ていけい,teikei,普通名詞,形・模様,,juman
定期,ていき,teiki,普通名詞,抽象物,,manual
定刻,ていこく,teikoku,普通名詞,時間,交通,juman
低空,ていくう,teiku,普通名詞,場所-機能,,juman
帝京,ていきょう,teikyo,普通名詞,場所-その他,,juman
庭球,ていきゅう,teikyu,普通名詞,抽象物,スポーツ,juman
定休日,ていきゅうび,teikyubi,普通名詞,時間,ビジネス,juman
弟妹,ていまい,teimai,普通名詞,人,家庭・暮らし,juman
底面,ていめん,teimen,普通名詞,場所-その他,,juman
丁寧,ていねい,teinei,ナ形容詞,,,juman
定年,ていねん,teinen,普通名詞,時間,ビジネス,juman
帝王,ていおう,teio,普通名詞,人,政治,juman
手入れ,ていれ,teire,サ変名詞,抽象物,,juman
定例,ていれい,teirei,普通名詞,抽象物,,manual
低利,ていり,teiri,普通名詞,人工物-金銭,ビジネス,juman
低率,ていりつ,teiritsu,ナ形容詞,,ビジネス,juman
停留所,ていりゅうじょ,teiryujo,普通名詞,場所-施設,交通,juman
体裁,ていさい,teisai,普通名詞,形・模様,,juman
偵察,ていさつ,teisatsu,サ変名詞,抽象物,,manual
訂正,ていせい,teisei,サ変名詞,抽象物,,manual
停船,ていせん,teisen,サ変名詞,抽象物,交通,juman
停車,ていしゃ,teisha,サ変名詞,抽象物,交通,juman
停車場,ていしゃば,teishaba,普通名詞,場所-施設,交通,juman
停止,ていし,teishi,サ変名詞,抽象物,,manual
定食,ていしょく,teishoku,普通名詞,人工物-食べ物,料理・食事,juman
亭主,ていしゅ,teishu,普通名詞,人,家庭・暮らし,juman
提出,ていしゅつ,teishutsu,サ変名詞,抽象物,,manual
低速,ていそく,teisoku,ナ形容詞,,,juman
邸宅,ていたく,teitaku,普通名詞,場所-施設,家庭・暮らし,juman
体たらく,ていたらく,teitaraku,普通名詞,抽象物,,juman
定点,ていてん,teiten,普通名詞,場所-機能,,juman
帝都,ていと,teito,普通名詞,場所-その他,政治,juman
提督,ていとく,teitoku,普通名詞,人,政治,juman
低俗,ていぞく,teizoku,ナ形容詞,,,juman
手近,てぢか,tejika,ナ形容詞,,,juman
手品,てじな,tejina,普通名詞,抽象物,文化・芸術,juman
手錠,てじょう,tejo,普通名詞,人工物-その他,政治,juman
手順,てじゅん,tejun,普通名詞,抽象物,,manual
敵,てき,teki,普通名詞,人,,juman
敵地,てきち,tekichi,普通名詞,場所-その他,政治,juman
的中,てきちゅう,tekichu,サ変名詞,抽象物,,manual
適度,てきど,tekido,ナ形容詞,,,juman
適法,てきほう,tekiho,ナ形容詞,,政治,juman
適時,てきじ,tekiji,普通名詞,時間,,juman
敵陣,てきじん,tekijin,普通名詞,場所-その他,スポーツ,juman
適格,てきかく,tekikaku,ナ形容詞,,,juman
敵国,てきこく,tekikoku,普通名詞,場所-その他,政治,juman
てきめん,てきめん,tekimen,ナ形容詞,,,juman
適任,てきにん,tekinin,ナ形容詞,,ビジネス,juman
適応,てきおう,tekio,サ変名詞,抽象物,,manual
適齢期,てきれいき,tekireiki,普通名詞,時間,家庭・暮らし,juman
適正,てきせい,tekisei,ナ形容詞,,,juman
適切,てきせつ,tekisetsu,ナ形容詞,,,juman
適当,てきとう,tekito,ナ形容詞,,,juman
適役,てきやく,tekiyaku,普通名詞,抽象物,文化・芸術,juman
適材,てきざい,tekizai,普通名詞,人,ビジネス,juman
鉄管,てっかん,tekkan,普通名詞,人工物-その他,科学・技術,juman
敵機,てっき,tekki,普通名詞,人工物-乗り物,政治,juman
鉄琴,てっきん,tekkin,普通名詞,人工物-その他,文化・芸術,juman
鉄鉱,てっこう,tekko,普通名詞,自然物,科学・技術,juman
鉄骨,てっこつ,tekkotsu,普通名詞,人工物-その他,,juman
鉄橋,てっきょう,tekkyo,普通名詞,場所-施設,交通,juman
梃子,てこ,teko,普通名詞,人工物-その他,,juman
手漕ぎ,てこぎ,tekogi,普通名詞,抽象物,レクリエーション,juman
梃入れ,てこいれ,tekoire,サ変名詞,抽象物,,juman
てこずる,てこずる,tekozuru,動詞,,,juman
手配り,てくばり,tekubari,サ変名詞,抽象物,,juman
手首,てくび,tekubi,普通名詞,動物-部位,,juman
手癖,てくせ,tekuse,普通名詞,抽象物,,manual
手間,てま,tema,普通名詞,時間,,juman
手前,てまえ,temae,普通名詞,場所-機能;抽象物,,juman
手前みそ,てまえみそ,temaemiso,普通名詞,抽象物,,juman
手招き,てまねき,temaneki,サ変名詞,抽象物,,juman
手回り,てまわり,temawari,普通名詞,抽象物,家庭・暮らし,juman
手回し,てまわし,temawashi,サ変名詞,抽象物,,juman
手短,てみじか,temijika,ナ形容詞,,,juman
手持ち,てもち,temochi,普通名詞,抽象物,,juman
手元,てもと,temoto,普通名詞,場所-その他,,juman
天,てん,ten,普通名詞,場所-自然,,manual
手並み,てなみ,tenami,普通名詞,抽象物,,juman
手直し,てなおし,tenaoshi,サ変名詞,抽象物,,juman
手習い,てならい,tenarai,サ変名詞,抽象物,文化・芸術;教育・学習,juman
天馬,てんば,tenba,普通名詞,動物,文化・芸術,juman
天引き,てんびき,tenbiki,サ変名詞,抽象物,家庭・暮らし;ビジネス,juman
天秤,てんびん,tenbin,普通名詞,人工物-その他,,juman
展望,てんぼう,tenbo,サ変名詞,抽象物,,manual
天地,てんち,tenchi,普通名詞,場所-自然;場所-その他;抽象物,,juman
店長,てんちょう,tencho,普通名詞,人,ビジネス,juman
天丼,てんどん,tendon,普通名詞,人工物-食べ物,料理・食事,juman
天国,てんごく,tengoku,普通名詞,場所-その他,,juman
天狗,てんぐ,tengu,普通名詞,人,文化・芸術,juman
天草,てんぐさ,tengusa,普通名詞,植物,,juman
店員,てんいん,tenin,普通名詞,人,ビジネス,juman
点字,てんじ,tenji,普通名詞,抽象物,家庭・暮らし;教育・学習,juman
天神,てんじん,tenjin,普通名詞,人,文化・芸術,juman
天上,てんじょう,tenjo,サ変名詞,場所-自然,文化・芸術,juman
天寿,てんじゅ,tenju,普通名詞,時間,,juman
天下,てんか,tenka,普通名詞,場所-その他,,juman
展開,てんかい,tenkai,サ変名詞,抽象物,,manual
転換,てんかん,tenkan,サ変名詞,抽象物,,manual
点検,てんけん,tenken,サ変名詞,抽象物,,manual
天気,てんき,tenki,普通名詞,抽象物,,manual
転校,てんこう,tenko,サ変名詞,抽象物,教育・学習,juman
篆刻,てんこく,tenkoku,サ変名詞,抽象物,文化・芸術,juman
天空,てんくう,tenku,普通名詞,場所-自然,,juman
転居,てんきょ,tenkyo,サ変名詞,抽象物,家庭・暮らし,juman
天球,てんきゅう,tenkyu,普通名詞,場所-その他,,juman
天窓,てんまど,tenmado,普通名詞,場所-施設部位,家庭・暮らし,juman
天幕,てんまく,tenmaku,普通名詞,人工物-その他,,juman
天満宮,てんまんぐう,tenmangu,普通名詞,組織・団体;場所-施設,文化・芸術,juman
伝馬船,てんません,tenmasen,普通名詞,人工物-乗り物,,juman
天命,てんめい,tenmei,普通名詞,抽象物,,manual
点滅,てんめつ,tenmetsu,サ変名詞,抽象物,,manual
天文,てんもん,tenmon,普通名詞,抽象物,教育・学習,juman
天然,てんねん,tennen,普通名詞,抽象物,,manual
天人,てんにん,tennin,普通名詞,人,文化・芸術,juman
天王星,てんのうせい,tennosei,普通名詞,自然物,,juman
天王山,てんのうざん,tennozan,普通名詞,場所-その他;時間,,juman
天女,てんにょ,tennyo,普通名詞,人,文化・芸術,juman
転入,てんにゅう,tennyu,サ変名詞,抽象物,教育・学習;政治,juman
手の内,てのうち,tenochi,普通名詞,抽象物,,juman
手の平,てのひら,tenohira,普通名詞,動物-部位,,juman
手の甲,てのこう,tenoko,普通名詞,動物-部位,,juman
典範,てんぱん,tenpan,普通名詞,抽象物,文化・芸術;政治,juman
天変,てんぺん,tenpen,普通名詞,抽象物,,manual
天火,てんぴ,tenpi,普通名詞,抽象物,料理・食事,juman
店舗,てんぽ,tenpo,普通名詞,場所-施設,ビジネス,juman
転覆,てんぷく,tenpuku,サ変名詞,抽象物,交通,juman
天麩羅,てんぷら,tenpura,普通名詞,人工物-食べ物,料理・食事,juman
転落,てんらく,tenraku,サ変名詞,抽象物,,manual
展覧,てんらん,tenran,サ変名詞,抽象物,文化・芸術,juman
天領,てんりょう,tenryo,普通名詞,場所-その他,政治,juman
天才,てんさい,tensai,普通名詞,人,,juman
添削,てんさく,tensaku,サ変名詞,抽象物,教育・学習,juman
転籍,てんせき,tenseki,サ変名詞,抽象物,教育・学習;政治,juman
点線,てんせん,tensen,普通名詞,形・模様,,juman
天使,てんし,tenshi,普通名詞,人,,juman
天心,てんしん,tenshin,普通名詞,場所-機能,文化・芸術,juman
天主,てんしゅ,tenshu,普通名詞,人,文化・芸術,juman
天守閣,てんしゅかく,tenshukaku,普通名詞,場所-施設,,juman
転出,てんしゅつ,tenshutsu,サ変名詞,抽象物,家庭・暮らし,juman
転送,てんそう,tenso,サ変名詞,抽象物,,manual
天体,てんたい,tentai,普通名詞,自然物,,juman
天敵,てんてき,tenteki,普通名詞,動物,,juman
てんてこ舞い,てんてこまい,tentekomai,サ変名詞,抽象物,,juman
転轍機,てんてつき,tentetsuki,普通名詞,人工物-その他,交通,juman
店頭,てんとう,tento,普通名詞,場所-その他,ビジネス,juman
てんとう虫,てんとうむし,tentomushi,普通名詞,動物,,juman
点取り虫,てんとりむし,tentorimushi,普通名詞,抽象物,教育・学習,juman
手拭い,てぬぐい,tenugui,普通名詞,人工物-その他,家庭・暮らし,juman
手抜かり,てぬかり,tenukari,普通名詞,抽象物,,juman
手抜き,てぬき,tenuki,普通名詞,抽象物,,juman
手ぬるい,てぬるい,tenurui,イ形容詞,,,juman
点訳,てんやく,tenyaku,サ変名詞,抽象物,家庭・暮らし,juman
てんやわんや,てんやわんや,tenyawanya,普通名詞,抽象物,,juman
手落ち,ておち,teochi,普通名詞,抽象物,,juman
手負い,ておい,teoi,普通名詞,抽象物,,juman
手桶,ておけ,teoke,普通名詞,人工物-その他,家庭・暮らし,juman
手遅れ,ておくれ,teokure,ナ形容詞,,,juman
手織り,ており,teori,普通名詞,人工物-その他;抽象物,,juman
鉄板,てっぱん,teppan,普通名詞,人工物-その他,,juman
鉄壁,てっぺき,teppeki,普通名詞,場所-施設部位,,juman
鉄片,てっぺん,teppen,普通名詞,人工物-その他,,juman
鉄筆,てっぴつ,teppitsu,普通名詞,人工物-その他,文化・芸術,juman
鉄砲,てっぽう,teppo,普通名詞,人工物-その他,,juman
寺,てら,tera,普通名詞,場所-施設,文化・芸術,juman
寺子屋,てらこや,terakoya,普通名詞,場所-施設,教育・学習,juman
照らす,てらす,terasu,動詞,,,juman
照れ隠し,てれかくし,terekakushi,サ変名詞,抽象物,,juman
照れる,てれる,tereru,動詞,,,juman
照り返し,てりかえし,terikaeshi,サ変名詞,抽象物,,juman
照り焼き,てりやき,teriyaki,普通名詞,人工物-食べ物,料理・食事,juman
照る,てる,teru,動詞,,,juman
照る照る坊主,てるてるぼうず,teruterubozu,普通名詞,人工物-その他,家庭・暮らし,juman
手提げ,てさげ,tesage,普通名詞,人工物-その他,,juman
手探り,てさぐり,tesaguri,サ変名詞,抽象物,,juman
手先,てさき,tesaki,普通名詞,動物-部位;抽象物,,juman
手製,てせい,tesei,普通名詞,抽象物,料理・食事,juman
手下,てした,teshita,普通名詞,人,,juman
手相,てそう,teso,普通名詞,抽象物,文化・芸術,juman
鉄柵,てっさく,tessaku,普通名詞,人工物-その他,,juman
鉄線,てっせん,tessen,普通名詞,人工物-その他,,juman
撤収,てっしゅう,tesshu,サ変名詞,抽象物,,manual
鉄則,てっそく,tessoku,普通名詞,抽象物,,manual
手数,てすう,tesu,普通名詞,抽象物,,manual
手漉き,てすき,tesuki,普通名詞,抽象物,,juman
手摺り,てすり,tesuri,普通名詞,場所-施設部位,,juman
鉄柱,てっちゅう,tetchu,普通名詞,場所-施設部位,,juman
鉄,てつ,tetsu,普通名詞,自然物,,juman
鉄瓶,てつびん,tetsubin,普通名詞,人工物-その他,,juman
鉄棒,てつぼう,tetsubo,普通名詞,人工物-その他,レクリエーション;教育・学習,juman
鉄分,てつぶん,tetsubun,普通名詞,自然物,料理・食事,juman
鉄道,てつどう,tetsudo,普通名詞,組織・団体;人工物-その他,交通,juman
哲学,てつがく,tetsugaku,普通名詞,抽象物,教育・学習;科学・技術,juman
鉄人,てつじん,tetsujin,普通名詞,人,,juman
鉄条網,てつじょうもう,tetsujomo,普通名詞,人工物-その他,,juman
手付かず,てつかず,tetsukazu,普通名詞,抽象物,,juman
手付け,てつけ,tetsuke,普通名詞,人工物-金銭;抽象物,,juman
手付け金,てつけきん,tetsukekin,普通名詞,人工物-金銭,家庭・暮らし;ビジネス,juman
手付き,てつき,tetsuki,普通名詞,抽象物,,juman
徹夜,てつや,tetsuya,サ変名詞,抽象物,家庭・暮らし;教育・学習,juman
鉄材,てつざい,tetsuzai,普通名詞,人工物-その他,科学・技術,juman
手続き,てつづき,tetsuzuki,サ変名詞,抽象物,,juman
撤退,てったい,tettai,サ変名詞,抽象物,,manual
徹底,てってい,tettei,サ変名詞,抽象物,,manual
鉄塔,てっとう,tetto,普通名詞,場所-施設,,juman
手打ち,てうち,teuchi,普通名詞,抽象物,料理・食事,juman
手薄,てうす,teusu,ナ形容詞,,,juman
手分け,てわけ,tewake,サ変名詞,抽象物,,juman
手役,てやく,teyaku,普通名詞,抽象物,レクリエーション,juman
手触り,てざわり,tezawari,普通名詞,抽象物,,juman
手狭,てぜま,tezema,ナ形容詞,,,juman
手掴み,てづかみ,tezukami,サ変名詞,抽象物,,juman
手作り,てづくり,tezukuri,サ変名詞,抽象物,,juman
手詰まり,てづまり,tezumari,普通名詞,抽象物,,juman
投網,とあみ,toami,普通名詞,人工物-その他,,juman
答案,とうあん,toan,普通名詞,抽象物,教育・学習,juman
遠浅,とおあさ,toasa,普通名詞,抽象物,,manual
当番,とうばん,toban,普通名詞,人;抽象物,教育・学習;ビジネス,juman
飛ばす,とばす,tobasu,動詞,,,juman
とばっちり,とばっちり,tobatchiri,普通名詞,抽象物,,juman
鳶,とび,tobi,普通名詞,動物,,juman
跳び箱,とびばこ,tobibako,普通名詞,人工物-その他,教育・学習,juman
飛び道具,とびどうぐ,tobidogu,普通名詞,人工物-その他,,juman
鳶口,とびぐち,tobiguchi,普通名詞,人工物-その他,,juman
飛び火,とびひ,tobihi,サ変名詞,抽象物,,juman
飛び入り,とびいり,tobiiri,サ変名詞,抽象物,,juman
鳶色,とびいろ,tobiiro,普通名詞,色,,juman
飛び石,とびいし,tobiishi,普通名詞,自然物,,juman
飛び級,とびきゅう,tobikyu,サ変名詞,抽象物,教育・学習,juman
扉,とびら,tobira,普通名詞,場所-施設,,juman
鳶職,とびしょく,tobishoku,普通名詞,人,,juman
飛魚,とびうお,tobiuo,普通名詞,動物,料理・食事,juman
逃亡,とうぼう,tobo,サ変名詞,抽象物,,manual
遠ぼえ,とおぼえ,toboe,普通名詞,抽象物,,juman
とぼける,とぼける,tobokeru,動詞,,,juman
乏しい,とぼしい,toboshii,イ形容詞,,,juman
頭部,とうぶ,tobu,普通名詞,動物-部位,,juman
等分,とうぶん,tobun,サ変名詞,抽象物,,manual
到着,とうちゃく,tochaku,サ変名詞,抽象物,,manual
父ちゃん,とうちゃん,tochan,普通名詞,人,家庭・暮らし,juman
当地,とうち,tochi,普通名詞,場所-その他,,juman
都庁,とちょう,tocho,普通名詞,組織・団体;場所-施設,政治,juman
当直,とうちょく,tochoku,サ変名詞,人;抽象物,教育・学習;ビジネス,juman
途中,とちゅう,tochu,時相名詞,抽象物,,manual
投打,とうだ,toda,普通名詞,抽象物,スポーツ,juman
灯台,とうだい,todai,普通名詞,人工物-その他,交通,juman
灯台守,とうだいもり,todaimori,普通名詞,人,,juman
登壇,とうだん,todan,サ変名詞,抽象物,,manual
戸棚,とだな,todana,普通名詞,人工物-その他,家庭・暮らし,juman
遠出,とおで,tode,サ変名詞,抽象物,,manual
都電,とでん,toden,普通名詞,人工物-乗り物,交通,juman
海馬,とど,todo,普通名詞,動物,,juman
都道府県,とどうふけん,todofuken,普通名詞,組織・団体;場所-その他,政治,juman
届ける,とどける,todokeru,動詞,,,juman
滞る,とどこおる,todokoru,動詞,,,juman
届く,とどく,todoku,動詞,,,juman
止まる,とどまる,todomaru,動詞,,,juman
止める,とどめる,todomeru,動詞,,,juman
頭取,とうどり,todori,普通名詞,人,ビジネス,juman
轟く,とどろく,todoroku,動詞,,,juman
投影,とうえい,toei,サ変名詞,抽象物,,manual
遠縁,とおえん,toen,普通名詞,人,,juman
豆腐,とうふ,tofu,普通名詞,人工物-食べ物,料理・食事,juman
都府県,とふけん,tofuken,普通名詞,場所-その他,政治,juman
ト書き,とがき,togaki,普通名詞,抽象物,文化・芸術,juman
咎める,とがめる,togameru,動詞,,,juman
唐辛子,とうがらし,togarashi,普通名詞,植物;人工物-食べ物,料理・食事,juman
尖る,とがる,togaru,動詞,,,juman
峠,とうげ,toge,普通名詞,場所-自然,,juman
陶芸,とうげい,togei,普通名詞,抽象物,文化・芸術,juman
遂げる,とげる,togeru,動詞,,,juman
とげとげしい,とげとげしい,togetogeshii,イ形容詞,,,juman
都議,とぎ,togi,普通名詞,人,政治,juman
等号,とうごう,togo,普通名詞,抽象物,教育・学習,juman
東国,とうごく,togoku,普通名詞,場所-その他,,juman
研ぐ,とぐ,togu,動詞,,料理・食事,juman
戸口,とぐち,toguchi,普通名詞,場所-施設部位,,juman
とぐろ,とぐろ,toguro,普通名詞,抽象物,,juman
戸車,とぐるま,toguruma,普通名詞,人工物-その他,,juman
闘牛,とうぎゅう,togyu,普通名詞,抽象物,レクリエーション,juman
党派,とうは,toha,普通名詞,組織・団体,政治,juman
頭髪,とうはつ,tohatsu,普通名詞,動物-部位,,juman
党費,とうひ,tohi,普通名詞,人工物-金銭,政治,juman
当方,とうほう,toho,普通名詞,場所-その他,,juman
東北,とうほく,tohoku,普通名詞,場所-機能,,juman
東北東,とうほくとう,tohokuto,普通名詞,場所-機能,,juman
謄本,とうほん,tohon,普通名詞,抽象物,家庭・暮らし;政治,juman
問,とい,toi,普通名詞,抽象物,,juman
吐息,といき,toiki,サ変名詞,抽象物,,manual
党員,とういん,toin,普通名詞,人,政治,juman
砥石,といし,toishi,普通名詞,自然物,,juman
統一,とういつ,toitsu,サ変名詞,抽象物,,manual
冬至,とうじ,toji,時相名詞,時間,,juman
陶磁器,とうじき,tojiki,普通名詞,人工物-その他,文化・芸術;料理・食事,juman
戸締まり,とじまり,tojimari,サ変名詞,抽象物,家庭・暮らし,juman
綴じる,とじる,tojiru,動詞,,,juman
当日,とうじつ,tojitsu,時相名詞,時間,,juman
途上,とじょう,tojo,時相名詞,時間,,juman
灯火,とうか,toka,普通名詞,人工物-その他,家庭・暮らし,juman
都会,とかい,tokai,普通名詞,場所-その他,,juman
投函,とうかん,tokan,サ変名詞,抽象物,家庭・暮らし,juman
溶かす,とかす,tokasu,動詞,,,juman
時計,とけい,tokei,普通名詞,人工物-その他,家庭・暮らし,juman
時計回り,とけいまわり,tokeimawari,普通名詞,抽象物,,juman
刀剣,とうけん,token,普通名詞,人工物-その他,,juman
溶ける,とける,tokeru,動詞,,,juman
凍結,とうけつ,toketsu,サ変名詞,抽象物,,manual
朱鷺,とき,toki,普通名詞,動物,,juman
解きほぐす,ときほぐす,tokihogusu,動詞,,,juman
鴇色,ときいろ,tokiiro,普通名詞,色,,juman
ときめく,ときめく,tokimeku,動詞,,,juman
常磐,ときわ,tokiwa,普通名詞,自然物;抽象物,,juman
常磐木,ときわぎ,tokiwagi,普通名詞,植物,,juman
特科,とっか,tokka,普通名詞,抽象物,教育・学習,juman
取っ掛かり,とっかかり,tokkakari,普通名詞,抽象物,,juman
特権,とっけん,tokken,普通名詞,抽象物,,manual
突起,とっき,tokki,サ変名詞,抽象物,,manual
特効,とっこう,tokko,普通名詞,抽象物,,manual
特訓,とっくん,tokkun,普通名詞,抽象物,スポーツ;教育・学習,juman
特急,とっきゅう,tokkyu,普通名詞,人工物-乗り物,交通,juman
刀工,とうこう,toko,普通名詞,人,,juman
床上げ,とこあげ,tokoage,サ変名詞,抽象物,家庭・暮らし,juman
常夏,とこなつ,tokonatsu,普通名詞,抽象物,,manual
床の間,とこのま,tokonoma,普通名詞,場所-施設部位,家庭・暮らし,juman
所,ところ,tokoro,普通名詞,場所-機能,,juman
所書き,ところがき,tokorogaki,普通名詞,抽象物,家庭・暮らし,juman
心太,ところてん,tokoroten,普通名詞,人工物-食べ物,料理・食事,juman
とこしえ,とこしえ,tokoshie,普通名詞,抽象物,,juman
頭骨,とうこつ,tokotsu,普通名詞,動物-部位,,juman
床屋,とこや,tokoya,普通名詞,場所-施設,家庭・暮らし,juman
遠く,とおく,toku,普通名詞,抽象物,,juman
特売,とくばい,tokubai,サ変名詞,抽象物,家庭・暮らし;ビジネス,juman
特別,とくべつ,tokubetsu,ナ形容詞,,,juman
特徴,とくちょう,tokucho,普通名詞,抽象物,,manual
得度,とくど,tokudo,サ変名詞,抽象物,文化・芸術,juman
特技,とくぎ,tokugi,普通名詞,抽象物,,manual
特派員,とくはいん,tokuhain,普通名詞,人,メディア,juman
読本,とくほん,tokuhon,普通名詞,人工物-その他;抽象物,文化・芸術;教育・学習,juman
得意,とくい,tokui,ナ形容詞,,,juman
得意先,とくいさき,tokuisaki,普通名詞,人,ビジネス,juman
匿名,とくめい,tokumei,普通名詞,抽象物,,manual
徳利,とくり,tokuri,普通名詞,人工物-その他,料理・食事,juman
特産,とくさん,tokusan,普通名詞,人工物-その他,,juman
特撮,とくさつ,tokusatsu,普通名詞,抽象物,文化・芸術;メディア,juman
特製,とくせい,tokusei,サ変名詞,抽象物,,manual
特使,とくし,tokushi,普通名詞,人,政治,juman
特色,とくしょく,tokushoku,普通名詞,抽象物,,manual
特殊,とくしゅ,tokushu,ナ形容詞,,,juman
特捜部,とくそうぶ,tokusobu,普通名詞,組織・団体,政治,juman
特定,とくてい,tokutei,サ変名詞,抽象物,,manual
得点,とくてん,tokuten,サ変名詞,抽象物,スポーツ,juman
徳用,とくよう,tokuyo,ナ形容詞,,,juman
特有,とくゆう,tokuyu,ナ形容詞,,,juman
当局,とうきょく,tokyoku,普通名詞,組織・団体,,juman
徒競走,ときょうそう,tokyoso,普通名詞,抽象物,スポーツ;教育・学習,juman
投球,とうきゅう,tokyu,サ変名詞,抽象物,スポーツ,juman
戸前,とまえ,tomae,普通名詞,場所-その他,,juman
遠巻き,とおまき,tomaki,普通名詞,抽象物,,juman
泊まれる,とまれる,tomareru,動詞,,家庭・暮らし;レクリエーション,juman
泊まり掛け,とまりがけ,tomarigake,普通名詞,抽象物,家庭・暮らし,juman
止まり木,とまりぎ,tomarigi,普通名詞,人工物-その他,,juman
止まる,とまる,tomaru,動詞,,,juman
遠回り,とおまわり,tomawari,サ変名詞,抽象物,,juman
遠回し,とおまわし,tomawashi,ナ形容詞,,,juman
留め針,とめばり,tomebari,普通名詞,人工物-その他,家庭・暮らし,juman
止め処,とめど,tomedo,普通名詞,抽象物,,juman
留め金,とめがね,tomegane,普通名詞,人工物-その他,,juman
留め具,とめぐ,tomegu,普通名詞,人工物-その他,,juman
透明,とうめい,tomei,ナ形容詞,,,juman
当面,とうめん,tomen,時相名詞,抽象物;時間,,juman
泊めれる,とめれる,tomereru,動詞,,家庭・暮らし,juman
止める,とめる,tomeru,動詞,,,juman
富,とみ,tomi,普通名詞,人工物-金銭,,juman
富籤,とみくじ,tomikuji,普通名詞,人工物-その他,レクリエーション,juman
島民,とうみん,tomin,普通名詞,人,,juman
供,とも,tomo,普通名詞,人;抽象物,,juman
共働き,ともばたらき,tomobataraki,サ変名詞,抽象物,家庭・暮らし,juman
友達,ともだち,tomodachi,普通名詞,人,家庭・暮らし,juman
共倒れ,ともだおれ,tomodaore,サ変名詞,抽象物,,juman
共食い,ともぐい,tomogui,サ変名詞,抽象物,,juman
伴う,ともなう,tomonau,動詞,,,juman
灯る,ともる,tomoru,動詞,,,juman
灯し火,ともしび,tomoshibi,普通名詞,抽象物,家庭・暮らし,juman
点す,ともす,tomosu,動詞,,,juman
纜,ともづな,tomozuna,普通名詞,人工物-その他,交通,juman
弔う,とむらう,tomurau,動詞,,文化・芸術;家庭・暮らし,juman
灯明,とうみょう,tomyo,普通名詞,抽象物,文化・芸術;家庭・暮らし,juman
唐音,とうおん,ton,普通名詞,抽象物,教育・学習,juman
唱える,となえる,tonaeru,動詞,,,juman
東南,とうなん,tonan,普通名詞,場所-機能,,juman
隣り,となり,tonari,普通名詞,場所-その他,,juman
隣組,となりぐみ,tonarigumi,普通名詞,組織・団体,政治,juman
隣町,となりまち,tonarimachi,普通名詞,場所-その他,,juman
蜻蛉,とんぼ,tonbo,普通名詞,動物,,juman
とんぼ返り,とんぼがえり,tonbogaeri,サ変名詞,抽象物,スポーツ;交通,juman
頓知,とんち,tonchi,普通名詞,抽象物,,manual
とんでもない,とんでもない,tondemonai,イ形容詞,,,juman
当年,とうねん,tonen,時相名詞,時間,,juman
尖んがる,とんがる,tongaru,動詞,,,juman
当人,とうにん,tonin,普通名詞,人,,juman
とん着,とんじゃく,tonjaku,サ変名詞,抽象物,,juman
豚汁,とんじる,tonjiru,普通名詞,人工物-食べ物,料理・食事,juman
殿,との,tono,普通名詞,人,,juman
疾うの昔,とうのむかし,tonomukashi,普通名詞,時間,,juman
遠乗り,とおのり,tonori,サ変名詞,抽象物,,juman
殿様,とのさま,tonosama,普通名詞,人,政治,juman
とんとん,とんとん,tonton,ナ形容詞,,,juman
問屋,とんや,tonya,普通名詞,場所-施設,ビジネス,juman
豆乳,とうにゅう,tonyu,普通名詞,人工物-食べ物;自然物,料理・食事,juman
突破,とっぱ,toppa,サ変名詞,抽象物,,manual
突発,とっぱつ,toppatsu,サ変名詞,抽象物,,manual
突飛,とっぴ,toppi,ナ形容詞,,,juman
虎,とら,tora,普通名詞,動物,,juman
捕らえる,とらえる,toraeru,動詞,,,juman
渡来,とらい,torai,サ変名詞,抽象物,交通,juman
当落,とうらく,toraku,普通名詞,抽象物,文化・芸術;政治,juman
虎の子,とらのこ,toranoko,普通名詞,人工物-金銭,,juman
虎の巻,とらのまき,toranomaki,普通名詞,人工物-その他;抽象物,教育・学習,juman
捕らわれる,とらわれる,torawareru,動詞,,,juman
取れる,とれる,toreru,動詞,,,juman
鳥,とり,tori,普通名詞,動物,,juman
通り雨,とおりあめ,toriame,普通名詞,抽象物,,juman
砦,とりで,toride,普通名詞,場所-施設,,juman
取り柄,とりえ,torie,普通名詞,抽象物,,juman
通り掛かり,とおりがかり,torigakari,普通名詞,抽象物,,juman
鳥小屋,とりごや,torigoya,普通名詞,場所-施設,,juman
取引先,とりひきさき,torihikisaki,普通名詞,組織・団体,ビジネス,juman
鳥居,とりい,torii,普通名詞,場所-施設,文化・芸術,juman
取り入れ口,とりいれぐち,toriireguchi,普通名詞,場所-その他,,juman
取り舵,とりかじ,torikaji,普通名詞,抽象物,交通,juman
虜,とりこ,toriko,普通名詞,人,,juman
取り口,とりくち,torikuchi,普通名詞,抽象物,スポーツ,juman
通り道,とおりみち,torimichi,普通名詞,場所-その他,,juman
鳥肉,とりにく,toriniku,普通名詞,人工物-食べ物,料理・食事,juman
酉の市,とりのいち,torinoichi,普通名詞,抽象物,家庭・暮らし,juman
取りのける,とりのける,torinokeru,動詞,,,juman
通りすがり,とおりすがり,torisugari,普通名詞,抽象物,,juman
都立,とりつ,toritsu,普通名詞,抽象物,教育・学習;ビジネス;政治,juman
取りざた,とりざた,torizata,サ変名詞,抽象物,,juman
灯籠,とうろう,toro,普通名詞,人工物-その他,文化・芸術,juman
とろ火,とろび,torobi,普通名詞,自然物,料理・食事,juman
とろい,とろい,toroi,イ形容詞,,,juman
蕩ける,とろける,torokeru,動詞,,,juman
登録,とうろく,toroku,サ変名詞,抽象物,,manual
とろみ,とろみ,toromi,普通名詞,抽象物,料理・食事,juman
討論,とうろん,toron,サ変名詞,抽象物,,manual
薯蕷,とろろ,tororo,普通名詞,人工物-食べ物,料理・食事,juman
通る,とおる,toru,動詞,,,juman
棟梁,とうりょう,toryo,普通名詞,人,,juman
とさか,とさか,tosaka,普通名詞,動物-部位,,juman
父さん,とうさん,tosan,普通名詞,人,家庭・暮らし,juman
投石,とうせき,toseki,サ変名詞,抽象物,,manual
当選,とうせん,tosen,サ変名詞,抽象物,文化・芸術;政治,juman
通せん坊,とおせんぼ,tosenbo,サ変名詞,抽象物,,juman
当社,とうしゃ,tosha,普通名詞,組織・団体,ビジネス,juman
謄写版,とうしゃばん,toshaban,普通名詞,人工物-その他,文化・芸術,juman
年,とし,toshi,時相名詞,時間,,juman
年明け,としあけ,toshiake,普通名詞,時間,,juman
年子,としご,toshigo,普通名詞,人,家庭・暮らし,juman
年頃,としごろ,toshigoro,普通名詞,時間,,juman
年越し,としこし,toshikoshi,サ変名詞,抽象物,家庭・暮らし,juman
灯心,とうしん,toshin,普通名詞,人工物-その他,,juman
年半,としなか,toshinaka,普通名詞,時間,,juman
年の功,としのこう,toshinoko,普通名詞,抽象物,,juman
年のころ,としのころ,toshinokoro,普通名詞,時間,,juman
年の暮れ,としのくれ,toshinokure,時相名詞,時間,,juman
年の瀬,としのせ,toshinose,時相名詞,時間,,juman
年女,としおんな,toshionna,普通名詞,人,家庭・暮らし,juman
年男,としおとこ,toshiotoko,普通名詞,人,家庭・暮らし,juman
年下,としした,toshishita,普通名詞,抽象物,,manual
糖質,とうしつ,toshitsu,普通名詞,自然物,料理・食事,juman
年上,としうえ,toshiue,普通名詞,抽象物,,manual
年若,としわか,toshiwaka,ナ形容詞,,,juman
年寄り,としより,toshiyori,普通名詞,人,,juman
島嶼,とうしょ,tosho,普通名詞,場所-自然,,juman
党首,とうしゅ,toshu,普通名詞,人,政治,juman
逃走,とうそう,toso,サ変名詞,抽象物,,manual
咄嗟,とっさ,tossa,普通名詞,時間,,juman
突進,とっしん,tosshin,サ変名詞,抽象物,,manual
突出,とっしゅつ,tosshutsu,サ変名詞,抽象物,,manual
通す,とおす,tosu,動詞,,,juman
統帥,とうすい,tosui,サ変名詞,人,政治,juman
途端,とたん,totan,時相名詞,時間,,juman
到達,とうたつ,totatsu,サ変名詞,抽象物,,manual
とっちめる,とっちめる,totchimeru,動詞,,,juman
徒弟,とてい,totei,普通名詞,人,教育・学習,juman
当店,とうてん,toten,普通名詞,場所-その他,ビジネス,juman
とてつもない,とてつもない,totetsumonai,イ形容詞,,,juman
徒党,ととう,toto,普通名詞,組織・団体,,juman
尊い,とうとい,totoi,イ形容詞,,,juman
整える,ととのえる,totonoeru,動詞,,,juman
整う,ととのう,totonou,動詞,,,juman
唐突,とうとつ,tototsu,ナ形容詞,,,juman
突撃,とつげき,totsugeki,サ変名詞,抽象物,,manual
嫁ぐ,とつぐ,totsugu,動詞,,家庭・暮らし,juman
凸面鏡,とつめんきょう,totsumenkyo,普通名詞,人工物-その他,,juman
突入,とつにゅう,totsunyu,サ変名詞,抽象物,,manual
突然,とつぜん,totsuzen,ナ形容詞,,,juman
突端,とったん,tottan,普通名詞,場所-その他,,juman
取っ手,とって,totte,普通名詞,場所-その他,,juman
突堤,とってい,tottei,普通名詞,場所-施設,,juman
取って置き,とっておき,totteoki,普通名詞,抽象物,,juman
とわ,とわ,towa,ナ形容詞,,,juman
当夜,とうや,toya,時相名詞,時間,,juman
東洋,とうよう,toyo,普通名詞,場所-その他,,juman
灯油,とうゆ,toyu,普通名詞,自然物,家庭・暮らし,juman
東西,とうざい,tozai,普通名詞,場所-機能,,juman
遠ざかる,とおざかる,tozakaru,動詞,,,juman
遠ざける,とおざける,tozakeru,動詞,,,juman
外様,とざま,tozama,普通名詞,人,,juman
登山,とざん,tozan,サ変名詞,抽象物,レクリエーション;スポーツ,juman
登山口,とざんぐち,tozanguchi,普通名詞,場所-その他,,juman
閉ざす,とざす,tozasu,動詞,,,juman
都税,とぜい,tozei,普通名詞,人工物-金銭,政治,juman
当然,とうぜん,tozen,ナ形容詞,,,juman
通,つう,tsu,ナ形容詞,,,juman
椿,つばき,tsubaki,普通名詞,植物,,juman
燕,つばめ,tsubame,普通名詞,動物,,juman
翼,つばさ,tsubasa,普通名詞,動物-部位,,juman
鍔迫り合い,つばぜりあい,tsubazeriai,サ変名詞,抽象物,,juman
壺,つぼ,tsubo,普通名詞,人工物-その他,,juman
つぼまる,つぼまる,tsubomaru,動詞,,,juman
つぼめる,つぼめる,tsubomeru,動詞,,,juman
蕾,つぼみ,tsubomi,普通名詞,植物-部位,,juman
つぼむ,つぼむ,tsubomu,動詞,,,juman
粒,つぶ,tsubu,普通名詞,形・模様,,juman
通分,つうぶん,tsubun,サ変名詞,抽象物,教育・学習,juman
つぶら,つぶら,tsubura,ナ形容詞,,,juman
潰れる,つぶれる,tsubureru,動詞,,,juman
瞑る,つぶる,tsuburu,動詞,,,juman
潰す,つぶす,tsubusu,動詞,,,juman
呟く,つぶやく,tsubuyaku,動詞,,,juman
粒選り,つぶより,tsubuyori,普通名詞,抽象物,,juman
粒揃い,つぶぞろい,tsubuzoroi,普通名詞,抽象物,,juman
土,つち,tsuchi,普通名詞,自然物,,juman
土埃,つちぼこり,tsuchibokori,普通名詞,自然物,,juman
土踏まず,つちふまず,tsuchifumazu,普通名詞,動物-部位,,juman
土偏,つちへん,tsuchihen,普通名詞,抽象物,教育・学習,juman
培う,つちかう,tsuchikau,動詞,,,juman
土煙,つちけむり,tsuchikemuri,普通名詞,自然物,,juman
槌音,つちおと,tsuchioto,普通名詞,抽象物,,manual
通帳,つうちょう,tsucho,普通名詞,人工物-金銭,家庭・暮らし,juman
都度,つど,tsudo,普通名詞,時間,,juman
集う,つどう,tsudou,動詞,,,juman
杖,つえ,tsue,普通名詞,人工物-その他,,juman
通風,つうふう,tsufu,サ変名詞,抽象物,家庭・暮らし,juman
つがい,つがい,tsugai,普通名詞,動物,,juman
通学,つうがく,tsugaku,サ変名詞,抽象物,教育・学習,juman
告げ口,つげぐち,tsugeguchi,サ変名詞,抽象物,,juman
告げる,つげる,tsugeru,動詞,,,juman
次,つぎ,tsugi,普通名詞,時間,,juman
継ぎ接ぎ,つぎはぎ,tsugihagi,サ変名詞,抽象物,,juman
接ぎ木,つぎき,tsugiki,サ変名詞,抽象物,,juman
つぎ込む,つぎこむ,tsugikomu,動詞,,,juman
継ぎ目,つぎめ,tsugime,普通名詞,場所-その他,,juman
告ぐ,つぐ,tsugu,動詞,,,juman
鶇,つぐみ,tsugumi,普通名詞,動物,,juman
つぐむ,つぐむ,tsugumu,動詞,,,juman
償う,つぐなう,tsugunau,動詞,,,juman
啄む,ついばむ,tsuibamu,動詞,,,juman
追弔,ついちょう,tsuicho,サ変名詞,抽象物,文化・芸術,juman
費える,ついえる,tsuieru,動詞,,,juman
対語,ついご,tsuigo,普通名詞,抽象物,教育・学習,juman
追肥,ついひ,tsuihi,普通名詞,人工物-その他,,juman
追加,ついか,tsuika,サ変名詞,抽象物,,manual
対句,ついく,tsuiku,普通名詞,抽象物,教育・学習,juman
追究,ついきゅう,tsuikyu,サ変名詞,抽象物,教育・学習;科学・技術,juman
通院,つういん,tsuin,サ変名詞,抽象物,健康・医学;家庭・暮らし,juman
墜落,ついらく,tsuiraku,サ変名詞,抽象物,交通,juman
追跡,ついせき,tsuiseki,サ変名詞,抽象物,,manual
追試,ついし,tsuishi,サ変名詞,抽象物,教育・学習,juman
追伸,ついしん,tsuishin,普通名詞,抽象物,,manual
追走,ついそう,tsuiso,サ変名詞,抽象物,スポーツ,juman
衝立,ついたて,tsuitate,普通名詞,人工物-その他,家庭・暮らし,juman
追悼,ついとう,tsuito,サ変名詞,抽象物,家庭・暮らし,juman
追突,ついとつ,tsuitotsu,サ変名詞,抽象物,交通,juman
費やす,ついやす,tsuiyasu,動詞,,,juman
辻,つじ,tsuji,普通名詞,場所-その他,,juman
つじつま,つじつま,tsujitsuma,普通名詞,抽象物,,juman
通常,つうじょう,tsujo,時相名詞,抽象物,,manual
塚,つか,tsuka,普通名詞,場所-その他,,juman
仕える,つかえる,tsukaeru,動詞,,,juman
使い出,つかいで,tsukaide,普通名詞,抽象物,,juman
使い道,つかいみち,tsukaimichi,普通名詞,抽象物,,juman
使い物,つかいもの,tsukaimono,普通名詞,抽象物,,juman
捕まえる,つかまえる,tsukamaeru,動詞,,,juman
掴まれる,つかまれる,tsukamareru,動詞,,,juman
捕まる,つかまる,tsukamaru,動詞,,,juman
掴める,つかめる,tsukameru,動詞,,,juman
掴む,つかむ,tsukamu,動詞,,,juman
痛感,つうかん,tsukan,サ変名詞,抽象物,,manual
束の間,つかのま,tsukanoma,普通名詞,時間,,juman
疲れる,つかれる,tsukareru,動詞,,,juman
浸かる,つかる,tsukaru,動詞,,,juman
司どる,つかさどる,tsukasadoru,動詞,,,juman
尽かす,つかす,tsukasu,動詞,,,juman
使う,つかう,tsukau,動詞,,,juman
遣わす,つかわす,tsukawasu,動詞,,,juman
付け目,つけめ,tsukeme,普通名詞,場所-その他,,juman
漬け物,つけもの,tsukemono,普通名詞,人工物-食べ物,料理・食事,juman
付け根,つけね,tsukene,普通名詞,場所-その他,,juman
付ける,つける,tsukeru,動詞,,,juman
付け焼き刃,つけやきば,tsukeyakiba,普通名詞,抽象物,,juman
月,つき,tsuki,時相名詞,自然物,,juman
付き人,つきびと,tsukibito,普通名詞,人,文化・芸術,juman
月ごと,つきごと,tsukigoto,時相名詞,時間,,juman
月日,つきひ,tsukihi,普通名詞,時間,,juman
付ききり,つききり,tsukikiri,普通名詞,抽象物,,juman
月見,つきみ,tsukimi,普通名詞,抽象物,,manual
付き物,つきもの,tsukimono,普通名詞,人工物-その他,,juman
月中,つきなか,tsukinaka,普通名詞,時間,,juman
月並み,つきなみ,tsukinami,ナ形容詞,,,juman
月後れ,つきおくれ,tsukiokure,普通名詞,時間,,juman
尽きる,つきる,tsukiru,動詞,,,juman
付添,つきそい,tsukisoi,サ変名詞,人;抽象物,健康・医学,juman
築山,つきやま,tsukiyama,普通名詞,場所-自然,,juman
月夜,つきよ,tsukiyo,普通名詞,抽象物,,manual
突き指,つきゆび,tsukiyubi,サ変名詞,抽象物,スポーツ;健康・医学,juman
月々,つきづき,tsukizuki,時相名詞,時間,,juman
つっかえる,つっかえる,tsukkaeru,動詞,,,juman
突っ支い,つっかい,tsukkai,サ変名詞,抽象物,,juman
つっけんどん,つっけんどん,tsukkendon,ナ形容詞,,,juman
通航,つうこう,tsuko,サ変名詞,抽象物,交通,juman
通告,つうこく,tsukoku,サ変名詞,抽象物,,manual
通行人,つうこうにん,tsukonin,普通名詞,人,交通,juman
付く,つく,tsuku,動詞,,,juman
佃煮,つくだに,tsukudani,普通名詞,人工物-食べ物,料理・食事,juman
机,つくえ,tsukue,普通名詞,人工物-その他,教育・学習;ビジネス,juman
旁,つくり,tsukuri,普通名詞,抽象物,教育・学習,juman
作り事,つくりごと,tsukurigoto,普通名詞,抽象物,,juman
作り手,つくりて,tsukurite,普通名詞,人,,juman
作り付け,つくりつけ,tsukuritsuke,普通名詞,抽象物,,juman
繕う,つくろう,tsukurou,動詞,,家庭・暮らし,juman
作る,つくる,tsukuru,動詞,,,juman
土筆,つくし,tsukushi,普通名詞,植物-部位;人工物-食べ物,料理・食事,juman
尽くす,つくす,tsukusu,動詞,,,juman
妻,つま,tsuma,普通名詞,人,家庭・暮らし,juman
つまびらか,つまびらか,tsumabiraka,ナ形容詞,,,juman
爪弾き,つまはじき,tsumahajiki,サ変名詞,抽象物,,juman
摘み食い,つまみぐい,tsumamigui,サ変名詞,抽象物,料理・食事,juman
摘まむ,つまむ,tsumamu,動詞,,料理・食事,juman
つまらない,つまらない,tsumaranai,イ形容詞,,,juman
詰まる,つまる,tsumaru,動詞,,料理・食事,juman
爪先,つまさき,tsumasaki,普通名詞,動物-部位,,juman
つまされる,つまされる,tsumasareru,動詞,,,juman
つましい,つましい,tsumashii,イ形容詞,,,juman
爪楊枝,つまようじ,tsumayoji,普通名詞,人工物-その他,料理・食事,juman
躓く,つまずく,tsumazuku,動詞,,,juman
爪,つめ,tsume,普通名詞,動物-部位,,juman
爪痕,つめあと,tsumeato,普通名詞,抽象物,,manual
詰め合わせ,つめあわせ,tsumeawase,普通名詞,人工物-その他,家庭・暮らし;料理・食事,juman
詰め襟,つめえり,tsumeeri,普通名詞,人工物-その他,教育・学習,juman
詰める,つめる,tsumeru,動詞,,,juman
詰め所,つめしょ,tsumesho,普通名詞,場所-施設,ビジネス,juman
冷たい,つめたい,tsumetai,イ形容詞,,,juman
積み木,つみき,tsumiki,普通名詞,人工物-その他,レクリエーション,juman
摘み草,つみくさ,tsumikusa,サ変名詞,抽象物,,juman
積み荷,つみに,tsumini,普通名詞,人工物-その他,,juman
積み残し,つみのこし,tsuminokoshi,サ変名詞,抽象物,,juman
積み降ろし,つみおろし,tsumioroshi,サ変名詞,抽象物,,juman
積立,つみたて,tsumitate,サ変名詞,抽象物,ビジネス;家庭・暮らし,juman
積もる,つもる,tsumoru,動詞,,,juman
摘む,つむ,tsumu,動詞,,,juman
紬,つむぎ,tsumugi,普通名詞,人工物-その他,,juman
紡ぐ,つむぐ,tsumugu,動詞,,家庭・暮らし,juman
つむじ,つむじ,tsumuji,普通名詞,動物-部位,,juman
つむじ風,つむじかぜ,tsumujikaze,普通名詞,抽象物,,juman
綱,つな,tsuna,普通名詞,人工物-その他,,juman
繋がる,つながる,tsunagaru,動詞,,,juman
繋げる,つなげる,tsunageru,動詞,,,juman
つなぎ,つなぎ,tsunagi,普通名詞,抽象物,料理・食事,juman
繋ぎ目,つなぎめ,tsunagime,普通名詞,場所-その他,,juman
綱具,つなぐ,tsunagu,普通名詞,人工物-その他,,juman
綱引き,つなひき,tsunahiki,サ変名詞,抽象物,スポーツ,juman
津波,つなみ,tsunami,普通名詞,抽象物,,manual
綱渡り,つなわたり,tsunawatari,サ変名詞,抽象物,,juman
常,つね,tsune,普通名詞,時間,,juman
常日頃,つねひごろ,tsunehigoro,時相名詞,時間,,juman
通年,つうねん,tsunen,時相名詞,時間,,juman
抓る,つねる,tsuneru,動詞,,,juman
つんのめる,つんのめる,tsunnomeru,動詞,,,juman
角,つの,tsuno,普通名詞,動物-部位,,juman
角笛,つのぶえ,tsunobue,普通名詞,人工物-その他,,juman
募る,つのる,tsunoru,動詞,,,juman
つんざける,つんざける,tsunzakeru,動詞,,,juman
つんざく,つんざく,tsunzaku,動詞,,,juman
面,つら,tsura,普通名詞,動物-部位,,juman
面当て,つらあて,tsuraate,普通名詞,抽象物,,juman
面構え,つらがまえ,tsuragamae,普通名詞,抽象物,,juman
辛い,つらい,tsurai,イ形容詞,,,juman
連なる,つらなる,tsuranaru,動詞,,,juman
連ねる,つらねる,tsuraneru,動詞,,,juman
貫く,つらぬく,tsuranuku,動詞,,,juman
面汚し,つらよごし,tsurayogoshi,普通名詞,抽象物,,juman
連れ合い,つれあい,tsureai,普通名詞,人,家庭・暮らし,juman
つれない,つれない,tsurenai,イ形容詞,,,juman
連れる,つれる,tsureru,動詞,,,juman
吊り上げ,つりあげ,tsuriage,普通名詞,抽象物,,juman
釣り針,つりばり,tsuribari,普通名詞,人工物-その他,レクリエーション,juman
吊り橋,つりばし,tsuribashi,普通名詞,場所-施設,交通,juman
釣り人,つりびと,tsuribito,普通名詞,人,レクリエーション,juman
釣り堀,つりぼり,tsuribori,普通名詞,場所-施設,レクリエーション,juman
釣り鐘,つりがね,tsurigane,普通名詞,人工物-その他,,juman
釣り具,つりぐ,tsurigu,普通名詞,人工物-その他,レクリエーション,juman
釣り糸,つりいと,tsuriito,普通名詞,人工物-その他,レクリエーション,juman
吊り革,つりかわ,tsurikawa,普通名詞,人工物-その他,交通,juman
釣り銭,つりせん,tsurisen,普通名詞,人工物-金銭,ビジネス,juman
吊り輪,つりわ,tsuriwa,普通名詞,抽象物,,juman
釣り竿,つりざお,tsurizao,普通名詞,人工物-その他,レクリエーション,juman
通路,つうろ,tsuro,普通名詞,場所-施設部位,,juman
鶴,つる,tsuru,普通名詞,動物,,juman
釣瓶,つるべ,tsurube,普通名詞,人工物-その他,,juman
鶴嘴,つるはし,tsuruhashi,普通名詞,人工物-その他,,juman
蔓草,つるくさ,tsurukusa,普通名詞,植物,,juman
つるむ,つるむ,tsurumu,動詞,,,juman
吊るす,つるす,tsurusu,動詞,,,juman
通算,つうさん,tsusan,サ変名詞,抽象物,,manual
通信,つうしん,tsushin,サ変名詞,抽象物,教育・学習;科学・技術;メディア,juman
通称,つうしょう,tsusho,普通名詞,抽象物,,manual
蔦,つた,tsuta,普通名詞,植物,,juman
伝える,つたえる,tsutaeru,動詞,,,juman
つたない,つたない,tsutanai,イ形容詞,,,juman
通達,つうたつ,tsutatsu,サ変名詞,抽象物,,manual
伝う,つたう,tsutau,動詞,,,juman
伝わる,つたわる,tsutawaru,動詞,,,juman
つて,つて,tsute,普通名詞,抽象物,,juman
勤まる,つとまる,tsutomaru,動詞,,ビジネス,juman
勤め人,つとめにん,tsutomenin,普通名詞,人,ビジネス,juman
努める,つとめる,tsutomeru,動詞,,,juman
勤め先,つとめさき,tsutomesaki,普通名詞,場所-その他,ビジネス,juman
筒,つつ,tsutsu,普通名詞,人工物-その他,,juman
つつがない,つつがない,tsutsuganai,イ形容詞,,,juman
つつじ,つつじ,tsutsuji,普通名詞,植物,,juman
突つく,つつく,tsutsuku,動詞,,,juman
つつましい,つつましい,tsutsumashii,イ形容詞,,,juman
堤,つつみ,tsutsumi,普通名詞,場所-施設,,juman
包み紙,つつみがみ,tsutsumigami,普通名詞,人工物-その他,,juman
包む,つつむ,tsutsumu,動詞,,,juman
筒抜け,つつぬけ,tsutsunuke,普通名詞,抽象物,,juman
津々浦々,つつうらうら,tsutsuraura,普通名詞,場所-その他,,juman
慎む,つつしむ,tsutsushimu,動詞,,,juman
筒そで,つつそで,tsutsusode,普通名詞,人工物-衣類,,juman
つわもの,つわもの,tsuwamono,普通名詞,人,政治,juman
つわり,つわり,tsuwari,普通名詞,抽象物,健康・医学;家庭・暮らし,juman
通夜,つや,tsuya,普通名詞,抽象物,文化・芸術;家庭・暮らし,juman
通訳,つうやく,tsuyaku,サ変名詞,人;抽象物,,juman
艶やか,つややか,tsuyayaka,ナ形容詞,,,juman
通用,つうよう,tsuyo,サ変名詞,抽象物,,manual
強火,つよび,tsuyobi,普通名詞,自然物,料理・食事,juman
通用口,つうようぐち,tsuyoguchi,普通名詞,場所-施設部位,家庭・暮らし,juman
強い,つよい,tsuyoi,イ形容詞,,,juman
強気,つよき,tsuyoki,ナ形容詞,,,juman
つゆ,つゆ,tsuyu,普通名詞,人工物-食べ物,料理・食事,juman
梅雨明け,つゆあけ,tsuyuake,サ変名詞,抽象物,,juman
梅雨入り,つゆいり,tsuyuiri,サ変名詞,抽象物,,juman
続ける,つづける,tsuzukeru,動詞,,,juman
続け様,つづけざま,tsuzukezama,普通名詞,抽象物,,juman
続き柄,つづきがら,tsuzukigara,普通名詞,抽象物,家庭・暮らし,juman
続き物,つづきもの,tsuzukimono,普通名詞,人工物-その他,文化・芸術;メディア,juman
続く,つづく,tsuzuku,動詞,,,juman
鼓,つづみ,tsuzumi,普通名詞,人工物-その他,文化・芸術,juman
葛籠,つづら,tsuzura,普通名詞,人工物-その他,,juman
葛折り,つづらおり,tsuzuraori,普通名詞,場所-その他,スポーツ,juman
乳母,うば,uba,普通名詞,人,,juman
奪う,うばう,ubau,動詞,,,juman
うぶ,うぶ,ubu,ナ形容詞,,,juman
産毛,うぶげ,ubuge,普通名詞,動物-部位,,juman
産着,うぶぎ,ubugi,普通名詞,人工物-衣類,家庭・暮らし,juman
産声,うぶごえ,ubugoe,普通名詞,抽象物,家庭・暮らし,juman
産湯,うぶゆ,ubuyu,普通名詞,抽象物,家庭・暮らし,juman
内,うち,uchi,普通名詞,場所-機能;抽象物,,juman
打ち止め,うちどめ,uchidome,普通名詞,抽象物,,juman
内掛け,うちがけ,uchigake,普通名詞,抽象物,スポーツ,juman
内側,うちがわ,uchigawa,普通名詞,場所-機能,,juman
内祝い,うちいわい,uchiiwai,普通名詞,人工物-その他;抽象物,家庭・暮らし,juman
打ち掛け,うちかけ,uchikake,普通名詞,人工物-衣類,レクリエーション;スポーツ;家庭・暮らし,juman
内気,うちき,uchiki,ナ形容詞,,,juman
打ち壊し,うちこわし,uchikowashi,サ変名詞,抽象物,,juman
内股,うちまた,uchimata,普通名詞,動物-部位;抽象物,スポーツ,juman
打ち身,うちみ,uchimi,普通名詞,抽象物,,juman
打ち水,うちみず,uchimizu,サ変名詞,抽象物,家庭・暮らし,juman
打ちのめす,うちのめす,uchinomesu,動詞,,,juman
内海,うちうみ,uchiumi,普通名詞,場所-自然,,juman
団扇,うちわ,uchiwa,普通名詞,人工物-その他,,juman
内訳,うちわけ,uchiwake,普通名詞,抽象物,,manual
内輪もめ,うちわもめ,uchiwamome,サ変名詞,抽象物,,juman
宇宙,うちゅう,uchu,普通名詞,場所-自然,,juman
右中間,うちゅうかん,uchukan,普通名詞,場所-機能,スポーツ,juman
うだれる,うだれる,udareru,動詞,,,juman
うだる,うだる,udaru,動詞,,,juman
腕,うで,ude,普通名詞,動物-部位,,juman
腕試し,うでだめし,udedameshi,サ変名詞,抽象物,,juman
腕組み,うでぐみ,udegumi,サ変名詞,抽象物,,juman
腕利き,うできき,udekiki,普通名詞,抽象物,,juman
腕比べ,うでくらべ,udekurabe,サ変名詞,抽象物,,juman
腕っ節,うでっぷし,udeppushi,普通名詞,動物-部位;抽象物,,juman
腕ずく,うでずく,udezuku,普通名詞,抽象物,,juman
腕相撲,うでずもう,udezumo,普通名詞,抽象物,レクリエーション,juman
うど,うど,udo,普通名詞,植物;人工物-食べ物,料理・食事,juman
うどん,うどん,udon,普通名詞,人工物-食べ物,料理・食事,juman
植木,うえき,ueki,普通名詞,植物,,juman
植木鉢,うえきばち,uekibachi,普通名詞,人工物-その他,,juman
植え込み,うえこみ,uekomi,普通名詞,場所-その他,,juman
植える,うえる,ueru,動詞,,,juman
含嗽,うがい,ugai,サ変名詞,抽象物,健康・医学;家庭・暮らし,juman
右岸,うがん,ugan,普通名詞,場所-自然,,juman
穿つ,うがつ,ugatsu,動詞,,,juman
右舷,うげん,ugen,普通名詞,人工物-その他;場所-機能,,juman
動かす,うごかす,ugokasu,動詞,,,juman
動く,うごく,ugoku,動詞,,,juman
蠢く,うごめく,ugomeku,動詞,,,juman
鶯,うぐいす,uguisu,普通名詞,動物,,juman
鴬色,うぐいすいろ,uguisuiro,普通名詞,色,,juman
右派,うは,uha,普通名詞,組織・団体,政治,juman
右辺,うへん,uhen,普通名詞,場所-その他,教育・学習,juman
初陣,ういじん,uijin,普通名詞,抽象物,スポーツ,juman
うじゃうじゃ,うじゃうじゃ,ujauja,サ変名詞,抽象物,,juman
氏,うじ,uji,普通名詞,抽象物,,juman
氏神,うじがみ,ujigami,普通名詞,人,文化・芸術,juman
氏子,うじこ,ujiko,普通名詞,人,文化・芸術,juman
うじうじ,うじうじ,ujiuji,サ変名詞,抽象物,,juman
羽化,うか,uka,サ変名詞,抽象物,,manual
浮かべる,うかべる,ukaberu,動詞,,,juman
浮かぶ,うかぶ,ukabu,動詞,,,juman
伺う,うかがう,ukagau,動詞,,,juman
鵜飼い,うかい,ukai,普通名詞,人;抽象物,,juman
ウ冠,うかんむり,ukanmuri,普通名詞,抽象物,教育・学習,juman
浮かれる,うかれる,ukareru,動詞,,,juman
受かる,うかる,ukaru,動詞,,教育・学習,juman
うかつ,うかつ,ukatsu,ナ形容詞,,,juman
受け答え,うけこたえ,ukekotae,サ変名詞,抽象物,,juman
受け身,うけみ,ukemi,ナ形容詞,,,juman
受ける,うける,ukeru,動詞,,,juman
承る,うけたまわる,uketamawaru,動詞,,,juman
受取,うけとり,uketori,普通名詞,抽象物,,manual
受付,うけつけ,uketsuke,普通名詞,抽象物,,manual
受け売り,うけうり,ukeuri,サ変名詞,抽象物,,juman
受け皿,うけざら,ukezara,普通名詞,人工物-その他;抽象物,,juman
雨季,うき,uki,時相名詞,時間,,juman
浮き彫り,うきぼり,ukibori,サ変名詞,抽象物,,juman
浮き袋,うきぶくろ,ukibukuro,普通名詞,動物-部位,,juman
浮き雲,うきぐも,ukigumo,普通名詞,自然物,,juman
浮き草,うきくさ,ukikusa,普通名詞,植物,,juman
憂き目,うきめ,ukime,普通名詞,抽象物,,juman
憂き身,うきみ,ukimi,普通名詞,抽象物,,juman
浮き沈み,うきしずみ,ukishizumi,サ変名詞,抽象物,,juman
浮き世,うきよ,ukiyo,普通名詞,抽象物,,juman
うっかり,うっかり,ukkari,サ変名詞,抽象物,,juman
浮く,うく,uku,動詞,,,juman
馬,うま,uma,普通名詞,動物,,juman
旨い,うまい,umai,イ形容詞,,料理・食事,juman
馬乗り,うまのり,umanori,サ変名詞,抽象物,,juman
生まれ故郷,うまれこきょう,umarekokyo,普通名詞,場所-その他,家庭・暮らし,juman
生まれる,うまれる,umareru,動詞,,,juman
埋まる,うまる,umaru,動詞,,,juman
梅,うめ,ume,普通名詞,植物;人工物-食べ物,料理・食事,juman
梅干し,うめぼし,umeboshi,普通名詞,人工物-食べ物,料理・食事,juman
呻き声,うめきごえ,umekigoe,普通名詞,抽象物,,juman
呻く,うめく,umeku,動詞,,,juman
埋め草,うめくさ,umekusa,普通名詞,抽象物,,juman
埋める,うめる,umeru,動詞,,,juman
海,うみ,umi,普通名詞,場所-自然,,juman
海辺,うみべ,umibe,普通名詞,場所-自然,,juman
海開き,うみびらき,umibiraki,サ変名詞,抽象物,レクリエーション,juman
海鳥,うみどり,umidori,普通名詞,動物,,juman
海亀,うみがめ,umigame,普通名詞,動物,,juman
海蛇,うみへび,umihebi,普通名詞,動物,,juman
海鳴り,うみなり,uminari,普通名詞,抽象物,,juman
海猫,うみねこ,umineko,普通名詞,動物,,juman
羽毛,うもう,umo,普通名詞,動物-部位,,juman
埋もれ木,うもれぎ,umoregi,普通名詞,植物,,juman
埋もれる,うもれる,umoreru,動詞,,,juman
生む,うむ,umu,動詞,,,juman
海原,うなばら,unabara,普通名詞,場所-その他,,juman
うなだれる,うなだれる,unadareru,動詞,,,juman
促す,うながす,unagasu,動詞,,,juman
鰻,うなぎ,unagi,普通名詞,動物;人工物-食べ物,料理・食事,juman
鰻登り,うなぎのぼり,unaginobori,普通名詞,抽象物,,juman
うなじ,うなじ,unaji,普通名詞,動物-部位,,juman
唸る,うなる,unaru,動詞,,,juman
魘される,うなされる,unasareru,動詞,,家庭・暮らし,juman
うんち,うんち,unchi,普通名詞,自然物,家庭・暮らし,juman
運賃,うんちん,unchin,普通名詞,人工物-金銭,交通,juman
雲泥,うんでい,undei,普通名詞,抽象物,,manual
運動,うんどう,undo,サ変名詞,抽象物,,manual
運動靴,うんどうぐつ,undogutsu,普通名詞,人工物-衣類,スポーツ;家庭・暮らし,juman
畝,うね,une,普通名詞,場所-その他,,juman
うねる,うねる,uneru,動詞,,,juman
運河,うんが,unga,普通名詞,場所-施設,交通,juman
雲丹,うに,uni,普通名詞,動物;人工物-食べ物,料理・食事,juman
雲海,うんかい,unkai,普通名詞,自然物,,juman
うんこ,うんこ,unko,普通名詞,自然物,家庭・暮らし,juman
運休,うんきゅう,unkyu,サ変名詞,抽象物,交通,juman
運命,うんめい,unmei,普通名詞,抽象物,,manual
雲母,うんも,unmo,普通名詞,自然物,科学・技術,juman
鵜呑み,うのみ,unomi,サ変名詞,抽象物,,juman
運搬,うんぱん,unpan,サ変名詞,抽象物,交通,juman
運筆,うんぴつ,unpitsu,普通名詞,抽象物,教育・学習,juman
運勢,うんせい,unsei,普通名詞,抽象物,文化・芸術,juman
運針,うんしん,unshin,普通名詞,抽象物,家庭・暮らし,juman
運送,うんそう,unso,サ変名詞,抽象物,交通,juman
雲水,うんすい,unsui,普通名詞,抽象物,,manual
運転,うんてん,unten,サ変名詞,抽象物,交通,juman
運転手,うんてんしゅ,untenshu,普通名詞,人,交通,juman
運輸,うんゆ,unyu,サ変名詞,抽象物,交通,juman
魚河岸,うおがし,uogashi,普通名詞,場所-その他,料理・食事,juman
魚市場,うおいちば,uoichiba,普通名詞,場所-その他,料理・食事,juman
右往左往,うおうさおう,uosao,サ変名詞,抽象物,,manual
浦,うら,ura,普通名詞,場所-自然,,juman
裏話,うらばなし,urabanashi,普通名詞,抽象物,,manual
裏盆,うらぼん,urabon,普通名詞,時間,文化・芸術;家庭・暮らし,juman
うらぶれる,うらぶれる,urabureru,動詞,,,juman
裏通り,うらどおり,uradori,普通名詞,場所-その他,交通,juman
裏書き,うらがき,uragaki,サ変名詞,抽象物,,juman
裏金,うらがね,uragane,普通名詞,人工物-金銭,,juman
裏切り者,うらぎりもの,uragirimono,普通名詞,人,,juman
裏口,うらぐち,uraguchi,普通名詞,場所-施設部位;抽象物,,juman
裏腹,うらはら,urahara,ナ形容詞,,,juman
裏地,うらじ,uraji,普通名詞,人工物-その他,家庭・暮らし,juman
裏白,うらじろ,urajiro,普通名詞,植物,,juman
裏方,うらかた,urakata,普通名詞,人,,juman
裏町,うらまち,uramachi,普通名詞,場所-その他,,juman
裏目,うらめ,urame,普通名詞,抽象物,,manual
恨めしい,うらめしい,urameshii,イ形容詞,,,juman
怨み,うらみ,urami,普通名詞,抽象物,,juman
裏道,うらみち,uramichi,普通名詞,場所-施設,交通,juman
裏門,うらもん,uramon,普通名詞,場所-施設,,juman
恨む,うらむ,uramu,動詞,,,juman
占師,うらないし,uranaishi,普通名詞,人,文化・芸術,juman
占う,うらなう,uranau,動詞,,,juman
裏庭,うらにわ,uraniwa,普通名詞,場所-施設部位,,juman
裏表,うらおもて,uraomote,普通名詞,抽象物,,manual
うららか,うららか,uraraka,ナ形容詞,,,juman
うら寂しい,うらさびしい,urasabishii,イ形容詞,,,juman
裏手,うらて,urate,普通名詞,場所-その他,,juman
裏打ち,うらうち,urauchi,サ変名詞,抽象物,,juman
うら若い,うらわかい,urawakai,イ形容詞,,,juman
裏山,うらやま,urayama,普通名詞,場所-自然,,juman
うらやましい,うらやましい,urayamashii,イ形容詞,,,juman
羨む,うらやむ,urayamu,動詞,,,juman
憂える,うれえる,ureeru,動詞,,,juman
売れっ子,うれっこ,urekko,普通名詞,人,,juman
売れる,うれる,ureru,動詞,,ビジネス,juman
嬉しい,うれしい,ureshii,イ形容詞,,,juman
嬉し泣き,うれしなき,ureshinaki,サ変名詞,抽象物,,juman
嬉し涙,うれしなみだ,ureshinamida,普通名詞,自然物,,juman
憂う,うれう,ureu,動詞,,,juman
瓜,うり,uri,普通名詞,植物;人工物-食べ物,料理・食事,juman
売り場,うりば,uriba,普通名詞,場所-施設,ビジネス,juman
瓜二つ,うりふたつ,urifutatsu,ナ形容詞,,,juman
売り子,うりこ,uriko,普通名詞,人,,juman
売り言葉,うりことば,urikotoba,普通名詞,抽象物,,juman
売り物,うりもの,urimono,普通名詞,人工物-その他,,juman
売り手,うりて,urite,普通名詞,人,ビジネス,juman
うろ覚え,うろおぼえ,uroboe,普通名詞,抽象物,,juman
鱗,うろこ,uroko,普通名詞,動物-部位,,juman
鱗雲,うろこぐも,urokogumo,普通名詞,抽象物,,manual
うろたえる,うろたえる,urotaeru,動詞,,,juman
うろつく,うろつく,urotsuku,動詞,,,juman
売る,うる,uru,動詞,,ビジネス,juman
粳,うるち,uruchi,普通名詞,植物;人工物-食べ物,料理・食事,juman
閏年,うるうどし,urudoshi,普通名詞,時間,,juman
潤める,うるめる,urumeru,動詞,,,juman
潤む,うるむ,urumu,動詞,,,juman
潤す,うるおす,uruosu,動詞,,,juman
潤う,うるおう,uruou,動詞,,,juman
煩がる,うるさがる,urusagaru,動詞,,,juman
煩型,うるさがた,urusagata,普通名詞,人,,juman
うるさい,うるさい,urusai,イ形容詞,,,juman
漆,うるし,urushi,普通名詞,植物,,juman
麗しい,うるわしい,uruwashii,イ形容詞,,,juman
憂さ晴らし,うさばらし,usabarashi,サ変名詞,抽象物,,juman
兎,うさぎ,usagi,普通名詞,動物,,juman
失せる,うせる,useru,動詞,,,juman
右折,うせつ,usetsu,サ変名詞,抽象物,交通,juman
牛,うし,ushi,普通名詞,動物,料理・食事,juman
牛蛙,うしがえる,ushigaeru,普通名詞,動物,,juman
牛偏,うしへん,ushihen,普通名詞,抽象物,教育・学習,juman
牛飼い,うしかい,ushikai,普通名詞,人,,juman
失う,うしなう,ushinau,動詞,,,juman
後ろ,うしろ,ushiro,普通名詞,場所-機能,,juman
後ろ足,うしろあし,ushiroashi,普通名詞,動物-部位,,juman
後ろ盾,うしろだて,ushirodate,普通名詞,抽象物,,juman
後ろ手,うしろで,ushirode,普通名詞,抽象物,,juman
後ろ髪,うしろがみ,ushirogami,普通名詞,動物-部位,,juman
後ろめたい,うしろめたい,ushirometai,イ形容詞,,,juman
後ろ向き,うしろむき,ushiromuki,ナ形容詞,,,juman
後ろ姿,うしろすがた,ushirosugata,普通名詞,形・模様,,juman
嘯く,うそぶく,usobuku,動詞,,,juman
臼,うす,usu,普通名詞,人工物-その他,料理・食事,juman
薄味,うすあじ,usuaji,普通名詞,抽象物,料理・食事,juman
薄日,うすび,usubi,普通名詞,抽象物,,manual
薄手,うすで,usude,ナ形容詞,,,juman
薄紙,うすがみ,usugami,普通名詞,人工物-その他,,juman
薄化粧,うすげしょう,usugesho,サ変名詞,抽象物,家庭・暮らし,juman
薄着,うすぎ,usugi,サ変名詞,抽象物,,manual
薄切り,うすぎり,usugiri,普通名詞,抽象物,料理・食事,juman
薄曇り,うすぐもり,usugumori,普通名詞,抽象物,,juman
雨水,うすい,usui,時相名詞,時間,,juman
薄暗がり,うすくらがり,usukuragari,普通名詞,場所-その他,,juman
薄緑,うすみどり,usumidori,普通名詞,色,,juman
羅,うすもの,usumono,普通名詞,人工物-その他,,juman
薄紫,うすむらさき,usumurasaki,普通名詞,色,,juman
薄っぺら,うすっぺら,usuppera,ナ形容詞,,,juman
薄墨,うすずみ,usuzumi,普通名詞,色,,juman
歌,うた,uta,普通名詞,抽象物,文化・芸術;レクリエーション,juman
歌合,うたあわせ,utaawase,普通名詞,抽象物,文化・芸術,juman
疑う,うたがう,utagau,動詞,,,juman
疑わしい,うたがわしい,utagawashii,イ形容詞,,,juman
歌声,うたごえ,utagoe,普通名詞,抽象物,文化・芸術;レクリエーション,juman
疑る,うたぐる,utaguru,動詞,,,juman
歌姫,うたひめ,utahime,普通名詞,人,文化・芸術,juman
謡,うたい,utai,普通名詞,抽象物,文化・芸術,juman
謳い文句,うたいもんく,utaimonku,普通名詞,抽象物,,juman
歌い手,うたいて,utaite,普通名詞,人,文化・芸術,juman
泡沫,うたかた,utakata,普通名詞,自然物;抽象物,,juman
転寝,うたたね,utatane,サ変名詞,抽象物,家庭・暮らし,juman
歌う,うたう,utau,動詞,,文化・芸術;レクリエーション,juman
うっちゃる,うっちゃる,utcharu,動詞,,,juman
雨天,うてん,uten,普通名詞,抽象物,,manual
疎い,うとい,utoi,イ形容詞,,,juman
打つ,うつ,utsu,動詞,,スポーツ,juman
うつ伏せ,うつぶせ,utsubuse,普通名詞,抽象物,,juman
美しい,うつくしい,utsukushii,イ形容詞,,,juman
俯く,うつむく,utsumuku,動詞,,,juman
移り気,うつりぎ,utsurigi,ナ形容詞,,,juman
うつろ,うつろ,utsuro,ナ形容詞,,,juman
映ろう,うつろう,utsurou,動詞,,,juman
写る,うつる,utsuru,動詞,,,juman
写す,うつす,utsusu,動詞,,,juman
打つ手,うつて,utsute,普通名詞,抽象物,,juman
器,うつわ,utsuwa,普通名詞,人工物-その他,,juman
訴える,うったえる,uttaeru,動詞,,,juman
打って付け,うってつけ,uttetsuke,ナ形容詞,,,juman
うっとり,うっとり,uttori,サ変名詞,抽象物,,juman
上顎,うわあご,uwaago,普通名詞,動物-部位,健康・医学,juman
上履き,うわばき,uwabaki,普通名詞,人工物-衣類,教育・学習,juman
うわべ,うわべ,uwabe,普通名詞,抽象物,,juman
上書き,うわがき,uwagaki,サ変名詞,抽象物,,juman
上着,うわぎ,uwagi,普通名詞,人工物-衣類,家庭・暮らし,juman
上薬,うわぐすり,uwagusuri,普通名詞,人工物-その他,文化・芸術,juman
上目遣い,うわめづかい,uwamezukai,普通名詞,抽象物,,juman
上乗せ,うわのせ,uwanose,サ変名詞,抽象物,,juman
上の空,うわのそら,uwanosora,普通名詞,抽象物,,juman
上塗り,うわぬり,uwanuri,サ変名詞,抽象物,,juman
上っ張り,うわっぱり,uwappari,普通名詞,人工物-衣類,家庭・暮らし,juman
植わる,うわる,uwaru,動詞,,,juman
噂,うわさ,uwasa,サ変名詞,抽象物,,manual
上滑り,うわすべり,uwasuberi,サ変名詞,抽象物,,juman
上手,うわて,uwate,ナ形容詞,,,juman
浮つく,うわつく,uwatsuku,動詞,,,juman
上っ面,うわっつら,uwattsura,普通名詞,抽象物,,juman
上役,うわやく,uwayaku,普通名詞,人,ビジネス,juman
上澄み,うわずみ,uwazumi,普通名詞,抽象物,,juman
敬う,うやまう,uyamau,動詞,,,juman
うやむや,うやむや,uyamuya,ナ形容詞,,,juman
恭しい,うやうやしい,uyauyashii,イ形容詞,,,juman
右翼,うよく,uyoku,普通名詞,動物-部位;人工物-その他;抽象物,政治,juman
渦,うず,uzu,普通名詞,抽象物,,juman
卯月,うづき,uzuki,時相名詞,時間,,juman
疼く,うずく,uzuku,動詞,,健康・医学,juman
蹲る,うずくまる,uzukumaru,動詞,,,juman
鶉,うずら,uzura,普通名詞,動物,,juman
渦潮,うずしお,uzushio,普通名詞,抽象物,,manual
うずたかい,うずたかい,uzutakai,イ形容詞,,,juman
うずうず,うずうず,uzuzu,サ変名詞,抽象物,,juman
詫び言,わびごと,wabigoto,普通名詞,抽象物,,juman
詫び状,わびじょう,wabijo,普通名詞,人工物-その他,,juman
詫びる,わびる,wabiru,動詞,,,juman
侘しい,わびしい,wabishii,イ形容詞,,,juman
轍,わだち,wadachi,普通名詞,人工物-その他,,juman
話題,わだい,wadai,普通名詞,人工物-その他,,juman
蟠る,わだかまる,wadakamaru,動詞,,,juman
和風,わふう,wafu,普通名詞,抽象物,,manual
和服,わふく,wafuku,普通名詞,人工物-衣類,家庭・暮らし,juman
我が輩,わがはい,wagahai,普通名詞,人,,juman
和学,わがく,wagaku,普通名詞,抽象物,教育・学習,juman
我が国,わがくに,wagakuni,普通名詞,場所-その他,政治,juman
わがまま,わがまま,wagamama,ナ形容詞,,,juman
我が身,わがみ,wagami,普通名詞,動物,,juman
我が物顔,わがものがお,wagamonogao,普通名詞,抽象物,,juman
和菓子,わがし,wagashi,普通名詞,人工物-食べ物,料理・食事,juman
我が家,わがや,wagaya,普通名詞,場所-施設,家庭・暮らし,juman
話芸,わげい,wagei,普通名詞,抽象物,文化・芸術,juman
輪切り,わぎり,wagiri,普通名詞,抽象物,料理・食事,juman
賄賂,わいろ,wairo,普通名詞,人工物-金銭,政治,juman
輪中,わじゅう,waju,普通名詞,場所-その他,,juman
話術,わじゅつ,wajutsu,普通名詞,抽象物,文化・芸術,juman
和歌,わか,waka,普通名詞,抽象物,文化・芸術,juman
若葉,わかば,wakaba,普通名詞,植物-部位,,juman
分かち書き,わかちがき,wakachigaki,普通名詞,抽象物,教育・学習,juman
若木,わかぎ,wakagi,普通名詞,植物,,juman
若い,わかい,wakai,イ形容詞,,,juman
若草,わかくさ,wakakusa,普通名詞,植物,,juman
若芽,わかめ,wakame,普通名詞,植物-部位,健康・医学,juman
若者,わかもの,wakamono,普通名詞,人,,juman
和漢,わかん,wakan,普通名詞,場所-その他,,juman
若菜,わかな,wakana,普通名詞,植物,料理・食事,juman
わかんむり,わかんむり,wakanmuri,普通名詞,抽象物,教育・学習,juman
分からず屋,わからずや,wakarazuya,普通名詞,人,,juman
別れ際,わかれぎわ,wakaregiwa,時相名詞,時間,,juman
分かれ目,わかれめ,wakareme,普通名詞,場所-機能,,juman
別れる,わかれる,wakareru,動詞,,,juman
分かる,わかる,wakaru,動詞,,,juman
沸かせる,わかせる,wakaseru,動詞,,料理・食事,juman
沸かす,わかす,wakasu,動詞,,料理・食事,juman
若手,わかて,wakate,普通名詞,人,,juman
分かつ,わかつ,wakatsu,動詞,,,juman
訳,わけ,wake,普通名詞,抽象物,,juman
分け隔て,わけへだて,wakehedate,サ変名詞,抽象物,,juman
分け前,わけまえ,wakemae,普通名詞,人工物-その他,,juman
分け目,わけめ,wakeme,普通名詞,場所-機能,,juman
分ける,わける,wakeru,動詞,,,juman
脇,わき,waki,普通名詞,動物-部位;場所-機能,,juman
和気あいあい,わきあいあい,wakiaiai,ナ形容詞,,,juman
脇腹,わきばら,wakibara,普通名詞,動物-部位,,juman
弁える,わきまえる,wakimaeru,動詞,,,juman
脇見,わきみ,wakimi,サ変名詞,抽象物,交通,juman
脇道,わきみち,wakimichi,普通名詞,場所-その他,交通,juman
湧き水,わきみず,wakimizu,普通名詞,自然物,,juman
脇役,わきやく,wakiyaku,普通名詞,抽象物,文化・芸術,juman
脇差し,わきざし,wakizashi,普通名詞,人工物-その他,,juman
若人,わこうど,wakodo,普通名詞,人,,juman
枠,わく,waku,普通名詞,人工物-その他;抽象物,,juman
枠組み,わくぐみ,wakugumi,普通名詞,抽象物,,juman
惑星,わくせい,wakusei,普通名詞,自然物,,juman
わめく,わめく,wameku,動詞,,,juman
椀,わん,wan,普通名詞,人工物-その他,料理・食事,juman
罠,わな,wana,普通名詞,人工物-その他,,juman
輪投げ,わなげ,wanage,普通名詞,抽象物,レクリエーション,juman
湾岸,わんがん,wangan,普通名詞,場所-自然,,juman
鰐,わに,wani,普通名詞,動物,,juman
腕白,わんぱく,wanpaku,ナ形容詞,,,juman
腕章,わんしょう,wansho,普通名詞,人工物-その他,,juman
和音,わおん,waon,普通名詞,抽象物,文化・芸術,juman
藁,わら,wara,普通名詞,植物,,juman
藁半紙,わらばんし,warabanshi,普通名詞,人工物-その他,,juman
童,わらべ,warabe,普通名詞,人,家庭・暮らし,juman
童歌,わらべうた,warabeuta,普通名詞,抽象物,レクリエーション,juman
わらび,わらび,warabi,普通名詞,植物;人工物-食べ物,料理・食事,juman
藁葺き,わらぶき,warabuki,普通名詞,抽象物,,juman
藁履,わらぐつ,waragutsu,普通名詞,人工物-衣類,,juman
笑い話,わらいばなし,waraibanashi,普通名詞,抽象物,,juman
笑い顔,わらいがお,waraigao,普通名詞,抽象物,,juman
笑い声,わらいごえ,waraigoe,普通名詞,抽象物,,juman
笑い事,わらいごと,waraigoto,普通名詞,抽象物,,juman
笑い種,わらいぐさ,waraigusa,普通名詞,人工物-その他,,juman
笑い者,わらいもの,waraimono,普通名詞,人,,juman
わらじ,わらじ,waraji,普通名詞,人工物-衣類,,juman
笑う,わらう,warau,動詞,,,juman
我,われ,ware,普通名詞,人,,juman
割れ目,われめ,wareme,普通名詞,場所-その他,,juman
割れ物,われもの,waremono,普通名詞,人工物-その他,,juman
割れる,われる,wareru,動詞,,,juman
我々,われわれ,wareware,普通名詞,人,,juman
割,わり,wari,普通名詞,抽象物,,juman
割り箸,わりばし,waribashi,普通名詞,人工物-その他,料理・食事,juman
割高,わりだか,waridaka,ナ形容詞,,,juman
割り印,わりいん,wariin,普通名詞,抽象物,,juman
割り勘,わりかん,warikan,普通名詞,抽象物,,juman
割り前,わりまえ,warimae,普通名詞,人工物-金銭,,juman
割り付け,わりつけ,waritsuke,サ変名詞,抽象物,文化・芸術;メディア,juman
割安,わりやす,wariyasu,ナ形容詞,,,juman
割り算,わりざん,warizan,普通名詞,抽象物,教育・学習,juman
悪足掻き,わるあがき,waruagaki,サ変名詞,抽象物,,juman
悪びれる,わるびれる,warubireru,動詞,,,juman
悪巧み,わるだくみ,warudakumi,普通名詞,抽象物,,juman
悪ふざけ,わるふざけ,warufuzake,サ変名詞,抽象物,,juman
悪い,わるい,warui,イ形容詞,,,juman
悪者,わるもの,warumono,普通名詞,人,,juman
悪乗り,わるのり,warunori,サ変名詞,抽象物,,juman
悪酔い,わるよい,waruyoi,サ変名詞,抽象物,料理・食事,juman
和裁,わさい,wasai,普通名詞,抽象物,家庭・暮らし,juman
早稲,わせ,wase,普通名詞,植物,,juman
和船,わせん,wasen,普通名詞,人工物-乗り物,交通,juman
話者,わしゃ,washa,普通名詞,人,文化・芸術;メディア,juman
鷲,わし,washi,普通名詞,動物,,juman
和式,わしき,washiki,普通名詞,抽象物,家庭・暮らし,juman
和室,わしつ,washitsu,普通名詞,場所-施設,家庭・暮らし,juman
鷲掴み,わしづかみ,washizukami,普通名詞,抽象物,,juman
和食,わしょく,washoku,普通名詞,人工物-食べ物,料理・食事,juman
和装,わそう,waso,普通名詞,人工物-衣類,家庭・暮らし,juman
忘れ形見,わすれがたみ,wasuregatami,普通名詞,人工物-その他;抽象物,家庭・暮らし,juman
忘れ物,わすれもの,wasuremono,普通名詞,人工物-その他,,juman
忘れる,わすれる,wasureru,動詞,,,juman
綿,わた,wata,普通名詞,植物;人工物-その他,,juman
綿菓子,わたがし,watagashi,普通名詞,人工物-食べ物,料理・食事,juman
綿毛,わたげ,watage,普通名詞,植物-部位,,juman
綿雲,わたぐも,watagumo,普通名詞,自然物,,juman
綿入れ,わたいれ,wataire,普通名詞,人工物-衣類,家庭・暮らし,juman
渡り鳥,わたりどり,wataridori,普通名詞,動物,,juman
渡り廊下,わたりろうか,watariroka,普通名詞,場所-施設部位,,juman
渡る,わたる,wataru,動詞,,,juman
私,わたし,watashi,普通名詞,人,,juman
渡し場,わたしば,watashiba,普通名詞,場所-施設,交通,juman
渡し船,わたしぶね,watashibune,普通名詞,人工物-乗り物,交通,juman
渡し守,わたしもり,watashimori,普通名詞,人,交通,juman
渡す,わたす,watasu,動詞,,,juman
綿雪,わたゆき,watayuki,普通名詞,自然物,,juman
わて,わて,wate,普通名詞,人,,juman
和訳,わやく,wayaku,サ変名詞,抽象物,文化・芸術,juman
技,わざ,waza,普通名詞,抽象物,,juman
技比べ,わざくらべ,wazakurabe,普通名詞,抽象物,,juman
わざとらしい,わざとらしい,wazatorashii,イ形容詞,,,juman
災い,わざわい,wazawai,サ変名詞,抽象物,,juman
僅か,わずか,wazuka,ナ形容詞,,,juman
患う,わずらう,wazurau,動詞,,健康・医学,juman
煩わしい,わずらわしい,wazurawashii,イ形容詞,,,juman
やばい,やばい,yabai,イ形容詞,,,juman
矢羽,やばね,yabane,普通名詞,人工物-その他,政治,juman
野暮,やぼ,yabo,ナ形容詞,,,juman
藪,やぶ,yabu,普通名詞,場所-自然,,juman
藪医者,やぶいしゃ,yabuisha,普通名詞,人,健康・医学,juman
破ける,やぶける,yabukeru,動詞,,,juman
破く,やぶく,yabuku,動詞,,,juman
夜分,やぶん,yabun,時相名詞,時間,,juman
破れかぶれ,やぶれかぶれ,yaburekabure,ナ形容詞,,,juman
敗れる,やぶれる,yabureru,動詞,,,juman
破る,やぶる,yaburu,動詞,,,juman
やぶさか,やぶさか,yabusaka,ナ形容詞,,,juman
流鏑馬,やぶさめ,yabusame,普通名詞,抽象物,文化・芸術,juman
家賃,やちん,yachin,普通名詞,人工物-金銭,家庭・暮らし,juman
野鳥,やちょう,yacho,普通名詞,動物,,juman
宿,やど,yado,普通名詞,場所-施設,レクリエーション,juman
宿賃,やどちん,yadochin,普通名詞,人工物-金銭,,juman
宿借り,やどかり,yadokari,普通名詞,動物,,juman
宿無し,やどなし,yadonashi,普通名詞,抽象物,,juman
宿主,やどぬし,yadonushi,普通名詞,人,健康・医学,juman
宿り木,やどりぎ,yadorigi,普通名詞,植物,,juman
宿す,やどす,yadosu,動詞,,家庭・暮らし,juman
宿屋,やどや,yadoya,普通名詞,場所-施設,レクリエーション,juman
八重,やえ,yae,普通名詞,抽象物,,manual
八重歯,やえば,yaeba,普通名詞,動物-部位,,juman
野営,やえい,yaei,サ変名詞,抽象物,レクリエーション,juman
野外,やがい,yagai,普通名詞,場所-その他,,juman
夜学,やがく,yagaku,普通名詞,場所-その他,教育・学習,juman
山羊,やぎ,yagi,普通名詞,動物,,juman
やご,やご,yago,普通名詞,動物,,juman
夜具,やぐ,yagu,普通名詞,人工物-その他,家庭・暮らし,juman
矢倉,やぐら,yagura,普通名詞,場所-施設,,juman
矢車,やぐるま,yaguruma,普通名詞,人工物-その他,,juman
野牛,やぎゅう,yagyu,普通名詞,動物,,juman
野砲,やほう,yaho,普通名詞,人工物-その他,政治,juman
矢板,やいた,yaita,普通名詞,人工物-その他,,juman
野次,やじ,yaji,普通名詞,抽象物,,manual
矢印,やじるし,yajirushi,普通名詞,形・模様,,juman
野次馬,やじうま,yajiuma,普通名詞,人,,juman
野獣,やじゅう,yaju,普通名詞,動物,,juman
夜会,やかい,yakai,普通名詞,抽象物,レクリエーション,juman
やかましい,やかましい,yakamashii,イ形容詞,,,juman
夜間,やかん,yakan,時相名詞,時間,,juman
屋形,やかた,yakata,普通名詞,場所-施設,,juman
屋形船,やかたぶね,yakatabune,普通名詞,人工物-乗り物,交通,juman
やけ,やけ,yake,ナ形容詞,,,juman
焼け跡,やけあと,yakeato,普通名詞,抽象物,,juman
夜景,やけい,yakei,普通名詞,抽象物,,manual
野犬,やけん,yaken,普通名詞,動物,,juman
焼け野原,やけのはら,yakenohara,普通名詞,場所-その他,,juman
焼ける,やける,yakeru,動詞,,,juman
焼き畑,やきばた,yakibata,普通名詞,抽象物,,juman
焼き芋,やきいも,yakiimo,普通名詞,人工物-食べ物,料理・食事,juman
焼き入れ,やきいれ,yakiire,サ変名詞,抽象物,,juman
焼き増し,やきまし,yakimashi,サ変名詞,抽象物,文化・芸術,juman
焼き餅,やきもち,yakimochi,普通名詞,人工物-食べ物,料理・食事,juman
焼き物,やきもの,yakimono,普通名詞,人工物-その他,料理・食事,juman
焼き直し,やきなおし,yakinaoshi,サ変名詞,抽象物,,juman
焼き肉,やきにく,yakiniku,普通名詞,人工物-食べ物,料理・食事,juman
焼き蕎麦,やきそば,yakisoba,普通名詞,人工物-食べ物,料理・食事,juman
焼き鳥,やきとり,yakitori,普通名詞,人工物-食べ物,料理・食事,juman
焼き魚,やきざかな,yakizakana,普通名詞,人工物-食べ物,料理・食事,juman
厄介,やっかい,yakkai,ナ形容詞,,,juman
躍起,やっき,yakki,ナ形容詞,,,juman
薬莢,やっきょう,yakkyo,普通名詞,人工物-その他,政治,juman
薬局,やっきょく,yakkyoku,普通名詞,場所-施設,健康・医学;家庭・暮らし,juman
夜行,やこう,yako,サ変名詞,抽象物,,manual
夜光虫,やこうちゅう,yakochu,普通名詞,動物,,juman
葯,やく,yaku,普通名詞,植物-部位,,juman
役場,やくば,yakuba,普通名詞,組織・団体;場所-施設,政治,juman
厄日,やくび,yakubi,普通名詞,時間,文化・芸術,juman
訳文,やくぶん,yakubun,普通名詞,抽象物,文化・芸術,juman
薬物,やくぶつ,yakubutsu,普通名詞,人工物-その他,健康・医学;科学・技術,juman
薬代,やくだい,yakudai,普通名詞,人工物-金銭,健康・医学,juman
躍動,やくどう,yakudo,サ変名詞,抽象物,,manual
役どころ,やくどころ,yakudokoro,普通名詞,抽象物,文化・芸術,juman
厄年,やくどし,yakudoshi,普通名詞,時間,家庭・暮らし,juman
薬学,やくがく,yakugaku,普通名詞,抽象物,健康・医学;教育・学習,juman
役柄,やくがら,yakugara,普通名詞,抽象物,文化・芸術,juman
訳語,やくご,yakugo,普通名詞,抽象物,文化・芸術,juman
厄払い,やくはらい,yakuharai,サ変名詞,抽象物,文化・芸術,juman
薬品,やくひん,yakuhin,普通名詞,人工物-その他,健康・医学;科学・技術,juman
役員,やくいん,yakuin,普通名詞,人,ビジネス,juman
役回り,やくまわり,yakumawari,普通名詞,抽象物,,juman
役目,やくめ,yakume,普通名詞,抽象物,,manual
薬味,やくみ,yakumi,普通名詞,人工物-食べ物,料理・食事,juman
役人,やくにん,yakunin,普通名詞,人,政治,juman
役者,やくしゃ,yakusha,普通名詞,人,文化・芸術,juman
訳詞,やくし,yakushi,普通名詞,抽象物,文化・芸術,juman
躍進,やくしん,yakushin,サ変名詞,抽象物,,manual
役所,やくしょ,yakusho,普通名詞,組織・団体;場所-施設,政治,juman
薬草,やくそう,yakuso,普通名詞,植物;人工物-食べ物,健康・医学,juman
約束,やくそく,yakusoku,サ変名詞,抽象物,,manual
約数,やくすう,yakusu,普通名詞,抽象物,教育・学習,juman
薬袋,やくたい,yakutai,普通名詞,人工物-その他,健康・医学,juman
役割,やくわり,yakuwari,普通名詞,抽象物,,manual
厄除,やくよけ,yakuyoke,サ変名詞,抽象物,文化・芸術,juman
薬剤,やくざい,yakuzai,普通名詞,人工物-その他,健康・医学;科学・技術,juman
薬膳,やくぜん,yakuzen,普通名詞,人工物-食べ物,料理・食事,juman
役付き,やくづき,yakuzuki,普通名詞,人;抽象物,,juman
野球,やきゅう,yakyu,普通名詞,抽象物,スポーツ,juman
山,やま,yama,普通名詞,場所-自然,,juman
山あい,やまあい,yamaai,普通名詞,場所-その他,,juman
山荒らし,やまあらし,yamaarashi,普通名詞,動物,,juman
山歩き,やまあるき,yamaaruki,サ変名詞,抽象物,,juman
山場,やまば,yamaba,普通名詞,場所-その他;抽象物,,juman
山彦,やまびこ,yamabiko,普通名詞,抽象物,,manual
山開き,やまびらき,yamabiraki,サ変名詞,抽象物,レクリエーション,juman
山鉾,やまぼこ,yamaboko,普通名詞,人工物-乗り物;人工物-その他,文化・芸術,juman
山吹,やまぶき,yamabuki,普通名詞,植物,,juman
山伏,やまぶし,yamabushi,普通名詞,人,文化・芸術,juman
山寺,やまでら,yamadera,普通名詞,場所-施設,文化・芸術,juman
山鳥,やまどり,yamadori,普通名詞,動物,,juman
山懐,やまふところ,yamafutokoro,普通名詞,場所-自然,,juman
山際,やまぎわ,yamagiwa,普通名詞,場所-自然,,juman
山越え,やまごえ,yamagoe,サ変名詞,抽象物,交通,juman
山小屋,やまごや,yamagoya,普通名詞,場所-施設,,juman
山国,やまぐに,yamaguni,普通名詞,場所-その他,,juman
山肌,やまはだ,yamahada,普通名詞,場所-その他,,juman
山芋,やまいも,yamaimo,普通名詞,植物;人工物-食べ物,料理・食事,juman
山路,やまじ,yamaji,普通名詞,場所-自然,,juman
赤楝蛇,やまかがし,yamakagashi,普通名詞,動物,,juman
山勘,やまかん,yamakan,普通名詞,抽象物,,manual
山崩れ,やまくずれ,yamakuzure,サ変名詞,抽象物,,juman
山道,やまみち,yamamichi,普通名詞,場所-自然,交通,juman
山盛り,やまもり,yamamori,普通名詞,抽象物,料理・食事,juman
山並み,やまなみ,yamanami,普通名詞,場所-自然,,juman
山鳴り,やまなり,yamanari,普通名詞,抽象物,,juman
山猫,やまねこ,yamaneko,普通名詞,動物,,juman
山登り,やまのぼり,yamanobori,サ変名詞,抽象物,レクリエーション,juman
山の手,やまのて,yamanote,普通名詞,場所-その他,,juman
山奥,やまおく,yamaoku,普通名詞,場所-その他,,juman
山男,やまおとこ,yamaotoko,普通名詞,人,,juman
山師,やまし,yamashi,普通名詞,人,ビジネス,juman
やましい,やましい,yamashii,イ形容詞,,,juman
山裾,やますそ,yamasuso,普通名詞,場所-自然,,juman
山手,やまて,yamate,普通名詞,場所-その他,,juman
山姥,やまうば,yamauba,普通名詞,人,,juman
山分け,やまわけ,yamawake,サ変名詞,抽象物,,juman
山焼き,やまやき,yamayaki,サ変名詞,抽象物,,juman
山桜,やまざくら,yamazakura,普通名詞,植物,,juman
山里,やまざと,yamazato,普通名詞,場所-その他,,juman
山積み,やまづみ,yamazumi,サ変名詞,抽象物,,juman
止める,やめる,yameru,動詞,,,juman
闇,やみ,yami,普通名詞,抽象物,,manual
闇市,やみいち,yamiichi,普通名詞,場所-その他,,juman
やみくも,やみくも,yamikumo,ナ形容詞,,,juman
闇討ち,やみうち,yamiuchi,サ変名詞,抽象物,,juman
闇夜,やみよ,yamiyo,普通名詞,抽象物,,manual
寡婦,やもめ,yamome,普通名詞,人,家庭・暮らし,juman
守宮,やもり,yamori,普通名詞,動物,,juman
止む,やむ,yamu,動詞,,,juman
やむない,やむない,yamunai,イ形容詞,,,juman
柳,やなぎ,yanagi,普通名詞,植物,,juman
やんちゃ,やんちゃ,yancha,ナ形容詞,,,juman
屋根,やね,yane,普通名詞,場所-施設部位,,juman
やに,やに,yani,普通名詞,自然物,,juman
蜻蜒,やんま,yanma,普通名詞,動物,,juman
家主,やぬし,yanushi,普通名詞,人,家庭・暮らし,juman
八百長,やおちょう,yaocho,サ変名詞,抽象物,スポーツ,juman
矢面,やおもて,yaomote,普通名詞,場所-その他,,juman
八百屋,やおや,yaoya,普通名詞,場所-施設,料理・食事,juman
夜来,やらい,yarai,時相名詞,時間,,juman
やられる,やられる,yarareru,動詞,,,juman
槍,やり,yari,普通名詞,人工物-その他,,juman
遣り場,やりば,yariba,普通名詞,場所-その他,,juman
やりがい,やりがい,yarigai,普通名詞,抽象物,,juman
遣り口,やりくち,yarikuchi,普通名詞,抽象物,,juman
遣り繰り,やりくり,yarikuri,サ変名詞,抽象物,,juman
槍投げ,やりなげ,yarinage,普通名詞,抽象物,スポーツ,juman
遺り手,やりて,yarite,普通名詞,人,,juman
遣り取り,やりとり,yaritori,サ変名詞,抽象物,,juman
野郎,やろう,yaro,普通名詞,人,,juman
やる,やる,yaru,動詞,,,juman
やるせない,やるせない,yarusenai,イ形容詞,,,juman
家探し,やさがし,yasagashi,サ変名詞,抽象物,家庭・暮らし,juman
野菜,やさい,yasai,普通名詞,植物;人工物-食べ物,料理・食事,juman
矢先,やさき,yasaki,普通名詞,時間,政治,juman
優しい,やさしい,yasashii,イ形容詞,,,juman
野生,やせい,yasei,サ変名詞,抽象物,,manual
痩せこける,やせこける,yasekokeru,動詞,,健康・医学,juman
野選,やせん,yasen,普通名詞,抽象物,スポーツ,juman
痩せる,やせる,yaseru,動詞,,,juman
椰子,やし,yashi,普通名詞,植物;人工物-食べ物,料理・食事,juman
屋敷,やしき,yashiki,普通名詞,場所-施設,家庭・暮らし,juman
野心,やしん,yashin,普通名詞,抽象物,,manual
養う,やしなう,yashinau,動詞,,,juman
社,やしろ,yashiro,普通名詞,場所-施設,文化・芸術,juman
夜食,やしょく,yashoku,普通名詞,人工物-食べ物,料理・食事,juman
野手,やしゅ,yashu,普通名詞,人,スポーツ,juman
野草,やそう,yaso,普通名詞,植物,料理・食事,juman
安上がり,やすあがり,yasuagari,ナ形容詞,,,juman
安い,やすい,yasui,イ形容詞,,,juman
安請け合い,やすうけあい,yasukeai,サ変名詞,抽象物,,juman
休まる,やすまる,yasumaru,動詞,,,juman
休める,やすめる,yasumeru,動詞,,,juman
安物,やすもの,yasumono,普通名詞,人工物-その他,,juman
休む,やすむ,yasumu,動詞,,,juman
安っぽい,やすっぽい,yasuppoi,イ形容詞,,,juman
安らぐ,やすらぐ,yasuragu,動詞,,,juman
安らか,やすらか,yasuraka,ナ形容詞,,,juman
屋台,やたい,yatai,普通名詞,場所-施設,料理・食事;文化・芸術,juman
やたら,やたら,yatara,ナ形容詞,,,juman
野党,やとう,yato,普通名詞,組織・団体,政治,juman
雇い主,やといぬし,yatoinushi,普通名詞,人,ビジネス,juman
雇う,やとう,yatou,動詞,,ビジネス,juman
奴,やつ,yatsu,普通名詞,人,,juman
八つ当たり,やつあたり,yatsuatari,サ変名詞,抽象物,,juman
八手,やつで,yatsude,普通名詞,植物,,juman
やつれる,やつれる,yatsureru,動詞,,健康・医学,juman
窶す,やつす,yatsusu,動詞,,,juman
鋏,やっとこ,yattoko,普通名詞,人工物-その他,,juman
やっつける,やっつける,yattsukeru,動詞,,,juman
やわ,やわ,yawa,ナ形容詞,,,juman
和らげる,やわらげる,yawarageru,動詞,,,juman
和らぐ,やわらぐ,yawaragu,動詞,,,juman
柔らか,やわらか,yawaraka,ナ形容詞,,,juman
柔らかい,やわらかい,yawarakai,イ形容詞,,,juman
ややこ,ややこ,yayako,普通名詞,人,家庭・暮らし,juman
ややこしい,ややこしい,yayakoshii,イ形容詞,,,juman
弥生,やよい,yayoi,時相名詞,時間,,juman
夜明かし,よあかし,yoakashi,サ変名詞,抽象物,,juman
夜明け,よあけ,yoake,普通名詞,抽象物;時間,,juman
夜明け前,よあけまえ,yoakemae,時相名詞,時間,,juman
呼ばわり,よばわり,yobawari,サ変名詞,抽象物,,juman
曜日,ようび,yobi,普通名詞,時間,,juman
呼び声,よびごえ,yobigoe,普通名詞,抽象物,,juman
呼び子,よびこ,yobiko,普通名詞,人工物-その他,,juman
呼び水,よびみず,yobimizu,普通名詞,抽象物,,juman
呼び物,よびもの,yobimono,普通名詞,抽象物,,juman
呼び名,よびな,yobina,普通名詞,抽象物,,juman
呼び鈴,よびりん,yobirin,普通名詞,人工物-その他,家庭・暮らし,juman
養母,ようぼ,yobo,普通名詞,人,家庭・暮らし,juman
腰部,ようぶ,yobu,普通名詞,動物-部位,健康・医学,juman
余分,よぶん,yobun,ナ形容詞,,,juman
用地,ようち,yochi,普通名詞,場所-その他,,juman
幼稚園,ようちえん,yochien,普通名詞,場所-施設,教育・学習,juman
幼鳥,ようちょう,yocho,普通名詞,動物,,juman
預貯金,よちょきん,yochokin,普通名詞,人工物-金銭,家庭・暮らし;ビジネス,juman
幼虫,ようちゅう,yochu,普通名詞,動物,,juman
余談,よだん,yodan,普通名詞,抽象物,,manual
涎,よだれ,yodare,普通名詞,自然物,,juman
よだてる,よだてる,yodateru,動詞,,,juman
よだつ,よだつ,yodatsu,動詞,,,juman
淀,よど,yodo,普通名詞,場所-自然,,juman
淀む,よどむ,yodomu,動詞,,,juman
溶液,ようえき,yoeki,普通名詞,人工物-その他,教育・学習;科学・技術,juman
養父,ようふ,yofu,普通名詞,人,家庭・暮らし,juman
養父母,ようふぼ,yofubo,普通名詞,人,家庭・暮らし,juman
夜更かし,よふかし,yofukashi,サ変名詞,抽象物,家庭・暮らし,juman
夜更け,よふけ,yofuke,普通名詞,時間,,juman
洋服,ようふく,yofuku,普通名詞,人工物-衣類,家庭・暮らし,juman
洋画,ようが,yoga,普通名詞,人工物-その他;抽象物,文化・芸術,juman
要害,ようがい,yogai,普通名詞,場所-その他,政治,juman
洋学,ようがく,yogaku,普通名詞,抽象物,教育・学習;科学・技術,juman
溶岩,ようがん,yogan,普通名詞,自然物,,juman
洋菓子,ようがし,yogashi,普通名詞,人工物-食べ物,料理・食事,juman
用言,ようげん,yogen,普通名詞,抽象物,教育・学習,juman
夜霧,よぎり,yogiri,普通名詞,抽象物,,manual
よぎる,よぎる,yogiru,動詞,,,juman
養護,ようご,yogo,サ変名詞,抽象物,教育・学習,juman
汚れる,よごれる,yogoreru,動詞,,,juman
汚す,よごす,yogosu,動詞,,,juman
夜毎,よごと,yogoto,時相名詞,時間,,juman
用具,ようぐ,yogu,普通名詞,人工物-その他,,juman
幼魚,ようぎょ,yogyo,普通名詞,動物,,juman
余波,よは,yoha,普通名詞,抽象物,,manual
余白,よはく,yohaku,普通名詞,人工物-その他,,juman
葉柄,ようへい,yohei,普通名詞,植物-部位,,juman
擁壁,ようへき,yoheki,普通名詞,場所-施設,,juman
洋品,ようひん,yohin,普通名詞,人工物-その他,,juman
宵,よい,yoi,時相名詞,時間,,juman
養育,よういく,yoiku,サ変名詞,抽象物,家庭・暮らし,juman
宵待草,よいまちぐさ,yoimachigusa,普通名詞,植物,,juman
要員,よういん,yoin,普通名詞,人,,juman
宵の明星,よいのみょうじょう,yoinomyojo,普通名詞,自然物,,juman
宵っ張り,よいっぱり,yoippari,普通名詞,抽象物,家庭・暮らし,juman
宵闇,よいやみ,yoiyami,普通名詞,時間,,juman
幼時,ようじ,yoji,時相名詞,時間,,juman
要人,ようじん,yojin,普通名詞,人,政治,juman
用心棒,ようじんぼう,yojinbo,普通名詞,人,,juman
捩れる,よじれる,yojireru,動詞,,,juman
捩る,よじる,yojiru,動詞,,,juman
余日,よじつ,yojitsu,時相名詞,時間,,juman
幼女,ようじょ,yojo,普通名詞,人,家庭・暮らし,juman
余暇,よか,yoka,普通名詞,時間,,juman
妖怪,ようかい,yokai,普通名詞,人,文化・芸術,juman
羊羮,ようかん,yokan,普通名詞,人工物-食べ物,料理・食事,juman
夜風,よかぜ,yokaze,普通名詞,抽象物,,manual
余計,よけい,yokei,ナ形容詞,,,juman
用件,ようけん,yoken,普通名詞,抽象物,,manual
よける,よける,yokeru,動詞,,,juman
容器,ようき,yoki,普通名詞,人工物-その他,,juman
用聞き,ようきき,yokiki,普通名詞,人;抽象物,,juman
預金,よきん,yokin,サ変名詞,人工物-金銭;抽象物,家庭・暮らし;ビジネス,juman
欲求,よっきゅう,yokkyu,サ変名詞,抽象物,,manual
横,よこ,yoko,普通名詞,場所-機能,,juman
横合い,よこあい,yokoai,普通名詞,場所-その他,,juman
横穴,よこあな,yokoana,普通名詞,人工物-その他,,juman
横笛,よこぶえ,yokobue,普通名詞,人工物-その他,文化・芸術,juman
横丁,よこちょう,yokocho,普通名詞,場所-その他,,juman
横倒し,よこだおし,yokodaoshi,普通名詞,抽象物,,juman
横取り,よこどり,yokodori,サ変名詞,抽象物,,juman
横書き,よこがき,yokogaki,サ変名詞,抽象物,,juman
横顔,よこがお,yokogao,普通名詞,動物-部位,,juman
横糸,よこいと,yokoito,普通名詞,人工物-その他,,juman
横軸,よこじく,yokojiku,普通名詞,形・模様,,juman
横縞,よこじま,yokojima,普通名詞,形・模様,,juman
横画,よこかく,yokokaku,普通名詞,形・模様,,juman
横風,よこかぜ,yokokaze,普通名詞,抽象物,,manual
予告,よこく,yokoku,サ変名詞,抽象物,,manual
横目,よこめ,yokome,普通名詞,抽象物,,manual
横道,よこみち,yokomichi,普通名詞,場所-施設,,juman
横向き,よこむき,yokomuki,普通名詞,抽象物,,juman
横長,よこなが,yokonaga,ナ形容詞,,,juman
横流し,よこながし,yokonagashi,サ変名詞,抽象物,,juman
横波,よこなみ,yokonami,普通名詞,抽象物,,manual
溶鉱炉,ようこうろ,yokoro,普通名詞,人工物-その他,科学・技術,juman
よこしま,よこしま,yokoshima,ナ形容詞,,,juman
横滑り,よこすべり,yokosuberi,サ変名詞,抽象物,,juman
横たえる,よこたえる,yokotaeru,動詞,,,juman
横たわる,よこたわる,yokotawaru,動詞,,,juman
横手,よこて,yokote,普通名詞,場所-その他,,juman
横揺れ,よこゆれ,yokoyure,サ変名詞,抽象物,,juman
横付け,よこづけ,yokozuke,サ変名詞,抽象物,交通,juman
横好き,よこずき,yokozuki,普通名詞,抽象物,,juman
横綱,よこづな,yokozuna,普通名詞,人,スポーツ,juman
横座り,よこずわり,yokozuwari,サ変名詞,抽象物,,juman
欲,よく,yoku,普通名詞,抽象物,,manual
翌朝,よくあさ,yokuasa,時相名詞,時間,,juman
翌晩,よくばん,yokuban,時相名詞,時間,,juman
欲張り,よくばり,yokubari,ナ形容詞,,,juman
欲深,よくふか,yokufuka,ナ形容詞,,,juman
翌月,よくげつ,yokugetsu,時相名詞,時間,,juman
翌日,よくじつ,yokujitsu,時相名詞,時間,,juman
浴場,よくじょう,yokujo,普通名詞,場所-施設,レクリエーション,juman
翌年,よくねん,yokunen,時相名詞,時間,,juman
浴室,よくしつ,yokushitsu,普通名詞,場所-施設,家庭・暮らし,juman
翌週,よくしゅう,yokushu,時相名詞,時間,,juman
翌春,よくしゅん,yokushun,時相名詞,時間,,juman
浴槽,よくそう,yokuso,普通名詞,場所-施設部位,家庭・暮らし,juman
浴用,よくよう,yokuyo,普通名詞,抽象物,家庭・暮らし,juman
余興,よきょう,yokyo,普通名詞,抽象物,レクリエーション,juman
謡曲,ようきょく,yokyoku,普通名詞,抽象物,文化・芸術,juman
洋弓,ようきゅう,yokyu,普通名詞,人工物-その他,スポーツ,juman
洋間,ようま,yoma,普通名詞,場所-施設,家庭・暮らし,juman
夜回り,よまわり,yomawari,サ変名詞,抽象物,,juman
嫁,よめ,yome,普通名詞,人,家庭・暮らし,juman
嫁入り,よめいり,yomeiri,サ変名詞,抽象物,家庭・暮らし,juman
読み合わせ,よみあわせ,yomiawase,サ変名詞,抽象物,,juman
夜道,よみち,yomichi,普通名詞,場所-その他,,juman
読み出,よみで,yomide,普通名詞,抽象物,,juman
蘇る,よみがえる,yomigaeru,動詞,,,juman
読み仮名,よみがな,yomigana,普通名詞,抽象物,,juman
読み書き,よみかき,yomikaki,普通名詞,抽象物,,juman
読み物,よみもの,yomimono,普通名詞,人工物-その他;抽象物,文化・芸術;メディア,juman
夜店,よみせ,yomise,普通名詞,場所-施設,ビジネス;レクリエーション,juman
羊毛,ようもう,yomo,普通名詞,動物-部位,,juman
蓬,よもぎ,yomogi,普通名詞,植物;人工物-食べ物,料理・食事,juman
詠む,よむ,yomu,動詞,,文化・芸術,juman
用向き,ようむき,yomuki,普通名詞,抽象物,,juman
葉脈,ようみゃく,yomyaku,普通名詞,植物-部位,,juman
拗音,ようおん,yon,普通名詞,抽象物,教育・学習,juman
夜なべ,よなべ,yonabe,サ変名詞,抽象物,家庭・暮らし,juman
夜長,よなが,yonaga,普通名詞,抽象物,,manual
夜中,よなか,yonaka,時相名詞,時間,,juman
夜泣き,よなき,yonaki,サ変名詞,抽象物,家庭・暮らし,juman
幼年,ようねん,yonen,普通名詞,人;時間,,juman
余熱,よねつ,yonetsu,普通名詞,抽象物,料理・食事,juman
夜逃げ,よにげ,yonige,サ変名詞,抽象物,,juman
羊肉,ようにく,yoniku,普通名詞,人工物-食べ物,料理・食事,juman
世の中,よのなか,yononaka,普通名詞,抽象物,,juman
要覧,ようらん,yoran,普通名詞,人工物-その他,,juman
縒れる,よれる,yoreru,動詞,,,juman
よれよれ,よれよれ,yoreyore,ナ形容詞,,,juman
寄合,よりあい,yoriai,普通名詞,組織・団体,,juman
拠り所,よりどころ,yoridokoro,普通名詞,抽象物,,juman
寄り道,よりみち,yorimichi,サ変名詞,抽象物,,juman
鎧,よろい,yoroi,普通名詞,人工物-衣類,,juman
鎧戸,よろいど,yoroido,普通名詞,場所-施設,,juman
よろける,よろける,yorokeru,動詞,,,juman
喜ばしい,よろこばしい,yorokobashii,イ形容詞,,,juman
喜ぶ,よろこぶ,yorokobu,動詞,,,juman
よろめく,よろめく,yoromeku,動詞,,,juman
よろしい,よろしい,yoroshii,イ形容詞,,,juman
夜,よる,yoru,時相名詞,時間,,juman
寄る辺,よるべ,yorube,普通名詞,場所-その他,,juman
要領,ようりょう,yoryo,普通名詞,抽象物,,manual
余力,よりょく,yoryoku,普通名詞,抽象物,,manual
葉緑素,ようりょくそ,yoryokuso,普通名詞,植物-部位,料理・食事,juman
要塞,ようさい,yosai,普通名詞,場所-施設,,juman
葉酸,ようさん,yosan,普通名詞,自然物,料理・食事,juman
寄席,よせ,yose,普通名詞,場所-施設,文化・芸術,juman
寄せ集め,よせあつめ,yoseatsume,普通名詞,抽象物,,juman
寄せ書き,よせがき,yosegaki,サ変名詞,抽象物,,juman
寄せ木細工,よせぎざいく,yosegizaiku,普通名詞,人工物-その他,文化・芸術,juman
妖精,ようせい,yosei,普通名詞,人,文化・芸術,juman
予選,よせん,yosen,サ変名詞,抽象物,スポーツ,juman
寄せる,よせる,yoseru,動詞,,,juman
夭折,ようせつ,yosetsu,サ変名詞,抽象物,健康・医学;家庭・暮らし,juman
洋紙,ようし,yoshi,普通名詞,人工物-その他,,juman
善し悪し,よしあし,yoshiashi,普通名詞,抽象物,,juman
洋式,ようしき,yoshiki,普通名詞,抽象物,家庭・暮らし,juman
誼み,よしみ,yoshimi,普通名詞,抽象物,,juman
洋室,ようしつ,yoshitsu,普通名詞,場所-施設,家庭・暮らし,juman
葦簀,よしず,yoshizu,普通名詞,人工物-その他,家庭・暮らし,juman
洋書,ようしょ,yosho,普通名詞,人工物-その他;抽象物,文化・芸術,juman
洋食,ようしょく,yoshoku,普通名詞,人工物-食べ物,料理・食事,juman
洋酒,ようしゅ,yoshu,普通名詞,人工物-食べ物,料理・食事,juman
陽春,ようしゅん,yoshun,時相名詞,時間,,juman
余所,よそ,yoso,普通名詞,場所-その他,,juman
余所行き,よそいき,yosoiki,普通名詞,人工物-衣類;抽象物,,juman
予測,よそく,yosoku,サ変名詞,抽象物,,manual
余所者,よそもの,yosomono,普通名詞,人,,juman
装う,よそおう,yosou,動詞,,,juman
よす,よす,yosu,動詞,,,juman
用水,ようすい,yosui,普通名詞,自然物,,juman
四隅,よすみ,yosumi,普通名詞,場所-その他,,juman
用足し,ようたし,yotashi,サ変名詞,抽象物,家庭・暮らし,juman
予定,よてい,yotei,サ変名詞,抽象物,,manual
要点,ようてん,yoten,普通名詞,抽象物,,manual
洋陶,ようとう,yoto,普通名詞,人工物-その他,料理・食事,juman
世継ぎ,よつぎ,yotsugi,普通名詞,人,,juman
腰椎,ようつい,yotsui,普通名詞,動物-部位,健康・医学,juman
四つ角,よつかど,yotsukado,普通名詞,場所-その他,,juman
四つ辻,よつつじ,yotsutsuji,普通名詞,場所-その他,,juman
夜露,よつゆ,yotsuyu,普通名詞,抽象物,,manual
酔う,よう,you,動詞,,料理・食事,juman
弱火,よわび,yowabi,普通名詞,自然物,料理・食事,juman
弱腰,よわごし,yowagoshi,ナ形容詞,,,juman
齢,よわい,yowai,普通名詞,時間,家庭・暮らし,juman
弱気,よわき,yowaki,ナ形容詞,,,juman
弱虫,よわむし,yowamushi,普通名詞,人,,juman
弱音,よわね,yowane,普通名詞,抽象物,,manual
世渡り,よわたり,yowatari,サ変名詞,抽象物,,juman
要約,ようやく,yoyaku,サ変名詞,抽象物,,manual
与野党,よやとう,yoyato,普通名詞,組織・団体,政治,juman
余裕,よゆう,yoyu,普通名詞,抽象物,,manual
溶剤,ようざい,yozai,普通名詞,人工物-その他,科学・技術,juman
夜空,よぞら,yozora,普通名詞,場所-自然,,juman
湯上がり,ゆあがり,yuagari,普通名詞,抽象物,家庭・暮らし,juman
友愛,ゆうあい,yuai,普通名詞,抽象物,,manual
湯浴み,ゆあみ,yuami,サ変名詞,抽象物,家庭・暮らし,juman
夕映え,ゆうばえ,yubae,普通名詞,抽象物,,juman
ゆうべ,ゆうべ,yube,時相名詞,時間,,juman
雄弁,ゆうべん,yuben,ナ形容詞,,,juman
指,ゆび,yubi,普通名詞,動物-部位,,juman
指切り,ゆびきり,yubikiri,サ変名詞,抽象物,,juman
郵便,ゆうびん,yubin,普通名詞,抽象物,家庭・暮らし,juman
指貫き,ゆびぬき,yubinuki,普通名詞,人工物-その他,家庭・暮らし,juman
指折り,ゆびおり,yubiori,普通名詞,抽象物,,juman
指先,ゆびさき,yubisaki,普通名詞,動物-部位,,juman
指輪,ゆびわ,yubiwa,普通名詞,人工物-衣類,家庭・暮らし,juman
有望,ゆうぼう,yubo,ナ形容詞,,,juman
油分,ゆぶん,yubun,普通名詞,自然物,,juman
湯船,ゆぶね,yubune,普通名詞,人工物-その他,家庭・暮らし,juman
悠長,ゆうちょう,yucho,ナ形容詞,,,juman
夕立,ゆうだち,yudachi,普通名詞,抽象物,,manual
雄大,ゆうだい,yudai,ナ形容詞,,,juman
勇断,ゆうだん,yudan,サ変名詞,抽象物,,manual
委ねる,ゆだねる,yudaneru,動詞,,,juman
茹だれる,ゆだれる,yudareru,動詞,,料理・食事,juman
茹だる,ゆだる,yudaru,動詞,,料理・食事,juman
油田,ゆでん,yuden,普通名詞,場所-その他,,juman
茹でる,ゆでる,yuderu,動詞,,料理・食事,juman
茹で卵,ゆでたまご,yudetamago,普通名詞,人工物-食べ物,料理・食事,juman
誘導,ゆうどう,yudo,サ変名詞,抽象物,,manual
湯豆腐,ゆどうふ,yudofu,普通名詞,人工物-食べ物,料理・食事,juman
故,ゆえ,yue,普通名詞,抽象物,,juman
遊泳,ゆうえい,yuei,サ変名詞,抽象物,レクリエーション,juman
輸液,ゆえき,yueki,普通名詞,人工物-その他,健康・医学,juman
遊園地,ゆうえんち,yuenchi,普通名詞,場所-施設,レクリエーション,juman
裕福,ゆうふく,yufuku,ナ形容詞,,,juman
油画,ゆが,yuga,普通名詞,抽象物,文化・芸術,juman
有害,ゆうがい,yugai,ナ形容詞,,,juman
遊学,ゆうがく,yugaku,サ変名詞,抽象物,教育・学習,juman
歪める,ゆがめる,yugameru,動詞,,,juman
歪む,ゆがむ,yugamu,動詞,,,juman
夕顔,ゆうがお,yugao,普通名詞,植物,,juman
夕方,ゆうがた,yugata,時相名詞,時間,,juman
誘蛾灯,ゆうがとう,yugato,普通名詞,人工物-その他,,juman
夕げ,ゆうげ,yuge,普通名詞,人工物-食べ物,料理・食事,juman
遊撃,ゆうげき,yugeki,サ変名詞,抽象物,スポーツ,juman
遊撃手,ゆうげきしゅ,yugekishu,普通名詞,人,スポーツ,juman
幽玄,ゆうげん,yugen,ナ形容詞,,,juman
遊技,ゆうぎ,yugi,普通名詞,抽象物,レクリエーション,juman
夕霧,ゆうぎり,yugiri,普通名詞,抽象物,,manual
融合,ゆうごう,yugo,サ変名詞,抽象物,,manual
遊具,ゆうぐ,yugu,普通名詞,人工物-その他,レクリエーション,juman
友軍,ゆうぐん,yugun,普通名詞,組織・団体,政治,juman
夕暮れ,ゆうぐれ,yugure,普通名詞,抽象物;時間,,juman
夕飯,ゆうはん,yuhan,普通名詞,人工物-食べ物,家庭・暮らし,juman
夕日,ゆうひ,yuhi,普通名詞,自然物,,juman
遊歩道,ゆうほどう,yuhodo,普通名詞,場所-施設,交通,juman
優位,ゆうい,yui,ナ形容詞,,,juman
結納,ゆいのう,yuino,普通名詞,抽象物,家庭・暮らし,juman
友人,ゆうじん,yujin,普通名詞,人,,juman
遊女,ゆうじょ,yujo,普通名詞,人,,juman
床,ゆか,yuka,普通名詞,場所-施設部位,,juman
床暖房,ゆかだんぼう,yukadanbo,普通名詞,人工物-その他,家庭・暮らし,juman
融解,ゆうかい,yukai,サ変名詞,抽象物,教育・学習,juman
床板,ゆかいた,yukaita,普通名詞,人工物-その他,,juman
遊郭,ゆうかく,yukaku,普通名詞,場所-施設,,juman
夕刊,ゆうかん,yukan,普通名詞,人工物-その他,メディア,juman
ゆかしい,ゆかしい,yukashii,イ形容詞,,,juman
床下,ゆかした,yukashita,普通名詞,場所-施設部位,,juman
浴衣,ゆかた,yukata,普通名詞,人工物-衣類,家庭・暮らし,juman
床運動,ゆかうんどう,yukaundo,普通名詞,抽象物,スポーツ,juman
有権者,ゆうけんしゃ,yukensha,普通名詞,人,政治,juman
雪,ゆき,yuki,普通名詞,抽象物,,juman
行き場,ゆきば,yukiba,普通名詞,場所-その他,,juman
行き倒れ,ゆきだおれ,yukidaore,普通名詞,抽象物,,juman
雪達磨,ゆきだるま,yukidaruma,普通名詞,人工物-その他,レクリエーション,juman
雪解け,ゆきどけ,yukidoke,普通名詞,抽象物,,juman
雪雲,ゆきぐも,yukigumo,普通名詞,自然物,,juman
雪国,ゆきぐに,yukiguni,普通名詞,場所-その他,,juman
雪靴,ゆきぐつ,yukigutsu,普通名詞,人工物-衣類,家庭・暮らし,juman
雪掻き,ゆきかき,yukikaki,サ変名詞,抽象物,家庭・暮らし,juman
雪煙,ゆきけむり,yukikemuri,普通名詞,自然物,,juman
行き来,ゆきき,yukiki,サ変名詞,抽象物,,juman
雪見,ゆきみ,yukimi,普通名詞,抽象物,レクリエーション,juman
雪道,ゆきみち,yukimichi,普通名詞,場所-施設,交通,juman
雪折れ,ゆきおれ,yukiore,サ変名詞,抽象物,,juman
雪下ろし,ゆきおろし,yukioroshi,サ変名詞,抽象物,家庭・暮らし,juman
雪質,ゆきしつ,yukishitsu,普通名詞,抽象物,スポーツ,juman
雪焼け,ゆきやけ,yukiyake,サ変名詞,抽象物,家庭・暮らし,juman
雪山,ゆきやま,yukiyama,普通名詞,場所-自然,,juman
雪除け,ゆきよけ,yukiyoke,サ変名詞,抽象物,,juman
雪空,ゆきぞら,yukizora,普通名詞,抽象物,,manual
行き摺り,ゆきずり,yukizuri,普通名詞,抽象物,,juman
有効,ゆうこう,yuko,ナ形容詞,,,juman
夕刻,ゆうこく,yukoku,時相名詞,時間,,juman
行方,ゆくえ,yukue,普通名詞,場所-その他,,juman
行く末,ゆくすえ,yukusue,時相名詞,時間,,juman
行く手,ゆくて,yukute,普通名詞,場所-その他,,juman
行く年,ゆくとし,yukutoshi,普通名詞,時間,,juman
遊興,ゆうきょう,yukyo,サ変名詞,抽象物,レクリエーション,juman
悠久,ゆうきゅう,yukyu,ナ形容詞,,,juman
夢,ゆめ,yume,普通名詞,抽象物,家庭・暮らし,juman
夢心地,ゆめごこち,yumegokochi,普通名詞,抽象物,,manual
有名,ゆうめい,yumei,ナ形容詞,,,juman
夢路,ゆめじ,yumeji,普通名詞,抽象物,家庭・暮らし,juman
弓,ゆみ,yumi,普通名詞,人工物-その他,文化・芸術;スポーツ,juman
弓なり,ゆみなり,yuminari,普通名詞,形・模様,,juman
弓矢,ゆみや,yumiya,普通名詞,人工物-その他,スポーツ,juman
湯水,ゆみず,yumizu,普通名詞,自然物,,juman
勇猛,ゆうもう,yumo,ナ形容詞,,,juman
夕靄,ゆうもや,yumoya,普通名詞,抽象物,,manual
夕凪ぎ,ゆうなぎ,yunagi,普通名詞,抽象物,,juman
有能,ゆうのう,yuno,ナ形容詞,,,juman
湯飲み,ゆのみ,yunomi,普通名詞,人工物-その他,料理・食事,juman
揺らぐ,ゆらぐ,yuragu,動詞,,,juman
由来,ゆらい,yurai,サ変名詞,抽象物,,manual
遊楽,ゆうらく,yuraku,サ変名詞,抽象物,レクリエーション,juman
揺らめく,ゆらめく,yurameku,動詞,,,juman
遊覧,ゆうらん,yuran,サ変名詞,抽象物,レクリエーション,juman
揺られる,ゆられる,yurareru,動詞,,,juman
揺らす,ゆらす,yurasu,動詞,,,juman
幽霊,ゆうれい,yurei,普通名詞,人,文化・芸術,juman
揺れる,ゆれる,yureru,動詞,,,juman
百合,ゆり,yuri,普通名詞,植物,,juman
揺り返し,ゆりかえし,yurikaeshi,普通名詞,抽象物,,juman
揺り籠,ゆりかご,yurikago,普通名詞,人工物-その他,家庭・暮らし,juman
揺るがせる,ゆるがせる,yurugaseru,動詞,,,juman
揺るがす,ゆるがす,yurugasu,動詞,,,juman
揺るぐ,ゆるぐ,yurugu,動詞,,,juman
緩い,ゆるい,yurui,イ形容詞,,,juman
許す,ゆるす,yurusu,動詞,,,juman
緩やか,ゆるやか,yuruyaka,ナ形容詞,,,juman
遊漁,ゆうりょう,yuryo,サ変名詞,抽象物,レクリエーション,juman
有力,ゆうりょく,yuryoku,ナ形容詞,,,juman
油彩,ゆさい,yusai,普通名詞,人工物-その他,文化・芸術,juman
遊山,ゆさん,yusan,普通名詞,抽象物,レクリエーション,juman
遊星,ゆうせい,yusei,普通名詞,自然物,,juman
郵船,ゆうせん,yusen,普通名詞,人工物-乗り物,交通,juman
勇者,ゆうしゃ,yusha,普通名詞,人,,juman
油脂,ゆし,yushi,普通名詞,人工物-食べ物,,juman
優勝,ゆうしょう,yusho,サ変名詞,抽象物,スポーツ,juman
夕食,ゆうしょく,yushoku,普通名詞,人工物-食べ物,料理・食事,juman
優秀,ゆうしゅう,yushu,ナ形容詞,,,juman
有終の美,ゆうしゅうのび,yushunobi,普通名詞,抽象物,,juman
郵送,ゆうそう,yuso,サ変名詞,抽象物,家庭・暮らし,juman
濯ぐ,ゆすぐ,yusugu,動詞,,家庭・暮らし,juman
遊水池,ゆうすいち,yusuichi,普通名詞,場所-その他,,juman
揺する,ゆする,yusuru,動詞,,,juman
夕涼み,ゆうすずみ,yusuzumi,サ変名詞,抽象物,,juman
豊か,ゆたか,yutaka,ナ形容詞,,,juman
湯湯婆,ゆたんぽ,yutanpo,普通名詞,人工物-その他,家庭・暮らし,juman
友党,ゆうとう,yuto,普通名詞,組織・団体,政治,juman
ゆとり,ゆとり,yutori,普通名詞,抽象物,,juman
湯桶読み,ゆとうよみ,yutoyomi,普通名詞,抽象物,教育・学習,juman
憂鬱,ゆううつ,yutsu,ナ形容詞,,,juman
結う,ゆう,yuu,動詞,,家庭・暮らし,juman
結わえる,ゆわえる,yuwaeru,動詞,,,juman
湯沸かし,ゆわかし,yuwakashi,普通名詞,人工物-その他,料理・食事,juman
結わく,ゆわく,yuwaku,動詞,,,juman
夕焼け,ゆうやけ,yuyake,普通名詞,抽象物,,juman
夕闇,ゆうやみ,yuyami,普通名詞,抽象物,,manual
有用,ゆうよう,yuyo,ナ形容詞,,,juman
湯冷まし,ゆざまし,yuzamashi,普通名詞,人工物-食べ物,料理・食事,juman
湯冷め,ゆざめ,yuzame,サ変名詞,抽象物,家庭・暮らし,juman
友禅,ゆうぜん,yuzen,普通名詞,抽象物,文化・芸術,juman
柚子,ゆず,yuzu,普通名詞,植物;人工物-食べ物,料理・食事,juman
夕月,ゆうづき,yuzuki,普通名詞,自然物,,juman
夕月夜,ゆうづきよ,yuzukiyo,普通名詞,抽象物,,manual
譲る,ゆずる,yuzuru,動詞,,,juman
座布団,ざぶとん,zabuton,普通名詞,人工物-その他,家庭・暮らし,juman
座長,ざちょう,zacho,普通名詞,人,,juman
座談,ざだん,zadan,サ変名詞,抽象物,,manual
座頭,ざがしら,zagashira,普通名詞,人,文化・芸術,juman
財閥,ざいばつ,zaibatsu,普通名詞,組織・団体,ビジネス,juman
在学,ざいがく,zaigaku,サ変名詞,抽象物,教育・学習,juman
財宝,ざいほう,zaiho,普通名詞,人工物-金銭,,juman
財界,ざいかい,zaikai,普通名詞,場所-その他,ビジネス;政治,juman
在庫,ざいこ,zaiko,普通名詞,人工物-その他;抽象物,ビジネス,juman
材木,ざいもく,zaimoku,普通名詞,人工物-その他,,juman
材料,ざいりょう,zairyo,普通名詞,人工物-その他,,juman
在留,ざいりゅう,zairyu,サ変名詞,抽象物,家庭・暮らし;政治,juman
財産,ざいさん,zaisan,普通名詞,人工物-金銭,家庭・暮らし;政治,juman
在籍,ざいせき,zaiseki,サ変名詞,抽象物,教育・学習,juman
雑貨,ざっか,zakka,普通名詞,人工物-その他,家庭・暮らし,juman
雑菌,ざっきん,zakkin,普通名詞,動物,健康・医学,juman
雑穀,ざっこく,zakkoku,普通名詞,植物,料理・食事,juman
ざっくばらん,ざっくばらん,zakkubaran,ナ形容詞,,,juman
雑魚,ざこ,zako,普通名詞,動物,,juman
雑魚寝,ざこね,zakone,サ変名詞,抽象物,家庭・暮らし,juman
柘榴,ざくろ,zakuro,普通名詞,植物;人工物-食べ物,料理・食事,juman
ざま,ざま,zama,普通名詞,抽象物,,juman
残土,ざんど,zando,普通名詞,自然物,,juman
懺悔,ざんげ,zange,サ変名詞,抽象物,文化・芸術,juman
塹壕,ざんごう,zango,普通名詞,場所-施設,,juman
残金,ざんきん,zankin,普通名詞,人工物-金銭,家庭・暮らし;ビジネス,juman
残酷,ざんこく,zankoku,ナ形容詞,,,juman
残念,ざんねん,zannen,ナ形容詞,,,juman
残忍,ざんにん,zannin,ナ形容詞,,,juman
惨敗,ざんぱい,zanpai,サ変名詞,抽象物,スポーツ,juman
残飯,ざんぱん,zanpan,普通名詞,人工物-食べ物,料理・食事,juman
残塁,ざんるい,zanrui,サ変名詞,抽象物,スポーツ,juman
残雪,ざんせつ,zansetsu,普通名詞,自然物,,juman
残滓,ざんし,zanshi,普通名詞,人工物-その他,,juman
斬新,ざんしん,zanshin,ナ形容詞,,,juman
残党,ざんとう,zanto,普通名詞,人,政治,juman
雑費,ざっぴ,zappi,普通名詞,人工物-金銭,ビジネス,juman
ざら,ざら,zara,ナ形容詞,,,juman
ざら紙,ざらがみ,zaragami,普通名詞,人工物-その他,,juman
粗目,ざらめ,zarame,普通名詞,人工物-食べ物,料理・食事,juman
ざらつく,ざらつく,zaratsuku,動詞,,,juman
笊,ざる,zaru,普通名詞,人工物-その他,料理・食事,juman
ざるそば,ざるそば,zarusoba,普通名詞,人工物-食べ物,料理・食事,juman
座席,ざせき,zaseki,普通名詞,場所-施設部位,,juman
座敷,ざしき,zashiki,普通名詞,場所-施設,,juman
雑誌,ざっし,zasshi,普通名詞,人工物-その他;抽象物,文化・芸術,juman
雑草,ざっそう,zasso,普通名詞,植物,,juman
ざた,ざた,zata,普通名詞,抽象物,,juman
雑,ざつ,zatsu,ナ形容詞,,,juman
雑談,ざつだん,zatsudan,サ変名詞,抽象物,,manual
雑排水,ざつはいすい,zatsuhaisui,普通名詞,人工物-その他,家庭・暮らし,juman
雑音,ざつおん,zatsuon,普通名詞,抽象物,,manual
雑用,ざつよう,zatsuyo,普通名詞,抽象物,,manual
雑多,ざった,zatta,ナ形容詞,,,juman
雑踏,ざっとう,zatto,サ変名詞,抽象物,,manual
ざわめく,ざわめく,zawameku,動詞,,,juman
ざわつく,ざわつく,zawatsuku,動詞,,,juman
座右,ざゆう,zayu,普通名詞,場所-その他,,juman
座右の銘,ざゆうのめい,zayunomei,普通名詞,抽象物,,juman
座禅,ざぜん,zazen,普通名詞,抽象物,文化・芸術,juman
座像,ざぞう,zazo,普通名詞,抽象物;形・模様,文化・芸術,juman
脆弱,ぜいじゃく,zeijaku,ナ形容詞,,,juman
税関,ぜいかん,zeikan,普通名詞,組織・団体;場所-施設,ビジネス;政治,juman
税金,ぜいきん,zeikin,普通名詞,人工物-金銭,家庭・暮らし;ビジネス;政治,juman
税理士,ぜいりし,zeirishi,普通名詞,人,ビジネス;政治,juman
贅沢,ぜいたく,zeitaku,ナ形容詞,,,juman
絶海,ぜっかい,zekkai,普通名詞,場所-その他,,juman
絶景,ぜっけい,zekkei,普通名詞,抽象物,,manual
絶好,ぜっこう,zekko,普通名詞,抽象物,,manual
絶句,ぜっく,zekku,サ変名詞,抽象物,,manual
絶叫,ぜっきょう,zekkyo,サ変名詞,抽象物,,manual
膳,ぜん,zen,普通名詞,人工物-その他,料理・食事,juman
善悪,ぜんあく,zenaku,普通名詞,抽象物,,manual
全知全能,ぜんちぜんのう,zenchizenno,普通名詞,抽象物,文化・芸術,juman
前兆,ぜんちょう,zencho,普通名詞,抽象物,,manual
前代,ぜんだい,zendai,普通名詞,時間,,juman
善玉,ぜんだま,zendama,普通名詞,人;抽象物,健康・医学,juman
禅寺,ぜんでら,zendera,普通名詞,組織・団体;場所-施設,文化・芸術,juman
全土,ぜんど,zendo,普通名詞,場所-その他,政治,juman
前衛,ぜんえい,zenei,普通名詞,人,スポーツ;政治,juman
前月,ぜんげつ,zengetsu,時相名詞,時間,,juman
前後,ぜんご,zengo,サ変名詞,場所-機能,,juman
全軍,ぜんぐん,zengun,普通名詞,組織・団体,政治,juman
前半,ぜんはん,zenhan,時相名詞,時間,,juman
銭,ぜに,zeni,普通名詞,人工物-金銭,,juman
銭入れ,ぜにいれ,zeniire,普通名詞,人工物-その他,家庭・暮らし,juman
全域,ぜんいき,zeniki,普通名詞,場所-その他,,juman
全員,ぜんいん,zenin,普通名詞,人,,juman
禅師,ぜんじ,zenji,普通名詞,人,文化・芸術,juman
全人,ぜんじん,zenjin,普通名詞,人,,juman
全人代,ぜんじんだい,zenjindai,普通名詞,組織・団体,政治,juman
全日,ぜんじつ,zenjitsu,時相名詞,時間,,juman
全科,ぜんか,zenka,普通名詞,抽象物,教育・学習,juman
前回,ぜんかい,zenkai,時相名詞,時間,,juman
全巻,ぜんかん,zenkan,普通名詞,人工物-その他,文化・芸術,juman
全景,ぜんけい,zenkei,普通名詞,抽象物,,manual
全県,ぜんけん,zenken,普通名詞,場所-その他,,juman
前期,ぜんき,zenki,時相名詞,時間,,juman
全戸,ぜんこ,zenko,普通名詞,場所-施設,家庭・暮らし,juman
全国,ぜんこく,zenkoku,普通名詞,場所-その他,,juman
全曲,ぜんきょく,zenkyoku,普通名詞,抽象物,文化・芸術,juman
ぜんまい,ぜんまい,zenmai,普通名詞,人工物-その他,料理・食事,juman
全面,ぜんめん,zenmen,普通名詞,場所-その他,,juman
全滅,ぜんめつ,zenmetsu,サ変名詞,抽象物,,manual
前年,ぜんねん,zennen,時相名詞,時間,,juman
善人,ぜんにん,zennin,普通名詞,人,,juman
全敗,ぜんぱい,zenpai,サ変名詞,抽象物,スポーツ,juman
全編,ぜんぺん,zenpen,普通名詞,抽象物,文化・芸術,juman
前方,ぜんぽう,zenpo,普通名詞,場所-機能,,juman
前夫,ぜんぷ,zenpu,普通名詞,人,家庭・暮らし,juman
前列,ぜんれつ,zenretsu,普通名詞,場所-その他,,juman
前輪,ぜんりん,zenrin,普通名詞,人工物-その他,,juman
善良,ぜんりょう,zenryo,ナ形容詞,,,juman
全力,ぜんりょく,zenryoku,普通名詞,抽象物,,manual
前菜,ぜんさい,zensai,普通名詞,人工物-食べ物,料理・食事,juman
前作,ぜんさく,zensaku,普通名詞,抽象物,文化・芸術,juman
前世,ぜんせ,zense,普通名詞,時間,文化・芸術,juman
全線,ぜんせん,zensen,普通名詞,場所-施設,交通,juman
前節,ぜんせつ,zensetsu,普通名詞,抽象物,スポーツ,juman
全社,ぜんしゃ,zensha,普通名詞,組織・団体,ビジネス,juman
全市,ぜんし,zenshi,普通名詞,組織・団体;場所-その他,,juman
全身,ぜんしん,zenshin,普通名詞,動物-部位,,juman
全書,ぜんしょ,zensho,普通名詞,抽象物,文化・芸術,juman
前週,ぜんしゅう,zenshu,時相名詞,時間,,juman
前奏,ぜんそう,zenso,普通名詞,抽象物,文化・芸術,juman
全速力,ぜんそくりょく,zensokuryoku,普通名詞,抽象物,,manual
全体,ぜんたい,zentai,普通名詞,抽象物,,manual
前庭,ぜんてい,zentei,普通名詞,場所-施設,,juman
全店,ぜんてん,zenten,普通名詞,組織・団体,,juman
全党,ぜんとう,zento,普通名詞,組織・団体,政治,juman
前夜,ぜんや,zenya,時相名詞,時間,,juman
前座,ぜんざ,zenza,普通名詞,抽象物,文化・芸術,juman
善哉,ぜんざい,zenzai,普通名詞,人工物-食べ物;抽象物,料理・食事,juman
絶版,ぜっぱん,zeppan,普通名詞,抽象物,文化・芸術,juman
絶壁,ぜっぺき,zeppeki,普通名詞,場所-自然,,juman
絶品,ぜっぴん,zeppin,普通名詞,抽象物,料理・食事,juman
絶筆,ぜっぴつ,zeppitsu,普通名詞,抽象物,文化・芸術,juman
絶賛,ぜっさん,zessan,サ変名詞,抽象物,,manual
絶頂,ぜっちょう,zetcho,普通名詞,場所-その他;抽象物,,juman
絶望,ぜつぼう,zetsubo,サ変名詞,抽象物,,manual
絶大,ぜつだい,zetsudai,ナ形容詞,,,juman
絶縁,ぜつえん,zetsuen,サ変名詞,抽象物,科学・技術;家庭・暮らし,juman
絶滅,ぜつめつ,zetsumetsu,サ変名詞,抽象物,,manual
絶妙,ぜつみょう,zetsumyo,ナ形容詞,,,juman
増便,ぞうびん,zobin,サ変名詞,抽象物,交通,juman
象亀,ぞうがめ,zogame,普通名詞,動物,,juman
象眼,ぞうがん,zogan,サ変名詞,抽象物,文化・芸術,juman
象牙,ぞうげ,zoge,普通名詞,動物-部位,,juman
造語,ぞうご,zogo,サ変名詞,抽象物,教育・学習,juman
増発,ぞうはつ,zohatsu,サ変名詞,抽象物,交通,juman
増補,ぞうほ,zoho,サ変名詞,抽象物,文化・芸術;メディア,juman
沿い,ぞい,zoi,普通名詞,場所-その他,,juman
造花,ぞうか,zoka,普通名詞,人工物-その他,,juman
増改築,ぞうかいちく,zokaichiku,普通名詞,抽象物,家庭・暮らし,juman
増刊,ぞうかん,zokan,サ変名詞,抽象物,文化・芸術;メディア,juman
増結,ぞうけつ,zoketsu,サ変名詞,抽象物,交通,juman
雑木,ぞうき,zoki,普通名詞,植物,,juman
雑木林,ぞうきばやし,zokibayashi,普通名詞,場所-その他,,juman
雑巾,ぞうきん,zokin,普通名詞,人工物-その他,家庭・暮らし,juman
雑巾掛け,ぞうきんがけ,zokingake,サ変名詞,抽象物,家庭・暮らし,juman
続行,ぞっこう,zokko,サ変名詞,抽象物,,manual
属国,ぞっこく,zokkoku,普通名詞,場所-その他,政治,juman
賊,ぞく,zoku,普通名詞,人,,juman
俗悪,ぞくあく,zokuaku,ナ形容詞,,,juman
族長,ぞくちょう,zokucho,普通名詞,人,政治,juman
俗語,ぞくご,zokugo,普通名詞,抽象物,教育・学習,juman
賊軍,ぞくぐん,zokugun,普通名詞,組織・団体,政治,juman
続編,ぞくへん,zokuhen,普通名詞,抽象物,文化・芸術,juman
俗名,ぞくみょう,zokumyo,普通名詞,抽象物,文化・芸術;家庭・暮らし,juman
続出,ぞくしゅつ,zokushutsu,サ変名詞,抽象物,,manual
続投,ぞくとう,zokuto,サ変名詞,抽象物,スポーツ,juman
増強,ぞうきょう,zokyo,サ変名詞,抽象物,,manual
臓物,ぞうもつ,zomotsu,普通名詞,動物-部位,料理・食事,juman
存分,ぞんぶん,zonbun,ナ形容詞,,,juman
存外,ぞんがい,zongai,ナ形容詞,,,juman
雑煮,ぞうに,zoni,普通名詞,人工物-食べ物,料理・食事,juman
ぞんざい,ぞんざい,zonzai,ナ形容詞,,,juman
草履,ぞうり,zori,普通名詞,人工物-衣類,家庭・暮らし,juman
草履虫,ぞうりむし,zorimushi,普通名詞,動物,,juman
増刷,ぞうさつ,zosatsu,サ変名詞,人工物-その他;抽象物,メディア,juman
蔵書,ぞうしょ,zosho,普通名詞,抽象物,,manual
雑炊,ぞうすい,zosui,普通名詞,人工物-食べ物,料理・食事,juman
贈答,ぞうとう,zoto,サ変名詞,抽象物,家庭・暮らし;ビジネス,juman
贈与,ぞうよ,zoyo,サ変名詞,抽象物,家庭・暮らし;政治,juman
図案,ずあん,zuan,普通名詞,人工物-その他;抽象物,,juman
ずば抜ける,ずばぬける,zubanukeru,動詞,,,juman
ずぼら,ずぼら,zubora,ナ形容詞,,,juman
図星,ずぼし,zuboshi,普通名詞,抽象物,,manual
ずぶ濡れ,ずぶぬれ,zubunure,普通名詞,抽象物,,juman
図画,ずが,zuga,普通名詞,人工物-その他;抽象物,教育・学習,juman
頭蓋,ずがい,zugai,普通名詞,動物-部位,健康・医学,juman
図柄,ずがら,zugara,普通名詞,抽象物,,manual
図版,ずはん,zuhan,普通名詞,人工物-その他;抽象物,文化・芸術,juman
図表,ずひょう,zuhyo,普通名詞,抽象物,,manual
随分,ずいぶん,zuibun,ナ形容詞,,,juman
随筆,ずいひつ,zuihitsu,普通名詞,抽象物,文化・芸術,juman
随意,ずいい,zuii,ナ形容詞,,,juman
随一,ずいいち,zuiichi,普通名詞,抽象物,,manual
随員,ずいいん,zuiin,普通名詞,人,政治,juman
随所,ずいしょ,zuisho,普通名詞,場所-その他,,juman
随想,ずいそう,zuiso,普通名詞,抽象物,文化・芸術,juman
頭上,ずじょう,zujo,普通名詞,場所-その他,,juman
図解,ずかい,zukai,サ変名詞,抽象物,,manual
図鑑,ずかん,zukan,普通名詞,人工物-その他;抽象物,教育・学習,juman
図形,ずけい,zukei,普通名詞,形・模様,,juman
頭巾,ずきん,zukin,普通名詞,人工物-衣類,家庭・暮らし,juman
図工,ずこう,zuko,普通名詞,抽象物,教育・学習,juman
図面,ずめん,zumen,普通名詞,人工物-その他,,juman
頭脳,ずのう,zuno,普通名詞,動物-部位,,juman
ずらかる,ずらかる,zurakaru,動詞,,,juman
ずらす,ずらす,zurasu,動詞,,,juman
ずれる,ずれる,zureru,動詞,,,juman
ずり下がる,ずりさがる,zurisagaru,動詞,,,juman
ずる,ずる,zuru,動詞,,,juman
ずるい,ずるい,zurui,イ形容詞,,,juman
ずるずる,ずるずる,zuruzuru,ナ形容詞,,,juman
杜撰,ずさん,zusan,ナ形容詞,,,juman
厨子,ずし,zushi,普通名詞,人工物-その他,文化・芸術,juman
図式,ずしき,zushiki,普通名詞,抽象物,,manual
図体,ずうたい,zutai,普通名詞,動物-部位,,juman
ずたずた,ずたずた,zutazuta,ナ形容詞,,,juman
図像,ずぞう,zuzo,普通名詞,抽象物,文化・芸術,juman
ずうずうしい,ずうずうしい,zuzushii,イ形容詞,,,juman
