word,hiragana,romaji,reason,note,pos,category
あぶく,あぶく,abuku,abstract_word,抽象物,普通名詞,抽象物
仇討ち,あだうち,adauchi,abstract_word,抽象物,サ変名詞,抽象物
上がったり,あがったり,agattari,abstract_word,抽象物,普通名詞,抽象物
揚げ足,あげあし,ageashi,abstract_word,抽象物,普通名詞,抽象物
上げ下ろし,あげおろし,ageoroshi,abstract_word,抽象物,サ変名詞,抽象物
上げ下げ,あげさげ,agesage,abstract_word,抽象物,サ変名詞,抽象物
愛想尽かし,あいそづかし,aisozukashi,abstract_word,抽象物,普通名詞,抽象物
赤旗,あかはた,akahata,abstract_word,人工物-その他;抽象物,普通名詞,人工物-その他;抽象物
証,あかし,akashi,abstract_word,人工物-その他;抽象物,普通名詞,人工物-その他;抽象物
飽き飽き,あきあき,akiaki,abstract_word,抽象物,サ変名詞,抽象物
雨晒し,あまざらし,amazarashi,abstract_word,抽象物,普通名詞,抽象物
網の目,あみのめ,aminome,abstract_word,抽象物,普通名詞,抽象物
あんばい,あんばい,anbai,abstract_word,抽象物,普通名詞,抽象物
暗鬼,あんき,anki,abstract_word,人;抽象物,普通名詞,人;抽象物
彼の手此の手,あのてこのて,anotekonote,abstract_word,抽象物,普通名詞,抽象物
粗,あら,ara,abstract_word,人工物-その他;抽象物,普通名詞,人工物-その他;抽象物
洗い晒し,あらいざらし,araizarashi,abstract_word,抽象物,普通名詞,抽象物
あらまし,あらまし,aramashi,abstract_word,抽象物,普通名詞,抽象物
粗探し,あらさがし,arasagashi,abstract_word,抽象物,サ変名詞,抽象物
有り明け,ありあけ,ariake,abstract_word,抽象物;時間,普通名詞,抽象物;時間
有り合わせ,ありあわせ,ariawase,abstract_word,抽象物,普通名詞,抽象物
有り様,ありさま,arisama,abstract_word,抽象物,普通名詞,抽象物
朝駆け,あさがけ,asagake,abstract_word,抽象物,サ変名詞,抽象物
朝凪ぎ,あさなぎ,asanagi,abstract_word,抽象物,普通名詞,抽象物
足取り,あしどり,ashidori,abstract_word,抽象物,普通名詞,抽象物
足固め,あしがため,ashigatame,abstract_word,抽象物,サ変名詞,抽象物
足並み,あしなみ,ashinami,abstract_word,抽象物,普通名詞,抽象物
足慣らし,あしならし,ashinarashi,abstract_word,抽象物,サ変名詞,抽象物
頭ごなし,あたまごなし,atamagonashi,abstract_word,抽象物,普通名詞,抽象物
頭越し,あたまごし,atamagoshi,abstract_word,抽象物,普通名詞,抽象物
頭打ち,あたまうち,atamauchi,abstract_word,抽象物,普通名詞,抽象物
辺り,あたり,atari,abstract_word,場所-機能;抽象物,普通名詞,場所-機能;抽象物
当たり障り,あたりさわり,atarisawari,abstract_word,抽象物,普通名詞,抽象物
当て字,あてじ,ateji,abstract_word,抽象物,普通名詞,抽象物
当て擦り,あてこすり,atekosuri,abstract_word,抽象物,普通名詞,抽象物
宛て名,あてな,atena,abstract_word,抽象物,普通名詞,抽象物
後回し,あとまわし,atomawashi,abstract_word,抽象物,普通名詞,抽象物
後の祭り,あとのまつり,atonomatsuri,abstract_word,抽象物,普通名詞,抽象物
後退り,あとずさり,atozusari,abstract_word,抽象物,サ変名詞,抽象物
あうんの呼吸,あうんのこきゅう,aunnokokyu,abstract_word,抽象物,普通名詞,抽象物
場当たり,ばあたり,baatari,abstract_word,抽象物,普通名詞,抽象物
化けの皮,ばけのかわ,bakenokawa,abstract_word,抽象物,普通名詞,抽象物
場慣れ,ばなれ,banare,abstract_word,抽象物,サ変名詞,抽象物
万象,ばんしょう,bansho,abstract_word,形・模様;抽象物,普通名詞,抽象物;形・模様
便覧,べんらん,benran,abstract_word,人工物-その他;抽象物,普通名詞,人工物-その他;抽象物
べそ,べそ,beso,abstract_word,抽象物,普通名詞,抽象物
べた褒め,べたほめ,betahome,abstract_word,抽象物,サ変名詞,抽象物
別物,べつもの,betsumono,abstract_word,人工物-その他;抽象物,普通名詞,人工物-その他;抽象物
びり,びり,biri,abstract_word,抽象物,普通名詞,抽象物
棒立ち,ぼうだち,bodachi,abstract_word,抽象物,普通名詞,抽象物
棒読み,ぼうよみ,boyomi,abstract_word,抽象物,サ変名詞,抽象物
ぶっ続け,ぶっつづけ,buttsuzuke,abstract_word,抽象物,普通名詞,抽象物
茶目っ気,ちゃめっけ,chamekke,abstract_word,抽象物,普通名詞,抽象物
茶摘み,ちゃつみ,chatsumi,abstract_word,抽象物,サ変名詞,抽象物
力添え,ちからぞえ,chikarazoe,abstract_word,抽象物,サ変名詞,抽象物
力ずく,ちからずく,chikarazuku,abstract_word,抽象物,普通名詞,抽象物
鳥瞰図,ちょうかんず,chokanzu,abstract_word,人工物-その他;抽象物,普通名詞,人工物-その他;抽象物
直面,ちょくめん,chokumen,abstract_word,場所-機能;抽象物,サ変名詞,場所-機能;抽象物
中軸,ちゅうじく,chujiku,abstract_word,人工物-その他;抽象物,普通名詞,人工物-その他;抽象物
中間,ちゅうかん,chukan,abstract_word,場所-機能;抽象物,普通名詞,場所-機能;抽象物
宙吊り,ちゅうづり,chuzuri,abstract_word,抽象物,普通名詞,抽象物
代表,だいひょう,daihyo,abstract_word,人;抽象物,サ変名詞,人;抽象物
抱き合わせ,だきあわせ,dakiawase,abstract_word,抽象物,普通名詞,抽象物
だんまり,だんまり,danmari,abstract_word,抽象物,普通名詞,抽象物
出し入れ,だしいれ,dashiire,abstract_word,抽象物,普通名詞,抽象物
出し物,だしもの,dashimono,abstract_word,抽象物,普通名詞,抽象物
出だし,でだし,dedashi,abstract_word,抽象物,普通名詞,抽象物
出来合い,できあい,dekiai,abstract_word,抽象物,普通名詞,抽象物
出来栄え,できばえ,dekibae,abstract_word,抽象物,普通名詞,抽象物
電報,でんぽう,denpo,abstract_word,人工物-その他;抽象物,普通名詞,人工物-その他;抽象物
出初め式,でぞめしき,dezomeshiki,abstract_word,抽象物,普通名詞,抽象物
出ずっぱり,でずっぱり,dezuppari,abstract_word,抽象物,普通名詞,抽象物
度合い,どあい,doai,abstract_word,抽象物,普通名詞,抽象物
土台,どだい,dodai,abstract_word,人工物-その他;抽象物,普通名詞,人工物-その他;抽象物
道具立て,どうぐだて,dogudate,abstract_word,抽象物,サ変名詞,抽象物
ど根性,どこんじょう,dokonjo,abstract_word,抽象物,普通名詞,抽象物
胴突き,どうづき,dozuki,abstract_word,抽象物,普通名詞,抽象物
枝打ち,えだうち,edauchi,abstract_word,抽象物,サ変名詞,抽象物
縁の下,えんのした,ennoshita,abstract_word,場所-施設部位;抽象物,普通名詞,場所-施設部位;抽象物
縁続き,えんつづき,entsuzuki,abstract_word,抽象物,普通名詞,抽象物
選り取り,えりどり,eridori,abstract_word,抽象物,普通名詞,抽象物
風合い,ふうあい,fuai,abstract_word,抽象物,普通名詞,抽象物
不払い,ふばらい,fubarai,abstract_word,抽象物,普通名詞,抽象物
封印,ふういん,fuin,abstract_word,人工物-その他;抽象物,サ変名詞,人工物-その他;抽象物
深追い,ふかおい,fukaoi,abstract_word,抽象物,サ変名詞,抽象物
吹き曝し,ふきさらし,fukisarashi,abstract_word,抽象物,普通名詞,抽象物
吹きっさらし,ふきっさらし,fukissarashi,abstract_word,抽象物,普通名詞,抽象物
腹背,ふくはい,fukuhai,abstract_word,場所-その他;抽象物,普通名詞,場所-その他;抽象物
袋叩き,ふくろだたき,fukurodataki,abstract_word,抽象物,普通名詞,抽象物
踏み絵,ふみえ,fumie,abstract_word,抽象物,普通名詞,抽象物
踏ん切り,ふんぎり,fungiri,abstract_word,抽象物,普通名詞,抽象物
触れ込み,ふれこみ,furekomi,abstract_word,抽象物,普通名詞,抽象物
振り仮名,ふりがな,furigana,abstract_word,抽象物,普通名詞,抽象物
二つ返事,ふたつへんじ,futatsuhenji,abstract_word,抽象物,サ変名詞,抽象物
冬籠もり,ふゆごもり,fuyugomori,abstract_word,抽象物,サ変名詞,抽象物
付図,ふず,fuzu,abstract_word,人工物-その他;抽象物,普通名詞,人工物-その他;抽象物
崖崩れ,がけくずれ,gakekuzure,abstract_word,抽象物,普通名詞,抽象物
がんじがらめ,がんじがらめ,ganjigarame,abstract_word,抽象物,普通名詞,抽象物
がら空き,がらあき,garaaki,abstract_word,抽象物,普通名詞,抽象物
合作,がっさく,gassaku,abstract_word,人工物-その他;抽象物,サ変名詞,人工物-その他;抽象物
元凶,げんきょう,genkyo,abstract_word,人;抽象物,普通名詞,人;抽象物
源流,げんりゅう,genryu,abstract_word,場所-自然;抽象物,普通名詞,場所-自然;抽象物
原材料,げんざいりょう,genzairyo,abstract_word,人工物-その他;抽象物,普通名詞,人工物-その他;抽象物
ごっこ,ごっこ,gokko,abstract_word,抽象物,普通名詞,抽象物
ご都合主義,ごつごうしゅぎ,gotsugoshugi,abstract_word,抽象物,普通名詞,抽象物
群落,ぐんらく,gunraku,abstract_word,場所-その他;抽象物,普通名詞,場所-その他;抽象物
ぐるぐる巻き,ぐるぐるまき,gurugurumaki,abstract_word,抽象物,普通名詞,抽象物
羽振り,はぶり,haburi,abstract_word,抽象物,普通名詞,抽象物
歯止め,はどめ,hadome,abstract_word,抽象物,普通名詞,抽象物
羽交い締め,はがいじめ,hagaijime,abstract_word,抽象物,普通名詞,抽象物
廃墟,はいきょ,haikyo,abstract_word,場所-施設;抽象物,普通名詞,場所-施設;抽象物
恥の上塗り,はじのうわぬり,hajinowanuri,abstract_word,抽象物,普通名詞,抽象物
捌け口,はけぐち,hakeguchi,abstract_word,抽象物,普通名詞,抽象物
箱入り,はこいり,hakoiri,abstract_word,抽象物,普通名詞,抽象物
拍車,はくしゃ,hakusha,abstract_word,人工物-その他;抽象物,普通名詞,人工物-その他;抽象物
鼻持ち,はなもち,hanamochi,abstract_word,抽象物,普通名詞,抽象物
はなむけ,はなむけ,hanamuke,abstract_word,抽象物,普通名詞,抽象物
鼻っ柱,はなっぱしら,hanappashira,abstract_word,抽象物,普通名詞,抽象物
離れ業,はなれわざ,hanarewaza,abstract_word,抽象物,普通名詞,抽象物
鼻摘まみ,はなつまみ,hanatsumami,abstract_word,人;抽象物,普通名詞,人;抽象物
半身,はんみ,hanmi,abstract_word,動物-部位;抽象物,普通名詞,動物-部位;抽象物
腹癒せ,はらいせ,haraise,abstract_word,抽象物,普通名詞,抽象物
腹積もり,はらづもり,harazumori,abstract_word,抽象物,普通名詞,抽象物
晴れ舞台,はれぶたい,harebutai,abstract_word,抽象物,普通名詞,抽象物
晴れ姿,はれすがた,haresugata,abstract_word,抽象物,普通名詞,抽象物
端書き,はしがき,hashigaki,abstract_word,抽象物,普通名詞,抽象物
走り使い,はしりづかい,hashirizukai,abstract_word,抽象物,普通名詞,抽象物
旗振り,はたふり,hatafuri,abstract_word,抽象物,普通名詞,抽象物
畑違い,はたけちがい,hatakechigai,abstract_word,抽象物,普通名詞,抽象物
叩き込み,はたきこみ,hatakikomi,abstract_word,抽象物,普通名詞,抽象物
果たし合い,はたしあい,hatashiai,abstract_word,抽象物,サ変名詞,抽象物
果てし,はてし,hateshi,abstract_word,抽象物,普通名詞,抽象物
はったり,はったり,hattari,abstract_word,抽象物,普通名詞,抽象物
早仕舞い,はやじまい,hayajimai,abstract_word,抽象物,サ変名詞,抽象物
早道,はやみち,hayamichi,abstract_word,場所-施設;抽象物,普通名詞,場所-施設;抽象物
早飲み込み,はやのみこみ,hayanomikomi,abstract_word,抽象物,サ変名詞,抽象物
早とちり,はやとちり,hayatochiri,abstract_word,抽象物,サ変名詞,抽象物
早打ち,はやうち,hayauchi,abstract_word,抽象物,普通名詞,抽象物
早咲き,はやざき,hayazaki,abstract_word,抽象物,普通名詞,抽象物
へま,へま,hema,abstract_word,抽象物,普通名詞,抽象物
片鱗,へんりん,henrin,abstract_word,動物-部位;抽象物,普通名詞,動物-部位;抽象物
変種,へんしゅ,henshu,abstract_word,抽象物;植物,普通名詞,植物;抽象物
減らず口,へらずぐち,herazuguchi,abstract_word,抽象物,普通名詞,抽象物
臍曲がり,へそまがり,hesomagari,abstract_word,抽象物,普通名詞,抽象物
へったくれ,へったくれ,hettakure,abstract_word,抽象物,普通名詞,抽象物
日取り,ひどり,hidori,abstract_word,抽象物,普通名詞,抽象物
日替わり,ひがわり,higawari,abstract_word,抽象物,普通名詞,抽象物
引け目,ひけめ,hikeme,abstract_word,抽象物,普通名詞,抽象物
引っ込み思案,ひっこみじあん,hikkomijian,abstract_word,抽象物,普通名詞,抽象物
日増し,ひまし,himashi,abstract_word,抽象物,普通名詞,抽象物
雛形,ひながた,hinagata,abstract_word,人工物-その他;抽象物,普通名詞,人工物-その他;抽象物
火の気,ひのけ,hinoke,abstract_word,抽象物,普通名詞,抽象物
火の車,ひのくるま,hinokuruma,abstract_word,抽象物,普通名詞,抽象物
火の手,ひのて,hinote,abstract_word,抽象物,普通名詞,抽象物
引っ張り凧,ひっぱりだこ,hipparidako,abstract_word,抽象物,普通名詞,抽象物
平謝り,ひらあやまり,hiraayamari,abstract_word,抽象物,普通名詞,抽象物
平手,ひらて,hirate,abstract_word,動物-部位;抽象物,普通名詞,動物-部位;抽象物
平手打ち,ひらてうち,hirateuchi,abstract_word,抽象物,普通名詞,抽象物
人当たり,ひとあたり,hitoatari,abstract_word,抽象物,普通名詞,抽象物
人集り,ひとだかり,hitodakari,abstract_word,抽象物,サ変名詞,抽象物
一筆書き,ひとふでがき,hitofudegaki,abstract_word,抽象物,普通名詞,抽象物
ひとかど,ひとかど,hitokado,abstract_word,抽象物,普通名詞,抽象物
一抱え,ひとかかえ,hitokakae,abstract_word,抽象物,普通名詞,抽象物
人食い,ひとくい,hitokui,abstract_word,抽象物,普通名詞,抽象物
人任せ,ひとまかせ,hitomakase,abstract_word,抽象物,普通名詞,抽象物
一纏め,ひとまとめ,hitomatome,abstract_word,抽象物,普通名詞,抽象物
一巡り,ひとめぐり,hitomeguri,abstract_word,抽象物,サ変名詞,抽象物
一握り,ひとにぎり,hitonigiri,abstract_word,抽象物,普通名詞,抽象物
独り勝ち,ひとりがち,hitorigachi,abstract_word,抽象物,普通名詞,抽象物
人となり,ひととなり,hitotonari,abstract_word,抽象物,普通名詞,抽象物
人使い,ひとづかい,hitozukai,abstract_word,抽象物,普通名詞,抽象物
人付き合い,ひとづきあい,hitozukiai,abstract_word,抽象物,普通名詞,抽象物
冷やりと,ひやりと,hiyarito,abstract_word,抽象物,サ変名詞,抽象物
ひよっこ,ひよっこ,hiyokko,abstract_word,抽象物,普通名詞,抽象物
褒美,ほうび,hobi,abstract_word,人工物-その他;抽象物,普通名詞,人工物-その他;抽象物
誉れ,ほまれ,homare,abstract_word,抽象物,普通名詞,抽象物
本降り,ほんぶり,honburi,abstract_word,抽象物,普通名詞,抽象物
骨抜き,ほねぬき,honenuki,abstract_word,抽象物,普通名詞,抽象物
骨折り,ほねおり,honeori,abstract_word,抽象物,普通名詞,抽象物
骨惜しみ,ほねおしみ,honeoshimi,abstract_word,抽象物,サ変名詞,抽象物
骨っ節,ほねっぷし,honeppushi,abstract_word,動物-部位;抽象物,普通名詞,動物-部位;抽象物
本決まり,ほんぎまり,hongimari,abstract_word,抽象物,普通名詞,抽象物
本曇り,ほんぐもり,hongumori,abstract_word,抽象物,普通名詞,抽象物
本書,ほんしょ,honsho,abstract_word,人工物-その他;抽象物,普通名詞,人工物-その他;抽象物
ほろりと,ほろりと,hororito,abstract_word,抽象物,サ変名詞,抽象物
ほとぼり,ほとぼり,hotobori,abstract_word,抽象物,普通名詞,抽象物
頬擦り,ほおずり,hozuri,abstract_word,抽象物,サ変名詞,抽象物
一覧,いちらん,ichiran,abstract_word,人工物-その他;抽象物,サ変名詞,人工物-その他;抽象物
出で立ち,いでたち,idetachi,abstract_word,抽象物,普通名詞,抽象物
言い分,いいぶん,iibun,abstract_word,抽象物,普通名詞,抽象物
言い掛かり,いいがかり,iigakari,abstract_word,抽象物,普通名詞,抽象物
言い種,いいぐさ,iigusa,abstract_word,抽象物,普通名詞,抽象物
言い回し,いいまわし,iimawashi,abstract_word,抽象物,普通名詞,抽象物
言い成り,いいなり,iinari,abstract_word,抽象物,普通名詞,抽象物
いかさま,いかさま,ikasama,abstract_word,抽象物,サ変名詞,抽象物
行き掛かり,いきがかり,ikigakari,abstract_word,抽象物,普通名詞,抽象物
行き帰り,いきかえり,ikikaeri,abstract_word,抽象物,普通名詞,抽象物
いきさつ,いきさつ,ikisatsu,abstract_word,抽象物,普通名詞,抽象物
生き埋め,いきうめ,ikiume,abstract_word,抽象物,普通名詞,抽象物
生き写し,いきうつし,ikiutsushi,abstract_word,抽象物,普通名詞,抽象物
生き様,いきざま,ikizama,abstract_word,抽象物,普通名詞,抽象物
息遣い,いきづかい,ikizukai,abstract_word,抽象物,普通名詞,抽象物
一騎打ち,いっきうち,ikkiuchi,abstract_word,抽象物,普通名詞,抽象物
意味合い,いみあい,imiai,abstract_word,抽象物,普通名詞,抽象物
陰影,いんえい,inei,abstract_word,場所-自然;抽象物,普通名詞,場所-自然;抽象物
稲扱き,いねこき,inekoki,abstract_word,抽象物,サ変名詞,抽象物
命掛け,いのちがけ,inochigake,abstract_word,抽象物,普通名詞,抽象物
命乞い,いのちごい,inochigoi,abstract_word,抽象物,サ変名詞,抽象物
命取り,いのちとり,inochitori,abstract_word,抽象物,普通名詞,抽象物
いの一番,いのいちばん,inoichiban,abstract_word,抽象物,普通名詞,抽象物
一本立ち,いっぽんだち,ippondachi,abstract_word,抽象物,サ変名詞,抽象物
入れ知恵,いれぢえ,irejie,abstract_word,抽象物,サ変名詞,抽象物
色合い,いろあい,iroai,abstract_word,抽象物,普通名詞,抽象物
諍い,いさかい,isakai,abstract_word,抽象物,サ変名詞,抽象物
勇み足,いさみあし,isamiashi,abstract_word,抽象物,普通名詞,抽象物
石積み,いしづみ,ishizumi,abstract_word,抽象物,普通名詞,抽象物
急ぎ足,いそぎあし,isogiashi,abstract_word,抽象物,普通名詞,抽象物
一足飛び,いっそくとび,issokutobi,abstract_word,抽象物,普通名詞,抽象物
板張り,いたばり,itabari,abstract_word,抽象物,サ変名詞,抽象物
板挟み,いたばさみ,itabasami,abstract_word,抽象物,普通名詞,抽象物
いたちごっこ,いたちごっこ,itachigokko,abstract_word,抽象物,普通名詞,抽象物
板敷き,いたじき,itajiki,abstract_word,抽象物,普通名詞,抽象物
致し方,いたしかた,itashikata,abstract_word,抽象物,普通名詞,抽象物
いとま,いとま,itoma,abstract_word,抽象物,サ変名詞,抽象物
暇乞い,いとまごい,itomagoi,abstract_word,抽象物,サ変名詞,抽象物
一点張り,いってんばり,ittenbari,abstract_word,抽象物,普通名詞,抽象物
曰く,いわく,iwaku,abstract_word,抽象物,普通名詞,抽象物
曰く付き,いわくつき,iwakutsuki,abstract_word,抽象物,普通名詞,抽象物
謂われ,いわれ,iware,abstract_word,抽象物,普通名詞,抽象物
嫌がらせ,いやがらせ,iyagarase,abstract_word,抽象物,サ変名詞,抽象物
いざこざ,いざこざ,izakoza,abstract_word,抽象物,普通名詞,抽象物
地盤,じばん,jiban,abstract_word,場所-その他;抽象物,普通名詞,場所-その他;抽象物
時代後れ,じだいおくれ,jidaiokure,abstract_word,抽象物,普通名詞,抽象物
じだんだ,じだんだ,jidanda,abstract_word,抽象物,普通名詞,抽象物
地固め,じがため,jigatame,abstract_word,抽象物,サ変名詞,抽象物
直播き,じかまき,jikamaki,abstract_word,抽象物,サ変名詞,抽象物
時間切れ,じかんぎれ,jikangire,abstract_word,抽象物,普通名詞,抽象物
軸,じく,jiku,abstract_word,人工物-その他;抽象物,普通名詞,人工物-その他;抽象物
じまい,じまい,jimai,abstract_word,抽象物,普通名詞,抽象物
地均し,じならし,jinarashi,abstract_word,抽象物,サ変名詞,抽象物
地続き,じつづき,jitsuzuki,abstract_word,抽象物,普通名詞,抽象物
字詰め,じづめ,jizume,abstract_word,抽象物,普通名詞,抽象物
序の口,じょのくち,jonokuchi,abstract_word,抽象物,普通名詞,抽象物
順繰り,じゅんぐり,junguri,abstract_word,抽象物,普通名詞,抽象物
順序,じゅんじょ,junjo,abstract_word,抽象物;時間,普通名詞,抽象物;時間
順送り,じゅんおくり,junokuri,abstract_word,抽象物,サ変名詞,抽象物
勝ち鬨,かちどき,kachidoki,abstract_word,抽象物,普通名詞,抽象物
勝ち目,かちめ,kachime,abstract_word,抽象物,普通名詞,抽象物
返す刀,かえすかたな,kaesukatana,abstract_word,抽象物,普通名詞,抽象物
鉤裂き,かぎざき,kagizaki,abstract_word,抽象物,普通名詞,抽象物
蝸牛,かぎゅう,kagyu,abstract_word,動物;抽象物,普通名詞,動物;抽象物
介添え,かいぞえ,kaizoe,abstract_word,抽象物,サ変名詞,抽象物
海図,かいず,kaizu,abstract_word,人工物-その他;抽象物,普通名詞,人工物-その他;抽象物
掛かりきり,かかりきり,kakarikiri,abstract_word,抽象物,普通名詞,抽象物
書き言葉,かきことば,kakikotoba,abstract_word,抽象物,普通名詞,抽象物
書き物,かきもの,kakimono,abstract_word,抽象物,普通名詞,抽象物
垣根,かきね,kakine,abstract_word,場所-施設部位;抽象物,普通名詞,場所-施設部位;抽象物
囲い込み,かこいこみ,kakoikomi,abstract_word,抽象物,普通名詞,抽象物
格上げ,かくあげ,kakuage,abstract_word,抽象物,サ変名詞,抽象物
隠れ蓑,かくれみの,kakuremino,abstract_word,抽象物,普通名詞,抽象物
格下げ,かくさげ,kakusage,abstract_word,抽象物,サ変名詞,抽象物
隠しだて,かくしだて,kakushidate,abstract_word,抽象物,サ変名詞,抽象物
隠し撮り,かくしどり,kakushidori,abstract_word,抽象物,サ変名詞,抽象物
格付け,かくづけ,kakuzuke,abstract_word,抽象物,サ変名詞,抽象物
紙漉き,かみすき,kamisuki,abstract_word,抽象物,普通名詞,抽象物
金繰り,かなぐり,kanaguri,abstract_word,抽象物,普通名詞,抽象物
金切り声,かなきりごえ,kanakirigoe,abstract_word,抽象物,普通名詞,抽象物
要,かなめ,kaname,abstract_word,人工物-その他;抽象物,普通名詞,人工物-その他;抽象物
彼方,かなた,kanata,abstract_word,場所-機能;抽象物,普通名詞,場所-機能;抽象物
干ばつ,かんばつ,kanbatsu,abstract_word,抽象物,普通名詞,抽象物
兼ね合い,かねあい,kaneai,abstract_word,抽象物,普通名詞,抽象物
考え違い,かんがえちがい,kangaechigai,abstract_word,抽象物,サ変名詞,抽象物
考え物,かんがえもの,kangaemono,abstract_word,抽象物,普通名詞,抽象物
間隙,かんげき,kangeki,abstract_word,場所-機能;抽象物,普通名詞,場所-機能;抽象物
顔かたち,かおかたち,kaokatachi,abstract_word,抽象物,普通名詞,抽象物
顔負け,かおまけ,kaomake,abstract_word,抽象物,サ変名詞,抽象物
体付き,からだつき,karadatsuki,abstract_word,抽象物,普通名詞,抽象物
空威張り,からいばり,karaibari,abstract_word,抽象物,サ変名詞,抽象物
仮初め,かりそめ,karisome,abstract_word,抽象物,普通名詞,抽象物
嵩上げ,かさあげ,kasaage,abstract_word,抽象物,サ変名詞,抽象物
傘張り,かさはり,kasahari,abstract_word,抽象物,普通名詞,抽象物
肩上がり,かたあがり,kataagari,abstract_word,抽象物,普通名詞,抽象物
肩入れ,かたいれ,kataire,abstract_word,抽象物,サ変名詞,抽象物
敵討ち,かたきうち,katakiuchi,abstract_word,抽象物,サ変名詞,抽象物
語り種,かたりぐさ,katarigusa,abstract_word,抽象物,普通名詞,抽象物
語り口,かたりくち,katarikuchi,abstract_word,抽象物,普通名詞,抽象物
肩透かし,かたすかし,katasukashi,abstract_word,抽象物,普通名詞,抽象物
肩叩き,かたたたき,katatataki,abstract_word,抽象物,普通名詞,抽象物
片割れ,かたわれ,kataware,abstract_word,人;抽象物,普通名詞,人;抽象物
皮切り,かわきり,kawakiri,abstract_word,抽象物,普通名詞,抽象物
瓦葺き,かわらぶき,kawarabuki,abstract_word,抽象物,普通名詞,抽象物
代わり映え,かわりばえ,kawaribae,abstract_word,抽象物,サ変名詞,抽象物
変わり種,かわりだね,kawaridane,abstract_word,抽象物,普通名詞,抽象物
変わり者,かわりもの,kawarimono,abstract_word,抽象物,普通名詞,抽象物
茅葺き,かやぶき,kayabuki,abstract_word,抽象物,普通名詞,抽象物
飾り気,かざりけ,kazarike,abstract_word,抽象物,普通名詞,抽象物
風当たり,かぜあたり,kazeatari,abstract_word,抽象物,普通名詞,抽象物
数える程,かぞえるほど,kazoeruhodo,abstract_word,抽象物,普通名詞,抽象物
計画倒れ,けいかくだおれ,keikakudaore,abstract_word,抽象物,普通名詞,抽象物
見当外れ,けんとうはずれ,kentohazure,abstract_word,抽象物,普通名詞,抽象物
けり,けり,keri,abstract_word,抽象物,普通名詞,抽象物
けろりと,けろりと,kerorito,abstract_word,抽象物,サ変名詞,抽象物
基盤,きばん,kiban,abstract_word,人工物-その他;抽象物,普通名詞,人工物-その他;抽象物
来掛け,きがけ,kigake,abstract_word,抽象物,普通名詞,抽象物
気構え,きがまえ,kigamae,abstract_word,抽象物,普通名詞,抽象物
危機,きき,kiki,abstract_word,抽象物;時間,普通名詞,抽象物;時間
聞き覚え,ききおぼえ,kikioboe,abstract_word,抽象物,普通名詞,抽象物
聞き役,ききやく,kikiyaku,abstract_word,抽象物,普通名詞,抽象物
決まり文句,きまりもんく,kimarimonku,abstract_word,抽象物,普通名詞,抽象物
肝煎り,きもいり,kimoiri,abstract_word,抽象物,普通名詞,抽象物
肝っ玉,きもったま,kimottama,abstract_word,抽象物,普通名詞,抽象物
着流し,きながし,kinagashi,abstract_word,形・模様;抽象物,普通名詞,抽象物;形・模様
気乗り,きのり,kinori,abstract_word,抽象物,サ変名詞,抽象物
気のせい,きのせい,kinosei,abstract_word,抽象物,普通名詞,抽象物
金蘭,きんらん,kinran,abstract_word,抽象物;植物,普通名詞,植物;抽象物
金銭ずく,きんせんずく,kinsenzuku,abstract_word,抽象物,普通名詞,抽象物
気抜け,きぬけ,kinuke,abstract_word,抽象物,サ変名詞,抽象物
気落ち,きおち,kiochi,abstract_word,抽象物,サ変名詞,抽象物
気後れ,きおくれ,kiokure,abstract_word,抽象物,サ変名詞,抽象物
切り札,きりふだ,kirifuda,abstract_word,人工物-その他;抽象物,普通名詞,人工物-その他;抽象物
切り口上,きりこうじょう,kirikojo,abstract_word,抽象物,普通名詞,抽象物
切り口,きりくち,kirikuchi,abstract_word,抽象物,普通名詞,抽象物
錐揉み,きりもみ,kirimomi,abstract_word,抽象物,サ変名詞,抽象物
切り売り,きりうり,kiriuri,abstract_word,抽象物,サ変名詞,抽象物
生っ粋,きっすい,kissui,abstract_word,抽象物,普通名詞,抽象物
極み,きわみ,kiwami,abstract_word,抽象物,普通名詞,抽象物
気休め,きやすめ,kiyasume,abstract_word,抽象物,普通名詞,抽象物
小走り,こばしり,kobashiri,abstract_word,抽象物,普通名詞,抽象物
小出し,こだし,kodashi,abstract_word,抽象物,サ変名詞,抽象物
こけおどし,こけおどし,kokeodoshi,abstract_word,抽象物,普通名詞,抽象物
骨格,こっかく,kokkaku,abstract_word,動物-部位;抽象物,普通名詞,動物-部位;抽象物
心許り,こころばかり,kokorobakari,abstract_word,抽象物,普通名詞,抽象物
心覚え,こころおぼえ,kokoroboe,abstract_word,抽象物,普通名詞,抽象物
心待ち,こころまち,kokoromachi,abstract_word,抽象物,サ変名詞,抽象物
心遣い,こころづかい,kokorozukai,abstract_word,抽象物,サ変名詞,抽象物
心積もり,こころづもり,kokorozumori,abstract_word,抽象物,サ変名詞,抽象物
国産,こくさん,kokusan,abstract_word,人工物-その他;抽象物,普通名詞,人工物-その他;抽象物
困り者,こまりもの,komarimono,abstract_word,抽象物,普通名詞,抽象物
小回り,こまわり,komawari,abstract_word,抽象物,サ変名詞,抽象物
木っ端微塵,こっぱみじん,koppamijin,abstract_word,抽象物,普通名詞,抽象物
懲り懲り,こりごり,korigori,abstract_word,抽象物,サ変名詞,抽象物
凝り性,こりしょう,korisho,abstract_word,抽象物,普通名詞,抽象物
腰砕け,こしくだけ,koshikudake,abstract_word,抽象物,普通名詞,抽象物
腰抜け,こしぬけ,koshinuke,abstract_word,抽象物,普通名詞,抽象物
腰折れ,こしおれ,koshiore,abstract_word,抽象物,普通名詞,抽象物
小手先,こてさき,kotesaki,abstract_word,場所-その他;抽象物,普通名詞,場所-その他;抽象物
小手調べ,こてしらべ,koteshirabe,abstract_word,抽象物,サ変名詞,抽象物
小分け,こわけ,kowake,abstract_word,抽象物,サ変名詞,抽象物
小屋掛け,こやがけ,koyagake,abstract_word,抽象物,サ変名詞,抽象物
小やみ,こやみ,koyami,abstract_word,抽象物,普通名詞,抽象物
紅葉,こうよう,koyo,abstract_word,抽象物;植物-部位,サ変名詞,植物-部位;抽象物
首っ引き,くびっぴき,kubippiki,abstract_word,抽象物,普通名詞,抽象物
口開け,くちあけ,kuchiake,abstract_word,抽象物,普通名詞,抽象物
口振り,くちぶり,kuchiburi,abstract_word,抽象物,普通名詞,抽象物
口止め,くちどめ,kuchidome,abstract_word,抽象物,サ変名詞,抽象物
口封じ,くちふうじ,kuchifuji,abstract_word,抽象物,サ変名詞,抽象物
口利き,くちきき,kuchikiki,abstract_word,抽象物,普通名詞,抽象物
口先,くちさき,kuchisaki,abstract_word,動物-部位;抽象物,普通名詞,動物-部位;抽象物
口添え,くちぞえ,kuchizoe,abstract_word,抽象物,サ変名詞,抽象物
口伝え,くちづたえ,kuchizutae,abstract_word,抽象物,普通名詞,抽象物
苦肉の策,くにくのさく,kunikunosaku,abstract_word,抽象物,普通名詞,抽象物
比べ物,くらべもの,kurabemono,abstract_word,抽象物,普通名詞,抽象物
鞍替え,くらがえ,kuragae,abstract_word,抽象物,サ変名詞,抽象物
位取り,くらいどり,kuraidori,abstract_word,抽象物,普通名詞,抽象物
繰り言,くりごと,kurigoto,abstract_word,抽象物,普通名詞,抽象物
黒焦げ,くろこげ,kurokoge,abstract_word,抽象物,普通名詞,抽象物
黒白,くろしろ,kuroshiro,abstract_word,抽象物;時間,普通名詞,抽象物;時間
草葺き,くさぶき,kusabuki,abstract_word,抽象物,普通名詞,抽象物
腐れ縁,くされえん,kusareen,abstract_word,抽象物,普通名詞,抽象物
区割り,くわり,kuwari,abstract_word,抽象物,サ変名詞,抽象物
客寄せ,きゃくよせ,kyakuyose,abstract_word,抽象物,サ変名詞,抽象物
きょろきょろ,きょろきょろ,kyorokyoro,abstract_word,抽象物,サ変名詞,抽象物
興醒め,きょうざめ,kyozame,abstract_word,抽象物,サ変名詞,抽象物
待ち惚け,まちぼうけ,machiboke,abstract_word,抽象物,普通名詞,抽象物
窓越し,まどごし,madogoshi,abstract_word,抽象物,普通名詞,抽象物
前倒し,まえだおし,maedaoshi,abstract_word,抽象物,普通名詞,抽象物
前書き,まえがき,maegaki,abstract_word,抽象物,サ変名詞,抽象物
前屈み,まえかがみ,maekagami,abstract_word,抽象物,普通名詞,抽象物
前置き,まえおき,maeoki,abstract_word,抽象物,普通名詞,抽象物
まぐれ,まぐれ,magure,abstract_word,抽象物,普通名詞,抽象物
紛れ当たり,まぐれあたり,magureatari,abstract_word,抽象物,普通名詞,抽象物
混じり気,まじりけ,majirike,abstract_word,抽象物,普通名詞,抽象物
負けん気,まけんき,makenki,abstract_word,抽象物,普通名詞,抽象物
負け惜しみ,まけおしみ,makeoshimi,abstract_word,抽象物,普通名詞,抽象物
蒔き直し,まきなおし,makinaoshi,abstract_word,抽象物,サ変名詞,抽象物
巻き添え,まきぞえ,makizoe,abstract_word,抽象物,普通名詞,抽象物
魔物,まもの,mamono,abstract_word,人;抽象物,普通名詞,人;抽象物
目差し,まなざし,manazashi,abstract_word,抽象物,普通名詞,抽象物
目の当たり,まのあたり,manoatari,abstract_word,抽象物,普通名詞,抽象物
間延び,まのび,manobi,abstract_word,抽象物,サ変名詞,抽象物
真っ二つ,まっぷたつ,mapputatsu,abstract_word,抽象物,普通名詞,抽象物
丸出し,まるだし,marudashi,abstract_word,抽象物,普通名詞,抽象物
丸抱え,まるがかえ,marugakae,abstract_word,抽象物,普通名詞,抽象物
丸見え,まるみえ,marumie,abstract_word,抽象物,普通名詞,抽象物
丸潰れ,まるつぶれ,marutsubure,abstract_word,抽象物,普通名詞,抽象物
丸焼け,まるやけ,maruyake,abstract_word,抽象物,普通名詞,抽象物
又貸し,またがし,matagashi,abstract_word,抽象物,サ変名詞,抽象物
待った無し,まったなし,mattanashi,abstract_word,抽象物,普通名詞,抽象物
まやかし,まやかし,mayakashi,abstract_word,抽象物,普通名詞,抽象物
目当て,めあて,meate,abstract_word,抽象物,普通名詞,抽象物
目減り,めべり,meberi,abstract_word,抽象物,サ変名詞,抽象物
目鼻立ち,めはなだち,mehanadachi,abstract_word,抽象物,普通名詞,抽象物
迷宮入り,めいきゅういり,meikyuiri,abstract_word,抽象物,普通名詞,抽象物
目白押し,めじろおし,mejiroshi,abstract_word,抽象物,普通名詞,抽象物
目配り,めくばり,mekubari,abstract_word,抽象物,サ変名詞,抽象物
めり張り,めりはり,merihari,abstract_word,抽象物,普通名詞,抽象物
めった打ち,めったうち,mettauchi,abstract_word,抽象物,普通名詞,抽象物
目移り,めうつり,meutsuri,abstract_word,抽象物,サ変名詞,抽象物
満ち干,みちひ,michihi,abstract_word,抽象物,普通名詞,抽象物
身嗜み,みだしなみ,midashinami,abstract_word,抽象物,普通名詞,抽象物
右回り,みぎまわり,migimawari,abstract_word,抽象物,普通名詞,抽象物
見応え,みごたえ,migotae,abstract_word,抽象物,普通名詞,抽象物
身包み,みぐるみ,migurumi,abstract_word,抽象物,普通名詞,抽象物
実入り,みいり,miiri,abstract_word,人工物-金銭;抽象物,普通名詞,人工物-金銭;抽象物
微塵,みじん,mijin,abstract_word,抽象物;自然物,普通名詞,自然物;抽象物
見掛け倒し,みかけだおし,mikakedaoshi,abstract_word,抽象物,普通名詞,抽象物
見聞き,みきき,mikiki,abstract_word,抽象物,サ変名詞,抽象物
身の上,みのうえ,minoe,abstract_word,抽象物,普通名詞,抽象物
身の程,みのほど,minohodo,abstract_word,抽象物,普通名詞,抽象物
見納め,みおさめ,miosame,abstract_word,抽象物,普通名詞,抽象物
見劣り,みおとり,miotori,abstract_word,抽象物,サ変名詞,抽象物
見せ所,みせどころ,misedokoro,abstract_word,抽象物,普通名詞,抽象物
見せ掛,みせかけ,misekake,abstract_word,抽象物,普通名詞,抽象物
見せしめ,みせしめ,miseshime,abstract_word,抽象物,普通名詞,抽象物
見て呉れ,みてくれ,mitekure,abstract_word,抽象物,普通名詞,抽象物
三つ巴,みつどもえ,mitsudomoe,abstract_word,抽象物,普通名詞,抽象物
三つ股,みつまた,mitsumata,abstract_word,抽象物,普通名詞,抽象物
身売り,みうり,miuri,abstract_word,抽象物,サ変名詞,抽象物
都落ち,みやこおち,miyakochi,abstract_word,抽象物,普通名詞,抽象物
水捌け,みずはけ,mizuhake,abstract_word,抽象物,普通名詞,抽象物
水掛け論,みずかけろん,mizukakeron,abstract_word,抽象物,普通名詞,抽象物
身繕い,みづくろい,mizukuroi,abstract_word,抽象物,サ変名詞,抽象物
水増し,みずまし,mizumashi,abstract_word,抽象物,サ変名詞,抽象物
見ず知らず,みずしらず,mizushirazu,abstract_word,抽象物,普通名詞,抽象物
水攻め,みずぜめ,mizuzeme,abstract_word,抽象物,サ変名詞,抽象物
持ち切り,もちきり,mochikiri,abstract_word,抽象物,普通名詞,抽象物
持ち前,もちまえ,mochimae,abstract_word,抽象物,普通名詞,抽象物
持ち逃げ,もちにげ,mochinige,abstract_word,抽象物,サ変名詞,抽象物
持ち点,もちてん,mochiten,abstract_word,抽象物,普通名詞,抽象物
紅葉,もみじ,momiji,abstract_word,抽象物;植物-部位,普通名詞,植物-部位;抽象物
揉みくちゃ,もみくちゃ,momikucha,abstract_word,抽象物,普通名詞,抽象物
紋切り型,もんきりがた,monkirigata,abstract_word,抽象物,普通名詞,抽象物
門戸,もんこ,monko,abstract_word,場所-施設部位;抽象物,普通名詞,場所-施設部位;抽象物
文無し,もんなし,monnashi,abstract_word,抽象物,普通名詞,抽象物
物言い,ものいい,monoii,abstract_word,抽象物,普通名詞,抽象物
物怖じ,ものおじ,monoji,abstract_word,抽象物,サ変名詞,抽象物
物持ち,ものもち,monomochi,abstract_word,抽象物,普通名詞,抽象物
物惜しみ,ものおしみ,monoshimi,abstract_word,抽象物,サ変名詞,抽象物
物知り顔,ものしりがお,monoshirigao,abstract_word,抽象物,普通名詞,抽象物
物別れ,ものわかれ,monowakare,abstract_word,抽象物,普通名詞,抽象物
物分かり,ものわかり,monowakari,abstract_word,抽象物,普通名詞,抽象物
物笑い,ものわらい,monowarai,abstract_word,抽象物,普通名詞,抽象物
申し合い,もうしあい,moshiai,abstract_word,抽象物,普通名詞,抽象物
申し分,もうしぶん,moshibun,abstract_word,抽象物,普通名詞,抽象物
申し開き,もうしひらき,moshihiraki,abstract_word,抽象物,普通名詞,抽象物
申し訳,もうしわけ,moshiwake,abstract_word,抽象物,サ変名詞,抽象物
催し物,もよおしもの,moyoshimono,abstract_word,抽象物,普通名詞,抽象物
麦踏み,むぎふみ,mugifumi,abstract_word,抽象物,普通名詞,抽象物
向かい合わせ,むかいあわせ,mukaiawase,abstract_word,抽象物,普通名詞,抽象物
向こう意気,むこういき,mukoiki,abstract_word,抽象物,普通名詞,抽象物
棟上げ,むねあげ,muneage,abstract_word,抽象物,普通名詞,抽象物
無理強い,むりじい,murijii,abstract_word,抽象物,サ変名詞,抽象物
無理押し,むりおし,murioshi,abstract_word,抽象物,サ変名詞,抽象物
虫食い,むしくい,mushikui,abstract_word,抽象物,普通名詞,抽象物
流れ作業,ながれさぎょう,nagaresagyo,abstract_word,抽象物,普通名詞,抽象物
投げ槍,なげやり,nageyari,abstract_word,抽象物,普通名詞,抽象物
慰み,なぐさみ,nagusami,abstract_word,抽象物,普通名詞,抽象物
仲立ち,なかだち,nakadachi,abstract_word,抽象物,サ変名詞,抽象物
中弛み,なかだるみ,nakadarumi,abstract_word,抽象物,サ変名詞,抽象物
仲間外れ,なかまはずれ,nakamahazure,abstract_word,抽象物,普通名詞,抽象物
仲違い,なかたがい,nakatagai,abstract_word,抽象物,サ変名詞,抽象物
なけなし,なけなし,nakenashi,abstract_word,抽象物,普通名詞,抽象物
泣き言,なきごと,nakigoto,abstract_word,抽象物,普通名詞,抽象物
泣き寝入り,なきねいり,nakineiri,abstract_word,抽象物,サ変名詞,抽象物
生齧り,なまかじり,namakajiri,abstract_word,抽象物,サ変名詞,抽象物
生煮え,なまにえ,namanie,abstract_word,抽象物,普通名詞,抽象物
なにがし,なにがし,nanigashi,abstract_word,抽象物,普通名詞,抽象物
名折れ,なおれ,naore,abstract_word,抽象物,普通名詞,抽象物
なり,なり,nari,abstract_word,抽象物,普通名詞,抽象物
形振り,なりふり,narifuri,abstract_word,抽象物,普通名詞,抽象物
成り行き,なりゆき,nariyuki,abstract_word,抽象物,普通名詞,抽象物
情け,なさけ,nasake,abstract_word,抽象物,普通名詞,抽象物
夏枯れ,なつがれ,natsugare,abstract_word,抽象物,普通名詞,抽象物
粘り勝ち,ねばりがち,nebarigachi,abstract_word,抽象物,普通名詞,抽象物
粘り気,ねばりけ,nebarike,abstract_word,抽象物,普通名詞,抽象物
根絶やし,ねだやし,nedayashi,abstract_word,抽象物,普通名詞,抽象物
願い下げ,ねがいさげ,negaisage,abstract_word,抽象物,普通名詞,抽象物
熱気,ねっき,nekki,abstract_word,抽象物;自然物,普通名詞,自然物;抽象物
熱線,ねっせん,nessen,abstract_word,人工物-その他;抽象物,普通名詞,人工物-その他;抽象物
値打ち,ねうち,neuchi,abstract_word,抽象物,普通名詞,抽象物
根分け,ねわけ,newake,abstract_word,抽象物,サ変名詞,抽象物
寝ずの番,ねずのばん,nezunoban,abstract_word,抽象物,普通名詞,抽象物
荷揚げ,にあげ,niage,abstract_word,抽象物,サ変名詞,抽象物
二段構え,にだんがまえ,nidangamae,abstract_word,抽象物,普通名詞,抽象物
似顔絵,にがおえ,nigaoe,abstract_word,人工物-その他;抽象物,普通名詞,人工物-その他;抽象物
逃げ足,にげあし,nigeashi,abstract_word,抽象物,普通名詞,抽象物
逃げ腰,にげごし,nigegoshi,abstract_word,抽象物,普通名詞,抽象物
逃げ道,にげみち,nigemichi,abstract_word,場所-その他;抽象物,普通名詞,場所-その他;抽象物
憎しみ,にくしみ,nikushimi,abstract_word,抽象物,普通名詞,抽象物
肉付け,にくづけ,nikuzuke,abstract_word,抽象物,サ変名詞,抽象物
二の足,にのあし,ninoashi,abstract_word,抽象物,普通名詞,抽象物
二の舞い,にのまい,ninomai,abstract_word,抽象物,普通名詞,抽象物
二の次,にのつぎ,ninotsugi,abstract_word,抽象物,普通名詞,抽象物
野荒らし,のあらし,noarashi,abstract_word,動物;抽象物,普通名詞,動物;抽象物
野放し,のばなし,nobanashi,abstract_word,抽象物,普通名詞,抽象物
延び延び,のびのび,nobinobi,abstract_word,抽象物,普通名詞,抽象物
野飼い,のがい,nogai,abstract_word,抽象物,普通名詞,抽象物
能書き,のうがき,nogaki,abstract_word,抽象物,普通名詞,抽象物
のうのうと,のうのうと,nonoto,abstract_word,抽象物,サ変名詞,抽象物
のっぺらぼう,のっぺらぼう,nopperabo,abstract_word,人;抽象物,普通名詞,人;抽象物
野焼き,のやき,noyaki,abstract_word,抽象物,普通名詞,抽象物
野晒し,のざらし,nozarashi,abstract_word,抽象物,普通名詞,抽象物
覗き見,のぞきみ,nozokimi,abstract_word,抽象物,サ変名詞,抽象物
抜け殻,ぬけがら,nukegara,abstract_word,動物-部位;抽象物,普通名詞,動物-部位;抽象物
抜け目,ぬけめ,nukeme,abstract_word,抽象物,普通名詞,抽象物
抜き書き,ぬきがき,nukigaki,abstract_word,抽象物,サ変名詞,抽象物
抜き差し,ぬきさし,nukisashi,abstract_word,抽象物,サ変名詞,抽象物
抜き手,ぬきて,nukite,abstract_word,抽象物,普通名詞,抽象物
抜き打ち,ぬきうち,nukiuchi,abstract_word,抽象物,普通名詞,抽象物
濡れ鼠,ぬれねずみ,nurenezumi,abstract_word,抽象物,普通名詞,抽象物
御預け,おあずけ,oazuke,abstract_word,抽象物,普通名詞,抽象物
おべっか,おべっか,obekka,abstract_word,抽象物,普通名詞,抽象物
落ち度,おちど,ochido,abstract_word,抽象物,普通名詞,抽象物
落ち目,おちめ,ochime,abstract_word,抽象物,普通名詞,抽象物
大助かり,おおだすかり,odasukari,abstract_word,抽象物,普通名詞,抽象物
お出まし,おでまし,odemashi,abstract_word,抽象物,普通名詞,抽象物
踊り字,おどりじ,odoriji,abstract_word,抽象物,普通名詞,抽象物
御触れ,おふれ,ofure,abstract_word,抽象物,普通名詞,抽象物
大切り,おおぎり,ogiri,abstract_word,抽象物,普通名詞,抽象物
御開き,おひらき,ohiraki,abstract_word,抽象物,普通名詞,抽象物
尾鰭,おひれ,ohire,abstract_word,動物-部位;抽象物,普通名詞,動物-部位;抽象物
追い剥ぎ,おいはぎ,oihagi,abstract_word,抽象物,普通名詞,抽象物
負い目,おいめ,oime,abstract_word,人工物-金銭;抽象物,普通名詞,人工物-金銭;抽象物
置いてきぼり,おいてきぼり,oitekibori,abstract_word,抽象物,普通名詞,抽象物
追い打ち,おいうち,oiuchi,abstract_word,抽象物,サ変名詞,抽象物
御門違い,おかどちがい,okadochigai,abstract_word,抽象物,普通名詞,抽象物
御返し,おかえし,okaeshi,abstract_word,人工物-その他;抽象物,サ変名詞,人工物-その他;抽象物
お伺い,おうかがい,okagai,abstract_word,抽象物,サ変名詞,抽象物
お陰,おかげ,okage,abstract_word,抽象物,普通名詞,抽象物
御構い,おかまい,okamai,abstract_word,抽象物,普通名詞,抽象物
おかんむり,おかんむり,okanmuri,abstract_word,抽象物,普通名詞,抽象物
御決まり,おきまり,okimari,abstract_word,抽象物,普通名詞,抽象物
置き去り,おきざり,okizari,abstract_word,抽象物,普通名詞,抽象物
御好み,おこのみ,okonomi,abstract_word,抽象物,普通名詞,抽象物
おくび,おくび,okubi,abstract_word,抽象物,普通名詞,抽象物
奥の手,おくのて,okunote,abstract_word,抽象物,普通名詞,抽象物
御蔵入り,おくらいり,okurairi,abstract_word,抽象物,サ変名詞,抽象物
遅れ馳せ,おくればせ,okurebase,abstract_word,抽象物,普通名詞,抽象物
送り先,おくりさき,okurisaki,abstract_word,抽象物,普通名詞,抽象物
おくて,おくて,okute,abstract_word,場所-機能;抽象物,普通名詞,場所-機能;抽象物
おまけ,おまけ,omake,abstract_word,人工物-その他;抽象物,サ変名詞,人工物-その他;抽象物
御召し,おめし,omeshi,abstract_word,抽象物,普通名詞,抽象物
思いの丈,おもいのたけ,omoinotake,abstract_word,抽象物,普通名詞,抽象物
思い過ごし,おもいすごし,omoisugoshi,abstract_word,抽象物,普通名詞,抽象物
重き,おもき,omoki,abstract_word,抽象物,普通名詞,抽象物
面持ち,おももち,omomochi,abstract_word,抽象物,普通名詞,抽象物
大物,おおもの,omono,abstract_word,人;抽象物,普通名詞,人;抽象物
表書き,おもてがき,omotegaki,abstract_word,抽象物,サ変名詞,抽象物
大もと,おおもと,omoto,abstract_word,抽象物,普通名詞,抽象物
思う壷,おもうつぼ,omotsubo,abstract_word,抽象物,普通名詞,抽象物
面差し,おもざし,omozashi,abstract_word,抽象物,普通名詞,抽象物
おうむ返し,おうむがえし,omugaeshi,abstract_word,抽象物,普通名詞,抽象物
御迎え,おむかえ,omukae,abstract_word,抽象物,サ変名詞,抽象物
おなじみ,おなじみ,onajimi,abstract_word,抽象物,普通名詞,抽象物
御礼,おれい,orei,abstract_word,人工物-その他;抽象物,普通名詞,人工物-その他;抽象物
折り紙付き,おりがみつき,origamitsuki,abstract_word,抽象物,普通名詞,抽象物
折から,おりから,orikara,abstract_word,抽象物,時相名詞,抽象物
御定まり,おさだまり,osadamari,abstract_word,抽象物,普通名詞,抽象物
仰せ,おおせ,ose,abstract_word,抽象物,普通名詞,抽象物
おしまい,おしまい,oshimai,abstract_word,抽象物,普通名詞,抽象物
御忍び,おしのび,oshinobi,abstract_word,抽象物,普通名詞,抽象物
遅蒔き,おそまき,osomaki,abstract_word,抽象物,普通名詞,抽象物
御墨付き,おすみつき,osumitsuki,abstract_word,抽象物,普通名詞,抽象物
御立ち,おたち,otachi,abstract_word,抽象物,普通名詞,抽象物
御互い,おたがい,otagai,abstract_word,抽象物,普通名詞,抽象物
御手上げ,おてあげ,oteage,abstract_word,抽象物,普通名詞,抽象物
お手の物,おてのもの,otenomono,abstract_word,抽象物,普通名詞,抽象物
男泣き,おとこなき,otokonaki,abstract_word,抽象物,サ変名詞,抽象物
御供,おとも,otomo,abstract_word,人;抽象物,サ変名詞,人;抽象物
御告げ,おつげ,otsuge,abstract_word,抽象物,普通名詞,抽象物
大写し,おおうつし,otsushi,abstract_word,抽象物,サ変名詞,抽象物
おわび,おわび,owabi,abstract_word,抽象物,サ変名詞,抽象物
御呼ばれ,およばれ,oyobare,abstract_word,抽象物,サ変名詞,抽象物
御呼び,および,oyobi,abstract_word,抽象物,サ変名詞,抽象物
及び腰,およびごし,oyobigoshi,abstract_word,抽象物,普通名詞,抽象物
御膳立て,おぜんだて,ozendate,abstract_word,抽象物,サ変名詞,抽象物
大掴み,おおづかみ,ozukami,abstract_word,抽象物,サ変名詞,抽象物
大詰め,おおづめ,ozume,abstract_word,抽象物,普通名詞,抽象物
ぺてん,ぺてん,peten,abstract_word,抽象物,普通名詞,抽象物
冷房,れいぼう,reibo,abstract_word,人工物-その他;抽象物,サ変名詞,人工物-その他;抽象物
冷暖房,れいだんぼう,reidanbo,abstract_word,人工物-その他;抽象物,普通名詞,人工物-その他;抽象物
陸揚げ,りくあげ,rikuage,abstract_word,抽象物,サ変名詞,抽象物
立面図,りつめんず,ritsumenzu,abstract_word,人工物-その他;抽象物,普通名詞,人工物-その他;抽象物
理詰め,りづめ,rizume,abstract_word,抽象物,普通名詞,抽象物
露天掘り,ろてんぼり,rotenbori,abstract_word,抽象物,普通名詞,抽象物
略図,りゃくず,ryakuzu,abstract_word,人工物-その他;抽象物,普通名詞,人工物-その他;抽象物
両者,りょうしゃ,ryosha,abstract_word,人;抽象物,普通名詞,人;抽象物
最高潮,さいこうちょう,saikocho,abstract_word,抽象物;時間,普通名詞,抽象物;時間
逆落とし,さかおとし,sakaotoshi,abstract_word,抽象物,普通名詞,抽象物
逆恨み,さかうらみ,sakaurami,abstract_word,抽象物,サ変名詞,抽象物
酒造り,さかづくり,sakazukuri,abstract_word,抽象物,普通名詞,抽象物
先細り,さきぼそり,sakibosori,abstract_word,抽象物,サ変名詞,抽象物
先触れ,さきぶれ,sakibure,abstract_word,抽象物,普通名詞,抽象物
先行き,さきゆき,sakiyuki,abstract_word,抽象物,普通名詞,抽象物
作付け,さくづけ,sakuzuke,abstract_word,抽象物,サ変名詞,抽象物
寒け,さむけ,samuke,abstract_word,抽象物,普通名詞,抽象物
三竦み,さんすくみ,sansukumi,abstract_word,抽象物,普通名詞,抽象物
然る事,さること,sarukoto,abstract_word,抽象物,普通名詞,抽象物
差し出口,さしでぐち,sashideguchi,abstract_word,抽象物,普通名詞,抽象物
差し向かい,さしむかい,sashimukai,abstract_word,抽象物,普通名詞,抽象物
差し障り,さしさわり,sashisawari,abstract_word,抽象物,普通名詞,抽象物
成年,せいねん,seinen,abstract_word,人;抽象物,普通名詞,人;抽象物
製図,せいず,seizu,abstract_word,人工物-その他;抽象物,サ変名詞,人工物-その他;抽象物
関の山,せきのやま,sekinoyama,abstract_word,抽象物,普通名詞,抽象物
背中合わせ,せなかあわせ,senakaawase,abstract_word,抽象物,普通名詞,抽象物
線引き,せんびき,senbiki,abstract_word,抽象物,サ変名詞,抽象物
先見の明,せんけんのめい,senkennomei,abstract_word,抽象物,普通名詞,抽象物
せせらぎ,せせらぎ,seseragi,abstract_word,場所-自然;抽象物,普通名詞,場所-自然;抽象物
謝礼,しゃれい,sharei,abstract_word,人工物-金銭;抽象物,サ変名詞,人工物-金銭;抽象物
確り者,しっかりもの,shikkarimono,abstract_word,抽象物,普通名詞,抽象物
島流し,しまながし,shimanagashi,abstract_word,抽象物,サ変名詞,抽象物
しみったれ,しみったれ,shimittare,abstract_word,抽象物,普通名詞,抽象物
霜除け,しもよけ,shimoyoke,abstract_word,抽象物,普通名詞,抽象物
忍び泣き,しのびなき,shinobinaki,abstract_word,抽象物,普通名詞,抽象物
しっぺ返し,しっぺがえし,shippegaeshi,abstract_word,抽象物,サ変名詞,抽象物
知らん振り,しらんふり,shiranfuri,abstract_word,抽象物,サ変名詞,抽象物
代掻き,しろかき,shirokaki,abstract_word,抽象物,サ変名詞,抽象物
したり顔,したりがお,shitarigao,abstract_word,抽象物,サ変名詞,抽象物
下読み,したよみ,shitayomi,abstract_word,抽象物,サ変名詞,抽象物
知ったか振り,しったかぶり,shittakaburi,abstract_word,抽象物,普通名詞,抽象物
仕打ち,しうち,shiuchi,abstract_word,抽象物,普通名詞,抽象物
皺寄せ,しわよせ,shiwayose,abstract_word,抽象物,サ変名詞,抽象物
将棋倒し,しょうぎだおし,shogidaoshi,abstract_word,抽象物,普通名詞,抽象物
証拠固め,しょうこがため,shokogatame,abstract_word,抽象物,普通名詞,抽象物
性懲り,しょうこり,shokori,abstract_word,抽象物,普通名詞,抽象物
周縁,しゅうえん,shuen,abstract_word,場所-機能;抽象物,普通名詞,場所-機能;抽象物
周囲,しゅうい,shui,abstract_word,場所-機能;抽象物,普通名詞,場所-機能;抽象物
主軸,しゅじく,shujiku,abstract_word,人工物-その他;抽象物,普通名詞,人工物-その他;抽象物
衆生,しゅじょう,shujo,abstract_word,人;動物;抽象物;植物,普通名詞,人;動物;植物;抽象物
主客,しゅかく,shukaku,abstract_word,人;抽象物,普通名詞,人;抽象物
祝電,しゅくでん,shukuden,abstract_word,人工物-その他;抽象物,普通名詞,人工物-その他;抽象物
縮図,しゅくず,shukuzu,abstract_word,人工物-その他;抽象物,普通名詞,人工物-その他;抽象物
朱塗り,しゅぬり,shunuri,abstract_word,抽象物,サ変名詞,抽象物
主査,しゅさ,shusa,abstract_word,人;抽象物,普通名詞,人;抽象物
主翼,しゅよく,shuyoku,abstract_word,人工物-その他;抽象物,普通名詞,人工物-その他;抽象物
早晩,そうばん,soban,abstract_word,抽象物;時間,時相名詞,抽象物;時間
素振り,そぶり,soburi,abstract_word,抽象物,普通名詞,抽象物
総立ち,そうだち,sodachi,abstract_word,抽象物,普通名詞,抽象物
添え書き,そえがき,soegaki,abstract_word,抽象物,サ変名詞,抽象物
総掛かり,そうがかり,sogakari,abstract_word,抽象物,普通名詞,抽象物
底上げ,そこあげ,sokoage,abstract_word,抽象物,サ変名詞,抽象物
底冷え,そこびえ,sokobie,abstract_word,抽象物,サ変名詞,抽象物
底光り,そこびかり,sokobikari,abstract_word,抽象物,サ変名詞,抽象物
底無し,そこなし,sokonashi,abstract_word,抽象物,普通名詞,抽象物
底抜け,そこぬけ,sokonuke,abstract_word,抽象物,普通名詞,抽象物
総崩れ,そうくずれ,sokuzure,abstract_word,抽象物,サ変名詞,抽象物
総嘗め,そうなめ,soname,abstract_word,抽象物,サ変名詞,抽象物
そんなこんな,そんなこんな,sonnakonna,abstract_word,抽象物,普通名詞,抽象物
其の場逃れ,そのばのがれ,sonobanogare,abstract_word,抽象物,普通名詞,抽象物
その他,そのた,sonota,abstract_word,抽象物,普通名詞,抽象物
それなり,それなり,sorenari,abstract_word,抽象物,普通名詞,抽象物
そっちのけ,そっちのけ,sotchinoke,abstract_word,抽象物,普通名詞,抽象物
そつ,そつ,sotsu,abstract_word,抽象物,普通名詞,抽象物
すべ,すべ,sube,abstract_word,抽象物,普通名詞,抽象物
滑り出し,すべりだし,suberidashi,abstract_word,抽象物,普通名詞,抽象物
末広がり,すえひろがり,suehirogari,abstract_word,抽象物,普通名詞,抽象物
筋合い,すじあい,sujiai,abstract_word,抽象物,普通名詞,抽象物
筋金入り,すじがねいり,sujiganeiri,abstract_word,抽象物,普通名詞,抽象物
筋向かい,すじむかい,sujimukai,abstract_word,抽象物,普通名詞,抽象物
好き好き,すきずき,sukizuki,abstract_word,抽象物,普通名詞,抽象物
すらりと,すらりと,surarito,abstract_word,抽象物,サ変名詞,抽象物
摺り合わせ,すりあわせ,suriawase,abstract_word,抽象物,サ変名詞,抽象物
鮨詰め,すしづめ,sushizume,abstract_word,抽象物,普通名詞,抽象物
捨て鉢,すてばち,sutebachi,abstract_word,抽象物,普通名詞,抽象物
捨て石,すていし,suteishi,abstract_word,人工物-その他;抽象物,普通名詞,人工物-その他;抽象物
捨て身,すてみ,sutemi,abstract_word,抽象物,普通名詞,抽象物
素焼き,すやき,suyaki,abstract_word,抽象物,普通名詞,抽象物
鈴成り,すずなり,suzunari,abstract_word,抽象物,普通名詞,抽象物
立ち振る舞い,たちふるまい,tachifurumai,abstract_word,抽象物,普通名詞,抽象物
立ち消え,たちぎえ,tachigie,abstract_word,抽象物,サ変名詞,抽象物
立ち見,たちみ,tachimi,abstract_word,抽象物,普通名詞,抽象物
太刀打ち,たちうち,tachiuchi,abstract_word,抽象物,サ変名詞,抽象物
但し書き,ただしがき,tadashigaki,abstract_word,抽象物,サ変名詞,抽象物
互い,たがい,tagai,abstract_word,抽象物,普通名詞,抽象物
互い違い,たがいちがい,tagaichigai,abstract_word,抽象物,普通名詞,抽象物
類い,たぐい,tagui,abstract_word,抽象物,普通名詞,抽象物
大安,たいあん,taian,abstract_word,抽象物;時間,普通名詞,抽象物;時間
大雪,たいせつ,taisetsu,abstract_word,抽象物;時間,時相名詞,抽象物;時間
大暑,たいしょ,taisho,abstract_word,抽象物;時間,時相名詞,抽象物;時間
多面,ためん,tamen,abstract_word,場所-その他;抽象物,普通名詞,場所-その他;抽象物
棚上げ,たなあげ,tanaage,abstract_word,抽象物,サ変名詞,抽象物
棚晒し,たなざらし,tanazarashi,abstract_word,抽象物,普通名詞,抽象物
種切れ,たねぎれ,tanegire,abstract_word,抽象物,サ変名詞,抽象物
単葉,たんよう,tanyo,abstract_word,抽象物;植物-部位,普通名詞,植物-部位;抽象物
盥回し,たらいまわし,taraimawashi,abstract_word,抽象物,サ変名詞,抽象物
叩き台,たたきだい,tatakidai,abstract_word,抽象物,普通名詞,抽象物
佇まい,たたずまい,tatazumai,abstract_word,抽象物,普通名詞,抽象物
立て膝,たてひざ,tatehiza,abstract_word,抽象物,サ変名詞,抽象物
建て前,たてまえ,tatemae,abstract_word,抽象物,普通名詞,抽象物
建て増し,たてまし,tatemashi,abstract_word,抽象物,サ変名詞,抽象物
立て続け,たてつづけ,tatetsuzuke,abstract_word,抽象物,普通名詞,抽象物
縦割り,たてわり,tatewari,abstract_word,抽象物,普通名詞,抽象物
縦揺れ,たてゆれ,tateyure,abstract_word,抽象物,サ変名詞,抽象物
手足,てあし,teashi,abstract_word,動物-部位;抽象物,普通名詞,動物-部位;抽象物
手振り,てぶり,teburi,abstract_word,抽象物,サ変名詞,抽象物
手違い,てちがい,techigai,abstract_word,抽象物,普通名詞,抽象物
手出し,てだし,tedashi,abstract_word,抽象物,サ変名詞,抽象物
手立て,てだて,tedate,abstract_word,抽象物,普通名詞,抽象物
手始め,てはじめ,tehajime,abstract_word,抽象物,普通名詞,抽象物
手解き,てほどき,tehodoki,abstract_word,抽象物,サ変名詞,抽象物
体たらく,ていたらく,teitaraku,abstract_word,抽象物,普通名詞,抽象物
梃入れ,てこいれ,tekoire,abstract_word,抽象物,サ変名詞,抽象物
手配り,てくばり,tekubari,abstract_word,抽象物,サ変名詞,抽象物
手前,てまえ,temae,abstract_word,場所-機能;抽象物,普通名詞,場所-機能;抽象物
手前みそ,てまえみそ,temaemiso,abstract_word,抽象物,普通名詞,抽象物
手回し,てまわし,temawashi,abstract_word,抽象物,サ変名詞,抽象物
手持ち,てもち,temochi,abstract_word,抽象物,普通名詞,抽象物
手並み,てなみ,tenami,abstract_word,抽象物,普通名詞,抽象物
天地,てんち,tenchi,abstract_word,場所-その他;場所-自然;抽象物,普通名詞,場所-自然;場所-その他;抽象物
手の内,てのうち,tenochi,abstract_word,抽象物,普通名詞,抽象物
てんてこ舞い,てんてこまい,tentekomai,abstract_word,抽象物,サ変名詞,抽象物
手抜かり,てぬかり,tenukari,abstract_word,抽象物,普通名詞,抽象物
手抜き,てぬき,tenuki,abstract_word,抽象物,普通名詞,抽象物
てんやわんや,てんやわんや,tenyawanya,abstract_word,抽象物,普通名詞,抽象物
手落ち,ておち,teochi,abstract_word,抽象物,普通名詞,抽象物
手負い,ておい,teoi,abstract_word,抽象物,普通名詞,抽象物
手織り,ており,teori,abstract_word,人工物-その他;抽象物,普通名詞,人工物-その他;抽象物
手先,てさき,tesaki,abstract_word,動物-部位;抽象物,普通名詞,動物-部位;抽象物
手漉き,てすき,tesuki,abstract_word,抽象物,普通名詞,抽象物
手付かず,てつかず,tetsukazu,abstract_word,抽象物,普通名詞,抽象物
手付け,てつけ,tetsuke,abstract_word,人工物-金銭;抽象物,普通名詞,人工物-金銭;抽象物
手付き,てつき,tetsuki,abstract_word,抽象物,普通名詞,抽象物
手掴み,てづかみ,tezukami,abstract_word,抽象物,サ変名詞,抽象物
手詰まり,てづまり,tezumari,abstract_word,抽象物,普通名詞,抽象物
とばっちり,とばっちり,tobatchiri,abstract_word,抽象物,普通名詞,抽象物
遠ぼえ,とおぼえ,toboe,abstract_word,抽象物,普通名詞,抽象物
とぐろ,とぐろ,toguro,abstract_word,抽象物,普通名詞,抽象物
時計回り,とけいまわり,tokeimawari,abstract_word,抽象物,普通名詞,抽象物
常磐,ときわ,tokiwa,abstract_word,抽象物;自然物,普通名詞,自然物;抽象物
取っ掛かり,とっかかり,tokkakari,abstract_word,抽象物,普通名詞,抽象物
とこしえ,とこしえ,tokoshie,abstract_word,抽象物,普通名詞,抽象物
遠く,とおく,toku,abstract_word,抽象物,普通名詞,抽象物
遠巻き,とおまき,tomaki,abstract_word,抽象物,普通名詞,抽象物
止め処,とめど,tomedo,abstract_word,抽象物,普通名詞,抽象物
当面,とうめん,tomen,abstract_word,抽象物;時間,時相名詞,抽象物;時間
共倒れ,ともだおれ,tomodaore,abstract_word,抽象物,サ変名詞,抽象物
共食い,ともぐい,tomogui,abstract_word,抽象物,サ変名詞,抽象物
とん着,とんじゃく,tonjaku,abstract_word,抽象物,サ変名詞,抽象物
取り柄,とりえ,torie,abstract_word,抽象物,普通名詞,抽象物
通り掛かり,とおりがかり,torigakari,abstract_word,抽象物,普通名詞,抽象物
取りざた,とりざた,torizata,abstract_word,抽象物,サ変名詞,抽象物
通せん坊,とおせんぼ,tosenbo,abstract_word,抽象物,サ変名詞,抽象物
年の功,としのこう,toshinoko,abstract_word,抽象物,普通名詞,抽象物
鍔迫り合い,つばぜりあい,tsubazeriai,abstract_word,抽象物,サ変名詞,抽象物
粒選り,つぶより,tsubuyori,abstract_word,抽象物,普通名詞,抽象物
粒揃い,つぶぞろい,tsubuzoroi,abstract_word,抽象物,普通名詞,抽象物
継ぎ接ぎ,つぎはぎ,tsugihagi,abstract_word,抽象物,サ変名詞,抽象物
つじつま,つじつま,tsujitsuma,abstract_word,抽象物,普通名詞,抽象物
使い出,つかいで,tsukaide,abstract_word,抽象物,普通名詞,抽象物
使い道,つかいみち,tsukaimichi,abstract_word,抽象物,普通名詞,抽象物
使い物,つかいもの,tsukaimono,abstract_word,抽象物,普通名詞,抽象物
付け焼き刃,つけやきば,tsukeyakiba,abstract_word,抽象物,普通名詞,抽象物
付ききり,つききり,tsukikiri,abstract_word,抽象物,普通名詞,抽象物
突っ支い,つっかい,tsukkai,abstract_word,抽象物,サ変名詞,抽象物
作り事,つくりごと,tsukurigoto,abstract_word,抽象物,普通名詞,抽象物
作り付け,つくりつけ,tsukuritsuke,abstract_word,抽象物,普通名詞,抽象物
爪弾き,つまはじき,tsumahajiki,abstract_word,抽象物,サ変名詞,抽象物
積み残し,つみのこし,tsuminokoshi,abstract_word,抽象物,サ変名詞,抽象物
積み降ろし,つみおろし,tsumioroshi,abstract_word,抽象物,サ変名詞,抽象物
面当て,つらあて,tsuraate,abstract_word,抽象物,普通名詞,抽象物
面汚し,つらよごし,tsurayogoshi,abstract_word,抽象物,普通名詞,抽象物
吊り上げ,つりあげ,tsuriage,abstract_word,抽象物,普通名詞,抽象物
つて,つて,tsute,abstract_word,抽象物,普通名詞,抽象物
筒抜け,つつぬけ,tsutsunuke,abstract_word,抽象物,普通名詞,抽象物
通訳,つうやく,tsuyaku,abstract_word,人;抽象物,サ変名詞,人;抽象物
続け様,つづけざま,tsuzukezama,abstract_word,抽象物,普通名詞,抽象物
打ち止め,うちどめ,uchidome,abstract_word,抽象物,普通名詞,抽象物
打ち壊し,うちこわし,uchikowashi,abstract_word,抽象物,サ変名詞,抽象物
打ち身,うちみ,uchimi,abstract_word,抽象物,普通名詞,抽象物
内輪もめ,うちわもめ,uchiwamome,abstract_word,抽象物,サ変名詞,抽象物
腕利き,うできき,udekiki,abstract_word,抽象物,普通名詞,抽象物
腕っ節,うでっぷし,udeppushi,abstract_word,動物-部位;抽象物,普通名詞,動物-部位;抽象物
腕ずく,うでずく,udezuku,abstract_word,抽象物,普通名詞,抽象物
うじゃうじゃ,うじゃうじゃ,ujauja,abstract_word,抽象物,サ変名詞,抽象物
うじうじ,うじうじ,ujiuji,abstract_word,抽象物,サ変名詞,抽象物
鵜飼い,うかい,ukai,abstract_word,人;抽象物,普通名詞,人;抽象物
受け売り,うけうり,ukeuri,abstract_word,抽象物,サ変名詞,抽象物
受け皿,うけざら,ukezara,abstract_word,人工物-その他;抽象物,普通名詞,人工物-その他;抽象物
憂き目,うきめ,ukime,abstract_word,抽象物,普通名詞,抽象物
憂き身,うきみ,ukimi,abstract_word,抽象物,普通名詞,抽象物
浮き世,うきよ,ukiyo,abstract_word,抽象物,普通名詞,抽象物
うっかり,うっかり,ukkari,abstract_word,抽象物,サ変名詞,抽象物
呻き声,うめきごえ,umekigoe,abstract_word,抽象物,普通名詞,抽象物
埋め草,うめくさ,umekusa,abstract_word,抽象物,普通名詞,抽象物
鰻登り,うなぎのぼり,unaginobori,abstract_word,抽象物,普通名詞,抽象物
裏書き,うらがき,uragaki,abstract_word,抽象物,サ変名詞,抽象物
裏口,うらぐち,uraguchi,abstract_word,場所-施設部位;抽象物,普通名詞,場所-施設部位;抽象物
怨み,うらみ,urami,abstract_word,抽象物,普通名詞,抽象物
裏打ち,うらうち,urauchi,abstract_word,抽象物,サ変名詞,抽象物
売り言葉,うりことば,urikotoba,abstract_word,抽象物,普通名詞,抽象物
後ろ盾,うしろだて,ushirodate,abstract_word,抽象物,普通名詞,抽象物
後ろ手,うしろで,ushirode,abstract_word,抽象物,普通名詞,抽象物
薄曇り,うすぐもり,usugumori,abstract_word,抽象物,普通名詞,抽象物
謳い文句,うたいもんく,utaimonku,abstract_word,抽象物,普通名詞,抽象物
泡沫,うたかた,utakata,abstract_word,抽象物;自然物,普通名詞,自然物;抽象物
うつ伏せ,うつぶせ,utsubuse,abstract_word,抽象物,普通名詞,抽象物
打つ手,うつて,utsute,abstract_word,抽象物,普通名詞,抽象物
うっとり,うっとり,uttori,abstract_word,抽象物,サ変名詞,抽象物
うわべ,うわべ,uwabe,abstract_word,抽象物,普通名詞,抽象物
上目遣い,うわめづかい,uwamezukai,abstract_word,抽象物,普通名詞,抽象物
上乗せ,うわのせ,uwanose,abstract_word,抽象物,サ変名詞,抽象物
上の空,うわのそら,uwanosora,abstract_word,抽象物,普通名詞,抽象物
上塗り,うわぬり,uwanuri,abstract_word,抽象物,サ変名詞,抽象物
上滑り,うわすべり,uwasuberi,abstract_word,抽象物,サ変名詞,抽象物
上っ面,うわっつら,uwattsura,abstract_word,抽象物,普通名詞,抽象物
上澄み,うわずみ,uwazumi,abstract_word,抽象物,普通名詞,抽象物
うずうず,うずうず,uzuzu,abstract_word,抽象物,サ変名詞,抽象物
詫び言,わびごと,wabigoto,abstract_word,抽象物,普通名詞,抽象物
我が物顔,わがものがお,wagamonogao,abstract_word,抽象物,普通名詞,抽象物
分け隔て,わけへだて,wakehedate,abstract_word,抽象物,サ変名詞,抽象物
笑い事,わらいごと,waraigoto,abstract_word,抽象物,普通名詞,抽象物
割り印,わりいん,wariin,abstract_word,抽象物,普通名詞,抽象物
悪足掻き,わるあがき,waruagaki,abstract_word,抽象物,サ変名詞,抽象物
悪巧み,わるだくみ,warudakumi,abstract_word,抽象物,普通名詞,抽象物
悪乗り,わるのり,warunori,abstract_word,抽象物,サ変名詞,抽象物
鷲掴み,わしづかみ,washizukami,abstract_word,抽象物,普通名詞,抽象物
技比べ,わざくらべ,wazakurabe,abstract_word,抽象物,普通名詞,抽象物
災い,わざわい,wazawai,abstract_word,抽象物,サ変名詞,抽象物
宿無し,やどなし,yadonashi,abstract_word,抽象物,普通名詞,抽象物
焼き入れ,やきいれ,yakiire,abstract_word,抽象物,サ変名詞,抽象物
役付き,やくづき,yakuzuki,abstract_word,人;抽象物,普通名詞,人;抽象物
山場,やまば,yamaba,abstract_word,場所-その他;抽象物,普通名詞,場所-その他;抽象物
闇討ち,やみうち,yamiuchi,abstract_word,抽象物,サ変名詞,抽象物
遣り口,やりくち,yarikuchi,abstract_word,抽象物,普通名詞,抽象物
安請け合い,やすうけあい,yasukeai,abstract_word,抽象物,サ変名詞,抽象物
呼ばわり,よばわり,yobawari,abstract_word,抽象物,サ変名詞,抽象物
呼び水,よびみず,yobimizu,abstract_word,抽象物,普通名詞,抽象物
呼び物,よびもの,yobimono,abstract_word,抽象物,普通名詞,抽象物
用聞き,ようきき,yokiki,abstract_word,人;抽象物,普通名詞,人;抽象物
横倒し,よこだおし,yokodaoshi,abstract_word,抽象物,普通名詞,抽象物
横向き,よこむき,yokomuki,abstract_word,抽象物,普通名詞,抽象物
横流し,よこながし,yokonagashi,abstract_word,抽象物,サ変名詞,抽象物
横滑り,よこすべり,yokosuberi,abstract_word,抽象物,サ変名詞,抽象物
横揺れ,よこゆれ,yokoyure,abstract_word,抽象物,サ変名詞,抽象物
横好き,よこずき,yokozuki,abstract_word,抽象物,普通名詞,抽象物
横座り,よこずわり,yokozuwari,abstract_word,抽象物,サ変名詞,抽象物
読み合わせ,よみあわせ,yomiawase,abstract_word,抽象物,サ変名詞,抽象物
読み出,よみで,yomide,abstract_word,抽象物,普通名詞,抽象物
読み仮名,よみがな,yomigana,abstract_word,抽象物,普通名詞,抽象物
用向き,ようむき,yomuki,abstract_word,抽象物,普通名詞,抽象物
夜逃げ,よにげ,yonige,abstract_word,抽象物,サ変名詞,抽象物
拠り所,よりどころ,yoridokoro,abstract_word,抽象物,普通名詞,抽象物
誼み,よしみ,yoshimi,abstract_word,抽象物,普通名詞,抽象物
余所行き,よそいき,yosoiki,abstract_word,人工物-衣類;抽象物,普通名詞,人工物-衣類;抽象物
行き倒れ,ゆきだおれ,yukidaore,abstract_word,抽象物,普通名詞,抽象物
雪折れ,ゆきおれ,yukiore,abstract_word,抽象物,サ変名詞,抽象物
雪除け,ゆきよけ,yukiyoke,abstract_word,抽象物,サ変名詞,抽象物
行き摺り,ゆきずり,yukizuri,abstract_word,抽象物,普通名詞,抽象物
揺り返し,ゆりかえし,yurikaeshi,abstract_word,抽象物,普通名詞,抽象物
有終の美,ゆうしゅうのび,yushunobi,abstract_word,抽象物,普通名詞,抽象物
ざま,ざま,zama,abstract_word,抽象物,普通名詞,抽象物
ざた,ざた,zata,abstract_word,抽象物,普通名詞,抽象物
絶頂,ぜっちょう,zetcho,abstract_word,場所-その他;抽象物,普通名詞,場所-その他;抽象物
図案,ずあん,zuan,abstract_word,人工物-その他;抽象物,普通名詞,人工物-その他;抽象物
悪玉,あくだま,akudama,medical_domain,健康・医学,普通名詞,人;抽象物
安産,あんざん,anzan,medical_domain,健康・医学;家庭・暮らし,サ変名詞,抽象物
母体,ぼたい,botai,medical_domain,健康・医学,普通名詞,動物;抽象物
永眠,えいみん,eimin,medical_domain,健康・医学;家庭・暮らし,サ変名詞,抽象物
栄養,えいよう,eiyo,medical_domain,健康・医学;料理・食事,普通名詞,抽象物
栄養素,えいようそ,eiyoso,medical_domain,健康・医学;料理・食事,普通名詞,抽象物
船酔い,ふなよい,funayoi,medical_domain,交通;健康・医学,サ変名詞,抽象物
二日酔い,ふつかよい,futsukayoi,medical_domain,健康・医学;料理・食事,サ変名詞,抽象物
いびき,いびき,ibiki,medical_domain,健康・医学;家庭・暮らし,普通名詞,抽象物
医学,いがく,igaku,medical_domain,健康・医学;教育・学習,普通名詞,抽象物
介護,かいご,kaigo,medical_domain,健康・医学;家庭・暮らし,サ変名詞,抽象物
介抱,かいほう,kaiho,medical_domain,健康・医学;家庭・暮らし,サ変名詞,抽象物
健保,けんぽ,kenpo,medical_domain,健康・医学;家庭・暮らし;政治,普通名詞,抽象物
強打,きょうだ,kyoda,medical_domain,スポーツ;健康・医学,サ変名詞,抽象物
救護,きゅうご,kyugo,medical_domain,健康・医学;家庭・暮らし,サ変名詞,抽象物
末梢,まっしょう,massho,medical_domain,健康・医学,普通名詞,場所-機能;抽象物
面会,めんかい,menkai,medical_domain,健康・医学;家庭・暮らし,サ変名詞,抽象物
見舞,みまい,mimai,medical_domain,健康・医学;家庭・暮らし,普通名詞,抽象物
長生き,ながいき,nagaiki,medical_domain,健康・医学;家庭・暮らし,サ変名詞,抽象物
難産,なんざん,nanzan,medical_domain,健康・医学;家庭・暮らし,サ変名詞,抽象物
寝冷え,ねびえ,nebie,medical_domain,健康・医学;家庭・暮らし,サ変名詞,抽象物
寝たきり,ねたきり,netakiri,medical_domain,健康・医学;家庭・暮らし,普通名詞,抽象物
乗り物酔い,のりものよい,norimonoyoi,medical_domain,交通;健康・医学,サ変名詞,抽象物
御産,おさん,osan,medical_domain,健康・医学;家庭・暮らし,普通名詞,抽象物
蘭学,らんがく,rangaku,medical_domain,健康・医学;教育・学習;科学・技術,普通名詞,抽象物
臨月,りんげつ,ringetsu,medical_domain,健康・医学;家庭・暮らし,普通名詞,抽象物
臨床,りんしょう,rinsho,medical_domain,健康・医学;教育・学習,普通名詞,抽象物
離乳,りにゅう,rinyu,medical_domain,健康・医学;家庭・暮らし,サ変名詞,抽象物
流産,りゅうざん,ryuzan,medical_domain,健康・医学;家庭・暮らし,サ変名詞,抽象物
霜焼け,しもやけ,shimoyake,medical_domain,健康・医学;家庭・暮らし,普通名詞,抽象物
湿布,しっぷ,shippu,medical_domain,健康・医学,サ変名詞,人工物-その他;抽象物
出産,しゅっさん,shussan,medical_domain,健康・医学;家庭・暮らし,サ変名詞,抽象物
咀嚼,そしゃく,soshaku,medical_domain,健康・医学;料理・食事,サ変名詞,抽象物
早産,そうざん,sozan,medical_domain,健康・医学;家庭・暮らし,サ変名詞,抽象物
誕生,たんじょう,tanjo,medical_domain,健康・医学;家庭・暮らし,サ変名詞,抽象物
通院,つういん,tsuin,medical_domain,健康・医学;家庭・暮らし,サ変名詞,抽象物
付添,つきそい,tsukisoi,medical_domain,健康・医学,サ変名詞,人;抽象物
突き指,つきゆび,tsukiyubi,medical_domain,スポーツ;健康・医学,サ変名詞,抽象物
つわり,つわり,tsuwari,medical_domain,健康・医学;家庭・暮らし,普通名詞,抽象物
含嗽,うがい,ugai,medical_domain,健康・医学;家庭・暮らし,サ変名詞,抽象物
薬学,やくがく,yakugaku,medical_domain,健康・医学;教育・学習,普通名詞,抽象物
夭折,ようせつ,yosetsu,medical_domain,健康・医学;家庭・暮らし,サ変名詞,抽象物
善玉,ぜんだま,zendama,medical_domain,健康・医学,普通名詞,人;抽象物
たわい,たわい,tawai,no_category,,普通名詞,
食べ出,たべで,tabede,not_concrete,料理・食事,普通名詞,料理・食事
あべこべ,あべこべ,abekobe,not_noun,ナ形容詞,ナ形容詞,
浴びる,あびる,abiru,not_noun,動詞,動詞,
浴びせる,あびせる,abiseru,not_noun,動詞,動詞,
危なげない,あぶなげない,abunagenai,not_noun,イ形容詞,イ形容詞,
危ない,あぶない,abunai,not_noun,イ形容詞,イ形容詞,
危なかしい,あぶなかしい,abunakashii,not_noun,イ形容詞,イ形容詞,
脂ぎる,あぶらぎる,aburagiru,not_noun,動詞,動詞,
脂っこい,あぶらっこい,aburakkoi,not_noun,イ形容詞,イ形容詞,
焙る,あぶる,aburu,not_noun,動詞,動詞,
あでやか,あでやか,adeyaka,not_noun,ナ形容詞,ナ形容詞,
あどけない,あどけない,adokenai,not_noun,イ形容詞,イ形容詞,
喘ぐ,あえぐ,aegu,not_noun,動詞,動詞,
あえない,あえない,aenai,not_noun,イ形容詞,イ形容詞,
和える,あえる,aeru,not_noun,動詞,動詞,
溢れる,あふれる,afureru,not_noun,動詞,動詞,
あがく,あがく,agaku,not_noun,動詞,動詞,
崇める,あがめる,agameru,not_noun,動詞,動詞,
上がる,あがる,agaru,not_noun,動詞,動詞,
上げる,あげる,ageru,not_noun,動詞,動詞,
倦む,あぐむ,agumu,not_noun,動詞,動詞,
愛くるしい,あいくるしい,aikurushii,not_noun,イ形容詞,イ形容詞,
曖昧,あいまい,aimai,not_noun,ナ形容詞,ナ形容詞,
あいにく,あいにく,ainiku,not_noun,ナ形容詞,ナ形容詞,
愛らしい,あいらしい,airashii,not_noun,イ形容詞,イ形容詞,
味わう,あじわう,ajiwau,not_noun,動詞,動詞,
赤い,あかい,akai,not_noun,イ形容詞,イ形容詞,
明らむ,あからむ,akaramu,not_noun,動詞,動詞,
あからさま,あからさま,akarasama,not_noun,ナ形容詞,ナ形容詞,
明るい,あかるい,akarui,not_noun,イ形容詞,イ形容詞,
明かす,あかす,akasu,not_noun,動詞,動詞,
開けっ広げ,あけっぴろげ,akeppiroge,not_noun,ナ形容詞,ナ形容詞,
明ける,あける,akeru,not_noun,動詞,動詞,
明け透け,あけすけ,akesuke,not_noun,ナ形容詞,ナ形容詞,
秋めく,あきめく,akimeku,not_noun,動詞,動詞,
商う,あきなう,akinau,not_noun,動詞,動詞,
明らか,あきらか,akiraka,not_noun,ナ形容詞,ナ形容詞,
諦める,あきらめる,akirameru,not_noun,動詞,動詞,
飽きる,あきる,akiru,not_noun,動詞,動詞,
憧れる,あこがれる,akogareru,not_noun,動詞,動詞,
あくどい,あくどい,akudoi,not_noun,イ形容詞,イ形容詞,
悪筆,あくひつ,akuhitsu,not_noun,ナ形容詞,ナ形容詞,
悪辣,あくらつ,akuratsu,not_noun,ナ形容詞,ナ形容詞,
悪質,あくしつ,akushitsu,not_noun,ナ形容詞,ナ形容詞,
甘える,あまえる,amaeru,not_noun,動詞,動詞,
甘い,あまい,amai,not_noun,イ形容詞,イ形容詞,
余せる,あませる,amaseru,not_noun,動詞,動詞,
余す,あます,amasu,not_noun,動詞,動詞,
甘ったれる,あまったれる,amattareru,not_noun,動詞,動詞,
甘ったるい,あまったるい,amattarui,not_noun,イ形容詞,イ形容詞,
甘やかす,あまやかす,amayakasu,not_noun,動詞,動詞,
編む,あむ,amu,not_noun,動詞,動詞,
侮る,あなどる,anadoru,not_noun,動詞,動詞,
安直,あんちょく,anchoku,not_noun,ナ形容詞,ナ形容詞,
案外,あんがい,angai,not_noun,ナ形容詞,ナ形容詞,
安価,あんか,anka,not_noun,ナ形容詞,ナ形容詞,
暗黒,あんこく,ankoku,not_noun,ナ形容詞,ナ形容詞,
あんまり,あんまり,anmari,not_noun,ナ形容詞,ナ形容詞,
安穏,あんのん,annon,not_noun,ナ形容詞,ナ形容詞,
安楽,あんらく,anraku,not_noun,ナ形容詞,ナ形容詞,
安静,あんせい,ansei,not_noun,ナ形容詞,ナ形容詞,
安心,あんしん,anshin,not_noun,ナ形容詞,ナ形容詞,
安泰,あんたい,antai,not_noun,ナ形容詞,ナ形容詞,
安全,あんぜん,anzen,not_noun,ナ形容詞,ナ形容詞,
仰ぐ,あおぐ,aogu,not_noun,動詞,動詞,
煽る,あおる,aoru,not_noun,動詞,動詞,
あっぱれ,あっぱれ,appare,not_noun,ナ形容詞,ナ形容詞,
あらがう,あらがう,aragau,not_noun,動詞,動詞,
粗い,あらい,arai,not_noun,イ形容詞,イ形容詞,
粗削り,あらけずり,arakezuri,not_noun,ナ形容詞,ナ形容詞,
粗っぽい,あらっぽい,arappoi,not_noun,イ形容詞,イ形容詞,
荒らげる,あららげる,ararageru,not_noun,動詞,動詞,
争う,あらそう,arasou,not_noun,動詞,動詞,
荒らす,あらす,arasu,not_noun,動詞,動詞,
新た,あらた,arata,not_noun,ナ形容詞,ナ形容詞,
改まる,あらたまる,aratamaru,not_noun,動詞,動詞,
改める,あらためる,aratameru,not_noun,動詞,動詞,
洗う,あらう,arau,not_noun,動詞,動詞,
露わ,あらわ,arawa,not_noun,ナ形容詞,ナ形容詞,
現れる,あらわれる,arawareru,not_noun,動詞,動詞,
現す,あらわす,arawasu,not_noun,動詞,動詞,
荒れる,あれる,areru,not_noun,動詞,動詞,
ありきたり,ありきたり,arikitari,not_noun,ナ形容詞,ナ形容詞,
ありのまま,ありのまま,arinomama,not_noun,ナ形容詞,ナ形容詞,
ありつく,ありつく,aritsuku,not_noun,動詞,動詞,
有る,ある,aru,not_noun,動詞,動詞,
歩く,あるく,aruku,not_noun,動詞,動詞,
浅い,あさい,asai,not_noun,イ形容詞,イ形容詞,
浅ましい,あさましい,asamashii,not_noun,イ形容詞,イ形容詞,
漁る,あさる,asaru,not_noun,動詞,動詞,
汗ばむ,あせばむ,asebamu,not_noun,動詞,動詞,
汗だく,あせだく,asedaku,not_noun,ナ形容詞,ナ形容詞,
汗みどろ,あせみどろ,asemidoro,not_noun,ナ形容詞,ナ形容詞,
焦る,あせる,aseru,not_noun,動詞,動詞,
足早,あしばや,ashibaya,not_noun,ナ形容詞,ナ形容詞,
悪しい,あしい,ashii,not_noun,イ形容詞,イ形容詞,
あしらう,あしらう,ashirau,not_noun,動詞,動詞,
遊ぶ,あそぶ,asobu,not_noun,動詞,動詞,
与える,あたえる,ataeru,not_noun,動詞,動詞,
新しい,あたらしい,atarashii,not_noun,イ形容詞,イ形容詞,
当たり前,あたりまえ,atarimae,not_noun,ナ形容詞,ナ形容詞,
当たる,あたる,ataru,not_noun,動詞,動詞,
暖か,あたたか,atataka,not_noun,ナ形容詞,ナ形容詞,
暖かい,あたたかい,atatakai,not_noun,イ形容詞,イ形容詞,
あてがう,あてがう,ategau,not_noun,動詞,動詞,
充てる,あてる,ateru,not_noun,動詞,動詞,
当てずっぽう,あてずっぽう,atezuppo,not_noun,ナ形容詞,ナ形容詞,
厚手,あつで,atsude,not_noun,ナ形容詞,ナ形容詞,
厚い,あつい,atsui,not_noun,イ形容詞,イ形容詞,
厚かましい,あつかましい,atsukamashii,not_noun,イ形容詞,イ形容詞,
扱う,あつかう,atsukau,not_noun,動詞,動詞,
集まる,あつまる,atsumaru,not_noun,動詞,動詞,
集める,あつめる,atsumeru,not_noun,動詞,動詞,
誂え向き,あつらえむき,atsuraemuki,not_noun,ナ形容詞,ナ形容詞,
誂える,あつらえる,atsuraeru,not_noun,動詞,動詞,
淡い,あわい,awai,not_noun,イ形容詞,イ形容詞,
哀れ,あわれ,aware,not_noun,ナ形容詞,ナ形容詞,
合わさる,あわさる,awasaru,not_noun,動詞,動詞,
合わせる,あわせる,awaseru,not_noun,動詞,動詞,
合わす,あわす,awasu,not_noun,動詞,動詞,
慌ただしい,あわただしい,awatadashii,not_noun,イ形容詞,イ形容詞,
慌てる,あわてる,awateru,not_noun,動詞,動詞,
危ぶむ,あやぶむ,ayabumu,not_noun,動詞,動詞,
あやふや,あやふや,ayafuya,not_noun,ナ形容詞,ナ形容詞,
あやかる,あやかる,ayakaru,not_noun,動詞,動詞,
誤る,あやまる,ayamaru,not_noun,動詞,動詞,
過つ,あやまつ,ayamatsu,not_noun,動詞,動詞,
妖しい,あやしい,ayashii,not_noun,イ形容詞,イ形容詞,
怪しむ,あやしむ,ayashimu,not_noun,動詞,動詞,
あやす,あやす,ayasu,not_noun,動詞,動詞,
操る,あやつる,ayatsuru,not_noun,動詞,動詞,
危うい,あやうい,ayaui,not_noun,イ形容詞,イ形容詞,
歩む,あゆむ,ayumu,not_noun,動詞,動詞,
嘲る,あざける,azakeru,not_noun,動詞,動詞,
欺く,あざむく,azamuku,not_noun,動詞,動詞,
あざ笑う,あざわらう,azawarau,not_noun,動詞,動詞,
鮮やか,あざやか,azayaka,not_noun,ナ形容詞,ナ形容詞,
与る,あずかる,azukaru,not_noun,動詞,動詞,
預ける,あずける,azukeru,not_noun,動詞,動詞,
場違い,ばちがい,bachigai,not_noun,ナ形容詞,ナ形容詞,
化かす,ばかす,bakasu,not_noun,動詞,動詞,
化ける,ばける,bakeru,not_noun,動詞,動詞,
莫大,ばくだい,bakudai,not_noun,ナ形容詞,ナ形容詞,
万全,ばんぜん,banzen,not_noun,ナ形容詞,ナ形容詞,
ばらばら,ばらばら,barabara,not_noun,ナ形容詞,ナ形容詞,
ばらまく,ばらまく,baramaku,not_noun,動詞,動詞,
ばらす,ばらす,barasu,not_noun,動詞,動詞,
ばらつく,ばらつく,baratsuku,not_noun,動詞,動詞,
ばれる,ばれる,bareru,not_noun,動詞,動詞,
ばたつく,ばたつく,batatsuku,not_noun,動詞,動詞,
ばてる,ばてる,bateru,not_noun,動詞,動詞,
抜群,ばつぐん,batsugun,not_noun,ナ形容詞,ナ形容詞,
弁じる,べんじる,benjiru,not_noun,動詞,動詞,
便利,べんり,benri,not_noun,ナ形容詞,ナ形容詞,
べらぼう,べらぼう,berabo,not_noun,ナ形容詞,ナ形容詞,
べたつく,べたつく,betatsuku,not_noun,動詞,動詞,
べとつく,べとつく,betotsuku,not_noun,動詞,動詞,
別,べつ,betsu,not_noun,ナ形容詞,ナ形容詞,
別々,べつべつ,betsubetsu,not_noun,ナ形容詞,ナ形容詞,
びびる,びびる,bibiru,not_noun,動詞,動詞,
微弱,びじゃく,bijaku,not_noun,ナ形容詞,ナ形容詞,
美味,びみ,bimi,not_noun,ナ形容詞,ナ形容詞,
微妙,びみょう,bimyo,not_noun,ナ形容詞,ナ形容詞,
敏感,びんかん,binkan,not_noun,ナ形容詞,ナ形容詞,
敏活,びんかつ,binkatsu,not_noun,ナ形容詞,ナ形容詞,
敏捷,びんしょう,binsho,not_noun,ナ形容詞,ナ形容詞,
敏速,びんそく,binsoku,not_noun,ナ形容詞,ナ形容詞,
敏腕,びんわん,binwan,not_noun,ナ形容詞,ナ形容詞,
微力,びりょく,biryoku,not_noun,ナ形容詞,ナ形容詞,
微細,びさい,bisai,not_noun,ナ形容詞,ナ形容詞,
微小,びしょう,bisho,not_noun,ナ形容詞,ナ形容詞,
膨大,ぼうだい,bodai,not_noun,ナ形容詞,ナ形容詞,
暈す,ぼかす,bokasu,not_noun,動詞,動詞,
惚ける,ぼける,bokeru,not_noun,動詞,動詞,
ぼる,ぼる,boru,not_noun,動詞,動詞,
ぼやかす,ぼやかす,boyakasu,not_noun,動詞,動詞,
ぼやける,ぼやける,boyakeru,not_noun,動詞,動詞,
ぼやく,ぼやく,boyaku,not_noun,動詞,動詞,
ぶち上げる,ぶちあげる,buchiageru,not_noun,動詞,動詞,
ぶち当たる,ぶちあたる,buchiataru,not_noun,動詞,動詞,
ぶち壊す,ぶちこわす,buchikowasu,not_noun,動詞,動詞,
ぶちまける,ぶちまける,buchimakeru,not_noun,動詞,動詞,
無事,ぶじ,buji,not_noun,ナ形容詞,ナ形容詞,
ぶっきらぼう,ぶっきらぼう,bukkirabo,not_noun,ナ形容詞,ナ形容詞,
無骨,ぶこつ,bukotsu,not_noun,ナ形容詞,ナ形容詞,
無難,ぶなん,bunan,not_noun,ナ形容詞,ナ形容詞,
ぶら下がる,ぶらさがる,burasagaru,not_noun,動詞,動詞,
ぶら下げる,ぶらさげる,burasageru,not_noun,動詞,動詞,
ぶらつく,ぶらつく,buratsuku,not_noun,動詞,動詞,
無礼,ぶれい,burei,not_noun,ナ形容詞,ナ形容詞,
ぶれる,ぶれる,bureru,not_noun,動詞,動詞,
ぶり返す,ぶりかえす,burikaesu,not_noun,動詞,動詞,
不躾け,ぶしつけ,bushitsuke,not_noun,ナ形容詞,ナ形容詞,
物騒,ぶっそう,busso,not_noun,ナ形容詞,ナ形容詞,
無粋,ぶすい,busui,not_noun,ナ形容詞,ナ形容詞,
ぶつ,ぶつ,butsu,not_noun,動詞,動詞,
ぶつかる,ぶつかる,butsukaru,not_noun,動詞,動詞,
ぶつける,ぶつける,butsukeru,not_noun,動詞,動詞,
不様,ぶざま,buzama,not_noun,ナ形容詞,ナ形容詞,
平等,びょうどう,byodo,not_noun,ナ形容詞,ナ形容詞,
着実,ちゃくじつ,chakujitsu,not_noun,ナ形容詞,ナ形容詞,
茶目,ちゃめ,chame,not_noun,ナ形容詞,ナ形容詞,
違える,ちがえる,chigaeru,not_noun,動詞,動詞,
違う,ちがう,chigau,not_noun,動詞,動詞,
契る,ちぎる,chigiru,not_noun,動詞,動詞,
小さい,ちいさい,chiisai,not_noun,イ形容詞,イ形容詞,
縮かまる,ちぢかまる,chijikamaru,not_noun,動詞,動詞,
縮かめる,ちぢかめる,chijikameru,not_noun,動詞,動詞,
縮かむ,ちぢかむ,chijikamu,not_noun,動詞,動詞,
縮こまる,ちぢこまる,chijikomaru,not_noun,動詞,動詞,
縮まる,ちぢまる,chijimaru,not_noun,動詞,動詞,
縮める,ちぢめる,chijimeru,not_noun,動詞,動詞,
縮む,ちぢむ,chijimu,not_noun,動詞,動詞,
縮れる,ちぢれる,chijireru,not_noun,動詞,動詞,
近しい,ちかしい,chikashii,not_noun,イ形容詞,イ形容詞,
誓う,ちかう,chikau,not_noun,動詞,動詞,
緻密,ちみつ,chimitsu,not_noun,ナ形容詞,ナ形容詞,
因む,ちなむ,chinamu,not_noun,動詞,動詞,
沈着,ちんちゃく,chinchaku,not_noun,ナ形容詞,ナ形容詞,
珍妙,ちんみょう,chinmyo,not_noun,ナ形容詞,ナ形容詞,
陳腐,ちんぷ,chinpu,not_noun,ナ形容詞,ナ形容詞,
ちっぽけ,ちっぽけ,chippoke,not_noun,ナ形容詞,ナ形容詞,
散らばる,ちらばる,chirabaru,not_noun,動詞,動詞,
散らかる,ちらかる,chirakaru,not_noun,動詞,動詞,
散らかす,ちらかす,chirakasu,not_noun,動詞,動詞,
散らす,ちらす,chirasu,not_noun,動詞,動詞,
ちらつける,ちらつける,chiratsukeru,not_noun,動詞,動詞,
ちらつく,ちらつく,chiratsuku,not_noun,動詞,動詞,
鏤める,ちりばめる,chiribameru,not_noun,動詞,動詞,
散る,ちる,chiru,not_noun,動詞,動詞,
稚拙,ちせつ,chisetsu,not_noun,ナ形容詞,ナ形容詞,
長大,ちょうだい,chodai,not_noun,ナ形容詞,ナ形容詞,
重宝,ちょうほう,choho,not_noun,ナ形容詞,ナ形容詞,
直接,ちょくせつ,chokusetsu,not_noun,ナ形容詞,ナ形容詞,
長命,ちょうめい,chomei,not_noun,ナ形容詞,ナ形容詞,
ちょん切れる,ちょんぎれる,chongireru,not_noun,動詞,動詞,
ちょん切る,ちょんぎる,chongiru,not_noun,動詞,動詞,
中ぶらりん,ちゅうぶらりん,chuburarin,not_noun,ナ形容詞,ナ形容詞,
中形,ちゅうがた,chugata,not_noun,ナ形容詞,ナ形容詞,
忠義,ちゅうぎ,chugi,not_noun,ナ形容詞,ナ形容詞,
忠実,ちゅうじつ,chujitsu,not_noun,ナ形容詞,ナ形容詞,
だぶつく,だぶつく,dabutsuku,not_noun,動詞,動詞,
だだっ広い,だだっぴろい,dadappiroi,not_noun,イ形容詞,イ形容詞,
大事,だいじ,daiji,not_noun,ナ形容詞,ナ形容詞,
大嫌い,だいきらい,daikirai,not_noun,ナ形容詞,ナ形容詞,
台無し,だいなし,dainashi,not_noun,ナ形容詞,ナ形容詞,
大好き,だいすき,daisuki,not_noun,ナ形容詞,ナ形容詞,
大胆,だいたん,daitan,not_noun,ナ形容詞,ナ形容詞,
抱く,だく,daku,not_noun,動詞,動詞,
黙りこくる,だまりこくる,damarikokuru,not_noun,動詞,動詞,
黙る,だまる,damaru,not_noun,動詞,動詞,
駄目,だめ,dame,not_noun,ナ形容詞,ナ形容詞,
段違い,だんちがい,danchigai,not_noun,ナ形容詞,ナ形容詞,
だらける,だらける,darakeru,not_noun,動詞,動詞,
だらしない,だらしない,darashinai,not_noun,イ形容詞,イ形容詞,
だれる,だれる,dareru,not_noun,動詞,動詞,
だるい,だるい,darui,not_noun,イ形容詞,イ形容詞,
出し抜け,だしぬけ,dashinuke,not_noun,ナ形容詞,ナ形容詞,
出す,だす,dasu,not_noun,動詞,動詞,
伊達,だて,date,not_noun,ナ形容詞,ナ形容詞,
妥当,だとう,dato,not_noun,ナ形容詞,ナ形容詞,
でかい,でかい,dekai,not_noun,イ形容詞,イ形容詞,
凸凹,でこぼこ,dekoboko,not_noun,ナ形容詞,ナ形容詞,
出任せ,でまかせ,demakase,not_noun,ナ形容詞,ナ形容詞,
出る,でる,deru,not_noun,動詞,動詞,
でしゃばる,でしゃばる,deshabaru,not_noun,動詞,動詞,
でたらめ,でたらめ,detarame,not_noun,ナ形容詞,ナ形容詞,
どえらい,どえらい,doerai,not_noun,イ形容詞,イ形容詞,
どぎつい,どぎつい,dogitsui,not_noun,イ形容詞,イ形容詞,
同一,どういつ,doitsu,not_noun,ナ形容詞,ナ形容詞,
どける,どける,dokeru,not_noun,動詞,動詞,
どく,どく,doku,not_noun,動詞,動詞,
独自,どくじ,dokuji,not_noun,ナ形容詞,ナ形容詞,
独特,どくとく,dokutoku,not_noun,ナ形容詞,ナ形容詞,
獰猛,どうもう,domo,not_noun,ナ形容詞,ナ形容詞,
鈍重,どんじゅう,donju,not_noun,ナ形容詞,ナ形容詞,
鈍感,どんかん,donkan,not_noun,ナ形容詞,ナ形容詞,
どんな,どんな,donna,not_noun,ナ形容詞,ナ形容詞,
どんぴしゃり,どんぴしゃり,donpishari,not_noun,ナ形容詞,ナ形容詞,
貪欲,どんよく,donyoku,not_noun,ナ形容詞,ナ形容詞,
泥塗れ,どろまみれ,doromamire,not_noun,ナ形容詞,ナ形容詞,
どす黒い,どすぐろい,dosuguroi,not_noun,イ形容詞,イ形容詞,
同等,どうとう,doto,not_noun,ナ形容詞,ナ形容詞,
ど突く,どつく,dotsuku,not_noun,動詞,動詞,
どよめく,どよめく,doyomeku,not_noun,動詞,動詞,
同然,どうぜん,dozen,not_noun,ナ形容詞,ナ形容詞,
描く,えがく,egaku,not_noun,動詞,動詞,
抉る,えぐる,eguru,not_noun,動詞,動詞,
鋭敏,えいびん,eibin,not_noun,ナ形容詞,ナ形容詞,
永遠,えいえん,eien,not_noun,ナ形容詞,ナ形容詞,
鋭利,えいり,eiri,not_noun,ナ形容詞,ナ形容詞,
鉛直,えんちょく,enchoku,not_noun,ナ形容詞,ナ形容詞,
円滑,えんかつ,enkatsu,not_noun,ナ形容詞,ナ形容詞,
円満,えんまん,enman,not_noun,ナ形容詞,ナ形容詞,
艶麗,えんれい,enrei,not_noun,ナ形容詞,ナ形容詞,
選ぶ,えらぶ,erabu,not_noun,動詞,動詞,
偉い,えらい,erai,not_noun,イ形容詞,イ形容詞,
選りすぐる,えりすぐる,erisuguru,not_noun,動詞,動詞,
選る,える,eru,not_noun,動詞,動詞,
得手,えて,ete,not_noun,ナ形容詞,ナ形容詞,
不安,ふあん,fuan,not_noun,ナ形容詞,ナ形容詞,
不便,ふべん,fuben,not_noun,ナ形容詞,ナ形容詞,
不備,ふび,fubi,not_noun,ナ形容詞,ナ形容詞,
不憫,ふびん,fubin,not_noun,ナ形容詞,ナ形容詞,
不同,ふどう,fudo,not_noun,ナ形容詞,ナ形容詞,
増える,ふえる,fueru,not_noun,動詞,動詞,
不服,ふふく,fufuku,not_noun,ナ形容詞,ナ形容詞,
ふがいない,ふがいない,fugainai,not_noun,イ形容詞,イ形容詞,
風変わり,ふうがわり,fugawari,not_noun,ナ形容詞,ナ形容詞,
不変,ふへん,fuhen,not_noun,ナ形容詞,ナ形容詞,
不意,ふい,fui,not_noun,ナ形容詞,ナ形容詞,
不純,ふじゅん,fujun,not_noun,ナ形容詞,ナ形容詞,
不覚,ふかく,fukaku,not_noun,ナ形容詞,ナ形容詞,
耽る,ふける,fukeru,not_noun,動詞,動詞,
不潔,ふけつ,fuketsu,not_noun,ナ形容詞,ナ形容詞,
不吉,ふきつ,fukitsu,not_noun,ナ形容詞,ナ形容詞,
不幸,ふこう,fuko,not_noun,ナ形容詞,ナ形容詞,
含む,ふくむ,fukumu,not_noun,動詞,動詞,
膨らめる,ふくらめる,fukurameru,not_noun,動詞,動詞,
膨らむ,ふくらむ,fukuramu,not_noun,動詞,動詞,
膨れる,ふくれる,fukureru,not_noun,動詞,動詞,
不屈,ふくつ,fukutsu,not_noun,ナ形容詞,ナ形容詞,
ふくよか,ふくよか,fukuyoka,not_noun,ナ形容詞,ナ形容詞,
複雑,ふくざつ,fukuzatsu,not_noun,ナ形容詞,ナ形容詞,
踏まえる,ふまえる,fumaeru,not_noun,動詞,動詞,
不満,ふまん,fuman,not_noun,ナ形容詞,ナ形容詞,
不明,ふめい,fumei,not_noun,ナ形容詞,ナ形容詞,
不滅,ふめつ,fumetsu,not_noun,ナ形容詞,ナ形容詞,
不毛,ふもう,fumo,not_noun,ナ形容詞,ナ形容詞,
踏む,ふむ,fumu,not_noun,動詞,動詞,
不向き,ふむき,fumuki,not_noun,ナ形容詞,ナ形容詞,
不運,ふうん,fun,not_noun,ナ形容詞,ナ形容詞,
不慣れ,ふなれ,funare,not_noun,ナ形容詞,ナ形容詞,
ふんだくる,ふんだくる,fundakuru,not_noun,動詞,動詞,
ふんだん,ふんだん,fundan,not_noun,ナ形容詞,ナ形容詞,
不能,ふのう,funo,not_noun,ナ形容詞,ナ形容詞,
不穏,ふおん,fuon,not_noun,ナ形容詞,ナ形容詞,
ふらつく,ふらつく,furatsuku,not_noun,動詞,動詞,
触れる,ふれる,fureru,not_noun,動詞,動詞,
不利,ふり,furi,not_noun,ナ形容詞,ナ形容詞,
振りかぶる,ふりかぶる,furikaburu,not_noun,動詞,動詞,
振る,ふる,furu,not_noun,動詞,動詞,
震える,ふるえる,furueru,not_noun,動詞,動詞,
古めかしい,ふるめかしい,furumekashii,not_noun,イ形容詞,イ形容詞,
奮う,ふるう,furuu,not_noun,動詞,動詞,
震わせる,ふるわせる,furuwaseru,not_noun,動詞,動詞,
震わす,ふるわす,furuwasu,not_noun,動詞,動詞,
不良,ふりょう,furyo,not_noun,ナ形容詞,ナ形容詞,
風流,ふうりゅう,furyu,not_noun,ナ形容詞,ナ形容詞,
塞がる,ふさがる,fusagaru,not_noun,動詞,動詞,
塞ぐ,ふさぐ,fusagu,not_noun,動詞,動詞,
防ぐ,ふせぐ,fusegu,not_noun,動詞,動詞,
不整,ふせい,fusei,not_noun,ナ形容詞,ナ形容詞,
臥せる,ふせる,fuseru,not_noun,動詞,動詞,
不幸せ,ふしあわせ,fushiawase,not_noun,ナ形容詞,ナ形容詞,
ふしだら,ふしだら,fushidara,not_noun,ナ形容詞,ナ形容詞,
不審,ふしん,fushin,not_noun,ナ形容詞,ナ形容詞,
不足,ふそく,fusoku,not_noun,ナ形容詞,ナ形容詞,
不確か,ふたしか,futashika,not_noun,ナ形容詞,ナ形容詞,
ふてぶてしい,ふてぶてしい,futebuteshii,not_noun,イ形容詞,イ形容詞,
不定,ふてい,futei,not_noun,ナ形容詞,ナ形容詞,
不敵,ふてき,futeki,not_noun,ナ形容詞,ナ形容詞,
不届き,ふとどき,futodoki,not_noun,ナ形容詞,ナ形容詞,
太い,ふとい,futoi,not_noun,イ形容詞,イ形容詞,
不徳,ふとく,futoku,not_noun,ナ形容詞,ナ形容詞,
太っ腹,ふとっぱら,futoppara,not_noun,ナ形容詞,ナ形容詞,
太る,ふとる,futoru,not_noun,動詞,動詞,
普通,ふつう,futsu,not_noun,ナ形容詞,ナ形容詞,
不束,ふつつか,futsutsuka,not_noun,ナ形容詞,ナ形容詞,
不和,ふわ,fuwa,not_noun,ナ形容詞,ナ形容詞,
ふやける,ふやける,fuyakeru,not_noun,動詞,動詞,
増やす,ふやす,fuyasu,not_noun,動詞,動詞,
ふざける,ふざける,fuzakeru,not_noun,動詞,動詞,
不揃い,ふぞろい,fuzoroi,not_noun,ナ形容詞,ナ形容詞,
がめつい,がめつい,gametsui,not_noun,イ形容詞,イ形容詞,
がむしゃら,がむしゃら,gamushara,not_noun,ナ形容詞,ナ形容詞,
頑丈,がんじょう,ganjo,not_noun,ナ形容詞,ナ形容詞,
頑固,がんこ,ganko,not_noun,ナ形容詞,ナ形容詞,
頑強,がんきょう,gankyo,not_noun,ナ形容詞,ナ形容詞,
がらがら,がらがら,garagara,not_noun,ナ形容詞,ナ形容詞,
がらんどう,がらんどう,garando,not_noun,ナ形容詞,ナ形容詞,
がさがさ,がさがさ,gasagasa,not_noun,ナ形容詞,ナ形容詞,
がたがた,がたがた,gatagata,not_noun,ナ形容詞,ナ形容詞,
下品,げひん,gehin,not_noun,ナ形容詞,ナ形容詞,
激甚,げきじん,gekijin,not_noun,ナ形容詞,ナ形容詞,
激烈,げきれつ,gekiretsu,not_noun,ナ形容詞,ナ形容詞,
激安,げきやす,gekiyasu,not_noun,ナ形容詞,ナ形容詞,
厳重,げんじゅう,genju,not_noun,ナ形容詞,ナ形容詞,
厳格,げんかく,genkaku,not_noun,ナ形容詞,ナ形容詞,
元気,げんき,genki,not_noun,ナ形容詞,ナ形容詞,
厳密,げんみつ,genmitsu,not_noun,ナ形容詞,ナ形容詞,
厳正,げんせい,gensei,not_noun,ナ形容詞,ナ形容詞,
厳粛,げんしゅく,genshuku,not_noun,ナ形容詞,ナ形容詞,
ぎこちない,ぎこちない,gikochinai,not_noun,イ形容詞,イ形容詞,
ぎらつく,ぎらつく,giratsuku,not_noun,動詞,動詞,
ぎりぎり,ぎりぎり,girigiri,not_noun,ナ形容詞,ナ形容詞,
合同,ごうどう,godo,not_noun,ナ形容詞,ナ形容詞,
強引,ごういん,goin,not_noun,ナ形容詞,ナ形容詞,
強情,ごうじょう,gojo,not_noun,ナ形容詞,ナ形容詞,
豪華,ごうか,goka,not_noun,ナ形容詞,ナ形容詞,
豪快,ごうかい,gokai,not_noun,ナ形容詞,ナ形容詞,
ごまかす,ごまかす,gomakasu,not_noun,動詞,動詞,
傲慢,ごうまん,goman,not_noun,ナ形容詞,ナ形容詞,
ごねる,ごねる,goneru,not_noun,動詞,動詞,
ごたつく,ごたつく,gotatsuku,not_noun,動詞,動詞,
ごった返す,ごったがえす,gottagaesu,not_noun,動詞,動詞,
ぐちゃぐちゃ,ぐちゃぐちゃ,guchagucha,not_noun,ナ形容詞,ナ形容詞,
ぐらぐら,ぐらぐら,guragura,not_noun,ナ形容詞,ナ形容詞,
ぐらつく,ぐらつく,guratsuku,not_noun,動詞,動詞,
ぐれる,ぐれる,gureru,not_noun,動詞,動詞,
偶然,ぐうぜん,guzen,not_noun,ナ形容詞,ナ形容詞,
ぐず,ぐず,guzu,not_noun,ナ形容詞,ナ形容詞,
ぐずる,ぐずる,guzuru,not_noun,動詞,動詞,
ぐずつく,ぐずつく,guzutsuku,not_noun,動詞,動詞,
逆,ぎゃく,gyaku,not_noun,ナ形容詞,ナ形容詞,
憚る,はばかる,habakaru,not_noun,動詞,動詞,
阻む,はばむ,habamu,not_noun,動詞,動詞,
羽ばたく,はばたく,habataku,not_noun,動詞,動詞,
侍る,はべる,haberu,not_noun,動詞,動詞,
はびこる,はびこる,habikoru,not_noun,動詞,動詞,
省く,はぶく,habuku,not_noun,動詞,動詞,
はちゃめちゃ,はちゃめちゃ,hachamecha,not_noun,ナ形容詞,ナ形容詞,
はち切れる,はちきれる,hachikireru,not_noun,動詞,動詞,
はだける,はだける,hadakeru,not_noun,動詞,動詞,
派手,はで,hade,not_noun,ナ形容詞,ナ形容詞,
映える,はえる,haeru,not_noun,動詞,動詞,
剥がれる,はがれる,hagareru,not_noun,動詞,動詞,
剥がす,はがす,hagasu,not_noun,動詞,動詞,
励ます,はげます,hagemasu,not_noun,動詞,動詞,
励む,はげむ,hagemu,not_noun,動詞,動詞,
剥げる,はげる,hageru,not_noun,動詞,動詞,
激しい,はげしい,hageshii,not_noun,イ形容詞,イ形容詞,
はぎ合わせる,はぎあわせる,hagiawaseru,not_noun,動詞,動詞,
はぎ合わす,はぎあわす,hagiawasu,not_noun,動詞,動詞,
剥ぐ,はぐ,hagu,not_noun,動詞,動詞,
育む,はぐくむ,hagukumu,not_noun,動詞,動詞,
はぐらかす,はぐらかす,hagurakasu,not_noun,動詞,動詞,
はぐれる,はぐれる,hagureru,not_noun,動詞,動詞,
入る,はいる,hairu,not_noun,動詞,動詞,
弾ける,はじける,hajikeru,not_noun,動詞,動詞,
弾く,はじく,hajiku,not_noun,動詞,動詞,
始まる,はじまる,hajimaru,not_noun,動詞,動詞,
始める,はじめる,hajimeru,not_noun,動詞,動詞,
恥じらう,はじらう,hajirau,not_noun,動詞,動詞,
恥曝し,はじさらし,hajisarashi,not_noun,ナ形容詞,ナ形容詞,
恥知らず,はじしらず,hajishirazu,not_noun,ナ形容詞,ナ形容詞,
はかばかしい,はかばかしい,hakabakashii,not_noun,イ形容詞,イ形容詞,
捗る,はかどる,hakadoru,not_noun,動詞,動詞,
破格,はかく,hakaku,not_noun,ナ形容詞,ナ形容詞,
計らう,はからう,hakarau,not_noun,動詞,動詞,
図る,はかる,hakaru,not_noun,動詞,動詞,
捌ける,はける,hakeru,not_noun,動詞,動詞,
運ぶ,はこぶ,hakobu,not_noun,動詞,動詞,
薄弱,はくじゃく,hakujaku,not_noun,ナ形容詞,ナ形容詞,
薄情,はくじょう,hakujo,not_noun,ナ形容詞,ナ形容詞,
薄命,はくめい,hakumei,not_noun,ナ形容詞,ナ形容詞,
博識,はくしき,hakushiki,not_noun,ナ形容詞,ナ形容詞,
はまる,はまる,hamaru,not_noun,動詞,動詞,
はめる,はめる,hameru,not_noun,動詞,動詞,
食む,はむ,hamu,not_noun,動詞,動詞,
甚だしい,はなはだしい,hanahadashii,not_noun,イ形容詞,イ形容詞,
離れ離れ,はなればなれ,hanarebanare,not_noun,ナ形容詞,ナ形容詞,
放れる,はなれる,hanareru,not_noun,動詞,動詞,
放す,はなす,hanasu,not_noun,動詞,動詞,
放つ,はなつ,hanatsu,not_noun,動詞,動詞,
華やげる,はなやげる,hanayageru,not_noun,動詞,動詞,
華やぐ,はなやぐ,hanayagu,not_noun,動詞,動詞,
華やか,はなやか,hanayaka,not_noun,ナ形容詞,ナ形容詞,
撥ねのける,はねのける,hanenokeru,not_noun,動詞,動詞,
撥ねる,はねる,haneru,not_noun,動詞,動詞,
はにかむ,はにかむ,hanikamu,not_noun,動詞,動詞,
半端,はんぱ,hanpa,not_noun,ナ形容詞,ナ形容詞,
反対,はんたい,hantai,not_noun,ナ形容詞,ナ形容詞,
繁雑,はんざつ,hanzatsu,not_noun,ナ形容詞,ナ形容詞,
払いのける,はらいのける,harainokeru,not_noun,動詞,動詞,
孕む,はらむ,haramu,not_noun,動詞,動詞,
腫らせる,はらせる,haraseru,not_noun,動詞,動詞,
晴らす,はらす,harasu,not_noun,動詞,動詞,
払う,はらう,harau,not_noun,動詞,動詞,
腫れぼったい,はれぼったい,harebottai,not_noun,イ形容詞,イ形容詞,
晴れがましい,はれがましい,haregamashii,not_noun,イ形容詞,イ形容詞,
晴れる,はれる,hareru,not_noun,動詞,動詞,
晴れやか,はれやか,hareyaka,not_noun,ナ形容詞,ナ形容詞,
遥か,はるか,haruka,not_noun,ナ形容詞,ナ形容詞,
挟まる,はさまる,hasamaru,not_noun,動詞,動詞,
挟む,はさむ,hasamu,not_noun,動詞,動詞,
馳せる,はせる,haseru,not_noun,動詞,動詞,
燥ぐ,はしゃぐ,hashagu,not_noun,動詞,動詞,
走る,はしる,hashiru,not_noun,動詞,動詞,
端た,はした,hashita,not_noun,ナ形容詞,ナ形容詞,
はしたない,はしたない,hashitanai,not_noun,イ形容詞,イ形容詞,
はしょる,はしょる,hashoru,not_noun,動詞,動詞,
はたく,はたく,hataku,not_noun,動詞,動詞,
はためく,はためく,hatameku,not_noun,動詞,動詞,
働く,はたらく,hataraku,not_noun,動詞,動詞,
果たす,はたす,hatasu,not_noun,動詞,動詞,
果てる,はてる,hateru,not_noun,動詞,動詞,
這う,はう,hau,not_noun,動詞,動詞,
早い,はやい,hayai,not_noun,イ形容詞,イ形容詞,
逸る,はやる,hayaru,not_noun,動詞,動詞,
囃す,はやす,hayasu,not_noun,動詞,動詞,
恥ずかしい,はずかしい,hazukashii,not_noun,イ形容詞,イ形容詞,
弾む,はずむ,hazumu,not_noun,動詞,動詞,
外れる,はずれる,hazureru,not_noun,動詞,動詞,
外す,はずす,hazusu,not_noun,動詞,動詞,
へばり付く,へばりつく,hebaritsuku,not_noun,動詞,動詞,
へばる,へばる,hebaru,not_noun,動詞,動詞,
へぼ,へぼ,hebo,not_noun,ナ形容詞,ナ形容詞,
隔たる,へだたる,hedataru,not_noun,動詞,動詞,
隔てる,へだてる,hedateru,not_noun,動詞,動詞,
隔つ,へだつ,hedatsu,not_noun,動詞,動詞,
平安,へいあん,heian,not_noun,ナ形容詞,ナ形容詞,
平板,へいばん,heiban,not_noun,ナ形容詞,ナ形容詞,
平凡,へいぼん,heibon,not_noun,ナ形容詞,ナ形容詞,
平易,へいい,heii,not_noun,ナ形容詞,ナ形容詞,
平気,へいき,heiki,not_noun,ナ形容詞,ナ形容詞,
平明,へいめい,heimei,not_noun,ナ形容詞,ナ形容詞,
平穏,へいおん,heion,not_noun,ナ形容詞,ナ形容詞,
平静,へいせい,heisei,not_noun,ナ形容詞,ナ形容詞,
平坦,へいたん,heitan,not_noun,ナ形容詞,ナ形容詞,
平和,へいわ,heiwa,not_noun,ナ形容詞,ナ形容詞,
凹める,へこめる,hekomeru,not_noun,動詞,動詞,
凹む,へこむ,hekomu,not_noun,動詞,動詞,
へこたれる,へこたれる,hekotareru,not_noun,動詞,動詞,
変,へん,hen,not_noun,ナ形容詞,ナ形容詞,
変ちくりん,へんちくりん,henchikurin,not_noun,ナ形容詞,ナ形容詞,
偏屈,へんくつ,henkutsu,not_noun,ナ形容詞,ナ形容詞,
扁平,へんぺい,henpei,not_noun,ナ形容詞,ナ形容詞,
辺鄙,へんぴ,henpi,not_noun,ナ形容詞,ナ形容詞,
変梃,へんてこ,henteko,not_noun,ナ形容詞,ナ形容詞,
減らす,へらす,herasu,not_noun,動詞,動詞,
へりくだる,へりくだる,herikudaru,not_noun,動詞,動詞,
減る,へる,heru,not_noun,動詞,動詞,
へたばる,へたばる,hetabaru,not_noun,動詞,動詞,
へたれる,へたれる,hetareru,not_noun,動詞,動詞,
へたる,へたる,hetaru,not_noun,動詞,動詞,
へっちゃら,へっちゃら,hetchara,not_noun,ナ形容詞,ナ形容詞,
へとへと,へとへと,hetoheto,not_noun,ナ形容詞,ナ形容詞,
諂う,へつらう,hetsurau,not_noun,動詞,動詞,
響く,ひびく,hibiku,not_noun,動詞,動詞,
非凡,ひぼん,hibon,not_noun,ナ形容詞,ナ形容詞,
非道,ひどう,hido,not_noun,ナ形容詞,ナ形容詞,
ひどい,ひどい,hidoi,not_noun,イ形容詞,イ形容詞,
冷える,ひえる,hieru,not_noun,動詞,動詞,
僻む,ひがむ,higamu,not_noun,動詞,動詞,
鬚もじゃ,ひげもじゃ,higemoja,not_noun,ナ形容詞,ナ形容詞,
秀でる,ひいでる,hiideru,not_noun,動詞,動詞,
非常,ひじょう,hijo,not_noun,ナ形容詞,ナ形容詞,
控え目,ひかえめ,hikaeme,not_noun,ナ形容詞,ナ形容詞,
控える,ひかえる,hikaeru,not_noun,動詞,動詞,
ひけらかす,ひけらかす,hikerakasu,not_noun,動詞,動詞,
率いる,ひきいる,hikiiru,not_noun,動詞,動詞,
引っくるめる,ひっくるめる,hikkurumeru,not_noun,動詞,動詞,
引く,ひく,hiku,not_noun,動詞,動詞,
低い,ひくい,hikui,not_noun,イ形容詞,イ形容詞,
卑屈,ひくつ,hikutsu,not_noun,ナ形容詞,ナ形容詞,
暇,ひま,hima,not_noun,ナ形容詞,ナ形容詞,
秘める,ひめる,himeru,not_noun,動詞,動詞,
秘密,ひみつ,himitsu,not_noun,ナ形容詞,ナ形容詞,
ひもじい,ひもじい,himojii,not_noun,イ形容詞,イ形容詞,
鄙びる,ひなびる,hinabiru,not_noun,動詞,動詞,
捻くれる,ひねくれる,hinekureru,not_noun,動詞,動詞,
捻くる,ひねくる,hinekuru,not_noun,動詞,動詞,
捻る,ひねる,hineru,not_noun,動詞,動詞,
皮肉,ひにく,hiniku,not_noun,ナ形容詞,ナ形容詞,
頻繁,ひんぱん,hinpan,not_noun,ナ形容詞,ナ形容詞,
平べったい,ひらべったい,hirabettai,not_noun,イ形容詞,イ形容詞,
披く,ひらく,hiraku,not_noun,動詞,動詞,
閃く,ひらめく,hirameku,not_noun,動詞,動詞,
平たい,ひらたい,hiratai,not_noun,イ形容詞,イ形容詞,
ひれ伏す,ひれふす,hirefusu,not_noun,動詞,動詞,
卑劣,ひれつ,hiretsu,not_noun,ナ形容詞,ナ形容詞,
非力,ひりき,hiriki,not_noun,ナ形容詞,ナ形容詞,
広い,ひろい,hiroi,not_noun,イ形容詞,イ形容詞,
拾う,ひろう,hirou,not_noun,動詞,動詞,
翻る,ひるがえる,hirugaeru,not_noun,動詞,動詞,
翻す,ひるがえす,hirugaesu,not_noun,動詞,動詞,
ひるむ,ひるむ,hirumu,not_noun,動詞,動詞,
久々,ひさびさ,hisabisa,not_noun,ナ形容詞,ナ形容詞,
悲惨,ひさん,hisan,not_noun,ナ形容詞,ナ形容詞,
久し振り,ひさしぶり,hisashiburi,not_noun,ナ形容詞,ナ形容詞,
久しい,ひさしい,hisashii,not_noun,イ形容詞,イ形容詞,
犇めく,ひしめく,hishimeku,not_noun,動詞,動詞,
密か,ひそか,hisoka,not_noun,ナ形容詞,ナ形容詞,
潜める,ひそめる,hisomeru,not_noun,動詞,動詞,
潜む,ひそむ,hisomu,not_noun,動詞,動詞,
密やか,ひそやか,hisoyaka,not_noun,ナ形容詞,ナ形容詞,
必至,ひっし,hisshi,not_noun,ナ形容詞,ナ形容詞,
必須,ひっす,hissu,not_noun,ナ形容詞,ナ形容詞,
直向き,ひたむき,hitamuki,not_noun,ナ形容詞,ナ形容詞,
浸る,ひたる,hitaru,not_noun,動詞,動詞,
浸す,ひたす,hitasu,not_noun,動詞,動詞,
独り善がり,ひとりよがり,hitoriyogari,not_noun,ナ形容詞,ナ形容詞,
人騒がせ,ひとさわがせ,hitosawagase,not_noun,ナ形容詞,ナ形容詞,
等しい,ひとしい,hitoshii,not_noun,イ形容詞,イ形容詞,
必需,ひつじゅ,hitsuju,not_noun,ナ形容詞,ナ形容詞,
必要,ひつよう,hitsuyo,not_noun,ナ形容詞,ナ形容詞,
冷やかす,ひやかす,hiyakasu,not_noun,動詞,動詞,
冷やす,ひやす,hiyasu,not_noun,動詞,動詞,
冷ややか,ひややか,hiyayaka,not_noun,ナ形容詞,ナ形容詞,
ひ弱,ひよわ,hiyowa,not_noun,ナ形容詞,ナ形容詞,
ひ弱い,ひよわい,hiyowai,not_noun,イ形容詞,イ形容詞,
跪く,ひざまずく,hizamazuku,not_noun,動詞,動詞,
歪む,ひずむ,hizumu,not_noun,動詞,動詞,
絆される,ほだされる,hodasareru,not_noun,動詞,動詞,
程々,ほどほど,hodohodo,not_noun,ナ形容詞,ナ形容詞,
解ける,ほどける,hodokeru,not_noun,動詞,動詞,
施す,ほどこす,hodokosu,not_noun,動詞,動詞,
解く,ほどく,hodoku,not_noun,動詞,動詞,
吠える,ほえる,hoeru,not_noun,動詞,動詞,
法外,ほうがい,hogai,not_noun,ナ形容詞,ナ形容詞,
朗らか,ほがらか,hogaraka,not_noun,ナ形容詞,ナ形容詞,
ほぐれる,ほぐれる,hogureru,not_noun,動詞,動詞,
ほぐす,ほぐす,hogusu,not_noun,動詞,動詞,
ほじくる,ほじくる,hojikuru,not_noun,動詞,動詞,
ほじる,ほじる,hojiru,not_noun,動詞,動詞,
他なる,ほかなる,hokanaru,not_noun,動詞,動詞,
ほっかほか,ほっかほか,hokkahoka,not_noun,ナ形容詞,ナ形容詞,
誇らしい,ほこらしい,hokorashii,not_noun,イ形容詞,イ形容詞,
綻びる,ほころびる,hokorobiru,not_noun,動詞,動詞,
綻ぶ,ほころぶ,hokorobu,not_noun,動詞,動詞,
誇る,ほこる,hokoru,not_noun,動詞,動詞,
ほくそ笑む,ほくそえむ,hokusoemu,not_noun,動詞,動詞,
放漫,ほうまん,homan,not_noun,ナ形容詞,ナ形容詞,
褒めちぎる,ほめちぎる,homechigiru,not_noun,動詞,動詞,
誉める,ほめる,homeru,not_noun,動詞,動詞,
褒めそやす,ほめそやす,homesoyasu,not_noun,動詞,動詞,
骨太,ほねぶと,honebuto,not_noun,ナ形容詞,ナ形容詞,
本気,ほんき,honki,not_noun,ナ形容詞,ナ形容詞,
本真,ほんま,honma,not_noun,ナ形容詞,ナ形容詞,
ほのか,ほのか,honoka,not_noun,ナ形容詞,ナ形容詞,
ほのめかせる,ほのめかせる,honomekaseru,not_noun,動詞,動詞,
ほのめかす,ほのめかす,honomekasu,not_noun,動詞,動詞,
惚れる,ほれる,horeru,not_noun,動詞,動詞,
滅びる,ほろびる,horobiru,not_noun,動詞,動詞,
滅ぼす,ほろぼす,horobosu,not_noun,動詞,動詞,
滅ぶ,ほろぶ,horobu,not_noun,動詞,動詞,
ほろ苦い,ほろにがい,horonigai,not_noun,イ形容詞,イ形容詞,
ほうる,ほうる,horu,not_noun,動詞,動詞,
欲しい,ほしい,hoshii,not_noun,イ形容詞,イ形容詞,
ほしいまま,ほしいまま,hoshiimama,not_noun,ナ形容詞,ナ形容詞,
細い,ほそい,hosoi,not_noun,イ形容詞,イ形容詞,
干す,ほす,hosu,not_noun,動詞,動詞,
迸る,ほとばしる,hotobashiru,not_noun,動詞,動詞,
ほつれる,ほつれる,hotsureru,not_noun,動詞,動詞,
ほったらかす,ほったらかす,hottarakasu,not_noun,動詞,動詞,
放っておく,ほうっておく,hotteoku,not_noun,動詞,動詞,
放っとく,ほっとく,hottoku,not_noun,動詞,動詞,
ほやほや,ほやほや,hoyahoya,not_noun,ナ形容詞,ナ形容詞,
ひょうきん,ひょうきん,hyokin,not_noun,ナ形容詞,ナ形容詞,
いびる,いびる,ibiru,not_noun,動詞,動詞,
いびつ,いびつ,ibitsu,not_noun,ナ形容詞,ナ形容詞,
訝る,いぶかる,ibukaru,not_noun,動詞,動詞,
いぶかしい,いぶかしい,ibukashii,not_noun,イ形容詞,イ形容詞,
燻る,いぶる,iburu,not_noun,動詞,動詞,
燻す,いぶす,ibusu,not_noun,動詞,動詞,
著しい,いちじるしい,ichijirushii,not_noun,イ形容詞,イ形容詞,
一面,いちめん,ichimen,not_noun,ナ形容詞,ナ形容詞,
一律,いちりつ,ichiritsu,not_noun,ナ形容詞,ナ形容詞,
一様,いちよう,ichiyo,not_noun,ナ形容詞,ナ形容詞,
一途,いちず,ichizu,not_noun,ナ形容詞,ナ形容詞,
抱く,いだく,idaku,not_noun,動詞,動詞,
いでる,いでる,ideru,not_noun,動詞,動詞,
挑む,いどむ,idomu,not_noun,動詞,動詞,
癒える,いえる,ieru,not_noun,動詞,動詞,
意外,いがい,igai,not_noun,ナ形容詞,ナ形容詞,
異形,いぎょう,igyo,not_noun,ナ形容詞,ナ形容詞,
好い気,いいき,iiki,not_noun,ナ形容詞,ナ形容詞,
いじける,いじける,ijikeru,not_noun,動詞,動詞,
苛める,いじめる,ijimeru,not_noun,動詞,動詞,
いじらしい,いじらしい,ijirashii,not_noun,イ形容詞,イ形容詞,
弄る,いじる,ijiru,not_noun,動詞,動詞,
異常,いじょう,ijo,not_noun,ナ形容詞,ナ形容詞,
いかが,いかが,ikaga,not_noun,ナ形容詞,ナ形容詞,
いかがわしい,いかがわしい,ikagawashii,not_noun,イ形容詞,イ形容詞,
いかめしい,いかめしい,ikameshii,not_noun,イ形容詞,イ形容詞,
遺憾,いかん,ikan,not_noun,ナ形容詞,ナ形容詞,
いかれる,いかれる,ikareru,not_noun,動詞,動詞,
怒る,いかる,ikaru,not_noun,動詞,動詞,
生かす,いかす,ikasu,not_noun,動詞,動詞,
いかつい,いかつい,ikatsui,not_noun,イ形容詞,イ形容詞,
いけない,いけない,ikenai,not_noun,イ形容詞,イ形容詞,
生ける,いける,ikeru,not_noun,動詞,動詞,
憤る,いきどおる,ikidoru,not_noun,動詞,動詞,
息む,いきむ,ikimu,not_noun,動詞,動詞,
生きる,いきる,ikiru,not_noun,動詞,動詞,
一気,いっき,ikki,not_noun,ナ形容詞,ナ形容詞,
一挙,いっきょ,ikkyo,not_noun,ナ形容詞,ナ形容詞,
憩う,いこう,ikou,not_noun,動詞,動詞,
行く,いく,iku,not_noun,動詞,動詞,
今風,いまふう,imafu,not_noun,ナ形容詞,ナ形容詞,
今一,いまいち,imaichi,not_noun,ナ形容詞,ナ形容詞,
いまいましい,いまいましい,imaimashii,not_noun,イ形容詞,イ形容詞,
戒める,いましめる,imashimeru,not_noun,動詞,動詞,
忌まわしい,いまわしい,imawashii,not_noun,イ形容詞,イ形容詞,
忌む,いむ,imu,not_noun,動詞,動詞,
否める,いなめる,inameru,not_noun,動詞,動詞,
嘶く,いななく,inanaku,not_noun,動詞,動詞,
いなす,いなす,inasu,not_noun,動詞,動詞,
因果,いんが,inga,not_noun,ナ形容詞,ナ形容詞,
陰険,いんけん,inken,not_noun,ナ形容詞,ナ形容詞,
陰気,いんき,inki,not_noun,ナ形容詞,ナ形容詞,
意のまま,いのまま,inomama,not_noun,ナ形容詞,ナ形容詞,
祈る,いのる,inoru,not_noun,動詞,動詞,
陰惨,いんさん,insan,not_noun,ナ形容詞,ナ形容詞,
陰湿,いんしつ,inshitsu,not_noun,ナ形容詞,ナ形容詞,
一杯,いっぱい,ippai,not_noun,ナ形容詞,ナ形容詞,
いらっしゃる,いらっしゃる,irassharu,not_noun,動詞,動詞,
入れる,いれる,ireru,not_noun,動詞,動詞,
入り用,いりよう,iriyo,not_noun,ナ形容詞,ナ形容詞,
彩る,いろどる,irodoru,not_noun,動詞,動詞,
色々,いろいろ,iroiro,not_noun,ナ形容詞,ナ形容詞,
色白,いろじろ,irojiro,not_noun,ナ形容詞,ナ形容詞,
色めく,いろめく,iromeku,not_noun,動詞,動詞,
色っぽい,いろっぽい,iroppoi,not_noun,イ形容詞,イ形容詞,
煎る,いる,iru,not_noun,動詞,動詞,
潔い,いさぎよい,isagiyoi,not_noun,イ形容詞,イ形容詞,
勇ましい,いさましい,isamashii,not_noun,イ形容詞,イ形容詞,
諫める,いさめる,isameru,not_noun,動詞,動詞,
勇む,いさむ,isamu,not_noun,動詞,動詞,
異質,いしつ,ishitsu,not_noun,ナ形容詞,ナ形容詞,
忙しい,いそがしい,isogashii,not_noun,イ形容詞,イ形容詞,
急ぐ,いそぐ,isogu,not_noun,動詞,動詞,
勤しむ,いそしむ,isoshimu,not_noun,動詞,動詞,
一斉,いっせい,issei,not_noun,ナ形容詞,ナ形容詞,
一緒,いっしょ,issho,not_noun,ナ形容詞,ナ形容詞,
一緒くた,いっしょくた,isshokuta,not_noun,ナ形容詞,ナ形容詞,
頂く,いただく,itadaku,not_noun,動詞,動詞,
いたいけ,いたいけ,itaike,not_noun,ナ形容詞,ナ形容詞,
炒める,いためる,itameru,not_noun,動詞,動詞,
悼む,いたむ,itamu,not_noun,動詞,動詞,
至る,いたる,itaru,not_noun,動詞,動詞,
致す,いたす,itasu,not_noun,動詞,動詞,
いたたまれない,いたたまれない,itatamarenai,not_noun,イ形容詞,イ形容詞,
労る,いたわる,itawaru,not_noun,動詞,動詞,
いたわしい,いたわしい,itawashii,not_noun,イ形容詞,イ形容詞,
営む,いとなむ,itonamu,not_noun,動詞,動詞,
いとしい,いとしい,itoshii,not_noun,イ形容詞,イ形容詞,
厭う,いとう,itou,not_noun,動詞,動詞,
慈しむ,いつくしむ,itsukushimu,not_noun,動詞,動詞,
偽る,いつわる,itsuwaru,not_noun,動詞,動詞,
祝う,いわう,iwau,not_noun,動詞,動詞,
嫌,いや,iya,not_noun,ナ形容詞,ナ形容詞,
嫌味,いやみ,iyami,not_noun,ナ形容詞,ナ形容詞,
嫌らしい,いやらしい,iyarashii,not_noun,イ形容詞,イ形容詞,
卑しい,いやしい,iyashii,not_noun,イ形容詞,イ形容詞,
卑しめる,いやしめる,iyashimeru,not_noun,動詞,動詞,
卑しむ,いやしむ,iyashimu,not_noun,動詞,動詞,
癒す,いやす,iyasu,not_noun,動詞,動詞,
異様,いよう,iyo,not_noun,ナ形容詞,ナ形容詞,
邪悪,じゃあく,jaaku,not_noun,ナ形容詞,ナ形容詞,
邪険,じゃけん,jaken,not_noun,ナ形容詞,ナ形容詞,
弱小,じゃくしょう,jakusho,not_noun,ナ形容詞,ナ形容詞,
弱体,じゃくたい,jakutai,not_noun,ナ形容詞,ナ形容詞,
邪魔,じゃま,jama,not_noun,ナ形容詞,ナ形容詞,
じゃれる,じゃれる,jareru,not_noun,動詞,動詞,
自明,じめい,jimei,not_noun,ナ形容詞,ナ形容詞,
地味,じみ,jimi,not_noun,ナ形容詞,ナ形容詞,
地道,じみち,jimichi,not_noun,ナ形容詞,ナ形容詞,
甚大,じんだい,jindai,not_noun,ナ形容詞,ナ形容詞,
尋常,じんじょう,jinjo,not_noun,ナ形容詞,ナ形容詞,
迅速,じんそく,jinsoku,not_noun,ナ形容詞,ナ形容詞,
焦らせる,じらせる,jiraseru,not_noun,動詞,動詞,
焦らす,じらす,jirasu,not_noun,動詞,動詞,
焦れる,じれる,jireru,not_noun,動詞,動詞,
じれったい,じれったい,jirettai,not_noun,イ形容詞,イ形容詞,
実直,じっちょく,jitchoku,not_noun,ナ形容詞,ナ形容詞,
自由,じゆう,jiyu,not_noun,ナ形容詞,ナ形容詞,
自在,じざい,jizai,not_noun,ナ形容詞,ナ形容詞,
丈夫,じょうぶ,jobu,not_noun,ナ形容詞,ナ形容詞,
上品,じょうひん,johin,not_noun,ナ形容詞,ナ形容詞,
上質,じょうしつ,joshitsu,not_noun,ナ形容詞,ナ形容詞,
上等,じょうとう,joto,not_noun,ナ形容詞,ナ形容詞,
饒舌,じょうぜつ,jozetsu,not_noun,ナ形容詞,ナ形容詞,
上手,じょうず,jozu,not_noun,ナ形容詞,ナ形容詞,
従順,じゅうじゅん,jujun,not_noun,ナ形容詞,ナ形容詞,
順,じゅん,jun,not_noun,ナ形容詞,ナ形容詞,
柔軟,じゅうなん,junan,not_noun,ナ形容詞,ナ形容詞,
純朴,じゅんぼく,junboku,not_noun,ナ形容詞,ナ形容詞,
順調,じゅんちょう,juncho,not_noun,ナ形容詞,ナ形容詞,
純潔,じゅんけつ,junketsu,not_noun,ナ形容詞,ナ形容詞,
純白,じゅんぱく,junpaku,not_noun,ナ形容詞,ナ形容詞,
純真,じゅんしん,junshin,not_noun,ナ形容詞,ナ形容詞,
純粋,じゅんすい,junsui,not_noun,ナ形容詞,ナ形容詞,
潤沢,じゅんたく,juntaku,not_noun,ナ形容詞,ナ形容詞,
順当,じゅんとう,junto,not_noun,ナ形容詞,ナ形容詞,
重篤,じゅうとく,jutoku,not_noun,ナ形容詞,ナ形容詞,
重要,じゅうよう,juyo,not_noun,ナ形容詞,ナ形容詞,
十全,じゅうぜん,juzen,not_noun,ナ形容詞,ナ形容詞,
庇う,かばう,kabau,not_noun,動詞,動詞,
華美,かび,kabi,not_noun,ナ形容詞,ナ形容詞,
黴びる,かびる,kabiru,not_noun,動詞,動詞,
か細い,かぼそい,kabosoi,not_noun,イ形容詞,イ形容詞,
過分,かぶん,kabun,not_noun,ナ形容詞,ナ形容詞,
被る,かぶる,kaburu,not_noun,動詞,動詞,
被さる,かぶさる,kabusaru,not_noun,動詞,動詞,
被せる,かぶせる,kabuseru,not_noun,動詞,動詞,
かちかち,かちかち,kachikachi,not_noun,ナ形容詞,ナ形容詞,
勝ち気,かちき,kachiki,not_noun,ナ形容詞,ナ形容詞,
かちんかちん,かちんかちん,kachinkachin,not_noun,ナ形容詞,ナ形容詞,
省みる,かえりみる,kaerimiru,not_noun,動詞,動詞,
返す,かえす,kaesu,not_noun,動詞,動詞,
屈む,かがむ,kagamu,not_noun,動詞,動詞,
かがる,かがる,kagaru,not_noun,動詞,動詞,
輝かしい,かがやかしい,kagayakashii,not_noun,イ形容詞,イ形容詞,
かげろう,かげろう,kagerou,not_noun,動詞,動詞,
限る,かぎる,kagiru,not_noun,動詞,動詞,
かぐわしい,かぐわしい,kaguwashii,not_noun,イ形容詞,イ形容詞,
可変,かへん,kahen,not_noun,ナ形容詞,ナ形容詞,
かいがいしい,かいがいしい,kaigaishii,not_noun,イ形容詞,イ形容詞,
快活,かいかつ,kaikatsu,not_noun,ナ形容詞,ナ形容詞,
皆無,かいむ,kaimu,not_noun,ナ形容詞,ナ形容詞,
快適,かいてき,kaiteki,not_noun,ナ形容詞,ナ形容詞,
かいつまむ,かいつまむ,kaitsumamu,not_noun,動詞,動詞,
かじかむ,かじかむ,kajikamu,not_noun,動詞,動詞,
齧る,かじる,kajiru,not_noun,動詞,動詞,
抱える,かかえる,kakaeru,not_noun,動詞,動詞,
掲げる,かかげる,kakageru,not_noun,動詞,動詞,
果敢,かかん,kakan,not_noun,ナ形容詞,ナ形容詞,
罹る,かかる,kakaru,not_noun,動詞,動詞,
欠かす,かかす,kakasu,not_noun,動詞,動詞,
係わる,かかわる,kakawaru,not_noun,動詞,動詞,
掛ける,かける,kakeru,not_noun,動詞,動詞,
苛酷,かこく,kakoku,not_noun,ナ形容詞,ナ形容詞,
囲む,かこむ,kakomu,not_noun,動詞,動詞,
託つける,かこつける,kakotsukeru,not_noun,動詞,動詞,
囲う,かこう,kakou,not_noun,動詞,動詞,
格別,かくべつ,kakubetsu,not_noun,ナ形容詞,ナ形容詞,
格段,かくだん,kakudan,not_noun,ナ形容詞,ナ形容詞,
かくまう,かくまう,kakumau,not_noun,動詞,動詞,
隠れる,かくれる,kakureru,not_noun,動詞,動詞,
隠す,かくす,kakusu,not_noun,動詞,動詞,
格安,かくやす,kakuyasu,not_noun,ナ形容詞,ナ形容詞,
火急,かきゅう,kakyu,not_noun,ナ形容詞,ナ形容詞,
かまびすしい,かまびすしい,kamabisushii,not_noun,イ形容詞,イ形容詞,
かまける,かまける,kamakeru,not_noun,動詞,動詞,
構う,かまう,kamau,not_noun,動詞,動詞,
過密,かみつ,kamitsu,not_noun,ナ形容詞,ナ形容詞,
醸す,かもす,kamosu,not_noun,動詞,動詞,
噛む,かむ,kamu,not_noun,動詞,動詞,
奏でる,かなでる,kanaderu,not_noun,動詞,動詞,
叶える,かなえる,kanaeru,not_noun,動詞,動詞,
悲しい,かなしい,kanashii,not_noun,イ形容詞,イ形容詞,
悲しむ,かなしむ,kanashimu,not_noun,動詞,動詞,
叶う,かなう,kanau,not_noun,動詞,動詞,
かなわない,かなわない,kanawanai,not_noun,イ形容詞,イ形容詞,
芳しい,かんばしい,kanbashii,not_noun,イ形容詞,イ形容詞,
簡便,かんべん,kanben,not_noun,ナ形容詞,ナ形容詞,
甘美,かんび,kanbi,not_noun,ナ形容詞,ナ形容詞,
寛大,かんだい,kandai,not_noun,ナ形容詞,ナ形容詞,
兼ねる,かねる,kaneru,not_noun,動詞,動詞,
考える,かんがえる,kangaeru,not_noun,動詞,動詞,
鑑みる,かんがみる,kangamiru,not_noun,動詞,動詞,
かんかん,かんかん,kankan,not_noun,ナ形容詞,ナ形容詞,
簡潔,かんけつ,kanketsu,not_noun,ナ形容詞,ナ形容詞,
緩慢,かんまん,kanman,not_noun,ナ形容詞,ナ形容詞,
簡明,かんめい,kanmei,not_noun,ナ形容詞,ナ形容詞,
可能,かのう,kano,not_noun,ナ形容詞,ナ形容詞,
完璧,かんぺき,kanpeki,not_noun,ナ形容詞,ナ形容詞,
寒冷,かんれい,kanrei,not_noun,ナ形容詞,ナ形容詞,
簡略,かんりゃく,kanryaku,not_noun,ナ形容詞,ナ形容詞,
閑散,かんさん,kansan,not_noun,ナ形容詞,ナ形容詞,
閑静,かんせい,kansei,not_noun,ナ形容詞,ナ形容詞,
感心,かんしん,kanshin,not_noun,ナ形容詞,ナ形容詞,
簡単,かんたん,kantan,not_noun,ナ形容詞,ナ形容詞,
寛容,かんよう,kanyo,not_noun,ナ形容詞,ナ形容詞,
完全,かんぜん,kanzen,not_noun,ナ形容詞,ナ形容詞,
薫る,かおる,kaoru,not_noun,動詞,動詞,
活発,かっぱつ,kappatsu,not_noun,ナ形容詞,ナ形容詞,
辛い,からい,karai,not_noun,イ形容詞,イ形容詞,
からから,からから,karakara,not_noun,ナ形容詞,ナ形容詞,
からかう,からかう,karakau,not_noun,動詞,動詞,
絡まる,からまる,karamaru,not_noun,動詞,動詞,
絡める,からめる,karameru,not_noun,動詞,動詞,
絡む,からむ,karamu,not_noun,動詞,動詞,
空っぽ,からっぽ,karappo,not_noun,ナ形容詞,ナ形容詞,
駆られる,かられる,karareru,not_noun,動詞,動詞,
可憐,かれん,karen,not_noun,ナ形容詞,ナ形容詞,
枯れる,かれる,kareru,not_noun,動詞,動詞,
借りる,かりる,kariru,not_noun,動詞,動詞,
軽んじる,かろんじる,karonjiru,not_noun,動詞,動詞,
軽やか,かろやか,karoyaka,not_noun,ナ形容詞,ナ形容詞,
刈る,かる,karu,not_noun,動詞,動詞,
軽はずみ,かるはずみ,karuhazumi,not_noun,ナ形容詞,ナ形容詞,
軽い,かるい,karui,not_noun,イ形容詞,イ形容詞,
かさかさ,かさかさ,kasakasa,not_noun,ナ形容詞,ナ形容詞,
嵩む,かさむ,kasamu,not_noun,動詞,動詞,
重なる,かさなる,kasanaru,not_noun,動詞,動詞,
重ねる,かさねる,kasaneru,not_noun,動詞,動詞,
かさつく,かさつく,kasatsuku,not_noun,動詞,動詞,
稼ぐ,かせぐ,kasegu,not_noun,動詞,動詞,
傾げる,かしげる,kashigeru,not_noun,動詞,動詞,
賢い,かしこい,kashikoi,not_noun,イ形容詞,イ形容詞,
畏まる,かしこまる,kashikomaru,not_noun,動詞,動詞,
かすか,かすか,kasuka,not_noun,ナ形容詞,ナ形容詞,
かすめる,かすめる,kasumeru,not_noun,動詞,動詞,
かすむ,かすむ,kasumu,not_noun,動詞,動詞,
掠れる,かすれる,kasureru,not_noun,動詞,動詞,
掠る,かする,kasuru,not_noun,動詞,動詞,
型通り,かたどおり,katadori,not_noun,ナ形容詞,ナ形容詞,
象る,かたどる,katadoru,not_noun,動詞,動詞,
堅気,かたぎ,katagi,not_noun,ナ形容詞,ナ形容詞,
堅い,かたい,katai,not_noun,イ形容詞,イ形容詞,
かたじけない,かたじけない,katajikenai,not_noun,イ形容詞,イ形容詞,
かたくな,かたくな,katakuna,not_noun,ナ形容詞,ナ形容詞,
傾ける,かたむける,katamukeru,not_noun,動詞,動詞,
傾く,かたむく,katamuku,not_noun,動詞,動詞,
形無し,かたなし,katanashi,not_noun,ナ形容詞,ナ形容詞,
語らう,かたらう,katarau,not_noun,動詞,動詞,
語る,かたる,kataru,not_noun,動詞,動詞,
型破り,かたやぶり,katayaburi,not_noun,ナ形容詞,ナ形容詞,
偏る,かたよる,katayoru,not_noun,動詞,動詞,
下等,かとう,kato,not_noun,ナ形容詞,ナ形容詞,
勝つ,かつ,katsu,not_noun,動詞,動詞,
担ぐ,かつぐ,katsugu,not_noun,動詞,動詞,
闊達,かったつ,kattatsu,not_noun,ナ形容詞,ナ形容詞,
勝手,かって,katte,not_noun,ナ形容詞,ナ形容詞,
買う,かう,kau,not_noun,動詞,動詞,
乾かす,かわかす,kawakasu,not_noun,動詞,動詞,
乾く,かわく,kawaku,not_noun,動詞,動詞,
代わる,かわる,kawaru,not_noun,動詞,動詞,
躱す,かわす,kawasu,not_noun,動詞,動詞,
通う,かよう,kayou,not_noun,動詞,動詞,
か弱い,かよわい,kayowai,not_noun,イ形容詞,イ形容詞,
かゆい,かゆい,kayui,not_noun,イ形容詞,イ形容詞,
飾る,かざる,kazaru,not_noun,動詞,動詞,
翳す,かざす,kazasu,not_noun,動詞,動詞,
数える,かぞえる,kazoeru,not_noun,動詞,動詞,
けばけばしい,けばけばしい,kebakebashii,not_noun,イ形容詞,イ形容詞,
けち,けち,kechi,not_noun,ナ形容詞,ナ形容詞,
けちくさい,けちくさい,kechikusai,not_noun,イ形容詞,イ形容詞,
汚らわしい,けがらわしい,kegarawashii,not_noun,イ形容詞,イ形容詞,
汚れる,けがれる,kegareru,not_noun,動詞,動詞,
けげん,けげん,kegen,not_noun,ナ形容詞,ナ形容詞,
軽便,けいべん,keiben,not_noun,ナ形容詞,ナ形容詞,
軽微,けいび,keibi,not_noun,ナ形容詞,ナ形容詞,
軽度,けいど,keido,not_noun,ナ形容詞,ナ形容詞,
軽薄,けいはく,keihaku,not_noun,ナ形容詞,ナ形容詞,
軽快,けいかい,keikai,not_noun,ナ形容詞,ナ形容詞,
軽々,けいけい,keikei,not_noun,ナ形容詞,ナ形容詞,
敬虔,けいけん,keiken,not_noun,ナ形容詞,ナ形容詞,
軽妙,けいみょう,keimyo,not_noun,ナ形容詞,ナ形容詞,
軽少,けいしょう,keisho,not_noun,ナ形容詞,ナ形容詞,
軽率,けいそつ,keisotsu,not_noun,ナ形容詞,ナ形容詞,
煙い,けむい,kemui,not_noun,イ形容詞,イ形容詞,
毛むくじゃら,けむくじゃら,kemukujara,not_noun,ナ形容詞,ナ形容詞,
煙たい,けむたい,kemutai,not_noun,イ形容詞,イ形容詞,
健気,けなげ,kenage,not_noun,ナ形容詞,ナ形容詞,
険悪,けんあく,kenaku,not_noun,ナ形容詞,ナ形容詞,
けなす,けなす,kenasu,not_noun,動詞,動詞,
堅実,けんじつ,kenjitsu,not_noun,ナ形容詞,ナ形容詞,
健康,けんこう,kenko,not_noun,ナ形容詞,ナ形容詞,
健脚,けんきゃく,kenkyaku,not_noun,ナ形容詞,ナ形容詞,
懸命,けんめい,kenmei,not_noun,ナ形容詞,ナ形容詞,
健全,けんぜん,kenzen,not_noun,ナ形容詞,ナ形容詞,
潔白,けっぱく,keppaku,not_noun,ナ形容詞,ナ形容詞,
潔癖,けっぺき,keppeki,not_noun,ナ形容詞,ナ形容詞,
蹴る,ける,keru,not_noun,動詞,動詞,
けしかける,けしかける,keshikakeru,not_noun,動詞,動詞,
消す,けす,kesu,not_noun,動詞,動詞,
桁違い,けたちがい,ketachigai,not_noun,ナ形容詞,ナ形容詞,
桁外れ,けたはずれ,ketahazure,not_noun,ナ形容詞,ナ形容詞,
けたたましい,けたたましい,ketatamashii,not_noun,イ形容詞,イ形容詞,
険しい,けわしい,kewashii,not_noun,イ形容詞,イ形容詞,
削れる,けずれる,kezureru,not_noun,動詞,動詞,
削る,けずる,kezuru,not_noun,動詞,動詞,
奇抜,きばつ,kibatsu,not_noun,ナ形容詞,ナ形容詞,
機敏,きびん,kibin,not_noun,ナ形容詞,ナ形容詞,
厳しい,きびしい,kibishii,not_noun,イ形容詞,イ形容詞,
気鋭,きえい,kiei,not_noun,ナ形容詞,ナ形容詞,
消える,きえる,kieru,not_noun,動詞,動詞,
気掛かり,きがかり,kigakari,not_noun,ナ形容詞,ナ形容詞,
気軽,きがる,kigaru,not_noun,ナ形容詞,ナ形容詞,
希薄,きはく,kihaku,not_noun,ナ形容詞,ナ形容詞,
奇異,きい,kii,not_noun,ナ形容詞,ナ形容詞,
聞かん気,きかんき,kikanki,not_noun,ナ形容詞,ナ形容詞,
聞こえる,きこえる,kikoeru,not_noun,動詞,動詞,
気紛れ,きまぐれ,kimagure,not_noun,ナ形容詞,ナ形容詞,
気侭,きまま,kimama,not_noun,ナ形容詞,ナ形容詞,
決まる,きまる,kimaru,not_noun,動詞,動詞,
きめ細かい,きめこまかい,kimekomakai,not_noun,イ形容詞,イ形容詞,
決める,きめる,kimeru,not_noun,動詞,動詞,
決めてかかる,きめてかかる,kimetekakaru,not_noun,動詞,動詞,
気短,きみじか,kimijika,not_noun,ナ形容詞,ナ形容詞,
奇妙,きみょう,kimyo,not_noun,ナ形容詞,ナ形容詞,
気長,きなが,kinaga,not_noun,ナ形容詞,ナ形容詞,
生成,きなり,kinari,not_noun,ナ形容詞,ナ形容詞,
勤勉,きんべん,kinben,not_noun,ナ形容詞,ナ形容詞,
均一,きんいつ,kinitsu,not_noun,ナ形容詞,ナ形容詞,
緊急,きんきゅう,kinkyu,not_noun,ナ形容詞,ナ形容詞,
緊密,きんみつ,kinmitsu,not_noun,ナ形容詞,ナ形容詞,
均質,きんしつ,kinshitsu,not_noun,ナ形容詞,ナ形容詞,
均等,きんとう,kinto,not_noun,ナ形容詞,ナ形容詞,
きらびやか,きらびやか,kirabiyaka,not_noun,ナ形容詞,ナ形容詞,
気楽,きらく,kiraku,not_noun,ナ形容詞,ナ形容詞,
きらめく,きらめく,kirameku,not_noun,動詞,動詞,
切らす,きらす,kirasu,not_noun,動詞,動詞,
嫌う,きらう,kirau,not_noun,動詞,動詞,
切れ切れ,きれぎれ,kiregire,not_noun,ナ形容詞,ナ形容詞,
綺麗,きれい,kirei,not_noun,ナ形容詞,ナ形容詞,
切れる,きれる,kireru,not_noun,動詞,動詞,
切る,きる,kiru,not_noun,動詞,動詞,
気さく,きさく,kisaku,not_noun,ナ形容詞,ナ形容詞,
着せる,きせる,kiseru,not_noun,動詞,動詞,
軋む,きしむ,kishimu,not_noun,動詞,動詞,
競う,きそう,kisou,not_noun,動詞,動詞,
鍛える,きたえる,kitaeru,not_noun,動詞,動詞,
汚い,きたない,kitanai,not_noun,イ形容詞,イ形容詞,
来す,きたす,kitasu,not_noun,動詞,動詞,
きつい,きつい,kitsui,not_noun,イ形容詞,イ形容詞,
際どい,きわどい,kiwadoi,not_noun,イ形容詞,イ形容詞,
極まりない,きわまりない,kiwamarinai,not_noun,イ形容詞,イ形容詞,
窮まる,きわまる,kiwamaru,not_noun,動詞,動詞,
極める,きわめる,kiwameru,not_noun,動詞,動詞,
清い,きよい,kiyoi,not_noun,イ形容詞,イ形容詞,
清らか,きよらか,kiyoraka,not_noun,ナ形容詞,ナ形容詞,
気弱,きよわ,kiyowa,not_noun,ナ形容詞,ナ形容詞,
きざ,きざ,kiza,not_noun,ナ形容詞,ナ形容詞,
刻む,きざむ,kizamu,not_noun,動詞,動詞,
兆す,きざす,kizasu,not_noun,動詞,動詞,
築く,きずく,kizuku,not_noun,動詞,動詞,
気詰まり,きづまり,kizumari,not_noun,ナ形容詞,ナ形容詞,
拒む,こばむ,kobamu,not_noun,動詞,動詞,
香ばしい,こうばしい,kobashii,not_noun,イ形容詞,イ形容詞,
こびり付く,こびりつく,kobiritsuku,not_noun,動詞,動詞,
こびる,こびる,kobiru,not_noun,動詞,動詞,
毀れる,こぼれる,koboreru,not_noun,動詞,動詞,
零す,こぼす,kobosu,not_noun,動詞,動詞,
小振り,こぶり,koburi,not_noun,ナ形容詞,ナ形容詞,
こちこち,こちこち,kochikochi,not_noun,ナ形容詞,ナ形容詞,
拘る,こだわる,kodawaru,not_noun,動詞,動詞,
孤独,こどく,kodoku,not_noun,ナ形容詞,ナ形容詞,
幸福,こうふく,kofuku,not_noun,ナ形容詞,ナ形容詞,
小柄,こがら,kogara,not_noun,ナ形容詞,ナ形容詞,
焦がれる,こがれる,kogareru,not_noun,動詞,動詞,
焦がす,こがす,kogasu,not_noun,動詞,動詞,
小形,こがた,kogata,not_noun,ナ形容詞,ナ形容詞,
焦げる,こげる,kogeru,not_noun,動詞,動詞,
凍える,こごえる,kogoeru,not_noun,動詞,動詞,
小幅,こはば,kohaba,not_noun,ナ形容詞,ナ形容詞,
公平,こうへい,kohei,not_noun,ナ形容詞,ナ形容詞,
小粋,こいき,koiki,not_noun,ナ形容詞,ナ形容詞,
恋しい,こいしい,koishii,not_noun,イ形容詞,イ形容詞,
拗れる,こじれる,kojireru,not_noun,動詞,動詞,
抉る,こじる,kojiru,not_noun,動詞,動詞,
こじつける,こじつける,kojitsukeru,not_noun,動詞,動詞,
転かせる,こかせる,kokaseru,not_noun,動詞,動詞,
転かす,こかす,kokasu,not_noun,動詞,動詞,
痩ける,こける,kokeru,not_noun,動詞,動詞,
高潔,こうけつ,koketsu,not_noun,ナ形容詞,ナ形容詞,
小刻み,こきざみ,kokizami,not_noun,ナ形容詞,ナ形容詞,
試みる,こころみる,kokoromiru,not_noun,動詞,動詞,
心残り,こころのこり,kokoronokori,not_noun,ナ形容詞,ナ形容詞,
快い,こころよい,kokoroyoi,not_noun,イ形容詞,イ形容詞,
克明,こくめい,kokumei,not_noun,ナ形容詞,ナ形容詞,
細か,こまか,komaka,not_noun,ナ形容詞,ナ形容詞,
細かい,こまかい,komakai,not_noun,イ形容詞,イ形容詞,
こまめ,こまめ,komame,not_noun,ナ形容詞,ナ形容詞,
高慢,こうまん,koman,not_noun,ナ形容詞,ナ形容詞,
拱く,こまねく,komaneku,not_noun,動詞,動詞,
困る,こまる,komaru,not_noun,動詞,動詞,
細やか,こまやか,komayaka,not_noun,ナ形容詞,ナ形容詞,
籠る,こもる,komoru,not_noun,動詞,動詞,
込む,こむ,komu,not_noun,動詞,動詞,
被る,こうむる,komuru,not_noun,動詞,動詞,
巧妙,こうみょう,komyo,not_noun,ナ形容詞,ナ形容詞,
粉々,こなごな,konagona,not_noun,ナ形容詞,ナ形容詞,
こなれる,こなれる,konareru,not_noun,動詞,動詞,
こなす,こなす,konasu,not_noun,動詞,動詞,
捏ねる,こねる,koneru,not_noun,動詞,動詞,
こんがらかる,こんがらかる,kongarakaru,not_noun,動詞,動詞,
懇意,こんい,koni,not_noun,ナ形容詞,ナ形容詞,
困難,こんなん,konnan,not_noun,ナ形容詞,ナ形容詞,
好ましい,このましい,konomashii,not_noun,イ形容詞,イ形容詞,
好む,このむ,konomu,not_noun,動詞,動詞,
こらえる,こらえる,koraeru,not_noun,動詞,動詞,
凝らせる,こらせる,koraseru,not_noun,動詞,動詞,
懲らしめる,こらしめる,korashimeru,not_noun,動詞,動詞,
凝らす,こらす,korasu,not_noun,動詞,動詞,
懲りる,こりる,koriru,not_noun,動詞,動詞,
転ぶ,ころぶ,korobu,not_noun,動詞,動詞,
転がる,ころがる,korogaru,not_noun,動詞,動詞,
転がす,ころがす,korogasu,not_noun,動詞,動詞,
転げる,ころげる,korogeru,not_noun,動詞,動詞,
凍る,こおる,koru,not_noun,動詞,動詞,
拵える,こしらえる,koshiraeru,not_noun,動詞,動詞,
こそばゆい,こそばゆい,kosobayui,not_noun,イ形容詞,イ形容詞,
漉す,こす,kosu,not_noun,動詞,動詞,
こする,こする,kosuru,not_noun,動詞,動詞,
応える,こたえる,kotaeru,not_noun,動詞,動詞,
好適,こうてき,koteki,not_noun,ナ形容詞,ナ形容詞,
事細か,ことこまか,kotokomaka,not_noun,ナ形容詞,ナ形容詞,
事も無げ,こともなげ,kotomonage,not_noun,ナ形容詞,ナ形容詞,
異なる,ことなる,kotonaru,not_noun,動詞,動詞,
断る,ことわる,kotowaru,not_noun,動詞,動詞,
小粒,こつぶ,kotsubu,not_noun,ナ形容詞,ナ形容詞,
恋う,こう,kou,not_noun,動詞,動詞,
こわばる,こわばる,kowabaru,not_noun,動詞,動詞,
声高,こわだか,kowadaka,not_noun,ナ形容詞,ナ形容詞,
怖い,こわい,kowai,not_noun,イ形容詞,イ形容詞,
壊れる,こわれる,kowareru,not_noun,動詞,動詞,
壊す,こわす,kowasu,not_noun,動詞,動詞,
肥やす,こやす,koyasu,not_noun,動詞,動詞,
こざかしい,こざかしい,kozakashii,not_noun,イ形容詞,イ形容詞,
挙る,こぞる,kozoru,not_noun,動詞,動詞,
配る,くばる,kubaru,not_noun,動詞,動詞,
くべる,くべる,kuberu,not_noun,動詞,動詞,
括れる,くびれる,kubireru,not_noun,動詞,動詞,
凹める,くぼめる,kubomeru,not_noun,動詞,動詞,
凹む,くぼむ,kubomu,not_noun,動詞,動詞,
口早,くちばや,kuchibaya,not_noun,ナ形容詞,ナ形容詞,
朽ちる,くちる,kuchiru,not_noun,動詞,動詞,
口さがない,くちさがない,kuchisaganai,not_noun,イ形容詞,イ形容詞,
砕ける,くだける,kudakeru,not_noun,動詞,動詞,
砕く,くだく,kudaku,not_noun,動詞,動詞,
下らない,くだらない,kudaranai,not_noun,イ形容詞,イ形容詞,
下る,くだる,kudaru,not_noun,動詞,動詞,
下さる,くださる,kudasaru,not_noun,動詞,動詞,
下す,くだす,kudasu,not_noun,動詞,動詞,
くどい,くどい,kudoi,not_noun,イ形容詞,イ形容詞,
空腹,くうふく,kufuku,not_noun,ナ形容詞,ナ形容詞,
くぐもる,くぐもる,kugumoru,not_noun,動詞,動詞,
くぐる,くぐる,kuguru,not_noun,動詞,動詞,
空白,くうはく,kuhaku,not_noun,ナ形容詞,ナ形容詞,
悔いる,くいる,kuiru,not_noun,動詞,動詞,
食いしん坊,くいしんぼう,kuishinbo,not_noun,ナ形容詞,ナ形容詞,
挫ける,くじける,kujikeru,not_noun,動詞,動詞,
挫く,くじく,kujiku,not_noun,動詞,動詞,
屈強,くっきょう,kukkyo,not_noun,ナ形容詞,ナ形容詞,
括る,くくる,kukuru,not_noun,動詞,動詞,
空虚,くうきょ,kukyo,not_noun,ナ形容詞,ナ形容詞,
汲む,くむ,kumu,not_noun,動詞,動詞,
くねる,くねる,kuneru,not_noun,動詞,動詞,
比べる,くらべる,kuraberu,not_noun,動詞,動詞,
晦ませる,くらませる,kuramaseru,not_noun,動詞,動詞,
晦ます,くらます,kuramasu,not_noun,動詞,動詞,
眩む,くらむ,kuramu,not_noun,動詞,動詞,
暮らす,くらす,kurasu,not_noun,動詞,動詞,
食らう,くらう,kurau,not_noun,動詞,動詞,
くれる,くれる,kureru,not_noun,動詞,動詞,
黒い,くろい,kuroi,not_noun,イ形容詞,イ形容詞,
刳る,くる,kuru,not_noun,動詞,動詞,
包まる,くるまる,kurumaru,not_noun,動詞,動詞,
包める,くるめる,kurumeru,not_noun,動詞,動詞,
包む,くるむ,kurumu,not_noun,動詞,動詞,
苦しい,くるしい,kurushii,not_noun,イ形容詞,イ形容詞,
腐る,くさる,kusaru,not_noun,動詞,動詞,
くしゃくしゃ,くしゃくしゃ,kushakusha,not_noun,ナ形容詞,ナ形容詞,
空疎,くうそ,kuso,not_noun,ナ形容詞,ナ形容詞,
燻る,くすぶる,kusuburu,not_noun,動詞,動詞,
擽る,くすぐる,kusuguru,not_noun,動詞,動詞,
くすぐったい,くすぐったい,kusuguttai,not_noun,イ形容詞,イ形容詞,
くすむ,くすむ,kusumu,not_noun,動詞,動詞,
くすねる,くすねる,kusuneru,not_noun,動詞,動詞,
くたばる,くたばる,kutabaru,not_noun,動詞,動詞,
くたびれる,くたびれる,kutabireru,not_noun,動詞,動詞,
くたくた,くたくた,kutakuta,not_noun,ナ形容詞,ナ形容詞,
覆る,くつがえる,kutsugaeru,not_noun,動詞,動詞,
覆す,くつがえす,kutsugaesu,not_noun,動詞,動詞,
寛ぐ,くつろぐ,kutsurogu,not_noun,動詞,動詞,
くっ付ける,くっつける,kuttsukeru,not_noun,動詞,動詞,
くっ付く,くっつく,kuttsuku,not_noun,動詞,動詞,
食う,くう,kuu,not_noun,動詞,動詞,
企てる,くわだてる,kuwadateru,not_noun,動詞,動詞,
加える,くわえる,kuwaeru,not_noun,動詞,動詞,
詳しい,くわしい,kuwashii,not_noun,イ形容詞,イ形容詞,
加わる,くわわる,kuwawaru,not_noun,動詞,動詞,
悔やむ,くやむ,kuyamu,not_noun,動詞,動詞,
悔しい,くやしい,kuyashii,not_noun,イ形容詞,イ形容詞,
燻らせる,くゆらせる,kuyuraseru,not_noun,動詞,動詞,
燻らす,くゆらす,kuyurasu,not_noun,動詞,動詞,
崩れる,くずれる,kuzureru,not_noun,動詞,動詞,
崩す,くずす,kuzusu,not_noun,動詞,動詞,
きゃしゃ,きゃしゃ,kyasha,not_noun,ナ形容詞,ナ形容詞,
凶悪,きょうあく,kyoaku,not_noun,ナ形容詞,ナ形容詞,
虚弱,きょじゃく,kyojaku,not_noun,ナ形容詞,ナ形容詞,
強硬,きょうこう,kyoko,not_noun,ナ形容詞,ナ形容詞,
極度,きょくど,kyokudo,not_noun,ナ形容詞,ナ形容詞,
極端,きょくたん,kyokutan,not_noun,ナ形容詞,ナ形容詞,
強烈,きょうれつ,kyoretsu,not_noun,ナ形容詞,ナ形容詞,
強力,きょうりょく,kyoryoku,not_noun,ナ形容詞,ナ形容詞,
虚心,きょしん,kyoshin,not_noun,ナ形容詞,ナ形容詞,
共通,きょうつう,kyotsu,not_noun,ナ形容詞,ナ形容詞,
急,きゅう,kyu,not_noun,ナ形容詞,ナ形容詞,
急激,きゅうげき,kyugeki,not_noun,ナ形容詞,ナ形容詞,
急拵え,きゅうごしらえ,kyugoshirae,not_noun,ナ形容詞,ナ形容詞,
窮屈,きゅうくつ,kyukutsu,not_noun,ナ形容詞,ナ形容詞,
旧式,きゅうしき,kyushiki,not_noun,ナ形容詞,ナ形容詞,
急速,きゅうそく,kyusoku,not_noun,ナ形容詞,ナ形容詞,
まあまあ,まあまあ,maamaa,not_noun,ナ形容詞,ナ形容詞,
疎ら,まばら,mabara,not_noun,ナ形容詞,ナ形容詞,
まばゆい,まばゆい,mabayui,not_noun,イ形容詞,イ形容詞,
目深,まぶか,mabuka,not_noun,ナ形容詞,ナ形容詞,
まぶしい,まぶしい,mabushii,not_noun,イ形容詞,イ形容詞,
まぶす,まぶす,mabusu,not_noun,動詞,動詞,
まちまち,まちまち,machimachi,not_noun,ナ形容詞,ナ形容詞,
まだるっこい,まだるっこい,madarukkoi,not_noun,イ形容詞,イ形容詞,
まどろむ,まどろむ,madoromu,not_noun,動詞,動詞,
惑う,まどう,madou,not_noun,動詞,動詞,
前向き,まえむき,maemuki,not_noun,ナ形容詞,ナ形容詞,
曲がりくねる,まがりくねる,magarikuneru,not_noun,動詞,動詞,
曲がる,まがる,magaru,not_noun,動詞,動詞,
曲げる,まげる,mageru,not_noun,動詞,動詞,
紛らす,まぎらす,magirasu,not_noun,動詞,動詞,
紛らわしい,まぎらわしい,magirawashii,not_noun,イ形容詞,イ形容詞,
紛らわす,まぎらわす,magirawasu,not_noun,動詞,動詞,
紛れる,まぎれる,magireru,not_noun,動詞,動詞,
まごつく,まごつく,magotsuku,not_noun,動詞,動詞,
参る,まいる,mairu,not_noun,動詞,動詞,
交える,まじえる,majieru,not_noun,動詞,動詞,
間近,まぢか,majika,not_noun,ナ形容詞,ナ形容詞,
交じる,まじる,majiru,not_noun,動詞,動詞,
交わる,まじわる,majiwaru,not_noun,動詞,動詞,
賄う,まかなう,makanau,not_noun,動詞,動詞,
任せる,まかせる,makaseru,not_noun,動詞,動詞,
任す,まかす,makasu,not_noun,動詞,動詞,
負ける,まける,makeru,not_noun,動詞,動詞,
負けず嫌い,まけずぎらい,makezugirai,not_noun,ナ形容詞,ナ形容詞,
真っ赤,まっか,makka,not_noun,ナ形容詞,ナ形容詞,
真っ暗,まっくら,makkura,not_noun,ナ形容詞,ナ形容詞,
真っ黒,まっくろ,makkuro,not_noun,ナ形容詞,ナ形容詞,
捲れる,まくれる,makureru,not_noun,動詞,動詞,
捲る,まくる,makuru,not_noun,動詞,動詞,
侭ならない,ままならない,mamanaranai,not_noun,イ形容詞,イ形容詞,
まみれる,まみれる,mamireru,not_noun,動詞,動詞,
守る,まもる,mamoru,not_noun,動詞,動詞,
学ぶ,まなぶ,manabu,not_noun,動詞,動詞,
招く,まねく,maneku,not_noun,動詞,動詞,
真ん丸,まんまる,manmaru,not_noun,ナ形容詞,ナ形容詞,
満腹,まんぷく,manpuku,not_noun,ナ形容詞,ナ形容詞,
免れる,まぬがれる,manugareru,not_noun,動詞,動詞,
満足,まんぞく,manzoku,not_noun,ナ形容詞,ナ形容詞,
稀,まれ,mare,not_noun,ナ形容詞,ナ形容詞,
円やか,まろやか,maroyaka,not_noun,ナ形容詞,ナ形容詞,
丸い,まるい,marui,not_noun,イ形容詞,イ形容詞,
まさぐる,まさぐる,masaguru,not_noun,動詞,動詞,
勝る,まさる,masaru,not_noun,動詞,動詞,
ませる,ませる,maseru,not_noun,動詞,動詞,
増し,まし,mashi,not_noun,ナ形容詞,ナ形容詞,
真っ青,まっさお,massao,not_noun,ナ形容詞,ナ形容詞,
真っ白,まっしろ,masshiro,not_noun,ナ形容詞,ナ形容詞,
真っ直ぐ,まっすぐ,massugu,not_noun,ナ形容詞,ナ形容詞,
跨がる,またがる,matagaru,not_noun,動詞,動詞,
跨ぐ,またぐ,matagu,not_noun,動詞,動詞,
瞬く,またたく,matataku,not_noun,動詞,動詞,
的外れ,まとはずれ,matohazure,not_noun,ナ形容詞,ナ形容詞,
纏まる,まとまる,matomaru,not_noun,動詞,動詞,
纏める,まとめる,matomeru,not_noun,動詞,動詞,
まとも,まとも,matomo,not_noun,ナ形容詞,ナ形容詞,
纏う,まとう,matou,not_noun,動詞,動詞,
まとわる,まとわる,matowaru,not_noun,動詞,動詞,
纏わる,まつわる,matsuwaru,not_noun,動詞,動詞,
真っ当,まっとう,matto,not_noun,ナ形容詞,ナ形容詞,
回る,まわる,mawaru,not_noun,動詞,動詞,
回す,まわす,mawasu,not_noun,動詞,動詞,
迷う,まよう,mayou,not_noun,動詞,動詞,
交ざる,まざる,mazaru,not_noun,動詞,動詞,
まぜこぜ,まぜこぜ,mazekoze,not_noun,ナ形容詞,ナ形容詞,
交ぜる,まぜる,mazeru,not_noun,動詞,動詞,
まずい,まずい,mazui,not_noun,イ形容詞,イ形容詞,
先ず先ず,まずまず,mazumazu,not_noun,ナ形容詞,ナ形容詞,
めちゃくちゃ,めちゃくちゃ,mechakucha,not_noun,ナ形容詞,ナ形容詞,
めちゃめちゃ,めちゃめちゃ,mechamecha,not_noun,ナ形容詞,ナ形容詞,
愛でる,めでる,mederu,not_noun,動詞,動詞,
めでたい,めでたい,medetai,not_noun,イ形容詞,イ形容詞,
めげる,めげる,megeru,not_noun,動詞,動詞,
恵む,めぐむ,megumu,not_noun,動詞,動詞,
巡る,めぐる,meguru,not_noun,動詞,動詞,
明敏,めいびん,meibin,not_noun,ナ形容詞,ナ形容詞,
明白,めいはく,meihaku,not_noun,ナ形容詞,ナ形容詞,
明快,めいかい,meikai,not_noun,ナ形容詞,ナ形容詞,
明確,めいかく,meikaku,not_noun,ナ形容詞,ナ形容詞,
明瞭,めいりょう,meiryo,not_noun,ナ形容詞,ナ形容詞,
明細,めいさい,meisai,not_noun,ナ形容詞,ナ形容詞,
明晰,めいせき,meiseki,not_noun,ナ形容詞,ナ形容詞,
銘す,めいす,meisu,not_noun,動詞,動詞,
迷惑,めいわく,meiwaku,not_noun,ナ形容詞,ナ形容詞,
名誉,めいよ,meiyo,not_noun,ナ形容詞,ナ形容詞,
粧す,めかす,mekasu,not_noun,動詞,動詞,
捲れる,めくれる,mekureru,not_noun,動詞,動詞,
捲る,めくる,mekuru,not_noun,動詞,動詞,
目まぐるしい,めまぐるしい,memagurushii,not_noun,イ形容詞,イ形容詞,
面倒,めんどう,mendo,not_noun,ナ形容詞,ナ形容詞,
綿密,めんみつ,menmitsu,not_noun,ナ形容詞,ナ形容詞,
滅法,めっぽう,meppo,not_noun,ナ形容詞,ナ形容詞,
娶る,めとる,metoru,not_noun,動詞,動詞,
滅多,めった,metta,not_noun,ナ形容詞,ナ形容詞,
めったやたら,めったやたら,mettayatara,not_noun,ナ形容詞,ナ形容詞,
目障り,めざわり,mezawari,not_noun,ナ形容詞,ナ形容詞,
珍しい,めずらしい,mezurashii,not_noun,イ形容詞,イ形容詞,
導く,みちびく,michibiku,not_noun,動詞,動詞,
満ちる,みちる,michiru,not_noun,動詞,動詞,
乱れる,みだれる,midareru,not_noun,動詞,動詞,
乱す,みだす,midasu,not_noun,動詞,動詞,
見え見え,みえみえ,miemie,not_noun,ナ形容詞,ナ形容詞,
見える,みえる,mieru,not_noun,動詞,動詞,
磨く,みがく,migaku,not_noun,動詞,動詞,
身軽,みがる,migaru,not_noun,ナ形容詞,ナ形容詞,
見事,みごと,migoto,not_noun,ナ形容詞,ナ形容詞,
身近,みぢか,mijika,not_noun,ナ形容詞,ナ形容詞,
短い,みじかい,mijikai,not_noun,イ形容詞,イ形容詞,
惨め,みじめ,mijime,not_noun,ナ形容詞,ナ形容詞,
身じろぐ,みじろぐ,mijirogu,not_noun,動詞,動詞,
未熟,みじゅく,mijuku,not_noun,ナ形容詞,ナ形容詞,
耳寄り,みみより,mimiyori,not_noun,ナ形容詞,ナ形容詞,
耳障り,みみざわり,mimizawari,not_noun,ナ形容詞,ナ形容詞,
漲る,みなぎる,minagiru,not_noun,動詞,動詞,
実る,みのる,minoru,not_noun,動詞,動詞,
見る,みる,miru,not_noun,動詞,動詞,
見せびらかす,みせびらかす,misebirakasu,not_noun,動詞,動詞,
魅せられる,みせられる,miserareru,not_noun,動詞,動詞,
見せる,みせる,miseru,not_noun,動詞,動詞,
密接,みっせつ,missetsu,not_noun,ナ形容詞,ナ形容詞,
みすぼらしい,みすぼらしい,misuborashii,not_noun,イ形容詞,イ形容詞,
満たない,みたない,mitanai,not_noun,イ形容詞,イ形容詞,
満たす,みたす,mitasu,not_noun,動詞,動詞,
未定,みてい,mitei,not_noun,ナ形容詞,ナ形容詞,
認める,みとめる,mitomeru,not_noun,動詞,動詞,
貢ぐ,みつぐ,mitsugu,not_noun,動詞,動詞,
みっともない,みっともない,mittomonai,not_noun,イ形容詞,イ形容詞,
雅び,みやび,miyabi,not_noun,ナ形容詞,ナ形容詞,
雅びやか,みやびやか,miyabiyaka,not_noun,ナ形容詞,ナ形容詞,
みずみずしい,みずみずしい,mizumizushii,not_noun,イ形容詞,イ形容詞,
用いる,もちいる,mochiiru,not_noun,動詞,動詞,
悶える,もだえる,modaeru,not_noun,動詞,動詞,
詣でる,もうでる,moderu,not_noun,動詞,動詞,
もどかしい,もどかしい,modokashii,not_noun,イ形容詞,イ形容詞,
戻れる,もどれる,modoreru,not_noun,動詞,動詞,
戻る,もどる,modoru,not_noun,動詞,動詞,
戻せる,もどせる,modoseru,not_noun,動詞,動詞,
戻す,もどす,modosu,not_noun,動詞,動詞,
燃える,もえる,moeru,not_noun,動詞,動詞,
もがく,もがく,mogaku,not_noun,動詞,動詞,
もげる,もげる,mogeru,not_noun,動詞,動詞,
もぎ取る,もぎとる,mogitoru,not_noun,動詞,動詞,
もぐ,もぐ,mogu,not_noun,動詞,動詞,
潜る,もぐる,moguru,not_noun,動詞,動詞,
もじる,もじる,mojiru,not_noun,動詞,動詞,
儲かる,もうかる,mokaru,not_noun,動詞,動詞,
儲ける,もうける,mokeru,not_noun,動詞,動詞,
目す,もくす,mokusu,not_noun,動詞,動詞,
揉める,もめる,momeru,not_noun,動詞,動詞,
揉む,もむ,momu,not_noun,動詞,動詞,
もんどり打つ,もんどりうつ,mondoriutsu,not_noun,動詞,動詞,
ものぐさ,ものぐさ,monogusa,not_noun,ナ形容詞,ナ形容詞,
物要り,ものいり,monoiri,not_noun,ナ形容詞,ナ形容詞,
物静か,ものしずか,monoshizuka,not_noun,ナ形容詞,ナ形容詞,
物柔らか,ものやわらか,monoyawaraka,not_noun,ナ形容詞,ナ形容詞,
物好き,ものずき,monozuki,not_noun,ナ形容詞,ナ形容詞,
漏らす,もらす,morasu,not_noun,動詞,動詞,
貰う,もらう,morau,not_noun,動詞,動詞,
漏れる,もれる,moreru,not_noun,動詞,動詞,
猛烈,もうれつ,moretsu,not_noun,ナ形容詞,ナ形容詞,
脆い,もろい,moroi,not_noun,イ形容詞,イ形容詞,
漏る,もる,moru,not_noun,動詞,動詞,
申す,もうす,mosu,not_noun,動詞,動詞,
擡げる,もたげる,motageru,not_noun,動詞,動詞,
もたらす,もたらす,motarasu,not_noun,動詞,動詞,
凭れる,もたれる,motareru,not_noun,動詞,動詞,
もたつく,もたつく,motatsuku,not_noun,動詞,動詞,
弄ぶ,もてあそぶ,moteasobu,not_noun,動詞,動詞,
もてなす,もてなす,motenasu,not_noun,動詞,動詞,
元通り,もとどおり,motodori,not_noun,ナ形容詞,ナ形容詞,
求める,もとめる,motomeru,not_noun,動詞,動詞,
基づく,もとづく,motozuku,not_noun,動詞,動詞,
持つ,もつ,motsu,not_noun,動詞,動詞,
もつれる,もつれる,motsureru,not_noun,動詞,動詞,
持って来い,もってこい,mottekoi,not_noun,ナ形容詞,ナ形容詞,
以っての外,もってのほか,mottenohoka,not_noun,ナ形容詞,ナ形容詞,
もっとも,もっとも,mottomo,not_noun,ナ形容詞,ナ形容詞,
燃やす,もやす,moyasu,not_noun,動詞,動詞,
催す,もよおす,moyosu,not_noun,動詞,動詞,
無謀,むぼう,mubo,not_noun,ナ形容詞,ナ形容詞,
むちゃ,むちゃ,mucha,not_noun,ナ形容詞,ナ形容詞,
夢中,むちゅう,muchu,not_noun,ナ形容詞,ナ形容詞,
無駄,むだ,muda,not_noun,ナ形容詞,ナ形容詞,
無益,むえき,mueki,not_noun,ナ形容詞,ナ形容詞,
無縁,むえん,muen,not_noun,ナ形容詞,ナ形容詞,
無害,むがい,mugai,not_noun,ナ形容詞,ナ形容詞,
無限,むげん,mugen,not_noun,ナ形容詞,ナ形容詞,
むごい,むごい,mugoi,not_noun,イ形容詞,イ形容詞,
むごたらしい,むごたらしい,mugotarashii,not_noun,イ形容詞,イ形容詞,
無法,むほう,muho,not_noun,ナ形容詞,ナ形容詞,
無為,むい,mui,not_noun,ナ形容詞,ナ形容詞,
無上,むじょう,mujo,not_noun,ナ形容詞,ナ形容詞,
迎える,むかえる,mukaeru,not_noun,動詞,動詞,
昔風,むかしふう,mukashifu,not_noun,ナ形容詞,ナ形容詞,
むかつく,むかつく,mukatsuku,not_noun,動詞,動詞,
向かう,むかう,mukau,not_noun,動詞,動詞,
剥ける,むける,mukeru,not_noun,動詞,動詞,
剥き出し,むきだし,mukidashi,not_noun,ナ形容詞,ナ形容詞,
無傷,むきず,mukizu,not_noun,ナ形容詞,ナ形容詞,
向こう見ず,むこうみず,mukomizu,not_noun,ナ形容詞,ナ形容詞,
剥く,むく,muku,not_noun,動詞,動詞,
無口,むくち,mukuchi,not_noun,ナ形容詞,ナ形容詞,
報いる,むくいる,mukuiru,not_noun,動詞,動詞,
むくれる,むくれる,mukureru,not_noun,動詞,動詞,
報われる,むくわれる,mukuwareru,not_noun,動詞,動詞,
空しい,むなしい,munashii,not_noun,イ形容詞,イ形容詞,
無念,むねん,munen,not_noun,ナ形容詞,ナ形容詞,
群がる,むらがる,muragaru,not_noun,動詞,動詞,
斑気,むらき,muraki,not_noun,ナ形容詞,ナ形容詞,
蒸らす,むらす,murasu,not_noun,動詞,動詞,
群れる,むれる,mureru,not_noun,動詞,動詞,
無理,むり,muri,not_noun,ナ形容詞,ナ形容詞,
無類,むるい,murui,not_noun,ナ形容詞,ナ形容詞,
無力,むりょく,muryoku,not_noun,ナ形容詞,ナ形容詞,
貪る,むさぼる,musaboru,not_noun,動詞,動詞,
無策,むさく,musaku,not_noun,ナ形容詞,ナ形容詞,
むさ苦しい,むさくるしい,musakurushii,not_noun,イ形容詞,イ形容詞,
噎ぶ,むせぶ,musebu,not_noun,動詞,動詞,
噎せる,むせる,museru,not_noun,動詞,動詞,
蝕む,むしばむ,mushibamu,not_noun,動詞,動詞,
無心,むしん,mushin,not_noun,ナ形容詞,ナ形容詞,
毟る,むしる,mushiru,not_noun,動詞,動詞,
蒸す,むす,musu,not_noun,動詞,動詞,
結ぶ,むすぶ,musubu,not_noun,動詞,動詞,
むつまじい,むつまじい,mutsumajii,not_noun,イ形容詞,イ形容詞,
むやみ,むやみ,muyami,not_noun,ナ形容詞,ナ形容詞,
むやみやたら,むやみやたら,muyamiyatara,not_noun,ナ形容詞,ナ形容詞,
無用,むよう,muyo,not_noun,ナ形容詞,ナ形容詞,
無欲,むよく,muyoku,not_noun,ナ形容詞,ナ形容詞,
無惨,むざん,muzan,not_noun,ナ形容詞,ナ形容詞,
むずがゆい,むずがゆい,muzugayui,not_noun,イ形容詞,イ形容詞,
むずかる,むずかる,muzukaru,not_noun,動詞,動詞,
難しい,むずかしい,muzukashii,not_noun,イ形容詞,イ形容詞,
妙,みょう,myo,not_noun,ナ形容詞,ナ形容詞,
なびく,なびく,nabiku,not_noun,動詞,動詞,
嬲る,なぶる,naburu,not_noun,動詞,動詞,
宥める,なだめる,nadameru,not_noun,動詞,動詞,
なだらか,なだらか,nadaraka,not_noun,ナ形容詞,ナ形容詞,
撫でる,なでる,naderu,not_noun,動詞,動詞,
萎える,なえる,naeru,not_noun,動詞,動詞,
永い,ながい,nagai,not_noun,イ形容詞,イ形容詞,
眺める,ながめる,nagameru,not_noun,動詞,動詞,
長らえる,ながらえる,nagaraeru,not_noun,動詞,動詞,
流れる,ながれる,nagareru,not_noun,動詞,動詞,
流す,ながす,nagasu,not_noun,動詞,動詞,
長たらしい,ながたらしい,nagatarashii,not_noun,イ形容詞,イ形容詞,
嘆かわしい,なげかわしい,nagekawashii,not_noun,イ形容詞,イ形容詞,
嘆く,なげく,nageku,not_noun,動詞,動詞,
投げる,なげる,nageru,not_noun,動詞,動詞,
和む,なごむ,nagomu,not_noun,動詞,動詞,
和やか,なごやか,nagoyaka,not_noun,ナ形容詞,ナ形容詞,
凪ぐ,なぐ,nagu,not_noun,動詞,動詞,
慰める,なぐさめる,nagusameru,not_noun,動詞,動詞,
亡い,ない,nai,not_noun,イ形容詞,イ形容詞,
ないがしろ,ないがしろ,naigashiro,not_noun,ナ形容詞,ナ形容詞,
内密,ないみつ,naimitsu,not_noun,ナ形容詞,ナ形容詞,
詰る,なじる,najiru,not_noun,動詞,動詞,
泣きじゃくる,なきじゃくる,nakijakuru,not_noun,動詞,動詞,
泣く,なく,naku,not_noun,動詞,動詞,
亡くなる,なくなる,nakunaru,not_noun,動詞,動詞,
亡くす,なくす,nakusu,not_noun,動詞,動詞,
なまじ,なまじ,namaji,not_noun,ナ形容詞,ナ形容詞,
なまじっか,なまじっか,namajikka,not_noun,ナ形容詞,ナ形容詞,
怠ける,なまける,namakeru,not_noun,動詞,動詞,
なまくら,なまくら,namakura,not_noun,ナ形容詞,ナ形容詞,
なまめかしい,なまめかしい,namamekashii,not_noun,イ形容詞,イ形容詞,
なまる,なまる,namaru,not_noun,動詞,動詞,
なます,なます,namasu,not_noun,動詞,動詞,
滑らか,なめらか,nameraka,not_noun,ナ形容詞,ナ形容詞,
嘗める,なめる,nameru,not_noun,動詞,動詞,
鞣す,なめす,namesu,not_noun,動詞,動詞,
涙ながら,なみだながら,namidanagara,not_noun,ナ形容詞,ナ形容詞,
並々,なみなみ,naminami,not_noun,ナ形容詞,ナ形容詞,
斜め,ななめ,naname,not_noun,ナ形容詞,ナ形容詞,
軟調,なんちょう,nancho,not_noun,ナ形容詞,ナ形容詞,
難儀,なんぎ,nangi,not_noun,ナ形容詞,ナ形容詞,
軟弱,なんじゃく,nanjaku,not_noun,ナ形容詞,ナ形容詞,
治る,なおる,naoru,not_noun,動詞,動詞,
治す,なおす,naosu,not_noun,動詞,動詞,
なおざり,なおざり,naozari,not_noun,ナ形容詞,ナ形容詞,
並べる,ならべる,naraberu,not_noun,動詞,動詞,
並ぶ,ならぶ,narabu,not_noun,動詞,動詞,
均す,ならす,narasu,not_noun,動詞,動詞,
倣う,ならう,narau,not_noun,動詞,動詞,
慣れっこ,なれっこ,narekko,not_noun,ナ形容詞,ナ形容詞,
慣れる,なれる,nareru,not_noun,動詞,動詞,
成る,なる,naru,not_noun,動詞,動詞,
為される,なされる,nasareru,not_noun,動詞,動詞,
為さる,なさる,nasaru,not_noun,動詞,動詞,
擦る,なする,nasuru,not_noun,動詞,動詞,
懐かしい,なつかしい,natsukashii,not_noun,イ形容詞,イ形容詞,
懐かしむ,なつかしむ,natsukashimu,not_noun,動詞,動詞,
懐っこい,なつっこい,natsukkoi,not_noun,イ形容詞,イ形容詞,
綯う,なう,nau,not_noun,動詞,動詞,
悩ましい,なやましい,nayamashii,not_noun,イ形容詞,イ形容詞,
悩む,なやむ,nayamu,not_noun,動詞,動詞,
準える,なぞらえる,nazoraeru,not_noun,動詞,動詞,
なぞる,なぞる,nazoru,not_noun,動詞,動詞,
粘っこい,ねばっこい,nebakkoi,not_noun,イ形容詞,イ形容詞,
粘る,ねばる,nebaru,not_noun,動詞,動詞,
ねだる,ねだる,nedaru,not_noun,動詞,動詞,
願う,ねがう,negau,not_noun,動詞,動詞,
労う,ねぎらう,negirau,not_noun,動詞,動詞,
捩じれる,ねじれる,nejireru,not_noun,動詞,動詞,
捩じる,ねじる,nejiru,not_noun,動詞,動詞,
寝かせる,ねかせる,nekaseru,not_noun,動詞,動詞,
寝かす,ねかす,nekasu,not_noun,動詞,動詞,
眠い,ねむい,nemui,not_noun,イ形容詞,イ形容詞,
眠りこける,ねむりこける,nemurikokeru,not_noun,動詞,動詞,
眠る,ねむる,nemuru,not_noun,動詞,動詞,
眠たい,ねむたい,nemutai,not_noun,イ形容詞,イ形容詞,
年長,ねんちょう,nencho,not_noun,ナ形容詞,ナ形容詞,
懇ろ,ねんごろ,nengoro,not_noun,ナ形容詞,ナ形容詞,
念入り,ねんいり,neniri,not_noun,ナ形容詞,ナ形容詞,
狙う,ねらう,nerau,not_noun,動詞,動詞,
練れる,ねれる,nereru,not_noun,動詞,動詞,
練る,ねる,neru,not_noun,動詞,動詞,
寝そべる,ねそべる,nesoberu,not_noun,動詞,動詞,
熱心,ねっしん,nesshin,not_noun,ナ形容詞,ナ形容詞,
ねたましい,ねたましい,netamashii,not_noun,イ形容詞,イ形容詞,
妬む,ねたむ,netamu,not_noun,動詞,動詞,
熱烈,ねつれつ,netsuretsu,not_noun,ナ形容詞,ナ形容詞,
にべもない,にべもない,nibemonai,not_noun,イ形容詞,イ形容詞,
鈍い,にぶい,nibui,not_noun,イ形容詞,イ形容詞,
煮える,にえる,nieru,not_noun,動詞,動詞,
苦い,にがい,nigai,not_noun,イ形容詞,イ形容詞,
苦る,にがる,nigaru,not_noun,動詞,動詞,
逃がす,にがす,nigasu,not_noun,動詞,動詞,
苦手,にがて,nigate,not_noun,ナ形容詞,ナ形容詞,
逃げる,にげる,nigeru,not_noun,動詞,動詞,
握る,にぎる,nigiru,not_noun,動詞,動詞,
賑わせる,にぎわせる,nigiwaseru,not_noun,動詞,動詞,
賑わす,にぎわす,nigiwasu,not_noun,動詞,動詞,
賑わう,にぎわう,nigiwau,not_noun,動詞,動詞,
賑やか,にぎやか,nigiyaka,not_noun,ナ形容詞,ナ形容詞,
濁る,にごる,nigoru,not_noun,動詞,動詞,
濁す,にごす,nigosu,not_noun,動詞,動詞,
にじむ,にじむ,nijimu,not_noun,動詞,動詞,
にこやか,にこやか,nikoyaka,not_noun,ナ形容詞,ナ形容詞,
肉太,にくぶと,nikubuto,not_noun,ナ形容詞,ナ形容詞,
憎い,にくい,nikui,not_noun,イ形容詞,イ形容詞,
憎む,にくむ,nikumu,not_noun,動詞,動詞,
憎らしい,にくらしい,nikurashii,not_noun,イ形容詞,イ形容詞,
憎たらしい,にくたらしい,nikutarashii,not_noun,イ形容詞,イ形容詞,
担う,になう,ninau,not_noun,動詞,動詞,
任意,にんい,nini,not_noun,ナ形容詞,ナ形容詞,
匂う,におう,niou,not_noun,動詞,動詞,
睨む,にらむ,niramu,not_noun,動詞,動詞,
似る,にる,niru,not_noun,動詞,動詞,
似せる,にせる,niseru,not_noun,動詞,動詞,
俄か,にわか,niwaka,not_noun,ナ形容詞,ナ形容詞,
煮やす,にやす,niyasu,not_noun,動詞,動詞,
伸ばす,のばす,nobasu,not_noun,動詞,動詞,
述べる,のべる,noberu,not_noun,動詞,動詞,
伸びる,のびる,nobiru,not_noun,動詞,動詞,
伸びやか,のびやか,nobiyaka,not_noun,ナ形容詞,ナ形容詞,
上る,のぼる,noboru,not_noun,動詞,動詞,
のどか,のどか,nodoka,not_noun,ナ形容詞,ナ形容詞,
逃れる,のがれる,nogareru,not_noun,動詞,動詞,
逃す,のがす,nogasu,not_noun,動詞,動詞,
のける,のける,nokeru,not_noun,動詞,動詞,
乗っかる,のっかる,nokkaru,not_noun,動詞,動詞,
乗っける,のっける,nokkeru,not_noun,動詞,動詞,
残る,のこる,nokoru,not_noun,動詞,動詞,
残す,のこす,nokosu,not_noun,動詞,動詞,
のく,のく,noku,not_noun,動詞,動詞,
のめる,のめる,nomeru,not_noun,動詞,動詞,
濃密,のうみつ,nomitsu,not_noun,ナ形容詞,ナ形容詞,
飲む,のむ,nomu,not_noun,動詞,動詞,
のんき,のんき,nonki,not_noun,ナ形容詞,ナ形容詞,
罵る,ののしる,nonoshiru,not_noun,動詞,動詞,
のっぽ,のっぽ,noppo,not_noun,ナ形容詞,ナ形容詞,
乗り気,のりき,noriki,not_noun,ナ形容詞,ナ形容詞,
のろい,のろい,noroi,not_noun,イ形容詞,イ形容詞,
乗る,のる,noru,not_noun,動詞,動詞,
のさばる,のさばる,nosabaru,not_noun,動詞,動詞,
乗せる,のせる,noseru,not_noun,動詞,動詞,
伸す,のす,nosu,not_noun,動詞,動詞,
のたくる,のたくる,notakuru,not_noun,動詞,動詞,
宣う,のたまう,notamau,not_noun,動詞,動詞,
のた打つ,のたうつ,notautsu,not_noun,動詞,動詞,
覗く,のぞく,nozoku,not_noun,動詞,動詞,
望ましい,のぞましい,nozomashii,not_noun,イ形容詞,イ形容詞,
望む,のぞむ,nozomu,not_noun,動詞,動詞,
脱げる,ぬげる,nugeru,not_noun,動詞,動詞,
脱ぐ,ぬぐ,nugu,not_noun,動詞,動詞,
拭う,ぬぐう,nuguu,not_noun,動詞,動詞,
抜かる,ぬかる,nukaru,not_noun,動詞,動詞,
ぬかるむ,ぬかるむ,nukarumu,not_noun,動詞,動詞,
抜かす,ぬかす,nukasu,not_noun,動詞,動詞,
抜ける,ぬける,nukeru,not_noun,動詞,動詞,
抜く,ぬく,nuku,not_noun,動詞,動詞,
温い,ぬくい,nukui,not_noun,イ形容詞,イ形容詞,
ぬくぬく,ぬくぬく,nukunuku,not_noun,ナ形容詞,ナ形容詞,
濡らす,ぬらす,nurasu,not_noun,動詞,動詞,
濡れる,ぬれる,nureru,not_noun,動詞,動詞,
塗る,ぬる,nuru,not_noun,動詞,動詞,
ぬるい,ぬるい,nurui,not_noun,イ形容詞,イ形容詞,
縫う,ぬう,nuu,not_noun,動詞,動詞,
入念,にゅうねん,nyunen,not_noun,ナ形容詞,ナ形容詞,
柔和,にゅうわ,nyuwa,not_noun,ナ形容詞,ナ形容詞,
大味,おおあじ,oaji,not_noun,ナ形容詞,ナ形容詞,
大荒れ,おおあれ,oare,not_noun,ナ形容詞,ナ形容詞,
怯える,おびえる,obieru,not_noun,動詞,動詞,
おびただしい,おびただしい,obitadashii,not_noun,イ形容詞,イ形容詞,
脅かせる,おびやかせる,obiyakaseru,not_noun,動詞,動詞,
脅かす,おびやかす,obiyakasu,not_noun,動詞,動詞,
覚える,おぼえる,oboeru,not_noun,動詞,動詞,
溺れる,おぼれる,oboreru,not_noun,動詞,動詞,
朧ろ,おぼろ,oboro,not_noun,ナ形容詞,ナ形容詞,
朧ろげ,おぼろげ,oboroge,not_noun,ナ形容詞,ナ形容詞,
おぼつかない,おぼつかない,obotsukanai,not_noun,イ形容詞,イ形容詞,
応分,おうぶん,obun,not_noun,ナ形容詞,ナ形容詞,
大振り,おおぶり,oburi,not_noun,ナ形容詞,ナ形容詞,
横着,おうちゃく,ochaku,not_noun,ナ形容詞,ナ形容詞,
落ちぶれる,おちぶれる,ochibureru,not_noun,動詞,動詞,
陥る,おちいる,ochiiru,not_noun,動詞,動詞,
落ちる,おちる,ochiru,not_noun,動詞,動詞,
煽てる,おだてる,odateru,not_noun,動詞,動詞,
穏やか,おだやか,odayaka,not_noun,ナ形容詞,ナ形容詞,
脅かせる,おどかせる,odokaseru,not_noun,動詞,動詞,
脅かす,おどかす,odokasu,not_noun,動詞,動詞,
おどける,おどける,odokeru,not_noun,動詞,動詞,
驚く,おどろく,odoroku,not_noun,動詞,動詞,
躍る,おどる,odoru,not_noun,動詞,動詞,
脅す,おどす,odosu,not_noun,動詞,動詞,
終える,おえる,oeru,not_noun,動詞,動詞,
大掛かり,おおがかり,ogakari,not_noun,ナ形容詞,ナ形容詞,
拝む,おがむ,ogamu,not_noun,動詞,動詞,
大柄,おおがら,ogara,not_noun,ナ形容詞,ナ形容詞,
大形,おおがた,ogata,not_noun,ナ形容詞,ナ形容詞,
補う,おぎなう,oginau,not_noun,動詞,動詞,
奢る,おごる,ogoru,not_noun,動詞,動詞,
厳か,おごそか,ogosoka,not_noun,ナ形容詞,ナ形容詞,
大幅,おおはば,ohaba,not_noun,ナ形容詞,ナ形容詞,
横柄,おうへい,ohei,not_noun,ナ形容詞,ナ形容詞,
老いる,おいる,oiru,not_noun,動詞,動詞,
大忙し,おおいそがし,oisogashi,not_noun,ナ形容詞,ナ形容詞,
大急ぎ,おおいそぎ,oisogi,not_noun,ナ形容詞,ナ形容詞,
おじゃん,おじゃん,ojan,not_noun,ナ形容詞,ナ形容詞,
おじける,おじける,ojikeru,not_noun,動詞,動詞,
おじけ付く,おじけづく,ojikezuku,not_noun,動詞,動詞,
おかしい,おかしい,okashii,not_noun,イ形容詞,イ形容詞,
侵す,おかす,okasu,not_noun,動詞,動詞,
大きい,おおきい,okii,not_noun,イ形容詞,イ形容詞,
起きる,おきる,okiru,not_noun,動詞,動詞,
億劫,おっくう,okku,not_noun,ナ形容詞,ナ形容詞,
おこがましい,おこがましい,okogamashii,not_noun,イ形容詞,イ形容詞,
行う,おこなう,okonau,not_noun,動詞,動詞,
怒りっぽい,おこりっぽい,okorippoi,not_noun,イ形容詞,イ形容詞,
怒る,おこる,okoru,not_noun,動詞,動詞,
興す,おこす,okosu,not_noun,動詞,動詞,
怠る,おこたる,okotaru,not_noun,動詞,動詞,
遅らせる,おくらせる,okuraseru,not_noun,動詞,動詞,
遅らす,おくらす,okurasu,not_noun,動詞,動詞,
贈る,おくる,okuru,not_noun,動詞,動詞,
大まか,おおまか,omaka,not_noun,ナ形容詞,ナ形容詞,
おめでたい,おめでたい,omedetai,not_noun,イ形容詞,イ形容詞,
主,おも,omo,not_noun,ナ形容詞,ナ形容詞,
重い,おもい,omoi,not_noun,イ形容詞,イ形容詞,
思い通り,おもいどおり,omoidori,not_noun,ナ形容詞,ナ形容詞,
思いとどまる,おもいとどまる,omoitodomaru,not_noun,動詞,動詞,
赴く,おもむく,omomuku,not_noun,動詞,動詞,
阿る,おもねる,omoneru,not_noun,動詞,動詞,
慮る,おもんぱかる,omonpakaru,not_noun,動詞,動詞,
重たい,おもたい,omotai,not_noun,イ形容詞,イ形容詞,
思う,おもう,omou,not_noun,動詞,動詞,
思わせ振り,おもわせぶり,omowaseburi,not_noun,ナ形容詞,ナ形容詞,
同じ,おなじ,onaji,not_noun,ナ形容詞,ナ形容詞,
おんぼろ,おんぼろ,onboro,not_noun,ナ形容詞,ナ形容詞,
温暖,おんだん,ondan,not_noun,ナ形容詞,ナ形容詞,
穏健,おんけん,onken,not_noun,ナ形容詞,ナ形容詞,
温厚,おんこう,onko,not_noun,ナ形容詞,ナ形容詞,
おんなじ,おんなじ,onnaji,not_noun,ナ形容詞,ナ形容詞,
女らしい,おんならしい,onnarashii,not_noun,イ形容詞,イ形容詞,
おんなし,おんなし,onnashi,not_noun,ナ形容詞,ナ形容詞,
おののく,おののく,ononoku,not_noun,動詞,動詞,
恩知らず,おんしらず,onshirazu,not_noun,ナ形容詞,ナ形容詞,
穏当,おんとう,onto,not_noun,ナ形容詞,ナ形容詞,
温和,おんわ,onwa,not_noun,ナ形容詞,ナ形容詞,
おおっぴら,おおっぴら,oppira,not_noun,ナ形容詞,ナ形容詞,
大らか,おおらか,oraka,not_noun,ナ形容詞,ナ形容詞,
折れる,おれる,oreru,not_noun,動詞,動詞,
下りる,おりる,oriru,not_noun,動詞,動詞,
疎か,おろそか,orosoka,not_noun,ナ形容詞,ナ形容詞,
卸す,おろす,orosu,not_noun,動詞,動詞,
居る,おる,oru,not_noun,動詞,動詞,
抑える,おさえる,osaeru,not_noun,動詞,動詞,
収まる,おさまる,osamaru,not_noun,動詞,動詞,
修める,おさめる,osameru,not_noun,動詞,動詞,
幼い,おさない,osanai,not_noun,イ形容詞,イ形容詞,
旺盛,おうせい,osei,not_noun,ナ形容詞,ナ形容詞,
おおせる,おおせる,oseru,not_noun,動詞,動詞,
教える,おしえる,oshieru,not_noun,動詞,動詞,
惜しい,おしい,oshii,not_noun,イ形容詞,イ形容詞,
惜しむ,おしむ,oshimu,not_noun,動詞,動詞,
押しのける,おしのける,oshinokeru,not_noun,動詞,動詞,
遅い,おそい,osoi,not_noun,イ形容詞,イ形容詞,
恐れおののく,おそれおののく,osoreononoku,not_noun,動詞,動詞,
恐れる,おそれる,osoreru,not_noun,動詞,動詞,
恐ろしい,おそろしい,osoroshii,not_noun,イ形容詞,イ形容詞,
襲う,おそう,osou,not_noun,動詞,動詞,
教わる,おそわる,osowaru,not_noun,動詞,動詞,
仰る,おっしゃる,ossharu,not_noun,動詞,動詞,
押すな押すな,おすなおすな,osunaosuna,not_noun,ナ形容詞,ナ形容詞,
おっちょこちょい,おっちょこちょい,otchokochoi,not_noun,ナ形容詞,ナ形容詞,
男らしい,おとこらしい,otokorashii,not_noun,イ形容詞,イ形容詞,
おとなしい,おとなしい,otonashii,not_noun,イ形容詞,イ形容詞,
衰える,おとろえる,otoroeru,not_noun,動詞,動詞,
劣る,おとる,otoru,not_noun,動詞,動詞,
陥れる,おとしいれる,otoshiireru,not_noun,動詞,動詞,
貶める,おとしめる,otoshimeru,not_noun,動詞,動詞,
落とす,おとす,otosu,not_noun,動詞,動詞,
訪れる,おとずれる,otozureru,not_noun,動詞,動詞,
大粒,おおつぶ,otsubu,not_noun,ナ形容詞,ナ形容詞,
おっつける,おっつける,ottsukeru,not_noun,動詞,動詞,
大童,おおわらわ,owarawa,not_noun,ナ形容詞,ナ形容詞,
終わる,おわる,owaru,not_noun,動詞,動詞,
及ぼす,およぼす,oyobosu,not_noun,動詞,動詞,
及ぶ,およぶ,oyobu,not_noun,動詞,動詞,
泳ぐ,およぐ,oyogu,not_noun,動詞,動詞,
おぞましい,おぞましい,ozomashii,not_noun,イ形容詞,イ形容詞,
ぺちゃんこ,ぺちゃんこ,pechanko,not_noun,ナ形容詞,ナ形容詞,
ぺらぺら,ぺらぺら,perapera,not_noun,ナ形容詞,ナ形容詞,
ぺしゃんこ,ぺしゃんこ,peshanko,not_noun,ナ形容詞,ナ形容詞,
ぴったり,ぴったり,pittari,not_noun,ナ形容詞,ナ形容詞,
っ放す,っぱなす,ppanasu,not_noun,動詞,動詞,
楽,らく,raku,not_noun,ナ形容詞,ナ形容詞,
乱雑,らんざつ,ranzatsu,not_noun,ナ形容詞,ナ形容詞,
らしい,らしい,rashii,not_noun,イ形容詞,イ形容詞,
らっしゃる,らっしゃる,rassharu,not_noun,動詞,動詞,
冷厳,れいげん,reigen,not_noun,ナ形容詞,ナ形容詞,
冷酷,れいこく,reikoku,not_noun,ナ形容詞,ナ形容詞,
冷静,れいせい,reisei,not_noun,ナ形容詞,ナ形容詞,
冷淡,れいたん,reitan,not_noun,ナ形容詞,ナ形容詞,
冷徹,れいてつ,reitetsu,not_noun,ナ形容詞,ナ形容詞,
劣勢,れっせい,ressei,not_noun,ナ形容詞,ナ形容詞,
劣悪,れつあく,retsuaku,not_noun,ナ形容詞,ナ形容詞,
利便,りべん,riben,not_noun,ナ形容詞,ナ形容詞,
律義,りちぎ,richigi,not_noun,ナ形容詞,ナ形容詞,
力む,りきむ,rikimu,not_noun,動詞,動詞,
立派,りっぱ,rippa,not_noun,ナ形容詞,ナ形容詞,
りりしい,りりしい,ririshii,not_noun,イ形容詞,イ形容詞,
露骨,ろこつ,rokotsu,not_noun,ナ形容詞,ナ形容詞,
論外,ろんがい,rongai,not_noun,ナ形容詞,ナ形容詞,
良質,りょうしつ,ryoshitsu,not_noun,ナ形容詞,ナ形容詞,
流麗,りゅうれい,ryurei,not_noun,ナ形容詞,ナ形容詞,
寂れる,さびれる,sabireru,not_noun,動詞,動詞,
寂しい,さびしい,sabishii,not_noun,イ形容詞,イ形容詞,
定か,さだか,sadaka,not_noun,ナ形容詞,ナ形容詞,
定まる,さだまる,sadamaru,not_noun,動詞,動詞,
定める,さだめる,sadameru,not_noun,動詞,動詞,
遮る,さえぎる,saegiru,not_noun,動詞,動詞,
冴える,さえる,saeru,not_noun,動詞,動詞,
さえずる,さえずる,saezuru,not_noun,動詞,動詞,
下がる,さがる,sagaru,not_noun,動詞,動詞,
捜す,さがす,sagasu,not_noun,動詞,動詞,
下げる,さげる,sageru,not_noun,動詞,動詞,
蔑む,さげすむ,sagesumu,not_noun,動詞,動詞,
探る,さぐる,saguru,not_noun,動詞,動詞,
最愛,さいあい,saiai,not_noun,ナ形容詞,ナ形容詞,
最悪,さいあく,saiaku,not_noun,ナ形容詞,ナ形容詞,
最長,さいちょう,saicho,not_noun,ナ形容詞,ナ形容詞,
最大,さいだい,saidai,not_noun,ナ形容詞,ナ形容詞,
最高,さいこう,saiko,not_noun,ナ形容詞,ナ形容詞,
最強,さいきょう,saikyo,not_noun,ナ形容詞,ナ形容詞,
さいなむ,さいなむ,sainamu,not_noun,動詞,動詞,
最奥,さいおう,saio,not_noun,ナ形容詞,ナ形容詞,
最良,さいりょう,sairyo,not_noun,ナ形容詞,ナ形容詞,
最新,さいしん,saishin,not_noun,ナ形容詞,ナ形容詞,
最多,さいた,saita,not_noun,ナ形容詞,ナ形容詞,
最短,さいたん,saitan,not_noun,ナ形容詞,ナ形容詞,
最低,さいてい,saitei,not_noun,ナ形容詞,ナ形容詞,
最適,さいてき,saiteki,not_noun,ナ形容詞,ナ形容詞,
幸い,さいわい,saiwai,not_noun,ナ形容詞,ナ形容詞,
最善,さいぜん,saizen,not_noun,ナ形容詞,ナ形容詞,
栄える,さかえる,sakaeru,not_noun,動詞,動詞,
遡る,さかのぼる,sakanoboru,not_noun,動詞,動詞,
逆らう,さからう,sakarau,not_noun,動詞,動詞,
逆様,さかさま,sakasama,not_noun,ナ形容詞,ナ形容詞,
叫ぶ,さけぶ,sakebu,not_noun,動詞,動詞,
裂ける,さける,sakeru,not_noun,動詞,動詞,
酒好き,さけずき,sakezuki,not_noun,ナ形容詞,ナ形容詞,
冷ませる,さませる,samaseru,not_noun,動詞,動詞,
冷ます,さます,samasu,not_noun,動詞,動詞,
妨げる,さまたげる,samatageru,not_noun,動詞,動詞,
瑣末,さまつ,samatsu,not_noun,ナ形容詞,ナ形容詞,
様々,さまざま,samazama,not_noun,ナ形容詞,ナ形容詞,
冷める,さめる,sameru,not_noun,動詞,動詞,
さもしい,さもしい,samoshii,not_noun,イ形容詞,イ形容詞,
寒い,さむい,samui,not_noun,イ形容詞,イ形容詞,
三角,さんかく,sankaku,not_noun,ナ形容詞,ナ形容詞,
散漫,さんまん,sanman,not_noun,ナ形容詞,ナ形容詞,
散々,さんざん,sanzan,not_noun,ナ形容詞,ナ形容詞,
曝ける,さらける,sarakeru,not_noun,動詞,動詞,
晒す,さらす,sarasu,not_noun,動詞,動詞,
さらう,さらう,sarau,not_noun,動詞,動詞,
さりげない,さりげない,sarigenai,not_noun,イ形容詞,イ形容詞,
支える,ささえる,sasaeru,not_noun,動詞,動詞,
捧げる,ささげる,sasageru,not_noun,動詞,動詞,
ささい,ささい,sasai,not_noun,ナ形容詞,ナ形容詞,
ささくれる,ささくれる,sasakureru,not_noun,動詞,動詞,
刺さる,ささる,sasaru,not_noun,動詞,動詞,
ささやか,ささやか,sasayaka,not_noun,ナ形容詞,ナ形容詞,
囁く,ささやく,sasayaku,not_noun,動詞,動詞,
誘う,さそう,sasou,not_noun,動詞,動詞,
さすらう,さすらう,sasurau,not_noun,動詞,動詞,
さする,さする,sasuru,not_noun,動詞,動詞,
悟る,さとる,satoru,not_noun,動詞,動詞,
諭す,さとす,satosu,not_noun,動詞,動詞,
騒がしい,さわがしい,sawagashii,not_noun,イ形容詞,イ形容詞,
触る,さわる,sawaru,not_noun,動詞,動詞,
さわやか,さわやか,sawayaka,not_noun,ナ形容詞,ナ形容詞,
さやか,さやか,sayaka,not_noun,ナ形容詞,ナ形容詞,
授かる,さずかる,sazukaru,not_noun,動詞,動詞,
授ける,さずける,sazukeru,not_noun,動詞,動詞,
せびる,せびる,sebiru,not_noun,動詞,動詞,
せがむ,せがむ,segamu,not_noun,動詞,動詞,
聖,せい,sei,not_noun,ナ形容詞,ナ形容詞,
盛大,せいだい,seidai,not_noun,ナ形容詞,ナ形容詞,
精鋭,せいえい,seiei,not_noun,ナ形容詞,ナ形容詞,
静寂,せいじゃく,seijaku,not_noun,ナ形容詞,ナ形容詞,
誠実,せいじつ,seijitsu,not_noun,ナ形容詞,ナ形容詞,
正常,せいじょう,seijo,not_noun,ナ形容詞,ナ形容詞,
清純,せいじゅん,seijun,not_noun,ナ形容詞,ナ形容詞,
正確,せいかく,seikaku,not_noun,ナ形容詞,ナ形容詞,
精悍,せいかん,seikan,not_noun,ナ形容詞,ナ形容詞,
清潔,せいけつ,seiketsu,not_noun,ナ形容詞,ナ形容詞,
精巧,せいこう,seiko,not_noun,ナ形容詞,ナ形容詞,
性急,せいきゅう,seikyu,not_noun,ナ形容詞,ナ形容詞,
精密,せいみつ,seimitsu,not_noun,ナ形容詞,ナ形容詞,
静穏,せいおん,seion,not_noun,ナ形容詞,ナ形容詞,
清廉,せいれん,seiren,not_noun,ナ形容詞,ナ形容詞,
正式,せいしき,seishiki,not_noun,ナ形容詞,ナ形容詞,
清新,せいしん,seishin,not_noun,ナ形容詞,ナ形容詞,
静粛,せいしゅく,seishuku,not_noun,ナ形容詞,ナ形容詞,
せっかち,せっかち,sekkachi,not_noun,ナ形容詞,ナ形容詞,
急く,せく,seku,not_noun,動詞,動詞,
狭い,せまい,semai,not_noun,イ形容詞,イ形容詞,
迫る,せまる,semaru,not_noun,動詞,動詞,
攻める,せめる,semeru,not_noun,動詞,動詞,
煎じる,せんじる,senjiru,not_noun,動詞,動詞,
鮮明,せんめい,senmei,not_noun,ナ形容詞,ナ形容詞,
鮮烈,せんれつ,senretsu,not_noun,ナ形容詞,ナ形容詞,
繊細,せんさい,sensai,not_noun,ナ形容詞,ナ形容詞,
競る,せる,seru,not_noun,動詞,動詞,
せせこましい,せせこましい,sesekomashii,not_noun,イ形容詞,イ形容詞,
せせら笑う,せせらわらう,seserawarau,not_noun,動詞,動詞,
拙速,せっそく,sessoku,not_noun,ナ形容詞,ナ形容詞,
切,せつ,setsu,not_noun,ナ形容詞,ナ形容詞,
切実,せつじつ,setsujitsu,not_noun,ナ形容詞,ナ形容詞,
せわしい,せわしい,sewashii,not_noun,イ形容詞,イ形容詞,
喋る,しゃべる,shaberu,not_noun,動詞,動詞,
しゃぶる,しゃぶる,shaburu,not_noun,動詞,動詞,
しゃがむ,しゃがむ,shagamu,not_noun,動詞,動詞,
しゃく,しゃく,shaku,not_noun,ナ形容詞,ナ形容詞,
しゃくり上げる,しゃくりあげる,shakuriageru,not_noun,動詞,動詞,
しゃくし定規,しゃくしじょうぎ,shakushijogi,not_noun,ナ形容詞,ナ形容詞,
洒落,しゃれ,share,not_noun,ナ形容詞,ナ形容詞,
幸せ,しあわせ,shiawase,not_noun,ナ形容詞,ナ形容詞,
縛る,しばる,shibaru,not_noun,動詞,動詞,
至便,しべん,shiben,not_noun,ナ形容詞,ナ形容詞,
痺れる,しびれる,shibireru,not_noun,動詞,動詞,
しぼめる,しぼめる,shibomeru,not_noun,動詞,動詞,
しぼむ,しぼむ,shibomu,not_noun,動詞,動詞,
絞る,しぼる,shiboru,not_noun,動詞,動詞,
渋い,しぶい,shibui,not_noun,イ形容詞,イ形容詞,
しぶく,しぶく,shibuku,not_noun,動詞,動詞,
しぶとい,しぶとい,shibutoi,not_noun,イ形容詞,イ形容詞,
しどけない,しどけない,shidokenai,not_noun,イ形容詞,イ形容詞,
しがみ付く,しがみつく,shigamitsuku,not_noun,動詞,動詞,
柵む,しがらむ,shigaramu,not_noun,動詞,動詞,
茂る,しげる,shigeru,not_noun,動詞,動詞,
扱く,しごく,shigoku,not_noun,動詞,動詞,
強いる,しいる,shiiru,not_noun,動詞,動詞,
しかめる,しかめる,shikameru,not_noun,動詞,動詞,
叱る,しかる,shikaru,not_noun,動詞,動詞,
頻り,しきり,shikiri,not_noun,ナ形容詞,ナ形容詞,
失敬,しっけい,shikkei,not_noun,ナ形容詞,ナ形容詞,
しくじる,しくじる,shikujiru,not_noun,動詞,動詞,
締まる,しまる,shimaru,not_noun,動詞,動詞,
湿っぽい,しめっぽい,shimeppoi,not_noun,イ形容詞,イ形容詞,
湿る,しめる,shimeru,not_noun,動詞,動詞,
示す,しめす,shimesu,not_noun,動詞,動詞,
しめやか,しめやか,shimeyaka,not_noun,ナ形容詞,ナ形容詞,
染みる,しみる,shimiru,not_noun,動詞,動詞,
染む,しむ,shimu,not_noun,動詞,動詞,
萎びる,しなびる,shinabiru,not_noun,動詞,動詞,
至難,しなん,shinan,not_noun,ナ形容詞,ナ形容詞,
品薄,しなうす,shinausu,not_noun,ナ形容詞,ナ形容詞,
しなやか,しなやか,shinayaka,not_noun,ナ形容詞,ナ形容詞,
しんどい,しんどい,shindoi,not_noun,イ形容詞,イ形容詞,
新鋭,しんえい,shinei,not_noun,ナ形容詞,ナ形容詞,
心外,しんがい,shingai,not_noun,ナ形容詞,ナ形容詞,
真実,しんじつ,shinjitsu,not_noun,ナ形容詞,ナ形容詞,
親身,しんみ,shinmi,not_noun,ナ形容詞,ナ形容詞,
親密,しんみつ,shinmitsu,not_noun,ナ形容詞,ナ形容詞,
神妙,しんみょう,shinmyo,not_noun,ナ形容詞,ナ形容詞,
忍びない,しのびない,shinobinai,not_noun,イ形容詞,イ形容詞,
偲ぶ,しのぶ,shinobu,not_noun,動詞,動詞,
凌ぐ,しのぐ,shinogu,not_noun,動詞,動詞,
神秘,しんぴ,shinpi,not_noun,ナ形容詞,ナ形容詞,
辛辣,しんらつ,shinratsu,not_noun,ナ形容詞,ナ形容詞,
新鮮,しんせん,shinsen,not_noun,ナ形容詞,ナ形容詞,
しおらしい,しおらしい,shiorashii,not_noun,イ形容詞,イ形容詞,
萎れる,しおれる,shioreru,not_noun,動詞,動詞,
調べる,しらべる,shiraberu,not_noun,動詞,動詞,
白ける,しらける,shirakeru,not_noun,動詞,動詞,
知らせる,しらせる,shiraseru,not_noun,動詞,動詞,
知れる,しれる,shireru,not_noun,動詞,動詞,
熾烈,しれつ,shiretsu,not_noun,ナ形容詞,ナ形容詞,
退ける,しりぞける,shirizokeru,not_noun,動詞,動詞,
退く,しりぞく,shirizoku,not_noun,動詞,動詞,
白い,しろい,shiroi,not_noun,イ形容詞,イ形容詞,
記す,しるす,shirusu,not_noun,動詞,動詞,
質素,しっそ,shisso,not_noun,ナ形容詞,ナ形容詞,
従える,したがえる,shitagaeru,not_noun,動詞,動詞,
従う,したがう,shitagau,not_noun,動詞,動詞,
親しい,したしい,shitashii,not_noun,イ形容詞,イ形容詞,
したたか,したたか,shitataka,not_noun,ナ形容詞,ナ形容詞,
したためる,したためる,shitatameru,not_noun,動詞,動詞,
舌足らず,したたらず,shitatarazu,not_noun,ナ形容詞,ナ形容詞,
滴る,したたる,shitataru,not_noun,動詞,動詞,
下手,したて,shitate,not_noun,ナ形容詞,ナ形容詞,
慕う,したう,shitau,not_noun,動詞,動詞,
しとやか,しとやか,shitoyaka,not_noun,ナ形容詞,ナ形容詞,
質実,しつじつ,shitsujitsu,not_noun,ナ形容詞,ナ形容詞,
しつこい,しつこい,shitsukoi,not_noun,イ形容詞,イ形容詞,
しつらえる,しつらえる,shitsuraeru,not_noun,動詞,動詞,
失礼,しつれい,shitsurei,not_noun,ナ形容詞,ナ形容詞,
執拗,しつよう,shitsuyo,not_noun,ナ形容詞,ナ形容詞,
嗄れる,しわがれる,shiwagareru,not_noun,動詞,動詞,
自然,しぜん,shizen,not_noun,ナ形容詞,ナ形容詞,
静か,しずか,shizuka,not_noun,ナ形容詞,ナ形容詞,
鎮まる,しずまる,shizumaru,not_noun,動詞,動詞,
沈める,しずめる,shizumeru,not_noun,動詞,動詞,
沈む,しずむ,shizumu,not_noun,動詞,動詞,
しょうがない,しょうがない,shoganai,not_noun,イ形容詞,イ形容詞,
しょげる,しょげる,shogeru,not_noun,動詞,動詞,
正直,しょうじき,shojiki,not_noun,ナ形容詞,ナ形容詞,
塩っぱい,しょっぱい,shoppai,not_noun,イ形容詞,イ形容詞,
少量,しょうりょう,shoryo,not_noun,ナ形容詞,ナ形容詞,
小心,しょうしん,shoshin,not_noun,ナ形容詞,ナ形容詞,
秀逸,しゅういつ,shuitsu,not_noun,ナ形容詞,ナ形容詞,
種々,しゅじゅ,shuju,not_noun,ナ形容詞,ナ形容詞,
祝す,しゅくす,shukusu,not_noun,動詞,動詞,
出色,しゅっしょく,shusshoku,not_noun,ナ形容詞,ナ形容詞,
主要,しゅよう,shuyo,not_noun,ナ形容詞,ナ形容詞,
粗悪,そあく,soaku,not_noun,ナ形容詞,ナ形容詞,
そばだてる,そばだてる,sobadateru,not_noun,動詞,動詞,
そびえる,そびえる,sobieru,not_noun,動詞,動詞,
素朴,そぼく,soboku,not_noun,ナ形容詞,ナ形容詞,
育てる,そだてる,sodateru,not_noun,動詞,動詞,
育つ,そだつ,sodatsu,not_noun,動詞,動詞,
疎遠,そえん,soen,not_noun,ナ形容詞,ナ形容詞,
添える,そえる,soeru,not_noun,動詞,動詞,
そげる,そげる,sogeru,not_noun,動詞,動詞,
荘厳,そうごん,sogon,not_noun,ナ形容詞,ナ形容詞,
そぐわない,そぐわない,soguwanai,not_noun,イ形容詞,イ形容詞,
蒼白,そうはく,sohaku,not_noun,ナ形容詞,ナ形容詞,
早熟,そうじゅく,sojuku,not_noun,ナ形容詞,ナ形容詞,
壮快,そうかい,sokai,not_noun,ナ形容詞,ナ形容詞,
そっくり,そっくり,sokkuri,not_noun,ナ形容詞,ナ形容詞,
損なう,そこなう,sokonau,not_noun,動詞,動詞,
損ねる,そこねる,sokoneru,not_noun,動詞,動詞,
粗忽,そこつ,sokotsu,not_noun,ナ形容詞,ナ形容詞,
即す,そくす,sokusu,not_noun,動詞,動詞,
染まる,そまる,somaru,not_noun,動詞,動詞,
粗末,そまつ,somatsu,not_noun,ナ形容詞,ナ形容詞,
聡明,そうめい,somei,not_noun,ナ形容詞,ナ形容詞,
染める,そめる,someru,not_noun,動詞,動詞,
背ける,そむける,somukeru,not_noun,動詞,動詞,
背く,そむく,somuku,not_noun,動詞,動詞,
供える,そなえる,sonaeru,not_noun,動詞,動詞,
備わる,そなわる,sonawaru,not_noun,動詞,動詞,
尊大,そんだい,sondai,not_noun,ナ形容詞,ナ形容詞,
嫉む,そねむ,sonemu,not_noun,動詞,動詞,
尊厳,そんげん,songen,not_noun,ナ形容詞,ナ形容詞,
諳んじる,そらんじる,soranjiru,not_noun,動詞,動詞,
反らす,そらす,sorasu,not_noun,動詞,動詞,
逸れる,それる,soreru,not_noun,動詞,動詞,
壮烈,そうれつ,soretsu,not_noun,ナ形容詞,ナ形容詞,
揃える,そろえる,soroeru,not_noun,動詞,動詞,
揃う,そろう,sorou,not_noun,動詞,動詞,
剃る,そる,soru,not_noun,動詞,動詞,
そしる,そしる,soshiru,not_noun,動詞,動詞,
注ぐ,そそぐ,sosogu,not_noun,動詞,動詞,
そそっかしい,そそっかしい,sosokkashii,not_noun,イ形容詞,イ形容詞,
唆す,そそのかす,sosonokasu,not_noun,動詞,動詞,
そそり立つ,そそりたつ,sosoritatsu,not_noun,動詞,動詞,
そそる,そそる,sosoru,not_noun,動詞,動詞,
率直,そっちょく,sotchoku,not_noun,ナ形容詞,ナ形容詞,
沿う,そう,sou,not_noun,動詞,動詞,
粗野,そや,soya,not_noun,ナ形容詞,ナ形容詞,
そよぐ,そよぐ,soyogu,not_noun,動詞,動詞,
粗雑,そざつ,sozatsu,not_noun,ナ形容詞,ナ形容詞,
壮絶,そうぜつ,sozetsu,not_noun,ナ形容詞,ナ形容詞,
すばしこい,すばしこい,subashikoi,not_noun,イ形容詞,イ形容詞,
滑る,すべる,suberu,not_noun,動詞,動詞,
窄まる,すぼまる,subomaru,not_noun,動詞,動詞,
窄める,すぼめる,subomeru,not_noun,動詞,動詞,
窄む,すぼむ,subomu,not_noun,動詞,動詞,
据える,すえる,sueru,not_noun,動詞,動詞,
すがる,すがる,sugaru,not_noun,動詞,動詞,
すがすがしい,すがすがしい,sugasugashii,not_noun,イ形容詞,イ形容詞,
すげない,すげない,sugenai,not_noun,イ形容詞,イ形容詞,
すげる,すげる,sugeru,not_noun,動詞,動詞,
過ぎる,すぎる,sugiru,not_noun,動詞,動詞,
凄い,すごい,sugoi,not_noun,イ形容詞,イ形容詞,
凄む,すごむ,sugomu,not_noun,動詞,動詞,
過ごす,すごす,sugosu,not_noun,動詞,動詞,
優れる,すぐれる,sugureru,not_noun,動詞,動詞,
酸い,すい,sui,not_noun,イ形容詞,イ形容詞,
垂直,すいちょく,suichoku,not_noun,ナ形容詞,ナ形容詞,
水平,すいへい,suihei,not_noun,ナ形容詞,ナ形容詞,
筋違い,すじちがい,sujichigai,not_noun,ナ形容詞,ナ形容詞,
空かせる,すかせる,sukaseru,not_noun,動詞,動詞,
空かす,すかす,sukasu,not_noun,動詞,動詞,
透ける,すける,sukeru,not_noun,動詞,動詞,
崇高,すうこう,suko,not_noun,ナ形容詞,ナ形容詞,
健やか,すこやか,sukoyaka,not_noun,ナ形容詞,ナ形容詞,
好く,すく,suku,not_noun,動詞,動詞,
竦める,すくめる,sukumeru,not_noun,動詞,動詞,
竦む,すくむ,sukumu,not_noun,動詞,動詞,
少ない,すくない,sukunai,not_noun,イ形容詞,イ形容詞,
掬う,すくう,sukuu,not_noun,動詞,動詞,
済ませる,すませる,sumaseru,not_noun,動詞,動詞,
済ます,すます,sumasu,not_noun,動詞,動詞,
速やか,すみやか,sumiyaka,not_noun,ナ形容詞,ナ形容詞,
住む,すむ,sumu,not_noun,動詞,動詞,
素直,すなお,sunao,not_noun,ナ形容詞,ナ形容詞,
拗ねる,すねる,suneru,not_noun,動詞,動詞,
酸っぱい,すっぱい,suppai,not_noun,イ形容詞,イ形容詞,
擦れる,すれる,sureru,not_noun,動詞,動詞,
すれすれ,すれすれ,suresure,not_noun,ナ形容詞,ナ形容詞,
刷る,する,suru,not_noun,動詞,動詞,
鋭い,するどい,surudoi,not_noun,イ形容詞,イ形容詞,
荒ぶ,すさぶ,susabu,not_noun,動詞,動詞,
すさまじい,すさまじい,susamajii,not_noun,イ形容詞,イ形容詞,
荒む,すさむ,susamu,not_noun,動詞,動詞,
すすぐ,すすぐ,susugu,not_noun,動詞,動詞,
煤ける,すすける,susukeru,not_noun,動詞,動詞,
勧める,すすめる,susumeru,not_noun,動詞,動詞,
進む,すすむ,susumu,not_noun,動詞,動詞,
すする,すする,susuru,not_noun,動詞,動詞,
廃れる,すたれる,sutareru,not_noun,動詞,動詞,
廃る,すたる,sutaru,not_noun,動詞,動詞,
素敵,すてき,suteki,not_noun,ナ形容詞,ナ形容詞,
捨てる,すてる,suteru,not_noun,動詞,動詞,
吸う,すう,suu,not_noun,動詞,動詞,
座る,すわる,suwaru,not_noun,動詞,動詞,
涼しい,すずしい,suzushii,not_noun,イ形容詞,イ形容詞,
涼やか,すずやか,suzuyaka,not_noun,ナ形容詞,ナ形容詞,
束ねる,たばねる,tabaneru,not_noun,動詞,動詞,
多弁,たべん,taben,not_noun,ナ形容詞,ナ形容詞,
食べる,たべる,taberu,not_noun,動詞,動詞,
多忙,たぼう,tabo,not_noun,ナ形容詞,ナ形容詞,
誑かす,たぶらかす,taburakasu,not_noun,動詞,動詞,
多大,ただい,tadai,not_noun,ナ形容詞,ナ形容詞,
爛れる,ただれる,tadareru,not_noun,動詞,動詞,
正しい,ただしい,tadashii,not_noun,イ形容詞,イ形容詞,
糺す,ただす,tadasu,not_noun,動詞,動詞,
漂える,ただよえる,tadayoeru,not_noun,動詞,動詞,
漂う,ただよう,tadayou,not_noun,動詞,動詞,
辿る,たどる,tadoru,not_noun,動詞,動詞,
たどたどしい,たどたどしい,tadotadoshii,not_noun,イ形容詞,イ形容詞,
絶え絶え,たえだえ,taedae,not_noun,ナ形容詞,ナ形容詞,
堪える,たえる,taeru,not_noun,動詞,動詞,
たがえる,たがえる,tagaeru,not_noun,動詞,動詞,
多額,たがく,tagaku,not_noun,ナ形容詞,ナ形容詞,
たがう,たがう,tagau,not_noun,動詞,動詞,
耕す,たがやす,tagayasu,not_noun,動詞,動詞,
たぎる,たぎる,tagiru,not_noun,動詞,動詞,
怠惰,たいだ,taida,not_noun,ナ形容詞,ナ形容詞,
太平,たいへい,taihei,not_noun,ナ形容詞,ナ形容詞,
大変,たいへん,taihen,not_noun,ナ形容詞,ナ形容詞,
退屈,たいくつ,taikutsu,not_noun,ナ形容詞,ナ形容詞,
怠慢,たいまん,taiman,not_noun,ナ形容詞,ナ形容詞,
平ら,たいら,taira,not_noun,ナ形容詞,ナ形容詞,
平らげる,たいらげる,tairageru,not_noun,動詞,動詞,
大量,たいりょう,tairyo,not_noun,ナ形容詞,ナ形容詞,
対等,たいとう,taito,not_noun,ナ形容詞,ナ形容詞,
たじろぐ,たじろぐ,tajirogu,not_noun,動詞,動詞,
高ぶる,たかぶる,takaburu,not_noun,動詞,動詞,
多感,たかん,takan,not_noun,ナ形容詞,ナ形容詞,
高らか,たからか,takaraka,not_noun,ナ形容詞,ナ形容詞,
たかる,たかる,takaru,not_noun,動詞,動詞,
たけだけしい,たけだけしい,takedakeshii,not_noun,イ形容詞,イ形容詞,
たけなわ,たけなわ,takenawa,not_noun,ナ形容詞,ナ形容詞,
炊ける,たける,takeru,not_noun,動詞,動詞,
たくましい,たくましい,takumashii,not_noun,イ形容詞,イ形容詞,
企らむ,たくらむ,takuramu,not_noun,動詞,動詞,
沢山,たくさん,takusan,not_noun,ナ形容詞,ナ形容詞,
たくし上げる,たくしあげる,takushiageru,not_noun,動詞,動詞,
蓄える,たくわえる,takuwaeru,not_noun,動詞,動詞,
たまげる,たまげる,tamageru,not_noun,動詞,動詞,
堪る,たまる,tamaru,not_noun,動詞,動詞,
賜う,たまう,tamau,not_noun,動詞,動詞,
賜る,たまわる,tamawaru,not_noun,動詞,動詞,
ためらう,ためらう,tamerau,not_noun,動詞,動詞,
溜める,ためる,tameru,not_noun,動詞,動詞,
試す,ためす,tamesu,not_noun,動詞,動詞,
保つ,たもつ,tamotsu,not_noun,動詞,動詞,
多難,たなん,tanan,not_noun,ナ形容詞,ナ形容詞,
単一,たんいつ,tanitsu,not_noun,ナ形容詞,ナ形容詞,
単純,たんじゅん,tanjun,not_noun,ナ形容詞,ナ形容詞,
短命,たんめい,tanmei,not_noun,ナ形容詞,ナ形容詞,
丹念,たんねん,tannen,not_noun,ナ形容詞,ナ形容詞,
頼もしい,たのもしい,tanomoshii,not_noun,イ形容詞,イ形容詞,
頼む,たのむ,tanomu,not_noun,動詞,動詞,
楽しい,たのしい,tanoshii,not_noun,イ形容詞,イ形容詞,
楽しみ,たのしみ,tanoshimi,not_noun,ナ形容詞,ナ形容詞,
端正,たんせい,tansei,not_noun,ナ形容詞,ナ形容詞,
倒れる,たおれる,taoreru,not_noun,動詞,動詞,
倒す,たおす,taosu,not_noun,動詞,動詞,
達筆,たっぴつ,tappitsu,not_noun,ナ形容詞,ナ形容詞,
たっぷり,たっぷり,tappuri,not_noun,ナ形容詞,ナ形容詞,
垂らす,たらす,tarasu,not_noun,動詞,動詞,
垂れる,たれる,tareru,not_noun,動詞,動詞,
足りる,たりる,tariru,not_noun,動詞,動詞,
たるむ,たるむ,tarumu,not_noun,動詞,動詞,
多量,たりょう,taryo,not_noun,ナ形容詞,ナ形容詞,
多彩,たさい,tasai,not_noun,ナ形容詞,ナ形容詞,
確か,たしか,tashika,not_noun,ナ形容詞,ナ形容詞,
確かめる,たしかめる,tashikameru,not_noun,動詞,動詞,
窘める,たしなめる,tashinameru,not_noun,動詞,動詞,
嗜む,たしなむ,tashinamu,not_noun,動詞,動詞,
達者,たっしゃ,tassha,not_noun,ナ形容詞,ナ形容詞,
足す,たす,tasu,not_noun,動詞,動詞,
助かる,たすかる,tasukaru,not_noun,動詞,動詞,
助ける,たすける,tasukeru,not_noun,動詞,動詞,
湛える,たたえる,tataeru,not_noun,動詞,動詞,
叩きのめす,たたきのめす,tatakinomesu,not_noun,動詞,動詞,
叩く,たたく,tataku,not_noun,動詞,動詞,
たたる,たたる,tataru,not_noun,動詞,動詞,
佇む,たたずむ,tatazumu,not_noun,動詞,動詞,
奉る,たてまつる,tatematsuru,not_noun,動詞,動詞,
縦長,たてなが,tatenaga,not_noun,ナ形容詞,ナ形容詞,
建てる,たてる,tateru,not_noun,動詞,動詞,
例える,たとえる,tatoeru,not_noun,動詞,動詞,
尊ぶ,たっとぶ,tattobu,not_noun,動詞,動詞,
撓める,たわめる,tawameru,not_noun,動詞,動詞,
撓む,たわむ,tawamu,not_noun,動詞,動詞,
戯れる,たわむれる,tawamureru,not_noun,動詞,動詞,
たわわ,たわわ,tawawa,not_noun,ナ形容詞,ナ形容詞,
絶やす,たやす,tayasu,not_noun,動詞,動詞,
たやすい,たやすい,tayasui,not_noun,イ形容詞,イ形容詞,
多様,たよう,tayo,not_noun,ナ形容詞,ナ形容詞,
頼る,たよる,tayoru,not_noun,動詞,動詞,
たゆめる,たゆめる,tayumeru,not_noun,動詞,動詞,
たゆむ,たゆむ,tayumu,not_noun,動詞,動詞,
尋ねる,たずねる,tazuneru,not_noun,動詞,動詞,
携える,たずさえる,tazusaeru,not_noun,動詞,動詞,
携わる,たずさわる,tazusawaru,not_noun,動詞,動詞,
手荒,てあら,teara,not_noun,ナ形容詞,ナ形容詞,
手ぶら,てぶら,tebura,not_noun,ナ形容詞,ナ形容詞,
手軽,てがる,tegaru,not_noun,ナ形容詞,ナ形容詞,
手頃,てごろ,tegoro,not_noun,ナ形容詞,ナ形容詞,
丁重,ていちょう,teicho,not_noun,ナ形容詞,ナ形容詞,
丁寧,ていねい,teinei,not_noun,ナ形容詞,ナ形容詞,
低率,ていりつ,teiritsu,not_noun,ナ形容詞,ナ形容詞,
低速,ていそく,teisoku,not_noun,ナ形容詞,ナ形容詞,
低俗,ていぞく,teizoku,not_noun,ナ形容詞,ナ形容詞,
手近,てぢか,tejika,not_noun,ナ形容詞,ナ形容詞,
適度,てきど,tekido,not_noun,ナ形容詞,ナ形容詞,
適法,てきほう,tekiho,not_noun,ナ形容詞,ナ形容詞,
適格,てきかく,tekikaku,not_noun,ナ形容詞,ナ形容詞,
てきめん,てきめん,tekimen,not_noun,ナ形容詞,ナ形容詞,
適任,てきにん,tekinin,not_noun,ナ形容詞,ナ形容詞,
適正,てきせい,tekisei,not_noun,ナ形容詞,ナ形容詞,
適切,てきせつ,tekisetsu,not_noun,ナ形容詞,ナ形容詞,
適当,てきとう,tekito,not_noun,ナ形容詞,ナ形容詞,
てこずる,てこずる,tekozuru,not_noun,動詞,動詞,
手短,てみじか,temijika,not_noun,ナ形容詞,ナ形容詞,
手ぬるい,てぬるい,tenurui,not_noun,イ形容詞,イ形容詞,
手遅れ,ておくれ,teokure,not_noun,ナ形容詞,ナ形容詞,
照らす,てらす,terasu,not_noun,動詞,動詞,
照れる,てれる,tereru,not_noun,動詞,動詞,
照る,てる,teru,not_noun,動詞,動詞,
手薄,てうす,teusu,not_noun,ナ形容詞,ナ形容詞,
手狭,てぜま,tezema,not_noun,ナ形容詞,ナ形容詞,
飛ばす,とばす,tobasu,not_noun,動詞,動詞,
とぼける,とぼける,tobokeru,not_noun,動詞,動詞,
乏しい,とぼしい,toboshii,not_noun,イ形容詞,イ形容詞,
届ける,とどける,todokeru,not_noun,動詞,動詞,
滞る,とどこおる,todokoru,not_noun,動詞,動詞,
届く,とどく,todoku,not_noun,動詞,動詞,
止まる,とどまる,todomaru,not_noun,動詞,動詞,
止める,とどめる,todomeru,not_noun,動詞,動詞,
轟く,とどろく,todoroku,not_noun,動詞,動詞,
咎める,とがめる,togameru,not_noun,動詞,動詞,
尖る,とがる,togaru,not_noun,動詞,動詞,
遂げる,とげる,togeru,not_noun,動詞,動詞,
とげとげしい,とげとげしい,togetogeshii,not_noun,イ形容詞,イ形容詞,
研ぐ,とぐ,togu,not_noun,動詞,動詞,
綴じる,とじる,tojiru,not_noun,動詞,動詞,
溶かす,とかす,tokasu,not_noun,動詞,動詞,
溶ける,とける,tokeru,not_noun,動詞,動詞,
解きほぐす,ときほぐす,tokihogusu,not_noun,動詞,動詞,
ときめく,ときめく,tokimeku,not_noun,動詞,動詞,
特別,とくべつ,tokubetsu,not_noun,ナ形容詞,ナ形容詞,
得意,とくい,tokui,not_noun,ナ形容詞,ナ形容詞,
特殊,とくしゅ,tokushu,not_noun,ナ形容詞,ナ形容詞,
徳用,とくよう,tokuyo,not_noun,ナ形容詞,ナ形容詞,
特有,とくゆう,tokuyu,not_noun,ナ形容詞,ナ形容詞,
泊まれる,とまれる,tomareru,not_noun,動詞,動詞,
止まる,とまる,tomaru,not_noun,動詞,動詞,
遠回し,とおまわし,tomawashi,not_noun,ナ形容詞,ナ形容詞,
透明,とうめい,tomei,not_noun,ナ形容詞,ナ形容詞,
泊めれる,とめれる,tomereru,not_noun,動詞,動詞,
止める,とめる,tomeru,not_noun,動詞,動詞,
伴う,ともなう,tomonau,not_noun,動詞,動詞,
灯る,ともる,tomoru,not_noun,動詞,動詞,
点す,ともす,tomosu,not_noun,動詞,動詞,
弔う,とむらう,tomurau,not_noun,動詞,動詞,
唱える,となえる,tonaeru,not_noun,動詞,動詞,
とんでもない,とんでもない,tondemonai,not_noun,イ形容詞,イ形容詞,
尖んがる,とんがる,tongaru,not_noun,動詞,動詞,
とんとん,とんとん,tonton,not_noun,ナ形容詞,ナ形容詞,
突飛,とっぴ,toppi,not_noun,ナ形容詞,ナ形容詞,
捕らえる,とらえる,toraeru,not_noun,動詞,動詞,
捕らわれる,とらわれる,torawareru,not_noun,動詞,動詞,
取れる,とれる,toreru,not_noun,動詞,動詞,
取りのける,とりのける,torinokeru,not_noun,動詞,動詞,
とろい,とろい,toroi,not_noun,イ形容詞,イ形容詞,
蕩ける,とろける,torokeru,not_noun,動詞,動詞,
通る,とおる,toru,not_noun,動詞,動詞,
年若,としわか,toshiwaka,not_noun,ナ形容詞,ナ形容詞,
通す,とおす,tosu,not_noun,動詞,動詞,
とっちめる,とっちめる,totchimeru,not_noun,動詞,動詞,
とてつもない,とてつもない,totetsumonai,not_noun,イ形容詞,イ形容詞,
尊い,とうとい,totoi,not_noun,イ形容詞,イ形容詞,
整える,ととのえる,totonoeru,not_noun,動詞,動詞,
整う,ととのう,totonou,not_noun,動詞,動詞,
唐突,とうとつ,tototsu,not_noun,ナ形容詞,ナ形容詞,
嫁ぐ,とつぐ,totsugu,not_noun,動詞,動詞,
突然,とつぜん,totsuzen,not_noun,ナ形容詞,ナ形容詞,
とわ,とわ,towa,not_noun,ナ形容詞,ナ形容詞,
遠ざかる,とおざかる,tozakaru,not_noun,動詞,動詞,
遠ざける,とおざける,tozakeru,not_noun,動詞,動詞,
閉ざす,とざす,tozasu,not_noun,動詞,動詞,
当然,とうぜん,tozen,not_noun,ナ形容詞,ナ形容詞,
通,つう,tsu,not_noun,ナ形容詞,ナ形容詞,
つぼまる,つぼまる,tsubomaru,not_noun,動詞,動詞,
つぼめる,つぼめる,tsubomeru,not_noun,動詞,動詞,
つぼむ,つぼむ,tsubomu,not_noun,動詞,動詞,
つぶら,つぶら,tsubura,not_noun,ナ形容詞,ナ形容詞,
潰れる,つぶれる,tsubureru,not_noun,動詞,動詞,
瞑る,つぶる,tsuburu,not_noun,動詞,動詞,
潰す,つぶす,tsubusu,not_noun,動詞,動詞,
呟く,つぶやく,tsubuyaku,not_noun,動詞,動詞,
培う,つちかう,tsuchikau,not_noun,動詞,動詞,
集う,つどう,tsudou,not_noun,動詞,動詞,
告げる,つげる,tsugeru,not_noun,動詞,動詞,
つぎ込む,つぎこむ,tsugikomu,not_noun,動詞,動詞,
告ぐ,つぐ,tsugu,not_noun,動詞,動詞,
つぐむ,つぐむ,tsugumu,not_noun,動詞,動詞,
償う,つぐなう,tsugunau,not_noun,動詞,動詞,
啄む,ついばむ,tsuibamu,not_noun,動詞,動詞,
費える,ついえる,tsuieru,not_noun,動詞,動詞,
費やす,ついやす,tsuiyasu,not_noun,動詞,動詞,
仕える,つかえる,tsukaeru,not_noun,動詞,動詞,
捕まえる,つかまえる,tsukamaeru,not_noun,動詞,動詞,
掴まれる,つかまれる,tsukamareru,not_noun,動詞,動詞,
捕まる,つかまる,tsukamaru,not_noun,動詞,動詞,
掴める,つかめる,tsukameru,not_noun,動詞,動詞,
掴む,つかむ,tsukamu,not_noun,動詞,動詞,
疲れる,つかれる,tsukareru,not_noun,動詞,動詞,
浸かる,つかる,tsukaru,not_noun,動詞,動詞,
司どる,つかさどる,tsukasadoru,not_noun,動詞,動詞,
尽かす,つかす,tsukasu,not_noun,動詞,動詞,
使う,つかう,tsukau,not_noun,動詞,動詞,
遣わす,つかわす,tsukawasu,not_noun,動詞,動詞,
付ける,つける,tsukeru,not_noun,動詞,動詞,
月並み,つきなみ,tsukinami,not_noun,ナ形容詞,ナ形容詞,
尽きる,つきる,tsukiru,not_noun,動詞,動詞,
つっかえる,つっかえる,tsukkaeru,not_noun,動詞,動詞,
つっけんどん,つっけんどん,tsukkendon,not_noun,ナ形容詞,ナ形容詞,
付く,つく,tsuku,not_noun,動詞,動詞,
繕う,つくろう,tsukurou,not_noun,動詞,動詞,
作る,つくる,tsukuru,not_noun,動詞,動詞,
尽くす,つくす,tsukusu,not_noun,動詞,動詞,
つまびらか,つまびらか,tsumabiraka,not_noun,ナ形容詞,ナ形容詞,
摘まむ,つまむ,tsumamu,not_noun,動詞,動詞,
つまらない,つまらない,tsumaranai,not_noun,イ形容詞,イ形容詞,
詰まる,つまる,tsumaru,not_noun,動詞,動詞,
つまされる,つまされる,tsumasareru,not_noun,動詞,動詞,
つましい,つましい,tsumashii,not_noun,イ形容詞,イ形容詞,
躓く,つまずく,tsumazuku,not_noun,動詞,動詞,
詰める,つめる,tsumeru,not_noun,動詞,動詞,
冷たい,つめたい,tsumetai,not_noun,イ形容詞,イ形容詞,
積もる,つもる,tsumoru,not_noun,動詞,動詞,
摘む,つむ,tsumu,not_noun,動詞,動詞,
紡ぐ,つむぐ,tsumugu,not_noun,動詞,動詞,
繋がる,つながる,tsunagaru,not_noun,動詞,動詞,
繋げる,つなげる,tsunageru,not_noun,動詞,動詞,
抓る,つねる,tsuneru,not_noun,動詞,動詞,
つんのめる,つんのめる,tsunnomeru,not_noun,動詞,動詞,
募る,つのる,tsunoru,not_noun,動詞,動詞,
つんざける,つんざける,tsunzakeru,not_noun,動詞,動詞,
つんざく,つんざく,tsunzaku,not_noun,動詞,動詞,
辛い,つらい,tsurai,not_noun,イ形容詞,イ形容詞,
連なる,つらなる,tsuranaru,not_noun,動詞,動詞,
連ねる,つらねる,tsuraneru,not_noun,動詞,動詞,
貫く,つらぬく,tsuranuku,not_noun,動詞,動詞,
つれない,つれない,tsurenai,not_noun,イ形容詞,イ形容詞,
連れる,つれる,tsureru,not_noun,動詞,動詞,
つるむ,つるむ,tsurumu,not_noun,動詞,動詞,
吊るす,つるす,tsurusu,not_noun,動詞,動詞,
伝える,つたえる,tsutaeru,not_noun,動詞,動詞,
つたない,つたない,tsutanai,not_noun,イ形容詞,イ形容詞,
伝う,つたう,tsutau,not_noun,動詞,動詞,
伝わる,つたわる,tsutawaru,not_noun,動詞,動詞,
勤まる,つとまる,tsutomaru,not_noun,動詞,動詞,
努める,つとめる,tsutomeru,not_noun,動詞,動詞,
つつがない,つつがない,tsutsuganai,not_noun,イ形容詞,イ形容詞,
突つく,つつく,tsutsuku,not_noun,動詞,動詞,
つつましい,つつましい,tsutsumashii,not_noun,イ形容詞,イ形容詞,
包む,つつむ,tsutsumu,not_noun,動詞,動詞,
慎む,つつしむ,tsutsushimu,not_noun,動詞,動詞,
艶やか,つややか,tsuyayaka,not_noun,ナ形容詞,ナ形容詞,
強い,つよい,tsuyoi,not_noun,イ形容詞,イ形容詞,
強気,つよき,tsuyoki,not_noun,ナ形容詞,ナ形容詞,
続ける,つづける,tsuzukeru,not_noun,動詞,動詞,
続く,つづく,tsuzuku,not_noun,動詞,動詞,
奪う,うばう,ubau,not_noun,動詞,動詞,
うぶ,うぶ,ubu,not_noun,ナ形容詞,ナ形容詞,
内気,うちき,uchiki,not_noun,ナ形容詞,ナ形容詞,
打ちのめす,うちのめす,uchinomesu,not_noun,動詞,動詞,
うだれる,うだれる,udareru,not_noun,動詞,動詞,
うだる,うだる,udaru,not_noun,動詞,動詞,
植える,うえる,ueru,not_noun,動詞,動詞,
穿つ,うがつ,ugatsu,not_noun,動詞,動詞,
動かす,うごかす,ugokasu,not_noun,動詞,動詞,
動く,うごく,ugoku,not_noun,動詞,動詞,
蠢く,うごめく,ugomeku,not_noun,動詞,動詞,
浮かべる,うかべる,ukaberu,not_noun,動詞,動詞,
浮かぶ,うかぶ,ukabu,not_noun,動詞,動詞,
伺う,うかがう,ukagau,not_noun,動詞,動詞,
浮かれる,うかれる,ukareru,not_noun,動詞,動詞,
受かる,うかる,ukaru,not_noun,動詞,動詞,
うかつ,うかつ,ukatsu,not_noun,ナ形容詞,ナ形容詞,
受け身,うけみ,ukemi,not_noun,ナ形容詞,ナ形容詞,
受ける,うける,ukeru,not_noun,動詞,動詞,
承る,うけたまわる,uketamawaru,not_noun,動詞,動詞,
浮く,うく,uku,not_noun,動詞,動詞,
旨い,うまい,umai,not_noun,イ形容詞,イ形容詞,
生まれる,うまれる,umareru,not_noun,動詞,動詞,
埋まる,うまる,umaru,not_noun,動詞,動詞,
呻く,うめく,umeku,not_noun,動詞,動詞,
埋める,うめる,umeru,not_noun,動詞,動詞,
埋もれる,うもれる,umoreru,not_noun,動詞,動詞,
生む,うむ,umu,not_noun,動詞,動詞,
うなだれる,うなだれる,unadareru,not_noun,動詞,動詞,
促す,うながす,unagasu,not_noun,動詞,動詞,
唸る,うなる,unaru,not_noun,動詞,動詞,
魘される,うなされる,unasareru,not_noun,動詞,動詞,
うねる,うねる,uneru,not_noun,動詞,動詞,
うらぶれる,うらぶれる,urabureru,not_noun,動詞,動詞,
裏腹,うらはら,urahara,not_noun,ナ形容詞,ナ形容詞,
恨めしい,うらめしい,urameshii,not_noun,イ形容詞,イ形容詞,
恨む,うらむ,uramu,not_noun,動詞,動詞,
占う,うらなう,uranau,not_noun,動詞,動詞,
うららか,うららか,uraraka,not_noun,ナ形容詞,ナ形容詞,
うら寂しい,うらさびしい,urasabishii,not_noun,イ形容詞,イ形容詞,
うら若い,うらわかい,urawakai,not_noun,イ形容詞,イ形容詞,
うらやましい,うらやましい,urayamashii,not_noun,イ形容詞,イ形容詞,
羨む,うらやむ,urayamu,not_noun,動詞,動詞,
憂える,うれえる,ureeru,not_noun,動詞,動詞,
売れる,うれる,ureru,not_noun,動詞,動詞,
嬉しい,うれしい,ureshii,not_noun,イ形容詞,イ形容詞,
憂う,うれう,ureu,not_noun,動詞,動詞,
瓜二つ,うりふたつ,urifutatsu,not_noun,ナ形容詞,ナ形容詞,
うろたえる,うろたえる,urotaeru,not_noun,動詞,動詞,
うろつく,うろつく,urotsuku,not_noun,動詞,動詞,
売る,うる,uru,not_noun,動詞,動詞,
潤める,うるめる,urumeru,not_noun,動詞,動詞,
潤む,うるむ,urumu,not_noun,動詞,動詞,
潤す,うるおす,uruosu,not_noun,動詞,動詞,
潤う,うるおう,uruou,not_noun,動詞,動詞,
煩がる,うるさがる,urusagaru,not_noun,動詞,動詞,
うるさい,うるさい,urusai,not_noun,イ形容詞,イ形容詞,
麗しい,うるわしい,uruwashii,not_noun,イ形容詞,イ形容詞,
失せる,うせる,useru,not_noun,動詞,動詞,
失う,うしなう,ushinau,not_noun,動詞,動詞,
後ろめたい,うしろめたい,ushirometai,not_noun,イ形容詞,イ形容詞,
後ろ向き,うしろむき,ushiromuki,not_noun,ナ形容詞,ナ形容詞,
嘯く,うそぶく,usobuku,not_noun,動詞,動詞,
薄手,うすで,usude,not_noun,ナ形容詞,ナ形容詞,
薄っぺら,うすっぺら,usuppera,not_noun,ナ形容詞,ナ形容詞,
疑う,うたがう,utagau,not_noun,動詞,動詞,
疑わしい,うたがわしい,utagawashii,not_noun,イ形容詞,イ形容詞,
疑る,うたぐる,utaguru,not_noun,動詞,動詞,
歌う,うたう,utau,not_noun,動詞,動詞,
うっちゃる,うっちゃる,utcharu,not_noun,動詞,動詞,
疎い,うとい,utoi,not_noun,イ形容詞,イ形容詞,
打つ,うつ,utsu,not_noun,動詞,動詞,
美しい,うつくしい,utsukushii,not_noun,イ形容詞,イ形容詞,
俯く,うつむく,utsumuku,not_noun,動詞,動詞,
移り気,うつりぎ,utsurigi,not_noun,ナ形容詞,ナ形容詞,
うつろ,うつろ,utsuro,not_noun,ナ形容詞,ナ形容詞,
映ろう,うつろう,utsurou,not_noun,動詞,動詞,
写る,うつる,utsuru,not_noun,動詞,動詞,
写す,うつす,utsusu,not_noun,動詞,動詞,
訴える,うったえる,uttaeru,not_noun,動詞,動詞,
打って付け,うってつけ,uttetsuke,not_noun,ナ形容詞,ナ形容詞,
植わる,うわる,uwaru,not_noun,動詞,動詞,
上手,うわて,uwate,not_noun,ナ形容詞,ナ形容詞,
浮つく,うわつく,uwatsuku,not_noun,動詞,動詞,
敬う,うやまう,uyamau,not_noun,動詞,動詞,
うやむや,うやむや,uyamuya,not_noun,ナ形容詞,ナ形容詞,
恭しい,うやうやしい,uyauyashii,not_noun,イ形容詞,イ形容詞,
疼く,うずく,uzuku,not_noun,動詞,動詞,
蹲る,うずくまる,uzukumaru,not_noun,動詞,動詞,
うずたかい,うずたかい,uzutakai,not_noun,イ形容詞,イ形容詞,
詫びる,わびる,wabiru,not_noun,動詞,動詞,
侘しい,わびしい,wabishii,not_noun,イ形容詞,イ形容詞,
蟠る,わだかまる,wadakamaru,not_noun,動詞,動詞,
わがまま,わがまま,wagamama,not_noun,ナ形容詞,ナ形容詞,
若い,わかい,wakai,not_noun,イ形容詞,イ形容詞,
別れる,わかれる,wakareru,not_noun,動詞,動詞,
分かる,わかる,wakaru,not_noun,動詞,動詞,
沸かせる,わかせる,wakaseru,not_noun,動詞,動詞,
沸かす,わかす,wakasu,not_noun,動詞,動詞,
分かつ,わかつ,wakatsu,not_noun,動詞,動詞,
分ける,わける,wakeru,not_noun,動詞,動詞,
和気あいあい,わきあいあい,wakiaiai,not_noun,ナ形容詞,ナ形容詞,
弁える,わきまえる,wakimaeru,not_noun,動詞,動詞,
わめく,わめく,wameku,not_noun,動詞,動詞,
腕白,わんぱく,wanpaku,not_noun,ナ形容詞,ナ形容詞,
笑う,わらう,warau,not_noun,動詞,動詞,
割れる,われる,wareru,not_noun,動詞,動詞,
割高,わりだか,waridaka,not_noun,ナ形容詞,ナ形容詞,
割安,わりやす,wariyasu,not_noun,ナ形容詞,ナ形容詞,
悪びれる,わるびれる,warubireru,not_noun,動詞,動詞,
悪い,わるい,warui,not_noun,イ形容詞,イ形容詞,
忘れる,わすれる,wasureru,not_noun,動詞,動詞,
渡る,わたる,wataru,not_noun,動詞,動詞,
渡す,わたす,watasu,not_noun,動詞,動詞,
わざとらしい,わざとらしい,wazatorashii,not_noun,イ形容詞,イ形容詞,
僅か,わずか,wazuka,not_noun,ナ形容詞,ナ形容詞,
患う,わずらう,wazurau,not_noun,動詞,動詞,
煩わしい,わずらわしい,wazurawashii,not_noun,イ形容詞,イ形容詞,
やばい,やばい,yabai,not_noun,イ形容詞,イ形容詞,
野暮,やぼ,yabo,not_noun,ナ形容詞,ナ形容詞,
破ける,やぶける,yabukeru,not_noun,動詞,動詞,
破く,やぶく,yabuku,not_noun,動詞,動詞,
破れかぶれ,やぶれかぶれ,yaburekabure,not_noun,ナ形容詞,ナ形容詞,
敗れる,やぶれる,yabureru,not_noun,動詞,動詞,
破る,やぶる,yaburu,not_noun,動詞,動詞,
やぶさか,やぶさか,yabusaka,not_noun,ナ形容詞,ナ形容詞,
宿す,やどす,yadosu,not_noun,動詞,動詞,
やかましい,やかましい,yakamashii,not_noun,イ形容詞,イ形容詞,
やけ,やけ,yake,not_noun,ナ形容詞,ナ形容詞,
焼ける,やける,yakeru,not_noun,動詞,動詞,
厄介,やっかい,yakkai,not_noun,ナ形容詞,ナ形容詞,
躍起,やっき,yakki,not_noun,ナ形容詞,ナ形容詞,
やましい,やましい,yamashii,not_noun,イ形容詞,イ形容詞,
止める,やめる,yameru,not_noun,動詞,動詞,
やみくも,やみくも,yamikumo,not_noun,ナ形容詞,ナ形容詞,
止む,やむ,yamu,not_noun,動詞,動詞,
やむない,やむない,yamunai,not_noun,イ形容詞,イ形容詞,
やんちゃ,やんちゃ,yancha,not_noun,ナ形容詞,ナ形容詞,
やられる,やられる,yarareru,not_noun,動詞,動詞,
やる,やる,yaru,not_noun,動詞,動詞,
やるせない,やるせない,yarusenai,not_noun,イ形容詞,イ形容詞,
優しい,やさしい,yasashii,not_noun,イ形容詞,イ形容詞,
痩せこける,やせこける,yasekokeru,not_noun,動詞,動詞,
痩せる,やせる,yaseru,not_noun,動詞,動詞,
養う,やしなう,yashinau,not_noun,動詞,動詞,
安上がり,やすあがり,yasuagari,not_noun,ナ形容詞,ナ形容詞,
安い,やすい,yasui,not_noun,イ形容詞,イ形容詞,
休まる,やすまる,yasumaru,not_noun,動詞,動詞,
休める,やすめる,yasumeru,not_noun,動詞,動詞,
休む,やすむ,yasumu,not_noun,動詞,動詞,
安っぽい,やすっぽい,yasuppoi,not_noun,イ形容詞,イ形容詞,
安らぐ,やすらぐ,yasuragu,not_noun,動詞,動詞,
安らか,やすらか,yasuraka,not_noun,ナ形容詞,ナ形容詞,
やたら,やたら,yatara,not_noun,ナ形容詞,ナ形容詞,
雇う,やとう,yatou,not_noun,動詞,動詞,
やつれる,やつれる,yatsureru,not_noun,動詞,動詞,
窶す,やつす,yatsusu,not_noun,動詞,動詞,
やっつける,やっつける,yattsukeru,not_noun,動詞,動詞,
やわ,やわ,yawa,not_noun,ナ形容詞,ナ形容詞,
和らげる,やわらげる,yawarageru,not_noun,動詞,動詞,
和らぐ,やわらぐ,yawaragu,not_noun,動詞,動詞,
柔らか,やわらか,yawaraka,not_noun,ナ形容詞,ナ形容詞,
柔らかい,やわらかい,yawarakai,not_noun,イ形容詞,イ形容詞,
ややこしい,ややこしい,yayakoshii,not_noun,イ形容詞,イ形容詞,
余分,よぶん,yobun,not_noun,ナ形容詞,ナ形容詞,
よだてる,よだてる,yodateru,not_noun,動詞,動詞,
よだつ,よだつ,yodatsu,not_noun,動詞,動詞,
淀む,よどむ,yodomu,not_noun,動詞,動詞,
よぎる,よぎる,yogiru,not_noun,動詞,動詞,
汚れる,よごれる,yogoreru,not_noun,動詞,動詞,
汚す,よごす,yogosu,not_noun,動詞,動詞,
捩れる,よじれる,yojireru,not_noun,動詞,動詞,
捩る,よじる,yojiru,not_noun,動詞,動詞,
余計,よけい,yokei,not_noun,ナ形容詞,ナ形容詞,
よける,よける,yokeru,not_noun,動詞,動詞,
横長,よこなが,yokonaga,not_noun,ナ形容詞,ナ形容詞,
よこしま,よこしま,yokoshima,not_noun,ナ形容詞,ナ形容詞,
横たえる,よこたえる,yokotaeru,not_noun,動詞,動詞,
横たわる,よこたわる,yokotawaru,not_noun,動詞,動詞,
欲張り,よくばり,yokubari,not_noun,ナ形容詞,ナ形容詞,
欲深,よくふか,yokufuka,not_noun,ナ形容詞,ナ形容詞,
蘇る,よみがえる,yomigaeru,not_noun,動詞,動詞,
詠む,よむ,yomu,not_noun,動詞,動詞,
縒れる,よれる,yoreru,not_noun,動詞,動詞,
よれよれ,よれよれ,yoreyore,not_noun,ナ形容詞,ナ形容詞,
よろける,よろける,yorokeru,not_noun,動詞,動詞,
喜ばしい,よろこばしい,yorokobashii,not_noun,イ形容詞,イ形容詞,
喜ぶ,よろこぶ,yorokobu,not_noun,動詞,動詞,
よろめく,よろめく,yoromeku,not_noun,動詞,動詞,
よろしい,よろしい,yoroshii,not_noun,イ形容詞,イ形容詞,
寄せる,よせる,yoseru,not_noun,動詞,動詞,
装う,よそおう,yosou,not_noun,動詞,動詞,
よす,よす,yosu,not_noun,動詞,動詞,
酔う,よう,you,not_noun,動詞,動詞,
弱腰,よわごし,yowagoshi,not_noun,ナ形容詞,ナ形容詞,
弱気,よわき,yowaki,not_noun,ナ形容詞,ナ形容詞,
雄弁,ゆうべん,yuben,not_noun,ナ形容詞,ナ形容詞,
有望,ゆうぼう,yubo,not_noun,ナ形容詞,ナ形容詞,
悠長,ゆうちょう,yucho,not_noun,ナ形容詞,ナ形容詞,
雄大,ゆうだい,yudai,not_noun,ナ形容詞,ナ形容詞,
委ねる,ゆだねる,yudaneru,not_noun,動詞,動詞,
茹だれる,ゆだれる,yudareru,not_noun,動詞,動詞,
茹だる,ゆだる,yudaru,not_noun,動詞,動詞,
茹でる,ゆでる,yuderu,not_noun,動詞,動詞,
裕福,ゆうふく,yufuku,not_noun,ナ形容詞,ナ形容詞,
有害,ゆうがい,yugai,not_noun,ナ形容詞,ナ形容詞,
歪める,ゆがめる,yugameru,not_noun,動詞,動詞,
歪む,ゆがむ,yugamu,not_noun,動詞,動詞,
幽玄,ゆうげん,yugen,not_noun,ナ形容詞,ナ形容詞,
優位,ゆうい,yui,not_noun,ナ形容詞,ナ形容詞,
ゆかしい,ゆかしい,yukashii,not_noun,イ形容詞,イ形容詞,
有効,ゆうこう,yuko,not_noun,ナ形容詞,ナ形容詞,
悠久,ゆうきゅう,yukyu,not_noun,ナ形容詞,ナ形容詞,
有名,ゆうめい,yumei,not_noun,ナ形容詞,ナ形容詞,
勇猛,ゆうもう,yumo,not_noun,ナ形容詞,ナ形容詞,
有能,ゆうのう,yuno,not_noun,ナ形容詞,ナ形容詞,
揺らぐ,ゆらぐ,yuragu,not_noun,動詞,動詞,
揺らめく,ゆらめく,yurameku,not_noun,動詞,動詞,
揺られる,ゆられる,yurareru,not_noun,動詞,動詞,
揺らす,ゆらす,yurasu,not_noun,動詞,動詞,
揺れる,ゆれる,yureru,not_noun,動詞,動詞,
揺るがせる,ゆるがせる,yurugaseru,not_noun,動詞,動詞,
揺るがす,ゆるがす,yurugasu,not_noun,動詞,動詞,
揺るぐ,ゆるぐ,yurugu,not_noun,動詞,動詞,
緩い,ゆるい,yurui,not_noun,イ形容詞,イ形容詞,
許す,ゆるす,yurusu,not_noun,動詞,動詞,
緩やか,ゆるやか,yuruyaka,not_noun,ナ形容詞,ナ形容詞,
有力,ゆうりょく,yuryoku,not_noun,ナ形容詞,ナ形容詞,
優秀,ゆうしゅう,yushu,not_noun,ナ形容詞,ナ形容詞,
濯ぐ,ゆすぐ,yusugu,not_noun,動詞,動詞,
揺する,ゆする,yusuru,not_noun,動詞,動詞,
豊か,ゆたか,yutaka,not_noun,ナ形容詞,ナ形容詞,
憂鬱,ゆううつ,yutsu,not_noun,ナ形容詞,ナ形容詞,
結う,ゆう,yuu,not_noun,動詞,動詞,
結わえる,ゆわえる,yuwaeru,not_noun,動詞,動詞,
結わく,ゆわく,yuwaku,not_noun,動詞,動詞,
有用,ゆうよう,yuyo,not_noun,ナ形容詞,ナ形容詞,
譲る,ゆずる,yuzuru,not_noun,動詞,動詞,
ざっくばらん,ざっくばらん,zakkubaran,not_noun,ナ形容詞,ナ形容詞,
残酷,ざんこく,zankoku,not_noun,ナ形容詞,ナ形容詞,
残念,ざんねん,zannen,not_noun,ナ形容詞,ナ形容詞,
残忍,ざんにん,zannin,not_noun,ナ形容詞,ナ形容詞,
斬新,ざんしん,zanshin,not_noun,ナ形容詞,ナ形容詞,
ざら,ざら,zara,not_noun,ナ形容詞,ナ形容詞,
ざらつく,ざらつく,zaratsuku,not_noun,動詞,動詞,
雑,ざつ,zatsu,not_noun,ナ形容詞,ナ形容詞,
雑多,ざった,zatta,not_noun,ナ形容詞,ナ形容詞,
ざわめく,ざわめく,zawameku,not_noun,動詞,動詞,
ざわつく,ざわつく,zawatsuku,not_noun,動詞,動詞,
脆弱,ぜいじゃく,zeijaku,not_noun,ナ形容詞,ナ形容詞,
贅沢,ぜいたく,zeitaku,not_noun,ナ形容詞,ナ形容詞,
善良,ぜんりょう,zenryo,not_noun,ナ形容詞,ナ形容詞,
絶大,ぜつだい,zetsudai,not_noun,ナ形容詞,ナ形容詞,
絶妙,ぜつみょう,zetsumyo,not_noun,ナ形容詞,ナ形容詞,
俗悪,ぞくあく,zokuaku,not_noun,ナ形容詞,ナ形容詞,
存分,ぞんぶん,zonbun,not_noun,ナ形容詞,ナ形容詞,
存外,ぞんがい,zongai,not_noun,ナ形容詞,ナ形容詞,
ぞんざい,ぞんざい,zonzai,not_noun,ナ形容詞,ナ形容詞,
ずば抜ける,ずばぬける,zubanukeru,not_noun,動詞,動詞,
ずぼら,ずぼら,zubora,not_noun,ナ形容詞,ナ形容詞,
随分,ずいぶん,zuibun,not_noun,ナ形容詞,ナ形容詞,
随意,ずいい,zuii,not_noun,ナ形容詞,ナ形容詞,
ずらかる,ずらかる,zurakaru,not_noun,動詞,動詞,
ずらす,ずらす,zurasu,not_noun,動詞,動詞,
ずれる,ずれる,zureru,not_noun,動詞,動詞,
ずり下がる,ずりさがる,zurisagaru,not_noun,動詞,動詞,
ずる,ずる,zuru,not_noun,動詞,動詞,
ずるい,ずるい,zurui,not_noun,イ形容詞,イ形容詞,
ずるずる,ずるずる,zuruzuru,not_noun,ナ形容詞,ナ形容詞,
杜撰,ずさん,zusan,not_noun,ナ形容詞,ナ形容詞,
ずたずた,ずたずた,zutazuta,not_noun,ナ形容詞,ナ形容詞,
ずうずうしい,ずうずうしい,zuzushii,not_noun,イ形容詞,イ形容詞,
分団,ぶんだん,bundan,organization,,普通名詞,組織・団体
文学部,ぶんがくぶ,bungakubu,organization,教育・学習,普通名詞,組織・団体
分派,ぶんぱ,bunpa,organization,,サ変名詞,組織・団体
無勢,ぶぜい,buzei,organization,,普通名詞,組織・団体
部族,ぶぞく,buzoku,organization,,普通名詞,組織・団体
茶屋,ちゃや,chaya,organization,料理・食事,普通名詞,組織・団体
ちんどん屋,ちんどんや,chindonya,organization,,普通名詞,組織・団体
中朝,ちゅうちょう,chucho,organization,,普通名詞,組織・団体
中学,ちゅうがく,chugaku,organization,教育・学習,普通名詞,組織・団体;場所-施設
中華,ちゅうか,chuka,organization,料理・食事,普通名詞,組織・団体;人工物-食べ物
大学校,だいがっこう,daigakko,organization,教育・学習,普通名詞,組織・団体;場所-施設
旦那衆,だんなしゅう,dannashu,organization,,普通名詞,組織・団体
団体,だんたい,dantai,organization,,普通名詞,組織・団体
同人,どうじん,dojin,organization,,普通名詞,組織・団体
楽部,がくぶ,gakubu,organization,政治;文化・芸術,普通名詞,組織・団体
楽団,がくだん,gakudan,organization,文化・芸術,普通名詞,組織・団体
学園,がくえん,gakuen,organization,教育・学習,普通名詞,組織・団体;場所-施設
学院,がくいん,gakuin,organization,教育・学習,普通名詞,組織・団体;場所-施設
楽隊,がくたい,gakutai,organization,文化・芸術,普通名詞,組織・団体
劇団,げきだん,gekidan,organization,文化・芸術,普通名詞,組織・団体
義塾,ぎじゅく,gijuku,organization,教育・学習,普通名詞,組織・団体;場所-施設
軍団,ぐんだん,gundan,organization,,普通名詞,組織・団体
漁協,ぎょきょう,gyokyo,organization,,普通名詞,組織・団体
八幡宮,はちまんぐう,hachimangu,organization,文化・芸術,普通名詞,組織・団体;場所-施設
花屋,はなや,hanaya,organization,,普通名詞,組織・団体;場所-施設
版元,はんもと,hanmoto,organization,メディア;文化・芸術,普通名詞,組織・団体
平家,へいけ,heike,organization,,普通名詞,組織・団体
平氏,へいし,heishi,organization,,普通名詞,組織・団体
彼我,ひが,higa,organization,,普通名詞,組織・団体
火消し,ひけし,hikeshi,organization,,普通名詞,人;組織・団体;抽象物
人垣,ひとがき,hitogaki,organization,,普通名詞,組織・団体
人波,ひとなみ,hitonami,organization,,普通名詞,組織・団体
法学部,ほうがくぶ,hogakubu,organization,教育・学習,普通名詞,組織・団体
本局,ほんきょく,honkyoku,organization,,普通名詞,組織・団体;場所-その他
本流,ほんりゅう,honryu,organization,,普通名詞,組織・団体;場所-自然
一団,いちだん,ichidan,organization,,普通名詞,組織・団体
一群,いちぐん,ichigun,organization,,普通名詞,組織・団体
一味,いちみ,ichimi,organization,,普通名詞,組織・団体
一門,いちもん,ichimon,organization,,普通名詞,組織・団体
一族,いちぞく,ichizoku,organization,,普通名詞,組織・団体
医大,いだい,idai,organization,健康・医学;教育・学習,普通名詞,組織・団体;場所-施設
医学部,いがくぶ,igakubu,organization,健康・医学;教育・学習,普通名詞,組織・団体
一家,いっか,ikka,organization,,普通名詞,組織・団体
一行,いっこう,ikko,organization,,普通名詞,組織・団体
稲荷,いなり,inari,organization,文化・芸術;料理・食事,普通名詞,組織・団体;人工物-食べ物;場所-施設
一派,いっぱ,ippa,organization,,普通名詞,組織・団体
寺院,じいん,jiin,organization,文化・芸術,普通名詞,組織・団体;場所-施設
自陣,じじん,jijin,organization,スポーツ;政治,普通名詞,組織・団体;場所-その他
自校,じこう,jiko,organization,教育・学習,普通名詞,組織・団体;場所-施設
陣営,じんえい,jinei,organization,,普通名詞,組織・団体;場所-その他
各派,かくは,kakuha,organization,,普通名詞,組織・団体
結社,けっしゃ,kessha,organization,,普通名詞,組織・団体
棋院,きいん,kiin,organization,スポーツ;レクリエーション,普通名詞,組織・団体
近県,きんけん,kinken,organization,,普通名詞,組織・団体
工学部,こうがくぶ,kogakubu,organization,教育・学習;科学・技術,普通名詞,組織・団体
鼓笛隊,こてきたい,kotekitai,organization,文化・芸術,普通名詞,組織・団体
組中,くみじゅう,kumiju,organization,,普通名詞,組織・団体
教委,きょうい,kyoi,organization,教育・学習,普通名詞,組織・団体
教会,きょうかい,kyokai,organization,文化・芸術,普通名詞,組織・団体;場所-施設
局,きょく,kyoku,organization,,普通名詞,組織・団体;場所-施設部位
球団,きゅうだん,kyudan,organization,スポーツ,普通名詞,組織・団体
民族,みんぞく,minzoku,organization,,普通名詞,組織・団体
仲間,なかま,nakama,organization,,普通名詞,組織・団体
肉屋,にくや,nikuya,organization,料理・食事,普通名詞,組織・団体
農高,のうこう,noko,organization,教育・学習,普通名詞,組織・団体
御家,おいえ,oie,organization,,普通名詞,組織・団体
大人数,おおにんずう,oninzu,organization,,普通名詞,組織・団体
織り屋,おりや,oriya,organization,,普通名詞,組織・団体
大手,おおて,ote,organization,,普通名詞,組織・団体;場所-施設
男衆,おとこしゅう,otokoshu,organization,,普通名詞,組織・団体
連合,れんごう,rengo,organization,,サ変名詞,組織・団体;抽象物
連盟,れんめい,renmei,organization,,普通名詞,組織・団体
理学部,りがくぶ,rigakubu,organization,教育・学習,普通名詞,組織・団体
流派,りゅうは,ryuha,organization,文化・芸術,普通名詞,組織・団体;抽象物
酒店,さかみせ,sakamise,organization,,普通名詞,組織・団体;場所-施設
船団,せんだん,sendan,organization,,普通名詞,組織・団体
私大,しだい,shidai,organization,教育・学習,普通名詞,組織・団体;場所-施設
新派,しんぱ,shinpa,organization,,普通名詞,組織・団体
私鉄,してつ,shitetsu,organization,交通,普通名詞,組織・団体;人工物-乗り物
士族,しぞく,shizoku,organization,,普通名詞,組織・団体
小学,しょうがく,shogaku,organization,教育・学習,普通名詞,組織・団体;場所-施設
商学部,しょうがくぶ,shogakubu,organization,教育・学習,普通名詞,組織・団体
集団,しゅうだん,shudan,organization,,普通名詞,組織・団体
修道院,しゅうどういん,shudoin,organization,文化・芸術,普通名詞,組織・団体;場所-施設
種族,しゅぞく,shuzoku,organization,,普通名詞,組織・団体
組織,そしき,soshiki,organization,,サ変名詞,組織・団体
短大,たんだい,tandai,organization,教育・学習,普通名詞,組織・団体;場所-施設
多人数,たにんずう,taninzu,organization,,普通名詞,組織・団体
多勢,たぜい,tazei,organization,,普通名詞,組織・団体
天満宮,てんまんぐう,tenmangu,organization,文化・芸術,普通名詞,組織・団体;場所-施設
鉄道,てつどう,tetsudo,organization,交通,普通名詞,組織・団体;人工物-その他
当局,とうきょく,tokyoku,organization,,普通名詞,組織・団体
徒党,ととう,toto,organization,,普通名詞,組織・団体
寄合,よりあい,yoriai,organization,,普通名詞,組織・団体
禅寺,ぜんでら,zendera,organization,文化・芸術,普通名詞,組織・団体;場所-施設
全市,ぜんし,zenshi,organization,,普通名詞,組織・団体;場所-その他
全店,ぜんてん,zenten,organization,,普通名詞,組織・団体
部分,ぶぶん,bubun,quantity,,普通名詞,場所-機能;抽象物;数量
段,だん,dan,quantity,,普通名詞,場所-機能;数量
度量衡,どりょうこう,doryoko,quantity,,普通名詞,人工物-その他;数量
一足,ひとあし,hitoashi,quantity,,普通名詞,数量;時間
方丈,ほうじょう,hojo,quantity,,普通名詞,場所-施設;数量
一部,いちぶ,ichibu,quantity,,普通名詞,場所-機能;抽象物;数量
一部分,いちぶぶん,ichibubun,quantity,,普通名詞,場所-機能;抽象物;数量
満点,まんてん,manten,quantity,,普通名詞,数量
初段,しょだん,shodan,quantity,,普通名詞,場所-機能;数量
雨冠,あめかんむり,amekanmuri,school_term,教育・学習,普通名詞,抽象物
穴冠,あなかんむり,anakanmuri,school_term,教育・学習,普通名詞,抽象物
鼻濁音,びだくおん,bidakuon,school_term,教育・学習,普通名詞,抽象物
鼻音,びおん,bion,school_term,教育・学習,普通名詞,抽象物
母音,ぼいん,boin,school_term,教育・学習,普通名詞,抽象物
部活,ぶかつ,bukatsu,school_term,教育・学習,普通名詞,抽象物
分母,ぶんぼ,bunbo,school_term,教育・学習,普通名詞,抽象物
文科系,ぶんかけい,bunkakei,school_term,教育・学習,普通名詞,抽象物
文系,ぶんけい,bunkei,school_term,教育・学習,普通名詞,抽象物
文教,ぶんきょう,bunkyo,school_term,教育・学習,普通名詞,抽象物
文法,ぶんぽう,bunpo,school_term,教育・学習,普通名詞,抽象物
文理,ぶんり,bunri,school_term,教育・学習,普通名詞,抽象物
文節,ぶんせつ,bunsetsu,school_term,教育・学習,普通名詞,抽象物
部首,ぶしゅ,bushu,school_term,教育・学習,普通名詞,抽象物
直音,ちょくおん,chokuon,school_term,教育・学習,普通名詞,抽象物
長音,ちょうおん,chon,school_term,教育・学習,普通名詞,抽象物
中高,ちゅうこう,chuko,school_term,教育・学習,普通名詞,抽象物
中卒,ちゅうそつ,chusotsu,school_term,教育・学習,普通名詞,抽象物
代名詞,だいめいし,daimeishi,school_term,教育・学習,普通名詞,抽象物
代数,だいすう,daisu,school_term,教育・学習,普通名詞,抽象物
濁音,だくおん,dakuon,school_term,教育・学習,普通名詞,抽象物
濁点,だくてん,dakuten,school_term,教育・学習,普通名詞,抽象物
同窓,どうそう,doso,school_term,教育・学習,普通名詞,抽象物
英語,えいご,eigo,school_term,教育・学習,普通名詞,抽象物
英才,えいさい,eisai,school_term,教育・学習,普通名詞,抽象物
英和,えいわ,eiwa,school_term,教育・学習,普通名詞,抽象物
延繞,えんにょう,ennyo,school_term,教育・学習,普通名詞,抽象物
複文,ふくぶん,fukubun,school_term,教育・学習,普通名詞,抽象物
副読本,ふくどくほん,fukudokuhon,school_term,教育・学習,普通名詞,人工物-その他;抽象物
副詞,ふくし,fukushi,school_term,教育・学習,普通名詞,抽象物
隹,ふるとり,furutori,school_term,教育・学習,普通名詞,抽象物
負数,ふすう,fusu,school_term,教育・学習,普通名詞,抽象物
不等号,ふとうごう,futogo,school_term,教育・学習,普通名詞,抽象物
学科,がっか,gakka,school_term,教育・学習,普通名詞,抽象物
学業,がくぎょう,gakugyo,school_term,教育・学習,普通名詞,抽象物
学事,がくじ,gakuji,school_term,教育・学習,普通名詞,抽象物
学歴,がくれき,gakureki,school_term,教育・学習,普通名詞,抽象物
学力,がくりょく,gakuryoku,school_term,教育・学習,普通名詞,抽象物
学籍,がくせき,gakuseki,school_term,教育・学習,普通名詞,抽象物
学用,がくよう,gakuyo,school_term,教育・学習,普通名詞,抽象物
雁垂れ,がんだれ,gandare,school_term,教育・学習,普通名詞,抽象物
減法,げんぽう,genpo,school_term,教育・学習,普通名詞,抽象物
擬音,ぎおん,gion,school_term,教育・学習,普通名詞,抽象物
擬声語,ぎせいご,giseigo,school_term,教育・学習,普通名詞,抽象物
語学,ごがく,gogaku,school_term,教育・学習,普通名詞,抽象物
合否,ごうひ,gohi,school_term,教育・学習,普通名詞,抽象物
語法,ごほう,goho,school_term,教育・学習,普通名詞,抽象物
語彙,ごい,goi,school_term,教育・学習,普通名詞,抽象物
五十音,ごじゅうおん,gojuon,school_term,教育・学習,普通名詞,抽象物
呉音,ごおん,gon,school_term,教育・学習,普通名詞,抽象物
言偏,ごんべん,gonben,school_term,教育・学習,普通名詞,抽象物
語釈,ごしゃく,goshaku,school_term,教育・学習,普通名詞,抽象物
群読,ぐんどく,gundoku,school_term,教育・学習,普通名詞,抽象物
行人偏,ぎょうにんべん,gyoninben,school_term,教育・学習,普通名詞,抽象物
廃校,はいこう,haiko,school_term,教育・学習,普通名詞,場所-施設;抽象物
発頭,はつがしら,hatsugashira,school_term,教育・学習,普通名詞,抽象物
撥音,はつおん,hatsuon,school_term,教育・学習,普通名詞,抽象物
日偏,ひへん,hihen,school_term,教育・学習,普通名詞,抽象物
品詞,ひんし,hinshi,school_term,教育・学習,普通名詞,抽象物
必修,ひっしゅう,hisshu,school_term,教育・学習,普通名詞,抽象物
筆順,ひつじゅん,hitsujun,school_term,教育・学習,普通名詞,抽象物
方程式,ほうていしき,hoteishiki,school_term,教育・学習,普通名詞,抽象物
百科事典,ひゃっかじてん,hyakkajiten,school_term,教育・学習,普通名詞,人工物-その他;抽象物
育英,いくえい,ikuei,school_term,教育・学習,普通名詞,抽象物
陰極,いんきょく,inkyoku,school_term,教育・学習,普通名詞,抽象物
引力,いんりょく,inryoku,school_term,教育・学習,普通名詞,抽象物
糸偏,いとへん,itohen,school_term,教育・学習,普通名詞,抽象物
字引,じびき,jibiki,school_term,教育・学習,普通名詞,抽象物
自動詞,じどうし,jidoshi,school_term,教育・学習,普通名詞,抽象物
字画,じかく,jikaku,school_term,教育・学習,普通名詞,抽象物
時間割り,じかんわり,jikanwari,school_term,教育・学習,普通名詞,抽象物
字配り,じくばり,jikubari,school_term,教育・学習,普通名詞,抽象物
字訓,じくん,jikun,school_term,教育・学習,普通名詞,抽象物
人文,じんぶん,jinbun,school_term,教育・学習,普通名詞,抽象物
字音,じおん,jion,school_term,教育・学習,普通名詞,抽象物
実技,じつぎ,jitsugi,school_term,教育・学習,普通名詞,抽象物
助動詞,じょどうし,jodoshi,school_term,教育・学習,普通名詞,抽象物
乗除,じょうじょ,jojo,school_term,教育・学習,普通名詞,抽象物
助数詞,じょすうし,josushi,school_term,教育・学習,普通名詞,抽象物
重箱読み,じゅうばこよみ,jubakoyomi,school_term,教育・学習,普通名詞,抽象物
熟語,じゅくご,jukugo,school_term,教育・学習,普通名詞,抽象物
熟字訓,じゅくじくん,jukujikun,school_term,教育・学習,普通名詞,抽象物
重力,じゅうりょく,juryoku,school_term,教育・学習,普通名詞,抽象物
課題,かだい,kadai,school_term,教育・学習,普通名詞,抽象物
課外,かがい,kagai,school_term,教育・学習,普通名詞,抽象物
加減乗除,かげんじょうじょ,kagenjojo,school_term,教育・学習,普通名詞,抽象物
掛け算,かけざん,kakezan,school_term,教育・学習,普通名詞,抽象物
書き順,かきじゅん,kakijun,school_term,教育・学習,普通名詞,抽象物
科目,かもく,kamoku,school_term,教育・学習,普通名詞,抽象物
仮名遣い,かなづかい,kanazukai,school_term,教育・学習,普通名詞,抽象物
漢文,かんぶん,kanbun,school_term,教育・学習,普通名詞,抽象物
感動詞,かんどうし,kandoshi,school_term,教育・学習,普通名詞,抽象物
金偏,かねへん,kanehen,school_term,教育・学習,普通名詞,抽象物
漢音,かんおん,kanon,school_term,教育・学習,普通名詞,抽象物
漢和,かんわ,kanwa,school_term,教育・学習,普通名詞,抽象物
敬語,けいご,keigo,school_term,教育・学習,普通名詞,抽象物
稽古事,けいこごと,keikogoto,school_term,教育・学習,普通名詞,抽象物
形容動詞,けいようどうし,keiyodoshi,school_term,教育・学習,普通名詞,抽象物
形容詞,けいようし,keiyoshi,school_term,教育・学習,普通名詞,抽象物
獣偏,けものへん,kemonohen,school_term,教育・学習,普通名詞,抽象物
謙譲語,けんじょうご,kenjogo,school_term,教育・学習,普通名詞,抽象物
木偏,きへん,kihen,school_term,教育・学習,普通名詞,抽象物
幾何,きか,kika,school_term,教育・学習,普通名詞,抽象物
既約,きやく,kiyaku,school_term,教育・学習,普通名詞,抽象物
公倍数,こうばいすう,kobaisu,school_term,教育・学習,普通名詞,抽象物
校風,こうふう,kofu,school_term,教育・学習,普通名詞,抽象物
向学心,こうがくしん,kogakushin,school_term,教育・学習,普通名詞,抽象物
硬筆,こうひつ,kohitsu,school_term,教育・学習,普通名詞,抽象物
国文,こくぶん,kokubun,school_term,教育・学習,普通名詞,抽象物
国学,こくがく,kokugaku,school_term,教育・学習,普通名詞,抽象物
国語,こくご,kokugo,school_term,教育・学習,普通名詞,抽象物
校訓,こうくん,kokun,school_term,教育・学習,普通名詞,抽象物
米偏,こめへん,komehen,school_term,教育・学習,普通名詞,抽象物
校名,こうめい,komei,school_term,教育・学習,普通名詞,抽象物
衣偏,ころもへん,koromohen,school_term,教育・学習,普通名詞,抽象物
公式,こうしき,koshiki,school_term,教育・学習,普通名詞,抽象物
校則,こうそく,kosoku,school_term,教育・学習,普通名詞,抽象物
公約数,こうやくすう,koyakusu,school_term,教育・学習,普通名詞,抽象物
阜偏,こざとへん,kozatohen,school_term,教育・学習,普通名詞,抽象物
口偏,くちへん,kuchihen,school_term,教育・学習,普通名詞,抽象物
九々,くく,kuku,school_term,教育・学習,普通名詞,抽象物
国構え,くにがまえ,kunigamae,school_term,教育・学習,普通名詞,抽象物
車偏,くるまへん,kurumahen,school_term,教育・学習,普通名詞,抽象物
草冠,くさかんむり,kusakanmuri,school_term,教育・学習,普通名詞,抽象物
句読点,くとうてん,kutoten,school_term,教育・学習,普通名詞,抽象物
教鞭,きょうべん,kyoben,school_term,教育・学習,普通名詞,抽象物
教本,きょうほん,kyohon,school_term,教育・学習,普通名詞,人工物-その他;抽象物
教科,きょうか,kyoka,school_term,教育・学習,普通名詞,抽象物
教務,きょうむ,kyomu,school_term,教育・学習,普通名詞,抽象物
教職,きょうしょく,kyoshoku,school_term,教育・学習,普通名詞,抽象物
教程,きょうてい,kyotei,school_term,教育・学習,普通名詞,抽象物
旧制,きゅうせい,kyusei,school_term,教育・学習,普通名詞,抽象物
麻垂れ,まだれ,madare,school_term,教育・学習,普通名詞,抽象物
見出し語,みだしご,midashigo,school_term,教育・学習,普通名詞,抽象物
耳学問,みみがくもん,mimigakumon,school_term,教育・学習,普通名詞,抽象物
見取り算,みとりざん,mitorizan,school_term,教育・学習,普通名詞,抽象物
模試,もし,moshi,school_term,教育・学習,普通名詞,抽象物
虫食い算,むしくいざん,mushikuizan,school_term,教育・学習,普通名詞,抽象物
内申書,ないしんしょ,naishinsho,school_term,教育・学習,普通名詞,人工物-その他;抽象物
難関,なんかん,nankan,school_term,教育・学習,普通名詞,抽象物
肉月,にくづき,nikuzuki,school_term,教育・学習,普通名詞,抽象物
人偏,にんべん,ninben,school_term,教育・学習,普通名詞,抽象物
二水,にすい,nisui,school_term,教育・学習,普通名詞,抽象物
のぶん,のぶん,nobun,school_term,教育・学習,普通名詞,抽象物
禾偏,のぎへん,nogihen,school_term,教育・学習,普通名詞,抽象物
大貝,おおがい,ogai,school_term,教育・学習,普通名詞,抽象物
老頭,おいがしら,oigashira,school_term,教育・学習,普通名詞,抽象物
送り仮名,おくりがな,okurigana,school_term,教育・学習,普通名詞,抽象物
音便,おんびん,onbin,school_term,教育・学習,普通名詞,抽象物
音訓,おんくん,onkun,school_term,教育・学習,普通名詞,抽象物
女偏,おんなへん,onnahen,school_term,教育・学習,普通名詞,抽象物
音節,おんせつ,onsetsu,school_term,教育・学習,普通名詞,抽象物
遅生まれ,おそうまれ,osomare,school_term,教育・学習,普通名詞,抽象物
例題,れいだい,reidai,school_term,教育・学習,普通名詞,抽象物
連体詞,れんたいし,rentaishi,school_term,教育・学習,普通名詞,抽象物
理系,りけい,rikei,school_term,教育・学習,普通名詞,抽象物
力点,りきてん,rikiten,school_term,教育・学習,普通名詞,抽象物
立心偏,りっしんべん,risshinben,school_term,教育・学習,普通名詞,抽象物
類義語,るいぎご,ruigigo,school_term,教育・学習,普通名詞,抽象物
類語,るいご,ruigo,school_term,教育・学習,普通名詞,抽象物
殳,るまた,rumata,school_term,教育・学習,普通名詞,抽象物
算数,さんすう,sansu,school_term,教育・学習,普通名詞,抽象物
三水,さんずい,sanzui,school_term,教育・学習,普通名詞,抽象物
成績,せいせき,seiseki,school_term,教育・学習,普通名詞,抽象物
整数,せいすう,seisu,school_term,教育・学習,普通名詞,抽象物
席次,せきじ,sekiji,school_term,教育・学習,普通名詞,抽象物
専科,せんか,senka,school_term,教育・学習,普通名詞,抽象物
接尾語,せつびご,setsubigo,school_term,教育・学習,普通名詞,抽象物
接尾辞,せつびじ,setsubiji,school_term,教育・学習,普通名詞,抽象物
接続詞,せつぞくし,setsuzokushi,school_term,教育・学習,普通名詞,抽象物
接頭語,せっとうご,settogo,school_term,教育・学習,普通名詞,抽象物
接頭辞,せっとうじ,settoji,school_term,教育・学習,普通名詞,抽象物
子音,しいん,shiin,school_term,教育・学習,普通名詞,抽象物
指示詞,しじし,shijishi,school_term,教育・学習,普通名詞,抽象物
示偏,しめすへん,shimesuhen,school_term,教育・学習,普通名詞,抽象物
神学,しんがく,shingaku,school_term,教育・学習,普通名詞,抽象物
之繞,しんにょう,shinnyo,school_term,教育・学習,普通名詞,抽象物
食偏,しょくへん,shokuhen,school_term,教育・学習,普通名詞,抽象物
主語,しゅご,shugo,school_term,教育・学習,普通名詞,抽象物
宿題,しゅくだい,shukudai,school_term,教育・学習,普通名詞,抽象物
珠算,しゅざん,shuzan,school_term,教育・学習,普通名詞,抽象物
祖語,そご,sogo,school_term,教育・学習,普通名詞,抽象物
促音,そくおん,sokuon,school_term,教育・学習,普通名詞,抽象物
促音便,そくおんびん,sokuonbin,school_term,教育・学習,普通名詞,抽象物
爪繞,そうにょう,sonyo,school_term,教育・学習,普通名詞,抽象物
存在詞,そんざいし,sonzaishi,school_term,教育・学習,普通名詞,抽象物
素数,そすう,sosu,school_term,教育・学習,普通名詞,抽象物
卒論,そつろん,sotsuron,school_term,教育・学習,普通名詞,抽象物
数学,すうがく,sugaku,school_term,教育・学習,普通名詞,抽象物
数式,すうしき,sushiki,school_term,教育・学習,普通名詞,抽象物
他動詞,たどうし,tadoshi,school_term,教育・学習,普通名詞,抽象物
多義語,たぎご,tagigo,school_term,教育・学習,普通名詞,抽象物
帯分数,たいぶんすう,taibunsu,school_term,教育・学習,普通名詞,抽象物
体言,たいげん,taigen,school_term,教育・学習,普通名詞,抽象物
対義語,たいぎご,taigigo,school_term,教育・学習,普通名詞,抽象物
体育,たいいく,taiiku,school_term,教育・学習,普通名詞,抽象物
竹冠,たけかんむり,takekanmuri,school_term,教育・学習,普通名詞,抽象物
択一,たくいつ,takuitsu,school_term,教育・学習,普通名詞,抽象物
単文,たんぶん,tanbun,school_term,教育・学習,普通名詞,抽象物
単元,たんげん,tangen,school_term,教育・学習,普通名詞,抽象物
手偏,てへん,tehen,school_term,教育・学習,普通名詞,抽象物
天文,てんもん,tenmon,school_term,教育・学習,普通名詞,抽象物
点取り虫,てんとりむし,tentorimushi,school_term,教育・学習,普通名詞,抽象物
答案,とうあん,toan,school_term,教育・学習,普通名詞,抽象物
等号,とうごう,togo,school_term,教育・学習,普通名詞,抽象物
特科,とっか,tokka,school_term,教育・学習,普通名詞,抽象物
唐音,とうおん,ton,school_term,教育・学習,普通名詞,抽象物
虎の巻,とらのまき,toranomaki,school_term,教育・学習,普通名詞,人工物-その他;抽象物
土偏,つちへん,tsuchihen,school_term,教育・学習,普通名詞,抽象物
対語,ついご,tsuigo,school_term,教育・学習,普通名詞,抽象物
対句,ついく,tsuiku,school_term,教育・学習,普通名詞,抽象物
旁,つくり,tsukuri,school_term,教育・学習,普通名詞,抽象物
ウ冠,うかんむり,ukanmuri,school_term,教育・学習,普通名詞,抽象物
運筆,うんぴつ,unpitsu,school_term,教育・学習,普通名詞,抽象物
牛偏,うしへん,ushihen,school_term,教育・学習,普通名詞,抽象物
和学,わがく,wagaku,school_term,教育・学習,普通名詞,抽象物
分かち書き,わかちがき,wakachigaki,school_term,教育・学習,普通名詞,抽象物
わかんむり,わかんむり,wakanmuri,school_term,教育・学習,普通名詞,抽象物
割り算,わりざん,warizan,school_term,教育・学習,普通名詞,抽象物
約数,やくすう,yakusu,school_term,教育・学習,普通名詞,抽象物
用言,ようげん,yogen,school_term,教育・学習,普通名詞,抽象物
拗音,ようおん,yon,school_term,教育・学習,普通名詞,抽象物
湯桶読み,ゆとうよみ,yutoyomi,school_term,教育・学習,普通名詞,抽象物
全科,ぜんか,zenka,school_term,教育・学習,普通名詞,抽象物
俗語,ぞくご,zokugo,school_term,教育・学習,普通名詞,抽象物
図画,ずが,zuga,school_term,教育・学習,普通名詞,人工物-その他;抽象物
図鑑,ずかん,zukan,school_term,教育・学習,普通名詞,人工物-その他;抽象物
図工,ずこう,zuko,school_term,教育・学習,普通名詞,抽象物
亜鉛,あえん,aen,similar_romaji,kept:天/ten,普通名詞,自然物
顎,あご,ago,similar_romaji,kept:後/ato,普通名詞,動物-部位
あぐら,あぐら,agura,similar_romaji,kept:小倉/ogura,普通名詞,抽象物
家鴨,あひる,ahiru,similar_romaji,kept:汁/shiru,普通名詞,動物
相棒,あいぼう,aibo,similar_romaji,kept:愛情/aijo,普通名詞,人
哀調,あいちょう,aicho,similar_romaji,kept:機長/kicho,普通名詞,抽象物
合い服,あいふく,aifuku,similar_romaji,kept:被服/hifuku,普通名詞,人工物-衣類
愛玩,あいがん,aigan,similar_romaji,kept:彼岸/higan,サ変名詞,抽象物
愛児,あいじ,aiji,similar_romaji,kept:雉/kiji,普通名詞,人
合気道,あいきどう,aikido,similar_romaji,kept:引き戸/hikido,普通名詞,抽象物
愛好,あいこう,aiko,similar_romaji,kept:技巧/giko,サ変名詞,抽象物
合間,あいま,aima,similar_romaji,kept:間/aida,普通名詞,時間
相乗り,あいのり,ainori,similar_romaji,kept:青海苔/aonori,サ変名詞,抽象物
愛唱,あいしょう,aisho,similar_romaji,kept:暗礁/ansho,サ変名詞,抽象物
あいつ,あいつ,aitsu,similar_romaji,kept:蜜/mitsu,普通名詞,人
愛蔵,あいぞう,aizo,similar_romaji,kept:溝/mizo,サ変名詞,抽象物
合図,あいず,aizu,similar_romaji,kept:水/mizu,サ変名詞,抽象物
赤毛,あかげ,akage,similar_romaji,kept:朝げ/asage,普通名詞,動物-部位
赤子,あかご,akago,similar_romaji,kept:穴子/anago,普通名詞,人
赤身,あかみ,akami,similar_romaji,kept:狼/okami,普通名詞,動物-部位
明かり,あかり,akari,similar_romaji,kept:あさり/asari,普通名詞,抽象物
灰汁,あく,aku,similar_romaji,kept:奥/oku,普通名詞,自然物
悪童,あくどう,akudo,similar_romaji,kept:悪女/akujo,普通名詞,人
悪党,あくとう,akuto,similar_romaji,kept:悪女/akujo,普通名詞,人
悪友,あくゆう,akuyu,similar_romaji,kept:悪夢/akumu,普通名詞,人
雨戸,あまど,amado,similar_romaji,kept:甘党/amato,普通名詞,人工物-その他
余り,あまり,amari,similar_romaji,kept:あさり/asari,普通名詞,人工物-その他
阿弥陀,あみだ,amida,similar_romaji,kept:網戸/amido,普通名詞,人
穴場,あなば,anaba,similar_romaji,kept:あなた/anata,普通名詞,場所-その他
暗中,あんちゅう,anchu,similar_romaji,kept:円柱/enchu,普通名詞,場所-その他
安打,あんだ,anda,similar_romaji,kept:間/aida,サ変名詞,抽象物
安住,あんじゅう,anju,similar_romaji,kept:杏/anzu,サ変名詞,抽象物
餡子,あんこ,anko,similar_romaji,kept:うんこ/unko,普通名詞,人工物-食べ物
暗渠,あんきょ,ankyo,similar_romaji,kept:音響/onkyo,普通名詞,場所-施設
青葉,あおば,aoba,similar_romaji,kept:驢馬/roba,普通名詞,植物-部位
青色,あおいろ,aoiro,similar_romaji,kept:藍色/aiiro,普通名詞,色
青菜,あおな,aona,similar_romaji,kept:粉/kona,普通名詞,植物
青空,あおぞら,aozora,similar_romaji,kept:夜空/yozora,普通名詞,抽象物
朝日,あさひ,asahi,similar_romaji,kept:あさり/asari,普通名詞,自然物
浅瀬,あさせ,asase,similar_romaji,kept:朝げ/asage,普通名詞,場所-自然
足場,あしば,ashiba,similar_romaji,kept:押し葉/oshiba,普通名詞,場所-その他
圧勝,あっしょう,assho,similar_romaji,kept:暗礁/ansho,サ変名詞,抽象物
明日,あす,asu,similar_romaji,kept:雄/osu,時相名詞,時間
跡地,あとち,atochi,similar_romaji,kept:後押し/atoshi,普通名詞,場所-その他
厚着,あつぎ,atsugi,similar_romaji,kept:厚地/atsuji,サ変名詞,抽象物
痣,あざ,aza,similar_romaji,kept:赤/aka,普通名詞,動物-部位
畦,あぜ,aze,similar_romaji,kept:汗/ase,普通名詞,場所-その他
婆さん,ばあさん,baasan,similar_romaji,kept:母さん/kaasan,普通名詞,人
馬場,ばば,baba,similar_romaji,kept:束/taba,普通名詞,場所-施設
撥,ばち,bachi,similar_romaji,kept:蜂/hachi,普通名詞,人工物-その他
梅花,ばいか,baika,similar_romaji,kept:配下/haika,普通名詞,植物-部位
黴菌,ばいきん,baikin,similar_romaji,kept:細菌/saikin,普通名詞,動物
焙煎,ばいせん,baisen,similar_romaji,kept:廃船/haisen,サ変名詞,抽象物
馬上,ばじょう,bajo,similar_romaji,kept:牙城/gajo,普通名詞,場所-その他
馬券,ばけん,baken,similar_romaji,kept:野犬/yaken,普通名詞,人工物-金銭
場面,ばめん,bamen,similar_romaji,kept:煤煙/baien,普通名詞,抽象物
晩,ばん,ban,similar_romaji,kept:雁/gan,時相名詞,時間
番号,ばんごう,bango,similar_romaji,kept:珊瑚/sango,普通名詞,抽象物
晩夏,ばんか,banka,similar_romaji,kept:山河/sanka,時相名詞,時間
晩期,ばんき,banki,similar_romaji,kept:短期/tanki,時相名詞,時間
晩婚,ばんこん,bankon,similar_romaji,kept:番犬/banken,普通名詞,抽象物
盤面,ばんめん,banmen,similar_romaji,kept:満面/manmen,普通名詞,場所-その他
晩年,ばんねん,bannen,similar_romaji,kept:元年/gannen,時相名詞,時間
晩餐,ばんさん,bansan,similar_romaji,kept:炭酸/tansan,普通名詞,人工物-食べ物
番線,ばんせん,bansen,similar_romaji,kept:番犬/banken,普通名詞,場所-その他
伴奏,ばんそう,banso,similar_romaji,kept:炭素/tanso,サ変名詞,抽象物
晩冬,ばんとう,banto,similar_romaji,kept:半島/hanto,時相名詞,時間
薔薇,ばら,bara,similar_romaji,kept:殻/kara,普通名詞,植物
芭蕉,ばしょう,basho,similar_romaji,kept:馬車/basha,普通名詞,植物
馬主,ばしゅ,bashu,similar_romaji,kept:画集/gashu,普通名詞,人
馬体,ばたい,batai,similar_romaji,kept:舞台/butai,普通名詞,動物-部位
別巻,べっかん,bekkan,similar_romaji,kept:月間/gekkan,普通名詞,人工物-その他
鼈甲,べっこう,bekko,similar_romaji,kept:絶好/zekko,普通名詞,動物-部位;人工物-その他
別居,べっきょ,bekkyo,similar_romaji,kept:絶叫/zekkyo,サ変名詞,抽象物
勉強,べんきょう,benkyo,similar_romaji,kept:辺境/henkyo,サ変名詞,抽象物
弁士,べんし,benshi,similar_romaji,kept:年始/nenshi,普通名詞,人
弁償,べんしょう,bensho,similar_romaji,kept:原初/gensho,サ変名詞,抽象物
遍羅,べら,bera,similar_romaji,kept:寺/tera,普通名詞,動物
別紙,べっし,besshi,similar_romaji,kept:仏師/busshi,普通名詞,人工物-その他
備品,びひん,bihin,similar_romaji,kept:美人/bijin,普通名詞,人工物-その他
美女,びじょ,bijo,similar_romaji,kept:愛情/aijo,普通名詞,人
瓶,びん,bin,similar_romaji,kept:銀/gin,普通名詞,人工物-その他
びわ,びわ,biwa,similar_romaji,kept:庭/niwa,普通名詞,植物;人工物-食べ物
美容,びよう,biyo,similar_romaji,kept:利用/riyo,普通名詞,抽象物
母堂,ぼどう,bodo,similar_romaji,kept:淀/yodo,普通名詞,人
亡夫,ぼうふ,bofu,similar_romaji,kept:豆腐/tofu,普通名詞,人
防壁,ぼうへき,boheki,similar_romaji,kept:城壁/joheki,普通名詞,場所-施設部位
棒状,ぼうじょう,bojo,similar_romaji,kept:僧正/sojo,普通名詞,形・模様
防火,ぼうか,boka,similar_romaji,kept:猛火/moka,普通名詞,抽象物
母系,ぼけい,bokei,similar_romaji,kept:時計/tokei,普通名詞,抽象物
冒険,ぼうけん,boken,similar_romaji,kept:猛犬/moken,サ変名詞,抽象物
募金,ぼきん,bokin,similar_romaji,kept:合金/gokin,サ変名詞,人工物-金銭
牧歌,ぼっか,bokka,similar_romaji,kept:目下/mokka,普通名詞,抽象物
母校,ぼこう,boko,similar_romaji,kept:横/yoko,普通名詞,場所-その他
僕,ぼく,boku,similar_romaji,kept:賊/zoku,普通名詞,人
牧童,ぼくどう,bokudo,similar_romaji,kept:国道/kokudo,普通名詞,人
墨画,ぼくが,bokuga,similar_romaji,kept:麦芽/bakuga,普通名詞,抽象物
牧場,ぼくじょう,bokujo,similar_romaji,kept:浴場/yokujo,普通名詞,場所-その他
木刀,ぼくとう,bokuto,similar_romaji,kept:即答/sokuto,普通名詞,人工物-その他
盆,ぼん,bon,similar_romaji,kept:紺/kon,普通名詞,人工物-その他
忘年,ぼうねん,bonen,similar_romaji,kept:芳年/honen,普通名詞,抽象物
凡退,ぼんたい,bontai,similar_romaji,kept:盆栽/bonsai,サ変名詞,抽象物
母乳,ぼにゅう,bonyu,similar_romaji,kept:豆乳/tonyu,普通名詞,自然物
防災,ぼうさい,bosai,similar_romaji,kept:後妻/gosai,普通名詞,抽象物
坊さん,ぼうさん,bosan,similar_romaji,kept:父さん/tosan,普通名詞,人
母性,ぼせい,bosei,similar_romaji,kept:土星/dosei,普通名詞,抽象物
帽子,ぼうし,boshi,similar_romaji,kept:年/toshi,普通名詞,人工物-衣類
帽章,ぼうしょう,bosho,similar_romaji,kept:蔵書/zosho,普通名詞,人工物-その他
芒種,ぼうしゅ,boshu,similar_romaji,kept:洋酒/yoshu,時相名詞,時間
牡丹,ぼたん,botan,similar_romaji,kept:草炭/sotan,普通名詞,植物
斑,ぶち,buchi,similar_romaji,kept:口/kuchi,普通名詞,形・模様
葡萄,ぶどう,budo,similar_romaji,kept:蚋/buyo,普通名詞,植物;人工物-食べ物
舞楽,ぶがく,bugaku,similar_romaji,kept:儒学/jugaku,普通名詞,抽象物
武具,ぶぐ,bugu,similar_romaji,kept:馬具/bagu,普通名詞,人工物-その他
部位,ぶい,bui,similar_romaji,kept:獣医/jui,普通名詞,場所-その他
山毛欅,ぶな,buna,similar_romaji,kept:砂/suna,普通名詞,植物
文中,ぶんちゅう,bunchu,similar_romaji,kept:文鳥/buncho,普通名詞,場所-その他
文豪,ぶんごう,bungo,similar_romaji,kept:文庫/bunko,普通名詞,人
文人,ぶんじん,bunjin,similar_romaji,kept:粉塵/funjin,普通名詞,人
文化,ぶんか,bunka,similar_romaji,kept:文庫/bunko,普通名詞,抽象物
分家,ぶんけ,bunke,similar_romaji,kept:文庫/bunko,サ変名詞,組織・団体;抽象物
文才,ぶんさい,bunsai,similar_romaji,kept:盆栽/bonsai,普通名詞,抽象物
文集,ぶんしゅう,bunshu,similar_romaji,kept:群衆/gunshu,普通名詞,人工物-その他;抽象物
武士,ぶし,bushi,similar_romaji,kept:主/nushi,普通名詞,人
舞踏,ぶとう,buto,similar_romaji,kept:封筒/futo,サ変名詞,抽象物
部材,ぶざい,buzai,similar_romaji,kept:舞台/butai,普通名詞,人工物-その他
廟,びょう,byo,similar_romaji,kept:豹/hyo,普通名詞,場所-施設
描画,びょうが,byoga,similar_romaji,kept:氷河/hyoga,サ変名詞,抽象物
茶会,ちゃかい,chakai,similar_romaji,kept:地階/chikai,普通名詞,抽象物
地中,ちちゅう,chichu,similar_romaji,kept:父/chichi,普通名詞,場所-その他
千木,ちぎ,chigi,similar_romaji,kept:塵/chiri,普通名詞,場所-施設部位
稚児,ちご,chigo,similar_romaji,kept:地層/chiso,普通名詞,人
地平,ちへい,chihei,similar_romaji,kept:地底/chitei,普通名詞,場所-自然
地方,ちほう,chiho,similar_romaji,kept:地層/chiso,普通名詞,場所-その他
地表,ちひょう,chihyo,similar_romaji,kept:稚魚/chigyo,普通名詞,場所-その他
知人,ちじん,chijin,similar_romaji,kept:私人/shijin,普通名詞,人
地上,ちじょう,chijo,similar_romaji,kept:地層/chiso,普通名詞,場所-その他
地下,ちか,chika,similar_romaji,kept:鹿/shika,普通名詞,場所-施設部位
知己,ちき,chiki,similar_romaji,kept:塵/chiri,普通名詞,人
地区,ちく,chiku,similar_romaji,kept:中空/chuku,普通名詞,場所-その他
亭,ちん,chin,similar_romaji,kept:知恵/chie,普通名詞,場所-施設
地帯,ちたい,chitai,similar_romaji,kept:地階/chikai,普通名詞,場所-その他
地点,ちてん,chiten,similar_romaji,kept:中天/chuten,普通名詞,場所-その他
千代,ちよ,chiyo,similar_romaji,kept:中葉/chuyo,普通名詞,時間
長円,ちょうえん,choen,similar_romaji,kept:硝煙/shoen,普通名詞,形・模様
長編,ちょうへん,chohen,similar_romaji,kept:弔電/choden,普通名詞,抽象物
長者,ちょうじゃ,choja,similar_romaji,kept:精舎/shoja,普通名詞,人
弔辞,ちょうじ,choji,similar_romaji,kept:鳥獣/choju,普通名詞,抽象物
長女,ちょうじょ,chojo,similar_romaji,kept:鳥獣/choju,普通名詞,人
長歌,ちょうか,choka,similar_romaji,kept:帳場/choba,普通名詞,抽象物
長期,ちょうき,choki,similar_romaji,kept:勝機/shoki,時相名詞,時間
貯金,ちょきん,chokin,similar_romaji,kept:超人/chojin,サ変名詞,人工物-金銭;抽象物
聴講,ちょうこう,choko,similar_romaji,kept:調度/chodo,サ変名詞,抽象物
帳面,ちょうめん,chomen,similar_romaji,kept:弔電/choden,普通名詞,人工物-金銭
朝礼,ちょうれい,chorei,similar_romaji,kept:長兄/chokei,普通名詞,抽象物
調理,ちょうり,chori,similar_romaji,kept:塵/chiri,サ変名詞,抽象物
長老,ちょうろう,choro,similar_romaji,kept:調度/chodo,普通名詞,人
挑戦,ちょうせん,chosen,similar_romaji,kept:商船/shosen,サ変名詞,抽象物
著書,ちょしょ,chosho,similar_romaji,kept:ちょうちょ/chocho,普通名詞,人工物-その他;抽象物
聴衆,ちょうしゅう,choshu,similar_romaji,kept:仲秋/chushu,普通名詞,人
頂点,ちょうてん,choten,similar_romaji,kept:中天/chuten,普通名詞,場所-その他
釣友,ちょうゆう,choyu,similar_romaji,kept:鳥獣/choju,普通名詞,人
彫像,ちょうぞう,chozo,similar_romaji,kept:調度/chodo,普通名詞,抽象物
中盤,ちゅうばん,chuban,similar_romaji,kept:終盤/shuban,普通名詞,抽象物
厨房,ちゅうぼう,chubo,similar_romaji,kept:中火/chubi,普通名詞,場所-施設
中元,ちゅうげん,chugen,similar_romaji,kept:中天/chuten,普通名詞,人工物-その他
中期,ちゅうき,chuki,similar_romaji,kept:茶器/chaki,時相名詞,時間
注文,ちゅうもん,chumon,similar_romaji,kept:宗門/shumon,サ変名詞,抽象物
中年,ちゅうねん,chunen,similar_romaji,kept:周年/shunen,普通名詞,人;時間
駐車,ちゅうしゃ,chusha,similar_romaji,kept:仲秋/chushu,サ変名詞,抽象物
駝鳥,だちょう,dacho,similar_romaji,kept:がちょう/gacho,普通名詞,動物
打法,だほう,daho,similar_romaji,kept:大王/daio,普通名詞,抽象物
台,だい,dai,similar_romaji,kept:貝/kai,普通名詞,人工物-その他
台地,だいち,daichi,similar_romaji,kept:団地/danchi,普通名詞,場所-その他
台長,だいちょう,daicho,similar_romaji,kept:害鳥/gaicho,普通名詞,人
台本,だいほん,daihon,similar_romaji,kept:大根/daikon,普通名詞,抽象物
大寒,だいかん,daikan,similar_romaji,kept:大根/daikon,時相名詞,時間
大工,だいく,daiku,similar_romaji,kept:大豆/daizu,普通名詞,人
代休,だいきゅう,daikyu,similar_romaji,kept:段丘/dankyu,普通名詞,抽象物
台車,だいしゃ,daisha,similar_romaji,kept:外車/gaisha,普通名詞,人工物-その他
代走,だいそう,daiso,similar_romaji,kept:内装/naiso,サ変名詞,抽象物
台座,だいざ,daiza,similar_romaji,kept:大豆/daizu,普通名詞,人工物-その他
抱っこ,だっこ,dakko,similar_romaji,kept:学校/gakko,サ変名詞,抽象物
打球,だきゅう,dakyu,similar_romaji,kept:砂丘/sakyu,普通名詞,抽象物
暖房,だんぼう,danbo,similar_romaji,kept:暖炉/danro,サ変名詞,人工物-その他
団長,だんちょう,dancho,similar_romaji,kept:山頂/sancho,普通名詞,人
団子,だんご,dango,similar_romaji,kept:珊瑚/sango,普通名詞,人工物-食べ物
壁蝨,だに,dani,similar_romaji,kept:谷/tani,普通名詞,動物
団員,だんいん,danin,similar_romaji,kept:産院/sanin,普通名詞,人
男女,だんじょ,danjo,similar_romaji,kept:男児/danji,普通名詞,人
団塊,だんかい,dankai,similar_romaji,kept:満開/mankai,普通名詞,人工物-その他
断交,だんこう,danko,similar_romaji,kept:軟膏/nanko,サ変名詞,抽象物
弾痕,だんこん,dankon,similar_romaji,kept:大根/daikon,普通名詞,人工物-その他
断面,だんめん,danmen,similar_romaji,kept:満面/manmen,普通名詞,場所-その他
男性,だんせい,dansei,similar_romaji,kept:反省/hansei,普通名詞,人
男子,だんし,danshi,similar_romaji,kept:台紙/daishi,普通名詞,人
断酒,だんしゅ,danshu,similar_romaji,kept:晩秋/banshu,サ変名詞,抽象物
弾倉,だんそう,danso,similar_romaji,kept:炭素/tanso,普通名詞,人工物-その他
断水,だんすい,dansui,similar_romaji,kept:淡水/tansui,サ変名詞,抽象物
男優,だんゆう,danyu,similar_romaji,kept:肝油/kanyu,普通名詞,人
誰,だれ,dare,similar_romaji,kept:彼/kare,普通名詞,人
駄作,ださく,dasaku,similar_romaji,kept:佳作/kasaku,普通名詞,抽象物
打席,だせき,daseki,similar_romaji,kept:座席/zaseki,普通名詞,抽象物
打線,だせん,dasen,similar_romaji,kept:河川/kasen,普通名詞,人
打者,だしゃ,dasha,similar_romaji,kept:馬車/basha,普通名詞,人
出汁,だし,dashi,similar_romaji,kept:橋/hashi,普通名詞,人工物-食べ物
出物,でもの,demono,similar_romaji,kept:獣/kemono,普通名詞,人工物-その他
電池,でんち,denchi,similar_romaji,kept:団地/danchi,普通名詞,人工物-その他
電柱,でんちゅう,denchu,similar_romaji,kept:線虫/senchu,普通名詞,人工物-その他
殿堂,でんどう,dendo,similar_romaji,kept:粘土/nendo,普通名詞,場所-施設
電球,でんきゅう,denkyu,similar_romaji,kept:段丘/dankyu,普通名詞,人工物-その他
電線,でんせん,densen,similar_romaji,kept:源泉/gensen,普通名詞,人工物-その他
電灯,でんとう,dento,similar_romaji,kept:弁当/bento,普通名詞,人工物-その他
弟子,でし,deshi,similar_romaji,kept:飯/meshi,普通名詞,人
土瓶,どびん,dobin,similar_romaji,kept:動輪/dorin,普通名詞,人工物-その他
道中,どうちゅう,dochu,similar_romaji,kept:途中/tochu,時相名詞,時間
動画,どうが,doga,similar_romaji,kept:土間/doma,普通名詞,抽象物
童顔,どうがん,dogan,similar_romaji,kept:溶岩/yogan,普通名詞,動物-部位
道具,どうぐ,dogu,similar_romaji,kept:工具/kogu,普通名詞,人工物-その他
同胞,どうほう,doho,similar_romaji,kept:泥/doro,普通名詞,人
胴衣,どうい,doi,similar_romaji,kept:問/toi,普通名詞,人工物-衣類
土壌,どじょう,dojo,similar_romaji,kept:泥/doro,普通名詞,自然物
銅貨,どうか,doka,similar_romaji,kept:猛火/moka,普通名詞,人工物-金銭
土管,どかん,dokan,similar_romaji,kept:銅山/dozan,普通名詞,人工物-その他
道化,どうけ,doke,similar_romaji,kept:苔/koke,普通名詞,人;抽象物
土器,どき,doki,similar_romaji,kept:軒/noki,普通名詞,人工物-その他
読解,どっかい,dokkai,similar_romaji,kept:北海/hokkai,サ変名詞,抽象物
独居,どっきょ,dokkyo,similar_romaji,kept:即興/sokkyo,サ変名詞,抽象物
瞳孔,どうこう,doko,similar_romaji,kept:横/yoko,普通名詞,動物-部位
独奏,どくそう,dokuso,similar_romaji,kept:牧草/bokuso,サ変名詞,抽象物
道教,どうきょう,dokyo,similar_romaji,kept:増強/zokyo,普通名詞,抽象物
土嚢,どのう,dono,similar_romaji,kept:殿/tono,普通名詞,人工物-その他
同志,どうし,doshi,similar_romaji,kept:年/toshi,普通名詞,人
土足,どそく,dosoku,similar_romaji,kept:予測/yosoku,普通名詞,動物-部位
銅鐸,どうたく,dotaku,similar_romaji,kept:光沢/kotaku,普通名詞,人工物-その他
道徳,どうとく,dotoku,similar_romaji,kept:同族/dozoku,普通名詞,抽象物
童話,どうわ,dowa,similar_romaji,kept:土間/doma,普通名詞,抽象物
土曜,どよう,doyo,similar_romaji,kept:泥/doro,時相名詞,時間
土蔵,どぞう,dozo,similar_romaji,kept:楮/kozo,普通名詞,場所-施設
海老,えび,ebi,similar_romaji,kept:帯/obi,普通名詞,動物;人工物-食べ物
永住,えいじゅう,eiju,similar_romaji,kept:英雄/eiyu,サ変名詞,抽象物
鋭角,えいかく,eikaku,similar_romaji,kept:企画/kikaku,普通名詞,場所-その他
栄冠,えいかん,eikan,similar_romaji,kept:蜜柑/mikan,普通名詞,抽象物
永久,えいきゅう,eikyu,similar_romaji,kept:気球/kikyu,普通名詞,時間
映写,えいしゃ,eisha,similar_romaji,kept:愛車/aisha,サ変名詞,抽象物
映像,えいぞう,eizo,similar_romaji,kept:溝/mizo,普通名詞,抽象物
駅,えき,eki,similar_romaji,kept:秋/aki,普通名詞,場所-施設
益鳥,えきちょう,ekicho,similar_romaji,kept:益虫/ekichu,普通名詞,動物
駅伝,えきでん,ekiden,similar_romaji,kept:駅弁/ekiben,普通名詞,抽象物
駅手,えきしゅ,ekishu,similar_romaji,kept:益虫/ekichu,普通名詞,人
絵馬,えま,ema,similar_romaji,kept:尼/ama,普通名詞,人工物-その他
絵巻,えまき,emaki,similar_romaji,kept:絵描き/ekaki,普通名詞,抽象物
笑み,えみ,emi,similar_romaji,kept:網/ami,普通名詞,抽象物
円盤,えんばん,enban,similar_romaji,kept:沿岸/engan,普通名詞,人工物-その他
演舞,えんぶ,enbu,similar_romaji,kept:おんぶ/onbu,サ変名詞,抽象物
園長,えんちょう,encho,similar_romaji,kept:円柱/enchu,普通名詞,人
演壇,えんだん,endan,similar_romaji,kept:沿岸/engan,普通名詞,人工物-その他
豌豆,えんどう,endo,similar_romaji,kept:塩素/enso,普通名詞,植物
遠泳,えんえい,enei,similar_romaji,kept:園児/enji,サ変名詞,抽象物
縁起,えんぎ,engi,similar_romaji,kept:園児/enji,普通名詞,抽象物
演者,えんじゃ,enja,similar_romaji,kept:園児/enji,普通名詞,人
円陣,えんじん,enjin,similar_romaji,kept:恩人/onjin,普通名詞,形・模様
沿海,えんかい,enkai,similar_romaji,kept:雲海/unkai,普通名詞,場所-自然
円形,えんけい,enkei,similar_romaji,kept:恩恵/onkei,普通名詞,形・模様
閻魔,えんま,enma,similar_romaji,kept:演歌/enka,普通名詞,人
煙幕,えんまく,enmaku,similar_romaji,kept:暗幕/anmaku,普通名詞,人工物-その他
遠方,えんぽう,enpo,similar_romaji,kept:塩素/enso,普通名詞,場所-機能
遠路,えんろ,enro,similar_romaji,kept:印篭/inro,普通名詞,抽象物
塩酸,えんさん,ensan,similar_romaji,kept:沿岸/engan,普通名詞,自然物
遠征,えんせい,ensei,similar_romaji,kept:院生/insei,サ変名詞,抽象物
宴席,えんせき,enseki,similar_romaji,kept:縁先/ensaki,普通名詞,場所-その他
沿線,えんせん,ensen,similar_romaji,kept:温泉/onsen,普通名詞,場所-その他
円周,えんしゅう,enshu,similar_romaji,kept:円柱/enchu,普通名詞,形・模様
遠足,えんそく,ensoku,similar_romaji,kept:安息/ansoku,サ変名詞,抽象物
円錐,えんすい,ensui,similar_romaji,kept:温水/onsui,普通名詞,形・模様
円筒,えんとう,ento,similar_romaji,kept:塩素/enso,普通名詞,人工物-その他
遠洋,えんよう,enyo,similar_romaji,kept:塩素/enso,普通名詞,場所-その他
演算,えんざん,enzan,similar_romaji,kept:沿岸/engan,サ変名詞,抽象物
えら,えら,era,similar_romaji,kept:浦/ura,普通名詞,動物-部位
絵師,えし,eshi,similar_romaji,kept:石/ishi,普通名詞,抽象物
干支,えと,eto,similar_romaji,kept:後/ato,普通名詞,場所-機能;時間
絵図,えず,ezu,similar_romaji,kept:渦/uzu,普通名詞,人工物-その他;抽象物
父母,ふぼ,fubo,similar_romaji,kept:封筒/futo,普通名詞,人
婦長,ふちょう,fucho,similar_romaji,kept:淵/fuchi,普通名詞,人
夫婦,ふうふ,fufu,similar_romaji,kept:冬/fuyu,普通名詞,組織・団体
富豪,ふごう,fugo,similar_romaji,kept:融合/yugo,普通名詞,人
河豚,ふぐ,fugu,similar_romaji,kept:冬/fuyu,普通名詞,動物;人工物-食べ物
訃報,ふほう,fuho,similar_romaji,kept:封筒/futo,普通名詞,抽象物
風神,ふうじん,fujin,similar_romaji,kept:無人/mujin,普通名詞,人
婦女,ふじょ,fujo,similar_romaji,kept:封筒/futo,普通名詞,人
深井,ふかい,fukai,similar_romaji,kept:樹海/jukai,普通名詞,場所-施設
雲脂,ふけ,fuke,similar_romaji,kept:筆/fude,普通名詞,動物-部位
布巾,ふきん,fukin,similar_romaji,kept:頭巾/zukin,普通名詞,人工物-その他
福音,ふくいん,fukuin,similar_romaji,kept:腹筋/fukkin,普通名詞,抽象物
複葉,ふくよう,fukuyo,similar_romaji,kept:梟/fukuro,普通名詞,植物-部位
布教,ふきょう,fukyo,similar_romaji,kept:住居/jukyo,サ変名詞,抽象物
譜面,ふめん,fumen,similar_romaji,kept:図面/zumen,普通名詞,人工物-その他
風味,ふうみ,fumi,similar_romaji,kept:組/kumi,普通名詞,抽象物
風紋,ふうもん,fumon,similar_romaji,kept:呪文/jumon,普通名詞,形・模様
ふな,ふな,funa,similar_romaji,kept:砂/suna,普通名詞,動物
船路,ふなじ,funaji,similar_romaji,kept:砂地/sunaji,普通名詞,場所-その他
風呂,ふろ,furo,similar_romaji,kept:黒/kuro,普通名詞,人工物-その他
夫妻,ふさい,fusai,similar_romaji,kept:節/fushi,普通名詞,組織・団体
布施,ふせ,fuse,similar_romaji,kept:癖/kuse,サ変名詞,人工物-金銭
風船,ふうせん,fusen,similar_romaji,kept:噴煙/funen,普通名詞,人工物-その他
封書,ふうしょ,fusho,similar_romaji,kept:節/fushi,普通名詞,人工物-その他
風習,ふうしゅう,fushu,similar_romaji,kept:節/fushi,普通名詞,抽象物
父祖,ふそ,fuso,similar_romaji,kept:重曹/juso,普通名詞,人
蓋,ふた,futa,similar_romaji,kept:豚/buta,普通名詞,人工物-その他
沸騰,ふっとう,futto,similar_romaji,kept:仏塔/butto,サ変名詞,抽象物
芙蓉,ふよう,fuyo,similar_romaji,kept:蚋/buyo,普通名詞,植物
風前,ふうぜん,fuzen,similar_romaji,kept:噴煙/funen,普通名詞,場所-その他
画題,がだい,gadai,similar_romaji,kept:真鯛/madai,普通名詞,抽象物
画壇,がだん,gadan,similar_romaji,kept:座談/zadan,普通名詞,場所-その他
画風,がふう,gafu,similar_romaji,kept:義父/gifu,普通名詞,抽象物
雅楽,ががく,gagaku,similar_romaji,kept:夜学/yagaku,普通名詞,抽象物
害虫,がいちゅう,gaichu,similar_romaji,kept:回虫/kaichu,普通名詞,動物
外苑,がいえん,gaien,similar_romaji,kept:煤煙/baien,普通名詞,場所-施設
外形,がいけい,gaikei,similar_romaji,kept:外海/gaikai,普通名詞,形・模様
外航,がいこう,gaiko,similar_romaji,kept:蚕/kaiko,普通名詞,場所-その他
外米,がいまい,gaimai,similar_romaji,kept:外海/gaikai,普通名詞,植物;人工物-食べ物
外面,がいめん,gaimen,similar_romaji,kept:海綿/kaimen,普通名詞,場所-その他
街路,がいろ,gairo,similar_romaji,kept:外套/gaito,普通名詞,場所-その他
外周,がいしゅう,gaishu,similar_romaji,kept:大衆/taishu,普通名詞,場所-その他
外装,がいそう,gaiso,similar_romaji,kept:外套/gaito,普通名詞,場所-施設部位
外洋,がいよう,gaiyo,similar_romaji,kept:太陽/taiyo,普通名詞,場所-その他
画家,がか,gaka,similar_romaji,kept:坂/saka,普通名詞,人
餓鬼,がき,gaki,similar_romaji,kept:先/saki,普通名詞,人
学期,がっき,gakki,similar_romaji,kept:活気/kakki,時相名詞,時間
学区,がっく,gakku,similar_romaji,kept:学校/gakko,普通名詞,場所-その他
学究,がっきゅう,gakkyu,similar_romaji,kept:白球/hakkyu,普通名詞,抽象物
萼,がく,gaku,similar_romaji,kept:枠/waku,普通名詞,植物-部位
学童,がくどう,gakudo,similar_romaji,kept:学徒/gakuto,普通名詞,人
学位,がくい,gakui,similar_romaji,kept:白衣/hakui,普通名詞,抽象物
学友,がくゆう,gakuyu,similar_romaji,kept:楽譜/gakufu,普通名詞,人
画面,がめん,gamen,similar_romaji,kept:岩塩/ganen,普通名詞,人工物-その他
玩具,がんぐ,gangu,similar_romaji,kept:雁木/gangi,普通名詞,人工物-その他
眼下,がんか,ganka,similar_romaji,kept:山河/sanka,普通名詞,場所-その他
眼球,がんきゅう,gankyu,similar_romaji,kept:段丘/dankyu,普通名詞,動物-部位
顔面,がんめん,ganmen,similar_romaji,kept:満面/manmen,普通名詞,場所-その他
岩床,がんしょう,gansho,similar_romaji,kept:環礁/kansho,普通名詞,自然物
元祖,がんそ,ganso,similar_romaji,kept:炭素/tanso,普通名詞,人
元旦,がんたん,gantan,similar_romaji,kept:岩盤/ganban,時相名詞,時間
眼前,がんぜん,ganzen,similar_romaji,kept:元年/gannen,普通名詞,場所-その他
瓦礫,がれき,gareki,similar_romaji,kept:枯れ木/kareki,普通名詞,人工物-その他
画廊,がろう,garo,similar_romaji,kept:牙城/gajo,普通名詞,場所-施設
画商,がしょう,gasho,similar_romaji,kept:がちょう/gacho,普通名詞,人
合奏,がっそう,gasso,similar_romaji,kept:雑草/zasso,サ変名詞,抽象物
側,がわ,gawa,similar_romaji,kept:川/kawa,普通名詞,場所-機能
画材,がざい,gazai,similar_romaji,kept:下剤/gezai,普通名詞,人工物-その他
下段,げだん,gedan,similar_romaji,kept:下巻/gekan,普通名詞,場所-機能
芸道,げいどう,geido,similar_romaji,kept:青銅/seido,普通名詞,抽象物
芸名,げいめい,geimei,similar_romaji,kept:銘々/meimei,普通名詞,抽象物
芸能,げいのう,geino,similar_romaji,kept:芸子/geiko,普通名詞,抽象物
芸者,げいしゃ,geisha,similar_romaji,kept:外車/gaisha,普通名詞,人
芸当,げいとう,geito,similar_romaji,kept:鶏頭/keito,普通名詞,抽象物
下旬,げじゅん,gejun,similar_romaji,kept:手順/tejun,時相名詞,時間
下界,げかい,gekai,similar_romaji,kept:下剤/gezai,普通名詞,場所-その他
劇,げき,geki,similar_romaji,kept:胃液/ieki,普通名詞,抽象物
劇画,げきが,gekiga,similar_romaji,kept:壁画/hekiga,普通名詞,抽象物
月下,げっか,gekka,similar_romaji,kept:結果/kekka,普通名詞,場所-その他
下校,げこう,geko,similar_romaji,kept:猫/neko,サ変名詞,抽象物
現場,げんば,genba,similar_romaji,kept:天馬/tenba,普通名詞,場所-その他
原著,げんちょ,gencho,similar_romaji,kept:前兆/zencho,普通名詞,抽象物
現代,げんだい,gendai,similar_romaji,kept:玄米/genmai,普通名詞,時間
原画,げんが,genga,similar_romaji,kept:銀河/ginga,普通名詞,人工物-その他;抽象物
源氏,げんじ,genji,similar_romaji,kept:返事/henji,普通名詞,人
現下,げんか,genka,similar_romaji,kept:原野/genya,普通名詞,時間
玄関,げんかん,genkan,similar_romaji,kept:転換/tenkan,普通名詞,場所-施設部位
現金,げんきん,genkin,similar_romaji,kept:粘菌/nenkin,普通名詞,人工物-金銭
元老,げんろう,genro,similar_romaji,kept:原簿/genbo,普通名詞,人
原典,げんてん,genten,similar_romaji,kept:源泉/gensen,普通名詞,人工物-その他;抽象物
幻灯,げんとう,gento,similar_romaji,kept:弁当/bento,普通名詞,人工物-その他
原油,げんゆ,genyu,similar_romaji,kept:原野/genya,普通名詞,自然物
現在,げんざい,genzai,similar_romaji,kept:前栽/senzai,時相名詞,時間
減算,げんざん,genzan,similar_romaji,kept:連山/renzan,サ変名詞,抽象物
現像,げんぞう,genzo,similar_romaji,kept:原簿/genbo,サ変名詞,抽象物
夏至,げし,geshi,similar_romaji,kept:飯/meshi,時相名詞,時間
月謝,げっしゃ,gessha,similar_romaji,kept:列車/ressha,普通名詞,人工物-金銭
下山,げざん,gezan,similar_romaji,kept:下巻/gekan,サ変名詞,抽象物
義母,ぎぼ,gibo,similar_romaji,kept:牛蒡/gobo,普通名詞,人
毬杖,ぎちょう,gicho,similar_romaji,kept:機長/kicho,普通名詞,人工物-その他
犠打,ぎだ,gida,similar_romaji,kept:間/aida,普通名詞,抽象物
技芸,ぎげい,gigei,similar_romaji,kept:義兄/gikei,普通名詞,抽象物
銀色,ぎんいろ,giniro,similar_romaji,kept:金色/kiniro,普通名詞,色
吟醸,ぎんじょう,ginjo,similar_romaji,kept:人情/ninjo,サ変名詞,抽象物
銀貨,ぎんか,ginka,similar_romaji,kept:人家/jinka,普通名詞,人工物-金銭
吟遊,ぎんゆう,ginyu,similar_romaji,kept:群雄/gunyu,サ変名詞,抽象物
儀礼,ぎれい,girei,similar_romaji,kept:義兄/gikei,普通名詞,抽象物
義足,ぎそく,gisoku,similar_romaji,kept:規則/kisoku,普通名詞,人工物-その他
義弟,ぎてい,gitei,similar_romaji,kept:義兄/gikei,普通名詞,人
儀典,ぎてん,giten,similar_romaji,kept:飛天/hiten,普通名詞,抽象物
伍長,ごちょう,gocho,similar_romaji,kept:幼鳥/yocho,普通名詞,人
護符,ごふ,gofu,similar_romaji,kept:豆腐/tofu,普通名詞,人工物-その他
呉服,ごふく,gofuku,similar_romaji,kept:洋服/yofuku,普通名詞,人工物-その他
午後,ごご,gogo,similar_romaji,kept:牛蒡/gobo,時相名詞,時間
御飯,ごはん,gohan,similar_romaji,kept:湖畔/kohan,普通名詞,人工物-食べ物
合格,ごうかく,gokaku,similar_romaji,kept:城郭/jokaku,サ変名詞,抽象物
五官,ごかん,gokan,similar_romaji,kept:下巻/gekan,普通名詞,動物-部位
極道,ごくどう,gokudo,similar_romaji,kept:国道/kokudo,普通名詞,人
胡麻,ごま,goma,similar_romaji,kept:蒲/gama,普通名詞,植物;人工物-食べ物
五目,ごもく,gomoku,similar_romaji,kept:五穀/gokoku,普通名詞,抽象物
五輪,ごりん,gorin,similar_romaji,kept:動輪/dorin,普通名詞,抽象物
碁聖,ごせい,gosei,similar_romaji,kept:土星/dosei,普通名詞,人
合祀,ごうし,goshi,similar_romaji,kept:年/toshi,サ変名詞,抽象物
豪商,ごうしょう,gosho,similar_romaji,kept:蔵書/zosho,普通名詞,人
後手,ごて,gote,similar_romaji,kept:土手/dote,普通名詞,抽象物
豪邸,ごうてい,gotei,similar_romaji,kept:湖底/kotei,普通名詞,場所-施設
御殿,ごてん,goten,similar_romaji,kept:要点/yoten,普通名詞,場所-施設
誤訳,ごやく,goyaku,similar_romaji,kept:要約/yoyaku,サ変名詞,抽象物
五臓,ごぞう,gozo,similar_romaji,kept:楮/kozo,普通名詞,動物-部位
豪族,ごうぞく,gozoku,similar_romaji,kept:五穀/gokoku,普通名詞,人
宮司,ぐうじ,guji,similar_romaji,kept:筋/suji,普通名詞,人
胡頽子,ぐみ,gumi,similar_romaji,kept:組/kumi,普通名詞,植物;人工物-食べ物
群島,ぐんとう,gunto,similar_romaji,kept:軍手/gunte,普通名詞,場所-自然
寓話,ぐうわ,guwa,similar_romaji,kept:桑/kuwa,普通名詞,抽象物
漁場,ぎょば,gyoba,similar_romaji,kept:餃子/gyoza,普通名詞,場所-その他
蟯虫,ぎょうちゅう,gyochu,similar_romaji,kept:氷柱/hyochu,普通名詞,動物
魚影,ぎょえい,gyoei,similar_romaji,kept:行司/gyoji,普通名詞,形・模様
漁夫,ぎょふ,gyofu,similar_romaji,kept:漁具/gyogu,普通名詞,人
行儀,ぎょうぎ,gyogi,similar_romaji,kept:行司/gyoji,普通名詞,抽象物
行者,ぎょうじゃ,gyoja,similar_romaji,kept:餃子/gyoza,普通名詞,人
漁場,ぎょじょう,gyojo,similar_romaji,kept:明星/myojo,普通名詞,場所-その他
行間,ぎょうかん,gyokan,similar_romaji,kept:魚介/gyokai,普通名詞,場所-その他
漁網,ぎょもう,gyomo,similar_romaji,kept:漁港/gyoko,普通名詞,人工物-その他
行書,ぎょうしょ,gyosho,similar_romaji,kept:良書/ryosho,普通名詞,抽象物
漁村,ぎょそん,gyoson,similar_romaji,kept:漁船/gyosen,普通名詞,場所-その他
行水,ぎょうずい,gyozui,similar_romaji,kept:魚類/gyorui,サ変名詞,抽象物
波布,はぶ,habu,similar_romaji,kept:蕪/kabu,普通名詞,動物
肌身,はだみ,hadami,similar_romaji,kept:鋏/hasami,普通名詞,動物-部位
葉書き,はがき,hagaki,similar_romaji,kept:葉巻/hamaki,普通名詞,人工物-その他
接ぎ目,はぎめ,hagime,similar_romaji,kept:初め/hajime,普通名詞,人工物-その他
廃部,はいぶ,haibu,similar_romaji,kept:外部/gaibu,サ変名詞,抽象物
俳壇,はいだん,haidan,similar_romaji,kept:祭壇/saidan,普通名詞,場所-その他
拝殿,はいでん,haiden,similar_romaji,kept:廃船/haisen,普通名詞,場所-施設
胚芽,はいが,haiga,similar_romaji,kept:大河/taiga,普通名詞,植物-部位
背後,はいご,haigo,similar_romaji,kept:迷子/maigo,普通名詞,場所-その他
配偶,はいぐう,haigu,similar_romaji,kept:俳優/haiyu,サ変名詞,人;抽象物
廃品,はいひん,haihin,similar_romaji,kept:海浜/kaihin,普通名詞,人工物-その他
敗因,はいいん,haiin,similar_romaji,kept:隊員/taiin,普通名詞,抽象物
廃寺,はいじ,haiji,similar_romaji,kept:歳時/saiji,普通名詞,抽象物
排気,はいき,haiki,similar_romaji,kept:外気/gaiki,サ変名詞,人工物-その他;抽象物
俳句,はいく,haiku,similar_romaji,kept:俳優/haiyu,普通名詞,抽象物
配球,はいきゅう,haikyu,similar_romaji,kept:白球/hakkyu,普通名詞,抽象物
背面,はいめん,haimen,similar_romaji,kept:海綿/kaimen,普通名詞,場所-その他
拝礼,はいれい,hairei,similar_romaji,kept:祭礼/sairei,サ変名詞,抽象物
廃車,はいしゃ,haisha,similar_romaji,kept:外車/gaisha,普通名詞,人工物-乗り物
俳誌,はいし,haishi,similar_romaji,kept:台紙/daishi,普通名詞,人工物-その他
配水,はいすい,haisui,similar_romaji,kept:海水/kaisui,サ変名詞,抽象物
敗退,はいたい,haitai,similar_romaji,kept:廃材/haizai,サ変名詞,抽象物
配点,はいてん,haiten,similar_romaji,kept:廃船/haisen,サ変名詞,抽象物
配膳,はいぜん,haizen,similar_romaji,kept:廃船/haisen,サ変名詞,抽象物
秤,はかり,hakari,similar_romaji,kept:係/kakari,普通名詞,人工物-その他
刷毛,はけ,hake,similar_romaji,kept:酒/sake,普通名詞,人工物-その他
波形,はけい,hakei,similar_romaji,kept:白衣/hakui,普通名詞,形・模様
発刊,はっかん,hakkan,similar_romaji,kept:拝観/haikan,サ変名詞,抽象物
発券,はっけん,hakken,similar_romaji,kept:白煙/hakuen,サ変名詞,抽象物
発行,はっこう,hakko,similar_romaji,kept:学校/gakko,サ変名詞,抽象物
白眉,はくび,hakubi,similar_romaji,kept:白磁/hakuji,普通名詞,人
白露,はくろ,hakuro,similar_romaji,kept:柘榴/zakuro,時相名詞,時間
羽目,はめ,hame,similar_romaji,kept:豆/mame,普通名詞,場所-施設部位
花見,はなみ,hanami,similar_romaji,kept:鋏/hasami,サ変名詞,抽象物
鼻緒,はなお,hanao,similar_romaji,kept:半島/hanto,普通名詞,人工物-その他
班長,はんちょう,hancho,similar_romaji,kept:山頂/sancho,普通名詞,人
羽根,はね,hane,similar_romaji,kept:鐘/kane,普通名詞,動物-部位
半円,はんえん,hanen,similar_romaji,kept:岩塩/ganen,普通名詞,形・模様
版木,はんぎ,hangi,similar_romaji,kept:雁木/gangi,普通名詞,人工物-その他
飯盒,はんごう,hango,similar_romaji,kept:珊瑚/sango,普通名詞,人工物-その他
範囲,はんい,hani,similar_romaji,kept:谷/tani,普通名詞,場所-機能
埴輪,はにわ,haniwa,similar_romaji,kept:塙/hanawa,普通名詞,人工物-その他
半期,はんき,hanki,similar_romaji,kept:短期/tanki,時相名詞,時間
判こ,はんこ,hanko,similar_romaji,kept:半島/hanto,普通名詞,人工物-その他
半球,はんきゅう,hankyu,similar_romaji,kept:段丘/dankyu,普通名詞,形・模様
半輪,はんりん,hanrin,similar_romaji,kept:山林/sanrin,普通名詞,形・模様
伴侶,はんりょ,hanryo,similar_romaji,kept:顔料/ganryo,普通名詞,人
帆船,はんせん,hansen,similar_romaji,kept:廃船/haisen,普通名詞,人工物-乗り物
半紙,はんし,hanshi,similar_romaji,kept:反省/hansei,普通名詞,人工物-その他
半鐘,はんしょう,hansho,similar_romaji,kept:環礁/kansho,普通名詞,人工物-その他
帆走,はんそう,hanso,similar_romaji,kept:炭素/tanso,サ変名詞,抽象物
半纏,はんてん,hanten,similar_romaji,kept:南天/nanten,普通名詞,人工物-衣類
覇王,はおう,hao,similar_romaji,kept:顔/kao,普通名詞,人
葉っぱ,はっぱ,happa,similar_romaji,kept:河童/kappa,普通名詞,植物-部位
八方,はっぽう,happo,similar_romaji,kept:法被/happi,普通名詞,場所-その他
張り手,はりて,harite,similar_romaji,kept:遺り手/yarite,普通名詞,抽象物
覇者,はしゃ,hasha,similar_romaji,kept:馬車/basha,普通名詞,人
発車,はっしゃ,hassha,similar_romaji,kept:滑車/kassha,サ変名詞,抽象物
はたき,はたき,hataki,similar_romaji,kept:畑/hatake,普通名詞,人工物-その他
早寝,はやね,hayane,similar_romaji,kept:早瀬/hayase,サ変名詞,抽象物
狭間,はざま,hazama,similar_romaji,kept:風間/kazama,普通名詞,場所-機能
沙魚,はぜ,haze,similar_romaji,kept:風/kaze,普通名詞,動物;人工物-食べ物
葉月,はづき,hazuki,similar_romaji,kept:酸漿/hozuki,時相名詞,時間
塀,へい,hei,similar_romaji,kept:芸/gei,普通名詞,場所-施設部位
閉園,へいえん,heien,similar_romaji,kept:声援/seien,サ変名詞,抽象物
併願,へいがん,heigan,similar_romaji,kept:泥岩/deigan,サ変名詞,抽象物
平時,へいじ,heiji,similar_romaji,kept:定時/teiji,普通名詞,時間
閉校,へいこう,heiko,similar_romaji,kept:芸子/geiko,サ変名詞,抽象物
平面,へいめん,heimen,similar_romaji,kept:平原/heigen,普通名詞,場所-その他
平年,へいねん,heinen,similar_romaji,kept:平原/heigen,普通名詞,時間
辺地,へんち,henchi,similar_romaji,kept:現地/genchi,普通名詞,場所-その他
編著,へんちょ,hencho,similar_romaji,kept:前兆/zencho,普通名詞,抽象物
編者,へんじゃ,henja,similar_romaji,kept:選者/senja,普通名詞,人
返納,へんのう,henno,similar_romaji,kept:遍路/henro,サ変名詞,抽象物
編入,へんにゅう,hennyu,similar_romaji,kept:練乳/rennyu,サ変名詞,抽象物
返済,へんさい,hensai,similar_romaji,kept:前菜/zensai,サ変名詞,抽象物
返書,へんしょ,hensho,similar_romaji,kept:原初/gensho,普通名詞,人工物-その他
返送,へんそう,henso,similar_romaji,kept:前奏/zenso,サ変名詞,抽象物
篦,へら,hera,similar_romaji,kept:寺/tera,普通名詞,人工物-その他
舳先,へさき,hesaki,similar_romaji,kept:出先/desaki,普通名詞,人工物-その他
臍,へそ,heso,similar_romaji,kept:手相/teso,普通名詞,動物-部位
蔕,へた,heta,similar_romaji,kept:下駄/geta,普通名詞,植物-部位
雲雀,ひばり,hibari,similar_romaji,kept:光/hikari,普通名詞,動物
日々,ひび,hibi,similar_romaji,kept:蛇/hebi,時相名詞,時間
日歩,ひぶ,hibu,similar_romaji,kept:昼/hiru,普通名詞,人工物-金銭
飛弾,ひだん,hidan,similar_romaji,kept:彼岸/higan,普通名詞,人工物-その他
秘伝,ひでん,hiden,similar_romaji,kept:飛天/hiten,普通名詞,抽象物
日照り,ひでり,hideri,similar_romaji,kept:左/hidari,普通名詞,抽象物
皮膚,ひふ,hifu,similar_romaji,kept:義父/gifu,普通名詞,動物-部位
干潟,ひがた,higata,similar_romaji,kept:日なた/hinata,普通名詞,場所-自然
髭,ひげ,hige,similar_romaji,kept:姫/hime,普通名詞,動物-部位
日頃,ひごろ,higoro,similar_romaji,kept:身頃/migoro,時相名詞,時間
肘,ひじ,hiji,similar_romaji,kept:雉/kiji,普通名詞,動物-部位
聖,ひじり,hijiri,similar_romaji,kept:ひじき/hijiki,普通名詞,人
皮下,ひか,hika,similar_romaji,kept:自家/jika,普通名詞,動物-部位
皮革,ひかく,hikaku,similar_romaji,kept:企画/kikaku,普通名詞,人工物-その他
避寒,ひかん,hikan,similar_romaji,kept:蜜柑/mikan,サ変名詞,抽象物
飛行機,ひこうき,hikoki,similar_romaji,kept:檜/hinoki,普通名詞,人工物-乗り物
秘境,ひきょう,hikyo,similar_romaji,kept:肥料/hiryo,普通名詞,場所-その他
飛球,ひきゅう,hikyu,similar_romaji,kept:気球/kikyu,普通名詞,抽象物
紐,ひも,himo,similar_romaji,kept:肝/kimo,普通名詞,人工物-その他
干物,ひもの,himono,similar_romaji,kept:煮物/nimono,普通名詞,人工物-食べ物
火元,ひもと,himoto,similar_romaji,kept:地元/jimoto,普通名詞,場所-その他
日の出,ひので,hinode,similar_romaji,kept:海星/hitode,普通名詞,抽象物
ひれ,ひれ,hire,similar_romaji,kept:姫/hime,普通名詞,動物-部位
広間,ひろま,hiroma,similar_romaji,kept:広場/hiroba,普通名詞,場所-施設
昼間,ひるま,hiruma,similar_romaji,kept:ひぐま/higuma,時相名詞,時間
昼寝,ひるね,hirune,similar_romaji,kept:昼げ/hiruge,サ変名詞,抽象物
被災,ひさい,hisai,similar_romaji,kept:愛妻/aisai,サ変名詞,抽象物
飛車,ひしゃ,hisha,similar_romaji,kept:愛車/aisha,普通名詞,人工物-その他
皮脂,ひし,hishi,similar_romaji,kept:岸/kishi,普通名詞,自然物
冷や,ひや,hiya,similar_romaji,kept:宮/miya,普通名詞,人工物-食べ物
費用,ひよう,hiyo,similar_romaji,kept:利用/riyo,普通名詞,人工物-金銭
日除け,ひよけ,hiyoke,similar_romaji,kept:日焼け/hiyake,普通名詞,人工物-その他
膝,ひざ,hiza,similar_romaji,kept:平/hira,普通名詞,動物-部位
日付け,ひづけ,hizuke,similar_romaji,kept:水気/mizuke,普通名詞,時間
保母,ほぼ,hobo,similar_romaji,kept:牛蒡/gobo,普通名詞,人
法文,ほうぶん,hobun,similar_romaji,kept:等分/tobun,普通名詞,抽象物
庖丁,ほうちょう,hocho,similar_romaji,kept:幼鳥/yocho,普通名詞,人工物-その他
歩道,ほどう,hodo,similar_romaji,kept:淀/yodo,普通名詞,場所-施設部位
法会,ほうえ,hoe,similar_romaji,kept:肥/koe,普通名詞,抽象物
放映,ほうえい,hoei,similar_romaji,kept:後衛/koei,サ変名詞,抽象物
保父,ほふ,hofu,similar_romaji,kept:豆腐/tofu,普通名詞,人
砲丸,ほうがん,hogan,similar_romaji,kept:溶岩/yogan,普通名詞,人工物-その他
保護,ほご,hogo,similar_romaji,kept:老後/rogo,サ変名詞,人工物-その他
法衣,ほうい,hoi,similar_romaji,kept:問/toi,普通名詞,人工物-その他
捕逸,ほいつ,hoitsu,similar_romaji,kept:統一/toitsu,普通名詞,抽象物
法事,ほうじ,hoji,similar_romaji,kept:同時/doji,普通名詞,抽象物
方形,ほうけい,hokei,similar_romaji,kept:時計/tokei,普通名詞,形・模様
保険,ほけん,hoken,similar_romaji,kept:猛犬/moken,普通名詞,抽象物
箒,ほうき,hoki,similar_romaji,kept:軒/noki,普通名詞,人工物-その他
発句,ほっく,hokku,similar_romaji,kept:ほっけ/hokke,普通名詞,抽象物
芳香,ほうこう,hoko,similar_romaji,kept:横/yoko,普通名詞,自然物
北東,ほくとう,hokuto,similar_romaji,kept:即答/sokuto,普通名詞,場所-機能
北洋,ほくよう,hokuyo,similar_romaji,kept:木曜/mokuyo,普通名詞,場所-その他
方面,ほうめん,homen,similar_romaji,kept:索麺/somen,普通名詞,場所-その他
本,ほん,hon,similar_romaji,kept:紺/kon,普通名詞,人工物-その他;抽象物
翻案,ほんあん,honan,similar_romaji,kept:芳年/honen,サ変名詞,抽象物
本場,ほんば,honba,similar_romaji,kept:牝馬/hinba,普通名詞,場所-その他
本番,ほんばん,honban,similar_romaji,kept:門番/monban,普通名詞,抽象物
本殿,ほんでん,honden,similar_romaji,kept:本線/honsen,普通名詞,場所-施設
本堂,ほんどう,hondo,similar_romaji,kept:問答/mondo,普通名詞,場所-施設
本願,ほんがん,hongan,similar_romaji,kept:本館/honkan,普通名詞,抽象物
本院,ほんいん,honin,similar_romaji,kept:当人/tonin,普通名詞,場所-施設
本家,ほんけ,honke,similar_romaji,kept:ほっけ/hokke,普通名詞,場所-施設
本校,ほんこう,honko,similar_romaji,kept:鈍行/donko,普通名詞,場所-その他
本拠,ほんきょ,honkyo,similar_romaji,kept:辺境/henkyo,普通名詞,場所-その他
本年,ほんねん,honnen,similar_romaji,kept:本線/honsen,時相名詞,時間
本島,ほんとう,honto,similar_romaji,kept:半島/hanto,普通名詞,場所-その他
本屋,ほんや,honya,similar_romaji,kept:今夜/konya,普通名詞,場所-施設
本山,ほんざん,honzan,similar_romaji,kept:本館/honkan,普通名詞,場所-施設
幌,ほろ,horo,similar_romaji,kept:泥/doro,普通名詞,人工物-その他
宝石,ほうせき,hoseki,similar_romaji,kept:鉱石/koseki,普通名詞,自然物
保線,ほせん,hosen,similar_romaji,kept:母船/bosen,普通名詞,抽象物
法主,ほうしゅ,hoshu,similar_romaji,kept:洋酒/yoshu,普通名詞,人
包帯,ほうたい,hotai,similar_romaji,kept:上体/jotai,普通名詞,人工物-その他
宝刀,ほうとう,hoto,similar_romaji,kept:元/moto,普通名詞,人工物-その他
飽和,ほうわ,howa,similar_romaji,kept:邦画/hoga,サ変名詞,抽象物
邦訳,ほうやく,hoyaku,similar_romaji,kept:要約/yoyaku,サ変名詞,抽象物
法要,ほうよう,hoyo,similar_romaji,kept:炎/hono,普通名詞,抽象物
臍,ほぞ,hozo,similar_romaji,kept:楮/kozo,普通名詞,動物-部位
評伝,ひょうでん,hyoden,similar_romaji,kept:氷原/hyogen,普通名詞,抽象物
表具,ひょうぐ,hyogu,similar_romaji,kept:漁具/gyogu,普通名詞,抽象物
氷上,ひょうじょう,hyojo,similar_romaji,kept:明星/myojo,普通名詞,場所-その他
氷海,ひょうかい,hyokai,similar_romaji,kept:魚介/gyokai,普通名詞,場所-その他
表面,ひょうめん,hyomen,similar_romaji,kept:氷原/hyogen,普通名詞,場所-その他
氷嚢,ひょうのう,hyono,similar_romaji,kept:表土/hyodo,普通名詞,人工物-その他
表紙,ひょうし,hyoshi,similar_romaji,kept:教師/kyoshi,普通名詞,人工物-その他
表装,ひょうそう,hyoso,similar_romaji,kept:教祖/kyoso,サ変名詞,抽象物
瓢箪,ひょうたん,hyotan,similar_romaji,kept:氷山/hyozan,普通名詞,植物
異母,いぼ,ibo,similar_romaji,kept:糸/ito,普通名詞,抽象物
位置,いち,ichi,similar_romaji,kept:内/uchi,サ変名詞,場所-その他
市場,いちば,ichiba,similar_romaji,kept:一夜/ichiya,普通名詞,場所-その他
一同,いちどう,ichido,similar_romaji,kept:苺/ichigo,普通名詞,人
一隅,いちぐう,ichigu,similar_romaji,kept:苺/ichigo,普通名詞,場所-機能
一女,いちじょ,ichijo,similar_romaji,kept:苺/ichigo,普通名詞,人
一座,いちざ,ichiza,similar_romaji,kept:一夜/ichiya,サ変名詞,人
井戸,いど,ido,similar_romaji,kept:糸/ito,普通名詞,場所-その他
家々,いえいえ,ieie,similar_romaji,kept:生き餌/ikie,普通名詞,場所-施設
家路,いえじ,ieji,similar_romaji,kept:胃液/ieki,普通名詞,場所-その他
以遠,いえん,ien,similar_romaji,kept:天/ten,普通名詞,場所-機能
毬,いが,iga,similar_romaji,kept:板/ita,普通名詞,植物-部位
以後,いご,igo,similar_romaji,kept:糸/ito,時相名詞,時間
遺品,いひん,ihin,similar_romaji,kept:偉人/ijin,普通名詞,人工物-その他
異邦,いほう,iho,similar_romaji,kept:蝶/cho,普通名詞,場所-その他
以北,いほく,ihoku,similar_romaji,kept:異国/ikoku,普通名詞,場所-機能
医院,いいん,iin,similar_romaji,kept:銀/gin,普通名詞,場所-施設
遺児,いじ,iji,similar_romaji,kept:氏/uji,普通名詞,人
移住,いじゅう,iju,similar_romaji,kept:犬/inu,サ変名詞,抽象物
烏賊,いか,ika,similar_romaji,kept:赤/aka,普通名詞,動物;人工物-食べ物
一環,いっかん,ikkan,similar_romaji,kept:悪漢/akkan,普通名詞,形・模様
一刻,いっこく,ikkoku,similar_romaji,kept:医局/ikyoku,時相名詞,時間
以降,いこう,iko,similar_romaji,kept:糸/ito,時相名詞,時間
異郷,いきょう,ikyo,similar_romaji,kept:衣料/iryo,普通名詞,場所-その他
意味,いみ,imi,similar_romaji,kept:網/ami,サ変名詞,抽象物
鋳物,いもの,imono,similar_romaji,kept:獲物/emono,普通名詞,人工物-その他
稲田,いなだ,inada,similar_romaji,kept:筏/ikada,普通名詞,場所-その他
稲子,いなご,inago,similar_romaji,kept:穴子/anago,普通名詞,動物
田舎,いなか,inaka,similar_romaji,kept:お腹/onaka,普通名詞,場所-その他
以南,いなん,inan,similar_romaji,kept:胃酸/isan,普通名詞,場所-機能
院長,いんちょう,incho,similar_romaji,kept:稲穂/inaho,普通名詞,人
鸚哥,いんこ,inko,similar_romaji,kept:うんこ/unko,普通名詞,動物
隠居,いんきょ,inkyo,similar_romaji,kept:音響/onkyo,サ変名詞,抽象物
隕石,いんせき,inseki,similar_romaji,kept:一夕/isseki,普通名詞,自然物
印章,いんしょう,insho,similar_romaji,kept:暗礁/ansho,普通名詞,人工物-その他
引退,いんたい,intai,similar_romaji,kept:温帯/ontai,サ変名詞,抽象物
飲用,いんよう,inyo,similar_romaji,kept:衣料/iryo,サ変名詞,抽象物
印税,いんぜい,inzei,similar_romaji,kept:院生/insei,普通名詞,人工物-金銭
庵,いおり,iori,similar_romaji,kept:鳥/tori,普通名詞,場所-施設
一片,いっぺん,ippen,similar_romaji,kept:逸品/ippin,普通名詞,人工物-その他
一方,いっぽう,ippo,similar_romaji,kept:尾っぽ/oppo,普通名詞,場所-機能
以来,いらい,irai,similar_romaji,kept:位牌/ihai,時相名詞,時間
甍,いらか,iraka,similar_romaji,kept:海豚/iruka,普通名詞,場所-施設部位
慰霊,いれい,irei,similar_romaji,kept:衣類/irui,普通名詞,抽象物
入り江,いりえ,irie,similar_romaji,kept:生き餌/ikie,普通名詞,場所-自然
いろり,いろり,irori,similar_romaji,kept:井守/imori,普通名詞,場所-施設部位
以西,いせい,isei,similar_romaji,kept:石/ishi,普通名詞,場所-機能
緯線,いせん,isen,similar_romaji,kept:意見/iken,普通名詞,場所-その他
医者,いしゃ,isha,similar_romaji,kept:石/ishi,普通名詞,人
衣装,いしょう,isho,similar_romaji,kept:石/ishi,普通名詞,人工物-衣類
椅子,いす,isu,similar_romaji,kept:雄/osu,普通名詞,人工物-その他
従兄弟,いとこ,itoko,similar_romaji,kept:男/otoko,普通名詞,人
岩場,いわば,iwaba,similar_romaji,kept:岩魚/iwana,普通名詞,場所-その他
岩屋,いわや,iwaya,similar_romaji,kept:岩魚/iwana,普通名詞,場所-施設;場所-自然
医薬,いやく,iyaku,similar_romaji,kept:客/kyaku,普通名詞,人工物-その他
以前,いぜん,izen,similar_romaji,kept:意見/iken,時相名詞,時間
じゃこ,じゃこ,jako,similar_romaji,kept:箱/hako,普通名詞,動物;人工物-食べ物
邪教,じゃきょう,jakyo,similar_romaji,kept:華僑/kakyo,普通名詞,抽象物
じゃんけん,じゃんけん,janken,similar_romaji,kept:番犬/banken,サ変名詞,抽象物
砂利,じゃり,jari,similar_romaji,kept:仮/kari,普通名詞,自然物
慈母,じぼ,jibo,similar_romaji,kept:児童/jido,普通名詞,人
自伝,じでん,jiden,similar_romaji,kept:時限/jigen,普通名詞,抽象物
慈父,じふ,jifu,similar_romaji,kept:義父/gifu,普通名詞,人
自画,じが,jiga,similar_romaji,kept:映画/eiga,普通名詞,抽象物
事後,じご,jigo,similar_romaji,kept:治具/jigu,普通名詞,時間
地色,じいろ,jiiro,similar_romaji,kept:藍色/aiiro,普通名詞,色
侍女,じじょ,jijo,similar_romaji,kept:愛情/aijo,普通名詞,人
次回,じかい,jikai,similar_romaji,kept:理解/rikai,時相名詞,時間
時間,じかん,jikan,similar_romaji,kept:蜜柑/mikan,時相名詞,時間
次兄,じけい,jikei,similar_romaji,kept:義兄/gikei,普通名詞,人
時期,じき,jiki,similar_romaji,kept:幹/miki,時相名詞,時間
実家,じっか,jikka,similar_romaji,kept:日課/nikka,普通名詞,場所-施設
字幕,じまく,jimaku,similar_romaji,kept:自宅/jitaku,普通名詞,人工物-その他
地面,じめん,jimen,similar_romaji,kept:時限/jigen,普通名詞,場所-その他
次男,じなん,jinan,similar_romaji,kept:自慢/jiman,普通名詞,人
神社,じんじゃ,jinja,similar_romaji,kept:人家/jinka,普通名詞,場所-施設
陣形,じんけい,jinkei,similar_romaji,kept:実兄/jikkei,普通名詞,形・模様
人生,じんせい,jinsei,similar_romaji,kept:金星/kinsei,普通名詞,抽象物
人士,じんし,jinshi,similar_romaji,kept:十指/jisshi,普通名詞,人
陣容,じんよう,jinyo,similar_romaji,kept:腎臓/jinzo,普通名詞,形・模様
実父,じっぷ,jippu,similar_romaji,kept:切符/kippu,普通名詞,人
時差,じさ,jisa,similar_romaji,kept:自家/jika,普通名詞,時間
自作,じさく,jisaku,similar_romaji,kept:自宅/jitaku,サ変名詞,人工物-その他
辞世,じせい,jisei,similar_romaji,kept:理性/risei,普通名詞,抽象物
自選,じせん,jisen,similar_romaji,kept:時限/jigen,サ変名詞,抽象物
侍者,じしゃ,jisha,similar_romaji,kept:愛車/aisha,普通名詞,人
次姉,じし,jishi,similar_romaji,kept:岸/kishi,普通名詞,人
地所,じしょ,jisho,similar_romaji,kept:次週/jishu,普通名詞,場所-その他
実写,じっしゃ,jissha,similar_romaji,kept:筆者/hissha,サ変名詞,抽象物
実習,じっしゅう,jisshu,similar_romaji,kept:立秋/risshu,サ変名詞,抽象物
字体,じたい,jitai,similar_romaji,kept:気体/kitai,普通名詞,形・模様
時点,じてん,jiten,similar_romaji,kept:時限/jigen,時相名詞,時間
地頭,じとう,jito,similar_romaji,kept:人/hito,普通名詞,人
実弟,じってい,jittei,similar_romaji,kept:日程/nittei,普通名詞,人
事前,じぜん,jizen,similar_romaji,kept:時限/jigen,普通名詞,時間
地蔵,じぞう,jizo,similar_romaji,kept:溝/mizo,普通名詞,人
乗馬,じょうば,joba,similar_romaji,kept:驢馬/roba,サ変名詞,抽象物
序盤,じょばん,joban,similar_romaji,kept:碁盤/goban,普通名詞,抽象物
序文,じょぶん,jobun,similar_romaji,kept:等分/tobun,普通名詞,抽象物
上代,じょうだい,jodai,similar_romaji,kept:時代/jidai,普通名詞,時間
浄土,じょうど,jodo,similar_romaji,kept:淀/yodo,普通名詞,場所-その他
上映,じょうえい,joei,similar_romaji,kept:後衛/koei,サ変名詞,抽象物
上演,じょうえん,joen,similar_romaji,kept:遠縁/toen,サ変名詞,抽象物
漏斗,じょうご,jogo,similar_romaji,kept:定規/jogi,普通名詞,人工物-その他
上辺,じょうへん,johen,similar_romaji,kept:常連/joren,普通名詞,場所-機能
上皮,じょうひ,johi,similar_romaji,kept:樹皮/juhi,普通名詞,動物-部位;植物-部位
女医,じょい,joi,similar_romaji,kept:問/toi,普通名詞,人
常時,じょうじ,joji,similar_romaji,kept:定規/jogi,時相名詞,時間
蒸気,じょうき,joki,similar_romaji,kept:軒/noki,普通名詞,自然物
上空,じょうくう,joku,similar_romaji,kept:賊/zoku,普通名詞,場所-その他
上京,じょうきょう,jokyo,similar_romaji,kept:増強/zokyo,サ変名詞,抽象物
序幕,じょまく,jomaku,similar_romaji,kept:網膜/momaku,普通名詞,抽象物
縄文,じょうもん,jomon,similar_romaji,kept:楼門/romon,普通名詞,形・模様
上物,じょうもの,jomono,similar_romaji,kept:青物/aomono,普通名詞,人工物-その他
乗務,じょうむ,jomu,similar_romaji,kept:女優/joyu,サ変名詞,抽象物
常温,じょうおん,jon,similar_romaji,kept:紺/kon,普通名詞,抽象物
上洛,じょうらく,joraku,similar_romaji,kept:娯楽/goraku,サ変名詞,抽象物
じょうろ,じょうろ,joro,similar_romaji,kept:泥/doro,普通名詞,人工物-その他
女流,じょりゅう,joryu,similar_romaji,kept:交流/koryu,普通名詞,人
女婿,じょせい,josei,similar_romaji,kept:土星/dosei,普通名詞,人
上席,じょうせき,joseki,similar_romaji,kept:鉱石/koseki,普通名詞,場所-その他
乗船,じょうせん,josen,similar_romaji,kept:母船/bosen,サ変名詞,抽象物
乗車,じょうしゃ,josha,similar_romaji,kept:土砂/dosha,サ変名詞,抽象物
序章,じょしょう,josho,similar_romaji,kept:蔵書/zosho,普通名詞,抽象物
上層,じょうそう,joso,similar_romaji,kept:重曹/juso,普通名詞,場所-その他
乗数,じょうすう,josu,similar_romaji,kept:女優/joyu,普通名詞,抽象物
浄水,じょうすい,josui,similar_romaji,kept:雑炊/zosui,サ変名詞,自然物
除夜,じょや,joya,similar_romaji,kept:坊や/boya,普通名詞,時間
乗用,じょうよう,joyo,similar_romaji,kept:上方/joho,サ変名詞,抽象物
錠剤,じょうざい,jozai,similar_romaji,kept:総菜/sozai,普通名詞,人工物-その他
醸造,じょうぞう,jozo,similar_romaji,kept:楮/kozo,サ変名詞,抽象物
襦袢,じゅばん,juban,similar_romaji,kept:絨毯/jutan,普通名詞,人工物-衣類
重文,じゅうぶん,jubun,similar_romaji,kept:油分/yubun,普通名詞,抽象物
十代,じゅうだい,judai,similar_romaji,kept:時代/jidai,普通名詞,人;時間
充電,じゅうでん,juden,similar_romaji,kept:油田/yuden,サ変名詞,抽象物
柔道,じゅうどう,judo,similar_romaji,kept:児童/jido,普通名詞,抽象物
授業,じゅぎょう,jugyo,similar_romaji,kept:奉行/bugyo,サ変名詞,抽象物
住持,じゅうじ,juji,similar_romaji,kept:筋/suji,普通名詞,人
樹上,じゅじょう,jujo,similar_romaji,kept:重曹/juso,普通名詞,場所-その他
縦貫,じゅうかん,jukan,similar_romaji,kept:空間/kukan,サ変名詞,抽象物
住戸,じゅうこ,juko,similar_romaji,kept:婿/muko,普通名詞,場所-施設
塾,じゅく,juku,similar_romaji,kept:服/fuku,普通名詞,場所-その他
住民,じゅうみん,jumin,similar_romaji,kept:住人/junin,普通名詞,人
寿命,じゅみょう,jumyo,similar_romaji,kept:住居/jukyo,普通名詞,抽象物
純愛,じゅんあい,junai,similar_romaji,kept:樹海/jukai,普通名詞,抽象物
巡演,じゅんえん,junen,similar_romaji,kept:噴煙/funen,サ変名詞,抽象物
旬間,じゅんかん,junkan,similar_romaji,kept:順番/junban,普通名詞,時間
順路,じゅんろ,junro,similar_romaji,kept:純毛/junmo,普通名詞,場所-その他
授乳,じゅにゅう,junyu,similar_romaji,kept:群雄/gunyu,サ変名詞,抽象物
従来,じゅうらい,jurai,similar_romaji,kept:位/kurai,時相名詞,時間
従輪,じゅうりん,jurin,similar_romaji,kept:風鈴/furin,普通名詞,人工物-その他
従者,じゅうしゃ,jusha,similar_romaji,kept:空車/kusha,普通名詞,人
樹脂,じゅし,jushi,similar_romaji,kept:主/nushi,普通名詞,自然物
住所,じゅうしょ,jusho,similar_romaji,kept:武将/busho,普通名詞,場所-その他
渋滞,じゅうたい,jutai,similar_romaji,kept:舞台/butai,サ変名詞,抽象物
住宅,じゅうたく,jutaku,similar_romaji,kept:自宅/jitaku,普通名詞,場所-施設
数珠,じゅず,juzu,similar_romaji,kept:錫/suzu,普通名詞,人工物-その他
河馬,かば,kaba,similar_romaji,kept:束/taba,普通名詞,動物
鞄,かばん,kaban,similar_romaji,kept:火山/kazan,普通名詞,人工物-その他
花弁,かべん,kaben,similar_romaji,kept:河川/kasen,普通名詞,植物-部位
花瓶,かびん,kabin,similar_romaji,kept:家人/kajin,普通名詞,人工物-その他
価値,かち,kachi,similar_romaji,kept:蜂/hachi,普通名詞,抽象物
家長,かちょう,kacho,similar_romaji,kept:がちょう/gacho,普通名詞,人
花壇,かだん,kadan,similar_romaji,kept:座談/zadan,普通名詞,場所-施設
家電,かでん,kaden,similar_romaji,kept:河川/kasen,普通名詞,人工物-その他
替え歌,かえうた,kaeuta,similar_romaji,kept:かるた/karuta,普通名詞,抽象物
家風,かふう,kafu,similar_romaji,kept:蕪/kabu,普通名詞,抽象物
化学,かがく,kagaku,similar_romaji,kept:夜学/yagaku,普通名詞,抽象物
歌劇,かげき,kageki,similar_romaji,kept:枯れ木/kareki,普通名詞,抽象物
管弦,かげん,kagen,similar_romaji,kept:抗原/kogen,普通名詞,抽象物
鍵,かぎ,kagi,similar_romaji,kept:鷺/sagi,普通名詞,人工物-その他
籠,かご,kago,similar_romaji,kept:孫/mago,普通名詞,人工物-その他
家具,かぐ,kagu,similar_romaji,kept:蕪/kabu,普通名詞,人工物-その他
神楽,かぐら,kagura,similar_romaji,kept:矢倉/yagura,普通名詞,抽象物
河畔,かはん,kahan,similar_romaji,kept:火山/kazan,普通名詞,場所-自然
歌碑,かひ,kahi,similar_romaji,kept:神/kami,普通名詞,自然物
家宝,かほう,kaho,similar_romaji,kept:角/kado,普通名詞,人工物-その他
快打,かいだ,kaida,similar_romaji,kept:海馬/kaiba,サ変名詞,抽象物
階段,かいだん,kaidan,similar_romaji,kept:海岸/kaigan,普通名詞,場所-施設部位
海道,かいどう,kaido,similar_romaji,kept:蚕/kaiko,普通名詞,場所-施設
開演,かいえん,kaien,similar_romaji,kept:煤煙/baien,サ変名詞,抽象物
海風,かいふう,kaifu,similar_romaji,kept:怪獣/kaiju,普通名詞,抽象物
絵画,かいが,kaiga,similar_romaji,kept:大河/taiga,普通名詞,抽象物
海外,かいがい,kaigai,similar_romaji,kept:海岸/kaigan,普通名詞,場所-その他
開眼,かいげん,kaigen,similar_romaji,kept:際限/saigen,サ変名詞,抽象物
買い食い,かいぐい,kaigui,similar_romaji,kept:海水/kaisui,サ変名詞,抽象物
改編,かいへん,kaihen,similar_romaji,kept:海綿/kaimen,サ変名詞,抽象物
会費,かいひ,kaihi,similar_romaji,kept:堆肥/taihi,普通名詞,人工物-金銭
怪人,かいじん,kaijin,similar_romaji,kept:海浜/kaihin,普通名詞,人
会場,かいじょう,kaijo,similar_romaji,kept:蚕/kaiko,普通名詞,場所-その他
階下,かいか,kaika,similar_romaji,kept:配下/haika,普通名詞,場所-機能
会館,かいかん,kaikan,similar_romaji,kept:海岸/kaigan,普通名詞,場所-施設
会期,かいき,kaiki,similar_romaji,kept:外気/gaiki,時相名詞,時間
皆勤,かいきん,kaikin,similar_romaji,kept:細菌/saikin,サ変名詞,抽象物
階名,かいめい,kaimei,similar_romaji,kept:雷鳴/raimei,普通名詞,抽象物
快眠,かいみん,kaimin,similar_romaji,kept:海浜/kaihin,サ変名詞,抽象物
戒名,かいみょう,kaimyo,similar_romaji,kept:大名/daimyo,普通名詞,抽象物
海難,かいなん,kainan,similar_romaji,kept:海岸/kaigan,普通名詞,抽象物
買い置き,かいおき,kaioki,similar_romaji,kept:海域/kaiiki,サ変名詞,抽象物
傀儡,かいらい,kairai,similar_romaji,kept:界隈/kaiwai,普通名詞,人;人工物-その他
海嶺,かいれい,kairei,similar_romaji,kept:海底/kaitei,普通名詞,場所-自然
開山,かいさん,kaisan,similar_romaji,kept:財産/zaisan,サ変名詞,抽象物
改姓,かいせい,kaisei,similar_romaji,kept:海底/kaitei,サ変名詞,抽象物
開始,かいし,kaishi,similar_romaji,kept:海水/kaisui,サ変名詞,抽象物
会所,かいしょ,kaisho,similar_romaji,kept:内緒/naisho,普通名詞,場所-施設
改宗,かいしゅう,kaishu,similar_romaji,kept:大衆/taishu,サ変名詞,抽象物
海藻,かいそう,kaiso,similar_romaji,kept:蚕/kaiko,普通名詞,植物;人工物-食べ物
回転,かいてん,kaiten,similar_romaji,kept:海綿/kaimen,サ変名詞,抽象物
海運,かいうん,kaiun,similar_romaji,kept:雷雲/raiun,普通名詞,抽象物
会話,かいわ,kaiwa,similar_romaji,kept:海馬/kaiba,サ変名詞,抽象物
海洋,かいよう,kaiyo,similar_romaji,kept:太陽/taiyo,普通名詞,場所-その他
舵,かじ,kaji,similar_romaji,kept:恥/haji,普通名詞,人工物-その他
加除,かじょ,kajo,similar_romaji,kept:牙城/gajo,サ変名詞,抽象物
果樹,かじゅ,kaju,similar_romaji,kept:蕪/kabu,普通名詞,植物
踵,かかと,kakato,similar_romaji,kept:辛党/karato,普通名詞,動物-部位
家系,かけい,kakei,similar_romaji,kept:鰈/karei,普通名詞,抽象物
郭公,かっこう,kakko,similar_romaji,kept:蚕/kaiko,普通名詞,動物
河口,かこう,kako,similar_romaji,kept:箱/hako,普通名詞,場所-自然
閣,かく,kaku,similar_romaji,kept:枠/waku,普通名詞,場所-施設部位
各位,かくい,kakui,similar_romaji,kept:白衣/hakui,普通名詞,人
家訓,かくん,kakun,similar_romaji,kept:花粉/kafun,普通名詞,抽象物
家名,かめい,kamei,similar_romaji,kept:鰈/karei,普通名詞,抽象物
仮面,かめん,kamen,similar_romaji,kept:河川/kasen,普通名詞,人工物-その他
上期,かみき,kamiki,similar_romaji,kept:並木/namiki,時相名詞,時間
仮眠,かみん,kamin,similar_romaji,kept:惰眠/damin,サ変名詞,抽象物
家紋,かもん,kamon,similar_romaji,kept:鬼門/kimon,普通名詞,人工物-その他
缶,かん,kan,similar_romaji,kept:雁/gan,普通名詞,人工物-その他
看板,かんばん,kanban,similar_romaji,kept:岩盤/ganban,普通名詞,人工物-その他
幹部,かんぶ,kanbu,similar_romaji,kept:乱舞/ranbu,普通名詞,人
間道,かんどう,kando,similar_romaji,kept:残土/zando,普通名詞,場所-施設
果肉,かにく,kaniku,similar_romaji,kept:馬肉/baniku,普通名詞,植物-部位
幹事,かんじ,kanji,similar_romaji,kept:家内/kanai,普通名詞,人
冠状,かんじょう,kanjo,similar_romaji,kept:根性/konjo,普通名詞,形・模様
関係,かんけい,kankei,similar_romaji,kept:山系/sankei,サ変名詞,抽象物
乾季,かんき,kanki,similar_romaji,kept:耕運機/konki,時相名詞,時間
刊行,かんこう,kanko,similar_romaji,kept:軟膏/nanko,サ変名詞,抽象物
環境,かんきょう,kankyo,similar_romaji,kept:海峡/kaikyo,普通名詞,抽象物
関門,かんもん,kanmon,similar_romaji,kept:難問/nanmon,普通名詞,場所-施設
鉋,かんな,kanna,similar_romaji,kept:旦那/danna,普通名詞,人工物-その他
甲板,かんぱん,kanpan,similar_romaji,kept:残飯/zanpan,普通名詞,場所-施設部位
刊本,かんぽん,kanpon,similar_romaji,kept:観音/kannon,普通名詞,人工物-その他
完封,かんぷう,kanpu,similar_romaji,kept:絹布/kenpu,サ変名詞,抽象物
観覧,かんらん,kanran,similar_romaji,kept:混乱/konran,サ変名詞,抽象物
甘露,かんろ,kanro,similar_romaji,kept:暖炉/danro,普通名詞,抽象物
漢詩,かんし,kanshi,similar_romaji,kept:卵子/ranshi,普通名詞,抽象物
観衆,かんしゅう,kanshu,similar_romaji,kept:環礁/kansho,普通名詞,人
間奏,かんそう,kanso,similar_romaji,kept:炭素/tanso,普通名詞,抽象物
寒村,かんそん,kanson,similar_romaji,kept:乱層雲/ranson,普通名詞,場所-その他
寒帯,かんたい,kantai,similar_romaji,kept:眼帯/gantai,普通名詞,場所-その他
寒天,かんてん,kanten,similar_romaji,kept:南天/nanten,普通名詞,抽象物
巻頭,かんとう,kanto,similar_romaji,kept:半島/hanto,普通名詞,抽象物
家屋,かおく,kaoku,similar_romaji,kept:記憶/kioku,普通名詞,場所-施設
割烹,かっぽう,kappo,similar_romaji,kept:河童/kappa,普通名詞,場所-施設
空手,からて,karate,similar_romaji,kept:片手/katate,普通名詞,抽象物
家老,かろう,karo,similar_romaji,kept:黒/kuro,普通名詞,人
下流,かりゅう,karyu,similar_romaji,kept:交流/koryu,普通名詞,場所-その他
火星,かせい,kasei,similar_romaji,kept:鰈/karei,普通名詞,自然物
化石,かせき,kaseki,similar_romaji,kept:鉱石/koseki,サ変名詞,自然物
貨車,かしゃ,kasha,similar_romaji,kept:樫/kashi,普通名詞,人工物-乗り物
家臣,かしん,kashin,similar_romaji,kept:野心/yashin,普通名詞,人
華商,かしょう,kasho,similar_romaji,kept:樫/kashi,普通名詞,人
歌手,かしゅ,kashu,similar_romaji,kept:樫/kashi,普通名詞,人
下層,かそう,kaso,similar_romaji,kept:和装/waso,普通名詞,場所-その他
滑走,かっそう,kasso,similar_romaji,kept:雑草/zasso,サ変名詞,抽象物
かす,かす,kasu,similar_romaji,kept:蓮/hasu,普通名詞,人工物-その他
家宅,かたく,kataku,similar_romaji,kept:光沢/kotaku,普通名詞,場所-施設
形見,かたみ,katami,similar_romaji,kept:畳/tatami,普通名詞,人工物-その他
下端,かたん,katan,similar_romaji,kept:火山/kazan,普通名詞,場所-機能
家庭,かてい,katei,similar_romaji,kept:湖底/kotei,普通名詞,場所-その他
加点,かてん,katen,similar_romaji,kept:句点/kuten,サ変名詞,抽象物
河原,かわら,kawara,similar_romaji,kept:俵/tawara,普通名詞,場所-自然
蚊帳,かや,kaya,similar_romaji,kept:傘/kasa,普通名詞,人工物-その他
火薬,かやく,kayaku,similar_romaji,kept:早く/hayaku,普通名詞,人工物-その他
火曜,かよう,kayo,similar_romaji,kept:角/kado,時相名詞,時間
家財,かざい,kazai,similar_romaji,kept:火山/kazan,普通名詞,人工物-その他
風見,かざみ,kazami,similar_romaji,kept:鏡/kagami,普通名詞,人工物-その他
毛鉤,けばり,kebari,similar_romaji,kept:目張り/mebari,普通名詞,人工物-その他
罫,けい,kei,similar_romaji,kept:芸/gei,普通名詞,形・模様
競馬,けいば,keiba,similar_romaji,kept:名馬/meiba,普通名詞,抽象物
慶弔,けいちょう,keicho,similar_romaji,kept:成鳥/seicho,普通名詞,抽象物
景品,けいひん,keihin,similar_romaji,kept:海浜/kaihin,普通名詞,人工物-その他
警報,けいほう,keiho,similar_romaji,kept:名峰/meiho,普通名詞,抽象物
経緯,けいい,keii,similar_romaji,kept:名医/meii,サ変名詞,場所-その他
啓示,けいじ,keiji,similar_romaji,kept:定時/teiji,サ変名詞,抽象物
計器,けいき,keiki,similar_romaji,kept:冷気/reiki,普通名詞,人工物-その他
稽古,けいこ,keiko,similar_romaji,kept:芸子/geiko,サ変名詞,抽象物
競輪,けいりん,keirin,similar_romaji,kept:鶏卵/keiran,普通名詞,抽象物
毛色,けいろ,keiro,similar_romaji,kept:鶏頭/keito,普通名詞,色
計量,けいりょう,keiryo,similar_romaji,kept:渓流/keiryu,サ変名詞,抽象物
計算,けいさん,keisan,similar_romaji,kept:鶏卵/keiran,サ変名詞,抽象物
罫紙,けいし,keishi,similar_romaji,kept:停止/teishi,普通名詞,人工物-その他
勁草,けいそう,keiso,similar_romaji,kept:並走/heiso,普通名詞,人;植物
携帯,けいたい,keitai,similar_romaji,kept:生体/seitai,サ変名詞,人工物-その他;抽象物
系図,けいず,keizu,similar_romaji,kept:軽油/keiyu,普通名詞,人工物-その他
欠航,けっこう,kekko,similar_romaji,kept:絶好/zekko,サ変名詞,抽象物
結婚,けっこん,kekkon,similar_romaji,kept:葛根/kakkon,サ変名詞,抽象物
蹴鞠,けまり,kemari,similar_romaji,kept:煙/kemuri,普通名詞,人工物-その他
剣,けん,ken,similar_romaji,kept:天/ten,普通名詞,人工物-その他
毛並み,けなみ,kenami,similar_romaji,kept:家並み/ienami,普通名詞,抽象物
賢母,けんぼ,kenbo,similar_romaji,kept:剣豪/kengo,普通名詞,人
県道,けんどう,kendo,similar_romaji,kept:粘土/nendo,普通名詞,場所-施設
検印,けんいん,kenin,similar_romaji,kept:巻雲/kenun,普通名詞,人工物-その他
賢者,けんじゃ,kenja,similar_romaji,kept:患者/kanja,普通名詞,人
賢人,けんじん,kenjin,similar_romaji,kept:漢人/kanjin,普通名詞,人
牽制,けんせい,kensei,similar_romaji,kept:金星/kinsei,サ変名詞,抽象物
剣士,けんし,kenshi,similar_romaji,kept:君子/kunshi,普通名詞,人
顕正,けんしょう,kensho,similar_romaji,kept:原初/gensho,サ変名詞,抽象物
堅守,けんしゅ,kenshu,similar_romaji,kept:練習/renshu,サ変名詞,抽象物
懸垂,けんすい,kensui,similar_romaji,kept:泉水/sensui,サ変名詞,抽象物
検定,けんてい,kentei,similar_romaji,kept:船艇/sentei,サ変名詞,抽象物
拳闘,けんとう,kento,similar_romaji,kept:弁当/bento,普通名詞,抽象物
兼用,けんよう,kenyo,similar_romaji,kept:綿羊/menyo,サ変名詞,抽象物
建材,けんざい,kenzai,similar_romaji,kept:前栽/senzai,普通名詞,人工物-その他
剣山,けんざん,kenzan,similar_romaji,kept:連山/renzan,普通名詞,人工物-その他
家来,けらい,kerai,similar_romaji,kept:位/kurai,普通名詞,人
袈裟,けさ,kesa,similar_romaji,kept:傘/kasa,普通名詞,人工物-衣類
毛先,けさき,kesaki,similar_romaji,kept:欅/keyaki,普通名詞,動物-部位
芥子,けし,keshi,similar_romaji,kept:飯/meshi,普通名詞,植物
気合い,きあい,kiai,similar_romaji,kept:雉/kiji,普通名詞,抽象物
牙,きば,kiba,similar_romaji,kept:北/kita,普通名詞,動物-部位
機微,きび,kibi,similar_romaji,kept:首/kubi,普通名詞,植物
希望,きぼう,kibo,similar_romaji,kept:肝/kimo,サ変名詞,抽象物
木彫り,きぼり,kibori,similar_romaji,kept:きこり/kikori,普通名詞,人工物-その他
気分,きぶん,kibun,similar_romaji,kept:基準/kijun,普通名詞,抽象物
機中,きちゅう,kichu,similar_romaji,kept:渦中/kachu,普通名詞,場所-その他
季題,きだい,kidai,similar_romaji,kept:時代/jidai,普通名詞,抽象物
木戸,きど,kido,similar_romaji,kept:角/kado,普通名詞,場所-施設
帰依,きえ,kie,similar_romaji,kept:肥/koe,サ変名詞,抽象物
棋譜,きふ,kifu,similar_romaji,kept:義父/gifu,普通名詞,抽象物
器楽,きがく,kigaku,similar_romaji,kept:企画/kikaku,普通名詞,抽象物
祈願,きがん,kigan,similar_romaji,kept:彼岸/higan,サ変名詞,抽象物
気兼ね,きがね,kigane,similar_romaji,kept:地金/jigane,サ変名詞,抽象物
喜劇,きげき,kigeki,similar_romaji,kept:汽笛/kiteki,普通名詞,抽象物
期限,きげん,kigen,similar_romaji,kept:抗原/kogen,時相名詞,時間
木々,きぎ,kigi,similar_romaji,kept:右/migi,普通名詞,植物
季語,きご,kigo,similar_romaji,kept:肝/kimo,普通名詞,抽象物
器具,きぐ,kigu,similar_romaji,kept:絹/kinu,普通名詞,人工物-その他
貴賓,きひん,kihin,similar_romaji,kept:きりん/kirin,普通名詞,人
気泡,きほう,kiho,similar_romaji,kept:肝/kimo,普通名詞,自然物
基本,きほん,kihon,similar_romaji,kept:鬼門/kimon,普通名詞,抽象物
黄色,きいろ,kiiro,similar_romaji,kept:藍色/aiiro,普通名詞,色
生糸,きいと,kiito,similar_romaji,kept:鶏頭/keito,普通名詞,人工物-その他
机上,きじょう,kijo,similar_romaji,kept:愛情/aijo,普通名詞,場所-その他
喜寿,きじゅ,kiju,similar_romaji,kept:苦汁/kuju,普通名詞,時間
器械,きかい,kikai,similar_romaji,kept:理解/rikai,普通名詞,人工物-その他
期間,きかん,kikan,similar_romaji,kept:蜜柑/mikan,時相名詞,時間
棄権,きけん,kiken,similar_romaji,kept:愛犬/aiken,サ変名詞,抽象物
基金,ききん,kikin,similar_romaji,kept:きりん/kirin,普通名詞,人工物-金銭
菊花,きっか,kikka,similar_romaji,kept:日課/nikka,普通名詞,植物-部位;形・模様
気孔,きこう,kiko,similar_romaji,kept:肝/kimo,普通名詞,動物-部位
気根,きこん,kikon,similar_romaji,kept:鬼門/kimon,普通名詞,植物-部位
桔梗,ききょう,kikyo,similar_romaji,kept:気球/kikyu,普通名詞,植物
黄身,きみ,kimi,similar_romaji,kept:耳/mimi,普通名詞,動物-部位;人工物-食べ物
着物,きもの,kimono,similar_romaji,kept:獣/kemono,普通名詞,人工物-衣類
黄な粉,きなこ,kinako,similar_romaji,kept:茸/kinoko,普通名詞,人工物-食べ物
杵,きね,kine,similar_romaji,kept:峰/mine,普通名詞,人工物-その他
近所,きんじょ,kinjo,similar_romaji,kept:人情/ninjo,普通名詞,場所-その他
金貨,きんか,kinka,similar_romaji,kept:人家/jinka,普通名詞,人工物-金銭
金塊,きんかい,kinkai,similar_romaji,kept:臨海/rinkai,普通名詞,人工物-その他
昨日,きのう,kino,similar_romaji,kept:蓑/mino,時相名詞,時間
近辺,きんぺん,kinpen,similar_romaji,kept:近年/kinnen,普通名詞,場所-機能
金品,きんぴん,kinpin,similar_romaji,kept:金銀/kingin,普通名詞,人工物-金銭
近来,きんらい,kinrai,similar_romaji,kept:近代/kindai,時相名詞,時間
近隣,きんりん,kinrin,similar_romaji,kept:金銀/kingin,普通名詞,場所-その他
菌類,きんるい,kinrui,similar_romaji,kept:感涙/kanrui,普通名詞,植物
琴線,きんせん,kinsen,similar_romaji,kept:金星/kinsei,普通名詞,人工物-その他
菌糸,きんし,kinshi,similar_romaji,kept:金星/kinsei,普通名詞,動物-部位
金曜,きんよう,kinyo,similar_romaji,kept:金鉱/kinko,時相名詞,時間
切り絵,きりえ,kirie,similar_romaji,kept:きりん/kirin,普通名詞,人工物-その他;抽象物
岐路,きろ,kiro,similar_romaji,kept:黒/kuro,普通名詞,場所-その他
記録,きろく,kiroku,similar_romaji,kept:規則/kisoku,サ変名詞,抽象物
棋聖,きせい,kisei,similar_romaji,kept:理性/risei,普通名詞,人
軌跡,きせき,kiseki,similar_romaji,kept:鉱石/koseki,普通名詞,形・模様
汽船,きせん,kisen,similar_romaji,kept:河川/kasen,普通名詞,人工物-乗り物
汽車,きしゃ,kisha,similar_romaji,kept:愛車/aisha,普通名詞,人工物-乗り物
記章,きしょう,kisho,similar_romaji,kept:岸/kishi,普通名詞,人工物-その他
旗手,きしゅ,kishu,similar_romaji,kept:岸/kishi,普通名詞,人
起草,きそう,kiso,similar_romaji,kept:尼僧/niso,サ変名詞,抽象物
帰宅,きたく,kitaku,similar_romaji,kept:自宅/jitaku,サ変名詞,抽象物
奇譚,きたん,kitan,similar_romaji,kept:気体/kitai,普通名詞,抽象物
基点,きてん,kiten,similar_romaji,kept:飛天/hiten,普通名詞,場所-機能
切手,きって,kitte,similar_romaji,kept:十手/jitte,普通名詞,人工物-金銭
木枠,きわく,kiwaku,similar_romaji,kept:企画/kikaku,普通名詞,人工物-その他
器材,きざい,kizai,similar_romaji,kept:気体/kitai,普通名詞,人工物-その他
貴族,きぞく,kizoku,similar_romaji,kept:規則/kisoku,普通名詞,人
絆,きずな,kizuna,similar_romaji,kept:水菜/mizuna,普通名詞,抽象物
こうべ,こうべ,kobe,similar_romaji,kept:野辺/nobe,普通名詞,動物-部位
酵母,こうぼ,kobo,similar_romaji,kept:楮/kozo,普通名詞,動物
子分,こぶん,kobun,similar_romaji,kept:等分/tobun,普通名詞,人
耕地,こうち,kochi,similar_romaji,kept:後/nochi,普通名詞,場所-その他
校長,こうちょう,kocho,similar_romaji,kept:幼鳥/yocho,普通名詞,人
好打,こうだ,koda,similar_romaji,kept:管/kuda,サ変名詞,抽象物
古代,こだい,kodai,similar_romaji,kept:紅梅/kobai,時相名詞,時間
香典,こうでん,koden,similar_romaji,kept:都電/toden,普通名詞,人工物-金銭
公道,こうどう,kodo,similar_romaji,kept:淀/yodo,普通名詞,場所-施設
子供,こども,kodomo,similar_romaji,kept:衣/koromo,普通名詞,人
小躍り,こおどり,kodori,similar_romaji,kept:蝙蝠/komori,サ変名詞,抽象物
公園,こうえん,koen,similar_romaji,kept:後衛/koei,普通名詞,場所-施設
古墳,こふん,kofun,similar_romaji,kept:花粉/kafun,普通名詞,場所-施設
郊外,こうがい,kogai,similar_romaji,kept:紅梅/kobai,普通名詞,場所-その他
工学,こうがく,kogaku,similar_romaji,kept:方角/hogaku,普通名詞,抽象物
湖岸,こがん,kogan,similar_romaji,kept:抗原/kogen,普通名詞,場所-自然
工芸,こうげい,kogei,similar_romaji,kept:送迎/sogei,普通名詞,抽象物
攻撃,こうげき,kogeki,similar_romaji,kept:鉱石/koseki,サ変名詞,抽象物
講義,こうぎ,kogi,similar_romaji,kept:定規/jogi,サ変名詞,抽象物
興行,こうぎょう,kogyo,similar_romaji,kept:幼魚/yogyo,サ変名詞,抽象物
後輩,こうはい,kohai,similar_romaji,kept:気配/kehai,普通名詞,人
琥珀,こはく,kohaku,similar_romaji,kept:光沢/kotaku,普通名詞,自然物
後編,こうへん,kohen,similar_romaji,kept:抗原/kogen,普通名詞,抽象物
後方,こうほう,koho,similar_romaji,kept:楮/kozo,普通名詞,場所-機能
こいつ,こいつ,koitsu,similar_romaji,kept:統一/toitsu,普通名詞,人
麹,こうじ,koji,similar_romaji,kept:雉/kiji,普通名詞,人工物-その他
硬貨,こうか,koka,similar_romaji,kept:猛火/moka,普通名詞,人工物-金銭
公海,こうかい,kokai,similar_romaji,kept:妖怪/yokai,普通名詞,場所-その他
口角,こうかく,kokaku,similar_romaji,kept:企画/kikaku,普通名詞,動物-部位
光景,こうけい,kokei,similar_romaji,kept:湖底/kotei,普通名詞,抽象物
後期,こうき,koki,similar_romaji,kept:軒/noki,時相名詞,時間
国境,こっきょう,kokkyo,similar_romaji,kept:即興/sokkyo,普通名詞,場所-その他
口腔,こうこう,koko,similar_romaji,kept:横/yoko,普通名詞,動物-部位
古今,ここん,kokon,similar_romaji,kept:濃紺/nokon,普通名詞,時間
高空,こうくう,koku,similar_romaji,kept:菊/kiku,普通名詞,場所-自然
国技,こくぎ,kokugi,similar_romaji,kept:特技/tokugi,普通名詞,抽象物
国宝,こくほう,kokuho,similar_romaji,kept:国道/kokudo,普通名詞,人工物-その他
穀倉,こくそう,kokuso,similar_romaji,kept:牧草/bokuso,普通名詞,場所-施設
好球,こうきゅう,kokyu,similar_romaji,kept:号泣/gokyu,普通名詞,人工物-その他
駒,こま,koma,similar_romaji,kept:窯/kama,普通名詞,人工物-その他
鼓膜,こまく,komaku,similar_romaji,kept:光沢/kotaku,普通名詞,動物-部位
湖面,こめん,komen,similar_romaji,kept:索麺/somen,普通名詞,場所-その他
薦,こも,komo,similar_romaji,kept:供/tomo,普通名詞,人工物-その他
校門,こうもん,komon,similar_romaji,kept:鬼門/kimon,普通名詞,場所-施設
小物,こもの,komono,similar_romaji,kept:青物/aomono,普通名詞,人工物-その他
構内,こうない,konai,similar_romaji,kept:家内/kanai,普通名詞,場所-その他
今晩,こんばん,konban,similar_romaji,kept:鍵盤/kenban,時相名詞,時間
棍棒,こんぼう,konbo,similar_romaji,kept:蜻蛉/tonbo,普通名詞,人工物-その他
今度,こんど,kondo,similar_romaji,kept:問答/mondo,時相名詞,時間
後年,こうねん,konen,similar_romaji,kept:抗原/kogen,時相名詞,時間
今後,こんご,kongo,similar_romaji,kept:剣豪/kengo,時相名詞,時間
婚姻,こんいん,konin,similar_romaji,kept:当人/tonin,サ変名詞,抽象物
紺色,こんいろ,koniro,similar_romaji,kept:金色/kiniro,普通名詞,色
根毛,こんもう,konmo,similar_romaji,kept:根性/konjo,普通名詞,植物-部位
建立,こんりゅう,konryu,similar_romaji,kept:困窮/konkyu,サ変名詞,抽象物
混声,こんせい,konsei,similar_romaji,kept:金星/kinsei,普通名詞,抽象物
今週,こんしゅう,konshu,similar_romaji,kept:昆虫/konchu,時相名詞,時間
今夕,こんゆう,konyu,similar_romaji,kept:豆乳/tonyu,時相名詞,時間
骨片,こっぺん,koppen,similar_romaji,kept:骨粉/koppun,普通名詞,動物-部位
甲羅,こうら,kora,similar_romaji,kept:空/sora,普通名詞,動物-部位
行楽,こうらく,koraku,similar_romaji,kept:光沢/kotaku,普通名詞,抽象物
恒例,こうれい,korei,similar_romaji,kept:鰈/karei,普通名詞,抽象物
行李,こうり,kori,similar_romaji,kept:鳥/tori,普通名詞,人工物-その他
後輪,こうりん,korin,similar_romaji,kept:きりん/kirin,普通名詞,人工物-その他
頃,ころ,koro,similar_romaji,kept:泥/doro,普通名詞,時間
頃合い,ころあい,koroai,similar_romaji,kept:蟋蟀/korogi,普通名詞,時間
香料,こうりょう,koryo,similar_romaji,kept:交流/koryu,普通名詞,人工物-金銭;人工物-その他
考査,こうさ,kosa,similar_romaji,kept:傘/kasa,サ変名詞,抽象物
工作,こうさく,kosaku,similar_romaji,kept:創作/sosaku,サ変名詞,抽象物
恒星,こうせい,kosei,similar_romaji,kept:輿/koshi,普通名詞,自然物
鉱泉,こうせん,kosen,similar_romaji,kept:河川/kasen,普通名詞,場所-自然
好手,こうしゅ,koshu,similar_romaji,kept:洋酒/yoshu,普通名詞,人
酵素,こうそ,koso,similar_romaji,kept:楮/kozo,普通名詞,自然物
硬水,こうすい,kosui,similar_romaji,kept:輿/koshi,普通名詞,自然物
小唄,こうた,kota,similar_romaji,kept:青田/aota,普通名詞,抽象物
抗体,こうたい,kotai,similar_romaji,kept:気体/kitai,普通名詞,自然物
小手,こて,kote,similar_romaji,kept:糧/kate,普通名詞,動物-部位;人工物-衣類;抽象物
後転,こうてん,koten,similar_romaji,kept:要点/yoten,普通名詞,抽象物
孤島,ことう,koto,similar_romaji,kept:元/moto,普通名詞,場所-自然
小鳥,ことり,kotori,similar_romaji,kept:ほとり/hotori,普通名詞,動物
交通,こうつう,kotsu,similar_romaji,kept:靴/kutsu,サ変名詞,抽象物
講話,こうわ,kowa,similar_romaji,kept:川/kawa,サ変名詞,抽象物
港湾,こうわん,kowan,similar_romaji,kept:湖畔/kohan,普通名詞,場所-施設
荒野,こうや,koya,similar_romaji,kept:粉/kona,普通名詞,場所-自然
膏薬,こうやく,koyaku,similar_romaji,kept:要約/yoyaku,普通名詞,人工物-その他
紙撚り,こより,koyori,similar_romaji,kept:蝙蝠/komori,普通名詞,人工物-その他
交友,こうゆう,koyu,similar_romaji,kept:粥/kayu,普通名詞,人
小指,こゆび,koyubi,similar_romaji,kept:小雪/koyuki,普通名詞,動物-部位
鋼材,こうざい,kozai,similar_romaji,kept:総菜/sozai,普通名詞,人工物-その他
鉱山,こうざん,kozan,similar_romaji,kept:火山/kazan,普通名詞,場所-自然
梢,こずえ,kozue,similar_romaji,kept:野末/nozue,普通名詞,植物-部位
洪水,こうずい,kozui,similar_romaji,kept:黒衣/kokui,普通名詞,抽象物
軛,くびき,kubiki,similar_romaji,kept:忌引き/kibiki,普通名詞,人工物-その他
首輪,くびわ,kubiwa,similar_romaji,kept:指輪/yubiwa,普通名詞,人工物-その他
区部,くぶ,kubu,similar_romaji,kept:蕪/kabu,普通名詞,場所-その他
空調,くうちょう,kucho,similar_romaji,kept:機長/kicho,普通名詞,人工物-その他
空中,くうちゅう,kuchu,similar_romaji,kept:渦中/kachu,普通名詞,場所-その他
工夫,くふう,kufu,similar_romaji,kept:苦汁/kuju,サ変名詞,抽象物
苦学,くがく,kugaku,similar_romaji,kept:儒学/jugaku,サ変名詞,抽象物
公家,くげ,kuge,similar_romaji,kept:影/kage,普通名詞,人
釘,くぎ,kugi,similar_romaji,kept:杉/sugi,普通名詞,人工物-その他
苦行,くぎょう,kugyo,similar_romaji,kept:奉行/bugyo,サ変名詞,抽象物
杭,くい,kui,similar_romaji,kept:貝/kai,普通名詞,人工物-その他
食い気,くいけ,kuike,similar_romaji,kept:区域/kuiki,普通名詞,抽象物
くじ,くじ,kuji,similar_romaji,kept:筋/suji,普通名詞,人工物-その他
苦情,くじょう,kujo,similar_romaji,kept:雲/kumo,普通名詞,抽象物
苦海,くかい,kukai,similar_romaji,kept:樹海/jukai,普通名詞,場所-その他
区画,くかく,kukaku,similar_romaji,kept:遊郭/yukaku,サ変名詞,場所-その他
矩形,くけい,kukei,similar_romaji,kept:婦警/fukei,普通名詞,形・模様
空気,くうき,kuki,similar_romaji,kept:雪/yuki,普通名詞,自然物
空港,くうこう,kuko,similar_romaji,kept:婿/muko,普通名詞,場所-施設
組み手,くみて,kumite,similar_romaji,kept:上手/kamite,普通名詞,抽象物
燻製,くんせい,kunsei,similar_romaji,kept:金星/kinsei,普通名詞,人工物-食べ物
空欄,くうらん,kuran,similar_romaji,kept:位/kurai,普通名詞,人工物-その他
栗毛,くりげ,kurige,similar_romaji,kept:くらげ/kurage,普通名詞,動物
胡桃,くるみ,kurumi,similar_romaji,kept:車/kuruma,普通名詞,植物;人工物-食べ物
楔,くさび,kusabi,similar_romaji,kept:鎖/kusari,普通名詞,人工物-その他
草木,くさき,kusaki,similar_romaji,kept:鎖/kusari,普通名詞,植物
空席,くうせき,kuseki,similar_romaji,kept:鉱石/koseki,普通名詞,場所-その他
串,くし,kushi,similar_romaji,kept:主/nushi,普通名詞,人工物-その他
句集,くしゅう,kushu,similar_romaji,kept:空車/kusha,普通名詞,人工物-その他;抽象物
供養,くよう,kuyo,similar_romaji,kept:蚋/buyo,サ変名詞,抽象物
空輸,くうゆ,kuyu,similar_romaji,kept:冬/fuyu,サ変名詞,抽象物
卿,きょう,kyo,similar_romaji,kept:豹/hyo,普通名詞,人
胸部,きょうぶ,kyobu,similar_romaji,kept:巨樹/kyoju,普通名詞,動物-部位
共著,きょうちょ,kyocho,similar_romaji,kept:明朝/myocho,普通名詞,抽象物
兄弟,きょうだい,kyodai,similar_romaji,kept:巨体/kyotai,普通名詞,人
郷土,きょうど,kyodo,similar_romaji,kept:表土/hyodo,普通名詞,場所-その他
競泳,きょうえい,kyoei,similar_romaji,kept:興味/kyomi,サ変名詞,抽象物
饗宴,きょうえん,kyoen,similar_romaji,kept:御苑/gyoen,普通名詞,抽象物
京風,きょうふう,kyofu,similar_romaji,kept:巨樹/kyoju,普通名詞,抽象物
教義,きょうぎ,kyogi,similar_romaji,kept:興味/kyomi,普通名詞,抽象物
強豪,きょうごう,kyogo,similar_romaji,kept:教祖/kyoso,普通名詞,抽象物
巨費,きょひ,kyohi,similar_romaji,kept:表皮/hyohi,普通名詞,人工物-金銭
競歩,きょうほ,kyoho,similar_romaji,kept:両方/ryoho,普通名詞,抽象物
巨人,きょじん,kyojin,similar_romaji,kept:杏林/kyorin,普通名詞,人
橋上,きょうじょう,kyojo,similar_romaji,kept:明星/myojo,普通名詞,場所-施設部位
教官,きょうかん,kyokan,similar_romaji,kept:急患/kyukan,普通名詞,人
強肩,きょうけん,kyoken,similar_romaji,kept:猟犬/ryoken,普通名詞,抽象物
凶器,きょうき,kyoki,similar_romaji,kept:興味/kyomi,普通名詞,人工物-その他
郷里,きょうり,kyori,similar_romaji,kept:料理/ryori,普通名詞,場所-その他
恐竜,きょうりゅう,kyoryu,similar_romaji,kept:急流/kyuryu,普通名詞,動物
胸腺,きょうせん,kyosen,similar_romaji,kept:漁船/gyosen,普通名詞,動物-部位
強者,きょうしゃ,kyosha,similar_romaji,kept:教師/kyoshi,普通名詞,人
巨匠,きょしょう,kyosho,similar_romaji,kept:教師/kyoshi,普通名詞,人
教主,きょうしゅ,kyoshu,similar_romaji,kept:吸収/kyushu,普通名詞,人
拠点,きょてん,kyoten,similar_romaji,kept:凶年/kyonen,普通名詞,場所-機能
教徒,きょうと,kyoto,similar_romaji,kept:教祖/kyoso,普通名詞,人
教諭,きょうゆ,kyoyu,similar_romaji,kept:両雄/ryoyu,サ変名詞,人
教材,きょうざい,kyozai,similar_romaji,kept:巨体/kyotai,普通名詞,人工物-その他
虚像,きょぞう,kyozo,similar_romaji,kept:教祖/kyoso,普通名詞,形・模様
求愛,きゅうあい,kyuai,similar_romaji,kept:胡瓜/kyuri,サ変名詞,抽象物
吸盤,きゅうばん,kyuban,similar_romaji,kept:急患/kyukan,普通名詞,動物-部位;人工物-その他
窮乏,きゅうぼう,kyubo,similar_romaji,kept:急行/kyuko,サ変名詞,抽象物
休部,きゅうぶ,kyubu,similar_romaji,kept:急須/kyusu,サ変名詞,抽象物
旧道,きゅうどう,kyudo,similar_romaji,kept:急行/kyuko,普通名詞,場所-施設
休符,きゅうふ,kyufu,similar_romaji,kept:急須/kyusu,普通名詞,抽象物
球技,きゅうぎ,kyugi,similar_romaji,kept:胡瓜/kyuri,普通名詞,抽象物
急坂,きゅうはん,kyuhan,similar_romaji,kept:急患/kyukan,普通名詞,場所-その他
球児,きゅうじ,kyuji,similar_romaji,kept:胡瓜/kyuri,普通名詞,人
休暇,きゅうか,kyuka,similar_romaji,kept:急行/kyuko,普通名詞,抽象物
球界,きゅうかい,kyukai,similar_romaji,kept:球形/kyukei,普通名詞,抽象物
球根,きゅうこん,kyukon,similar_romaji,kept:急患/kyukan,普通名詞,植物-部位
球音,きゅうおん,kyuon,similar_romaji,kept:球宴/kyuen,普通名詞,抽象物
丘陵,きゅうりょう,kyuryo,similar_romaji,kept:急流/kyuryu,普通名詞,場所-自然
厩舎,きゅうしゃ,kyusha,similar_romaji,kept:牛車/gyusha,普通名詞,場所-施設
臼歯,きゅうし,kyushi,similar_romaji,kept:粒子/ryushi,普通名詞,動物-部位
急所,きゅうしょ,kyusho,similar_romaji,kept:吸収/kyushu,普通名詞,場所-その他
給湯,きゅうとう,kyuto,similar_romaji,kept:牛刀/gyuto,サ変名詞,抽象物
旧友,きゅうゆう,kyuyu,similar_romaji,kept:急須/kyusu,普通名詞,人
間合い,まあい,maai,similar_romaji,kept:薪/maki,普通名詞,場所-機能;時間
間取り,まどり,madori,similar_romaji,kept:緑/midori,普通名詞,抽象物
間借り,まがり,magari,similar_romaji,kept:周り/mawari,サ変名詞,抽象物
髷,まげ,mage,similar_romaji,kept:影/kage,普通名詞,動物-部位
魔法,まほう,maho,similar_romaji,kept:孫/mago,普通名詞,抽象物
毎度,まいど,maido,similar_romaji,kept:迷子/maigo,時相名詞,時間
毎時,まいじ,maiji,similar_romaji,kept:歳時/saiji,時相名詞,時間
毎回,まいかい,maikai,similar_romaji,kept:外海/gaikai,時相名詞,時間
舞子,まいこ,maiko,similar_romaji,kept:蚕/kaiko,普通名詞,人
毎週,まいしゅう,maishu,similar_romaji,kept:大衆/taishu,時相名詞,時間
枚数,まいすう,maisu,similar_romaji,kept:松/matsu,普通名詞,形・模様
毎夜,まいよ,maiyo,similar_romaji,kept:太陽/taiyo,時相名詞,時間
毎夕,まいゆう,maiyu,similar_romaji,kept:俳優/haiyu,時相名詞,時間
魔女,まじょ,majo,similar_romaji,kept:牙城/gajo,普通名詞,人
末期,まっき,makki,similar_romaji,kept:活気/kakki,時相名詞,時間
真っ向,まっこう,makko,similar_romaji,kept:学校/gakko,普通名詞,場所-機能
幕,まく,maku,similar_romaji,kept:枠/waku,普通名詞,人工物-その他
枕,まくら,makura,similar_romaji,kept:桜/sakura,普通名詞,人工物-その他
満潮,まんちょう,mancho,similar_romaji,kept:山頂/sancho,普通名詞,抽象物
漫談,まんだん,mandan,similar_romaji,kept:歓談/kandan,サ変名詞,抽象物
漫画,まんが,manga,similar_romaji,kept:版画/hanga,普通名詞,人工物-その他;抽象物
卍,まんじ,manji,similar_romaji,kept:男児/danji,普通名詞,抽象物
饅頭,まんじゅう,manju,similar_romaji,kept:胆汁/tanju,普通名詞,人工物-食べ物
満期,まんき,manki,similar_romaji,kept:短期/tanki,普通名詞,時間
満塁,まんるい,manrui,similar_romaji,kept:感涙/kanrui,普通名詞,抽象物
万葉,まんよう,manyo,similar_romaji,kept:綿羊/menyo,普通名詞,植物-部位;時間
漫才,まんざい,manzai,similar_romaji,kept:満開/mankai,普通名詞,抽象物
鞠,まり,mari,similar_romaji,kept:仮/kari,普通名詞,人工物-その他
丸太,まるた,maruta,similar_romaji,kept:かるた/karuta,普通名詞,人工物-その他
股,また,mata,similar_romaji,kept:潟/kata,普通名詞,動物-部位
目玉,めだま,medama,similar_romaji,kept:手玉/tedama,普通名詞,動物-部位
目鼻,めはな,mehana,similar_romaji,kept:雌花/mebana,普通名詞,動物-部位
姪,めい,mei,similar_romaji,kept:芸/gei,普通名詞,人
名簿,めいぼ,meibo,similar_romaji,kept:堤防/teibo,普通名詞,人工物-その他
名著,めいちょ,meicho,similar_romaji,kept:成鳥/seicho,普通名詞,抽象物
冥土,めいど,meido,similar_romaji,kept:青銅/seido,普通名詞,場所-その他
名演,めいえん,meien,similar_romaji,kept:声援/seien,普通名詞,抽象物
名画,めいが,meiga,similar_romaji,kept:名馬/meiba,普通名詞,人工物-その他;抽象物
名言,めいげん,meigen,similar_romaji,kept:平原/heigen,普通名詞,抽象物
名人,めいじん,meijin,similar_romaji,kept:米人/beijin,普通名詞,人
名城,めいじょう,meijo,similar_romaji,kept:名峰/meiho,普通名詞,場所-施設
名家,めいか,meika,similar_romaji,kept:米貨/beika,普通名詞,抽象物
名工,めいこう,meiko,similar_romaji,kept:芸子/geiko,普通名詞,人
命令,めいれい,meirei,similar_romaji,kept:定例/teirei,サ変名詞,抽象物
迷路,めいろ,meiro,similar_romaji,kept:名峰/meiho,普通名詞,場所-その他
名産,めいさん,meisan,similar_romaji,kept:名山/meizan,普通名詞,人工物-その他
名手,めいしゅ,meishu,similar_romaji,kept:清酒/seishu,普通名詞,人
名僧,めいそう,meiso,similar_romaji,kept:名峰/meiho,普通名詞,人
名水,めいすい,meisui,similar_romaji,kept:泥水/deisui,普通名詞,自然物
酩酊,めいてい,meitei,similar_romaji,kept:銘々/meimei,サ変名詞,抽象物
名店,めいてん,meiten,similar_romaji,kept:定点/teiten,普通名詞,場所-その他
名優,めいゆう,meiyu,similar_romaji,kept:軽油/keiyu,普通名詞,人
目元,めもと,memoto,similar_romaji,kept:家元/iemoto,普通名詞,動物-部位
免状,めんじょう,menjo,similar_romaji,kept:天上/tenjo,普通名詞,人工物-その他;抽象物
面子,めんこ,menko,similar_romaji,kept:千古/senko,普通名詞,人工物-その他
面々,めんめん,menmen,similar_romaji,kept:満面/manmen,普通名詞,人
綿布,めんぷ,menpu,similar_romaji,kept:絹布/kenpu,普通名詞,人工物-その他
綿糸,めんし,menshi,similar_romaji,kept:年始/nenshi,普通名詞,人工物-その他
目先,めさき,mesaki,similar_romaji,kept:岬/misaki,普通名詞,場所-その他;時間
味覚,みかく,mikaku,similar_romaji,kept:企画/kikaku,普通名詞,抽象物
味方,みかた,mikata,similar_romaji,kept:相方/aikata,サ変名詞,人
眉間,みけん,miken,similar_romaji,kept:愛犬/aiken,普通名詞,動物-部位
巫女,みこ,miko,similar_romaji,kept:技巧/giko,普通名詞,人
未婚,みこん,mikon,similar_romaji,kept:見本/mihon,普通名詞,抽象物
未明,みめい,mimei,similar_romaji,kept:無名/mumei,時相名詞,時間
見物,みもの,mimono,similar_romaji,kept:煮物/nimono,普通名詞,抽象物
身投げ,みなげ,minage,similar_romaji,kept:土産/miyage,サ変名詞,抽象物
身なり,みなり,minari,similar_romaji,kept:南/minami,普通名詞,抽象物
民具,みんぐ,mingu,similar_romaji,kept:神宮/jingu,普通名詞,人工物-その他
民家,みんか,minka,similar_romaji,kept:人家/jinka,普通名詞,場所-施設
民間,みんかん,minkan,similar_romaji,kept:金柑/kinkan,普通名詞,場所-その他
民謡,みんよう,minyo,similar_romaji,kept:綿羊/menyo,普通名詞,抽象物
味醂,みりん,mirin,similar_romaji,kept:きりん/kirin,普通名詞,人工物-食べ物
味噌,みそ,miso,similar_romaji,kept:溝/mizo,普通名詞,人工物-食べ物
御簾,みす,misu,similar_romaji,kept:りす/risu,普通名詞,人工物-その他
御代,みよ,miyo,similar_romaji,kept:利用/riyo,普通名詞,時間
身寄り,みより,miyori,similar_romaji,kept:緑/midori,普通名詞,人
水辺,みずべ,mizube,similar_romaji,kept:水気/mizuke,普通名詞,場所-自然
水着,みずぎ,mizugi,similar_romaji,kept:湖/mizumi,普通名詞,人工物-衣類
水子,みずこ,mizuko,similar_romaji,kept:水気/mizuke,普通名詞,人
猛打,もうだ,moda,similar_romaji,kept:猛火/moka,サ変名詞,抽象物
毛布,もうふ,mofu,similar_romaji,kept:豆腐/tofu,普通名詞,人工物-その他
模範,もはん,mohan,similar_romaji,kept:湖畔/kohan,普通名詞,抽象物
文字,もじ,moji,similar_romaji,kept:森/mori,普通名詞,抽象物
模型,もけい,mokei,similar_romaji,kept:時計/tokei,普通名詞,人工物-その他
木琴,もっきん,mokkin,similar_romaji,kept:木管/mokkan,普通名詞,人工物-その他
猛虎,もうこ,moko,similar_romaji,kept:横/yoko,普通名詞,動物
目次,もくじ,mokuji,similar_romaji,kept:即時/sokuji,普通名詞,抽象物
黙祷,もくとう,mokuto,similar_romaji,kept:即答/sokuto,サ変名詞,抽象物
木像,もくぞう,mokuzo,similar_romaji,kept:木曜/mokuyo,普通名詞,抽象物
木綿,もめん,momen,similar_romaji,kept:索麺/somen,普通名詞,人工物-その他
門,もん,mon,similar_romaji,kept:紺/kon,普通名詞,場所-施設
門柱,もんちゅう,monchu,similar_romaji,kept:昆虫/konchu,普通名詞,人工物-その他
門外,もんがい,mongai,similar_romaji,kept:問題/mondai,普通名詞,場所-その他
門限,もんげん,mongen,similar_romaji,kept:権現/gongen,普通名詞,時間
門人,もんじん,monjin,similar_romaji,kept:凡人/bonjin,普通名詞,人
門下,もんか,monka,similar_romaji,kept:綿花/menka,普通名詞,抽象物
門扉,もんぴ,monpi,similar_romaji,kept:門衛/monei,普通名詞,場所-施設
門歯,もんし,monshi,similar_romaji,kept:尊師/sonshi,普通名詞,動物-部位
紋章,もんしょう,monsho,similar_romaji,kept:門主/monshu,普通名詞,人工物-その他
門徒,もんと,monto,similar_romaji,kept:問答/mondo,普通名詞,人
文様,もんよう,monyo,similar_romaji,kept:綿羊/menyo,普通名詞,抽象物
門前,もんぜん,monzen,similar_romaji,kept:面前/menzen,普通名詞,場所-その他
猛者,もさ,mosa,similar_romaji,kept:猛火/moka,普通名詞,人
毛氈,もうせん,mosen,similar_romaji,kept:母船/bosen,普通名詞,人工物-その他
模写,もしゃ,mosha,similar_romaji,kept:土砂/dosha,サ変名詞,抽象物
猛暑,もうしょ,mosho,similar_romaji,kept:蔵書/zosho,普通名詞,抽象物
妄想,もうそう,moso,similar_romaji,kept:元/moto,サ変名詞,抽象物
もや,もや,moya,similar_romaji,kept:宮/miya,普通名詞,抽象物
模様,もよう,moyo,similar_romaji,kept:元/moto,普通名詞,形・模様
模造,もぞう,mozo,similar_romaji,kept:楮/kozo,サ変名詞,抽象物
百舌,もず,mozu,similar_romaji,kept:水/mizu,普通名詞,動物
郁子,むべ,mube,similar_romaji,kept:棟/mune,普通名詞,植物;人工物-食べ物
鞭,むち,muchi,similar_romaji,kept:口/kuchi,普通名詞,人工物-その他
無地,むじ,muji,similar_romaji,kept:筋/suji,普通名詞,形・模様
矛盾,むじゅん,mujun,similar_romaji,kept:無人/mujin,サ変名詞,抽象物
無冠,むかん,mukan,similar_romaji,kept:空間/kukan,普通名詞,抽象物
無期,むき,muki,similar_romaji,kept:雪/yuki,普通名詞,時間
夢魔,むま,muma,similar_romaji,kept:沼/numa,普通名詞,人
無味,むみ,mumi,similar_romaji,kept:組/kumi,普通名詞,抽象物
武者,むしゃ,musha,similar_romaji,kept:空車/kusha,普通名詞,人
夢想,むそう,muso,similar_romaji,kept:重曹/juso,サ変名詞,抽象物
無糖,むとう,muto,similar_romaji,kept:封筒/futo,普通名詞,抽象物
茗荷,みょうが,myoga,similar_romaji,kept:氷河/hyoga,普通名詞,植物;人工物-食べ物
名字,みょうじ,myoji,similar_romaji,kept:行司/gyoji,普通名詞,抽象物
妙味,みょうみ,myomi,similar_romaji,kept:興味/kyomi,普通名詞,抽象物
明年,みょうねん,myonen,similar_romaji,kept:凶年/kyonen,時相名詞,時間
鍋,なべ,nabe,similar_romaji,kept:壁/kabe,普通名詞,人工物-その他
灘,なだ,nada,similar_romaji,kept:肌/hada,普通名詞,場所-その他
長湯,ながゆ,nagayu,similar_romaji,kept:長屋/nagaya,サ変名詞,抽象物
凪,なぎ,nagi,similar_romaji,kept:鷺/sagi,普通名詞,抽象物
内縁,ないえん,naien,similar_romaji,kept:煤煙/baien,普通名詞,抽象物
内耳,ないじ,naiji,similar_romaji,kept:歳時/saiji,普通名詞,動物-部位
内海,ないかい,naikai,similar_romaji,kept:外海/gaikai,普通名詞,場所-自然
内野,ないや,naiya,similar_romaji,kept:外野/gaiya,普通名詞,場所-その他
内臓,ないぞう,naizo,similar_romaji,kept:内装/naiso,普通名詞,動物-部位
生木,なまき,namaki,similar_romaji,kept:鉛/namari,普通名詞,植物
生身,なまみ,namami,similar_romaji,kept:鉛/namari,普通名詞,動物
なめこ,なめこ,nameko,similar_romaji,kept:なまこ/namako,普通名詞,植物;人工物-食べ物
波間,なみま,namima,similar_romaji,kept:涙/namida,普通名詞,場所-その他;時間
南部,なんぶ,nanbu,similar_romaji,kept:乱舞/ranbu,普通名詞,場所-機能
納戸,なんど,nando,similar_romaji,kept:残土/zando,普通名詞,場所-施設
南海,なんかい,nankai,similar_romaji,kept:満開/mankai,普通名詞,場所-その他
軟球,なんきゅう,nankyu,similar_romaji,kept:段丘/dankyu,普通名詞,人工物-その他
南欧,なんおう,nano,similar_romaji,kept:卵黄/rano,普通名詞,場所-その他
南方,なんぽう,nanpo,similar_romaji,kept:軟膏/nanko,普通名詞,場所-機能
南西,なんせい,nansei,similar_romaji,kept:反省/hansei,普通名詞,場所-機能
難船,なんせん,nansen,similar_romaji,kept:南天/nanten,サ変名詞,抽象物
難所,なんしょ,nansho,similar_romaji,kept:環礁/kansho,普通名詞,場所-その他
軟水,なんすい,nansui,similar_romaji,kept:淡水/tansui,普通名詞,自然物
南端,なんたん,nantan,similar_romaji,kept:南天/nanten,普通名詞,場所-その他
南東,なんとう,nanto,similar_romaji,kept:半島/hanto,普通名詞,場所-機能
南洋,なんよう,nanyo,similar_romaji,kept:軟膏/nanko,普通名詞,場所-その他
菜っ葉,なっぱ,nappa,similar_romaji,kept:河童/kappa,普通名詞,植物
茄子,なす,nasu,similar_romaji,kept:蓮/hasu,普通名詞,植物;人工物-食べ物
鉈,なた,nata,similar_romaji,kept:潟/kata,普通名詞,人工物-その他
納屋,なや,naya,similar_romaji,kept:中/naka,普通名詞,場所-施設
寝坊,ねぼう,nebo,similar_romaji,kept:猫/neko,サ変名詞,抽象物
寝息,ねいき,neiki,similar_romaji,kept:冷気/reiki,普通名詞,抽象物
根城,ねじろ,nejiro,similar_romaji,kept:目白/mejiro,普通名詞,場所-施設
根っこ,ねっこ,nekko,similar_romaji,kept:絶好/zekko,普通名詞,植物-部位
熱狂,ねっきょう,nekkyo,similar_romaji,kept:絶叫/zekkyo,サ変名詞,抽象物
寝間,ねま,nema,similar_romaji,kept:生/nama,普通名詞,場所-施設
根元,ねもと,nemoto,similar_romaji,kept:家元/iemoto,普通名詞,植物-部位
年代,ねんだい,nendai,similar_romaji,kept:難題/nandai,普通名詞,時間
粘液,ねんえき,neneki,similar_romaji,kept:原液/geneki,普通名詞,自然物
年限,ねんげん,nengen,similar_romaji,kept:電源/dengen,普通名詞,時間
年間,ねんかん,nenkan,similar_romaji,kept:転換/tenkan,時相名詞,時間
年季,ねんき,nenki,similar_romaji,kept:電器/denki,普通名詞,時間
年功,ねんこう,nenko,similar_romaji,kept:千古/senko,普通名詞,抽象物
年輪,ねんりん,nenrin,similar_romaji,kept:粘菌/nenkin,普通名詞,抽象物
燃料,ねんりょう,nenryo,similar_romaji,kept:染料/senryo,普通名詞,人工物-その他
年初,ねんしょ,nensho,similar_romaji,kept:原初/gensho,時相名詞,時間
年収,ねんしゅう,nenshu,similar_romaji,kept:練習/renshu,普通名詞,人工物-金銭
年数,ねんすう,nensu,similar_romaji,kept:扇子/sensu,普通名詞,時間
年頭,ねんとう,nento,similar_romaji,kept:弁当/bento,普通名詞,時間
熱風,ねっぷう,neppu,similar_romaji,kept:熱波/neppa,普通名詞,抽象物
熱唱,ねっしょう,nessho,similar_romaji,kept:決勝/kessho,サ変名詞,抽象物
熱意,ねつい,netsui,similar_romaji,kept:熱水/nessui,普通名詞,抽象物
熱湯,ねっとう,netto,similar_romaji,kept:納豆/natto,普通名詞,自然物
寝相,ねぞう,nezo,similar_romaji,kept:謎/nazo,普通名詞,抽象物
日,にち,nichi,similar_romaji,kept:道/michi,時相名詞,時間
荷台,にだい,nidai,similar_romaji,kept:時代/jidai,普通名詞,人工物-その他
荷札,にふだ,nifuda,similar_romaji,kept:名札/nafuda,普通名詞,人工物-その他
兄さん,にいさん,niisan,similar_romaji,kept:爺さん/jiisan,普通名詞,人
虹,にじ,niji,similar_romaji,kept:雉/kiji,普通名詞,抽象物
日記,にっき,nikki,similar_romaji,kept:日課/nikka,普通名詞,抽象物
日光,にっこう,nikko,similar_romaji,kept:日課/nikka,普通名詞,抽象物
人魚,にんぎょ,ningyo,similar_romaji,kept:金魚/kingyo,普通名詞,動物
忍者,にんじゃ,ninja,similar_romaji,kept:人情/ninjo,普通名詞,人
人相,にんそう,ninso,similar_romaji,kept:人情/ninjo,普通名詞,形・模様
忍耐,にんたい,nintai,similar_romaji,kept:人体/jintai,サ変名詞,抽象物
にら,にら,nira,similar_romaji,kept:平/hira,普通名詞,植物;人工物-食べ物
二輪,にりん,nirin,similar_romaji,kept:きりん/kirin,普通名詞,人工物-乗り物
日誌,にっし,nisshi,similar_romaji,kept:十指/jisshi,普通名詞,人工物-その他
煮炊き,にたき,nitaki,similar_romaji,kept:庭木/niwaki,サ変名詞,抽象物
日中,にっちゅう,nitchu,similar_romaji,kept:熱中/netchu,時相名詞,時間
野薔薇,のばら,nobara,similar_romaji,kept:野原/nohara,普通名詞,植物
野火,のび,nobi,similar_romaji,kept:鳶/tobi,普通名詞,自然物
喉,のど,nodo,similar_romaji,kept:淀/yodo,普通名詞,動物-部位
農園,のうえん,noen,similar_romaji,kept:遠縁/toen,普通名詞,場所-その他
農夫,のうふ,nofu,similar_romaji,kept:豆腐/tofu,普通名詞,人
能楽,のうがく,nogaku,similar_romaji,kept:方角/hogaku,普通名詞,抽象物
芒,のぎ,nogi,similar_romaji,kept:定規/jogi,普通名詞,植物-部位
農具,のうぐ,nogu,similar_romaji,kept:工具/kogu,普通名詞,人工物-その他
農業,のうぎょう,nogyo,similar_romaji,kept:幼魚/yogyo,普通名詞,抽象物
農場,のうじょう,nojo,similar_romaji,kept:僧正/sojo,普通名詞,場所-その他
農家,のうか,noka,similar_romaji,kept:猛火/moka,普通名詞,場所-施設
脳幹,のうかん,nokan,similar_romaji,kept:濃紺/nokon,普通名詞,動物-部位
能面,のうめん,nomen,similar_romaji,kept:索麺/somen,普通名詞,人工物-その他
農民,のうみん,nomin,similar_romaji,kept:公民/komin,普通名詞,人
納入,のうにゅう,nonyu,similar_romaji,kept:豆乳/tonyu,サ変名詞,抽象物
野良,のら,nora,similar_romaji,kept:空/sora,普通名詞,抽象物
暖簾,のれん,noren,similar_romaji,kept:常連/joren,普通名詞,人工物-その他
海苔,のり,nori,similar_romaji,kept:鳥/tori,普通名詞,植物;人工物-食べ物
乗り場,のりば,noriba,similar_romaji,kept:軒端/nokiba,普通名詞,場所-その他
祝詞,のりと,norito,similar_romaji,kept:乗り手/norite,普通名詞,抽象物
納涼,のうりょう,noryo,similar_romaji,kept:僧侶/soryo,普通名詞,抽象物
熨斗,のし,noshi,similar_romaji,kept:年/toshi,普通名詞,人工物-その他
農村,のうそん,noson,similar_romaji,kept:濃紺/nokon,普通名詞,場所-その他
野天,のてん,noten,similar_romaji,kept:要点/yoten,普通名詞,人工物-その他;場所-その他
農薬,のうやく,noyaku,similar_romaji,kept:要約/yoyaku,普通名詞,人工物-その他
脳髄,のうずい,nozui,similar_romaji,kept:野末/nozue,普通名詞,動物-部位
糠,ぬか,nuka,similar_romaji,kept:床/yuka,普通名詞,植物-部位
入団,にゅうだん,nyudan,similar_romaji,kept:入山/nyuzan,サ変名詞,抽象物
入園,にゅうえん,nyuen,similar_romaji,kept:球宴/kyuen,サ変名詞,抽象物
入校,にゅうこう,nyuko,similar_romaji,kept:急行/kyuko,サ変名詞,抽象物
入居,にゅうきょ,nyukyo,similar_romaji,kept:旧居/kyukyo,サ変名詞,抽象物
乳歯,にゅうし,nyushi,similar_romaji,kept:粒子/ryushi,普通名詞,動物-部位
入湯,にゅうとう,nyuto,similar_romaji,kept:牛刀/gyuto,サ変名詞,抽象物
大雨,おおあめ,oame,similar_romaji,kept:豆/mame,普通名詞,抽象物
伯母,おば,oba,similar_romaji,kept:丘/oka,普通名詞,人
応募,おうぼ,obo,similar_romaji,kept:音/oto,サ変名詞,抽象物
御盆,おぼん,obon,similar_romaji,kept:黄金/ogon,普通名詞,抽象物
落ち葉,おちば,ochiba,similar_romaji,kept:押し葉/oshiba,普通名詞,植物-部位
横断,おうだん,odan,similar_romaji,kept:おでん/oden,サ変名詞,抽象物
汚泥,おでい,odei,similar_romaji,kept:おでん/oden,普通名詞,自然物
おでこ,おでこ,odeko,similar_romaji,kept:おでき/odeki,普通名詞,動物-部位
黄土,おうど,odo,similar_romaji,kept:音/oto,普通名詞,自然物
応援,おうえん,oen,similar_romaji,kept:天/ten,サ変名詞,抽象物
往復,おうふく,ofuku,similar_romaji,kept:衣服/ifuku,サ変名詞,抽象物
大声,おおごえ,ogoe,similar_romaji,kept:黄金/ogon,普通名詞,抽象物
おはこ,おはこ,ohako,similar_romaji,kept:親子/oyako,普通名詞,抽象物
御祓い,おはらい,oharai,similar_romaji,kept:大笑い/owarai,普通名詞,抽象物
大入り,おおいり,oiri,similar_romaji,kept:桐/kiri,普通名詞,抽象物
老い先,おいさき,oisaki,similar_romaji,kept:岬/misaki,普通名詞,時間
御嬢さん,おじょうさん,ojosan,similar_romaji,kept:伯父さん/ojisan,普通名詞,人
阿亀,おかめ,okame,similar_romaji,kept:狼/okami,普通名詞,人;人工物-衣類;人工物-食べ物
御方,おかた,okata,similar_romaji,kept:おから/okara,普通名詞,人
桶,おけ,oke,similar_romaji,kept:池/ike,普通名詞,人工物-その他
置き場,おきば,okiba,similar_romaji,kept:奥歯/okuba,普通名詞,場所-その他
奥地,おくち,okuchi,similar_romaji,kept:大口/oguchi,普通名詞,場所-その他
屋上,おくじょう,okujo,similar_romaji,kept:悪女/akujo,普通名詞,場所-その他
屋内,おくない,okunai,similar_romaji,kept:屋外/okugai,普通名詞,場所-その他
大見得,おおみえ,omie,similar_romaji,kept:御前/omae,普通名詞,抽象物
錘,おもり,omori,similar_romaji,kept:井守/imori,普通名詞,人工物-その他
重し,おもし,omoshi,similar_romaji,kept:御腰/okoshi,普通名詞,人工物-その他
鸚鵡,おうむ,omu,similar_romaji,kept:奥/oku,普通名詞,動物
大波,おおなみ,onami,similar_romaji,kept:狼/okami,普通名詞,抽象物
大鉈,おおなた,onata,similar_romaji,kept:あなた/anata,普通名詞,人工物-その他
御中,おんちゅう,onchu,similar_romaji,kept:円柱/enchu,普通名詞,場所-機能
尾根,おね,one,similar_romaji,kept:姉/ane,普通名詞,場所-自然
往年,おうねん,onen,similar_romaji,kept:おでん/oden,普通名詞,時間
音源,おんげん,ongen,similar_romaji,kept:隠元/ingen,普通名詞,抽象物
音域,おんいき,oniki,similar_romaji,kept:兄貴/aniki,普通名詞,場所-その他
音階,おんかい,onkai,similar_romaji,kept:雲海/unkai,普通名詞,抽象物
音感,おんかん,onkan,similar_romaji,kept:印鑑/inkan,普通名詞,抽象物
斧,おの,ono,similar_romaji,kept:音/oto,普通名詞,人工物-その他
音符,おんぷ,onpu,similar_romaji,kept:おんぶ/onbu,普通名詞,抽象物
音叉,おんさ,onsa,similar_romaji,kept:女/onna,普通名詞,人工物-その他
音声,おんせい,onsei,similar_romaji,kept:恩恵/onkei,普通名詞,抽象物
恩師,おんし,onshi,similar_romaji,kept:温水/onsui,普通名詞,人
温床,おんしょう,onsho,similar_romaji,kept:暗礁/ansho,普通名詞,場所-その他
音程,おんてい,ontei,similar_romaji,kept:恩恵/onkei,普通名詞,抽象物
おら,おら,ora,similar_romaji,kept:浦/ura,普通名詞,人
檻,おり,ori,similar_romaji,kept:襟/eri,普通名詞,場所-施設
往路,おうろ,oro,similar_romaji,kept:色/iro,普通名詞,場所-施設
御下げ,おさげ,osage,similar_romaji,kept:朝げ/asage,普通名詞,形・模様
おさらい,おさらい,osarai,similar_romaji,kept:大笑い/owarai,サ変名詞,抽象物
牡牛,おうし,oshi,similar_romaji,kept:石/ishi,普通名詞,動物
雄蘂,おしべ,oshibe,similar_romaji,kept:押し葉/oshiba,普通名詞,植物-部位
往信,おうしん,oshin,similar_romaji,kept:大潮/oshio,普通名詞,人工物-その他
大掃除,おおそうじ,osoji,similar_romaji,kept:大匙/osaji,サ変名詞,抽象物
おっちゃん,おっちゃん,otchan,similar_romaji,kept:おいちゃん/oichan,普通名詞,人
囮,おとり,otori,similar_romaji,kept:大通り/odori,普通名詞,抽象物
追っ手,おって,otte,similar_romaji,kept:夫/otto,普通名詞,人
親父,おやじ,oyaji,similar_romaji,kept:大匙/osaji,普通名詞,人
女形,おやま,oyama,similar_romaji,kept:王様/osama,普通名詞,人
応用,おうよう,oyo,similar_romaji,kept:豹/hyo,サ変名詞,抽象物
王座,おうざ,oza,similar_romaji,kept:丘/oka,普通名詞,場所-施設部位
大関,おおぜき,ozeki,similar_romaji,kept:おでき/odeki,普通名詞,人
雷鳥,らいちょう,raicho,similar_romaji,kept:害鳥/gaicho,普通名詞,動物
来賓,らいひん,raihin,similar_romaji,kept:海浜/kaihin,普通名詞,人
雷神,らいじん,raijin,similar_romaji,kept:俳人/haijin,普通名詞,人
来夏,らいか,raika,similar_romaji,kept:配下/haika,時相名詞,時間
来期,らいき,raiki,similar_romaji,kept:外気/gaiki,時相名詞,時間
来航,らいこう,raiko,similar_romaji,kept:蚕/kaiko,サ変名詞,抽象物
来秋,らいしゅう,raishu,similar_romaji,kept:大衆/taishu,時相名詞,時間
落球,らっきゅう,rakkyu,similar_romaji,kept:白球/hakkyu,サ変名詞,抽象物
落馬,らくば,rakuba,similar_romaji,kept:駱駝/rakuda,サ変名詞,抽象物
楽土,らくど,rakudo,similar_romaji,kept:駱駝/rakuda,普通名詞,場所-その他
楽園,らくえん,rakuen,similar_romaji,kept:白煙/hakuen,普通名詞,場所-その他
落語,らくご,rakugo,similar_romaji,kept:覚悟/kakugo,普通名詞,抽象物
烙印,らくいん,rakuin,similar_romaji,kept:索引/sakuin,普通名詞,人工物-その他
落葉,らくよう,rakuyo,similar_romaji,kept:らっきょう/rakkyo,サ変名詞,抽象物
卵管,らんかん,rankan,similar_romaji,kept:山間/sankan,普通名詞,動物-部位
卵形,らんけい,rankei,similar_romaji,kept:山系/sankei,普通名詞,形・模様
欄間,らんま,ranma,similar_romaji,kept:蜻蜒/yanma,普通名詞,場所-施設部位
乱雲,らんうん,ranun,similar_romaji,kept:雷雲/raiun,普通名詞,自然物
らっぱ,らっぱ,rappa,similar_romaji,kept:河童/kappa,普通名詞,人工物-その他
螺旋,らせん,rasen,similar_romaji,kept:河川/kasen,普通名詞,形・模様
霊園,れいえん,reien,similar_romaji,kept:声援/seien,普通名詞,場所-その他
礼儀,れいぎ,reigi,similar_romaji,kept:正義/seigi,普通名詞,抽象物
礼拝,れいはい,reihai,similar_romaji,kept:例祭/reisai,サ変名詞,抽象物
冷夏,れいか,reika,similar_romaji,kept:冷気/reiki,時相名詞,時間
例解,れいかい,reikai,similar_romaji,kept:例祭/reisai,サ変名詞,抽象物
礼金,れいきん,reikin,similar_romaji,kept:税金/zeikin,普通名詞,人工物-金銭
霊魂,れいこん,reikon,similar_romaji,kept:蓮根/renkon,普通名詞,抽象物
例年,れいねん,reinen,similar_romaji,kept:来年/rainen,時相名詞,時間
礼装,れいそう,reiso,similar_romaji,kept:並走/heiso,サ変名詞,抽象物
冷水,れいすい,reisui,similar_romaji,kept:泥水/deisui,普通名詞,自然物
冷凍,れいとう,reito,similar_romaji,kept:鶏頭/keito,サ変名詞,抽象物
霊前,れいぜん,reizen,similar_romaji,kept:生前/seizen,普通名詞,場所-その他
冷蔵,れいぞう,reizo,similar_romaji,kept:令嬢/reijo,サ変名詞,抽象物
連中,れんちゅう,renchu,similar_romaji,kept:線虫/senchu,普通名詞,人
連打,れんだ,renda,similar_romaji,kept:乱打/randa,サ変名詞,抽象物
煉瓦,れんが,renga,similar_romaji,kept:蓮華/renge,普通名詞,人工物-その他
恋歌,れんか,renka,similar_romaji,kept:綿花/menka,普通名詞,抽象物
連句,れんく,renku,similar_romaji,kept:天空/tenku,普通名詞,抽象物
連休,れんきゅう,renkyu,similar_romaji,kept:練乳/rennyu,普通名詞,抽象物
連破,れんぱ,renpa,similar_romaji,kept:連峰/renpo,サ変名詞,抽象物
連敗,れんぱい,renpai,similar_romaji,kept:年輩/nenpai,サ変名詞,抽象物
連載,れんさい,rensai,similar_romaji,kept:前菜/zensai,サ変名詞,抽象物
連勝,れんしょう,rensho,similar_romaji,kept:原初/gensho,サ変名詞,抽象物
連投,れんとう,rento,similar_romaji,kept:弁当/bento,サ変名詞,抽象物
連夜,れんや,renya,similar_romaji,kept:原野/genya,時相名詞,時間
列,れつ,retsu,similar_romaji,kept:鉄/tetsu,普通名詞,形・模様
理事,りじ,riji,similar_romaji,kept:雉/kiji,普通名詞,人
理化,りか,rika,similar_romaji,kept:自家/jika,普通名詞,抽象物
利器,りき,riki,similar_romaji,kept:幹/miki,普通名詞,人工物-その他
力投,りきとう,rikito,similar_romaji,kept:陸稲/rikuto,サ変名詞,抽象物
立夏,りっか,rikka,similar_romaji,kept:日課/nikka,時相名詞,時間
陸橋,りっきょう,rikkyo,similar_romaji,kept:らっきょう/rakkyo,普通名詞,場所-施設
理工,りこう,riko,similar_romaji,kept:技巧/giko,普通名詞,抽象物
陸上,りくじょう,rikujo,similar_romaji,kept:陸稲/rikuto,普通名詞,場所-その他
陸送,りくそう,rikuso,similar_romaji,kept:力走/rikiso,サ変名詞,抽象物
輪,りん,rin,similar_romaji,kept:銀/gin,普通名詞,人工物-その他
輪舞,りんぶ,rinbu,similar_romaji,kept:乱舞/ranbu,サ変名詞,抽象物
林道,りんどう,rindo,similar_romaji,kept:林檎/ringo,普通名詞,場所-施設
隣人,りんじん,rinjin,similar_romaji,kept:人参/ninjin,普通名詞,人
隣家,りんか,rinka,similar_romaji,kept:人家/jinka,普通名詞,場所-施設
林間,りんかん,rinkan,similar_romaji,kept:金柑/kinkan,普通名詞,場所-自然
鱗粉,りんぷん,rinpun,similar_romaji,kept:金粉/kinpun,普通名詞,植物-部位
隣村,りんそん,rinson,similar_romaji,kept:乱層雲/ranson,普通名詞,場所-その他
罹災,りさい,risai,similar_romaji,kept:愛妻/aisai,サ変名詞,抽象物
履修,りしゅう,rishu,similar_romaji,kept:次週/jishu,サ変名詞,抽象物
理想,りそう,riso,similar_romaji,kept:りす/risu,普通名詞,抽象物
利息,りそく,risoku,similar_romaji,kept:規則/kisoku,普通名詞,人工物-金銭
立地,りっち,ritchi,similar_romaji,kept:実地/jitchi,サ変名詞,場所-その他
離島,りとう,rito,similar_romaji,kept:人/hito,サ変名詞,場所-自然
立冬,りっとう,ritto,similar_romaji,kept:列島/retto,時相名詞,時間
理由,りゆう,riyu,similar_romaji,kept:りす/risu,普通名詞,抽象物
老梅,ろうばい,robai,similar_romaji,kept:紅梅/kobai,普通名詞,植物
路盤,ろばん,roban,similar_romaji,kept:碁盤/goban,普通名詞,場所-その他
炉端,ろばた,robata,similar_romaji,kept:小旗/kobata,普通名詞,場所-その他
老母,ろうぼ,robo,similar_romaji,kept:牛蒡/gobo,普通名詞,人
老木,ろうぼく,roboku,similar_romaji,kept:高木/koboku,普通名詞,植物
漏電,ろうでん,roden,similar_romaji,kept:都電/toden,サ変名詞,抽象物
老婦,ろうふ,rofu,similar_romaji,kept:豆腐/tofu,普通名詞,人
露地,ろじ,roji,similar_romaji,kept:同時/doji,普通名詞,場所-施設
老人,ろうじん,rojin,similar_romaji,kept:邦人/hojin,普通名詞,人
老女,ろうじょ,rojo,similar_romaji,kept:僧正/sojo,普通名詞,人
老中,ろうじゅう,roju,similar_romaji,kept:猛獣/moju,普通名詞,人
廊下,ろうか,roka,similar_romaji,kept:猛火/moka,普通名詞,場所-施設部位
楼閣,ろうかく,rokaku,similar_romaji,kept:城郭/jokaku,普通名詞,場所-施設
禄,ろく,roku,similar_romaji,kept:賊/zoku,普通名詞,人工物-金銭
轆轤,ろくろ,rokuro,similar_romaji,kept:ほくろ/hokuro,普通名詞,人工物-その他
路面,ろめん,romen,similar_romaji,kept:索麺/somen,普通名詞,場所-その他
浪人,ろうにん,ronin,similar_romaji,kept:当人/tonin,サ変名詞,人
路線,ろせん,rosen,similar_romaji,kept:母船/bosen,普通名詞,場所-その他
老者,ろうしゃ,rosha,similar_romaji,kept:土砂/dosha,普通名詞,人
老僧,ろうそう,roso,similar_romaji,kept:老後/rogo,普通名詞,人
蝋燭,ろうそく,rosoku,similar_romaji,kept:予測/yosoku,普通名詞,人工物-その他
漏水,ろうすい,rosui,similar_romaji,kept:雑炊/zosui,サ変名詞,抽象物
漏斗,ろうと,roto,similar_romaji,kept:元/moto,普通名詞,人工物-その他
塁上,るいじょう,ruijo,similar_romaji,kept:令嬢/reijo,普通名詞,場所-その他
涙腺,るいせん,ruisen,similar_romaji,kept:水仙/suisen,普通名詞,動物-部位
類書,るいしょ,ruisho,similar_romaji,kept:水晶/suisho,普通名詞,人工物-その他;抽象物
瑠璃,るり,ruri,similar_romaji,kept:栗/kuri,普通名詞,人工物-その他;自然物
留守,るす,rusu,similar_romaji,kept:煤/susu,サ変名詞,抽象物
寮母,りょうぼ,ryobo,similar_romaji,kept:女房/nyobo,普通名詞,人
旅費,りょひ,ryohi,similar_romaji,kept:表皮/hyohi,普通名詞,人工物-金銭
領域,りょういき,ryoiki,similar_romaji,kept:流域/ryuiki,普通名詞,場所-その他
旅情,りょじょう,ryojo,similar_romaji,kept:明星/myojo,普通名詞,抽象物
旅館,りょかん,ryokan,similar_romaji,kept:両岸/ryogan,普通名詞,場所-施設
漁期,りょうき,ryoki,similar_romaji,kept:料理/ryori,時相名詞,時間
良港,りょうこう,ryoko,similar_romaji,kept:漁港/gyoko,普通名詞,場所-その他
両目,りょうめ,ryome,similar_romaji,kept:両腕/ryode,普通名詞,動物-部位
両面,りょうめん,ryomen,similar_romaji,kept:猟犬/ryoken,普通名詞,場所-その他
両人,りょうにん,ryonin,similar_romaji,kept:女人/nyonin,普通名詞,人
両輪,りょうりん,ryorin,similar_romaji,kept:杏林/kyorin,普通名詞,人工物-その他
寮生,りょうせい,ryosei,similar_romaji,kept:良妻/ryosai,普通名詞,人
僚船,りょうせん,ryosen,similar_romaji,kept:漁船/gyosen,普通名詞,人工物-乗り物
両氏,りょうし,ryoshi,similar_romaji,kept:教師/kyoshi,普通名詞,人
両端,りょうたん,ryotan,similar_romaji,kept:両岸/ryogan,普通名詞,場所-その他
両手,りょうて,ryote,similar_romaji,kept:両腕/ryode,普通名詞,動物-部位
両刀,りょうとう,ryoto,similar_romaji,kept:両方/ryoho,普通名詞,人工物-その他
流行,りゅうこう,ryuko,similar_romaji,kept:急行/kyuko,サ変名詞,抽象物
流民,りゅうみん,ryumin,similar_romaji,kept:休眠/kyumin,普通名詞,人
流星,りゅうせい,ryusei,similar_romaji,kept:粒子/ryushi,普通名詞,自然物
流水,りゅうすい,ryusui,similar_romaji,kept:粒子/ryushi,普通名詞,自然物
茶道,さどう,sado,similar_romaji,kept:角/kado,普通名詞,抽象物
差額,さがく,sagaku,similar_romaji,kept:砂漠/sabaku,普通名詞,人工物-金銭
左舷,さげん,sagen,similar_romaji,kept:左岸/sagan,普通名詞,人工物-その他;場所-機能
左辺,さへん,sahen,similar_romaji,kept:破片/hahen,普通名詞,場所-機能
作法,さほう,saho,similar_romaji,kept:里/sato,普通名詞,抽象物
祭文,さいぶん,saibun,similar_romaji,kept:回文/kaibun,普通名詞,抽象物
再度,さいど,saido,similar_romaji,kept:青銅/seido,時相名詞,時間
菜園,さいえん,saien,similar_romaji,kept:煤煙/baien,普通名詞,場所-その他
財布,さいふ,saifu,similar_romaji,kept:台風/taifu,普通名詞,人工物-その他
災害,さいがい,saigai,similar_romaji,kept:内外/naigai,普通名詞,抽象物
最期,さいご,saigo,similar_romaji,kept:珊瑚/sango,普通名詞,時間
采配,さいはい,saihai,similar_romaji,kept:栽培/saibai,普通名詞,人工物-その他
再版,さいはん,saihan,similar_romaji,kept:祭壇/saidan,サ変名詞,抽象物
裁縫,さいほう,saiho,similar_romaji,kept:財宝/zaiho,サ変名詞,抽象物
祭神,さいじん,saijin,similar_romaji,kept:細菌/saikin,普通名詞,人
才女,さいじょ,saijo,similar_romaji,kept:歳時/saiji,普通名詞,人
再会,さいかい,saikai,similar_romaji,kept:外海/gaikai,サ変名詞,抽象物
細管,さいかん,saikan,similar_romaji,kept:山間/sankan,普通名詞,人工物-その他
祭器,さいき,saiki,similar_romaji,kept:外気/gaiki,普通名詞,人工物-その他
再婚,さいこん,saikon,similar_romaji,kept:大根/daikon,サ変名詞,抽象物
妻君,さいくん,saikun,similar_romaji,kept:細菌/saikin,普通名詞,人
才能,さいのう,saino,similar_romaji,kept:篠/shino,普通名詞,抽象物
賽銭,さいせん,saisen,similar_romaji,kept:廃船/haisen,普通名詞,人工物-金銭
妻子,さいし,saishi,similar_romaji,kept:台紙/daishi,普通名詞,組織・団体
最初,さいしょ,saisho,similar_romaji,kept:内緒/naisho,時相名詞,時間
祭主,さいしゅ,saishu,similar_romaji,kept:清酒/seishu,普通名詞,人
臍帯,さいたい,saitai,similar_romaji,kept:生体/seitai,普通名詞,動物-部位
採点,さいてん,saiten,similar_romaji,kept:際限/saigen,サ変名詞,抽象物
匙,さじ,saji,similar_romaji,kept:恥/haji,普通名詞,人工物-その他
砂上,さじょう,sajo,similar_romaji,kept:牙城/gajo,普通名詞,場所-その他
酒場,さかば,sakaba,similar_romaji,kept:若葉/wakaba,普通名詞,場所-その他
盛り,さかり,sakari,similar_romaji,kept:係/kakari,普通名詞,時間
逆さ,さかさ,sakasa,similar_romaji,kept:魚/sakana,普通名詞,抽象物
酒屋,さかや,sakaya,similar_romaji,kept:魚/sakana,普通名詞,場所-施設
砂金,さきん,sakin,similar_romaji,kept:産院/sanin,普通名詞,人工物-金銭
昨夏,さっか,sakka,similar_romaji,kept:落下/rakka,時相名詞,時間
昨今,さっこん,sakkon,similar_romaji,kept:葛根/kakkon,時相名詞,時間
作句,さっく,sakku,similar_romaji,kept:砂丘/sakyu,サ変名詞,抽象物
柵,さく,saku,similar_romaji,kept:枠/waku,普通名詞,人工物-その他
作風,さくふう,sakufu,similar_romaji,kept:楽譜/gakufu,普通名詞,抽象物
作画,さくが,sakuga,similar_romaji,kept:麦芽/bakuga,サ変名詞,抽象物
昨季,さくき,sakuki,similar_romaji,kept:榊/sakaki,時相名詞,時間
作陶,さくとう,sakuto,similar_romaji,kept:学徒/gakuto,サ変名詞,抽象物
昨夜,さくや,sakuya,similar_romaji,kept:楽屋/gakuya,時相名詞,時間
早苗,さなえ,sanae,similar_romaji,kept:さざえ/sazae,普通名詞,植物
さなか,さなか,sanaka,similar_romaji,kept:背中/senaka,普通名詞,時間
産婆,さんば,sanba,similar_romaji,kept:山河/sanka,普通名詞,人
三方,さんぼう,sanbo,similar_romaji,kept:細胞/saibo,普通名詞,人工物-その他
山地,さんち,sanchi,similar_romaji,kept:団地/danchi,普通名詞,場所-その他
山中,さんちゅう,sanchu,similar_romaji,kept:眼中/ganchu,普通名詞,場所-その他
参道,さんどう,sando,similar_romaji,kept:残土/zando,普通名詞,場所-施設
三女,さんじょ,sanjo,similar_romaji,kept:珊瑚/sango,普通名詞,人
秋刀魚,さんま,sanma,similar_romaji,kept:蜻蜒/yanma,普通名詞,動物;人工物-食べ物
山門,さんもん,sanmon,similar_romaji,kept:難問/nanmon,普通名詞,場所-施設
三男,さんなん,sannan,similar_romaji,kept:山間/sankan,普通名詞,人
参拝,さんぱい,sanpai,similar_romaji,kept:乾杯/kanpai,サ変名詞,抽象物
産品,さんぴん,sanpin,similar_romaji,kept:山林/sanrin,普通名詞,人工物-その他
散歩,さんぽ,sanpo,similar_romaji,kept:珊瑚/sango,サ変名詞,抽象物
産卵,さんらん,sanran,similar_romaji,kept:山間/sankan,サ変名詞,抽象物
賛成,さんせい,sansei,similar_romaji,kept:山系/sankei,サ変名詞,抽象物
蚕糸,さんし,sanshi,similar_romaji,kept:冊子/sasshi,普通名詞,人工物-その他
山椒,さんしょう,sansho,similar_romaji,kept:環礁/kansho,普通名詞,植物;人工物-食べ物
酸素,さんそ,sanso,similar_romaji,kept:珊瑚/sango,普通名詞,自然物
山村,さんそん,sanson,similar_romaji,kept:乱層雲/ranson,普通名詞,場所-その他
山水,さんすい,sansui,similar_romaji,kept:山菜/sansai,普通名詞,場所-自然
山頭,さんとう,santo,similar_romaji,kept:珊瑚/sango,普通名詞,場所-自然
山野,さんや,sanya,similar_romaji,kept:山河/sanka,普通名詞,場所-自然
山容,さんよう,sanyo,similar_romaji,kept:作業/sagyo,普通名詞,形・模様
竿,さお,sao,similar_romaji,kept:顔/kao,普通名詞,人工物-その他
砂州,さす,sasu,similar_romaji,kept:蓮/hasu,普通名詞,場所-自然
左腕,さわん,sawan,similar_romaji,kept:左岸/sagan,普通名詞,動物-部位;抽象物
莢,さや,saya,similar_romaji,kept:坂/saka,普通名詞,植物-部位
作用,さよう,sayo,similar_romaji,kept:里/sato,サ変名詞,抽象物
さ湯,さゆ,sayu,similar_romaji,kept:繭/mayu,普通名詞,自然物
背鰭,せびれ,sebire,similar_romaji,kept:背広/sebiro,普通名詞,動物-部位
歳暮,せいぼ,seibo,similar_romaji,kept:細胞/saibo,普通名詞,人工物-その他
聖地,せいち,seichi,similar_romaji,kept:成鳥/seicho,普通名詞,場所-その他
成虫,せいちゅう,seichu,similar_romaji,kept:清酒/seishu,普通名詞,動物
西岸,せいがん,seigan,similar_romaji,kept:泥岩/deigan,普通名詞,場所-機能
生後,せいご,seigo,similar_romaji,kept:青銅/seido,普通名詞,時間
制覇,せいは,seiha,similar_romaji,kept:星座/seiza,サ変名詞,抽象物
製版,せいはん,seihan,similar_romaji,kept:米飯/beihan,サ変名詞,抽象物
西方,せいほう,seiho,similar_romaji,kept:名峰/meiho,普通名詞,場所-その他
製本,せいほん,seihon,similar_romaji,kept:整頓/seiton,サ変名詞,抽象物
製氷,せいひょう,seihyo,similar_romaji,kept:成魚/seigyo,サ変名詞,抽象物
誠意,せいい,seii,similar_romaji,kept:椎/shii,普通名詞,抽象物
聖域,せいいき,seiiki,similar_romaji,kept:水域/suiiki,普通名詞,場所-その他
聖者,せいじゃ,seija,similar_romaji,kept:星座/seiza,普通名詞,人
青磁,せいじ,seiji,similar_romaji,kept:歳時/saiji,普通名詞,人工物-その他
聖人,せいじん,seijin,similar_romaji,kept:私人/shijin,普通名詞,人
生花,せいか,seika,similar_romaji,kept:鹿/shika,普通名詞,植物
政経,せいけい,seikei,similar_romaji,kept:水系/suikei,普通名詞,抽象物
世紀,せいき,seiki,similar_romaji,kept:冷気/reiki,普通名詞,時間
精勤,せいきん,seikin,similar_romaji,kept:税金/zeikin,サ変名詞,抽象物
生協,せいきょう,seikyo,similar_romaji,kept:成魚/seigyo,普通名詞,組織・団体
精米,せいまい,seimai,similar_romaji,kept:生体/seitai,サ変名詞,人工物-食べ物;抽象物
清明,せいめい,seimei,similar_romaji,kept:使命/shimei,時相名詞,時間
正門,せいもん,seimon,similar_romaji,kept:水門/suimon,普通名詞,場所-施設
精霊,せいれい,seirei,similar_romaji,kept:定例/teirei,普通名詞,人
清流,せいりゅう,seiryu,similar_romaji,kept:渓流/keiryu,普通名詞,場所-自然
清泉,せいせん,seisen,similar_romaji,kept:水仙/suisen,普通名詞,場所-自然
精子,せいし,seishi,similar_romaji,kept:停止/teishi,普通名詞,動物-部位
聖書,せいしょ,seisho,similar_romaji,kept:水晶/suisho,普通名詞,人工物-その他;抽象物
清掃,せいそう,seiso,similar_romaji,kept:水素/suiso,サ変名詞,抽象物
聖典,せいてん,seiten,similar_romaji,kept:定点/teiten,普通名詞,抽象物
生徒,せいと,seito,similar_romaji,kept:鶏頭/keito,普通名詞,人
星雲,せいうん,seiun,similar_romaji,kept:紫雲/shiun,普通名詞,自然物
聖夜,せいや,seiya,similar_romaji,kept:平野/heiya,普通名詞,時間
西洋,せいよう,seiyo,similar_romaji,kept:青銅/seido,普通名詞,場所-その他
声優,せいゆう,seiyu,similar_romaji,kept:軽油/keiyu,普通名詞,人
世界,せかい,sekai,similar_romaji,kept:境/sakai,普通名詞,場所-その他
席,せき,seki,similar_romaji,kept:胃液/ieki,普通名詞,場所-施設部位
石碑,せきひ,sekihi,similar_romaji,kept:石英/sekiei,普通名詞,人工物-その他
石像,せきぞう,sekizo,similar_romaji,kept:赤道/sekido,普通名詞,抽象物
雪渓,せっけい,sekkei,similar_romaji,kept:石英/sekiei,普通名詞,場所-自然
石膏,せっこう,sekko,similar_romaji,kept:絶好/zekko,普通名詞,人工物-その他
節句,せっく,sekku,similar_romaji,kept:石器/sekki,普通名詞,時間
説教,せっきょう,sekkyo,similar_romaji,kept:即興/sokkyo,サ変名詞,抽象物
線,せん,sen,similar_romaji,kept:天/ten,普通名詞,形・模様
煎餅,せんべい,senbei,similar_romaji,kept:船艇/sentei,普通名詞,人工物-食べ物
船長,せんちょう,sencho,similar_romaji,kept:前兆/zencho,普通名詞,人
先代,せんだい,sendai,similar_romaji,kept:前栽/senzai,普通名詞,時間
船頭,せんどう,sendo,similar_romaji,kept:粘土/nendo,普通名詞,人
洗顔,せんがん,sengan,similar_romaji,kept:先般/senpan,サ変名詞,抽象物
鮮魚,せんぎょ,sengyo,similar_romaji,kept:成魚/seigyo,普通名詞,人工物-食べ物
繊維,せんい,seni,similar_romaji,kept:銭/zeni,普通名詞,動物-部位;植物-部位
船員,せんいん,senin,similar_romaji,kept:産院/sanin,普通名詞,人
先人,せんじん,senjin,similar_romaji,kept:原人/genjin,普通名詞,人
船上,せんじょう,senjo,similar_romaji,kept:天上/tenjo,普通名詞,場所-その他
千手,せんじゅ,senju,similar_romaji,kept:選者/senja,普通名詞,人
洗面,せんめん,senmen,similar_romaji,kept:洗練/senren,サ変名詞,抽象物
先年,せんねん,sennen,similar_romaji,kept:天然/tennen,時相名詞,時間
先輩,せんぱい,senpai,similar_romaji,kept:前栽/senzai,普通名詞,人
先方,せんぽう,senpo,similar_romaji,kept:連峰/renpo,普通名詞,人;場所-その他
洗礼,せんれい,senrei,similar_romaji,kept:船艇/sentei,普通名詞,抽象物
線路,せんろ,senro,similar_romaji,kept:千古/senko,普通名詞,場所-施設
川柳,せんりゅう,senryu,similar_romaji,kept:染料/senryo,普通名詞,抽象物
先生,せんせい,sensei,similar_romaji,kept:船艇/sentei,普通名詞,人
洗車,せんしゃ,sensha,similar_romaji,kept:電車/densha,サ変名詞,抽象物
選書,せんしょ,sensho,similar_romaji,kept:原初/gensho,普通名詞,抽象物
船首,せんしゅ,senshu,similar_romaji,kept:練習/renshu,普通名詞,人工物-その他
船体,せんたい,sentai,similar_romaji,kept:天体/tentai,普通名詞,人工物-その他
先端,せんたん,sentan,similar_romaji,kept:先般/senpan,普通名詞,場所-その他
先頭,せんとう,sento,similar_romaji,kept:弁当/bento,普通名詞,場所-機能;時間
先祖,せんぞ,senzo,similar_romaji,kept:千古/senko,普通名詞,人
説法,せっぽう,seppo,similar_romaji,kept:鉄砲/teppo,サ変名詞,抽象物
拙守,せっしゅ,sesshu,similar_romaji,kept:撤収/tesshu,普通名詞,抽象物
節水,せっすい,sessui,similar_romaji,kept:熱水/nessui,サ変名詞,抽象物
世帯,せたい,setai,similar_romaji,kept:世代/sedai,普通名詞,組織・団体
瀬戸,せと,seto,similar_romaji,kept:里/sato,普通名詞,場所-自然
設定,せってい,settei,similar_romaji,kept:決定/kettei,サ変名詞,抽象物
世話,せわ,sewa,similar_romaji,kept:沢/sawa,サ変名詞,抽象物
娑婆,しゃば,shaba,similar_romaji,kept:芝/shiba,普通名詞,場所-その他
車中,しゃちゅう,shachu,similar_romaji,kept:焼酎/shochu,普通名詞,場所-その他
社殿,しゃでん,shaden,similar_romaji,kept:市電/shiden,普通名詞,場所-施設
車道,しゃどう,shado,similar_romaji,kept:斜陽/shayo,普通名詞,場所-施設
写本,しゃほん,shahon,similar_romaji,kept:抄本/shohon,サ変名詞,人工物-その他;抽象物
釈迦,しゃか,shaka,similar_romaji,kept:鹿/shika,普通名詞,人
社会,しゃかい,shakai,similar_romaji,kept:謝罪/shazai,普通名詞,場所-その他
車検,しゃけん,shaken,similar_romaji,kept:斜辺/shahen,普通名詞,抽象物
車庫,しゃこ,shako,similar_romaji,kept:斜陽/shayo,普通名詞,場所-施設
写経,しゃきょう,shakyo,similar_romaji,kept:消去/shokyo,サ変名詞,抽象物
斜面,しゃめん,shamen,similar_romaji,kept:斜辺/shahen,普通名詞,場所-その他
車線,しゃせん,shasen,similar_romaji,kept:商船/shosen,普通名詞,場所-施設部位
車窓,しゃそう,shaso,similar_romaji,kept:宗祖/shuso,普通名詞,抽象物
車体,しゃたい,shatai,similar_romaji,kept:謝罪/shazai,普通名詞,人工物-その他
斜塔,しゃとう,shato,similar_romaji,kept:諸島/shoto,普通名詞,場所-施設
試合,しあい,shiai,similar_romaji,kept:私費/shihi,サ変名詞,抽象物
思案,しあん,shian,similar_romaji,kept:紫雲/shiun,サ変名詞,抽象物
芝居,しばい,shibai,similar_romaji,kept:栽培/saibai,サ変名詞,抽象物
子房,しぼう,shibo,similar_romaji,kept:細胞/saibo,普通名詞,植物-部位
支部,しぶ,shibu,similar_romaji,kept:菖蒲/shobu,普通名詞,場所-施設
質,しち,shichi,similar_romaji,kept:父/chichi,普通名詞,人工物-その他
支柱,しちゅう,shichu,similar_romaji,kept:焼酎/shochu,普通名詞,人工物-その他
羊歯,しだ,shida,similar_romaji,kept:舌/shita,普通名詞,植物
市道,しどう,shido,similar_romaji,kept:青銅/seido,普通名詞,場所-施設
歯牙,しが,shiga,similar_romaji,kept:舌/shita,普通名詞,動物-部位
市街,しがい,shigai,similar_romaji,kept:生涯/shogai,普通名詞,場所-その他
詩吟,しぎん,shigin,similar_romaji,kept:水銀/suigin,普通名詞,抽象物
始業,しぎょう,shigyo,similar_romaji,kept:稚魚/chigyo,サ変名詞,抽象物
師範,しはん,shihan,similar_romaji,kept:賜杯/shihai,普通名詞,人
紙幣,しへい,shihei,similar_romaji,kept:使命/shimei,普通名詞,人工物-金銭
紙片,しへん,shihen,similar_romaji,kept:市電/shiden,普通名詞,人工物-その他
至宝,しほう,shiho,similar_romaji,kept:霜/shimo,普通名詞,人工物-その他
飼育,しいく,shiiku,similar_romaji,kept:深紅/shinku,サ変名詞,抽象物
師事,しじ,shiji,similar_romaji,kept:歳時/saiji,サ変名詞,抽象物
子女,しじょ,shijo,similar_romaji,kept:霜/shimo,普通名詞,人
紫綬,しじゅ,shiju,similar_romaji,kept:汁/shiru,普通名詞,人工物-その他
紙型,しけい,shikei,similar_romaji,kept:水系/suikei,普通名詞,人工物-その他
試験,しけん,shiken,similar_romaji,kept:市電/shiden,サ変名詞,抽象物
四季,しき,shiki,similar_romaji,kept:鹿/shika,普通名詞,時間
漆器,しっき,shikki,similar_romaji,kept:敷居/shikii,普通名詞,人工物-その他
歯垢,しこう,shiko,similar_romaji,kept:霜/shimo,普通名詞,動物-部位
司教,しきょう,shikyo,similar_romaji,kept:消去/shokyo,普通名詞,人
四球,しきゅう,shikyu,similar_romaji,kept:地球/chikyu,普通名詞,抽象物
姉妹,しまい,shimai,similar_romaji,kept:焼売/shumai,普通名詞,人
指紋,しもん,shimon,similar_romaji,kept:水門/suimon,普通名詞,形・模様
芯,しん,shin,similar_romaji,kept:旬/shun,普通名詞,人工物-その他
竹刀,しない,shinai,similar_romaji,kept:心理/shinri,普通名詞,人工物-その他
心棒,しんぼう,shinbo,similar_romaji,kept:心臓/shinzo,普通名詞,人工物-その他
深部,しんぶ,shinbu,similar_romaji,kept:深紅/shinku,普通名詞,場所-その他
神童,しんどう,shindo,similar_romaji,kept:心臓/shinzo,普通名詞,人
深淵,しんえん,shinen,similar_romaji,kept:市電/shiden,普通名詞,場所-自然
信号,しんごう,shingo,similar_romaji,kept:心臓/shinzo,サ変名詞,人工物-その他
寝具,しんぐ,shingu,similar_romaji,kept:深紅/shinku,普通名詞,人工物-その他
神事,しんじ,shinji,similar_romaji,kept:心理/shinri,普通名詞,抽象物
真珠,しんじゅ,shinju,similar_romaji,kept:深紅/shinku,普通名詞,自然物
進化,しんか,shinka,similar_romaji,kept:深紅/shinku,サ変名詞,抽象物
神器,しんき,shinki,similar_romaji,kept:春季/shunki,普通名詞,人工物-その他
信仰,しんこう,shinko,similar_romaji,kept:心臓/shinzo,サ変名詞,抽象物
信奉,しんぽう,shinpo,similar_romaji,kept:心臓/shinzo,サ変名詞,抽象物
新婦,しんぷ,shinpu,similar_romaji,kept:深紅/shinku,普通名詞,人
新郎,しんろう,shinro,similar_romaji,kept:心臓/shinzo,普通名詞,人
深層,しんそう,shinso,similar_romaji,kept:心臓/shinzo,普通名詞,場所-機能
信徒,しんと,shinto,similar_romaji,kept:心臓/shinzo,普通名詞,人
神話,しんわ,shinwa,similar_romaji,kept:信者/shinja,普通名詞,抽象物
深夜,しんや,shinya,similar_romaji,kept:信者/shinja,時相名詞,時間
親友,しんゆう,shinyu,similar_romaji,kept:支流/shiryu,普通名詞,人
塩気,しおけ,shioke,similar_romaji,kept:湿気/shikke,普通名詞,抽象物
潮目,しおめ,shiome,similar_romaji,kept:新芽/shinme,普通名詞,場所-機能
紫苑,しおん,shion,similar_romaji,kept:紫雲/shiun,普通名詞,植物
試練,しれん,shiren,similar_romaji,kept:市電/shiden,普通名詞,抽象物
飼料,しりょう,shiryo,similar_romaji,kept:車両/sharyo,普通名詞,人工物-食べ物
司祭,しさい,shisai,similar_romaji,kept:獅子/shishi,普通名詞,人
市井,しせい,shisei,similar_romaji,kept:使命/shimei,普通名詞,場所-その他
支線,しせん,shisen,similar_romaji,kept:水仙/suisen,普通名詞,人工物-その他
使者,ししゃ,shisha,similar_romaji,kept:獅子/shishi,普通名詞,人
司書,ししょ,shisho,similar_romaji,kept:水晶/suisho,普通名詞,人
詩集,ししゅう,shishu,similar_romaji,kept:清酒/seishu,普通名詞,人工物-その他;抽象物
紫蘇,しそ,shiso,similar_romaji,kept:霜/shimo,普通名詞,植物;人工物-食べ物
子孫,しそん,shison,similar_romaji,kept:紫紺/shikon,普通名詞,抽象物
肢体,したい,shitai,similar_romaji,kept:生体/seitai,普通名詞,動物-部位
姉弟,してい,shitei,similar_romaji,kept:地底/chitei,普通名詞,人
使徒,しと,shito,similar_romaji,kept:諸島/shoto,普通名詞,人
皺,しわ,shiwa,similar_romaji,kept:舌/shita,普通名詞,動物-部位
視野,しや,shiya,similar_romaji,kept:舌/shita,普通名詞,抽象物
子葉,しよう,shiyo,similar_romaji,kept:斜陽/shayo,普通名詞,植物-部位
資材,しざい,shizai,similar_romaji,kept:謝罪/shazai,普通名詞,人工物-その他
笙,しょう,sho,similar_romaji,kept:蝶/cho,普通名詞,人工物-その他
相伴,しょうばん,shoban,similar_romaji,kept:終盤/shuban,サ変名詞,人
書房,しょぼう,shobo,similar_romaji,kept:諸島/shoto,普通名詞,場所-施設
小腸,しょうちょう,shocho,similar_romaji,kept:ちょうちょ/chocho,普通名詞,動物-部位
初代,しょだい,shodai,similar_romaji,kept:生涯/shogai,普通名詞,人
焦土,しょうど,shodo,similar_romaji,kept:調度/chodo,普通名詞,場所-その他
書風,しょふう,shofu,similar_romaji,kept:主夫/shufu,普通名詞,抽象物
書画,しょが,shoga,similar_romaji,kept:精舎/shoja,普通名詞,抽象物
書芸,しょげい,shogei,similar_romaji,kept:生涯/shogai,普通名詞,抽象物
将棋,しょうぎ,shogi,similar_romaji,kept:勝機/shoki,普通名詞,抽象物
正午,しょうご,shogo,similar_romaji,kept:諸島/shoto,時相名詞,時間
聖教,しょうぎょう,shogyo,similar_romaji,kept:消去/shokyo,普通名詞,抽象物
賞牌,しょうはい,shohai,similar_romaji,kept:賜杯/shihai,普通名詞,人工物-その他
初版,しょはん,shohan,similar_romaji,kept:小寒/shokan,普通名詞,人工物-その他
消費,しょうひ,shohi,similar_romaji,kept:私費/shihi,サ変名詞,抽象物
唱法,しょうほう,shoho,similar_romaji,kept:諸島/shoto,普通名詞,抽象物
所員,しょいん,shoin,similar_romaji,kept:朱印/shuin,普通名詞,人
障子,しょうじ,shoji,similar_romaji,kept:社寺/shaji,普通名詞,場所-施設部位
少女,しょうじょ,shojo,similar_romaji,kept:諸島/shoto,普通名詞,人
初旬,しょじゅん,shojun,similar_romaji,kept:将軍/shogun,時相名詞,時間
商家,しょうか,shoka,similar_romaji,kept:鹿/shika,普通名詞,場所-施設
初回,しょかい,shokai,similar_romaji,kept:生涯/shogai,普通名詞,時間
小径,しょうけい,shokei,similar_romaji,kept:集計/shukei,普通名詞,場所-施設
賞金,しょうきん,shokin,similar_romaji,kept:集金/shukin,普通名詞,人工物-金銭
初婚,しょこん,shokon,similar_romaji,kept:紫紺/shikon,普通名詞,抽象物
食,しょく,shoku,similar_romaji,kept:菖蒲/shobu,普通名詞,抽象物
諸君,しょくん,shokun,similar_romaji,kept:将軍/shogun,普通名詞,人
初球,しょきゅう,shokyu,similar_romaji,kept:消去/shokyo,普通名詞,抽象物
小満,しょうまん,shoman,similar_romaji,kept:小寒/shokan,時相名詞,時間
照明,しょうめい,shomei,similar_romaji,kept:使命/shimei,サ変名詞,抽象物
正面,しょうめん,shomen,similar_romaji,kept:商船/shosen,普通名詞,場所-機能
賞味,しょうみ,shomi,similar_romaji,kept:勝機/shoki,サ変名詞,抽象物
庶民,しょみん,shomin,similar_romaji,kept:上人/shonin,普通名詞,人
消耗,しょうもう,shomo,similar_romaji,kept:霜/shimo,サ変名詞,抽象物
証文,しょうもん,shomon,similar_romaji,kept:抄本/shohon,普通名詞,人工物-その他
少年,しょうねん,shonen,similar_romaji,kept:周年/shunen,普通名詞,人
小児,しょうに,shoni,similar_romaji,kept:勝機/shoki,普通名詞,人
小脳,しょうのう,shono,similar_romaji,kept:篠/shino,普通名詞,動物-部位
将来,しょうらい,shorai,similar_romaji,kept:生涯/shogai,時相名詞,時間
勝利,しょうり,shori,similar_romaji,kept:修理/shuri,サ変名詞,抽象物
初老,しょろう,shoro,similar_romaji,kept:白/shiro,普通名詞,人;時間
書類,しょるい,shorui,similar_romaji,kept:鳥類/chorui,普通名詞,人工物-その他
書斎,しょさい,shosai,similar_romaji,kept:生涯/shogai,普通名詞,場所-施設
小生,しょうせい,shosei,similar_romaji,kept:商船/shosen,普通名詞,人
諸氏,しょし,shoshi,similar_romaji,kept:調子/choshi,普通名詞,人
小暑,しょうしょ,shosho,similar_romaji,kept:車掌/shasho,時相名詞,時間
初秋,しょしゅう,shoshu,similar_romaji,kept:焼酎/shochu,時相名詞,時間
焦燥,しょうそう,shoso,similar_romaji,kept:諸島/shoto,サ変名詞,抽象物
小水,しょうすい,shosui,similar_romaji,kept:秋水/shusui,普通名詞,自然物
所帯,しょたい,shotai,similar_romaji,kept:生涯/shogai,普通名詞,抽象物
初手,しょて,shote,similar_romaji,kept:諸島/shoto,普通名詞,抽象物
唱和,しょうわ,showa,similar_romaji,kept:精舎/shoja,サ変名詞,抽象物
醤油,しょうゆ,shoyu,similar_romaji,kept:菖蒲/shobu,普通名詞,人工物-食べ物
所在,しょざい,shozai,similar_romaji,kept:謝罪/shazai,普通名詞,場所-その他
肖像,しょうぞう,shozo,similar_romaji,kept:諸島/shoto,普通名詞,抽象物
守備,しゅび,shubi,similar_romaji,kept:中火/chubi,サ変名詞,抽象物
秋分,しゅうぶん,shubun,similar_romaji,kept:終盤/shuban,時相名詞,時間
主柱,しゅちゅう,shuchu,similar_romaji,kept:焼酎/shochu,普通名詞,人工物-その他
主題,しゅだい,shudai,similar_romaji,kept:焼売/shumai,普通名詞,人工物-その他
終電,しゅうでん,shuden,similar_romaji,kept:市電/shiden,普通名詞,人工物-乗り物
修道,しゅうどう,shudo,similar_romaji,kept:宗祖/shuso,サ変名詞,抽象物
守衛,しゅえい,shuei,similar_romaji,kept:修理/shuri,普通名詞,人
手芸,しゅげい,shugei,similar_romaji,kept:集計/shukei,普通名詞,抽象物
修験,しゅげん,shugen,similar_romaji,kept:周年/shunen,普通名詞,抽象物
祝儀,しゅうぎ,shugi,similar_romaji,kept:修理/shuri,普通名詞,人工物-金銭
終業,しゅうぎょう,shugyo,similar_romaji,kept:種苗/shubyo,サ変名詞,抽象物
宗派,しゅうは,shuha,similar_romaji,kept:終夜/shuya,普通名詞,抽象物
周辺,しゅうへん,shuhen,similar_romaji,kept:斜辺/shahen,普通名詞,場所-機能
種皮,しゅひ,shuhi,similar_romaji,kept:修理/shuri,普通名詞,植物-部位
主賓,しゅひん,shuhin,similar_romaji,kept:集金/shukin,普通名詞,人
主砲,しゅほう,shuho,similar_romaji,kept:宗祖/shuso,普通名詞,人工物-その他
主事,しゅじ,shuji,similar_romaji,kept:社寺/shaji,普通名詞,人
主人,しゅじん,shujin,similar_romaji,kept:私人/shijin,普通名詞,人
集会,しゅうかい,shukai,similar_romaji,kept:焼売/shumai,サ変名詞,抽象物
週間,しゅうかん,shukan,similar_romaji,kept:集金/shukin,時相名詞,時間
秋季,しゅうき,shuki,similar_romaji,kept:修理/shuri,時相名詞,時間
出家,しゅっけ,shukke,similar_romaji,kept:湿気/shikke,サ変名詞,抽象物
出庫,しゅっこ,shukko,similar_romaji,kept:出火/shukka,サ変名詞,抽象物
周航,しゅうこう,shuko,similar_romaji,kept:宗祖/shuso,サ変名詞,抽象物
主根,しゅこん,shukon,similar_romaji,kept:紫紺/shikon,普通名詞,植物-部位
主君,しゅくん,shukun,similar_romaji,kept:集金/shukin,普通名詞,人
宗教,しゅうきょう,shukyo,similar_romaji,kept:消去/shokyo,普通名詞,抽象物
襲名,しゅうめい,shumei,similar_romaji,kept:使命/shimei,サ変名詞,抽象物
趣味,しゅみ,shumi,similar_romaji,kept:修理/shuri,普通名詞,抽象物
瞬時,しゅんじ,shunji,similar_romaji,kept:春季/shunki,時相名詞,時間
収入,しゅうにゅう,shunyu,similar_romaji,kept:春秋/shunju,普通名詞,人工物-金銭;抽象物
週央,しゅうおう,shuo,similar_romaji,kept:塩/shio,時相名詞,時間
修羅,しゅら,shura,similar_romaji,kept:沙羅/shara,普通名詞,人
棕櫚,しゅろ,shuro,similar_romaji,kept:白/shiro,普通名詞,植物
酒類,しゅるい,shurui,similar_romaji,kept:秋水/shusui,普通名詞,人工物-食べ物
首領,しゅりょう,shuryo,similar_romaji,kept:車両/sharyo,普通名詞,人
秀才,しゅうさい,shusai,similar_romaji,kept:焼売/shumai,普通名詞,人
終生,しゅうせい,shusei,similar_romaji,kept:集計/shukei,時相名詞,時間
手指,しゅし,shushi,similar_romaji,kept:獅子/shishi,普通名詞,動物-部位
主将,しゅしょう,shusho,similar_romaji,kept:車掌/shasho,普通名詞,人
修習,しゅうしゅう,shushu,similar_romaji,kept:仲秋/chushu,サ変名詞,抽象物
終点,しゅうてん,shuten,similar_romaji,kept:中天/chuten,普通名詞,場所-機能
舅,しゅうと,shuto,similar_romaji,kept:諸島/shoto,普通名詞,人
手話,しゅわ,shuwa,similar_romaji,kept:終夜/shuya,普通名詞,抽象物
周遊,しゅうゆう,shuyu,similar_romaji,kept:主夫/shufu,サ変名詞,抽象物
酒造,しゅぞう,shuzo,similar_romaji,kept:宗祖/shuso,サ変名詞,抽象物
蕎麦,そば,soba,similar_romaji,kept:鯖/saba,普通名詞,植物;人工物-食べ物
装備,そうび,sobi,similar_romaji,kept:鳶/tobi,サ変名詞,人工物-その他
祖母,そぼ,sobo,similar_romaji,kept:牛蒡/gobo,普通名詞,人
素描,そびょう,sobyo,similar_romaji,kept:僧侶/soryo,サ変名詞,人工物-その他;抽象物
装置,そうち,sochi,similar_romaji,kept:後/nochi,普通名詞,人工物-その他
早朝,そうちょう,socho,similar_romaji,kept:幼鳥/yocho,時相名詞,時間
総代,そうだい,sodai,similar_romaji,kept:世代/sedai,普通名詞,人
相談,そうだん,sodan,similar_romaji,kept:草炭/sotan,サ変名詞,抽象物
騒動,そうどう,sodo,similar_romaji,kept:淀/yodo,普通名詞,抽象物
祖父,そふ,sofu,similar_romaji,kept:豆腐/tofu,普通名詞,人
装画,そうが,soga,similar_romaji,kept:空/sora,普通名詞,人工物-その他;抽象物
奏楽,そうがく,sogaku,similar_romaji,kept:方角/hogaku,サ変名詞,抽象物
草原,そうげん,sogen,similar_romaji,kept:抗原/kogen,普通名詞,場所-自然
装具,そうぐ,sogu,similar_romaji,kept:工具/kogu,普通名詞,人工物-その他
走法,そうほう,soho,similar_romaji,kept:上方/joho,普通名詞,抽象物
掃除,そうじ,soji,similar_romaji,kept:同時/doji,サ変名詞,抽象物
操縦,そうじゅう,soju,similar_romaji,kept:猛獣/moju,サ変名詞,抽象物
早期,そうき,soki,similar_romaji,kept:軒/noki,時相名詞,時間
側溝,そっこう,sokko,similar_romaji,kept:特効/tokko,普通名詞,場所-施設部位
速球,そっきゅう,sokkyu,similar_romaji,kept:特急/tokkyu,普通名詞,抽象物
倉庫,そうこ,soko,similar_romaji,kept:横/yoko,普通名詞,場所-施設
早婚,そうこん,sokon,similar_romaji,kept:濃紺/nokon,普通名詞,抽象物
そこら,そこら,sokora,similar_romaji,kept:ほこら/hokora,普通名詞,場所-機能
側方,そくほう,sokuho,similar_romaji,kept:即答/sokuto,普通名詞,場所-機能
息女,そくじょ,sokujo,similar_romaji,kept:即答/sokuto,普通名詞,人
送球,そうきゅう,sokyu,similar_romaji,kept:号泣/gokyu,サ変名詞,抽象物
総身,そうみ,somi,similar_romaji,kept:富/tomi,普通名詞,動物-部位
層雲,そううん,son,similar_romaji,kept:紺/kon,普通名詞,自然物
遭難,そうなん,sonan,similar_romaji,kept:草炭/sotan,サ変名詞,抽象物
其方,そなた,sonata,similar_romaji,kept:どなた/donata,普通名詞,人
壮年,そうねん,sonen,similar_romaji,kept:索麺/somen,普通名詞,人;時間
尊敬,そんけい,sonkei,similar_romaji,kept:山系/sankei,サ変名詞,抽象物
苑,その,sono,similar_romaji,kept:殿/tono,普通名詞,場所-その他
其方,そのほう,sonoho,similar_romaji,kept:その後/sonogo,普通名詞,人
其折,そのおり,sonori,similar_romaji,kept:青海苔/aonori,普通名詞,時間
存在,そんざい,sonzai,similar_romaji,kept:前栽/senzai,サ変名詞,抽象物
祖霊,それい,sorei,similar_romaji,kept:送迎/sogei,普通名詞,人
早老,そうろう,soro,similar_romaji,kept:泥/doro,普通名詞,抽象物
操作,そうさ,sosa,similar_romaji,kept:笹/sasa,サ変名詞,抽象物
早世,そうせい,sosei,similar_romaji,kept:土星/dosei,サ変名詞,抽象物
礎石,そせき,soseki,similar_romaji,kept:鉱石/koseki,普通名詞,自然物
祖先,そせん,sosen,similar_romaji,kept:母船/bosen,普通名詞,人
走者,そうしゃ,sosha,similar_romaji,kept:土砂/dosha,普通名詞,人
叢書,そうしょ,sosho,similar_romaji,kept:蔵書/zosho,普通名詞,人工物-その他;抽象物
早々,そうそう,soso,similar_romaji,kept:僧正/sojo,時相名詞,時間
早退,そうたい,sotai,similar_romaji,kept:上体/jotai,サ変名詞,抽象物
漕艇,そうてい,sotei,similar_romaji,kept:湖底/kotei,普通名詞,抽象物
卒塔婆,そとば,sotoba,similar_romaji,kept:言葉/kotoba,普通名詞,人工物-その他
挿話,そうわ,sowa,similar_romaji,kept:沢/sawa,普通名詞,抽象物
塑像,そぞう,sozo,similar_romaji,kept:楮/kozo,普通名詞,人工物-その他
相続,そうぞく,sozoku,similar_romaji,kept:同族/dozoku,サ変名詞,抽象物
巣箱,すばこ,subako,similar_romaji,kept:重箱/jubako,普通名詞,人工物-その他
素手,すで,sude,similar_romaji,kept:筆/fude,普通名詞,抽象物
素顔,すがお,sugao,similar_romaji,kept:夕顔/yugao,普通名詞,動物-部位
崇拝,すうはい,suhai,similar_romaji,kept:住まい/sumai,サ変名詞,抽象物
水田,すいでん,suiden,similar_romaji,kept:市電/shiden,普通名詞,場所-その他
水道,すいどう,suido,similar_romaji,kept:青銅/seido,普通名詞,人工物-その他
水泳,すいえい,suiei,similar_romaji,kept:推理/suiri,サ変名詞,抽象物
水源,すいげん,suigen,similar_romaji,kept:水銀/suigin,普通名詞,場所-自然
水郷,すいごう,suigo,similar_romaji,kept:水素/suiso,普通名詞,場所-その他
水泡,すいほう,suiho,similar_romaji,kept:水素/suiso,普通名詞,自然物
炊事,すいじ,suiji,similar_romaji,kept:歳時/saiji,サ変名詞,抽象物
水上,すいじょう,suijo,similar_romaji,kept:水素/suiso,普通名詞,場所-その他
西瓜,すいか,suika,similar_romaji,kept:鹿/shika,普通名詞,植物;人工物-食べ物
推敲,すいこう,suiko,similar_romaji,kept:水素/suiso,サ変名詞,抽象物
水球,すいきゅう,suikyu,similar_romaji,kept:水牛/suigyu,普通名詞,抽象物
睡魔,すいま,suima,similar_romaji,kept:島/shima,普通名詞,抽象物
水面,すいめん,suimen,similar_romaji,kept:水仙/suisen,普通名詞,場所-その他
睡眠,すいみん,suimin,similar_romaji,kept:水銀/suigin,サ変名詞,抽象物
睡蓮,すいれん,suiren,similar_romaji,kept:水仙/suisen,普通名詞,植物
水路,すいろ,suiro,similar_romaji,kept:白/shiro,普通名詞,場所-施設
彗星,すいせい,suisei,similar_romaji,kept:水系/suikei,普通名詞,自然物
水車,すいしゃ,suisha,similar_romaji,kept:水晶/suisho,普通名詞,人工物-その他
水底,すいてい,suitei,similar_romaji,kept:水系/suikei,普通名詞,場所-自然
水稲,すいとう,suito,similar_romaji,kept:水素/suiso,普通名詞,植物
水運,すいうん,suiun,similar_romaji,kept:紫雲/shiun,普通名詞,抽象物
水曜,すいよう,suiyo,similar_romaji,kept:水素/suiso,時相名詞,時間
膵臓,すいぞう,suizo,similar_romaji,kept:水素/suiso,普通名詞,動物-部位
鋤,すき,suki,similar_romaji,kept:雪/yuki,普通名詞,人工物-その他
隙間,すきま,sukima,similar_romaji,kept:数寄屋/sukiya,普通名詞,場所-機能
相撲,すもう,sumo,similar_romaji,kept:雲/kumo,普通名詞,抽象物
臑,すね,sune,similar_romaji,kept:船/fune,普通名詞,動物-部位
寸志,すんし,sunshi,similar_romaji,kept:君子/kunshi,普通名詞,人工物-その他
すり,すり,suri,similar_romaji,kept:栗/kuri,普通名詞,人;抽象物
裾,すそ,suso,similar_romaji,kept:重曹/juso,普通名詞,場所-機能
すずき,すずき,suzuki,similar_romaji,kept:すすき/susuki,普通名詞,動物;人工物-食べ物
たばこ,たばこ,tabako,similar_romaji,kept:鱈子/tarako,普通名詞,人工物-その他
足袋,たび,tabi,similar_romaji,kept:錆/sabi,普通名詞,人工物-衣類
太刀,たち,tachi,similar_romaji,kept:蜂/hachi,普通名詞,人工物-その他
箍,たが,taga,similar_romaji,kept:棚/tana,普通名詞,人工物-その他
退部,たいぶ,taibu,similar_romaji,kept:外部/gaibu,サ変名詞,抽象物
隊長,たいちょう,taicho,similar_romaji,kept:害鳥/gaicho,普通名詞,人
退団,たいだん,taidan,similar_romaji,kept:祭壇/saidan,サ変名詞,抽象物
態度,たいど,taido,similar_romaji,kept:太陽/taiyo,普通名詞,抽象物
対岸,たいがん,taigan,similar_romaji,kept:海岸/kaigan,普通名詞,場所-自然
大医,たいい,taii,similar_romaji,kept:滝/taki,普通名詞,人
退場,たいじょう,taijo,similar_romaji,kept:太陽/taiyo,サ変名詞,抽象物
大樹,たいじゅ,taiju,similar_romaji,kept:怪獣/kaiju,普通名詞,植物
大家,たいか,taika,similar_romaji,kept:大河/taiga,普通名詞,人
大海,たいかい,taikai,similar_romaji,kept:外海/gaikai,普通名詞,場所-その他
退官,たいかん,taikan,similar_romaji,kept:大山/taizan,サ変名詞,抽象物
体形,たいけい,taikei,similar_romaji,kept:体験/taiken,普通名詞,形・模様
大気,たいき,taiki,similar_romaji,kept:外気/gaiki,普通名詞,自然物
大金,たいきん,taikin,similar_romaji,kept:細菌/saikin,普通名詞,人工物-金銭
太古,たいこ,taiko,similar_romaji,kept:蚕/kaiko,普通名詞,時間
体面,たいめん,taimen,similar_romaji,kept:海綿/kaimen,普通名詞,形・模様
滞納,たいのう,taino,similar_romaji,kept:大脳/daino,サ変名詞,抽象物
対応,たいおう,taio,similar_romaji,kept:蛸/tako,サ変名詞,抽象物
大老,たいろう,tairo,similar_romaji,kept:太陽/taiyo,普通名詞,人
退散,たいさん,taisan,similar_romaji,kept:炭酸/tansan,サ変名詞,抽象物
大社,たいしゃ,taisha,similar_romaji,kept:外車/gaisha,普通名詞,場所-施設
大使,たいし,taishi,similar_romaji,kept:停止/teishi,普通名詞,人
大宗,たいそう,taiso,similar_romaji,kept:炭素/tanso,普通名詞,人
対話,たいわ,taiwa,similar_romaji,kept:大河/taiga,サ変名詞,抽象物
大全,たいぜん,taizen,similar_romaji,kept:体験/taiken,普通名詞,抽象物
他界,たかい,takai,similar_romaji,kept:境/sakai,サ変名詞,抽象物
卓球,たっきゅう,takkyu,similar_romaji,kept:白球/hakkyu,普通名詞,抽象物
宅,たく,taku,similar_romaji,kept:枠/waku,普通名詞,場所-施設
託児,たくじ,takuji,similar_romaji,kept:白磁/hakuji,普通名詞,抽象物
内匠,たくみ,takumi,similar_romaji,kept:薬味/yakumi,普通名詞,人
たも,たも,tamo,similar_romaji,kept:供/tomo,普通名詞,植物;人工物-その他
たなご,たなご,tanago,similar_romaji,kept:卵/tamago,普通名詞,動物
田んぼ,たんぼ,tanbo,similar_romaji,kept:蜻蛉/tonbo,普通名詞,場所-その他
丹頂,たんちょう,tancho,similar_romaji,kept:山頂/sancho,普通名詞,動物
丹田,たんでん,tanden,similar_romaji,kept:鍛錬/tanren,普通名詞,動物-部位
多年,たねん,tanen,similar_romaji,kept:岩塩/ganen,時相名詞,時間
嘆願,たんがん,tangan,similar_romaji,kept:湾岸/wangan,サ変名詞,抽象物
端午,たんご,tango,similar_romaji,kept:珊瑚/sango,普通名詞,時間
他人,たにん,tanin,similar_romaji,kept:産院/sanin,普通名詞,人
担架,たんか,tanka,similar_romaji,kept:山河/sanka,普通名詞,人工物-その他
探検,たんけん,tanken,similar_romaji,kept:番犬/banken,サ変名詞,抽象物
炭坑,たんこう,tanko,similar_romaji,kept:炭素/tanso,普通名詞,人工物-その他
探求,たんきゅう,tankyu,similar_romaji,kept:段丘/dankyu,サ変名詞,抽象物
担任,たんにん,tannin,similar_romaji,kept:万人/bannin,サ変名詞,抽象物
胆嚢,たんのう,tanno,similar_romaji,kept:炭素/tanso,普通名詞,動物-部位
短編,たんぺん,tanpen,similar_romaji,kept:半片/hanpen,普通名詞,抽象物
単線,たんせん,tansen,similar_romaji,kept:鍛錬/tanren,普通名詞,抽象物
単勝,たんしょう,tansho,similar_romaji,kept:環礁/kansho,普通名詞,抽象物
箪笥,たんす,tansu,similar_romaji,kept:胆汁/tanju,普通名詞,人工物-その他
単体,たんたい,tantai,similar_romaji,kept:谷あい/taniai,普通名詞,自然物
短刀,たんとう,tanto,similar_romaji,kept:半島/hanto,普通名詞,人工物-その他
たれ,たれ,tare,similar_romaji,kept:彼/kare,普通名詞,抽象物
樽,たる,taru,similar_romaji,kept:猿/saru,普通名詞,人工物-その他
垂木,たるき,taruki,similar_romaji,kept:狸/tanuki,普通名詞,場所-施設部位
他者,たしゃ,tasha,similar_romaji,kept:馬車/basha,普通名詞,人
襷,たすき,tasuki,similar_romaji,kept:狸/tanuki,普通名詞,人工物-その他
三和土,たたき,tataki,similar_romaji,kept:仇/kataki,普通名詞,場所-施設部位
たたら,たたら,tatara,similar_romaji,kept:宝/takara,普通名詞,人工物-その他
多投,たとう,tato,similar_romaji,kept:里/sato,サ変名詞,抽象物
辰,たつ,tatsu,similar_romaji,kept:夏/natsu,普通名詞,場所-機能;時間
田植え,たうえ,taue,similar_romaji,kept:岳/take,サ変名詞,抽象物
便り,たより,tayori,similar_romaji,kept:さより/sayori,サ変名詞,抽象物
手編み,てあみ,teami,similar_romaji,kept:投網/toami,普通名詞,抽象物
手羽,てば,teba,similar_romaji,kept:束/taba,普通名詞,動物-部位;人工物-食べ物
手紙,てがみ,tegami,similar_romaji,kept:手書き/tegaki,普通名詞,人工物-その他
提案,ていあん,teian,similar_romaji,kept:名案/meian,サ変名詞,抽象物
底部,ていぶ,teibu,similar_romaji,kept:西部/seibu,普通名詞,場所-その他
低地,ていち,teichi,similar_romaji,kept:停止/teishi,普通名詞,場所-その他
停電,ていでん,teiden,similar_romaji,kept:定点/teiten,サ変名詞,抽象物
程度,ていど,teido,similar_romaji,kept:青銅/seido,普通名詞,抽象物
庭園,ていえん,teien,similar_romaji,kept:声援/seien,普通名詞,場所-施設
底辺,ていへん,teihen,similar_romaji,kept:定点/teiten,普通名詞,形・模様
定住,ていじゅう,teiju,similar_romaji,kept:米寿/beiju,サ変名詞,抽象物
定形,ていけい,teikei,similar_romaji,kept:定例/teirei,普通名詞,形・模様
定期,ていき,teiki,similar_romaji,kept:冷気/reiki,普通名詞,抽象物
低空,ていくう,teiku,similar_romaji,kept:天空/tenku,普通名詞,場所-機能
庭球,ていきゅう,teikyu,similar_romaji,kept:迷宮/meikyu,普通名詞,抽象物
底面,ていめん,teimen,similar_romaji,kept:定点/teiten,普通名詞,場所-その他
体裁,ていさい,teisai,similar_romaji,kept:弟妹/teimai,普通名詞,形・模様
訂正,ていせい,teisei,similar_romaji,kept:定例/teirei,サ変名詞,抽象物
停船,ていせん,teisen,similar_romaji,kept:経線/keisen,サ変名詞,抽象物
停車,ていしゃ,teisha,similar_romaji,kept:停止/teishi,サ変名詞,抽象物
亭主,ていしゅ,teishu,similar_romaji,kept:清酒/seishu,普通名詞,人
敵,てき,teki,similar_romaji,kept:胃液/ieki,普通名詞,人
鉄橋,てっきょう,tekkyo,similar_romaji,kept:絶叫/zekkyo,普通名詞,場所-施設
梃子,てこ,teko,similar_romaji,kept:猫/neko,普通名詞,人工物-その他
手間,てま,tema,similar_romaji,kept:弾/tama,普通名詞,時間
手元,てもと,temoto,similar_romaji,kept:家元/iemoto,普通名詞,場所-その他
展望,てんぼう,tenbo,similar_romaji,kept:蜻蛉/tonbo,サ変名詞,抽象物
天狗,てんぐ,tengu,similar_romaji,kept:天空/tenku,普通名詞,人
点字,てんじ,tenji,similar_romaji,kept:返事/henji,普通名詞,抽象物
天神,てんじん,tenjin,similar_romaji,kept:原人/genjin,普通名詞,人
天寿,てんじゅ,tenju,similar_romaji,kept:胆汁/tanju,普通名詞,時間
天下,てんか,tenka,similar_romaji,kept:綿花/menka,普通名詞,場所-その他
展開,てんかい,tenkai,similar_romaji,kept:天体/tentai,サ変名詞,抽象物
点検,てんけん,tenken,similar_romaji,kept:天然/tennen,サ変名詞,抽象物
天気,てんき,tenki,similar_romaji,kept:天空/tenku,普通名詞,抽象物
転校,てんこう,tenko,similar_romaji,kept:千古/senko,サ変名詞,抽象物
転居,てんきょ,tenkyo,similar_romaji,kept:辺境/henkyo,サ変名詞,抽象物
天人,てんにん,tennin,similar_romaji,kept:仙人/sennin,普通名詞,人
転入,てんにゅう,tennyu,similar_romaji,kept:練乳/rennyu,サ変名詞,抽象物
典範,てんぱん,tenpan,similar_romaji,kept:先般/senpan,普通名詞,抽象物
天変,てんぺん,tenpen,similar_romaji,kept:天然/tennen,普通名詞,抽象物
展覧,てんらん,tenran,similar_romaji,kept:転換/tenkan,サ変名詞,抽象物
天才,てんさい,tensai,similar_romaji,kept:前菜/zensai,普通名詞,人
点線,てんせん,tensen,similar_romaji,kept:源泉/gensen,普通名詞,形・模様
天使,てんし,tenshi,similar_romaji,kept:停止/teishi,普通名詞,人
天主,てんしゅ,tenshu,similar_romaji,kept:練習/renshu,普通名詞,人
転送,てんそう,tenso,similar_romaji,kept:炭素/tanso,サ変名詞,抽象物
鉄片,てっぺん,teppen,similar_romaji,kept:鉄板/teppan,普通名詞,人工物-その他
手数,てすう,tesu,similar_romaji,kept:雌/mesu,普通名詞,抽象物
鉄柱,てっちゅう,tetchu,similar_romaji,kept:熱中/netchu,普通名詞,場所-施設部位
撤退,てったい,tettai,similar_romaji,kept:天体/tentai,サ変名詞,抽象物
徹底,てってい,tettei,similar_romaji,kept:決定/kettei,サ変名詞,抽象物
鉄塔,てっとう,tetto,similar_romaji,kept:列島/retto,普通名詞,場所-施設
手打ち,てうち,teuchi,similar_romaji,kept:土/tsuchi,普通名詞,抽象物
当番,とうばん,toban,similar_romaji,kept:碁盤/goban,普通名詞,人;抽象物
逃亡,とうぼう,tobo,similar_romaji,kept:牛蒡/gobo,サ変名詞,抽象物
頭部,とうぶ,tobu,similar_romaji,kept:豆腐/tofu,普通名詞,動物-部位
父ちゃん,とうちゃん,tochan,similar_romaji,kept:嬢ちゃん/jochan,普通名詞,人
当地,とうち,tochi,similar_romaji,kept:後/nochi,普通名詞,場所-その他
投打,とうだ,toda,similar_romaji,kept:虎/tora,普通名詞,抽象物
登壇,とうだん,todan,similar_romaji,kept:都電/toden,サ変名詞,抽象物
遠出,とおで,tode,similar_romaji,kept:袖/sode,サ変名詞,抽象物
海馬,とど,todo,similar_romaji,kept:淀/yodo,普通名詞,動物
投影,とうえい,toei,similar_romaji,kept:富/tomi,サ変名詞,抽象物
ト書き,とがき,togaki,similar_romaji,kept:手書き/tegaki,普通名詞,抽象物
陶芸,とうげい,togei,similar_romaji,kept:送迎/sogei,普通名詞,抽象物
東国,とうごく,togoku,similar_romaji,kept:登録/toroku,普通名詞,場所-その他
闘牛,とうぎゅう,togyu,similar_romaji,kept:豆乳/tonyu,普通名詞,抽象物
当方,とうほう,toho,similar_romaji,kept:上方/joho,普通名詞,場所-その他
東北,とうほく,tohoku,similar_romaji,kept:登録/toroku,普通名詞,場所-機能
謄本,とうほん,tohon,similar_romaji,kept:手本/tehon,普通名詞,抽象物
砥石,といし,toishi,similar_romaji,kept:碁石/goishi,普通名詞,自然物
冬至,とうじ,toji,similar_romaji,kept:富/tomi,時相名詞,時間
途上,とじょう,tojo,similar_romaji,kept:僧正/sojo,時相名詞,時間
灯火,とうか,toka,similar_romaji,kept:猛火/moka,普通名詞,人工物-その他
都会,とかい,tokai,similar_romaji,kept:妖怪/yokai,普通名詞,場所-その他
投函,とうかん,tokan,similar_romaji,kept:増刊/zokan,サ変名詞,抽象物
刀剣,とうけん,token,similar_romaji,kept:猛犬/moken,普通名詞,人工物-その他
朱鷺,とき,toki,similar_romaji,kept:軒/noki,普通名詞,動物
突起,とっき,tokki,similar_romaji,kept:吐息/toiki,サ変名詞,抽象物
特訓,とっくん,tokkun,similar_romaji,kept:特権/tokken,普通名詞,抽象物
刀工,とうこう,toko,similar_romaji,kept:横/yoko,普通名詞,人
得度,とくど,tokudo,similar_romaji,kept:国道/kokudo,サ変名詞,抽象物
徳利,とくり,tokuri,similar_romaji,kept:特技/tokugi,普通名詞,人工物-その他
投球,とうきゅう,tokyu,similar_romaji,kept:号泣/gokyu,サ変名詞,抽象物
島民,とうみん,tomin,similar_romaji,kept:公民/komin,普通名詞,人
東南,とうなん,tonan,similar_romaji,kept:父さん/tosan,普通名詞,場所-機能
頓知,とんち,tonchi,similar_romaji,kept:盆地/bonchi,普通名詞,抽象物
当年,とうねん,tonen,similar_romaji,kept:都電/toden,時相名詞,時間
遠乗り,とおのり,tonori,similar_romaji,kept:青海苔/aonori,サ変名詞,抽象物
渡来,とらい,torai,similar_romaji,kept:盥/tarai,サ変名詞,抽象物
当落,とうらく,toraku,similar_romaji,kept:娯楽/goraku,普通名詞,抽象物
灯籠,とうろう,toro,similar_romaji,kept:泥/doro,普通名詞,人工物-その他
とろみ,とろみ,toromi,similar_romaji,kept:泥海/doromi,普通名詞,抽象物
薯蕷,とろろ,tororo,similar_romaji,kept:所/tokoro,普通名詞,人工物-食べ物
棟梁,とうりょう,toryo,similar_romaji,kept:僧侶/soryo,普通名詞,人
投石,とうせき,toseki,similar_romaji,kept:鉱石/koseki,サ変名詞,抽象物
当選,とうせん,tosen,similar_romaji,kept:母船/bosen,サ変名詞,抽象物
灯心,とうしん,toshin,similar_romaji,kept:庚申/koshin,普通名詞,人工物-その他
島嶼,とうしょ,tosho,similar_romaji,kept:蔵書/zosho,普通名詞,場所-自然
逃走,とうそう,toso,similar_romaji,kept:殿/tono,サ変名詞,抽象物
咄嗟,とっさ,tossa,similar_romaji,kept:遠浅/toasa,普通名詞,時間
途端,とたん,totan,similar_romaji,kept:草炭/sotan,時相名詞,時間
徒弟,とてい,totei,similar_romaji,kept:湖底/kotei,普通名詞,人
当夜,とうや,toya,similar_romaji,kept:坊や/boya,時相名詞,時間
東洋,とうよう,toyo,similar_romaji,kept:殿/tono,普通名詞,場所-その他
灯油,とうゆ,toyu,similar_romaji,kept:豆腐/tofu,普通名詞,自然物
東西,とうざい,tozai,similar_romaji,kept:総菜/sozai,普通名詞,場所-機能
登山,とざん,tozan,similar_romaji,kept:銅山/dozan,サ変名詞,抽象物
壺,つぼ,tsubo,similar_romaji,kept:角/tsuno,普通名詞,人工物-その他
通帳,つうちょう,tsucho,similar_romaji,kept:通称/tsusho,普通名詞,人工物-金銭
都度,つど,tsudo,similar_romaji,kept:角/tsuno,普通名詞,時間
通風,つうふう,tsufu,similar_romaji,kept:粒/tsubu,サ変名詞,抽象物
追肥,ついひ,tsuihi,similar_romaji,kept:土/tsuchi,普通名詞,人工物-その他
追悼,ついとう,tsuito,similar_romaji,kept:追走/tsuiso,サ変名詞,抽象物
辻,つじ,tsuji,similar_romaji,kept:月/tsuki,普通名詞,場所-その他
通常,つうじょう,tsujo,similar_romaji,kept:角/tsuno,時相名詞,抽象物
通航,つうこう,tsuko,similar_romaji,kept:角/tsuno,サ変名詞,抽象物
爪,つめ,tsume,similar_romaji,kept:常/tsune,普通名詞,動物-部位
通路,つうろ,tsuro,similar_romaji,kept:角/tsuno,普通名詞,場所-施設部位
通算,つうさん,tsusan,similar_romaji,kept:痛感/tsukan,サ変名詞,抽象物
通夜,つや,tsuya,similar_romaji,kept:塚/tsuka,普通名詞,抽象物
通用,つうよう,tsuyo,similar_romaji,kept:角/tsuno,サ変名詞,抽象物
つゆ,つゆ,tsuyu,similar_romaji,kept:粒/tsubu,普通名詞,人工物-食べ物
乳母,うば,uba,similar_romaji,kept:歌/uta,普通名詞,人
産毛,うぶげ,ubuge,similar_romaji,kept:産着/ubugi,普通名詞,動物-部位
宇宙,うちゅう,uchu,similar_romaji,kept:内/uchi,普通名詞,場所-自然
うど,うど,udo,similar_romaji,kept:腕/ude,普通名詞,植物;人工物-食べ物
植木,うえき,ueki,similar_romaji,kept:胃液/ieki,普通名詞,植物
右舷,うげん,ugen,similar_romaji,kept:雨天/uten,普通名詞,人工物-その他;場所-機能
右辺,うへん,uhen,similar_romaji,kept:雨天/uten,普通名詞,場所-その他
初陣,ういじん,uijin,similar_romaji,kept:美人/bijin,普通名詞,抽象物
羽化,うか,uka,similar_romaji,kept:赤/aka,サ変名詞,抽象物
雨季,うき,uki,similar_romaji,kept:秋/aki,時相名詞,時間
羽毛,うもう,umo,similar_romaji,kept:芋/imo,普通名詞,動物-部位
うなじ,うなじ,unaji,similar_romaji,kept:鰻/unagi,普通名詞,動物-部位
運動,うんどう,undo,similar_romaji,kept:うんこ/unko,サ変名詞,抽象物
雲丹,うに,uni,similar_romaji,kept:兄/ani,普通名詞,動物;人工物-食べ物
運命,うんめい,unmei,similar_romaji,kept:雲泥/undei,普通名詞,抽象物
運勢,うんせい,unsei,similar_romaji,kept:院生/insei,普通名詞,抽象物
運針,うんしん,unshin,similar_romaji,kept:運賃/unchin,普通名詞,抽象物
運送,うんそう,unso,similar_romaji,kept:塩素/enso,サ変名詞,抽象物
雲水,うんすい,unsui,similar_romaji,kept:温水/onsui,普通名詞,抽象物
裏門,うらもん,uramon,similar_romaji,kept:裏盆/urabon,普通名詞,場所-施設
裏手,うらて,urate,similar_romaji,kept:新手/arate,普通名詞,場所-その他
売り子,うりこ,uriko,similar_romaji,kept:氏子/ujiko,普通名詞,人
臼,うす,usu,similar_romaji,kept:雄/osu,普通名詞,人工物-その他
薄着,うすぎ,usugi,similar_romaji,kept:次/tsugi,サ変名詞,抽象物
雨水,うすい,usui,similar_romaji,kept:牛/ushi,時相名詞,時間
上着,うわぎ,uwagi,similar_romaji,kept:兎/usagi,普通名詞,人工物-衣類
卯月,うづき,uzuki,similar_romaji,kept:小豆/azuki,時相名詞,時間
話題,わだい,wadai,similar_romaji,kept:真鯛/madai,普通名詞,人工物-その他
和風,わふう,wafu,similar_romaji,kept:枠/waku,普通名詞,抽象物
我が身,わがみ,wagami,similar_romaji,kept:鏡/kagami,普通名詞,動物
我が家,わがや,wagaya,similar_romaji,kept:長屋/nagaya,普通名詞,場所-施設
輪中,わじゅう,waju,similar_romaji,kept:野獣/yaju,普通名詞,場所-その他
和歌,わか,waka,similar_romaji,kept:坂/saka,普通名詞,抽象物
和漢,わかん,wakan,similar_romaji,kept:羅漢/rakan,普通名詞,場所-その他
若菜,わかな,wakana,similar_romaji,kept:魚/sakana,普通名詞,植物
若手,わかて,wakate,similar_romaji,kept:逆手/sakate,普通名詞,人
分け目,わけめ,wakeme,similar_romaji,kept:裂け目/sakeme,普通名詞,場所-機能
脇,わき,waki,similar_romaji,kept:先/saki,普通名詞,動物-部位;場所-機能
若人,わこうど,wakodo,similar_romaji,kept:仲人/nakodo,普通名詞,人
椀,わん,wan,similar_romaji,kept:雁/gan,普通名詞,人工物-その他
罠,わな,wana,similar_romaji,kept:棚/tana,普通名詞,人工物-その他
輪投げ,わなげ,wanage,similar_romaji,kept:綿毛/watage,普通名詞,抽象物
腕章,わんしょう,wansho,similar_romaji,kept:環礁/kansho,普通名詞,人工物-その他
わらび,わらび,warabi,similar_romaji,kept:わらじ/waraji,普通名詞,植物;人工物-食べ物
和裁,わさい,wasai,similar_romaji,kept:野菜/yasai,普通名詞,抽象物
早稲,わせ,wase,similar_romaji,kept:訳/wake,普通名詞,植物
和船,わせん,wasen,similar_romaji,kept:河川/kasen,普通名詞,人工物-乗り物
話者,わしゃ,washa,similar_romaji,kept:馬車/basha,普通名詞,人
わて,わて,wate,similar_romaji,kept:糧/kate,普通名詞,人
和訳,わやく,wayaku,similar_romaji,kept:早く/hayaku,サ変名詞,抽象物
夜分,やぶん,yabun,similar_romaji,kept:油分/yubun,時相名詞,時間
家賃,やちん,yachin,similar_romaji,kept:駄賃/dachin,普通名詞,人工物-金銭
野鳥,やちょう,yacho,similar_romaji,kept:がちょう/gacho,普通名詞,動物
八重,やえ,yae,similar_romaji,kept:苗/nae,普通名詞,抽象物
八重歯,やえば,yaeba,similar_romaji,kept:前歯/maeba,普通名詞,動物-部位
野外,やがい,yagai,similar_romaji,kept:野菜/yasai,普通名詞,場所-その他
山羊,やぎ,yagi,similar_romaji,kept:鷺/sagi,普通名詞,動物
やご,やご,yago,similar_romaji,kept:孫/mago,普通名詞,動物
夜具,やぐ,yagu,similar_romaji,kept:馬具/bagu,普通名詞,人工物-その他
野次,やじ,yaji,similar_romaji,kept:恥/haji,普通名詞,抽象物
夜会,やかい,yakai,similar_romaji,kept:境/sakai,普通名詞,抽象物
夜間,やかん,yakan,similar_romaji,kept:野犬/yaken,時相名詞,時間
屋形,やかた,yakata,similar_romaji,kept:浴衣/yukata,普通名詞,場所-施設
夜景,やけい,yakei,similar_romaji,kept:野犬/yaken,普通名詞,抽象物
夜行,やこう,yako,similar_romaji,kept:箱/hako,サ変名詞,抽象物
葯,やく,yaku,similar_romaji,kept:枠/waku,普通名詞,植物-部位
厄日,やくび,yakubi,similar_romaji,kept:薬味/yakumi,普通名詞,時間
躍動,やくどう,yakudo,similar_romaji,kept:薬草/yakuso,サ変名詞,抽象物
訳語,やくご,yakugo,similar_romaji,kept:覚悟/kakugo,普通名詞,抽象物
役目,やくめ,yakume,similar_romaji,kept:薬味/yakumi,普通名詞,抽象物
野球,やきゅう,yakyu,similar_romaji,kept:砂丘/sakyu,普通名詞,抽象物
山あい,やまあい,yamaai,similar_romaji,kept:山路/yamaji,普通名詞,場所-その他
闇,やみ,yami,similar_romaji,kept:神/kami,普通名詞,抽象物
屋根,やね,yane,similar_romaji,kept:鐘/kane,普通名詞,場所-施設部位
やに,やに,yani,similar_romaji,kept:谷/tani,普通名詞,自然物
夜来,やらい,yarai,similar_romaji,kept:盥/tarai,時相名詞,時間
槍,やり,yari,similar_romaji,kept:仮/kari,普通名詞,人工物-その他
野郎,やろう,yaro,similar_romaji,kept:宿/yado,普通名詞,人
野生,やせい,yasei,similar_romaji,kept:遊星/yusei,サ変名詞,抽象物
野選,やせん,yasen,similar_romaji,kept:河川/kasen,普通名詞,抽象物
椰子,やし,yashi,similar_romaji,kept:橋/hashi,普通名詞,植物;人工物-食べ物
野手,やしゅ,yashu,similar_romaji,kept:画集/gashu,普通名詞,人
野草,やそう,yaso,similar_romaji,kept:宿/yado,普通名詞,植物
屋台,やたい,yatai,similar_romaji,kept:野菜/yasai,普通名詞,場所-施設
奴,やつ,yatsu,similar_romaji,kept:夏/natsu,普通名詞,人
曜日,ようび,yobi,similar_romaji,kept:鳶/tobi,普通名詞,時間
養母,ようぼ,yobo,similar_romaji,kept:牛蒡/gobo,普通名詞,人
腰部,ようぶ,yobu,similar_romaji,kept:夜/yoru,普通名詞,動物-部位
用地,ようち,yochi,similar_romaji,kept:後/nochi,普通名詞,場所-その他
幼虫,ようちゅう,yochu,similar_romaji,kept:洋酒/yoshu,普通名詞,動物
余談,よだん,yodan,similar_romaji,kept:溶岩/yogan,普通名詞,抽象物
養父,ようふ,yofu,similar_romaji,kept:豆腐/tofu,普通名詞,人
養父母,ようふぼ,yofubo,similar_romaji,kept:祖父母/sofubo,普通名詞,人
夜更け,よふけ,yofuke,similar_romaji,kept:洋服/yofuku,普通名詞,時間
洋画,ようが,yoga,similar_romaji,kept:余波/yoha,普通名詞,人工物-その他;抽象物
洋学,ようがく,yogaku,similar_romaji,kept:方角/hogaku,普通名詞,抽象物
夜霧,よぎり,yogiri,similar_romaji,kept:夕霧/yugiri,普通名詞,抽象物
養護,ようご,yogo,similar_romaji,kept:老後/rogo,サ変名詞,抽象物
用具,ようぐ,yogu,similar_romaji,kept:工具/kogu,普通名詞,人工物-その他
余白,よはく,yohaku,similar_romaji,kept:要約/yoyaku,普通名詞,人工物-その他
擁壁,ようへき,yoheki,similar_romaji,kept:城壁/joheki,普通名詞,場所-施設
養育,よういく,yoiku,similar_romaji,kept:保育/hoiku,サ変名詞,抽象物
幼時,ようじ,yoji,similar_romaji,kept:同時/doji,時相名詞,時間
幼女,ようじょ,yojo,similar_romaji,kept:僧正/sojo,普通名詞,人
余暇,よか,yoka,similar_romaji,kept:猛火/moka,普通名詞,時間
羊羮,ようかん,yokan,similar_romaji,kept:増刊/zokan,普通名詞,人工物-食べ物
用件,ようけん,yoken,similar_romaji,kept:猛犬/moken,普通名詞,抽象物
容器,ようき,yoki,similar_romaji,kept:軒/noki,普通名詞,人工物-その他
預金,よきん,yokin,similar_romaji,kept:合金/gokin,サ変名詞,人工物-金銭;抽象物
欲求,よっきゅう,yokkyu,similar_romaji,kept:特急/tokkyu,サ変名詞,抽象物
予告,よこく,yokoku,similar_romaji,kept:五穀/gokoku,サ変名詞,抽象物
横手,よこて,yokote,similar_romaji,kept:横目/yokome,普通名詞,場所-その他
欲,よく,yoku,similar_romaji,kept:夜/yoru,普通名詞,抽象物
浴槽,よくそう,yokuso,similar_romaji,kept:牧草/bokuso,普通名詞,場所-施設部位
浴用,よくよう,yokuyo,similar_romaji,kept:木曜/mokuyo,普通名詞,抽象物
余興,よきょう,yokyo,similar_romaji,kept:増強/zokyo,普通名詞,抽象物
洋弓,ようきゅう,yokyu,similar_romaji,kept:号泣/gokyu,普通名詞,人工物-その他
洋間,ようま,yoma,similar_romaji,kept:土間/doma,普通名詞,場所-施設
羊毛,ようもう,yomo,similar_romaji,kept:供/tomo,普通名詞,動物-部位
夜中,よなか,yonaka,similar_romaji,kept:夜長/yonaga,時相名詞,時間
幼年,ようねん,yonen,similar_romaji,kept:芳年/honen,普通名詞,人;時間
要覧,ようらん,yoran,similar_romaji,kept:溶岩/yogan,普通名詞,人工物-その他
要領,ようりょう,yoryo,similar_romaji,kept:幼魚/yogyo,普通名詞,抽象物
要塞,ようさい,yosai,similar_romaji,kept:後妻/gosai,普通名詞,場所-施設
葉酸,ようさん,yosan,similar_romaji,kept:溶岩/yogan,普通名詞,自然物
寄席,よせ,yose,similar_romaji,kept:嫁/yome,普通名詞,場所-施設
妖精,ようせい,yosei,similar_romaji,kept:土星/dosei,普通名詞,人
予選,よせん,yosen,similar_romaji,kept:母船/bosen,サ変名詞,抽象物
洋紙,ようし,yoshi,similar_romaji,kept:年/toshi,普通名詞,人工物-その他
洋書,ようしょ,yosho,similar_romaji,kept:蔵書/zosho,普通名詞,人工物-その他;抽象物
陽春,ようしゅん,yoshun,similar_romaji,kept:早春/soshun,時相名詞,時間
余所,よそ,yoso,similar_romaji,kept:横/yoko,普通名詞,場所-その他
用水,ようすい,yosui,similar_romaji,kept:雑炊/zosui,普通名詞,自然物
予定,よてい,yotei,similar_romaji,kept:湖底/kotei,サ変名詞,抽象物
洋陶,ようとう,yoto,similar_romaji,kept:元/moto,普通名詞,人工物-その他
齢,よわい,yowai,similar_romaji,kept:妖怪/yokai,普通名詞,時間
余裕,よゆう,yoyu,similar_romaji,kept:夜/yoru,普通名詞,抽象物
友愛,ゆうあい,yuai,similar_romaji,kept:雪/yuki,普通名詞,抽象物
ゆうべ,ゆうべ,yube,similar_romaji,kept:夢/yume,時相名詞,時間
郵便,ゆうびん,yubin,similar_romaji,kept:油分/yubun,普通名詞,抽象物
勇断,ゆうだん,yudan,similar_romaji,kept:夕飯/yuhan,サ変名詞,抽象物
誘導,ゆうどう,yudo,similar_romaji,kept:宿/yado,サ変名詞,抽象物
遊泳,ゆうえい,yuei,similar_romaji,kept:野営/yaei,サ変名詞,抽象物
輸液,ゆえき,yueki,similar_romaji,kept:樹液/jueki,普通名詞,人工物-その他
油画,ゆが,yuga,similar_romaji,kept:床/yuka,普通名詞,抽象物
遊学,ゆうがく,yugaku,similar_romaji,kept:儒学/jugaku,サ変名詞,抽象物
夕方,ゆうがた,yugata,similar_romaji,kept:姿/sugata,時相名詞,時間
夕げ,ゆうげ,yuge,similar_romaji,kept:夢/yume,普通名詞,人工物-食べ物
遊技,ゆうぎ,yugi,similar_romaji,kept:杉/sugi,普通名詞,抽象物
遊具,ゆうぐ,yugu,similar_romaji,kept:融合/yugo,普通名詞,人工物-その他
夕日,ゆうひ,yuhi,similar_romaji,kept:雪/yuki,普通名詞,自然物
友人,ゆうじん,yujin,similar_romaji,kept:無人/mujin,普通名詞,人
遊女,ゆうじょ,yujo,similar_romaji,kept:融合/yugo,普通名詞,人
融解,ゆうかい,yukai,similar_romaji,kept:樹海/jukai,サ変名詞,抽象物
雪見,ゆきみ,yukimi,similar_romaji,kept:剥き身/mukimi,普通名詞,抽象物
夕刻,ゆうこく,yukoku,similar_romaji,kept:遊郭/yukaku,時相名詞,時間
遊興,ゆうきょう,yukyo,similar_romaji,kept:住居/jukyo,サ変名詞,抽象物
夕靄,ゆうもや,yumoya,similar_romaji,kept:弓矢/yumiya,普通名詞,抽象物
夕凪ぎ,ゆうなぎ,yunagi,similar_romaji,kept:柳/yanagi,普通名詞,抽象物
由来,ゆらい,yurai,similar_romaji,kept:位/kurai,サ変名詞,抽象物
遊楽,ゆうらく,yuraku,similar_romaji,kept:遊郭/yukaku,サ変名詞,抽象物
遊覧,ゆうらん,yuran,similar_romaji,kept:夕飯/yuhan,サ変名詞,抽象物
幽霊,ゆうれい,yurei,similar_romaji,kept:遊星/yusei,普通名詞,人
百合,ゆり,yuri,similar_romaji,kept:栗/kuri,普通名詞,植物
油彩,ゆさい,yusai,similar_romaji,kept:野菜/yasai,普通名詞,人工物-その他
遊山,ゆさん,yusan,similar_romaji,kept:夕飯/yuhan,普通名詞,抽象物
郵船,ゆうせん,yusen,similar_romaji,kept:遊星/yusei,普通名詞,人工物-乗り物
勇者,ゆうしゃ,yusha,similar_romaji,kept:空車/kusha,普通名詞,人
油脂,ゆし,yushi,similar_romaji,kept:主/nushi,普通名詞,人工物-食べ物
優勝,ゆうしょう,yusho,similar_romaji,kept:武将/busho,サ変名詞,抽象物
郵送,ゆうそう,yuso,similar_romaji,kept:重曹/juso,サ変名詞,抽象物
友禅,ゆうぜん,yuzen,similar_romaji,kept:油田/yuden,普通名詞,抽象物
柚子,ゆず,yuzu,similar_romaji,kept:錫/suzu,普通名詞,植物;人工物-食べ物
座長,ざちょう,zacho,similar_romaji,kept:がちょう/gacho,普通名詞,人
在留,ざいりゅう,zairyu,similar_romaji,kept:材料/zairyo,サ変名詞,抽象物
雑貨,ざっか,zakka,similar_romaji,kept:落下/rakka,普通名詞,人工物-その他
雑魚,ざこ,zako,similar_romaji,kept:箱/hako,普通名詞,動物
塹壕,ざんごう,zango,similar_romaji,kept:珊瑚/sango,普通名詞,場所-施設
残金,ざんきん,zankin,similar_romaji,kept:雑菌/zakkin,普通名詞,人工物-金銭
惨敗,ざんぱい,zanpai,similar_romaji,kept:乾杯/kanpai,サ変名詞,抽象物
残塁,ざんるい,zanrui,similar_romaji,kept:感涙/kanrui,サ変名詞,抽象物
残滓,ざんし,zanshi,similar_romaji,kept:卵子/ranshi,普通名詞,人工物-その他
笊,ざる,zaru,similar_romaji,kept:猿/saru,普通名詞,人工物-その他
雑誌,ざっし,zasshi,similar_romaji,kept:冊子/sasshi,普通名詞,人工物-その他;抽象物
雑踏,ざっとう,zatto,similar_romaji,kept:納豆/natto,サ変名詞,抽象物
座右,ざゆう,zayu,similar_romaji,kept:繭/mayu,普通名詞,場所-その他
座像,ざぞう,zazo,similar_romaji,kept:謎/nazo,普通名詞,抽象物;形・模様
絶海,ぜっかい,zekkai,similar_romaji,kept:石灰/sekkai,普通名詞,場所-その他
絶句,ぜっく,zekku,similar_romaji,kept:絶好/zekko,サ変名詞,抽象物
膳,ぜん,zen,similar_romaji,kept:天/ten,普通名詞,人工物-その他
前代,ぜんだい,zendai,similar_romaji,kept:前菜/zensai,普通名詞,時間
前後,ぜんご,zengo,similar_romaji,kept:剣豪/kengo,サ変名詞,場所-機能
禅師,ぜんじ,zenji,similar_romaji,kept:返事/henji,普通名詞,人
全人,ぜんじん,zenjin,similar_romaji,kept:原人/genjin,普通名詞,人
前回,ぜんかい,zenkai,similar_romaji,kept:前菜/zensai,時相名詞,時間
全巻,ぜんかん,zenkan,similar_romaji,kept:転換/tenkan,普通名詞,人工物-その他
全景,ぜんけい,zenkei,similar_romaji,kept:絶景/zekkei,普通名詞,抽象物
前期,ぜんき,zenki,similar_romaji,kept:前衛/zenei,時相名詞,時間
全戸,ぜんこ,zenko,similar_romaji,kept:千古/senko,普通名詞,場所-施設
ぜんまい,ぜんまい,zenmai,similar_romaji,kept:玄米/genmai,普通名詞,人工物-その他
全面,ぜんめん,zenmen,similar_romaji,kept:全県/zenken,普通名詞,場所-その他
前年,ぜんねん,zennen,similar_romaji,kept:天然/tennen,時相名詞,時間
善人,ぜんにん,zennin,similar_romaji,kept:仙人/sennin,普通名詞,人
全敗,ぜんぱい,zenpai,similar_romaji,kept:年輩/nenpai,サ変名詞,抽象物
全編,ぜんぺん,zenpen,similar_romaji,kept:全県/zenken,普通名詞,抽象物
前方,ぜんぽう,zenpo,similar_romaji,kept:連峰/renpo,普通名詞,場所-機能
前夫,ぜんぷ,zenpu,similar_romaji,kept:絹布/kenpu,普通名詞,人
前世,ぜんせ,zense,similar_romaji,kept:現世/gense,普通名詞,時間
全線,ぜんせん,zensen,similar_romaji,kept:源泉/gensen,普通名詞,場所-施設
全書,ぜんしょ,zensho,similar_romaji,kept:原初/gensho,普通名詞,抽象物
前週,ぜんしゅう,zenshu,similar_romaji,kept:練習/renshu,時相名詞,時間
全体,ぜんたい,zentai,similar_romaji,kept:天体/tentai,普通名詞,抽象物
前庭,ぜんてい,zentei,similar_romaji,kept:船艇/sentei,普通名詞,場所-施設
前夜,ぜんや,zenya,similar_romaji,kept:原野/genya,時相名詞,時間
善哉,ぜんざい,zenzai,similar_romaji,kept:前栽/senzai,普通名詞,人工物-食べ物;抽象物
絶版,ぜっぱん,zeppan,similar_romaji,kept:鉄板/teppan,普通名詞,抽象物
象眼,ぞうがん,zogan,similar_romaji,kept:溶岩/yogan,サ変名詞,抽象物
象牙,ぞうげ,zoge,similar_romaji,kept:峠/toge,普通名詞,動物-部位
造語,ぞうご,zogo,similar_romaji,kept:老後/rogo,サ変名詞,抽象物
増補,ぞうほ,zoho,similar_romaji,kept:上方/joho,サ変名詞,抽象物
沿い,ぞい,zoi,similar_romaji,kept:問/toi,普通名詞,場所-その他
造花,ぞうか,zoka,similar_romaji,kept:猛火/moka,普通名詞,人工物-その他
雑木,ぞうき,zoki,similar_romaji,kept:軒/noki,普通名詞,植物
雑巾,ぞうきん,zokin,similar_romaji,kept:合金/gokin,普通名詞,人工物-その他
続行,ぞっこう,zokko,similar_romaji,kept:特効/tokko,サ変名詞,抽象物
続投,ぞくとう,zokuto,similar_romaji,kept:即答/sokuto,サ変名詞,抽象物
雑煮,ぞうに,zoni,similar_romaji,kept:銭/zeni,普通名詞,人工物-食べ物
草履,ぞうり,zori,similar_romaji,kept:鳥/tori,普通名詞,人工物-衣類
贈答,ぞうとう,zoto,similar_romaji,kept:元/moto,サ変名詞,抽象物
図版,ずはん,zuhan,similar_romaji,kept:夕飯/yuhan,普通名詞,人工物-その他;抽象物
随所,ずいしょ,zuisho,similar_romaji,kept:水晶/suisho,普通名詞,場所-その他
随想,ずいそう,zuiso,similar_romaji,kept:水素/suiso,普通名詞,抽象物
図解,ずかい,zukai,similar_romaji,kept:樹海/jukai,サ変名詞,抽象物
図形,ずけい,zukei,similar_romaji,kept:婦警/fukei,普通名詞,形・模様
頭脳,ずのう,zuno,similar_romaji,kept:布/nuno,普通名詞,動物-部位
厨子,ずし,zushi,similar_romaji,kept:主/nushi,普通名詞,人工物-その他
図体,ずうたい,zutai,similar_romaji,kept:舞台/butai,普通名詞,動物-部位
図像,ずぞう,zuzo,similar_romaji,kept:偶像/guzo,普通名詞,抽象物
売店,ばいてん,baiten,technical_domain,ビジネス,普通名詞,場所-施設
罰金,ばっきん,bakkin,technical_domain,政治,普通名詞,人工物-金銭
幕府,ばくふ,bakufu,technical_domain,政治,普通名詞,組織・団体;場所-施設
幕僚,ばくりょう,bakuryo,technical_domain,政治,普通名詞,人
米軍,べいぐん,beigun,technical_domain,政治,普通名詞,組織・団体
弁護人,べんごにん,bengonin,technical_domain,政治,普通名詞,人
別動隊,べつどうたい,betsudotai,technical_domain,政治,普通名詞,組織・団体
母艦,ぼかん,bokan,technical_domain,政治,普通名詞,人工物-乗り物
亡国,ぼうこく,bokoku,technical_domain,政治,普通名詞,場所-その他
部長,ぶちょう,bucho,technical_domain,ビジネス,普通名詞,人
部品,ぶひん,buhin,technical_domain,科学・技術,普通名詞,人工物-その他
部下,ぶか,buka,technical_domain,ビジネス,普通名詞,人
武器,ぶき,buki,technical_domain,政治,普通名詞,人工物-その他
部局,ぶきょく,bukyoku,technical_domain,ビジネス;政治,普通名詞,組織・団体;場所-その他
分譲,ぶんじょう,bunjo,technical_domain,ビジネス,サ変名詞,場所-施設;抽象物
文民,ぶんみん,bunmin,technical_domain,政治,普通名詞,人
分社,ぶんしゃ,bunsha,technical_domain,ビジネス,普通名詞,場所-施設
分子,ぶんし,bunshi,technical_domain,科学・技術,普通名詞,自然物
分署,ぶんしょ,bunsho,technical_domain,政治,普通名詞,場所-施設
分隊,ぶんたい,buntai,technical_domain,政治,普通名詞,組織・団体
地銀,ちぎん,chigin,technical_domain,ビジネス,普通名詞,組織・団体
知事,ちじ,chiji,technical_domain,政治,普通名詞,人
地検,ちけん,chiken,technical_domain,政治,普通名詞,組織・団体
蓄電池,ちくでんち,chikudenchi,technical_domain,科学・技術,普通名詞,人工物-その他
賃金,ちんぎん,chingin,technical_domain,ビジネス,普通名詞,人工物-金銭
地裁,ちさい,chisai,technical_domain,政治,普通名詞,組織・団体
帳簿,ちょうぼ,chobo,technical_domain,ビジネス,普通名詞,人工物-金銭
町議,ちょうぎ,chogi,technical_domain,政治,普通名詞,人
町会,ちょうかい,chokai,technical_domain,政治,普通名詞,組織・団体
朝刊,ちょうかん,chokan,technical_domain,メディア,普通名詞,人工物-その他
町民,ちょうみん,chomin,technical_domain,政治,普通名詞,人
町人,ちょうにん,chonin,technical_domain,政治,普通名詞,人
庁舎,ちょうしゃ,chosha,technical_domain,政治,普通名詞,場所-施設
町村,ちょうそん,choson,technical_domain,政治,普通名詞,場所-その他
朝廷,ちょうてい,chotei,technical_domain,政治,普通名詞,場所-その他
中尉,ちゅうい,chui,technical_domain,政治,普通名詞,人
中将,ちゅうじょう,chujo,technical_domain,政治,普通名詞,人
中堅,ちゅうけん,chuken,technical_domain,ビジネス,普通名詞,人
中佐,ちゅうさ,chusa,technical_domain,政治,普通名詞,人
中生代,ちゅうせいだい,chuseidai,technical_domain,科学・技術,普通名詞,時間
中性子,ちゅうせいし,chuseishi,technical_domain,科学・技術,普通名詞,自然物
中隊,ちゅうたい,chutai,technical_domain,政治,普通名詞,組織・団体
中途,ちゅうと,chuto,technical_domain,ビジネス,普通名詞,場所-その他;時間
駐在,ちゅうざい,chuzai,technical_domain,政治,サ変名詞,人;抽象物
代議員,だいぎいん,daigiin,technical_domain,政治,普通名詞,人
代議士,だいぎし,daigishi,technical_domain,政治,普通名詞,人
大本営,だいほんえい,daihonei,technical_domain,政治,普通名詞,組織・団体
大臣,だいじん,daijin,technical_domain,政治,普通名詞,人
太政官,だいじょうかん,daijokan,technical_domain,政治,普通名詞,場所-施設
代金,だいきん,daikin,technical_domain,ビジネス,普通名詞,人工物-金銭
内裏,だいり,dairi,technical_domain,政治,普通名詞,場所-施設
第三国,だいさんごく,daisangoku,technical_domain,政治,普通名詞,場所-その他
第三党,だいさんとう,daisanto,technical_domain,政治,普通名詞,組織・団体
大審院,だいしんいん,daishinin,technical_domain,政治,普通名詞,組織・団体;場所-施設
大隊,だいたい,daitai,technical_domain,政治,普通名詞,組織・団体
大統領,だいとうりょう,daitoryo,technical_domain,政治,普通名詞,人
弾丸,だんがん,dangan,technical_domain,政治,普通名詞,人工物-その他
男爵,だんしゃく,danshaku,technical_domain,政治,普通名詞,人
弾頭,だんとう,danto,technical_domain,政治,普通名詞,人工物-その他
弾薬,だんやく,danyaku,technical_domain,政治,普通名詞,人工物-その他
でか,でか,deka,technical_domain,政治,普通名詞,人
出店,でみせ,demise,technical_domain,ビジネス,普通名詞,場所-施設
電磁石,でんじしゃく,denjishaku,technical_domain,科学・技術,普通名詞,人工物-その他
殿下,でんか,denka,technical_domain,政治,普通名詞,人
電極,でんきょく,denkyoku,technical_domain,科学・技術,普通名詞,人工物-その他
伝票,でんぴょう,denpyo,technical_domain,ビジネス,普通名詞,人工物-その他
電炉,でんろ,denro,technical_domain,科学・技術,普通名詞,場所-施設
電子,でんし,denshi,technical_domain,科学・技術,普通名詞,自然物
銅板,どうばん,doban,technical_domain,科学・技術,普通名詞,人工物-その他
道庁,どうちょう,docho,technical_domain,政治,普通名詞,組織・団体;場所-施設
道府県,どうふけん,dofuken,technical_domain,政治,普通名詞,場所-その他
道警,どうけい,dokei,technical_domain,政治,普通名詞,組織・団体
銅剣,どうけん,doken,technical_domain,政治,普通名詞,人工物-その他
同僚,どうりょう,doryo,technical_domain,ビジネス,普通名詞,人
動産,どうさん,dosan,technical_domain,ビジネス,普通名詞,人工物-金銭
導線,どうせん,dosen,technical_domain,科学・技術,普通名詞,人工物-その他
導体,どうたい,dotai,technical_domain,科学・技術,普通名詞,自然物
英霊,えいれい,eirei,technical_domain,政治,普通名詞,人
衛星,えいせい,eisei,technical_domain,科学・技術,普通名詞,自然物
液晶,えきしょう,ekisho,technical_domain,科学・技術,普通名詞,人工物-その他
援軍,えんぐん,engun,technical_domain,政治,普通名詞,組織・団体
塩基,えんき,enki,technical_domain,科学・技術,普通名詞,自然物
府議,ふぎ,fugi,technical_domain,政治,普通名詞,人
府県,ふけん,fuken,technical_domain,政治,普通名詞,組織・団体;場所-その他
風車,ふうしゃ,fusha,technical_domain,科学・技術,普通名詞,人工物-その他
弗素,ふっそ,fusso,technical_domain,科学・技術,普通名詞,自然物
画報,がほう,gaho,technical_domain,メディア,普通名詞,人工物-その他
外地,がいち,gaichi,technical_domain,政治,普通名詞,場所-その他
外貨,がいか,gaika,technical_domain,ビジネス;政治,普通名詞,人工物-金銭
外国,がいこく,gaikoku,technical_domain,政治,普通名詞,場所-その他
外債,がいさい,gaisai,technical_domain,ビジネス;政治,普通名詞,人工物-金銭
外使,がいし,gaishi,technical_domain,政治,普通名詞,人
外商,がいしょう,gaisho,technical_domain,ビジネス,普通名詞,人
学会,がっかい,gakkai,technical_domain,科学・技術,普通名詞,組織・団体;抽象物
学者,がくしゃ,gakusha,technical_domain,科学・技術,普通名詞,人
元金,がんきん,gankin,technical_domain,ビジネス,普通名詞,人工物-金銭
元本,がんぽん,ganpon,technical_domain,ビジネス,普通名詞,人工物-金銭
元利,がんり,ganri,technical_domain,ビジネス,普通名詞,人工物-金銭
迎賓館,げいひんかん,geihinkan,technical_domain,政治,普通名詞,場所-施設
月給,げっきゅう,gekkyu,technical_domain,ビジネス,普通名詞,人工物-金銭
原告,げんこく,genkoku,technical_domain,政治,普通名詞,人
原発,げんぱつ,genpatsu,technical_domain,政治;科学・技術,普通名詞,場所-施設
現品,げんぴん,genpin,technical_domain,ビジネス,普通名詞,人工物-その他
原票,げんぴょう,genpyo,technical_domain,ビジネス,普通名詞,人工物-その他
原料,げんりょう,genryo,technical_domain,ビジネス;科学・技術,普通名詞,人工物-その他;自然物
原子,げんし,genshi,technical_domain,科学・技術,普通名詞,自然物
原子核,げんしかく,genshikaku,technical_domain,科学・技術,普通名詞,人工物-その他
元首,げんしゅ,genshu,technical_domain,政治,普通名詞,人
元素,げんそ,genso,technical_domain,科学・技術,普通名詞,自然物
元帥,げんすい,gensui,technical_domain,政治,普通名詞,人
月収,げっしゅう,gesshu,technical_domain,ビジネス,普通名詞,人工物-金銭
議員,ぎいん,giin,technical_domain,政治,普通名詞,人
議場,ぎじょう,gijo,technical_domain,政治,普通名詞,組織・団体
議会,ぎかい,gikai,technical_domain,政治,普通名詞,組織・団体
技官,ぎかん,gikan,technical_domain,科学・技術,普通名詞,人
銀行,ぎんこう,ginko,technical_domain,ビジネス,普通名詞,組織・団体;場所-施設
議席,ぎせき,giseki,technical_domain,政治,普通名詞,場所-施設部位
技師,ぎし,gishi,technical_domain,科学・技術,普通名詞,人
号外,ごうがい,gogai,technical_domain,メディア,普通名詞,人工物-その他
御陵,ごりょう,goryo,technical_domain,政治,普通名詞,場所-施設
合繊,ごうせん,gosen,technical_domain,科学・技術,普通名詞,人工物-その他
御用邸,ごようてい,goyotei,technical_domain,政治,普通名詞,場所-施設
軍馬,ぐんば,gunba,technical_domain,政治,普通名詞,動物
軍部,ぐんぶ,gunbu,technical_domain,政治,普通名詞,組織・団体
軍人,ぐんじん,gunjin,technical_domain,政治,普通名詞,人
軍靴,ぐんか,gunka,technical_domain,政治,普通名詞,人工物-衣類
軍艦,ぐんかん,gunkan,technical_domain,政治,普通名詞,人工物-乗り物
軍旗,ぐんき,gunki,technical_domain,政治,普通名詞,人工物-その他
軍港,ぐんこう,gunko,technical_domain,政治,普通名詞,場所-施設
軍国,ぐんこく,gunkoku,technical_domain,政治,普通名詞,組織・団体
軍服,ぐんぷく,gunpuku,technical_domain,政治,普通名詞,人工物-その他
軍将,ぐんしょう,gunsho,technical_domain,政治,普通名詞,人
軍曹,ぐんそう,gunso,technical_domain,政治,普通名詞,人
軍隊,ぐんたい,guntai,technical_domain,政治,普通名詞,組織・団体
軍属,ぐんぞく,gunzoku,technical_domain,政治,普通名詞,人
魚雷,ぎょらい,gyorai,technical_domain,政治,普通名詞,人工物-その他
行政書士,ぎょうせいしょし,gyoseishoshi,technical_domain,政治,普通名詞,人
業者,ぎょうしゃ,gyosha,technical_domain,ビジネス,普通名詞,人
派閥,はばつ,habatsu,technical_domain,政治,普通名詞,組織・団体
鋼,はがね,hagane,technical_domain,科学・技術,普通名詞,人工物-その他
廃液,はいえき,haieki,technical_domain,科学・技術,普通名詞,人工物-その他
排煙,はいえん,haien,technical_domain,科学・技術,サ変名詞,人工物-その他
配当,はいとう,haito,technical_domain,ビジネス,サ変名詞,人工物-金銭
白金,はっきん,hakkin,technical_domain,科学・技術,普通名詞,自然物
白亜紀,はくあき,hakuaki,technical_domain,科学・技術,普通名詞,時間
白銅,はくどう,hakudo,technical_domain,科学・技術,普通名詞,自然物
迫撃砲,はくげきほう,hakugekiho,technical_domain,政治,普通名詞,人工物-その他
白票,はくひょう,hakuhyo,technical_domain,政治,普通名詞,人工物-その他
伯爵,はくしゃく,hakushaku,technical_domain,政治,普通名詞,人
白書,はくしょ,hakusho,technical_domain,政治,普通名詞,人工物-その他;抽象物
はんだ,はんだ,handa,technical_domain,科学・技術,普通名詞,自然物
半導体,はんどうたい,handotai,technical_domain,科学・技術,普通名詞,自然物
判事,はんじ,hanji,technical_domain,政治,普通名詞,人
藩主,はんしゅ,hanshu,technical_domain,政治,普通名詞,人
初荷,はつに,hatsuni,technical_domain,ビジネス,普通名詞,人工物-その他
平安朝,へいあんちょう,heiancho,technical_domain,政治,普通名詞,時間
陛下,へいか,heika,technical_domain,政治,普通名詞,人
平民,へいみん,heimin,technical_domain,政治,普通名詞,人
弊社,へいしゃ,heisha,technical_domain,ビジネス,普通名詞,組織・団体
変圧器,へんあつき,henatsuki,technical_domain,科学・技術,普通名詞,人工物-その他
変電所,へんでんしょ,hendensho,technical_domain,科学・技術,普通名詞,場所-施設
編隊,へんたい,hentai,technical_domain,政治,普通名詞,組織・団体
非売品,ひばいひん,hibaihin,technical_domain,ビジネス,普通名詞,人工物-その他
被疑者,ひぎしゃ,higisha,technical_domain,政治,普通名詞,人
被験者,ひけんしゃ,hikensha,technical_domain,科学・技術,普通名詞,人
引当金,ひきあてきん,hikiatekin,technical_domain,ビジネス,普通名詞,人工物-金銭
被告,ひこく,hikoku,technical_domain,政治,普通名詞,人
被告人,ひこくにん,hikokunin,technical_domain,政治,普通名詞,人
秘書,ひしょ,hisho,technical_domain,ビジネス,普通名詞,人
砒素,ひそ,hiso,technical_domain,科学・技術,普通名詞,自然物
人質,ひとじち,hitojichi,technical_domain,政治,普通名詞,人
人攫い,ひとさらい,hitosarai,technical_domain,政治,普通名詞,人
日雇い,ひやとい,hiyatoi,technical_domain,ビジネス,普通名詞,人;抽象物
被用者,ひようしゃ,hiyosha,technical_domain,ビジネス,普通名詞,人
砲弾,ほうだん,hodan,technical_domain,政治,普通名詞,人工物-その他
保護司,ほごし,hogoshi,technical_domain,政治,普通名詞,人
砲火,ほうか,hoka,technical_domain,政治,普通名詞,自然物
邦国,ほうこく,hokoku,technical_domain,政治,普通名詞,組織・団体
俸給,ほうきゅう,hokyu,technical_domain,ビジネス,普通名詞,人工物-金銭
本庁,ほんちょう,honcho,technical_domain,政治,普通名詞,場所-施設
本陣,ほんじん,honjin,technical_domain,政治,普通名詞,場所-施設
本給,ほんきゅう,honkyu,technical_domain,ビジネス,普通名詞,人工物-金銭
本舗,ほんぽ,honpo,technical_domain,ビジネス,普通名詞,場所-施設
本欄,ほんらん,honran,technical_domain,メディア,普通名詞,場所-その他
本社,ほんしゃ,honsha,technical_domain,ビジネス,普通名詞,組織・団体;場所-施設
本紙,ほんし,honshi,technical_domain,メディア,普通名詞,人工物-その他
本隊,ほんたい,hontai,technical_domain,政治,普通名詞,組織・団体
本店,ほんてん,honten,technical_domain,ビジネス,普通名詞,場所-施設
捕虜,ほりょ,horyo,technical_domain,政治,普通名詞,人
硼酸,ほうさん,hosan,technical_domain,科学・技術,普通名詞,自然物
法曹,ほうそう,hoso,technical_domain,政治,普通名詞,人
法廷,ほうてい,hotei,technical_domain,政治,普通名詞,場所-施設
百貨店,ひゃっかてん,hyakkaten,technical_domain,ビジネス,普通名詞,場所-施設
氷床,ひょうしょう,hyosho,technical_domain,科学・技術,普通名詞,場所-自然
移民,いみん,imin,technical_domain,政治,サ変名詞,人;抽象物
印紙,いんし,inshi,technical_domain,ビジネス,普通名詞,人工物-その他
色刷り,いろずり,irozuri,technical_domain,メディア,サ変名詞,人工物-その他;抽象物
為政者,いせいしゃ,iseisha,technical_domain,政治,普通名詞,人
石綿,いしわた,ishiwata,technical_domain,科学・技術,普通名詞,人工物-その他
一等地,いっとうち,ittochi,technical_domain,ビジネス,普通名詞,場所-その他
地場,じば,jiba,technical_domain,ビジネス,普通名詞,場所-その他
次長,じちょう,jicho,technical_domain,ビジネス;政治,普通名詞,人
辞表,じひょう,jihyo,technical_domain,ビジネス;政治,普通名詞,人工物-その他
時給,じきゅう,jikyu,technical_domain,ビジネス,普通名詞,人工物-金銭
陣地,じんち,jinchi,technical_domain,政治,普通名詞,場所-その他
陣中,じんちゅう,jinchu,technical_domain,政治,普通名詞,場所-その他
人材,じんざい,jinzai,technical_domain,ビジネス,普通名詞,人
実費,じっぴ,jippi,technical_domain,ビジネス,普通名詞,人工物-金銭
地雷,じらい,jirai,technical_domain,政治,普通名詞,人工物-その他
実弾,じつだん,jitsudan,technical_domain,政治,普通名詞,人工物-その他
上院,じょういん,join,technical_domain,政治,普通名詞,組織・団体;場所-施設
上官,じょうかん,jokan,technical_domain,政治,普通名詞,人
上皇,じょうこう,joko,technical_domain,政治,普通名詞,人
上司,じょうし,joshi,technical_domain,ビジネス,普通名詞,人
城主,じょうしゅ,joshu,technical_domain,政治,普通名詞,人
女帝,じょてい,jotei,technical_domain,政治,普通名詞,人
助役,じょやく,joyaku,technical_domain,政治,普通名詞,人
重機,じゅうき,juki,technical_domain,科学・技術,普通名詞,人工物-その他
准尉,じゅんい,juni,technical_domain,政治,普通名詞,人
巡洋艦,じゅんようかん,junyokan,technical_domain,政治,普通名詞,人工物-乗り物
重臣,じゅうしん,jushin,technical_domain,政治,普通名詞,人
重役,じゅうやく,juyaku,technical_domain,ビジネス,普通名詞,人
重油,じゅうゆ,juyu,technical_domain,科学・技術,普通名詞,自然物
重税,じゅうぜい,juzei,technical_domain,政治,普通名詞,人工物-金銭
株価,かぶか,kabuka,technical_domain,ビジネス;政治,普通名詞,人工物-金銭
株券,かぶけん,kabuken,technical_domain,ビジネス,普通名詞,人工物-金銭
株主,かぶぬし,kabunushi,technical_domain,ビジネス,普通名詞,人
課徴金,かちょうきん,kachokin,technical_domain,政治,普通名詞,人工物-金銭
貨幣,かへい,kahei,technical_domain,ビジネス,普通名詞,人工物-金銭
会長,かいちょう,kaicho,technical_domain,ビジネス,普通名詞,人
買い時,かいどき,kaidoki,technical_domain,ビジネス,普通名詞,時間
海軍,かいぐん,kaigun,technical_domain,政治,普通名詞,組織・団体
会派,かいは,kaiha,technical_domain,政治,普通名詞,組織・団体
会員,かいいん,kaiin,technical_domain,ビジネス,普通名詞,人
下院,かいん,kain,technical_domain,政治,普通名詞,組織・団体;場所-施設
回路,かいろ,kairo,technical_domain,科学・技術,普通名詞,人工物-その他
会社,かいしゃ,kaisha,technical_domain,ビジネス,普通名詞,組織・団体;場所-施設
買い手,かいて,kaite,technical_domain,ビジネス,普通名詞,人
会頭,かいとう,kaito,technical_domain,ビジネス;政治,普通名詞,人
価格,かかく,kakaku,technical_domain,ビジネス,普通名詞,人工物-金銭
係長,かかりちょう,kakaricho,technical_domain,ビジネス,普通名詞,人
係員,かかりいん,kakariin,technical_domain,ビジネス,普通名詞,人
係官,かかりかん,kakarikan,technical_domain,政治,普通名詞,人
書き入れ時,かきいれどき,kakiiredoki,technical_domain,ビジネス,時相名詞,時間
閣下,かっか,kakka,technical_domain,政治,普通名詞,人
各国,かっこく,kakkoku,technical_domain,政治,普通名詞,場所-その他
各庁,かくちょう,kakucho,technical_domain,政治,普通名詞,組織・団体
閣僚,かくりょう,kakuryo,technical_domain,政治,普通名詞,人
各社,かくしゃ,kakusha,technical_domain,ビジネス,普通名詞,組織・団体
金型,かながた,kanagata,technical_domain,科学・技術,普通名詞,人工物-その他
官房,かんぼう,kanbo,technical_domain,政治,普通名詞,組織・団体
官庁,かんちょう,kancho,technical_domain,政治,普通名詞,組織・団体;場所-施設
官学,かんがく,kangaku,technical_domain,科学・技術,普通名詞,場所-その他
官軍,かんぐん,kangun,technical_domain,政治,普通名詞,組織・団体
官界,かんかい,kankai,technical_domain,政治,普通名詞,場所-その他
官公庁,かんこうちょう,kankocho,technical_domain,政治,普通名詞,組織・団体;場所-施設
管区,かんく,kanku,technical_domain,政治,普通名詞,場所-その他
関白,かんぱく,kanpaku,technical_domain,政治,普通名詞,人
官報,かんぽう,kanpo,technical_domain,メディア;政治,普通名詞,人工物-その他
官吏,かんり,kanri,technical_domain,政治,普通名詞,人
官僚,かんりょう,kanryo,technical_domain,政治,普通名詞,人
簡裁,かんさい,kansai,technical_domain,政治,普通名詞,組織・団体;場所-施設
艦載機,かんさいき,kansaiki,technical_domain,政治,普通名詞,人工物-乗り物
鑑札,かんさつ,kansatsu,technical_domain,政治,普通名詞,人工物-その他
艦船,かんせん,kansen,technical_domain,政治,普通名詞,人工物-乗り物
官舎,かんしゃ,kansha,technical_domain,政治,普通名詞,場所-施設
艦艇,かんてい,kantei,technical_domain,政治,普通名詞,人工物-乗り物
管財人,かんざいにん,kanzainin,technical_domain,ビジネス;政治,普通名詞,人
関税,かんぜい,kanzei,technical_domain,ビジネス;政治,普通名詞,人工物-金銭
活版,かっぱん,kappan,technical_domain,メディア,普通名詞,人工物-その他
借り手,かりて,karite,technical_domain,ビジネス,普通名詞,人
家裁,かさい,kasai,technical_domain,政治,普通名詞,組織・団体;場所-施設
貸し手,かして,kashite,technical_domain,ビジネス,普通名詞,人
活断層,かつだんそう,katsudanso,technical_domain,科学・技術,普通名詞,自然物
瓦版,かわらばん,kawaraban,technical_domain,メディア,普通名詞,人工物-その他;抽象物
為替,かわせ,kawase,technical_domain,ビジネス,普通名詞,人工物-金銭
警棒,けいぼう,keibo,technical_domain,政治,普通名詞,人工物-その他
警部,けいぶ,keibu,technical_domain,政治,普通名詞,人
経費,けいひ,keihi,technical_domain,ビジネス,普通名詞,人工物-金銭
警官,けいかん,keikan,technical_domain,政治,普通名詞,人
警察,けいさつ,keisatsu,technical_domain,政治,普通名詞,組織・団体;場所-施設
県鳥,けんちょう,kencho,technical_domain,政治,普通名詞,動物
県議,けんぎ,kengi,technical_domain,政治,普通名詞,人
検事,けんじ,kenji,technical_domain,政治,普通名詞,人
県花,けんか,kenka,technical_domain,政治,普通名詞,植物
県警,けんけい,kenkei,technical_domain,政治,普通名詞,組織・団体
献金,けんきん,kenkin,technical_domain,政治,サ変名詞,人工物-金銭;抽象物
県境,けんきょう,kenkyo,technical_domain,政治,普通名詞,場所-その他
県民,けんみん,kenmin,technical_domain,政治,普通名詞,人
県連,けんれん,kenren,technical_domain,政治,普通名詞,組織・団体
県債,けんさい,kensai,technical_domain,政治,普通名詞,人工物-金銭
検察,けんさつ,kensatsu,technical_domain,政治,サ変名詞,組織・団体;抽象物
県境,けんざかい,kenzakai,technical_domain,政治,普通名詞,場所-その他
基地,きち,kichi,technical_domain,政治,普通名詞,場所-施設
貴国,きこく,kikoku,technical_domain,政治,普通名詞,場所-その他
近傍,きんぼう,kinbo,technical_domain,科学・技術,普通名詞,場所-機能
金脈,きんみゃく,kinmyaku,technical_domain,ビジネス,普通名詞,場所-自然
金利,きんり,kinri,technical_domain,ビジネス;政治,普通名詞,人工物-金銭
機雷,きらい,kirai,technical_domain,政治,普通名詞,人工物-その他
希硫酸,きりゅうさん,kiryusan,technical_domain,科学・技術,普通名詞,人工物-その他
后,きさき,kisaki,technical_domain,政治,普通名詞,人
気筒,きとう,kito,technical_domain,科学・技術,普通名詞,人工物-その他
紀要,きよう,kiyo,technical_domain,科学・技術,普通名詞,人工物-その他
貴族院,きぞくいん,kizokuin,technical_domain,政治,普通名詞,組織・団体;場所-施設
公安,こうあん,koan,technical_domain,政治,普通名詞,組織・団体
鋼板,こうばん,koban,technical_domain,科学・技術,普通名詞,人工物-その他
公文書,こうぶんしょ,kobunsho,technical_domain,政治,普通名詞,人工物-その他
公団,こうだん,kodan,technical_domain,政治,普通名詞,組織・団体;場所-施設
光復節,こうふくせつ,kofukusetsu,technical_domain,政治,普通名詞,時間
子会社,こがいしゃ,kogaisha,technical_domain,ビジネス,普通名詞,組織・団体;場所-施設
皇后,こうごう,kogo,technical_domain,政治,普通名詞,人
皇軍,こうぐん,kogun,technical_domain,政治,普通名詞,組織・団体
公費,こうひ,kohi,technical_domain,政治,普通名詞,人工物-金銭
公印,こういん,koin,technical_domain,政治,普通名詞,人工物-その他
公人,こうじん,kojin,technical_domain,政治,普通名詞,人
工場,こうじょう,kojo,technical_domain,ビジネス,普通名詞,場所-施設
公述人,こうじゅつにん,kojutsunin,technical_domain,政治,普通名詞,人
公館,こうかん,kokan,technical_domain,政治,普通名詞,場所-施設
高検,こうけん,koken,technical_domain,政治,普通名詞,組織・団体
公金,こうきん,kokin,technical_domain,政治,普通名詞,人工物-金銭
国花,こっか,kokka,technical_domain,政治,普通名詞,植物
国会,こっかい,kokkai,technical_domain,政治,普通名詞,組織・団体
国警,こっけい,kokkei,technical_domain,政治,普通名詞,組織・団体
国慶節,こっけいせつ,kokkeisetsu,technical_domain,政治,普通名詞,時間
国旗,こっき,kokki,technical_domain,政治,普通名詞,人工物-その他
国庫,こっこ,kokko,technical_domain,政治,普通名詞,場所-その他
広告,こうこく,kokoku,technical_domain,ビジネス;メディア,サ変名詞,人工物-その他;抽象物
黒鉛,こくえん,kokuen,technical_domain,科学・技術,普通名詞,自然物
国軍,こくぐん,kokugun,technical_domain,政治,普通名詞,組織・団体
国費,こくひ,kokuhi,technical_domain,政治,普通名詞,人工物-金銭
国賓,こくひん,kokuhin,technical_domain,政治,普通名詞,人
国民,こくみん,kokumin,technical_domain,政治,普通名詞,人
国王,こくおう,kokuo,technical_domain,政治,普通名詞,人
国債,こくさい,kokusai,technical_domain,ビジネス;政治,普通名詞,人工物-金銭
国主,こくしゅ,kokushu,technical_domain,政治,普通名詞,人
顧客,こきゃく,kokyaku,technical_domain,ビジネス,普通名詞,人
皇居,こうきょ,kokyo,technical_domain,政治,普通名詞,場所-施設
公休日,こうきゅうび,kokyubi,technical_domain,ビジネス,普通名詞,時間
小見出し,こみだし,komidashi,technical_domain,メディア,普通名詞,人工物-その他
小売店,こうりてん,koriten,technical_domain,ビジネス,普通名詞,場所-施設
高裁,こうさい,kosai,technical_domain,政治,普通名詞,組織・団体
公舎,こうしゃ,kosha,technical_domain,政治,普通名詞,場所-施設
高射砲,こうしゃほう,koshaho,technical_domain,政治,普通名詞,人工物-その他
侯爵,こうしゃく,koshaku,technical_domain,政治,普通名詞,人
鉱床,こうしょう,kosho,technical_domain,科学・技術,普通名詞,場所-自然
皇太后,こうたいごう,kotaigo,technical_domain,政治,普通名詞,人
皇太子,こうたいし,kotaishi,technical_domain,政治,普通名詞,人
口座,こうざ,koza,technical_domain,ビジネス,普通名詞,人工物-金銭
皇族,こうぞく,kozoku,technical_domain,政治,普通名詞,組織・団体
空母,くうぼ,kubo,technical_domain,政治,普通名詞,人工物-乗り物
空軍,くうぐん,kugun,technical_domain,政治,普通名詞,組織・団体
組合,くみあい,kumiai,technical_domain,ビジネス,普通名詞,組織・団体
区民,くみん,kumin,technical_domain,政治,普通名詞,人
宮内,くない,kunai,technical_domain,政治,普通名詞,場所-その他
国,くに,kuni,technical_domain,政治,普通名詞,組織・団体;場所-その他
国々,くにぐに,kuniguni,technical_domain,政治,普通名詞,場所-その他
国境,くにざかい,kunizakai,technical_domain,政治,普通名詞,場所-その他
勲章,くんしょう,kunsho,technical_domain,政治,普通名詞,人工物-その他
君主,くんしゅ,kunshu,technical_domain,政治,普通名詞,人
凶弾,きょうだん,kyodan,technical_domain,政治,普通名詞,人工物-その他
極東,きょくとう,kyokuto,technical_domain,政治,普通名詞,場所-その他
宮中,きゅうちゅう,kyuchu,technical_domain,政治,普通名詞,場所-その他
宮殿,きゅうでん,kyuden,technical_domain,政治,普通名詞,場所-施設
宮城,きゅうじょう,kyujo,technical_domain,政治,普通名詞,場所-施設
給金,きゅうきん,kyukin,technical_domain,ビジネス,普通名詞,人工物-金銭
宮室,きゅうしつ,kyushitsu,technical_domain,政治,普通名詞,組織・団体
宮廷,きゅうてい,kyutei,technical_domain,政治,普通名詞,場所-施設
給与,きゅうよ,kyuyo,technical_domain,ビジネス,サ変名詞,人工物-金銭
町,まち,machi,technical_domain,政治,普通名詞,組織・団体;場所-その他
町衆,まちしゅう,machishu,technical_domain,政治,普通名詞,人
窓口,まどぐち,madoguchi,technical_domain,ビジネス;政治,普通名詞,場所-その他
銘柄,めいがら,meigara,technical_domain,ビジネス,普通名詞,人工物-その他
名義人,めいぎにん,meiginin,technical_domain,政治,普通名詞,人
名君,めいくん,meikun,technical_domain,政治,普通名詞,人
名刺,めいし,meishi,technical_domain,ビジネス,普通名詞,人工物-その他
見出し,みだし,midashi,technical_domain,メディア,普通名詞,人工物-その他
身柄,みがら,migara,technical_domain,政治,普通名詞,動物
帝,みかど,mikado,technical_domain,政治,普通名詞,人
民放,みんぽう,minpo,technical_domain,メディア,普通名詞,組織・団体;抽象物
民衆,みんしゅう,minshu,technical_domain,政治,普通名詞,人
店,みせ,mise,technical_domain,ビジネス,普通名詞,場所-施設
店屋,みせや,miseya,technical_domain,ビジネス,普通名詞,場所-施設
宮様,みやさま,miyasama,technical_domain,政治,普通名詞,人
物売り,ものうり,monori,technical_domain,ビジネス,普通名詞,人;抽象物
物取,ものとり,monotori,technical_domain,政治,サ変名詞,人
元手,もとで,motode,technical_domain,ビジネス,普通名詞,人工物-金銭
村,むら,mura,technical_domain,政治,普通名詞,組織・団体;場所-その他
流れ弾,ながれだま,nagaredama,technical_domain,政治,普通名詞,人工物-その他
内線,ないせん,naisen,technical_domain,ビジネス,普通名詞,人工物-その他
難民,なんみん,nanmin,technical_domain,政治,普通名詞,人
名主,なぬし,nanushi,technical_domain,政治,普通名詞,人
名寄せ,なよせ,nayose,technical_domain,ビジネス;メディア,普通名詞,人工物-その他;抽象物
値札,ねふだ,nefuda,technical_domain,ビジネス,普通名詞,人工物-その他
年貢,ねんぐ,nengu,technical_domain,政治,普通名詞,人工物-金銭
年報,ねんぽう,nenpo,technical_domain,ビジネス;メディア;政治,普通名詞,人工物-その他;抽象物
年利,ねんり,nenri,technical_domain,ビジネス,普通名詞,人工物-金銭
日曜版,にちようばん,nichiyoban,technical_domain,メディア,普通名詞,人工物-その他
日給,にっきゅう,nikkyu,technical_domain,ビジネス,普通名詞,人工物-金銭
任地,にんち,ninchi,technical_domain,ビジネス;政治,普通名詞,場所-その他
任期,にんき,ninki,technical_domain,ビジネス;政治,時相名詞,時間
荷主,にぬし,ninushi,technical_domain,ビジネス,普通名詞,人
偽札,にせさつ,nisesatsu,technical_domain,政治,普通名詞,人工物-金銭
日章旗,にっしょうき,nisshoki,technical_domain,政治,普通名詞,人工物-その他
日当,にっとう,nitto,technical_domain,ビジネス,普通名詞,人工物-金銭
納品,のうひん,nohin,technical_domain,ビジネス,サ変名詞,人工物-その他
残り物,のこりもの,nokorimono,technical_domain,科学・技術,普通名詞,人工物-その他
農協,のうきょう,nokyo,technical_domain,ビジネス,普通名詞,組織・団体
女官,にょかん,nyokan,technical_domain,政治,普通名詞,人
王朝,おうちょう,ocho,technical_domain,政治,普通名詞,時間
大店,おおだな,odana,technical_domain,ビジネス,普通名詞,場所-施設
王妃,おうひ,ohi,technical_domain,政治,普通名詞,人
王者,おうじゃ,oja,technical_domain,政治,普通名詞,人
王子,おうじ,oji,technical_domain,政治,普通名詞,人
王女,おうじょ,ojo,technical_domain,政治,普通名詞,人
王冠,おうかん,okan,technical_domain,政治,普通名詞,人工物-衣類
王国,おうこく,okoku,technical_domain,政治,普通名詞,場所-その他
送り手,おくりて,okurite,technical_domain,メディア,普通名詞,人
王宮,おうきゅう,okyu,technical_domain,政治,普通名詞,場所-施設
御巡りさん,おまわりさん,omawarisan,technical_domain,政治,普通名詞,人
大見出し,おおみだし,omidashi,technical_domain,メディア,普通名詞,人工物-その他
恩給,おんきゅう,onkyu,technical_domain,政治,普通名詞,人工物-金銭
王室,おうしつ,oshitsu,technical_domain,政治,普通名詞,場所-施設
親会社,おやがいしゃ,oyagaisha,technical_domain,ビジネス,普通名詞,組織・団体;場所-施設
王族,おうぞく,ozoku,technical_domain,政治,普通名詞,組織・団体
列国,れっこく,rekkoku,technical_domain,政治,普通名詞,場所-その他
列強,れっきょう,rekkyo,technical_domain,政治,普通名詞,場所-その他
連隊,れんたい,rentai,technical_domain,政治,普通名詞,組織・団体
陸軍,りくぐん,rikugun,technical_domain,政治,普通名詞,組織・団体
陸尉,りくい,rikui,technical_domain,政治,普通名詞,人
陸海軍,りくかいぐん,rikukaigun,technical_domain,政治,普通名詞,組織・団体
陸海空,りくかいくう,rikukaiku,technical_domain,政治,普通名詞,場所-自然
陸将,りくしょう,rikusho,technical_domain,政治,普通名詞,人
離宮,りきゅう,rikyu,technical_domain,政治,普通名詞,場所-施設
隣国,りんごく,ringoku,technical_domain,政治,普通名詞,場所-その他
輪転機,りんてんき,rintenki,technical_domain,メディア,普通名詞,人工物-その他
立法院,りっぽういん,rippoin,technical_domain,政治,普通名詞,組織・団体
利子,りし,rishi,technical_domain,ビジネス,普通名詞,人工物-金銭
労賃,ろうちん,rochin,technical_domain,ビジネス,普通名詞,人工物-金銭
労連,ろうれん,roren,technical_domain,政治,普通名詞,組織・団体
ろ紙,ろし,roshi,technical_domain,科学・技術,普通名詞,人工物-その他
炉心,ろしん,roshin,technical_domain,科学・技術,普通名詞,人工物-その他
露店,ろてん,roten,technical_domain,ビジネス,普通名詞,場所-施設
牢屋,ろうや,roya,technical_domain,政治,普通名詞,場所-施設
坩堝,るつぼ,rutsubo,technical_domain,科学・技術,普通名詞,人工物-その他
領地,りょうち,ryochi,technical_domain,政治,普通名詞,場所-その他
旅団,りょだん,ryodan,technical_domain,政治,普通名詞,組織・団体
領土,りょうど,ryodo,technical_domain,政治,普通名詞,場所-その他
良導体,りょうどうたい,ryodotai,technical_domain,科学・技術,普通名詞,自然物
両軍,りょうぐん,ryogun,technical_domain,政治,普通名詞,組織・団体
両院,りょういん,ryoin,technical_domain,政治,普通名詞,組織・団体
領事,りょうじ,ryoji,technical_domain,政治,普通名詞,人
領海,りょうかい,ryokai,technical_domain,政治,普通名詞,場所-その他
料金,りょうきん,ryokin,technical_domain,ビジネス,普通名詞,人工物-金銭
領空,りょうくう,ryoku,technical_domain,政治,普通名詞,場所-その他
領主,りょうしゅ,ryoshu,technical_domain,政治,普通名詞,人
硫酸,りゅうさん,ryusan,technical_domain,科学・技術,普通名詞,自然物
左派,さは,saha,technical_domain,政治,普通名詞,組織・団体
歳費,さいひ,saihi,technical_domain,政治,普通名詞,人工物-金銭
債券,さいけん,saiken,technical_domain,ビジネス,普通名詞,人工物-金銭
最高裁,さいこうさい,saikosai,technical_domain,政治,普通名詞,組織・団体
佐官,さかん,sakan,technical_domain,政治,普通名詞,人
先物,さきもの,sakimono,technical_domain,ビジネス,普通名詞,人工物-その他
酢酸,さくさん,sakusan,technical_domain,科学・技術,普通名詞,自然物
参議院,さんぎいん,sangiin,technical_domain,政治,普通名詞,組織・団体;場所-施設
参事,さんじ,sanji,technical_domain,政治,普通名詞,人
参考人,さんこうにん,sankonin,technical_domain,政治,普通名詞,人
左翼,さよく,sayoku,technical_domain,政治,普通名詞,動物-部位;人工物-その他;抽象物
政調会,せいちょうかい,seichokai,technical_domain,政治,普通名詞,組織・団体
政府,せいふ,seifu,technical_domain,政治,普通名詞,組織・団体
政府筋,せいふすじ,seifusuji,technical_domain,政治,普通名詞,人
製品,せいひん,seihin,technical_domain,ビジネス,普通名詞,人工物-その他
星条旗,せいじょうき,seijoki,technical_domain,政治,普通名詞,人工物-その他
政界,せいかい,seikai,technical_domain,政治,普通名詞,場所-その他
青酸,せいさん,seisan,technical_domain,科学・技術,普通名詞,自然物
清算人,せいさんにん,seisannin,technical_domain,ビジネス,普通名詞,人
政敵,せいてき,seiteki,technical_domain,政治,普通名詞,人
関所,せきしょ,sekisho,technical_domain,政治,普通名詞,場所-施設
石炭,せきたん,sekitan,technical_domain,科学・技術,普通名詞,自然物
石油,せきゆ,sekiyu,technical_domain,科学・技術,普通名詞,自然物
旋盤,せんばん,senban,technical_domain,科学・技術,普通名詞,人工物-その他
選管,せんかん,senkan,technical_domain,政治,普通名詞,組織・団体
線形,せんけい,senkei,technical_domain,科学・技術,普通名詞,形・模様
選挙人,せんきょにん,senkyonin,technical_domain,政治,普通名詞,人
専務,せんむ,senmu,technical_domain,ビジネス,サ変名詞,人
銑鉄,せんてつ,sentetsu,technical_domain,科学・技術,普通名詞,人工物-その他
摂政,せっしょう,sessho,technical_domain,政治,普通名詞,人
社長,しゃちょう,shacho,technical_domain,ビジネス,普通名詞,人
社団,しゃだん,shadan,technical_domain,ビジネス,普通名詞,組織・団体
社員,しゃいん,shain,technical_domain,ビジネス,普通名詞,人
社屋,しゃおく,shaoku,technical_domain,ビジネス,普通名詞,場所-施設
社債,しゃさい,shasai,technical_domain,ビジネス,普通名詞,人工物-金銭
社主,しゃしゅ,shashu,technical_domain,ビジネス,普通名詞,人
市,し,shi,technical_domain,政治,普通名詞,組織・団体;場所-その他
私文書,しぶんしょ,shibunsho,technical_domain,政治,普通名詞,人工物-その他
士長,しちょう,shicho,technical_domain,政治,普通名詞,人
司直,しちょく,shichoku,technical_domain,政治,普通名詞,人
市町村,しちょうそん,shichoson,technical_domain,政治,普通名詞,場所-その他
師団,しだん,shidan,technical_domain,政治,普通名詞,組織・団体
資源,しげん,shigen,technical_domain,ビジネス;政治;科学・技術,普通名詞,自然物
市議,しぎ,shigi,technical_domain,政治,普通名詞,人
仕事場,しごとば,shigotoba,technical_domain,ビジネス,普通名詞,場所-その他
支配人,しはいにん,shihainin,technical_domain,ビジネス,普通名詞,人
資本,しほん,shihon,technical_domain,ビジネス,普通名詞,人工物-金銭
司法書士,しほうしょし,shihoshoshi,technical_domain,政治,普通名詞,人
司会,しかい,shikai,technical_domain,メディア,サ変名詞,人;抽象物
士官,しかん,shikan,technical_domain,政治,普通名詞,人
私企業,しきぎょう,shikigyo,technical_domain,ビジネス,普通名詞,組織・団体
資金,しきん,shikin,technical_domain,ビジネス,普通名詞,人工物-金銭
識者,しきしゃ,shikisha,technical_domain,メディア;科学・技術,普通名詞,人
執権,しっけん,shikken,technical_domain,政治,普通名詞,人
市区,しく,shiku,technical_domain,政治,普通名詞,組織・団体;場所-その他
支局,しきょく,shikyoku,technical_domain,ビジネス;政治,普通名詞,場所-施設
紙面,しめん,shimen,technical_domain,メディア,普通名詞,場所-その他
市民,しみん,shimin,technical_domain,政治,普通名詞,人
品物,しなもの,shinamono,technical_domain,ビジネス,普通名詞,人工物-その他
新聞,しんぶん,shinbun,technical_domain,メディア,普通名詞,人工物-その他
真鍮,しんちゅう,shinchu,technical_domain,科学・技術,普通名詞,自然物
親衛隊,しんえいたい,shineitai,technical_domain,政治,普通名詞,組織・団体
老舗,しにせ,shinise,technical_domain,ビジネス,普通名詞,場所-施設
新株,しんかぶ,shinkabu,technical_domain,ビジネス,普通名詞,人工物-金銭
親王,しんのう,shinno,technical_domain,政治,普通名詞,人
白旗,しろはた,shirohata,technical_domain,政治,普通名詞,人工物-その他
使節,しせつ,shisetsu,technical_domain,政治,普通名詞,人
子爵,ししゃく,shishaku,technical_domain,政治,普通名詞,人
仕手,して,shite,technical_domain,ビジネス,普通名詞,人
支店,してん,shiten,technical_domain,ビジネス,普通名詞,場所-施設
室長,しつちょう,shitsucho,technical_domain,ビジネス,普通名詞,人
商売人,しょうばいにん,shobainin,technical_domain,ビジネス,普通名詞,人
商品,しょうひん,shohin,technical_domain,ビジネス,普通名詞,人工物-その他
商標,しょうひょう,shohyo,technical_domain,ビジネス,普通名詞,人工物-その他
少尉,しょうい,shoi,technical_domain,政治,普通名詞,人
焼夷弾,しょういだん,shoidan,technical_domain,政治,普通名詞,人工物-その他
証券,しょうけん,shoken,technical_domain,ビジネス,普通名詞,人工物-金銭
将校,しょうこう,shoko,technical_domain,政治,普通名詞,人
小国,しょうこく,shokoku,technical_domain,政治,普通名詞,場所-その他
職場,しょくば,shokuba,technical_domain,ビジネス,普通名詞,場所-その他
触媒,しょくばい,shokubai,technical_domain,科学・技術,普通名詞,自然物
職域,しょくいき,shokuiki,technical_domain,ビジネス,普通名詞,場所-その他
職員,しょくいん,shokuin,technical_domain,ビジネス,普通名詞,人
職人,しょくにん,shokunin,technical_domain,ビジネス,普通名詞,人
少年院,しょうねんいん,shonenin,technical_domain,政治,普通名詞,場所-施設
少佐,しょうさ,shosa,technical_domain,政治,普通名詞,人
硝酸,しょうさん,shosan,technical_domain,科学・技術,普通名詞,自然物
商店,しょうてん,shoten,technical_domain,ビジネス,普通名詞,場所-施設
庄屋,しょうや,shoya,technical_domain,政治,普通名詞,人
賞与,しょうよ,shoyo,technical_domain,ビジネス,普通名詞,人工物-金銭
酋長,しゅうちょう,shucho,technical_domain,政治,普通名詞,人
衆議院,しゅうぎいん,shugiin,technical_domain,政治,普通名詞,組織・団体
主筆,しゅひつ,shuhitsu,technical_domain,メディア,普通名詞,人
宿直,しゅくちょく,shukuchoku,technical_domain,ビジネス,サ変名詞,人;抽象物
週給,しゅうきゅう,shukyu,technical_domain,ビジネス,普通名詞,人工物-金銭
州民,しゅうみん,shumin,technical_domain,政治,普通名詞,人
主務,しゅむ,shumu,technical_domain,ビジネス,普通名詞,人;抽象物
主任,しゅにん,shunin,technical_domain,ビジネス,普通名詞,人
首脳,しゅのう,shuno,technical_domain,政治,普通名詞,人
手榴弾,しゅりゅうだん,shuryudan,technical_domain,政治,普通名詞,人工物-その他
酒税,しゅぜい,shuzei,technical_domain,政治,普通名詞,人工物-金銭
掃海艇,そうかいてい,sokaitei,technical_domain,政治,普通名詞,人工物-乗り物
総監,そうかん,sokan,technical_domain,政治,普通名詞,人
総研,そうけん,soken,technical_domain,ビジネス,普通名詞,組織・団体
側近,そっきん,sokkin,technical_domain,政治,普通名詞,人
測候所,そっこうじょ,sokkojo,technical_domain,科学・技術,普通名詞,組織・団体;場所-施設
祖国,そこく,sokoku,technical_domain,政治,普通名詞,場所-その他
総局,そうきょく,sokyoku,technical_domain,政治,普通名詞,組織・団体
総務,そうむ,somu,technical_domain,ビジネス;政治,普通名詞,人
村長,そんちょう,soncho,technical_domain,政治,普通名詞,人
村議,そんぎ,songi,technical_domain,政治,普通名詞,人
村会,そんかい,sonkai,technical_domain,政治,普通名詞,組織・団体
損金,そんきん,sonkin,technical_domain,ビジネス,普通名詞,人工物-金銭
村民,そんみん,sonmin,technical_domain,政治,普通名詞,人
損料,そんりょう,sonryo,technical_domain,ビジネス,普通名詞,人工物-金銭
素粒子,そりゅうし,soryushi,technical_domain,科学・技術,普通名詞,自然物
総裁,そうさい,sosai,technical_domain,ビジネス;政治,普通名詞,人
素子,そし,soshi,technical_domain,科学・技術,普通名詞,人工物-その他
宗主国,そうしゅこく,soshukoku,technical_domain,政治,普通名詞,組織・団体
総帥,そうすい,sosui,technical_domain,政治,普通名詞,人
総統,そうとう,soto,technical_domain,政治,普通名詞,人
総督,そうとく,sotoku,technical_domain,政治,サ変名詞,人
租税,そぜい,sozei,technical_domain,政治,普通名詞,人工物-金銭
枢軸,すうじく,sujiku,technical_domain,政治,普通名詞,場所-その他
立会人,たちあいにん,tachiainin,technical_domain,政治,普通名詞,人
大軍,たいぐん,taigun,technical_domain,政治,普通名詞,組織・団体
大砲,たいほう,taiho,technical_domain,政治,普通名詞,人工物-その他
大佐,たいさ,taisa,technical_domain,政治,普通名詞,人
大帝,たいてい,taitei,technical_domain,政治,普通名詞,人
店子,たなこ,tanako,technical_domain,ビジネス,普通名詞,人
端末,たんまつ,tanmatsu,technical_domain,科学・技術,普通名詞,人工物-その他
端子,たんし,tanshi,technical_domain,科学・技術,普通名詞,人工物-その他
建て玉,たてぎょく,tategyoku,technical_domain,ビジネス,普通名詞,人工物-その他
手形,てがた,tegata,technical_domain,ビジネス,普通名詞,人工物-金銭;形・模様
定額,ていがく,teigaku,technical_domain,ビジネス,普通名詞,人工物-金銭
定休日,ていきゅうび,teikyubi,technical_domain,ビジネス,普通名詞,時間
定年,ていねん,teinen,technical_domain,ビジネス,普通名詞,時間
帝王,ていおう,teio,technical_domain,政治,普通名詞,人
低利,ていり,teiri,technical_domain,ビジネス,普通名詞,人工物-金銭
帝都,ていと,teito,technical_domain,政治,普通名詞,場所-その他
提督,ていとく,teitoku,technical_domain,政治,普通名詞,人
手錠,てじょう,tejo,technical_domain,政治,普通名詞,人工物-その他
敵地,てきち,tekichi,technical_domain,政治,普通名詞,場所-その他
敵国,てきこく,tekikoku,technical_domain,政治,普通名詞,場所-その他
適材,てきざい,tekizai,technical_domain,ビジネス,普通名詞,人
鉄管,てっかん,tekkan,technical_domain,科学・技術,普通名詞,人工物-その他
敵機,てっき,tekki,technical_domain,政治,普通名詞,人工物-乗り物
鉄鉱,てっこう,tekko,technical_domain,科学・技術,普通名詞,自然物
店長,てんちょう,tencho,technical_domain,ビジネス,普通名詞,人
店員,てんいん,tenin,technical_domain,ビジネス,普通名詞,人
店舗,てんぽ,tenpo,technical_domain,ビジネス,普通名詞,場所-施設
天領,てんりょう,tenryo,technical_domain,政治,普通名詞,場所-その他
店頭,てんとう,tento,technical_domain,ビジネス,普通名詞,場所-その他
鉄材,てつざい,tetsuzai,technical_domain,科学・技術,普通名詞,人工物-その他
都庁,とちょう,tocho,technical_domain,政治,普通名詞,組織・団体;場所-施設
都道府県,とどうふけん,todofuken,technical_domain,政治,普通名詞,組織・団体;場所-その他
頭取,とうどり,todori,technical_domain,ビジネス,普通名詞,人
都府県,とふけん,tofuken,technical_domain,政治,普通名詞,場所-その他
都議,とぎ,togi,technical_domain,政治,普通名詞,人
党派,とうは,toha,technical_domain,政治,普通名詞,組織・団体
党費,とうひ,tohi,technical_domain,政治,普通名詞,人工物-金銭
党員,とういん,toin,technical_domain,政治,普通名詞,人
特派員,とくはいん,tokuhain,technical_domain,メディア,普通名詞,人
得意先,とくいさき,tokuisaki,technical_domain,ビジネス,普通名詞,人
特使,とくし,tokushi,technical_domain,政治,普通名詞,人
特捜部,とくそうぶ,tokusobu,technical_domain,政治,普通名詞,組織・団体
隣組,となりぐみ,tonarigumi,technical_domain,政治,普通名詞,組織・団体
殿様,とのさま,tonosama,technical_domain,政治,普通名詞,人
問屋,とんや,tonya,technical_domain,ビジネス,普通名詞,場所-施設
取引先,とりひきさき,torihikisaki,technical_domain,ビジネス,普通名詞,組織・団体
当社,とうしゃ,tosha,technical_domain,ビジネス,普通名詞,組織・団体
党首,とうしゅ,toshu,technical_domain,政治,普通名詞,人
統帥,とうすい,tosui,technical_domain,政治,サ変名詞,人
当店,とうてん,toten,technical_domain,ビジネス,普通名詞,場所-その他
都税,とぜい,tozei,technical_domain,政治,普通名詞,人工物-金銭
詰め所,つめしょ,tsumesho,technical_domain,ビジネス,普通名詞,場所-施設
釣り銭,つりせん,tsurisen,technical_domain,ビジネス,普通名詞,人工物-金銭
勤め人,つとめにん,tsutomenin,technical_domain,ビジネス,普通名詞,人
勤め先,つとめさき,tsutomesaki,technical_domain,ビジネス,普通名詞,場所-その他
つわもの,つわもの,tsuwamono,technical_domain,政治,普通名詞,人
右派,うは,uha,technical_domain,政治,普通名詞,組織・団体
雲母,うんも,unmo,technical_domain,科学・技術,普通名詞,自然物
売り場,うりば,uriba,technical_domain,ビジネス,普通名詞,場所-施設
売り手,うりて,urite,technical_domain,ビジネス,普通名詞,人
上役,うわやく,uwayaku,technical_domain,ビジネス,普通名詞,人
右翼,うよく,uyoku,technical_domain,政治,普通名詞,動物-部位;人工物-その他;抽象物
我が国,わがくに,wagakuni,technical_domain,政治,普通名詞,場所-その他
賄賂,わいろ,wairo,technical_domain,政治,普通名詞,人工物-金銭
矢羽,やばね,yabane,technical_domain,政治,普通名詞,人工物-その他
野砲,やほう,yaho,technical_domain,政治,普通名詞,人工物-その他
薬莢,やっきょう,yakkyo,technical_domain,政治,普通名詞,人工物-その他
役場,やくば,yakuba,technical_domain,政治,普通名詞,組織・団体;場所-施設
役員,やくいん,yakuin,technical_domain,ビジネス,普通名詞,人
役人,やくにん,yakunin,technical_domain,政治,普通名詞,人
役所,やくしょ,yakusho,technical_domain,政治,普通名詞,組織・団体;場所-施設
山師,やまし,yamashi,technical_domain,ビジネス,普通名詞,人
矢先,やさき,yasaki,technical_domain,政治,普通名詞,時間
野党,やとう,yato,technical_domain,政治,普通名詞,組織・団体
雇い主,やといぬし,yatoinushi,technical_domain,ビジネス,普通名詞,人
要害,ようがい,yogai,technical_domain,政治,普通名詞,場所-その他
要人,ようじん,yojin,technical_domain,政治,普通名詞,人
溶鉱炉,ようこうろ,yokoro,technical_domain,科学・技術,普通名詞,人工物-その他
与野党,よやとう,yoyato,technical_domain,政治,普通名詞,組織・団体
溶剤,ようざい,yozai,technical_domain,科学・技術,普通名詞,人工物-その他
友軍,ゆうぐん,yugun,technical_domain,政治,普通名詞,組織・団体
夕刊,ゆうかん,yukan,technical_domain,メディア,普通名詞,人工物-その他
有権者,ゆうけんしゃ,yukensha,technical_domain,政治,普通名詞,人
友党,ゆうとう,yuto,technical_domain,政治,普通名詞,組織・団体
財閥,ざいばつ,zaibatsu,technical_domain,ビジネス,普通名詞,組織・団体
財界,ざいかい,zaikai,technical_domain,ビジネス;政治,普通名詞,場所-その他
在庫,ざいこ,zaiko,technical_domain,ビジネス,普通名詞,人工物-その他;抽象物
残党,ざんとう,zanto,technical_domain,政治,普通名詞,人
雑費,ざっぴ,zappi,technical_domain,ビジネス,普通名詞,人工物-金銭
税関,ぜいかん,zeikan,technical_domain,ビジネス;政治,普通名詞,組織・団体;場所-施設
税理士,ぜいりし,zeirishi,technical_domain,ビジネス;政治,普通名詞,人
全土,ぜんど,zendo,technical_domain,政治,普通名詞,場所-その他
全軍,ぜんぐん,zengun,technical_domain,政治,普通名詞,組織・団体
全人代,ぜんじんだい,zenjindai,technical_domain,政治,普通名詞,組織・団体
全社,ぜんしゃ,zensha,technical_domain,ビジネス,普通名詞,組織・団体
全党,ぜんとう,zento,technical_domain,政治,普通名詞,組織・団体
属国,ぞっこく,zokkoku,technical_domain,政治,普通名詞,場所-その他
族長,ぞくちょう,zokucho,technical_domain,政治,普通名詞,人
賊軍,ぞくぐん,zokugun,technical_domain,政治,普通名詞,組織・団体
増刷,ぞうさつ,zosatsu,technical_domain,メディア,サ変名詞,人工物-その他;抽象物
随員,ずいいん,zuiin,technical_domain,政治,普通名詞,人
遊び心,あそびごころ,asobigokoro,too_long,11,普通名詞,抽象物
跡片付け,あとかたづけ,atokatazuke,too_long,11,サ変名詞,抽象物
鐚一文,びたいちもん,bitaichimon,too_long,11,普通名詞,人工物-金銭
茶褐色,ちゃかっしょく,chakasshoku,too_long,11,普通名詞,色
茶わん蒸し,ちゃわんむし,chawanmushi,too_long,11,普通名詞,人工物-食べ物
力瘤,ちからこぶ,chikarakobu,too_long,11,普通名詞,動物-部位
力負け,ちからまけ,chikaramake,too_long,11,サ変名詞,抽象物
力持ち,ちからもち,chikaramochi,too_long,12,普通名詞,抽象物
大腿骨,だいたいこつ,daitaikotsu,too_long,11,普通名詞,動物-部位
段々畑,だんだんばたけ,dandanbatake,too_long,12,普通名詞,場所-その他
電車道,でんしゃみち,denshamichi,too_long,11,普通名詞,場所-その他
どんでん返し,どんでんがえし,dondengaeshi,too_long,12,サ変名詞,抽象物
動植物,どうしょくぶつ,doshokubutsu,too_long,12,普通名詞,動物;植物
吹き流し,ふきながし,fukinagashi,too_long,11,普通名詞,人工物-その他
複々線,ふくふくせん,fukufukusen,too_long,11,普通名詞,場所-施設
福神漬け,ふくじんづけ,fukujinzuke,too_long,11,普通名詞,人工物-食べ物
腹話術,ふくわじゅつ,fukuwajutsu,too_long,11,普通名詞,抽象物
船着き場,ふなつきば,funatsukiba,too_long,11,普通名詞,場所-施設
節回し,ふしまわし,fushimawashi,too_long,12,普通名詞,抽象物
五七調,ごしちちょう,goshichicho,too_long,11,普通名詞,形・模様
御所車,ごしょぐるま,goshoguruma,too_long,11,普通名詞,人工物-乗り物
逆戻り,ぎゃくもどり,gyakumodori,too_long,11,サ変名詞,抽象物
牛飲馬食,ぎゅういんばしょく,gyuinbashoku,too_long,12,サ変名詞,抽象物
花祭り,はなまつり,hanamatsuri,too_long,11,普通名詞,抽象物
花筵,はなむしろ,hanamushiro,too_long,11,普通名詞,人工物-その他
話し相手,はなしあいて,hanashiaite,too_long,11,普通名詞,人
腹拵え,はらごしらえ,haragoshirae,too_long,12,サ変名詞,抽象物
腹八分,はらはちぶ,harahachibu,too_long,11,普通名詞,抽象物
払戻,はらいもどし,haraimodoshi,too_long,12,普通名詞,抽象物
腹の虫,はらのむし,haranomushi,too_long,11,普通名詞,動物
走り書き,はしりがき,hashirigaki,too_long,11,サ変名詞,抽象物
走り読み,はしりよみ,hashiriyomi,too_long,11,サ変名詞,抽象物
端た金,はしたがね,hashitagane,too_long,11,普通名詞,人工物-金銭
橋渡し,はしわたし,hashiwatashi,too_long,12,サ変名詞,抽象物
旗頭,はたがしら,hatagashira,too_long,11,普通名詞,人
機織り星,はたおりぼし,hataoriboshi,too_long,12,普通名詞,自然物
働き者,はたらきもの,hatarakimono,too_long,12,普通名詞,人
囃子方,はやしかた,hayashikata,too_long,11,普通名詞,人
左隣,ひだりどなり,hidaridonari,too_long,12,普通名詞,場所-機能
左四つ,ひだりよつ,hidariyotsu,too_long,11,普通名詞,抽象物
控え室,ひかえしつ,hikaeshitsu,too_long,11,普通名詞,場所-施設
引き込み線,ひきこみせん,hikikomisen,too_long,11,普通名詞,人工物-その他
暇潰し,ひまつぶし,himatsubushi,too_long,12,サ変名詞,抽象物
雛祭り,ひなまつり,hinamatsuri,too_long,11,普通名詞,抽象物;時間
日なたぼっこ,ひなたぼっこ,hinatabokko,too_long,11,サ変名詞,抽象物
檜舞台,ひのきぶたい,hinokibutai,too_long,11,普通名詞,場所-施設;抽象物
火の見櫓,ひのみやぐら,hinomiyagura,too_long,12,普通名詞,場所-施設
人で無し,ひとでなし,hitodenashi,too_long,11,普通名詞,人
人見知り,ひとみしり,hitomishiri,too_long,11,サ変名詞,抽象物
一昔,ひとむかし,hitomukashi,too_long,11,普通名詞,時間
独り歩き,ひとりあるき,hitoriaruki,too_long,11,サ変名詞,抽象物
独りぼっち,ひとりぼっち,hitoribotchi,too_long,12,普通名詞,抽象物
独り立ち,ひとりだち,hitoridachi,too_long,11,サ変名詞,抽象物
火付け役,ひつけやく,hitsukeyaku,too_long,11,普通名詞,人
膝頭,ひざがしら,hizagashira,too_long,11,普通名詞,動物-部位
星祭り,ほしまつり,hoshimatsuri,too_long,12,普通名詞,抽象物
仏心,ほとけごころ,hotokegokoro,too_long,12,普通名詞,抽象物
掘っ立て小屋,ほったてごや,hottategoya,too_long,11,普通名詞,場所-施設
百葉箱,ひゃくようばこ,hyakuyobako,too_long,11,普通名詞,人工物-その他
市場町,いちばまち,ichibamachi,too_long,11,普通名詞,場所-その他
一番星,いちばんぼし,ichibanboshi,too_long,12,普通名詞,自然物
一番鶏,いちばんどり,ichibandori,too_long,11,普通名詞,動物
一番乗り,いちばんのり,ichibannori,too_long,11,サ変名詞,抽象物
一言居士,いちげんこじ,ichigenkoji,too_long,11,普通名詞,人
一輪挿し,いちりんざし,ichirinzashi,too_long,12,普通名詞,人工物-その他
一両日,いちりょうじつ,ichiryojitsu,too_long,12,時相名詞,時間
命拾い,いのちびろい,inochibiroi,too_long,11,サ変名詞,抽象物
一匹狼,いっぴきおおかみ,ippikiokami,too_long,11,普通名詞,人
遺失物,いしつぶつ,ishitsubutsu,too_long,12,普通名詞,人工物-その他
磯巾着,いそぎんちゃく,isoginchaku,too_long,11,普通名詞,動物
一昨日,いっさくじつ,issakujitsu,too_long,11,時相名詞,時間
頂き物,いただきもの,itadakimono,too_long,11,普通名詞,人工物-その他
一朝一夕,いっちょういっせき,itchoisseki,too_long,11,普通名詞,時間
いざと言う時,いざというとき,izatoiutoki,too_long,11,普通名詞,時間
若年者,じゃくねんもの,jakunenmono,too_long,11,普通名詞,人
鏡開き,かがみびらき,kagamibiraki,too_long,12,普通名詞,抽象物
鏡餅,かがみもち,kagamimochi,too_long,11,普通名詞,人工物-食べ物
海産物,かいさんぶつ,kaisanbutsu,too_long,11,普通名詞,動物
隠し事,かくしごと,kakushigoto,too_long,11,普通名詞,抽象物
紙包み,かみづつみ,kamizutsumi,too_long,11,普通名詞,人工物-その他
金縛り,かなしばり,kanashibari,too_long,11,普通名詞,抽象物
歓送迎会,かんそうげいかい,kansogeikai,too_long,11,普通名詞,抽象物
蝸牛,かたつむり,katatsumuri,too_long,11,普通名詞,動物
蚊取り線香,かとりせんこう,katorisenko,too_long,11,普通名詞,人工物-その他
鰹節,かつおぶし,katsuobushi,too_long,11,普通名詞,人工物-食べ物
飾り付け,かざりつけ,kazaritsuke,too_long,11,普通名詞,抽象物
見物人,けんぶつにん,kenbutsunin,too_long,11,普通名詞,人
謹賀新年,きんがしんねん,kingashinnen,too_long,12,普通名詞,抽象物
金魚掬,きんぎょすくい,kingyosukui,too_long,11,普通名詞,抽象物
黄金虫,こがねむし,koganemushi,too_long,11,普通名詞,動物
柿落とし,こけらおとし,kokeraotoshi,too_long,12,普通名詞,抽象物
心当たり,こころあたり,kokoroatari,too_long,11,普通名詞,抽象物
心構え,こころがまえ,kokorogamae,too_long,11,普通名詞,抽象物
心変わり,こころがわり,kokorogawari,too_long,12,サ変名詞,抽象物
心配り,こころくばり,kokorokubari,too_long,12,サ変名詞,抽象物
志,こころざし,kokorozashi,too_long,11,普通名詞,抽象物
国文学,こくぶんがく,kokubungaku,too_long,11,普通名詞,抽象物
婚姻届,こんいんとどけ,konintodoke,too_long,11,普通名詞,抽象物
拵え物,こしらえもの,koshiraemono,too_long,12,普通名詞,人工物-その他
言葉遣い,ことばづかい,kotobazukai,too_long,11,普通名詞,抽象物
口直し,くちなおし,kuchinaoshi,too_long,11,普通名詞,抽象物
口移し,くちうつし,kuchiutsushi,too_long,12,普通名詞,抽象物
口汚し,くちよごし,kuchiyogoshi,too_long,12,普通名詞,抽象物
暮らし向き,くらしむき,kurashimuki,too_long,11,普通名詞,抽象物
靴磨き,くつみがき,kutsumigaki,too_long,11,サ変名詞,抽象物
食わず嫌い,くわずぎらい,kuwazugirai,too_long,11,普通名詞,抽象物
客室,きゃくしつ,kyakushitsu,too_long,11,普通名詞,場所-施設
旧正月,きゅうしょうがつ,kyushogatsu,too_long,11,普通名詞,時間
町外れ,まちはずれ,machihazure,too_long,11,普通名詞,場所-その他
枕詞,まくらことば,makurakotoba,too_long,12,普通名詞,抽象物
万年筆,まんねんひつ,mannenhitsu,too_long,11,普通名詞,人工物-その他
丸木橋,まるきばし,marukibashi,too_long,11,普通名詞,人工物-その他
松林,まつばやし,matsubayashi,too_long,12,普通名詞,自然物
真っ只中,まっただなか,mattadanaka,too_long,11,普通名詞,時間
回り舞台,まわりぶたい,mawaributai,too_long,11,普通名詞,人工物-その他
回り道,まわりみち,mawarimichi,too_long,11,サ変名詞,場所-その他
召し使い,めしつかい,meshitsukai,too_long,11,普通名詞,人
道標,みちしるべ,michishirube,too_long,12,サ変名詞,人工物-その他
南口,みなみぐち,minamiguchi,too_long,11,普通名詞,場所-その他
港町,みなとまち,minatomachi,too_long,11,普通名詞,場所-その他
身の代金,みのしろきん,minoshirokin,too_long,12,普通名詞,人工物-金銭
貢ぎ物,みつぎもの,mitsugimono,too_long,11,普通名詞,人工物-その他
御息所,みやすどころ,miyasudokoro,too_long,12,普通名詞,人
水浸し,みずびたし,mizubitashi,too_long,11,普通名詞,抽象物
水澄まし,みずすまし,mizusumashi,too_long,11,普通名詞,動物
黙示録,もくしろく,mokushiroku,too_long,11,普通名詞,抽象物
物見櫓,ものみやぐら,monomiyagura,too_long,12,普通名詞,場所-施設
紋白蝶,もんしろちょう,monshirocho,too_long,11,普通名詞,動物
門前払い,もんぜんばらい,monzenbarai,too_long,11,サ変名詞,抽象物
門前町,もんぜんまち,monzenmachi,too_long,11,普通名詞,場所-その他
麦焦がし,むぎこがし,mugikogashi,too_long,11,普通名詞,人工物-食べ物
紫色,むらさきいろ,murasakiiro,too_long,11,普通名詞,色
虫下し,むしくだし,mushikudashi,too_long,12,普通名詞,人工物-その他
長火鉢,ながひばち,nagahibachi,too_long,11,普通名詞,人工物-その他
流れ星,ながれぼし,nagareboshi,too_long,11,普通名詞,自然物
ながす鯨,ながすくじら,nagasukujira,too_long,12,普通名詞,動物
長続き,ながつづき,nagatsuzuki,too_long,11,サ変名詞,抽象物
内服薬,ないふくやく,naifukuyaku,too_long,11,普通名詞,人工物-食べ物
鞣し革,なめしがわ,nameshigawa,too_long,11,普通名詞,人工物-その他
波打ち際,なみうちぎわ,namiuchigiwa,too_long,12,普通名詞,場所-その他
七草粥,ななくさがゆ,nanakusagayu,too_long,12,普通名詞,人工物-食べ物
七つ道具,ななつどうぐ,nanatsudogu,too_long,11,普通名詞,人工物-その他
浪花節,なにわぶし,naniwabushi,too_long,11,普通名詞,抽象物
鳴り物入り,なりものいり,narimonoiri,too_long,11,普通名詞,抽象物
菜種油,なたねあぶら,nataneabura,too_long,11,普通名詞,自然物
粘り腰,ねばりごし,nebarigoshi,too_long,11,普通名詞,抽象物
螺子回し,ねじまわし,nejimawashi,too_long,11,普通名詞,人工物-その他
猫撫で声,ねこなでごえ,nekonadegoe,too_long,11,普通名詞,抽象物
握り飯,にぎりめし,nigirimeshi,too_long,11,普通名詞,人工物-食べ物
握り鮨,にぎりずし,nigirizushi,too_long,11,普通名詞,人工物-食べ物
西陣織,にしじんおり,nishijinori,too_long,11,普通名詞,人工物-その他
錦蛇,にしきへび,nishikihebi,too_long,11,普通名詞,動物
農作物,のうさくぶつ,nosakubutsu,too_long,11,普通名詞,人工物-その他
熨斗袋,のしぶくろ,noshibukuro,too_long,11,普通名詞,人工物-その他
糠喜び,ぬかよろこび,nukayorokobi,too_long,12,サ変名詞,抽象物
大盤振る舞い,おおばんぶるまい,obanburumai,too_long,11,サ変名詞,抽象物
朧月夜,おぼろづきよ,oborozukiyo,too_long,11,普通名詞,抽象物;時間
御花畑,おはなばたけ,ohanabatake,too_long,11,普通名詞,場所-その他
御好み焼き,おこのみやき,okonomiyaki,too_long,11,普通名詞,人工物-食べ物
表玄関,おもてげんかん,omotegenkan,too_long,11,普通名詞,場所-施設部位
幼心,おさなごころ,osanagokoro,too_long,11,普通名詞,抽象物
幼馴染み,おさななじみ,osananajimi,too_long,11,普通名詞,人
おたまじゃくし,おたまじゃくし,otamajakushi,too_long,12,普通名詞,動物
御伽話,おとぎばなし,otogibanashi,too_long,12,普通名詞,抽象物
落とし主,おとしぬし,otoshinushi,too_long,11,普通名詞,人
離着陸,りちゃくりく,richakuriku,too_long,11,サ変名詞,抽象物
律義者,りちぎもの,richigimono,too_long,11,普通名詞,人
林産物,りんさんぶつ,rinsanbutsu,too_long,11,普通名詞,人工物-その他
ろうけつ染め,ろうけつぞめ,roketsuzome,too_long,11,普通名詞,人工物-その他
ろくでなし,ろくでなし,rokudenashi,too_long,11,普通名詞,人
探し物,さがしもの,sagashimono,too_long,11,普通名詞,人工物-その他
桜餅,さくらもち,sakuramochi,too_long,11,普通名詞,人工物-食べ物
三原色,さんげんしょく,sangenshoku,too_long,11,普通名詞,色
三半規管,さんはんきかん,sanhankikan,too_long,11,普通名詞,動物-部位
左心室,さしんしつ,sashinshitsu,too_long,12,普通名詞,動物-部位
五月晴れ,さつきばれ,satsukibare,too_long,11,普通名詞,抽象物
生年月日,せいねんがっぴ,seinengappi,too_long,11,普通名詞,時間
占星術,せんせいじゅつ,senseijutsu,too_long,11,普通名詞,抽象物
洗濯物,せんたくもの,sentakumono,too_long,11,普通名詞,人工物-その他
七五調,しちごちょう,shichigocho,too_long,11,普通名詞,抽象物
七五三,しちごさん,shichigosan,too_long,11,普通名詞,抽象物
七面鳥,しちめんちょう,shichimencho,too_long,12,普通名詞,動物;人工物-食べ物
始球式,しきゅうしき,shikyushiki,too_long,11,普通名詞,抽象物
しめ飾り,しめかざり,shimekazari,too_long,11,普通名詞,人工物-その他
霜柱,しもばしら,shimobashira,too_long,12,普通名詞,抽象物
品定め,しなさだめ,shinasadame,too_long,11,サ変名詞,抽象物
忍び足,しのびあし,shinobiashi,too_long,11,普通名詞,抽象物
白玉粉,しらたまこ,shiratamako,too_long,11,普通名詞,人工物-食べ物
私生活,しせいかつ,shiseikatsu,too_long,11,普通名詞,抽象物
四捨五入,ししゃごにゅう,shishagonyu,too_long,11,サ変名詞,抽象物
子々孫々,ししそんそん,shishisonson,too_long,12,普通名詞,抽象物
下心,したごころ,shitagokoro,too_long,11,普通名詞,抽象物
下調べ,したしらべ,shitashirabe,too_long,12,サ変名詞,抽象物
仕立物,したてもの,shitatemono,too_long,11,普通名詞,人工物-その他
舌鼓,したつづみ,shitatsuzumi,too_long,12,普通名詞,抽象物
勝負所,しょうぶどころ,shobudokoro,too_long,11,普通名詞,抽象物
消息筋,しょうそくすじ,shosokusuji,too_long,11,普通名詞,人
宿場町,しゅくばまち,shukubamachi,too_long,12,普通名詞,場所-その他
春夏秋冬,しゅんかしゅうとう,shunkashuto,too_long,11,時相名詞,時間
出没,しゅつぼつ,shutsubotsu,too_long,11,サ変名詞,抽象物
出力,しゅつりょく,shutsuryoku,too_long,11,サ変名詞,抽象物
底引き網,そこびきあみ,sokobikiami,too_long,11,普通名詞,人工物-その他
漫ろ歩き,そぞろあるき,sozoroaruki,too_long,11,サ変名詞,抽象物
水産物,すいさんぶつ,suisanbutsu,too_long,11,普通名詞,人工物-食べ物
透かし彫り,すかしぼり,sukashibori,too_long,11,普通名詞,人工物-その他;抽象物
澄まし汁,すましじる,sumashijiru,too_long,11,普通名詞,人工物-食べ物
住み心地,すみごこち,sumigokochi,too_long,11,普通名詞,抽象物
雀蜂,すずめばち,suzumebachi,too_long,11,普通名詞,動物
食べず嫌い,たべずぎらい,tabezugirai,too_long,11,普通名詞,抽象物
立ち話,たちばなし,tachibanashi,too_long,12,サ変名詞,抽象物
太極拳,たいきょくけん,taikyokuken,too_long,11,普通名詞,抽象物
大陸棚,たいりくだな,tairikudana,too_long,11,普通名詞,場所-自然
玉虫色,たまむしいろ,tamamushiiro,too_long,12,普通名詞,色
たぬき寝入り,たぬきねいり,tanukineiri,too_long,11,サ変名詞,抽象物
立て役者,たてやくしゃ,tateyakusha,too_long,11,普通名詞,人
照れ隠し,てれかくし,terekakushi,too_long,11,サ変名詞,抽象物
照る照る坊主,てるてるぼうず,teruterubozu,too_long,12,普通名詞,人工物-その他
共働き,ともばたらき,tomobataraki,too_long,12,サ変名詞,抽象物
隣町,となりまち,tonarimachi,too_long,11,普通名詞,場所-その他
疾うの昔,とうのむかし,tonomukashi,too_long,11,普通名詞,時間
取り入れ口,とりいれぐち,toriireguchi,too_long,12,普通名詞,場所-その他
年のころ,としのころ,toshinokoro,too_long,11,普通名詞,時間
年の暮れ,としのくれ,toshinokure,too_long,11,時相名詞,時間
凸面鏡,とつめんきょう,totsumenkyo,too_long,11,普通名詞,人工物-その他
土埃,つちぼこり,tsuchibokori,too_long,12,普通名詞,自然物
土踏まず,つちふまず,tsuchifumazu,too_long,12,普通名詞,動物-部位
土煙,つちけむり,tsuchikemuri,too_long,12,普通名詞,自然物
つむじ風,つむじかぜ,tsumujikaze,too_long,11,普通名詞,抽象物
綱渡り,つなわたり,tsunawatari,too_long,11,サ変名詞,抽象物
常日頃,つねひごろ,tsunehigoro,too_long,11,時相名詞,時間
包み紙,つつみがみ,tsutsumigami,too_long,12,普通名詞,人工物-その他
津々浦々,つつうらうら,tsutsuraura,too_long,11,普通名詞,場所-その他
続き柄,つづきがら,tsuzukigara,too_long,11,普通名詞,抽象物
続き物,つづきもの,tsuzukimono,too_long,11,普通名詞,人工物-その他
裏切り者,うらぎりもの,uragirimono,too_long,11,普通名詞,人
嬉し涙,うれしなみだ,ureshinamida,too_long,12,普通名詞,自然物
後ろ姿,うしろすがた,ushirosugata,too_long,12,普通名詞,形・模様
薄暗がり,うすくらがり,usukuragari,too_long,11,普通名詞,場所-その他
薄紫,うすむらさき,usumurasaki,too_long,11,普通名詞,色
笑い話,わらいばなし,waraibanashi,too_long,12,普通名詞,抽象物
忘れ形見,わすれがたみ,wasuregatami,too_long,12,普通名詞,人工物-その他;抽象物
渡し船,わたしぶね,watashibune,too_long,11,普通名詞,人工物-乗り物
渡し守,わたしもり,watashimori,too_long,11,普通名詞,人
山懐,やまふところ,yamafutokoro,too_long,12,普通名詞,場所-自然
赤楝蛇,やまかがし,yamakagashi,too_long,11,普通名詞,動物
宵待草,よいまちぐさ,yoimachigusa,too_long,12,普通名詞,植物
寄せ木細工,よせぎざいく,yosegizaiku,too_long,11,普通名詞,人工物-その他
夢心地,ゆめごこち,yumegokochi,too_long,11,普通名詞,抽象物
雑排水,ざつはいすい,zatsuhaisui,too_long,11,普通名詞,人工物-その他
全知全能,ぜんちぜんのう,zenchizenno,too_long,11,普通名詞,抽象物
全速力,ぜんそくりょく,zensokuryoku,too_long,12,普通名詞,抽象物
雑木林,ぞうきばやし,zokibayashi,too_long,11,普通名詞,場所-その他
