word1,word2,romaji1,romaji2,reason
虻,灰汁,abu,aku,substitution
虻,編む,abu,amu,substitution
虻,有る,abu,aru,substitution
虻,明日,abu,asu,substitution
虻,鮎,abu,ayu,substitution
虻,うぶ,abu,ubu,substitution
亜鉛,変,aen,hen,substitution
亜鉛,以遠,aen,ien,substitution
亜鉛,剣,aen,ken,substitution
亜鉛,麺,aen,men,substitution
亜鉛,応援,aen,oen,substitution
亜鉛,線,aen,sen,substitution
亜鉛,天,aen,ten,substitution
亜鉛,膳,aen,zen,substitution
顎,後,ago,ato,substitution
顎,以後,ago,igo,substitution
鰺,秋,aji,aki,substitution
鰺,網,aji,ami,substitution
鰺,兄,aji,ani,substitution
鰺,葵,aji,aoi,substitution
鰺,蟻,aji,ari,substitution
鰺,遺児,aji,iji,substitution
鰺,王子,aji,oji,substitution
鰺,氏,aji,uji,substitution
赤,秋,aka,aki,last_char_differs
赤,灰汁,aka,aku,last_char_differs
赤,尼,aka,ama,substitution
赤,穴,aka,ana,substitution
赤,粗,aka,ara,substitution
赤,麻,aka,asa,substitution
赤,泡,aka,awa,substitution
赤,痣,aka,aza,substitution
赤,烏賊,aka,ika,substitution
赤,丘,aka,oka,substitution
赤,羽化,aka,uka,substitution
秋,灰汁,aki,aku,last_char_differs
秋,網,aki,ami,substitution
秋,兄,aki,ani,substitution
秋,葵,aki,aoi,substitution
秋,蟻,aki,ari,substitution
秋,駅,aki,eki,substitution
秋,息,aki,iki,substitution
秋,沖,aki,oki,substitution
秋,雨季,aki,uki,substitution
灰汁,編む,aku,amu,substitution
灰汁,有る,aku,aru,substitution
灰汁,明日,aku,asu,substitution
灰汁,鮎,aku,ayu,substitution
灰汁,行く,aku,iku,substitution
灰汁,奥,aku,oku,substitution
灰汁,浮く,aku,uku,substitution
尼,飴,ama,ame,last_char_differs
尼,網,ama,ami,last_char_differs
尼,編む,ama,amu,last_char_differs
尼,穴,ama,ana,substitution
尼,粗,ama,ara,substitution
尼,麻,ama,asa,substitution
尼,泡,ama,awa,substitution
尼,痣,ama,aza,substitution
尼,絵馬,ama,ema,substitution
尼,今,ama,ima,substitution
尼,馬,ama,uma,substitution
飴,網,ame,ami,last_char_differs
飴,編む,ame,amu,last_char_differs
飴,姉,ame,ane,substitution
飴,汗,ame,ase,substitution
飴,畦,ame,aze,substitution
飴,梅,ame,ume,substitution
網,編む,ami,amu,last_char_differs
網,兄,ami,ani,substitution
網,葵,ami,aoi,substitution
網,蟻,ami,ari,substitution
網,笑み,ami,emi,substitution
網,意味,ami,imi,substitution
網,海,ami,umi,substitution
編む,有る,amu,aru,substitution
編む,明日,amu,asu,substitution
編む,鮎,amu,ayu,substitution
編む,忌む,amu,imu,substitution
編む,鸚鵡,amu,omu,substitution
編む,生む,amu,umu,substitution
穴,姉,ana,ane,last_char_differs
穴,兄,ana,ani,last_char_differs
穴,粗,ana,ara,substitution
穴,麻,ana,asa,substitution
穴,泡,ana,awa,substitution
穴,痣,ana,aza,substitution
穴,否,ana,ina,substitution
姉,兄,ane,ani,last_char_differs
姉,汗,ane,ase,substitution
姉,畦,ane,aze,substitution
姉,稲,ane,ine,substitution
姉,尾根,ane,one,substitution
姉,畝,ane,une,substitution
兄,葵,ani,aoi,substitution
兄,蟻,ani,ari,substitution
兄,鬼,ani,oni,substitution
兄,雲丹,ani,uni,substitution
葵,蟻,aoi,ari,substitution
葵,胴衣,aoi,doi,substitution
葵,語彙,aoi,goi,substitution
葵,法衣,aoi,hoi,substitution
葵,女医,aoi,joi,substitution
葵,鯉,aoi,koi,substitution
葵,問,aoi,toi,substitution
葵,宵,aoi,yoi,substitution
葵,沿い,aoi,zoi,substitution
粗,蟻,ara,ari,last_char_differs
粗,有る,ara,aru,last_char_differs
粗,麻,ara,asa,substitution
粗,泡,ara,awa,substitution
粗,痣,ara,aza,substitution
粗,えら,ara,era,substitution
粗,おら,ara,ora,substitution
粗,浦,ara,ura,substitution
蟻,有る,ari,aru,last_char_differs
蟻,襟,ari,eri,substitution
蟻,檻,ari,ori,substitution
蟻,瓜,ari,uri,substitution
有る,明日,aru,asu,substitution
有る,鮎,aru,ayu,substitution
有る,選る,aru,eru,substitution
有る,煎る,aru,iru,substitution
有る,居る,aru,oru,substitution
有る,売る,aru,uru,substitution
麻,汗,asa,ase,last_char_differs
麻,明日,asa,asu,last_char_differs
麻,泡,asa,awa,substitution
麻,痣,asa,aza,substitution
麻,餌,asa,esa,substitution
汗,明日,ase,asu,last_char_differs
汗,畦,ase,aze,substitution
汗,仰せ,ase,ose,substitution
明日,鮎,asu,ayu,substitution
明日,椅子,asu,isu,substitution
明日,雄,asu,osu,substitution
明日,通,asu,tsu,substitution
明日,臼,asu,usu,substitution
後,干支,ato,eto,substitution
後,糸,ato,ito,substitution
後,音,ato,oto,substitution
泡,痣,awa,aza,substitution
泡,岩,awa,iwa,substitution
鮎,急,ayu,kyu,substitution
鮎,竜,ayu,ryu,substitution
痣,畦,aza,aze,last_char_differs
痣,王座,aza,oza,substitution
晩,瓶,ban,bin,substitution
晩,盆,ban,bon,substitution
晩,段,ban,dan,substitution
晩,雁,ban,gan,substitution
晩,缶,ban,kan,substitution
晩,蘭,ban,ran,substitution
晩,椀,ban,wan,substitution
瓶,盆,bin,bon,substitution
瓶,銀,bin,gin,substitution
瓶,医院,bin,iin,substitution
瓶,輪,bin,rin,substitution
盆,呉音,bon,gon,substitution
盆,本,bon,hon,substitution
盆,常温,bon,jon,substitution
盆,紺,bon,kon,substitution
盆,門,bon,mon,substitution
盆,層雲,bon,son,substitution
盆,唐音,bon,ton,substitution
盆,拗音,bon,yon,substitution
部位,不意,bui,fui,substitution
部位,獣医,bui,jui,substitution
部位,杭,bui,kui,substitution
部位,無為,bui,mui,substitution
部位,酸い,bui,sui,substitution
部位,優位,bui,yui,substitution
廟,豹,byo,hyo,substitution
廟,異様,byo,iyo,substitution
廟,卿,byo,kyo,substitution
廟,妙,byo,myo,substitution
廟,応用,byo,oyo,substitution
茶,蝶,cha,cho,last_char_differs
茶,右派,cha,uha,substitution
蝶,異邦,cho,iho,substitution
蝶,笙,cho,sho,substitution
台,段,dai,dan,last_char_differs
台,胴衣,dai,doi,substitution
台,灰,dai,hai,substitution
台,貝,dai,kai,substitution
台,舞,dai,mai,substitution
台,亡い,dai,nai,substitution
台,犀,dai,sai,substitution
台,鯛,dai,tai,substitution
段,雁,dan,gan,substitution
段,缶,dan,kan,substitution
段,蘭,dan,ran,substitution
段,椀,dan,wan,substitution
胴衣,語彙,doi,goi,substitution
胴衣,法衣,doi,hoi,substitution
胴衣,女医,doi,joi,substitution
胴衣,鯉,doi,koi,substitution
胴衣,問,doi,toi,substitution
胴衣,宵,doi,yoi,substitution
胴衣,沿い,doi,zoi,substitution
海老,駅,ebi,eki,substitution
海老,笑み,ebi,emi,substitution
海老,襟,ebi,eri,substitution
海老,帯,ebi,obi,substitution
枝,絵馬,eda,ema,substitution
枝,えら,eda,era,substitution
枝,餌,eda,esa,substitution
駅,回向,eki,eko,last_char_differs
駅,笑み,eki,emi,substitution
駅,襟,eki,eri,substitution
駅,息,eki,iki,substitution
駅,沖,eki,oki,substitution
駅,雨季,eki,uki,substitution
回向,干支,eko,eto,substitution
回向,以降,eko,iko,substitution
絵馬,笑み,ema,emi,last_char_differs
絵馬,えら,ema,era,substitution
絵馬,餌,ema,esa,substitution
絵馬,今,ema,ima,substitution
絵馬,馬,ema,uma,substitution
笑み,襟,emi,eri,substitution
笑み,意味,emi,imi,substitution
笑み,海,emi,umi,substitution
えら,襟,era,eri,last_char_differs
えら,選る,era,eru,last_char_differs
えら,餌,era,esa,substitution
えら,おら,era,ora,substitution
えら,浦,era,ura,substitution
襟,選る,eri,eru,last_char_differs
襟,檻,eri,ori,substitution
襟,瓜,eri,uri,substitution
選る,絵図,eru,ezu,substitution
選る,煎る,eru,iru,substitution
選る,居る,eru,oru,substitution
選る,売る,eru,uru,substitution
得手,干支,ete,eto,last_char_differs
得手,大手,ete,ote,substitution
干支,糸,eto,ito,substitution
干支,音,eto,oto,substitution
絵図,渦,ezu,uzu,substitution
笛,不意,fue,fui,last_char_differs
笛,不運,fue,fun,last_char_differs
笛,末,fue,sue,substitution
笛,故,fue,yue,substitution
不意,不運,fui,fun,last_char_differs
不意,獣医,fui,jui,substitution
不意,杭,fui,kui,substitution
不意,無為,fui,mui,substitution
不意,酸い,fui,sui,substitution
不意,優位,fui,yui,substitution
不運,順,fun,jun,substitution
雁,銀,gan,gin,substitution
雁,呉音,gan,gon,substitution
雁,缶,gan,kan,substitution
雁,蘭,gan,ran,substitution
雁,椀,gan,wan,substitution
芸,語彙,gei,goi,substitution
芸,塀,gei,hei,substitution
芸,罫,gei,kei,substitution
芸,姪,gei,mei,substitution
芸,聖,gei,sei,substitution
銀,呉音,gin,gon,substitution
銀,医院,gin,iin,substitution
銀,輪,gin,rin,substitution
語彙,呉音,goi,gon,last_char_differs
語彙,法衣,goi,hoi,substitution
語彙,女医,goi,joi,substitution
語彙,鯉,goi,koi,substitution
語彙,問,goi,toi,substitution
語彙,宵,goi,yoi,substitution
語彙,沿い,goi,zoi,substitution
呉音,本,gon,hon,substitution
呉音,常温,gon,jon,substitution
呉音,紺,gon,kon,substitution
呉音,門,gon,mon,substitution
呉音,層雲,gon,son,substitution
呉音,唐音,gon,ton,substitution
呉音,拗音,gon,yon,substitution
蠅,灰,hae,hai,last_char_differs
蠅,覇王,hae,hao,last_char_differs
蠅,這う,hae,hau,last_char_differs
蠅,法会,hae,hoe,substitution
蠅,前,hae,mae,substitution
蠅,苗,hae,nae,substitution
蠅,八重,hae,yae,substitution
灰,覇王,hai,hao,last_char_differs
灰,這う,hai,hau,last_char_differs
灰,塀,hai,hei,substitution
灰,法衣,hai,hoi,substitution
灰,貝,hai,kai,substitution
灰,舞,hai,mai,substitution
灰,亡い,hai,nai,substitution
灰,犀,hai,sai,substitution
灰,鯛,hai,tai,substitution
覇王,這う,hao,hau,last_char_differs
覇王,豹,hao,hyo,substitution
覇王,顔,hao,kao,substitution
覇王,竿,hao,sao,substitution
這う,買う,hau,kau,substitution
這う,綯う,hau,nau,substitution
塀,変,hei,hen,last_char_differs
塀,法衣,hei,hoi,substitution
塀,罫,hei,kei,substitution
塀,姪,hei,mei,substitution
塀,聖,hei,sei,substitution
変,本,hen,hon,substitution
変,以遠,hen,ien,substitution
変,剣,hen,ken,substitution
変,麺,hen,men,substitution
変,応援,hen,oen,substitution
変,線,hen,sen,substitution
変,天,hen,ten,substitution
変,膳,hen,zen,substitution
法会,法衣,hoe,hoi,last_char_differs
法会,本,hoe,hon,last_char_differs
法会,肥,hoe,koe,substitution
法衣,本,hoi,hon,last_char_differs
法衣,女医,hoi,joi,substitution
法衣,鯉,hoi,koi,substitution
法衣,問,hoi,toi,substitution
法衣,宵,hoi,yoi,substitution
法衣,沿い,hoi,zoi,substitution
本,常温,hon,jon,substitution
本,紺,hon,kon,substitution
本,門,hon,mon,substitution
本,層雲,hon,son,substitution
本,唐音,hon,ton,substitution
本,拗音,hon,yon,substitution
豹,異様,hyo,iyo,substitution
豹,卿,hyo,kyo,substitution
豹,妙,hyo,myo,substitution
豹,応用,hyo,oyo,substitution
異母,井戸,ibo,ido,substitution
異母,以後,ibo,igo,substitution
異母,異邦,ibo,iho,substitution
異母,異常,ibo,ijo,substitution
異母,以降,ibo,iko,substitution
異母,芋,ibo,imo,substitution
異母,色,ibo,iro,substitution
異母,磯,ibo,iso,substitution
異母,糸,ibo,ito,substitution
異母,異様,ibo,iyo,substitution
異母,応募,ibo,obo,substitution
井戸,以後,ido,igo,substitution
井戸,異邦,ido,iho,substitution
井戸,異常,ido,ijo,substitution
井戸,以降,ido,iko,substitution
井戸,芋,ido,imo,substitution
井戸,色,ido,iro,substitution
井戸,磯,ido,iso,substitution
井戸,糸,ido,ito,substitution
井戸,異様,ido,iyo,substitution
井戸,黄土,ido,odo,substitution
井戸,うど,ido,udo,substitution
以遠,医院,ien,iin,substitution
以遠,剣,ien,ken,substitution
以遠,麺,ien,men,substitution
以遠,応援,ien,oen,substitution
以遠,線,ien,sen,substitution
以遠,天,ien,ten,substitution
以遠,膳,ien,zen,substitution
毬,以後,iga,igo,last_char_differs
毬,烏賊,iga,ika,substitution
毬,今,iga,ima,substitution
毬,否,iga,ina,substitution
毬,板,iga,ita,substitution
毬,岩,iga,iwa,substitution
毬,嫌,iga,iya,substitution
以後,異邦,igo,iho,substitution
以後,異常,igo,ijo,substitution
以後,以降,igo,iko,substitution
以後,芋,igo,imo,substitution
以後,色,igo,iro,substitution
以後,磯,igo,iso,substitution
以後,糸,igo,ito,substitution
以後,異様,igo,iyo,substitution
異邦,異常,iho,ijo,substitution
異邦,以降,iho,iko,substitution
異邦,芋,iho,imo,substitution
異邦,色,iho,iro,substitution
異邦,磯,iho,iso,substitution
異邦,糸,iho,ito,substitution
異邦,異様,iho,iyo,substitution
異邦,笙,iho,sho,substitution
医院,輪,iin,rin,substitution
遺児,異常,iji,ijo,last_char_differs
遺児,移住,iji,iju,last_char_differs
遺児,息,iji,iki,substitution
遺児,意味,iji,imi,substitution
遺児,王子,iji,oji,substitution
遺児,氏,iji,uji,substitution
異常,移住,ijo,iju,last_char_differs
異常,以降,ijo,iko,substitution
異常,芋,ijo,imo,substitution
異常,色,ijo,iro,substitution
異常,磯,ijo,iso,substitution
異常,糸,ijo,ito,substitution
異常,異様,ijo,iyo,substitution
異常,王女,ijo,ojo,substitution
移住,行く,iju,iku,substitution
移住,忌む,iju,imu,substitution
移住,犬,iju,inu,substitution
移住,煎る,iju,iru,substitution
移住,椅子,iju,isu,substitution
烏賊,池,ika,ike,last_char_differs
烏賊,息,ika,iki,last_char_differs
烏賊,以降,ika,iko,last_char_differs
烏賊,行く,ika,iku,last_char_differs
烏賊,今,ika,ima,substitution
烏賊,否,ika,ina,substitution
烏賊,板,ika,ita,substitution
烏賊,岩,ika,iwa,substitution
烏賊,嫌,ika,iya,substitution
烏賊,丘,ika,oka,substitution
烏賊,羽化,ika,uka,substitution
池,息,ike,iki,last_char_differs
池,以降,ike,iko,last_char_differs
池,行く,ike,iku,last_char_differs
池,稲,ike,ine,substitution
池,桶,ike,oke,substitution
息,以降,iki,iko,last_char_differs
息,行く,iki,iku,last_char_differs
息,意味,iki,imi,substitution
息,沖,iki,oki,substitution
息,雨季,iki,uki,substitution
以降,行く,iko,iku,last_char_differs
以降,芋,iko,imo,substitution
以降,色,iko,iro,substitution
以降,磯,iko,iso,substitution
以降,糸,iko,ito,substitution
以降,異様,iko,iyo,substitution
行く,忌む,iku,imu,substitution
行く,犬,iku,inu,substitution
行く,煎る,iku,iru,substitution
行く,椅子,iku,isu,substitution
行く,奥,iku,oku,substitution
行く,浮く,iku,uku,substitution
今,意味,ima,imi,last_char_differs
今,芋,ima,imo,last_char_differs
今,忌む,ima,imu,last_char_differs
今,否,ima,ina,substitution
今,板,ima,ita,substitution
今,岩,ima,iwa,substitution
今,嫌,ima,iya,substitution
今,馬,ima,uma,substitution
意味,芋,imi,imo,last_char_differs
意味,忌む,imi,imu,last_char_differs
意味,海,imi,umi,substitution
芋,忌む,imo,imu,last_char_differs
芋,色,imo,iro,substitution
芋,磯,imo,iso,substitution
芋,糸,imo,ito,substitution
芋,異様,imo,iyo,substitution
芋,主,imo,omo,substitution
芋,羽毛,imo,umo,substitution
忌む,犬,imu,inu,substitution
忌む,煎る,imu,iru,substitution
忌む,椅子,imu,isu,substitution
忌む,鸚鵡,imu,omu,substitution
忌む,生む,imu,umu,substitution
否,稲,ina,ine,last_char_differs
否,犬,ina,inu,last_char_differs
否,板,ina,ita,substitution
否,岩,ina,iwa,substitution
否,嫌,ina,iya,substitution
稲,犬,ine,inu,last_char_differs
稲,尾根,ine,one,substitution
稲,畝,ine,une,substitution
犬,煎る,inu,iru,substitution
犬,椅子,inu,isu,substitution
色,煎る,iro,iru,last_char_differs
色,磯,iro,iso,substitution
色,糸,iro,ito,substitution
色,異様,iro,iyo,substitution
色,往路,iro,oro,substitution
煎る,椅子,iru,isu,substitution
煎る,居る,iru,oru,substitution
煎る,売る,iru,uru,substitution
磯,椅子,iso,isu,last_char_differs
磯,糸,iso,ito,substitution
磯,異様,iso,iyo,substitution
椅子,雄,isu,osu,substitution
椅子,通,isu,tsu,substitution
椅子,臼,isu,usu,substitution
板,糸,ita,ito,last_char_differs
板,岩,ita,iwa,substitution
板,嫌,ita,iya,substitution
板,歌,ita,uta,substitution
糸,異様,ito,iyo,substitution
糸,音,ito,oto,substitution
岩,嫌,iwa,iya,substitution
嫌,異様,iya,iyo,last_char_differs
嫌,親,iya,oya,substitution
異様,卿,iyo,kyo,substitution
異様,妙,iyo,myo,substitution
異様,応用,iyo,oyo,substitution
女医,常温,joi,jon,last_char_differs
女医,獣医,joi,jui,substitution
女医,鯉,joi,koi,substitution
女医,問,joi,toi,substitution
女医,宵,joi,yoi,substitution
女医,沿い,joi,zoi,substitution
常温,順,jon,jun,substitution
常温,紺,jon,kon,substitution
常温,門,jon,mon,substitution
常温,層雲,jon,son,substitution
常温,唐音,jon,ton,substitution
常温,拗音,jon,yon,substitution
獣医,順,jui,jun,last_char_differs
獣医,杭,jui,kui,substitution
獣医,無為,jui,mui,substitution
獣医,酸い,jui,sui,substitution
獣医,優位,jui,yui,substitution
貝,缶,kai,kan,last_char_differs
貝,顔,kai,kao,last_char_differs
貝,買う,kai,kau,last_char_differs
貝,罫,kai,kei,substitution
貝,奇異,kai,kii,substitution
貝,鯉,kai,koi,substitution
貝,杭,kai,kui,substitution
貝,舞,kai,mai,substitution
貝,亡い,kai,nai,substitution
貝,犀,kai,sai,substitution
貝,鯛,kai,tai,substitution
缶,顔,kan,kao,last_char_differs
缶,買う,kan,kau,last_char_differs
缶,剣,kan,ken,substitution
缶,紺,kan,kon,substitution
缶,蘭,kan,ran,substitution
缶,椀,kan,wan,substitution
顔,買う,kao,kau,last_char_differs
顔,卿,kao,kyo,substitution
顔,竿,kao,sao,substitution
買う,恋う,kau,kou,substitution
買う,食う,kau,kuu,substitution
買う,急,kau,kyu,substitution
買う,綯う,kau,nau,substitution
罫,剣,kei,ken,last_char_differs
罫,奇異,kei,kii,substitution
罫,鯉,kei,koi,substitution
罫,杭,kei,kui,substitution
罫,姪,kei,mei,substitution
罫,聖,kei,sei,substitution
剣,紺,ken,kon,substitution
剣,麺,ken,men,substitution
剣,応援,ken,oen,substitution
剣,線,ken,sen,substitution
剣,天,ken,ten,substitution
剣,膳,ken,zen,substitution
帰依,奇異,kie,kii,last_char_differs
帰依,肥,kie,koe,substitution
帰依,御家,kie,oie,substitution
奇異,鯉,kii,koi,substitution
奇異,杭,kii,kui,substitution
肥,鯉,koe,koi,last_char_differs
肥,紺,koe,kon,last_char_differs
肥,恋う,koe,kou,last_char_differs
鯉,紺,koi,kon,last_char_differs
鯉,恋う,koi,kou,last_char_differs
鯉,杭,koi,kui,substitution
鯉,問,koi,toi,substitution
鯉,宵,koi,yoi,substitution
鯉,沿い,koi,zoi,substitution
紺,恋う,kon,kou,last_char_differs
紺,門,kon,mon,substitution
紺,層雲,kon,son,substitution
紺,唐音,kon,ton,substitution
紺,拗音,kon,yon,substitution
恋う,食う,kou,kuu,substitution
恋う,急,kou,kyu,substitution
恋う,沿う,kou,sou,substitution
恋う,酔う,kou,you,substitution
杭,食う,kui,kuu,last_char_differs
杭,無為,kui,mui,substitution
杭,酸い,kui,sui,substitution
杭,優位,kui,yui,substitution
食う,急,kuu,kyu,substitution
食う,縫う,kuu,nuu,substitution
食う,吸う,kuu,suu,substitution
食う,結う,kuu,yuu,substitution
卿,急,kyo,kyu,last_char_differs
卿,妙,kyo,myo,substitution
卿,応用,kyo,oyo,substitution
急,竜,kyu,ryu,substitution
前,舞,mae,mai,last_char_differs
前,苗,mae,nae,substitution
前,八重,mae,yae,substitution
舞,姪,mai,mei,substitution
舞,無為,mai,mui,substitution
舞,亡い,mai,nai,substitution
舞,犀,mai,sai,substitution
舞,鯛,mai,tai,substitution
姪,麺,mei,men,last_char_differs
姪,無為,mei,mui,substitution
姪,聖,mei,sei,substitution
麺,門,men,mon,substitution
麺,応援,men,oen,substitution
麺,線,men,sen,substitution
麺,天,men,ten,substitution
麺,膳,men,zen,substitution
門,層雲,mon,son,substitution
門,唐音,mon,ton,substitution
門,拗音,mon,yon,substitution
無為,酸い,mui,sui,substitution
無為,優位,mui,yui,substitution
妙,応用,myo,oyo,substitution
苗,亡い,nae,nai,last_char_differs
苗,綯う,nae,nau,last_char_differs
苗,八重,nae,yae,substitution
亡い,綯う,nai,nau,last_char_differs
亡い,犀,nai,sai,substitution
亡い,鯛,nai,tai,substitution
綯う,縫う,nau,nuu,substitution
縫う,吸う,nuu,suu,substitution
縫う,結う,nuu,yuu,substitution
伯母,帯,oba,obi,last_char_differs
伯母,応募,oba,obo,last_char_differs
伯母,王者,oba,oja,substitution
伯母,丘,oba,oka,substitution
伯母,おら,oba,ora,substitution
伯母,親,oba,oya,substitution
伯母,王座,oba,oza,substitution
伯母,乳母,oba,uba,substitution
帯,応募,obi,obo,last_char_differs
帯,扇,obi,ogi,substitution
帯,王妃,obi,ohi,substitution
帯,王子,obi,oji,substitution
帯,沖,obi,oki,substitution
帯,鬼,obi,oni,substitution
帯,檻,obi,ori,substitution
応募,黄土,obo,odo,substitution
応募,王女,obo,ojo,substitution
応募,主,obo,omo,substitution
応募,斧,obo,ono,substitution
応募,往路,obo,oro,substitution
応募,音,obo,oto,substitution
応募,応用,obo,oyo,substitution
黄土,王女,odo,ojo,substitution
黄土,主,odo,omo,substitution
黄土,斧,odo,ono,substitution
黄土,往路,odo,oro,substitution
黄土,音,odo,oto,substitution
黄土,応用,odo,oyo,substitution
黄土,うど,odo,udo,substitution
応援,線,oen,sen,substitution
応援,天,oen,ten,substitution
応援,膳,oen,zen,substitution
扇,王妃,ogi,ohi,substitution
扇,王子,ogi,oji,substitution
扇,沖,ogi,oki,substitution
扇,鬼,ogi,oni,substitution
扇,檻,ogi,ori,substitution
王妃,王子,ohi,oji,substitution
王妃,沖,ohi,oki,substitution
王妃,鬼,ohi,oni,substitution
王妃,檻,ohi,ori,substitution
王妃,市,ohi,shi,substitution
御家,桶,oie,oke,substitution
御家,尾根,oie,one,substitution
御家,俺,oie,ore,substitution
御家,仰せ,oie,ose,substitution
御家,大手,oie,ote,substitution
王者,王子,oja,oji,last_char_differs
王者,王女,oja,ojo,last_char_differs
王者,丘,oja,oka,substitution
王者,おら,oja,ora,substitution
王者,親,oja,oya,substitution
王者,王座,oja,oza,substitution
王子,王女,oji,ojo,last_char_differs
王子,沖,oji,oki,substitution
王子,鬼,oji,oni,substitution
王子,檻,oji,ori,substitution
王子,氏,oji,uji,substitution
王女,主,ojo,omo,substitution
王女,斧,ojo,ono,substitution
王女,往路,ojo,oro,substitution
王女,音,ojo,oto,substitution
王女,応用,ojo,oyo,substitution
丘,桶,oka,oke,last_char_differs
丘,沖,oka,oki,last_char_differs
丘,奥,oka,oku,last_char_differs
丘,おら,oka,ora,substitution
丘,親,oka,oya,substitution
丘,王座,oka,oza,substitution
丘,羽化,oka,uka,substitution
桶,沖,oke,oki,last_char_differs
桶,奥,oke,oku,last_char_differs
桶,尾根,oke,one,substitution
桶,俺,oke,ore,substitution
桶,仰せ,oke,ose,substitution
桶,大手,oke,ote,substitution
沖,奥,oki,oku,last_char_differs
沖,鬼,oki,oni,substitution
沖,檻,oki,ori,substitution
沖,雨季,oki,uki,substitution
奥,鸚鵡,oku,omu,substitution
奥,居る,oku,oru,substitution
奥,雄,oku,osu,substitution
奥,浮く,oku,uku,substitution
主,鸚鵡,omo,omu,last_char_differs
主,斧,omo,ono,substitution
主,往路,omo,oro,substitution
主,音,omo,oto,substitution
主,応用,omo,oyo,substitution
主,羽毛,omo,umo,substitution
鸚鵡,居る,omu,oru,substitution
鸚鵡,雄,omu,osu,substitution
鸚鵡,生む,omu,umu,substitution
尾根,鬼,one,oni,last_char_differs
尾根,斧,one,ono,last_char_differs
尾根,俺,one,ore,substitution
尾根,仰せ,one,ose,substitution
尾根,大手,one,ote,substitution
尾根,畝,one,une,substitution
鬼,斧,oni,ono,last_char_differs
鬼,檻,oni,ori,substitution
鬼,雲丹,oni,uni,substitution
斧,往路,ono,oro,substitution
斧,音,ono,oto,substitution
斧,応用,ono,oyo,substitution
おら,俺,ora,ore,last_char_differs
おら,檻,ora,ori,last_char_differs
おら,往路,ora,oro,last_char_differs
おら,居る,ora,oru,last_char_differs
おら,親,ora,oya,substitution
おら,王座,ora,oza,substitution
おら,浦,ora,ura,substitution
俺,檻,ore,ori,last_char_differs
俺,往路,ore,oro,last_char_differs
俺,居る,ore,oru,last_char_differs
俺,仰せ,ore,ose,substitution
俺,大手,ore,ote,substitution
檻,往路,ori,oro,last_char_differs
檻,居る,ori,oru,last_char_differs
檻,瓜,ori,uri,substitution
往路,居る,oro,oru,last_char_differs
往路,音,oro,oto,substitution
往路,応用,oro,oyo,substitution
居る,雄,oru,osu,substitution
居る,売る,oru,uru,substitution
仰せ,雄,ose,osu,last_char_differs
仰せ,大手,ose,ote,substitution
雄,通,osu,tsu,substitution
雄,臼,osu,usu,substitution
大手,音,ote,oto,last_char_differs
音,応用,oto,oyo,substitution
親,応用,oya,oyo,last_char_differs
親,王座,oya,oza,substitution
蘭,輪,ran,rin,substitution
蘭,椀,ran,wan,substitution
犀,竿,sai,sao,last_char_differs
犀,聖,sai,sei,substitution
犀,市,sai,shi,substitution
犀,酸い,sai,sui,substitution
犀,鯛,sai,tai,substitution
竿,笙,sao,sho,substitution
聖,線,sei,sen,last_char_differs
聖,市,sei,shi,substitution
聖,酸い,sei,sui,substitution
線,層雲,sen,son,substitution
線,天,sen,ten,substitution
線,膳,sen,zen,substitution
市,笙,shi,sho,last_char_differs
市,週,shi,shu,last_char_differs
市,酸い,shi,sui,substitution
笙,週,sho,shu,last_char_differs
週,沿う,shu,sou,substitution
週,吸う,shu,suu,substitution
層雲,沿う,son,sou,last_char_differs
層雲,唐音,son,ton,substitution
層雲,拗音,son,yon,substitution
沿う,吸う,sou,suu,substitution
沿う,酔う,sou,you,substitution
末,酸い,sue,sui,last_char_differs
末,吸う,sue,suu,last_char_differs
末,故,sue,yue,substitution
酸い,吸う,sui,suu,last_char_differs
酸い,優位,sui,yui,substitution
吸う,結う,suu,yuu,substitution
鯛,問,tai,toi,substitution
天,唐音,ten,ton,substitution
天,膳,ten,zen,substitution
問,唐音,toi,ton,last_char_differs
問,宵,toi,yoi,substitution
問,沿い,toi,zoi,substitution
唐音,拗音,ton,yon,substitution
通,臼,tsu,usu,substitution
乳母,うぶ,uba,ubu,last_char_differs
乳母,右派,uba,uha,substitution
乳母,羽化,uba,uka,substitution
乳母,馬,uba,uma,substitution
乳母,浦,uba,ura,substitution
乳母,歌,uba,uta,substitution
うぶ,浮く,ubu,uku,substitution
うぶ,生む,ubu,umu,substitution
うぶ,売る,ubu,uru,substitution
うぶ,臼,ubu,usu,substitution
うぶ,渦,ubu,uzu,substitution
腕,うど,ude,udo,last_char_differs
腕,梅,ude,ume,substitution
腕,畝,ude,une,substitution
うど,羽毛,udo,umo,substitution
右派,羽化,uha,uka,substitution
右派,馬,uha,uma,substitution
右派,浦,uha,ura,substitution
右派,歌,uha,uta,substitution
氏,雨季,uji,uki,substitution
氏,海,uji,umi,substitution
氏,雲丹,uji,uni,substitution
氏,瓜,uji,uri,substitution
羽化,雨季,uka,uki,last_char_differs
羽化,浮く,uka,uku,last_char_differs
羽化,馬,uka,uma,substitution
羽化,浦,uka,ura,substitution
羽化,歌,uka,uta,substitution
雨季,浮く,uki,uku,last_char_differs
雨季,海,uki,umi,substitution
雨季,雲丹,uki,uni,substitution
雨季,瓜,uki,uri,substitution
浮く,生む,uku,umu,substitution
浮く,売る,uku,uru,substitution
浮く,臼,uku,usu,substitution
浮く,渦,uku,uzu,substitution
馬,梅,uma,ume,last_char_differs
馬,海,uma,umi,last_char_differs
馬,羽毛,uma,umo,last_char_differs
馬,生む,uma,umu,last_char_differs
馬,浦,uma,ura,substitution
馬,歌,uma,uta,substitution
梅,海,ume,umi,last_char_differs
梅,羽毛,ume,umo,last_char_differs
梅,生む,ume,umu,last_char_differs
梅,畝,ume,une,substitution
海,羽毛,umi,umo,last_char_differs
海,生む,umi,umu,last_char_differs
海,雲丹,umi,uni,substitution
海,瓜,umi,uri,substitution
羽毛,生む,umo,umu,last_char_differs
生む,売る,umu,uru,substitution
生む,臼,umu,usu,substitution
生む,渦,umu,uzu,substitution
畝,雲丹,une,uni,last_char_differs
雲丹,瓜,uni,uri,substitution
浦,瓜,ura,uri,last_char_differs
浦,売る,ura,uru,last_char_differs
浦,歌,ura,uta,substitution
瓜,売る,uri,uru,last_char_differs
売る,臼,uru,usu,substitution
売る,渦,uru,uzu,substitution
臼,渦,usu,uzu,substitution
八重,故,yae,yue,substitution
宵,拗音,yoi,yon,last_char_differs
宵,酔う,yoi,you,last_char_differs
宵,優位,yoi,yui,substitution
宵,沿い,yoi,zoi,substitution
拗音,酔う,yon,you,last_char_differs
酔う,結う,you,yuu,substitution
故,優位,yue,yui,last_char_differs
故,結う,yue,yuu,last_char_differs
優位,結う,yui,yuu,last_char_differs
虻,波布,abu,habu,insertion
虻,蕪,abu,kabu,insertion
虻,藪,abu,yabu,insertion
喘ぐ,和える,aegu,aeru,substitution
喘ぐ,仰ぐ,aegu,aogu,substitution
亜鉛,楕円,aen,daen,insertion
和える,煽る,aeru,aoru,substitution
和える,有る,aeru,aru,insertion
和える,出る,aeru,deru,substitution
和える,選る,aeru,eru,insertion
和える,減る,aeru,heru,substitution
和える,癒える,aeru,ieru,substitution
和える,蹴る,aeru,keru,substitution
和える,練る,aeru,neru,substitution
和える,終える,aeru,oeru,substitution
和える,競る,aeru,seru,substitution
和える,照る,aeru,teru,substitution
和える,植える,aeru,ueru,substitution
顎,籠,ago,kago,insertion
顎,孫,ago,mago,insertion
顎,やご,ago,yago,insertion
相棒,愛情,aibo,aijo,substitution
相棒,愛好,aibo,aiko,substitution
相棒,愛蔵,aibo,aizo,substitution
相棒,義母,aibo,gibo,substitution
相棒,異母,aibo,ibo,insertion
相棒,慈母,aibo,jibo,substitution
相棒,希望,aibo,kibo,substitution
間,合間,aida,aima,substitution
間,安打,aida,anda,substitution
間,犠打,aida,gida,substitution
間,襞,aida,hida,substitution
愛飲,議員,aiin,giin,substitution
愛飲,医院,aiin,iin,insertion
愛飲,寺院,aiin,jiin,substitution
愛飲,棋院,aiin,kiin,substitution
愛児,愛情,aiji,aijo,last_char_differs
愛児,鰺,aiji,aji,insertion
愛児,肘,aiji,hiji,substitution
愛児,遺児,aiji,iji,insertion
愛児,雉,aiji,kiji,substitution
愛児,虹,aiji,niji,substitution
愛児,理事,aiji,riji,substitution
愛情,愛好,aijo,aiko,substitution
愛情,愛蔵,aijo,aizo,substitution
愛情,美女,aijo,bijo,substitution
愛情,議場,aijo,gijo,substitution
愛情,非常,aijo,hijo,substitution
愛情,異常,aijo,ijo,insertion
愛情,侍女,aijo,jijo,substitution
愛情,机上,aijo,kijo,substitution
愛好,愛蔵,aiko,aizo,substitution
愛好,餡子,aiko,anko,substitution
愛好,技巧,aiko,giko,substitution
愛好,以降,aiko,iko,insertion
愛好,自校,aiko,jiko,substitution
愛好,気孔,aiko,kiko,substitution
愛好,巫女,aiko,miko,substitution
愛好,理工,aiko,riko,substitution
合間,尼,aima,ama,insertion
合間,暇,aima,hima,substitution
合間,今,aima,ima,insertion
愛蔵,合図,aizo,aizu,last_char_differs
愛蔵,映像,aizo,eizo,substitution
愛蔵,地蔵,aizo,jizo,substitution
愛蔵,溝,aizo,mizo,substitution
合図,杏,aizu,anzu,substitution
合図,水,aizu,mizu,substitution
鰺,恥,aji,haji,insertion
鰺,舵,aji,kaji,insertion
鰺,大味,aji,oaji,insertion
鰺,匙,aji,saji,insertion
鰺,野次,aji,yaji,insertion
赤,赤い,aka,akai,insertion
赤,安価,aka,anka,insertion
赤,画家,aka,gaka,insertion
赤,中,aka,naka,insertion
赤,坂,aka,saka,insertion
赤,鷹,aka,taka,insertion
赤,和歌,aka,waka,insertion
赤い,秋,akai,aki,insertion
赤い,甘い,akai,amai,substitution
赤い,粗い,akai,arai,substitution
赤い,浅い,akai,asai,substitution
赤い,淡い,akai,awai,substitution
赤い,貝,akai,kai,insertion
赤い,鵜飼い,akai,ukai,substitution
秋,暗鬼,aki,anki,insertion
秋,餓鬼,aki,gaki,insertion
秋,柿,aki,kaki,insertion
秋,薪,aki,maki,insertion
秋,先,aki,saki,insertion
秋,滝,aki,taki,insertion
秋,脇,aki,waki,insertion
灰汁,抱く,aku,daku,insertion
灰汁,萼,aku,gaku,insertion
灰汁,箔,aku,haku,insertion
灰汁,閣,aku,kaku,insertion
灰汁,幕,aku,maku,insertion
灰汁,泣く,aku,naku,insertion
灰汁,楽,aku,raku,insertion
灰汁,柵,aku,saku,insertion
灰汁,宅,aku,taku,insertion
灰汁,枠,aku,waku,insertion
灰汁,葯,aku,yaku,insertion
尼,甘い,ama,amai,insertion
尼,蒲,ama,gama,insertion
尼,浜,ama,hama,insertion
尼,邪魔,ama,jama,insertion
尼,窯,ama,kama,insertion
尼,生,ama,nama,insertion
尼,様,ama,sama,insertion
尼,弾,ama,tama,insertion
尼,山,ama,yama,insertion
尼,ざま,ama,zama,insertion
甘い,網,amai,ami,insertion
甘い,粗い,amai,arai,substitution
甘い,浅い,amai,asai,substitution
甘い,淡い,amai,awai,substitution
甘い,舞,amai,mai,insertion
甘い,旨い,amai,umai,substitution
飴,駄目,ame,dame,insertion
飴,羽目,ame,hame,insertion
飴,亀,ame,kame,insertion
飴,豆,ame,mame,insertion
飴,大雨,ame,oame,insertion
飴,鮫,ame,same,insertion
網,神,ami,kami,insertion
網,波,ami,nami,insertion
網,民,ami,tami,insertion
網,闇,ami,yami,insertion
編む,食む,amu,hamu,insertion
編む,噛む,amu,kamu,insertion
編む,止む,amu,yamu,insertion
穴,鞍馬,ana,anba,insertion
穴,安打,ana,anda,insertion
穴,安価,ana,anka,insertion
穴,青菜,ana,aona,insertion
穴,花,ana,hana,insertion
穴,棚,ana,tana,insertion
穴,罠,ana,wana,insertion
鞍馬,安打,anba,anda,substitution
鞍馬,安価,anba,anka,substitution
鞍馬,青葉,anba,aoba,substitution
安打,安価,anda,anka,substitution
姉,羽根,ane,hane,insertion
姉,鐘,ane,kane,insertion
姉,種,ane,tane,insertion
姉,屋根,ane,yane,insertion
兄,暗鬼,ani,anki,insertion
兄,壁蝨,ani,dani,insertion
兄,範囲,ani,hani,insertion
兄,蟹,ani,kani,insertion
兄,何,ani,nani,insertion
兄,谷,ani,tani,insertion
兄,鰐,ani,wani,insertion
兄,やに,ani,yani,insertion
安住,杏,anju,anzu,substitution
安価,暗鬼,anka,anki,last_char_differs
安価,餡子,anka,anko,last_char_differs
安価,演歌,anka,enka,substitution
暗鬼,餡子,anki,anko,last_char_differs
暗鬼,塩基,anki,enki,substitution
暗鬼,陰気,anki,inki,substitution
餡子,鸚哥,anko,inko,substitution
餡子,温厚,anko,onko,substitution
餡子,うんこ,anko,unko,substitution
青葉,青菜,aoba,aona,substitution
青葉,青田,aoba,aota,substitution
青葉,乗馬,aoba,joba,substitution
青葉,伯母,aoba,oba,insertion
青葉,驢馬,aoba,roba,substitution
青葉,蕎麦,aoba,soba,substitution
仰ぐ,煽る,aogu,aoru,substitution
仰ぐ,道具,aogu,dogu,substitution
仰ぐ,工具,aogu,kogu,substitution
仰ぐ,もぐ,aogu,mogu,substitution
仰ぐ,農具,aogu,nogu,substitution
仰ぐ,装具,aogu,sogu,substitution
仰ぐ,研ぐ,aogu,togu,substitution
仰ぐ,用具,aogu,yogu,substitution
葵,後追い,aoi,atoi,insertion
青菜,青田,aona,aota,substitution
青菜,粉,aona,kona,substitution
煽る,有る,aoru,aru,insertion
煽る,ぼる,aoru,boru,substitution
煽る,ほうる,aoru,horu,substitution
煽る,凍る,aoru,koru,substitution
煽る,漏る,aoru,moru,substitution
煽る,乗る,aoru,noru,substitution
煽る,居る,aoru,oru,insertion
煽る,剃る,aoru,soru,substitution
煽る,通る,aoru,toru,substitution
煽る,夜,aoru,yoru,substitution
青田,小唄,aota,kota,substitution
粗,粗い,ara,arai,insertion
粗,洗う,ara,arau,insertion
粗,薔薇,ara,bara,insertion
粗,柄,ara,gara,insertion
粗,原,ara,hara,insertion
粗,殻,ara,kara,insertion
粗,楢,ara,nara,insertion
粗,皿,ara,sara,insertion
粗,鱈,ara,tara,insertion
粗,藁,ara,wara,insertion
粗,ざら,ara,zara,insertion
粗い,洗う,arai,arau,last_char_differs
粗い,蟻,arai,ari,insertion
粗い,浅い,arai,asai,substitution
粗い,淡い,arai,awai,substitution
粗い,偉い,arai,erai,substitution
粗い,以来,arai,irai,substitution
洗う,有る,arau,aru,insertion
蟻,針,ari,hari,insertion
蟻,砂利,ari,jari,insertion
蟻,仮,ari,kari,insertion
蟻,鞠,ari,mari,insertion
蟻,なり,ari,nari,insertion
蟻,割,ari,wari,insertion
蟻,槍,ari,yari,insertion
有る,春,aru,haru,insertion
有る,刈る,aru,karu,insertion
有る,丸,aru,maru,insertion
有る,成る,aru,naru,insertion
有る,猿,aru,saru,insertion
有る,樽,aru,taru,insertion
有る,やる,aru,yaru,insertion
有る,笊,aru,zaru,insertion
麻,浅い,asa,asai,insertion
麻,傘,asa,kasa,insertion
麻,笹,asa,sasa,insertion
浅い,芦,asai,ashi,substitution
浅い,淡い,asai,awai,substitution
浅い,犀,asai,sai,insertion
汗,早稲,ase,wase,insertion
芦,絵師,ashi,eshi,substitution
芦,石,ashi,ishi,substitution
芦,牡牛,ashi,oshi,substitution
芦,市,ashi,shi,insertion
芦,牛,ashi,ushi,substitution
明日,出す,asu,dasu,insertion
明日,蓮,asu,hasu,insertion
明日,かす,asu,kasu,insertion
明日,鱒,asu,masu,insertion
明日,茄子,asu,nasu,insertion
明日,砂州,asu,sasu,insertion
明日,足す,asu,tasu,insertion
後,後追い,ato,atoi,insertion
後,妥当,ato,dato,insertion
後,鳩,ato,hato,insertion
後,下等,ato,kato,insertion
後,的,ato,mato,insertion
後,里,ato,sato,insertion
後,多投,ato,tato,insertion
後,野党,ato,yato,insertion
後追い,問,atoi,toi,insertion
後追い,疎い,atoi,utoi,substitution
泡,淡い,awa,awai,insertion
泡,側,awa,gawa,insertion
泡,川,awa,kawa,insertion
泡,縄,awa,nawa,insertion
泡,沢,awa,sawa,insertion
泡,やわ,awa,yawa,insertion
鮎,粥,ayu,kayu,insertion
鮎,繭,ayu,mayu,insertion
鮎,さ湯,ayu,sayu,insertion
鮎,座右,ayu,zayu,insertion
痣,技,aza,waza,insertion
畦,沙魚,aze,haze,insertion
畦,風,aze,kaze,insertion
馬場,薔薇,baba,bara,substitution
馬場,幅,baba,haba,substitution
馬場,河馬,baba,kaba,substitution
馬場,鯖,baba,saba,substitution
馬場,束,baba,taba,substitution
馬具,武具,bagu,bugu,substitution
馬具,剥ぐ,bagu,hagu,substitution
馬具,家具,bagu,kagu,substitution
馬具,凪ぐ,bagu,nagu,substitution
馬具,夜具,bagu,yagu,substitution
馬上,美女,bajo,bijo,substitution
馬上,棒状,bajo,bojo,substitution
馬上,牙城,bajo,gajo,substitution
馬上,加除,bajo,kajo,substitution
馬上,魔女,bajo,majo,substitution
馬上,砂上,bajo,sajo,substitution
薔薇,遍羅,bara,bera,substitution
薔薇,柄,bara,gara,substitution
薔薇,原,bara,hara,substitution
薔薇,殻,bara,kara,substitution
薔薇,楢,bara,nara,substitution
薔薇,皿,bara,sara,substitution
薔薇,鱈,bara,tara,substitution
薔薇,藁,bara,wara,substitution
薔薇,ざら,bara,zara,substitution
紅,繊維,beni,seni,substitution
紅,銭,beni,zeni,substitution
遍羅,べろ,bera,bero,last_char_differs
遍羅,えら,bera,era,insertion
遍羅,篦,bera,hera,substitution
遍羅,寺,bera,tera,substitution
べろ,べそ,bero,beso,substitution
べそ,臍,beso,heso,substitution
べそ,手相,beso,teso,substitution
美女,美容,bijo,biyo,substitution
美女,棒状,bijo,bojo,substitution
美女,議場,bijo,gijo,substitution
美女,非常,bijo,hijo,substitution
美女,異常,bijo,ijo,insertion
美女,侍女,bijo,jijo,substitution
美女,机上,bijo,kijo,substitution
美味,びり,bimi,biri,substitution
美味,意味,bimi,imi,insertion
美味,地味,bimi,jimi,substitution
美味,黄身,bimi,kimi,substitution
美味,耳,bimi,mimi,substitution
瓶,鼻音,bin,bion,insertion
瓶,母音,bin,boin,insertion
瓶,部員,bin,buin,insertion
鼻音,盆,bion,bon,insertion
鼻音,擬音,bion,gion,substitution
鼻音,字音,bion,jion,substitution
びり,鰤,biri,buri,substitution
びり,鋭利,biri,eiri,substitution
びり,桐,biri,kiri,substitution
びり,大入り,biri,oiri,substitution
びわ,英和,biwa,eiwa,substitution
びわ,岩,biwa,iwa,insertion
びわ,庭,biwa,niwa,substitution
美容,蚋,biyo,buyo,substitution
美容,廟,biyo,byo,insertion
美容,栄養,biyo,eiyo,substitution
美容,費用,biyo,hiyo,substitution
美容,異様,biyo,iyo,insertion
美容,紀要,biyo,kiyo,substitution
美容,御代,biyo,miyo,substitution
美容,利用,biyo,riyo,substitution
母堂,棒状,bodo,bojo,substitution
母堂,母校,bodo,boko,substitution
母堂,葡萄,bodo,budo,substitution
母堂,合同,bodo,godo,substitution
母堂,歩道,bodo,hodo,substitution
母堂,浄土,bodo,jodo,substitution
母堂,公道,bodo,kodo,substitution
母堂,喉,bodo,nodo,substitution
母堂,黄土,bodo,odo,insertion
母堂,騒動,bodo,sodo,substitution
母堂,海馬,bodo,todo,substitution
母堂,淀,bodo,yodo,substitution
亡夫,僕,bofu,boku,substitution
亡夫,ぼる,bofu,boru,substitution
亡夫,坊主,bofu,bozu,substitution
亡夫,護符,bofu,gofu,substitution
亡夫,保父,bofu,hofu,substitution
亡夫,校風,bofu,kofu,substitution
亡夫,毛布,bofu,mofu,substitution
亡夫,農夫,bofu,nofu,substitution
亡夫,老婦,bofu,rofu,substitution
亡夫,祖父,bofu,sofu,substitution
亡夫,豆腐,bofu,tofu,substitution
亡夫,養父,bofu,yofu,substitution
母音,盆,boin,bon,insertion
母音,部員,boin,buin,substitution
母音,強引,boin,goin,substitution
母音,上院,boin,join,substitution
母音,公印,boin,koin,substitution
母音,党員,boin,toin,substitution
母音,要員,boin,yoin,substitution
棒状,母校,bojo,boko,substitution
棒状,土壌,bojo,dojo,substitution
棒状,強情,bojo,gojo,substitution
棒状,方丈,bojo,hojo,substitution
棒状,乗除,bojo,jojo,substitution
棒状,工場,bojo,kojo,substitution
棒状,農場,bojo,nojo,substitution
棒状,王女,bojo,ojo,insertion
棒状,老女,bojo,rojo,substitution
棒状,僧正,bojo,sojo,substitution
棒状,途上,bojo,tojo,substitution
棒状,幼女,bojo,yojo,substitution
防火,母校,boka,boko,last_char_differs
防火,僕,boka,boku,last_char_differs
防火,坊や,boka,boya,substitution
防火,部下,boka,buka,substitution
防火,銅貨,boka,doka,substitution
防火,豪華,boka,goka,substitution
防火,砲火,boka,hoka,substitution
防火,硬貨,boka,koka,substitution
防火,猛火,boka,moka,substitution
防火,農家,boka,noka,substitution
防火,丘,boka,oka,insertion
防火,廊下,boka,roka,substitution
防火,灯火,boka,toka,substitution
防火,余暇,boka,yoka,substitution
防火,造花,boka,zoka,substitution
母校,僕,boko,boku,last_char_differs
母校,瞳孔,boko,doko,substitution
母校,芳香,boko,hoko,substitution
母校,上皇,boko,joko,substitution
母校,口腔,boko,koko,substitution
母校,猛虎,boko,moko,substitution
母校,農高,boko,noko,substitution
母校,倉庫,boko,soko,substitution
母校,刀工,boko,toko,substitution
母校,横,boko,yoko,substitution
僕,ぼる,boku,boru,substitution
僕,坊主,boku,bozu,substitution
僕,どく,boku,doku,substitution
僕,上空,boku,joku,substitution
僕,高空,boku,koku,substitution
僕,のく,boku,noku,substitution
僕,奥,boku,oku,insertion
僕,禄,boku,roku,substitution
僕,遠く,boku,toku,substitution
僕,欲,boku,yoku,substitution
僕,賊,boku,zoku,substitution
盆,御盆,bon,obon,insertion
ぼる,坊主,boru,bozu,substitution
ぼる,ほうる,boru,horu,substitution
ぼる,凍る,boru,koru,substitution
ぼる,漏る,boru,moru,substitution
ぼる,乗る,boru,noru,substitution
ぼる,居る,boru,oru,insertion
ぼる,剃る,boru,soru,substitution
ぼる,通る,boru,toru,substitution
ぼる,夜,boru,yoru,substitution
坊や,除夜,boya,joya,substitution
坊や,荒野,boya,koya,substitution
坊や,もや,boya,moya,substitution
坊や,親,boya,oya,insertion
坊や,牢屋,boya,roya,substitution
坊や,粗野,boya,soya,substitution
坊や,当夜,boya,toya,substitution
坊主,上手,bozu,jozu,substitution
坊主,百舌,bozu,mozu,substitution
葡萄,舞踏,budo,buto,substitution
葡萄,蚋,budo,buyo,substitution
葡萄,不同,budo,fudo,substitution
葡萄,柔道,budo,judo,substitution
葡萄,うど,budo,udo,insertion
葡萄,誘導,budo,yudo,substitution
武具,河豚,bugu,fugu,substitution
武具,脱ぐ,bugu,nugu,substitution
武具,遊具,bugu,yugu,substitution
部位,部員,bui,buin,insertion
部位,無事,bui,buji,insertion
部位,武器,bui,buki,insertion
部位,鰤,bui,buri,insertion
部員,封印,buin,fuin,substitution
無事,武器,buji,buki,substitution
無事,鰤,buji,buri,substitution
無事,藤,buji,fuji,substitution
無事,宮司,buji,guji,substitution
無事,住持,buji,juji,substitution
無事,くじ,buji,kuji,substitution
無事,無地,buji,muji,substitution
無事,筋,buji,suji,substitution
無事,氏,buji,uji,insertion
部下,武器,buka,buki,last_char_differs
部下,山毛欅,buka,buna,substitution
部下,豚,buka,buta,substitution
部下,鱶,buka,fuka,substitution
部下,糠,buka,nuka,substitution
部下,羽化,buka,uka,insertion
部下,床,buka,yuka,substitution
武器,鰤,buki,buri,substitution
武器,蕗,buki,fuki,substitution
武器,重機,buki,juki,substitution
武器,空気,buki,kuki,substitution
武器,無期,buki,muki,substitution
武器,鋤,buki,suki,substitution
武器,雨季,buki,uki,insertion
武器,雪,buki,yuki,substitution
山毛欅,豚,buna,buta,substitution
山毛欅,ふな,buna,funa,substitution
山毛欅,砂,buna,suna,substitution
鰤,不利,buri,furi,substitution
鰤,栗,buri,kuri,substitution
鰤,無理,buri,muri,substitution
鰤,瑠璃,buri,ruri,substitution
鰤,すり,buri,suri,substitution
鰤,瓜,buri,uri,insertion
鰤,百合,buri,yuri,substitution
豚,舞踏,buta,buto,last_char_differs
豚,蓋,buta,futa,substitution
豚,歌,buta,uta,insertion
舞踏,蚋,buto,buyo,substitution
舞踏,封筒,buto,futo,substitution
舞踏,無糖,buto,muto,substitution
舞踏,友党,buto,yuto,substitution
蚋,廟,buyo,byo,insertion
蚋,芙蓉,buyo,fuyo,substitution
蚋,重要,buyo,juyo,substitution
蚋,供養,buyo,kuyo,substitution
蚋,無用,buyo,muyo,substitution
蚋,有用,buyo,yuyo,substitution
知恵,亭,chie,chin,last_char_differs
亭,長音,chin,chon,substitution
亭,遺品,chin,ihin,substitution
亭,芯,chin,shin,substitution
蝶,弔慰,cho,choi,insertion
蝶,長音,cho,chon,insertion
蝶,中央,cho,chuo,insertion
蝶,銀杏,cho,icho,insertion
蝶,王朝,cho,ocho,insertion
弔慰,長音,choi,chon,last_char_differs
弔慰,中尉,choi,chui,substitution
弔慰,法衣,choi,hoi,insertion
弔慰,少尉,choi,shoi,substitution
長音,絵本,chon,ehon,substitution
長音,本,chon,hon,insertion
中尉,中央,chui,chuo,last_char_differs
中尉,周囲,chui,shui,substitution
中央,週央,chuo,shuo,substitution
楕円,段,daen,dan,insertion
打法,大王,daho,daio,substitution
打法,妥当,daho,dato,substitution
打法,同胞,daho,doho,substitution
打法,画報,daho,gaho,substitution
打法,家宝,daho,kaho,substitution
打法,魔法,daho,maho,substitution
打法,作法,daho,saho,substitution
打法,野砲,daho,yaho,substitution
台,大王,dai,daio,insertion
台,壁蝨,dai,dani,insertion
台,度合い,dai,doai,insertion
台,医大,dai,idai,insertion
大王,妥当,daio,dato,substitution
大王,最奥,daio,saio,substitution
大王,対応,daio,taio,substitution
抱く,出す,daku,dasu,substitution
抱く,どく,daku,doku,substitution
抱く,萼,daku,gaku,substitution
抱く,箔,daku,haku,substitution
抱く,閣,daku,kaku,substitution
抱く,幕,daku,maku,substitution
抱く,泣く,daku,naku,substitution
抱く,楽,daku,raku,substitution
抱く,柵,daku,saku,substitution
抱く,宅,daku,taku,substitution
抱く,枠,daku,waku,substitution
抱く,葯,daku,yaku,substitution
駄目,誰,dame,dare,substitution
駄目,伊達,dame,date,substitution
駄目,羽目,dame,hame,substitution
駄目,亀,dame,kame,substitution
駄目,豆,dame,mame,substitution
駄目,大雨,dame,oame,substitution
駄目,鮫,dame,same,substitution
段,壁蝨,dan,dani,insertion
段,横断,dan,odan,insertion
壁蝨,範囲,dani,hani,substitution
壁蝨,蟹,dani,kani,substitution
壁蝨,何,dani,nani,substitution
壁蝨,谷,dani,tani,substitution
壁蝨,鰐,dani,wani,substitution
壁蝨,やに,dani,yani,substitution
誰,伊達,dare,date,substitution
誰,彼,dare,kare,substitution
誰,稀,dare,mare,substitution
誰,大荒れ,dare,oare,substitution
誰,たれ,dare,tare,substitution
誰,我,dare,ware,substitution
出す,蓮,dasu,hasu,substitution
出す,かす,dasu,kasu,substitution
出す,鱒,dasu,masu,substitution
出す,茄子,dasu,nasu,substitution
出す,砂州,dasu,sasu,substitution
出す,足す,dasu,tasu,substitution
伊達,妥当,date,dato,last_char_differs
伊達,土手,date,dote,substitution
伊達,糧,date,kate,substitution
伊達,盾,date,tate,substitution
伊達,わて,date,wate,substitution
妥当,同等,dato,doto,substitution
妥当,鳩,dato,hato,substitution
妥当,下等,dato,kato,substitution
妥当,的,dato,mato,substitution
妥当,里,dato,sato,substitution
妥当,多投,dato,tato,substitution
妥当,野党,dato,yato,substitution
出刃,でか,deba,deka,substitution
出刃,手羽,deba,teba,substitution
でか,銅貨,deka,doka,substitution
出る,選る,deru,eru,insertion
出る,減る,deru,heru,substitution
出る,癒える,deru,ieru,substitution
出る,蹴る,deru,keru,substitution
出る,練る,deru,neru,substitution
出る,終える,deru,oeru,substitution
出る,競る,deru,seru,substitution
出る,照る,deru,teru,substitution
出る,植える,deru,ueru,substitution
度合い,胴衣,doai,doi,insertion
度合い,同時,doai,doji,substitution
度合い,土器,doai,doki,substitution
動画,道具,doga,dogu,last_char_differs
動画,銅貨,doga,doka,substitution
動画,土間,doga,doma,substitution
動画,童話,doga,dowa,substitution
動画,邦画,doga,hoga,substitution
動画,装画,doga,soga,substitution
動画,洋画,doga,yoga,substitution
道具,どく,dogu,doku,substitution
道具,工具,dogu,kogu,substitution
道具,もぐ,dogu,mogu,substitution
道具,農具,dogu,nogu,substitution
道具,装具,dogu,sogu,substitution
道具,研ぐ,dogu,togu,substitution
道具,用具,dogu,yogu,substitution
同胞,土壌,doho,dojo,substitution
同胞,瞳孔,doho,doko,substitution
同胞,獰猛,doho,domo,substitution
同胞,土嚢,doho,dono,substitution
同胞,泥,doho,doro,substitution
同胞,同窓,doho,doso,substitution
同胞,同等,doho,doto,substitution
同胞,土曜,doho,doyo,substitution
同胞,土蔵,doho,dozo,substitution
同胞,語法,doho,goho,substitution
同胞,上方,doho,joho,substitution
同胞,後方,doho,koho,substitution
同胞,走法,doho,soho,substitution
同胞,当方,doho,toho,substitution
同胞,増補,doho,zoho,substitution
胴衣,同時,doi,doji,insertion
胴衣,土器,doi,doki,insertion
同時,土壌,doji,dojo,last_char_differs
同時,土器,doji,doki,substitution
同時,法事,doji,hoji,substitution
同時,常時,doji,joji,substitution
同時,麹,doji,koji,substitution
同時,文字,doji,moji,substitution
同時,王子,doji,oji,insertion
同時,露地,doji,roji,substitution
同時,掃除,doji,soji,substitution
同時,冬至,doji,toji,substitution
同時,幼時,doji,yoji,substitution
土壌,瞳孔,dojo,doko,substitution
土壌,獰猛,dojo,domo,substitution
土壌,土嚢,dojo,dono,substitution
土壌,泥,dojo,doro,substitution
土壌,同窓,dojo,doso,substitution
土壌,同等,dojo,doto,substitution
土壌,土曜,dojo,doyo,substitution
土壌,土蔵,dojo,dozo,substitution
土壌,強情,dojo,gojo,substitution
土壌,方丈,dojo,hojo,substitution
土壌,乗除,dojo,jojo,substitution
土壌,工場,dojo,kojo,substitution
土壌,農場,dojo,nojo,substitution
土壌,王女,dojo,ojo,insertion
土壌,老女,dojo,rojo,substitution
土壌,僧正,dojo,sojo,substitution
土壌,途上,dojo,tojo,substitution
土壌,幼女,dojo,yojo,substitution
銅貨,道化,doka,doke,last_char_differs
銅貨,土器,doka,doki,last_char_differs
銅貨,瞳孔,doka,doko,last_char_differs
銅貨,どく,doka,doku,last_char_differs
銅貨,土間,doka,doma,substitution
銅貨,童話,doka,dowa,substitution
銅貨,豪華,doka,goka,substitution
銅貨,砲火,doka,hoka,substitution
銅貨,硬貨,doka,koka,substitution
銅貨,猛火,doka,moka,substitution
銅貨,農家,doka,noka,substitution
銅貨,丘,doka,oka,insertion
銅貨,廊下,doka,roka,substitution
銅貨,灯火,doka,toka,substitution
銅貨,余暇,doka,yoka,substitution
銅貨,造花,doka,zoka,substitution
道化,土器,doke,doki,last_char_differs
道化,瞳孔,doke,doko,last_char_differs
道化,どく,doke,doku,last_char_differs
道化,土手,doke,dote,substitution
道化,苔,doke,koke,substitution
道化,桶,doke,oke,insertion
土器,瞳孔,doki,doko,last_char_differs
土器,どく,doki,doku,last_char_differs
土器,箒,doki,hoki,substitution
土器,蒸気,doki,joki,substitution
土器,後期,doki,koki,substitution
土器,軒,doki,noki,substitution
土器,沖,doki,oki,insertion
土器,早期,doki,soki,substitution
土器,朱鷺,doki,toki,substitution
土器,容器,doki,yoki,substitution
土器,雑木,doki,zoki,substitution
瞳孔,どく,doko,doku,last_char_differs
瞳孔,獰猛,doko,domo,substitution
瞳孔,土嚢,doko,dono,substitution
瞳孔,泥,doko,doro,substitution
瞳孔,同窓,doko,doso,substitution
瞳孔,同等,doko,doto,substitution
瞳孔,土曜,doko,doyo,substitution
瞳孔,土蔵,doko,dozo,substitution
瞳孔,芳香,doko,hoko,substitution
瞳孔,上皇,doko,joko,substitution
瞳孔,口腔,doko,koko,substitution
瞳孔,猛虎,doko,moko,substitution
瞳孔,農高,doko,noko,substitution
瞳孔,倉庫,doko,soko,substitution
瞳孔,刀工,doko,toko,substitution
瞳孔,横,doko,yoko,substitution
どく,上空,doku,joku,substitution
どく,高空,doku,koku,substitution
どく,のく,doku,noku,substitution
どく,奥,doku,oku,insertion
どく,禄,doku,roku,substitution
どく,遠く,doku,toku,substitution
どく,欲,doku,yoku,substitution
どく,賊,doku,zoku,substitution
土間,獰猛,doma,domo,last_char_differs
土間,童話,doma,dowa,substitution
土間,胡麻,doma,goma,substitution
土間,駒,doma,koma,substitution
土間,洋間,doma,yoma,substitution
獰猛,土嚢,domo,dono,substitution
獰猛,泥,domo,doro,substitution
獰猛,同窓,domo,doso,substitution
獰猛,同等,domo,doto,substitution
獰猛,土曜,domo,doyo,substitution
獰猛,土蔵,domo,dozo,substitution
獰猛,薦,domo,komo,substitution
獰猛,桃,domo,momo,substitution
獰猛,主,domo,omo,insertion
獰猛,供,domo,tomo,substitution
獰猛,羊毛,domo,yomo,substitution
土嚢,泥,dono,doro,substitution
土嚢,同窓,dono,doso,substitution
土嚢,同等,dono,doto,substitution
土嚢,土曜,dono,doyo,substitution
土嚢,土蔵,dono,dozo,substitution
土嚢,炎,dono,hono,substitution
土嚢,物,dono,mono,substitution
土嚢,斧,dono,ono,insertion
土嚢,苑,dono,sono,substitution
土嚢,殿,dono,tono,substitution
泥,同窓,doro,doso,substitution
泥,同等,doro,doto,substitution
泥,土曜,doro,doyo,substitution
泥,土蔵,doro,dozo,substitution
泥,幌,doro,horo,substitution
泥,じょうろ,doro,joro,substitution
泥,頃,doro,koro,substitution
泥,往路,doro,oro,insertion
泥,早老,doro,soro,substitution
泥,灯籠,doro,toro,substitution
同窓,同等,doso,doto,substitution
同窓,土曜,doso,doyo,substitution
同窓,土蔵,doso,dozo,substitution
同窓,法曹,doso,hoso,substitution
同窓,上層,doso,joso,substitution
同窓,酵素,doso,koso,substitution
同窓,妄想,doso,moso,substitution
同窓,老僧,doso,roso,substitution
同窓,早々,doso,soso,substitution
同窓,逃走,doso,toso,substitution
同窓,余所,doso,yoso,substitution
土手,同等,dote,doto,last_char_differs
土手,後手,dote,gote,substitution
土手,小手,dote,kote,substitution
土手,大手,dote,ote,insertion
同等,土曜,doto,doyo,substitution
同等,土蔵,doto,dozo,substitution
同等,宝刀,doto,hoto,substitution
同等,上等,doto,joto,substitution
同等,孤島,doto,koto,substitution
同等,元,doto,moto,substitution
同等,音,doto,oto,insertion
同等,漏斗,doto,roto,substitution
同等,総統,doto,soto,substitution
同等,徒党,doto,toto,substitution
同等,洋陶,doto,yoto,substitution
同等,贈答,doto,zoto,substitution
童話,飽和,dowa,howa,substitution
童話,講話,dowa,kowa,substitution
童話,挿話,dowa,sowa,substitution
童話,とわ,dowa,towa,substitution
土曜,土蔵,doyo,dozo,substitution
土曜,法要,doyo,hoyo,substitution
土曜,乗用,doyo,joyo,substitution
土曜,紅葉,doyo,koyo,substitution
土曜,模様,doyo,moyo,substitution
土曜,応用,doyo,oyo,insertion
土曜,東洋,doyo,toyo,substitution
土曜,贈与,doyo,zoyo,substitution
土蔵,五臓,dozo,gozo,substitution
土蔵,臍,dozo,hozo,substitution
土蔵,醸造,dozo,jozo,substitution
土蔵,楮,dozo,kozo,substitution
土蔵,模造,dozo,mozo,substitution
土蔵,塑像,dozo,sozo,substitution
海老,蛇,ebi,hebi,insertion
絵本,本,ehon,hon,insertion
永遠,以遠,eien,ien,insertion
永遠,離縁,eien,rien,substitution
映画,英語,eiga,eigo,last_char_differs
映画,英和,eiga,eiwa,substitution
映画,彼我,eiga,higa,substitution
映画,毬,eiga,iga,insertion
映画,自画,eiga,jiga,substitution
英語,泳法,eigo,eiho,substitution
英語,栄養,eigo,eiyo,substitution
英語,映像,eigo,eizo,substitution
英語,以後,eigo,igo,insertion
英語,事後,eigo,jigo,substitution
英語,季語,eigo,kigo,substitution
泳法,栄養,eiho,eiyo,substitution
泳法,映像,eiho,eizo,substitution
泳法,異邦,eiho,iho,insertion
泳法,気泡,eiho,kiho,substitution
永住,英雄,eiju,eiyu,substitution
永住,移住,eiju,iju,insertion
永住,喜寿,eiju,kiju,substitution
鋭利,襟,eiri,eri,insertion
鋭利,桐,eiri,kiri,substitution
鋭利,大入り,eiri,oiri,substitution
英和,岩,eiwa,iwa,insertion
英和,庭,eiwa,niwa,substitution
栄養,英雄,eiyo,eiyu,last_char_differs
栄養,映像,eiyo,eizo,substitution
栄養,遠洋,eiyo,enyo,substitution
栄養,費用,eiyo,hiyo,substitution
栄養,異様,eiyo,iyo,insertion
栄養,紀要,eiyo,kiyo,substitution
栄養,御代,eiyo,miyo,substitution
栄養,利用,eiyo,riyo,substitution
英雄,自由,eiyu,jiyu,substitution
英雄,理由,eiyu,riyu,substitution
映像,地蔵,eizo,jizo,substitution
映像,溝,eizo,mizo,substitution
駅,塩基,eki,enki,insertion
駅,劇,eki,geki,insertion
駅,胃液,eki,ieki,insertion
駅,席,eki,seki,insertion
駅,敵,eki,teki,insertion
駅,植木,eki,ueki,insertion
回向,下校,eko,geko,insertion
回向,猫,eko,neko,insertion
回向,梃子,eko,teko,insertion
絵馬,閻魔,ema,enma,insertion
絵馬,へま,ema,hema,insertion
絵馬,寝間,ema,nema,insertion
絵馬,手間,ema,tema,insertion
笑み,蝉,emi,semi,insertion
演舞,おんぶ,enbu,onbu,substitution
豌豆,遠方,endo,enpo,substitution
豌豆,遠路,endo,enro,substitution
豌豆,塩素,endo,enso,substitution
豌豆,円筒,endo,ento,substitution
豌豆,遠洋,endo,enyo,substitution
豌豆,運動,endo,undo,substitution
遠泳,縁起,enei,engi,substitution
遠泳,園児,enei,enji,substitution
遠泳,塩基,enei,enki,substitution
遠泳,陰影,enei,inei,substitution
縁起,園児,engi,enji,substitution
縁起,塩基,engi,enki,substitution
演者,園児,enja,enji,last_char_differs
演者,演歌,enja,enka,substitution
演者,閻魔,enja,enma,substitution
園児,塩基,enji,enki,substitution
演歌,塩基,enka,enki,last_char_differs
演歌,閻魔,enka,enma,substitution
塩基,陰気,enki,inki,substitution
遠方,遠路,enpo,enro,substitution
遠方,塩素,enpo,enso,substitution
遠方,円筒,enpo,ento,substitution
遠方,遠洋,enpo,enyo,substitution
遠路,塩素,enro,enso,substitution
遠路,円筒,enro,ento,substitution
遠路,遠洋,enro,enyo,substitution
遠路,印篭,enro,inro,substitution
塩素,円筒,enso,ento,substitution
塩素,遠洋,enso,enyo,substitution
塩素,運送,enso,unso,substitution
円筒,遠洋,ento,enyo,substitution
円筒,干支,ento,eto,insertion
円筒,穏当,ento,onto,substitution
遠洋,飲用,enyo,inyo,substitution
えら,偉い,era,erai,insertion
えら,篦,era,hera,insertion
えら,寺,era,tera,insertion
偉い,襟,erai,eri,insertion
偉い,以来,erai,irai,substitution
襟,けり,eri,keri,insertion
襟,芹,eri,seri,insertion
選る,減る,eru,heru,insertion
選る,癒える,eru,ieru,insertion
選る,蹴る,eru,keru,insertion
選る,練る,eru,neru,insertion
選る,終える,eru,oeru,insertion
選る,競る,eru,seru,insertion
選る,照る,eru,teru,insertion
選る,植える,eru,ueru,insertion
餌,袈裟,esa,kesa,insertion
絵師,石,eshi,ishi,substitution
絵師,牡牛,eshi,oshi,substitution
絵師,市,eshi,shi,insertion
絵師,牛,eshi,ushi,substitution
干支,瀬戸,eto,seto,insertion
風合い,不安,fuai,fuan,last_char_differs
風合い,不備,fuai,fubi,substitution
風合い,府議,fuai,fugi,substitution
風合い,不意,fuai,fui,insertion
風合い,藤,fuai,fuji,substitution
風合い,蕗,fuai,fuki,substitution
風合い,風味,fuai,fumi,substitution
風合い,不利,fuai,furi,substitution
風合い,友愛,fuai,yuai,substitution
不安,封印,fuan,fuin,substitution
不安,不運,fuan,fun,insertion
不安,不穏,fuan,fuon,substitution
不安,図案,fuan,zuan,substitution
不備,父母,fubi,fubo,last_char_differs
不備,府議,fubi,fugi,substitution
不備,不意,fubi,fui,insertion
不備,藤,fubi,fuji,substitution
不備,蕗,fubi,fuki,substitution
不備,風味,fubi,fumi,substitution
不備,不利,fubi,furi,substitution
不備,首,fubi,kubi,substitution
不備,指,fubi,yubi,substitution
父母,不同,fubo,fudo,substitution
父母,富豪,fubo,fugo,substitution
父母,訃報,fubo,fuho,substitution
父母,婦女,fubo,fujo,substitution
父母,不幸,fubo,fuko,substitution
父母,不毛,fubo,fumo,substitution
父母,不能,fubo,funo,substitution
父母,風呂,fubo,furo,substitution
父母,父祖,fubo,fuso,substitution
父母,封筒,fubo,futo,substitution
父母,芙蓉,fubo,fuyo,substitution
父母,空母,fubo,kubo,substitution
父母,無謀,fubo,mubo,substitution
父母,有望,fubo,yubo,substitution
札,筆,fuda,fude,last_char_differs
札,不同,fuda,fudo,last_char_differs
札,鱶,fuda,fuka,substitution
札,ふな,fuda,funa,substitution
札,房,fuda,fusa,substitution
札,蓋,fuda,futa,substitution
札,不和,fuda,fuwa,substitution
札,管,fuda,kuda,substitution
札,無駄,fuda,muda,substitution
筆,不同,fude,fudo,last_char_differs
筆,笛,fude,fue,insertion
筆,雲脂,fude,fuke,substitution
筆,船,fude,fune,substitution
筆,布施,fude,fuse,substitution
筆,素手,fude,sude,substitution
筆,腕,fude,ude,insertion
不同,富豪,fudo,fugo,substitution
不同,訃報,fudo,fuho,substitution
不同,婦女,fudo,fujo,substitution
不同,不幸,fudo,fuko,substitution
不同,不毛,fudo,fumo,substitution
不同,不能,fudo,funo,substitution
不同,風呂,fudo,furo,substitution
不同,父祖,fudo,fuso,substitution
不同,封筒,fudo,futo,substitution
不同,芙蓉,fudo,fuyo,substitution
不同,柔道,fudo,judo,substitution
不同,うど,fudo,udo,insertion
不同,誘導,fudo,yudo,substitution
笛,雲脂,fue,fuke,insertion
笛,船,fue,fune,insertion
笛,布施,fue,fuse,insertion
夫婦,河豚,fufu,fugu,substitution
夫婦,服,fufu,fuku,substitution
夫婦,踏む,fufu,fumu,substitution
夫婦,振る,fufu,furu,substitution
夫婦,負数,fufu,fusu,substitution
夫婦,冬,fufu,fuyu,substitution
夫婦,付図,fufu,fuzu,substitution
夫婦,工夫,fufu,kufu,substitution
府議,富豪,fugi,fugo,last_char_differs
府議,河豚,fugi,fugu,last_char_differs
府議,不意,fugi,fui,insertion
府議,藤,fugi,fuji,substitution
府議,蕗,fugi,fuki,substitution
府議,風味,fugi,fumi,substitution
府議,不利,fugi,furi,substitution
府議,釘,fugi,kugi,substitution
府議,麦,fugi,mugi,substitution
府議,杉,fugi,sugi,substitution
府議,遊技,fugi,yugi,substitution
富豪,河豚,fugo,fugu,last_char_differs
富豪,訃報,fugo,fuho,substitution
富豪,婦女,fugo,fujo,substitution
富豪,不幸,fugo,fuko,substitution
富豪,不毛,fugo,fumo,substitution
富豪,不能,fugo,funo,substitution
富豪,風呂,fugo,furo,substitution
富豪,父祖,fugo,fuso,substitution
富豪,封筒,fugo,futo,substitution
富豪,芙蓉,fugo,fuyo,substitution
富豪,融合,fugo,yugo,substitution
河豚,服,fugu,fuku,substitution
河豚,踏む,fugu,fumu,substitution
河豚,振る,fugu,furu,substitution
河豚,負数,fugu,fusu,substitution
河豚,冬,fugu,fuyu,substitution
河豚,付図,fugu,fuzu,substitution
河豚,脱ぐ,fugu,nugu,substitution
河豚,遊具,fugu,yugu,substitution
訃報,婦女,fuho,fujo,substitution
訃報,不幸,fuho,fuko,substitution
訃報,不毛,fuho,fumo,substitution
訃報,不能,fuho,funo,substitution
訃報,風呂,fuho,furo,substitution
訃報,父祖,fuho,fuso,substitution
訃報,封筒,fuho,futo,substitution
訃報,芙蓉,fuho,fuyo,substitution
訃報,無法,fuho,muho,substitution
不意,封印,fui,fuin,insertion
不意,藤,fui,fuji,insertion
不意,蕗,fui,fuki,insertion
不意,風味,fui,fumi,insertion
不意,不利,fui,furi,insertion
封印,不運,fuin,fun,insertion
封印,不穏,fuin,fuon,substitution
藤,婦女,fuji,fujo,last_char_differs
藤,蕗,fuji,fuki,substitution
藤,風味,fuji,fumi,substitution
藤,不利,fuji,furi,substitution
藤,宮司,fuji,guji,substitution
藤,住持,fuji,juji,substitution
藤,くじ,fuji,kuji,substitution
藤,無地,fuji,muji,substitution
藤,筋,fuji,suji,substitution
藤,氏,fuji,uji,insertion
婦女,不幸,fujo,fuko,substitution
婦女,不毛,fujo,fumo,substitution
婦女,不能,fujo,funo,substitution
婦女,風呂,fujo,furo,substitution
婦女,父祖,fujo,fuso,substitution
婦女,封筒,fujo,futo,substitution
婦女,芙蓉,fujo,fuyo,substitution
婦女,樹上,fujo,jujo,substitution
婦女,苦情,fujo,kujo,substitution
婦女,無上,fujo,mujo,substitution
婦女,遊女,fujo,yujo,substitution
婦女,頭上,fujo,zujo,substitution
鱶,雲脂,fuka,fuke,last_char_differs
鱶,蕗,fuka,fuki,last_char_differs
鱶,不幸,fuka,fuko,last_char_differs
鱶,服,fuka,fuku,last_char_differs
鱶,ふな,fuka,funa,substitution
鱶,房,fuka,fusa,substitution
鱶,蓋,fuka,futa,substitution
鱶,不和,fuka,fuwa,substitution
鱶,糠,fuka,nuka,substitution
鱶,羽化,fuka,uka,insertion
鱶,床,fuka,yuka,substitution
雲脂,蕗,fuke,fuki,last_char_differs
雲脂,不幸,fuke,fuko,last_char_differs
雲脂,服,fuke,fuku,last_char_differs
雲脂,船,fuke,fune,substitution
雲脂,布施,fuke,fuse,substitution
蕗,不幸,fuki,fuko,last_char_differs
蕗,服,fuki,fuku,last_char_differs
蕗,風味,fuki,fumi,substitution
蕗,不利,fuki,furi,substitution
蕗,重機,fuki,juki,substitution
蕗,空気,fuki,kuki,substitution
蕗,無期,fuki,muki,substitution
蕗,鋤,fuki,suki,substitution
蕗,雨季,fuki,uki,insertion
蕗,雪,fuki,yuki,substitution
不幸,服,fuko,fuku,last_char_differs
不幸,不毛,fuko,fumo,substitution
不幸,不能,fuko,funo,substitution
不幸,風呂,fuko,furo,substitution
不幸,父祖,fuko,fuso,substitution
不幸,封筒,fuko,futo,substitution
不幸,芙蓉,fuko,fuyo,substitution
不幸,住戸,fuko,juko,substitution
不幸,空港,fuko,kuko,substitution
不幸,婿,fuko,muko,substitution
不幸,崇高,fuko,suko,substitution
不幸,有効,fuko,yuko,substitution
不幸,図工,fuko,zuko,substitution
服,踏む,fuku,fumu,substitution
服,振る,fuku,furu,substitution
服,負数,fuku,fusu,substitution
服,冬,fuku,fuyu,substitution
服,付図,fuku,fuzu,substitution
服,塾,fuku,juku,substitution
服,九々,fuku,kuku,substitution
服,剥く,fuku,muku,substitution
服,抜く,fuku,nuku,substitution
服,好く,fuku,suku,substitution
服,浮く,fuku,uku,insertion
風味,不毛,fumi,fumo,last_char_differs
風味,踏む,fumi,fumu,last_char_differs
風味,不利,fumi,furi,substitution
風味,胡頽子,fumi,gumi,substitution
風味,組,fumi,kumi,substitution
風味,無味,fumi,mumi,substitution
風味,炭,fumi,sumi,substitution
風味,海,fumi,umi,insertion
風味,弓,fumi,yumi,substitution
不毛,踏む,fumo,fumu,last_char_differs
不毛,不能,fumo,funo,substitution
不毛,風呂,fumo,furo,substitution
不毛,父祖,fumo,fuso,substitution
不毛,封筒,fumo,futo,substitution
不毛,芙蓉,fumo,fuyo,substitution
不毛,雲,fumo,kumo,substitution
不毛,相撲,fumo,sumo,substitution
不毛,羽毛,fumo,umo,insertion
不毛,勇猛,fumo,yumo,substitution
踏む,振る,fumu,furu,substitution
踏む,負数,fumu,fusu,substitution
踏む,冬,fumu,fuyu,substitution
踏む,付図,fumu,fuzu,substitution
踏む,汲む,fumu,kumu,substitution
踏む,住む,fumu,sumu,substitution
踏む,生む,fumu,umu,insertion
不運,ふな,fun,funa,insertion
不運,船,fun,fune,insertion
不運,不能,fun,funo,insertion
不運,不穏,fun,fuon,insertion
ふな,船,funa,fune,last_char_differs
ふな,不能,funa,funo,last_char_differs
ふな,房,funa,fusa,substitution
ふな,蓋,funa,futa,substitution
ふな,不和,funa,fuwa,substitution
ふな,砂,funa,suna,substitution
船,不能,fune,funo,last_char_differs
船,布施,fune,fuse,substitution
船,棟,fune,mune,substitution
船,臑,fune,sune,substitution
船,畝,fune,une,insertion
不能,風呂,funo,furo,substitution
不能,父祖,funo,fuso,substitution
不能,封筒,funo,futo,substitution
不能,芙蓉,funo,fuyo,substitution
不能,布,funo,nuno,substitution
不能,有能,funo,yuno,substitution
不能,頭脳,funo,zuno,substitution
不利,風呂,furi,furo,last_char_differs
不利,振る,furi,furu,last_char_differs
不利,栗,furi,kuri,substitution
不利,無理,furi,muri,substitution
不利,瑠璃,furi,ruri,substitution
不利,すり,furi,suri,substitution
不利,瓜,furi,uri,insertion
不利,百合,furi,yuri,substitution
風呂,振る,furo,furu,last_char_differs
風呂,父祖,furo,fuso,substitution
風呂,封筒,furo,futo,substitution
風呂,芙蓉,furo,fuyo,substitution
風呂,黒,furo,kuro,substitution
振る,負数,furu,fusu,substitution
振る,冬,furu,fuyu,substitution
振る,付図,furu,fuzu,substitution
振る,刳る,furu,kuru,substitution
振る,塗る,furu,nuru,substitution
振る,刷る,furu,suru,substitution
振る,売る,furu,uru,insertion
振る,ずる,furu,zuru,substitution
房,布施,fusa,fuse,last_char_differs
房,父祖,fusa,fuso,last_char_differs
房,負数,fusa,fusu,last_char_differs
房,蓋,fusa,futa,substitution
房,不和,fusa,fuwa,substitution
房,草,fusa,kusa,substitution
布施,父祖,fuse,fuso,last_char_differs
布施,負数,fuse,fusu,last_char_differs
布施,癖,fuse,kuse,substitution
父祖,負数,fuso,fusu,last_char_differs
父祖,封筒,fuso,futo,substitution
父祖,芙蓉,fuso,fuyo,substitution
父祖,重曹,fuso,juso,substitution
父祖,空疎,fuso,kuso,substitution
父祖,夢想,fuso,muso,substitution
父祖,裾,fuso,suso,substitution
父祖,郵送,fuso,yuso,substitution
負数,冬,fusu,fuyu,substitution
負数,付図,fusu,fuzu,substitution
負数,蒸す,fusu,musu,substitution
負数,留守,fusu,rusu,substitution
負数,煤,fusu,susu,substitution
負数,臼,fusu,usu,insertion
蓋,封筒,futa,futo,last_char_differs
蓋,不和,futa,fuwa,substitution
蓋,歌,futa,uta,insertion
封筒,芙蓉,futo,fuyo,substitution
封筒,無糖,futo,muto,substitution
封筒,友党,futo,yuto,substitution
不和,寓話,fuwa,guwa,substitution
不和,桑,fuwa,kuwa,substitution
芙蓉,冬,fuyo,fuyu,last_char_differs
芙蓉,重要,fuyo,juyo,substitution
芙蓉,供養,fuyo,kuyo,substitution
芙蓉,無用,fuyo,muyo,substitution
芙蓉,有用,fuyo,yuyo,substitution
冬,付図,fuyu,fuzu,substitution
冬,重油,fuyu,juyu,substitution
冬,空輸,fuyu,kuyu,substitution
付図,ぐず,fuzu,guzu,substitution
付図,数珠,fuzu,juzu,substitution
付図,錫,fuzu,suzu,substitution
付図,渦,fuzu,uzu,insertion
付図,柚子,fuzu,yuzu,substitution
画風,萼,gafu,gaku,substitution
画風,義父,gafu,gifu,substitution
画風,護符,gafu,gofu,substitution
画風,家風,gafu,kafu,substitution
画風,和風,gafu,wafu,substitution
画報,牙城,gaho,gajo,substitution
画報,画廊,gaho,garo,substitution
画報,語法,gaho,goho,substitution
画報,家宝,gaho,kaho,substitution
画報,魔法,gaho,maho,substitution
画報,作法,gaho,saho,substitution
画報,野砲,gaho,yaho,substitution
牙城,画廊,gajo,garo,substitution
牙城,議場,gajo,gijo,substitution
牙城,強情,gajo,gojo,substitution
牙城,加除,gajo,kajo,substitution
牙城,魔女,gajo,majo,substitution
牙城,砂上,gajo,sajo,substitution
画家,崖,gaka,gake,last_char_differs
画家,餓鬼,gaka,gaki,last_char_differs
画家,萼,gaka,gaku,last_char_differs
画家,蒲,gaka,gama,substitution
画家,柄,gaka,gara,substitution
画家,側,gaka,gawa,substitution
画家,豪華,gaka,goka,substitution
画家,中,gaka,naka,substitution
画家,坂,gaka,saka,substitution
画家,鷹,gaka,taka,substitution
画家,和歌,gaka,waka,substitution
崖,餓鬼,gake,gaki,last_char_differs
崖,萼,gake,gaku,last_char_differs
崖,刷毛,gake,hake,substitution
崖,酒,gake,sake,substitution
崖,岳,gake,take,substitution
崖,訳,gake,wake,substitution
崖,やけ,gake,yake,substitution
餓鬼,萼,gaki,gaku,last_char_differs
餓鬼,劇,gaki,geki,substitution
餓鬼,柿,gaki,kaki,substitution
餓鬼,薪,gaki,maki,substitution
餓鬼,先,gaki,saki,substitution
餓鬼,滝,gaki,taki,substitution
餓鬼,脇,gaki,waki,substitution
萼,箔,gaku,haku,substitution
萼,閣,gaku,kaku,substitution
萼,幕,gaku,maku,substitution
萼,泣く,gaku,naku,substitution
萼,楽,gaku,raku,substitution
萼,柵,gaku,saku,substitution
萼,宅,gaku,taku,substitution
萼,枠,gaku,waku,substitution
萼,葯,gaku,yaku,substitution
蒲,柄,gama,gara,substitution
蒲,側,gama,gawa,substitution
蒲,胡麻,gama,goma,substitution
蒲,浜,gama,hama,substitution
蒲,邪魔,gama,jama,substitution
蒲,窯,gama,kama,substitution
蒲,生,gama,nama,substitution
蒲,様,gama,sama,substitution
蒲,弾,gama,tama,substitution
蒲,山,gama,yama,substitution
蒲,ざま,gama,zama,substitution
雁,右岸,gan,ugan,insertion
柄,画廊,gara,garo,last_char_differs
柄,側,gara,gawa,substitution
柄,原,gara,hara,substitution
柄,殻,gara,kara,substitution
柄,楢,gara,nara,substitution
柄,皿,gara,sara,substitution
柄,鱈,gara,tara,substitution
柄,藁,gara,wara,substitution
柄,ざら,gara,zara,substitution
画廊,家老,garo,karo,substitution
画廊,野郎,garo,yaro,substitution
側,寓話,gawa,guwa,substitution
側,川,gawa,kawa,substitution
側,縄,gawa,nawa,substitution
側,沢,gawa,sawa,substitution
側,やわ,gawa,yawa,substitution
芸,劇,gei,geki,insertion
劇,下校,geki,geko,last_char_differs
劇,胃液,geki,ieki,substitution
劇,席,geki,seki,substitution
劇,敵,geki,teki,substitution
劇,植木,geki,ueki,substitution
下校,技巧,geko,giko,substitution
下校,猫,geko,neko,substitution
下校,梃子,geko,teko,substitution
下駄,蔕,geta,heta,substitution
義母,議場,gibo,gijo,substitution
義母,技巧,gibo,giko,substitution
義母,牛蒡,gibo,gobo,substitution
義母,異母,gibo,ibo,insertion
義母,慈母,gibo,jibo,substitution
義母,希望,gibo,kibo,substitution
犠打,襞,gida,hida,substitution
義父,護符,gifu,gofu,substitution
義父,皮膚,gifu,hifu,substitution
義父,慈父,gifu,jifu,substitution
義父,棋譜,gifu,kifu,substitution
犠飛,合否,gihi,gohi,substitution
議員,銀,giin,gin,insertion
議員,擬音,giin,gion,substitution
議員,強引,giin,goin,substitution
議員,医院,giin,iin,insertion
議員,寺院,giin,jiin,substitution
議員,棋院,giin,kiin,substitution
議場,技巧,gijo,giko,substitution
議場,強情,gijo,gojo,substitution
議場,非常,gijo,hijo,substitution
議場,異常,gijo,ijo,insertion
議場,侍女,gijo,jijo,substitution
議場,机上,gijo,kijo,substitution
技巧,以降,giko,iko,insertion
技巧,自校,giko,jiko,substitution
技巧,気孔,giko,kiko,substitution
技巧,巫女,giko,miko,substitution
技巧,理工,giko,riko,substitution
銀,擬音,gin,gion,insertion
銀,強引,gin,goin,insertion
擬音,呉音,gion,gon,insertion
擬音,字音,gion,jion,substitution
牛蒡,合同,gobo,godo,substitution
牛蒡,午後,gobo,gogo,substitution
牛蒡,語法,gobo,goho,substitution
牛蒡,強情,gobo,gojo,substitution
牛蒡,五臓,gobo,gozo,substitution
牛蒡,保母,gobo,hobo,substitution
牛蒡,酵母,gobo,kobo,substitution
牛蒡,応募,gobo,obo,insertion
牛蒡,老母,gobo,robo,substitution
牛蒡,祖母,gobo,sobo,substitution
牛蒡,逃亡,gobo,tobo,substitution
牛蒡,養母,gobo,yobo,substitution
合同,午後,godo,gogo,substitution
合同,語法,godo,goho,substitution
合同,強情,godo,gojo,substitution
合同,五臓,godo,gozo,substitution
合同,歩道,godo,hodo,substitution
合同,浄土,godo,jodo,substitution
合同,公道,godo,kodo,substitution
合同,喉,godo,nodo,substitution
合同,黄土,godo,odo,insertion
合同,騒動,godo,sodo,substitution
合同,海馬,godo,todo,substitution
合同,淀,godo,yodo,substitution
護符,保父,gofu,hofu,substitution
護符,校風,gofu,kofu,substitution
護符,毛布,gofu,mofu,substitution
護符,農夫,gofu,nofu,substitution
護符,老婦,gofu,rofu,substitution
護符,祖父,gofu,sofu,substitution
護符,豆腐,gofu,tofu,substitution
護符,養父,gofu,yofu,substitution
午後,語法,gogo,goho,substitution
午後,強情,gogo,gojo,substitution
午後,五臓,gogo,gozo,substitution
午後,保護,gogo,hogo,substitution
午後,漏斗,gogo,jogo,substitution
午後,皇后,gogo,kogo,substitution
午後,老後,gogo,rogo,substitution
午後,祖語,gogo,sogo,substitution
午後,等号,gogo,togo,substitution
午後,養護,gogo,yogo,substitution
午後,造語,gogo,zogo,substitution
合否,語法,gohi,goho,last_char_differs
合否,語彙,gohi,goi,insertion
合否,上皮,gohi,johi,substitution
合否,公費,gohi,kohi,substitution
合否,王妃,gohi,ohi,insertion
合否,党費,gohi,tohi,substitution
語法,強情,goho,gojo,substitution
語法,五臓,goho,gozo,substitution
語法,上方,goho,joho,substitution
語法,後方,goho,koho,substitution
語法,走法,goho,soho,substitution
語法,当方,goho,toho,substitution
語法,増補,goho,zoho,substitution
語彙,強引,goi,goin,insertion
強引,呉音,goin,gon,insertion
強引,上院,goin,join,substitution
強引,公印,goin,koin,substitution
強引,党員,goin,toin,substitution
強引,要員,goin,yoin,substitution
強情,五臓,gojo,gozo,substitution
強情,方丈,gojo,hojo,substitution
強情,乗除,gojo,jojo,substitution
強情,工場,gojo,kojo,substitution
強情,農場,gojo,nojo,substitution
強情,王女,gojo,ojo,insertion
強情,老女,gojo,rojo,substitution
強情,僧正,gojo,sojo,substitution
強情,途上,gojo,tojo,substitution
強情,幼女,gojo,yojo,substitution
豪華,胡麻,goka,goma,substitution
豪華,茣蓙,goka,goza,substitution
豪華,砲火,goka,hoka,substitution
豪華,硬貨,goka,koka,substitution
豪華,猛火,goka,moka,substitution
豪華,農家,goka,noka,substitution
豪華,丘,goka,oka,insertion
豪華,廊下,goka,roka,substitution
豪華,灯火,goka,toka,substitution
豪華,余暇,goka,yoka,substitution
豪華,造花,goka,zoka,substitution
胡麻,茣蓙,goma,goza,substitution
胡麻,駒,goma,koma,substitution
胡麻,洋間,goma,yoma,substitution
呉音,黄金,gon,ogon,insertion
後手,小手,gote,kote,substitution
後手,大手,gote,ote,insertion
茣蓙,五臓,goza,gozo,last_char_differs
茣蓙,口座,goza,koza,substitution
茣蓙,王座,goza,oza,insertion
五臓,偶像,gozo,guzo,substitution
五臓,臍,gozo,hozo,substitution
五臓,醸造,gozo,jozo,substitution
五臓,楮,gozo,kozo,substitution
五臓,模造,gozo,mozo,substitution
五臓,塑像,gozo,sozo,substitution
宮司,胡頽子,guji,gumi,substitution
宮司,軍医,guji,guni,substitution
宮司,住持,guji,juji,substitution
宮司,くじ,guji,kuji,substitution
宮司,無地,guji,muji,substitution
宮司,筋,guji,suji,substitution
宮司,氏,guji,uji,insertion
胡頽子,軍医,gumi,guni,substitution
胡頽子,組,gumi,kumi,substitution
胡頽子,無味,gumi,mumi,substitution
胡頽子,炭,gumi,sumi,substitution
胡頽子,海,gumi,umi,insertion
胡頽子,弓,gumi,yumi,substitution
軍医,准尉,guni,juni,substitution
軍医,国,guni,kuni,substitution
軍医,雲丹,guni,uni,insertion
寓話,桑,guwa,kuwa,substitution
偶像,ぐず,guzo,guzu,last_char_differs
偶像,図像,guzo,zuzo,substitution
ぐず,数珠,guzu,juzu,substitution
ぐず,錫,guzu,suzu,substitution
ぐず,渦,guzu,uzu,insertion
ぐず,柚子,guzu,yuzu,substitution
幅,波布,haba,habu,last_char_differs
幅,肌,haba,hada,substitution
幅,母,haba,haha,substitution
幅,浜,haba,hama,substitution
幅,花,haba,hana,substitution
幅,原,haba,hara,substitution
幅,旗,haba,hata,substitution
幅,河馬,haba,kaba,substitution
幅,鯖,haba,saba,substitution
幅,束,haba,taba,substitution
波布,剥ぐ,habu,hagu,substitution
波布,箔,habu,haku,substitution
波布,食む,habu,hamu,substitution
波布,春,habu,haru,substitution
波布,蓮,habu,hasu,substitution
波布,這う,habu,hau,insertion
波布,日歩,habu,hibu,substitution
波布,蕪,habu,kabu,substitution
波布,藪,habu,yabu,substitution
肌,派手,hada,hade,last_char_differs
肌,母,hada,haha,substitution
肌,浜,hada,hama,substitution
肌,花,hada,hana,substitution
肌,原,hada,hara,substitution
肌,旗,hada,hata,substitution
肌,襞,hada,hida,substitution
肌,灘,hada,nada,substitution
派手,蠅,hade,hae,insertion
派手,刷毛,hade,hake,substitution
派手,羽目,hade,hame,substitution
派手,羽根,hade,hane,substitution
派手,沙魚,hade,haze,substitution
派手,蓼,hade,tade,substitution
蠅,刷毛,hae,hake,insertion
蠅,羽目,hae,hame,insertion
蠅,羽根,hae,hane,insertion
蠅,沙魚,hae,haze,insertion
萩,剥ぐ,hagi,hagu,last_char_differs
萩,灰,hagi,hai,insertion
萩,恥,hagi,haji,substitution
萩,範囲,hagi,hani,substitution
萩,針,hagi,hari,substitution
萩,鍵,hagi,kagi,substitution
萩,凪,hagi,nagi,substitution
萩,鷺,hagi,sagi,substitution
萩,山羊,hagi,yagi,substitution
剥ぐ,箔,hagu,haku,substitution
剥ぐ,食む,hagu,hamu,substitution
剥ぐ,春,hagu,haru,substitution
剥ぐ,蓮,hagu,hasu,substitution
剥ぐ,這う,hagu,hau,insertion
剥ぐ,家具,hagu,kagu,substitution
剥ぐ,凪ぐ,hagu,nagu,substitution
剥ぐ,夜具,hagu,yagu,substitution
母,浜,haha,hama,substitution
母,花,haha,hana,substitution
母,原,haha,hara,substitution
母,旗,haha,hata,substitution
母,左派,haha,saha,substitution
灰,恥,hai,haji,insertion
灰,範囲,hai,hani,insertion
灰,針,hai,hari,insertion
灰,位牌,hai,ihai,insertion
恥,範囲,haji,hani,substitution
恥,針,haji,hari,substitution
恥,肘,haji,hiji,substitution
恥,法事,haji,hoji,substitution
恥,舵,haji,kaji,substitution
恥,大味,haji,oaji,substitution
恥,匙,haji,saji,substitution
恥,野次,haji,yaji,substitution
刷毛,箱,hake,hako,last_char_differs
刷毛,箔,hake,haku,last_char_differs
刷毛,羽目,hake,hame,substitution
刷毛,羽根,hake,hane,substitution
刷毛,沙魚,hake,haze,substitution
刷毛,酒,hake,sake,substitution
刷毛,岳,hake,take,substitution
刷毛,訳,hake,wake,substitution
刷毛,やけ,hake,yake,substitution
箱,箔,hako,haku,last_char_differs
箱,覇王,hako,hao,insertion
箱,鳩,hako,hato,substitution
箱,芳香,hako,hoko,substitution
箱,じゃこ,hako,jako,substitution
箱,河口,hako,kako,substitution
箱,蛸,hako,tako,substitution
箱,夜行,hako,yako,substitution
箱,雑魚,hako,zako,substitution
箔,食む,haku,hamu,substitution
箔,春,haku,haru,substitution
箔,蓮,haku,hasu,substitution
箔,這う,haku,hau,insertion
箔,引く,haku,hiku,substitution
箔,閣,haku,kaku,substitution
箔,幕,haku,maku,substitution
箔,泣く,haku,naku,substitution
箔,楽,haku,raku,substitution
箔,柵,haku,saku,substitution
箔,宅,haku,taku,substitution
箔,枠,haku,waku,substitution
箔,葯,haku,yaku,substitution
浜,羽目,hama,hame,last_char_differs
浜,食む,hama,hamu,last_char_differs
浜,花,hama,hana,substitution
浜,原,hama,hara,substitution
浜,旗,hama,hata,substitution
浜,へま,hama,hema,substitution
浜,暇,hama,hima,substitution
浜,邪魔,hama,jama,substitution
浜,窯,hama,kama,substitution
浜,生,hama,nama,substitution
浜,様,hama,sama,substitution
浜,弾,hama,tama,substitution
浜,山,hama,yama,substitution
浜,ざま,hama,zama,substitution
羽目,食む,hame,hamu,last_char_differs
羽目,羽根,hame,hane,substitution
羽目,沙魚,hame,haze,substitution
羽目,姫,hame,hime,substitution
羽目,亀,hame,kame,substitution
羽目,豆,hame,mame,substitution
羽目,大雨,hame,oame,substitution
羽目,鮫,hame,same,substitution
食む,春,hamu,haru,substitution
食む,蓮,hamu,hasu,substitution
食む,這う,hamu,hau,insertion
食む,噛む,hamu,kamu,substitution
食む,止む,hamu,yamu,substitution
花,羽根,hana,hane,last_char_differs
花,範囲,hana,hani,last_char_differs
花,原,hana,hara,substitution
花,旗,hana,hata,substitution
花,雛,hana,hina,substitution
花,棚,hana,tana,substitution
花,罠,hana,wana,substitution
羽根,範囲,hane,hani,last_char_differs
羽根,沙魚,hane,haze,substitution
羽根,骨,hane,hone,substitution
羽根,鐘,hane,kane,substitution
羽根,種,hane,tane,substitution
羽根,屋根,hane,yane,substitution
範囲,針,hani,hari,substitution
範囲,蟹,hani,kani,substitution
範囲,何,hani,nani,substitution
範囲,谷,hani,tani,substitution
範囲,鰐,hani,wani,substitution
範囲,やに,hani,yani,substitution
覇王,鳩,hao,hato,insertion
原,針,hara,hari,last_char_differs
原,春,hara,haru,last_char_differs
原,旗,hara,hata,substitution
原,篦,hara,hera,substitution
原,平,hara,hira,substitution
原,殻,hara,kara,substitution
原,楢,hara,nara,substitution
原,皿,hara,sara,substitution
原,鱈,hara,tara,substitution
原,藁,hara,wara,substitution
原,ざら,hara,zara,substitution
針,春,hari,haru,last_char_differs
針,堀,hari,hori,substitution
針,砂利,hari,jari,substitution
針,仮,hari,kari,substitution
針,鞠,hari,mari,substitution
針,なり,hari,nari,substitution
針,割,hari,wari,substitution
針,槍,hari,yari,substitution
春,蓮,haru,hasu,substitution
春,這う,haru,hau,insertion
春,減る,haru,heru,substitution
春,昼,haru,hiru,substitution
春,ほうる,haru,horu,substitution
春,刈る,haru,karu,substitution
春,丸,haru,maru,substitution
春,成る,haru,naru,substitution
春,猿,haru,saru,substitution
春,樽,haru,taru,substitution
春,やる,haru,yaru,substitution
春,笊,haru,zaru,substitution
蓮,這う,hasu,hau,insertion
蓮,干す,hasu,hosu,substitution
蓮,かす,hasu,kasu,substitution
蓮,鱒,hasu,masu,substitution
蓮,茄子,hasu,nasu,substitution
蓮,砂州,hasu,sasu,substitution
蓮,足す,hasu,tasu,substitution
旗,鳩,hata,hato,last_char_differs
旗,蔕,hata,heta,substitution
旗,潟,hata,kata,substitution
旗,股,hata,mata,substitution
旗,鉈,hata,nata,substitution
旗,綿,hata,wata,substitution
旗,ざた,hata,zata,substitution
鳩,人,hato,hito,substitution
鳩,宝刀,hato,hoto,substitution
鳩,下等,hato,kato,substitution
鳩,的,hato,mato,substitution
鳩,里,hato,sato,substitution
鳩,多投,hato,tato,substitution
鳩,野党,hato,yato,substitution
沙魚,風,haze,kaze,substitution
蛇,へぼ,hebi,hebo,last_char_differs
蛇,塀,hebi,hei,insertion
蛇,平易,hebi,heii,substitution
蛇,日々,hebi,hibi,substitution
蛇,褒美,hebi,hobi,substitution
へぼ,臍,hebo,heso,substitution
へぼ,保母,hebo,hobo,substitution
へぼ,寝坊,hebo,nebo,substitution
塀,平易,hei,heii,insertion
塀,放映,hei,hoei,insertion
塀,横柄,hei,ohei,insertion
平易,経緯,heii,keii,substitution
平易,名医,heii,meii,substitution
平易,誠意,heii,seii,substitution
へま,篦,hema,hera,substitution
へま,蔕,hema,heta,substitution
へま,部屋,hema,heya,substitution
へま,暇,hema,hima,substitution
へま,寝間,hema,nema,substitution
へま,手間,hema,tema,substitution
変,右辺,hen,uhen,insertion
篦,減る,hera,heru,last_char_differs
篦,蔕,hera,heta,substitution
篦,部屋,hera,heya,substitution
篦,平,hera,hira,substitution
篦,寺,hera,tera,substitution
減る,昼,heru,hiru,substitution
減る,ほうる,heru,horu,substitution
減る,癒える,heru,ieru,substitution
減る,蹴る,heru,keru,substitution
減る,練る,heru,neru,substitution
減る,終える,heru,oeru,substitution
減る,競る,heru,seru,substitution
減る,照る,heru,teru,substitution
減る,植える,heru,ueru,substitution
臍,砒素,heso,hiso,substitution
臍,法曹,heso,hoso,substitution
臍,手相,heso,teso,substitution
蔕,部屋,heta,heya,substitution
部屋,冷や,heya,hiya,substitution
日々,日歩,hibi,hibu,last_char_differs
日々,肘,hibi,hiji,substitution
日々,褒美,hibi,hobi,substitution
日々,機微,hibi,kibi,substitution
日歩,皮膚,hibu,hifu,substitution
日歩,引く,hibu,hiku,substitution
日歩,昼,hibu,hiru,substitution
襞,非道,hida,hido,last_char_differs
襞,彼我,hida,higa,substitution
襞,皮下,hida,hika,substitution
襞,暇,hida,hima,substitution
襞,雛,hida,hina,substitution
襞,平,hida,hira,substitution
襞,冷や,hida,hiya,substitution
襞,膝,hida,hiza,substitution
非道,非常,hido,hijo,substitution
非道,紐,hido,himo,substitution
非道,砒素,hido,hiso,substitution
非道,人,hido,hito,substitution
非道,費用,hido,hiyo,substitution
非道,歩道,hido,hodo,substitution
非道,井戸,hido,ido,insertion
非道,児童,hido,jido,substitution
非道,木戸,hido,kido,substitution
皮膚,引く,hifu,hiku,substitution
皮膚,昼,hifu,hiru,substitution
皮膚,保父,hifu,hofu,substitution
皮膚,慈父,hifu,jifu,substitution
皮膚,棋譜,hifu,kifu,substitution
彼我,髭,higa,hige,last_char_differs
彼我,皮下,higa,hika,substitution
彼我,暇,higa,hima,substitution
彼我,雛,higa,hina,substitution
彼我,平,higa,hira,substitution
彼我,冷や,higa,hiya,substitution
彼我,膝,higa,hiza,substitution
彼我,邦画,higa,hoga,substitution
彼我,毬,higa,iga,insertion
彼我,自画,higa,jiga,substitution
髭,姫,hige,hime,substitution
髭,ひれ,hige,hire,substitution
肘,非常,hiji,hijo,last_char_differs
肘,法事,hiji,hoji,substitution
肘,遺児,hiji,iji,insertion
肘,雉,hiji,kiji,substitution
肘,虹,hiji,niji,substitution
肘,理事,hiji,riji,substitution
非常,紐,hijo,himo,substitution
非常,砒素,hijo,hiso,substitution
非常,人,hijo,hito,substitution
非常,費用,hijo,hiyo,substitution
非常,方丈,hijo,hojo,substitution
非常,異常,hijo,ijo,insertion
非常,侍女,hijo,jijo,substitution
非常,机上,hijo,kijo,substitution
皮下,引く,hika,hiku,last_char_differs
皮下,暇,hika,hima,substitution
皮下,雛,hika,hina,substitution
皮下,平,hika,hira,substitution
皮下,冷や,hika,hiya,substitution
皮下,膝,hika,hiza,substitution
皮下,砲火,hika,hoka,substitution
皮下,烏賊,hika,ika,insertion
皮下,自家,hika,jika,substitution
皮下,幾何,hika,kika,substitution
皮下,理化,hika,rika,substitution
引く,昼,hiku,hiru,substitution
引く,行く,hiku,iku,insertion
引く,軸,hiku,jiku,substitution
引く,菊,hiku,kiku,substitution
引く,肉,hiku,niku,substitution
引く,陸,hiku,riku,substitution
暇,姫,hima,hime,last_char_differs
暇,紐,hima,himo,last_char_differs
暇,雛,hima,hina,substitution
暇,平,hima,hira,substitution
暇,冷や,hima,hiya,substitution
暇,膝,hima,hiza,substitution
暇,今,hima,ima,insertion
姫,紐,hime,himo,last_char_differs
姫,ひれ,hime,hire,substitution
姫,負い目,hime,oime,substitution
紐,砒素,himo,hiso,substitution
紐,人,himo,hito,substitution
紐,費用,himo,hiyo,substitution
紐,芋,himo,imo,insertion
紐,肝,himo,kimo,substitution
雛,平,hina,hira,substitution
雛,冷や,hina,hiya,substitution
雛,膝,hina,hiza,substitution
雛,否,hina,ina,insertion
平,ひれ,hira,hire,last_char_differs
平,昼,hira,hiru,last_char_differs
平,冷や,hira,hiya,substitution
平,膝,hira,hiza,substitution
平,にら,hira,nira,substitution
ひれ,昼,hire,hiru,last_char_differs
昼,ほうる,hiru,horu,substitution
昼,煎る,hiru,iru,insertion
昼,切る,hiru,kiru,substitution
昼,見る,hiru,miru,substitution
昼,似る,hiru,niru,substitution
昼,老いる,hiru,oiru,substitution
砒素,人,hiso,hito,substitution
砒素,費用,hiso,hiyo,substitution
砒素,法曹,hiso,hoso,substitution
砒素,磯,hiso,iso,insertion
砒素,起草,hiso,kiso,substitution
砒素,味噌,hiso,miso,substitution
砒素,尼僧,hiso,niso,substitution
砒素,理想,hiso,riso,substitution
人,費用,hito,hiyo,substitution
人,宝刀,hito,hoto,substitution
人,糸,hito,ito,insertion
人,地頭,hito,jito,substitution
人,気筒,hito,kito,substitution
人,離島,hito,rito,substitution
冷や,費用,hiya,hiyo,last_char_differs
冷や,膝,hiya,hiza,substitution
冷や,嫌,hiya,iya,insertion
冷や,宮,hiya,miya,substitution
費用,法要,hiyo,hoyo,substitution
費用,豹,hiyo,hyo,insertion
費用,異様,hiyo,iyo,insertion
費用,紀要,hiyo,kiyo,substitution
費用,御代,hiyo,miyo,substitution
費用,利用,hiyo,riyo,substitution
膝,きざ,hiza,kiza,substitution
奉安,本,hoan,hon,insertion
奉安,公安,hoan,koan,substitution
奉安,答案,hoan,toan,substitution
褒美,保母,hobi,hobo,last_char_differs
褒美,放映,hobi,hoei,substitution
褒美,法衣,hobi,hoi,insertion
褒美,法事,hobi,hoji,substitution
褒美,箒,hobi,hoki,substitution
褒美,堀,hobi,hori,substitution
褒美,野火,hobi,nobi,substitution
褒美,帯,hobi,obi,insertion
褒美,装備,hobi,sobi,substitution
褒美,鳶,hobi,tobi,substitution
褒美,曜日,hobi,yobi,substitution
保母,歩道,hobo,hodo,substitution
保母,保護,hobo,hogo,substitution
保母,方丈,hobo,hojo,substitution
保母,芳香,hobo,hoko,substitution
保母,炎,hobo,hono,substitution
保母,幌,hobo,horo,substitution
保母,法曹,hobo,hoso,substitution
保母,宝刀,hobo,hoto,substitution
保母,法要,hobo,hoyo,substitution
保母,臍,hobo,hozo,substitution
保母,酵母,hobo,kobo,substitution
保母,応募,hobo,obo,insertion
保母,老母,hobo,robo,substitution
保母,祖母,hobo,sobo,substitution
保母,逃亡,hobo,tobo,substitution
保母,養母,hobo,yobo,substitution
歩道,保護,hodo,hogo,substitution
歩道,方丈,hodo,hojo,substitution
歩道,芳香,hodo,hoko,substitution
歩道,炎,hodo,hono,substitution
歩道,幌,hodo,horo,substitution
歩道,法曹,hodo,hoso,substitution
歩道,宝刀,hodo,hoto,substitution
歩道,法要,hodo,hoyo,substitution
歩道,臍,hodo,hozo,substitution
歩道,浄土,hodo,jodo,substitution
歩道,公道,hodo,kodo,substitution
歩道,喉,hodo,nodo,substitution
歩道,黄土,hodo,odo,insertion
歩道,騒動,hodo,sodo,substitution
歩道,海馬,hodo,todo,substitution
歩道,淀,hodo,yodo,substitution
法会,放映,hoe,hoei,insertion
法会,骨,hoe,hone,insertion
放映,法衣,hoei,hoi,insertion
放映,法事,hoei,hoji,substitution
放映,箒,hoei,hoki,substitution
放映,堀,hoei,hori,substitution
放映,上映,hoei,joei,substitution
放映,後衛,hoei,koei,substitution
放映,投影,hoei,toei,substitution
保父,ほうる,hofu,horu,substitution
保父,干す,hofu,hosu,substitution
保父,校風,hofu,kofu,substitution
保父,毛布,hofu,mofu,substitution
保父,農夫,hofu,nofu,substitution
保父,老婦,hofu,rofu,substitution
保父,祖父,hofu,sofu,substitution
保父,豆腐,hofu,tofu,substitution
保父,養父,hofu,yofu,substitution
邦画,保護,hoga,hogo,last_char_differs
邦画,砲火,hoga,hoka,substitution
邦画,飽和,hoga,howa,substitution
邦画,装画,hoga,soga,substitution
邦画,洋画,hoga,yoga,substitution
保護,方丈,hogo,hojo,substitution
保護,芳香,hogo,hoko,substitution
保護,炎,hogo,hono,substitution
保護,幌,hogo,horo,substitution
保護,法曹,hogo,hoso,substitution
保護,宝刀,hogo,hoto,substitution
保護,法要,hogo,hoyo,substitution
保護,臍,hogo,hozo,substitution
保護,漏斗,hogo,jogo,substitution
保護,皇后,hogo,kogo,substitution
保護,老後,hogo,rogo,substitution
保護,祖語,hogo,sogo,substitution
保護,等号,hogo,togo,substitution
保護,養護,hogo,yogo,substitution
保護,造語,hogo,zogo,substitution
法衣,法事,hoi,hoji,insertion
法衣,箒,hoi,hoki,insertion
法衣,堀,hoi,hori,insertion
法衣,少尉,hoi,shoi,insertion
法事,方丈,hoji,hojo,last_char_differs
法事,箒,hoji,hoki,substitution
法事,堀,hoji,hori,substitution
法事,常時,hoji,joji,substitution
法事,麹,hoji,koji,substitution
法事,文字,hoji,moji,substitution
法事,王子,hoji,oji,insertion
法事,露地,hoji,roji,substitution
法事,掃除,hoji,soji,substitution
法事,冬至,hoji,toji,substitution
法事,幼時,hoji,yoji,substitution
方丈,芳香,hojo,hoko,substitution
方丈,炎,hojo,hono,substitution
方丈,幌,hojo,horo,substitution
方丈,法曹,hojo,hoso,substitution
方丈,宝刀,hojo,hoto,substitution
方丈,法要,hojo,hoyo,substitution
方丈,臍,hojo,hozo,substitution
方丈,乗除,hojo,jojo,substitution
方丈,工場,hojo,kojo,substitution
方丈,農場,hojo,nojo,substitution
方丈,王女,hojo,ojo,insertion
方丈,老女,hojo,rojo,substitution
方丈,僧正,hojo,sojo,substitution
方丈,途上,hojo,tojo,substitution
方丈,幼女,hojo,yojo,substitution
砲火,箒,hoka,hoki,last_char_differs
砲火,芳香,hoka,hoko,last_char_differs
砲火,飽和,hoka,howa,substitution
砲火,硬貨,hoka,koka,substitution
砲火,猛火,hoka,moka,substitution
砲火,農家,hoka,noka,substitution
砲火,丘,hoka,oka,insertion
砲火,廊下,hoka,roka,substitution
砲火,灯火,hoka,toka,substitution
砲火,余暇,hoka,yoka,substitution
砲火,造花,hoka,zoka,substitution
箒,芳香,hoki,hoko,last_char_differs
箒,堀,hoki,hori,substitution
箒,蒸気,hoki,joki,substitution
箒,後期,hoki,koki,substitution
箒,軒,hoki,noki,substitution
箒,沖,hoki,oki,insertion
箒,早期,hoki,soki,substitution
箒,朱鷺,hoki,toki,substitution
箒,容器,hoki,yoki,substitution
箒,雑木,hoki,zoki,substitution
芳香,炎,hoko,hono,substitution
芳香,幌,hoko,horo,substitution
芳香,法曹,hoko,hoso,substitution
芳香,宝刀,hoko,hoto,substitution
芳香,法要,hoko,hoyo,substitution
芳香,臍,hoko,hozo,substitution
芳香,上皇,hoko,joko,substitution
芳香,口腔,hoko,koko,substitution
芳香,猛虎,hoko,moko,substitution
芳香,農高,hoko,noko,substitution
芳香,倉庫,hoko,soko,substitution
芳香,刀工,hoko,toko,substitution
芳香,横,hoko,yoko,substitution
本,骨,hon,hone,insertion
本,炎,hon,hono,insertion
骨,炎,hone,hono,last_char_differs
骨,尾根,hone,one,insertion
炎,幌,hono,horo,substitution
炎,法曹,hono,hoso,substitution
炎,宝刀,hono,hoto,substitution
炎,法要,hono,hoyo,substitution
炎,臍,hono,hozo,substitution
炎,物,hono,mono,substitution
炎,斧,hono,ono,insertion
炎,苑,hono,sono,substitution
炎,殿,hono,tono,substitution
堀,幌,hori,horo,last_char_differs
堀,ほうる,hori,horu,last_char_differs
堀,庵,hori,iori,substitution
堀,行李,hori,kori,substitution
堀,森,hori,mori,substitution
堀,海苔,hori,nori,substitution
堀,檻,hori,ori,insertion
堀,橇,hori,sori,substitution
堀,鳥,hori,tori,substitution
堀,草履,hori,zori,substitution
幌,ほうる,horo,horu,last_char_differs
幌,法曹,horo,hoso,substitution
幌,宝刀,horo,hoto,substitution
幌,法要,horo,hoyo,substitution
幌,臍,horo,hozo,substitution
幌,じょうろ,horo,joro,substitution
幌,頃,horo,koro,substitution
幌,往路,horo,oro,insertion
幌,早老,horo,soro,substitution
幌,灯籠,horo,toro,substitution
ほうる,干す,horu,hosu,substitution
ほうる,凍る,horu,koru,substitution
ほうる,漏る,horu,moru,substitution
ほうる,乗る,horu,noru,substitution
ほうる,居る,horu,oru,insertion
ほうる,剃る,horu,soru,substitution
ほうる,通る,horu,toru,substitution
ほうる,夜,horu,yoru,substitution
法曹,干す,hoso,hosu,last_char_differs
法曹,宝刀,hoso,hoto,substitution
法曹,法要,hoso,hoyo,substitution
法曹,臍,hoso,hozo,substitution
法曹,上層,hoso,joso,substitution
法曹,酵素,hoso,koso,substitution
法曹,妄想,hoso,moso,substitution
法曹,老僧,hoso,roso,substitution
法曹,早々,hoso,soso,substitution
法曹,逃走,hoso,toso,substitution
法曹,余所,hoso,yoso,substitution
干す,乗数,hosu,josu,substitution
干す,漉す,hosu,kosu,substitution
干す,申す,hosu,mosu,substitution
干す,伸す,hosu,nosu,substitution
干す,雄,hosu,osu,insertion
干す,素数,hosu,sosu,substitution
干す,通す,hosu,tosu,substitution
干す,よす,hosu,yosu,substitution
宝刀,法要,hoto,hoyo,substitution
宝刀,臍,hoto,hozo,substitution
宝刀,上等,hoto,joto,substitution
宝刀,孤島,hoto,koto,substitution
宝刀,元,hoto,moto,substitution
宝刀,音,hoto,oto,insertion
宝刀,漏斗,hoto,roto,substitution
宝刀,総統,hoto,soto,substitution
宝刀,徒党,hoto,toto,substitution
宝刀,洋陶,hoto,yoto,substitution
宝刀,贈答,hoto,zoto,substitution
飽和,講話,howa,kowa,substitution
飽和,挿話,howa,sowa,substitution
飽和,とわ,howa,towa,substitution
法要,臍,hoyo,hozo,substitution
法要,豹,hoyo,hyo,insertion
法要,乗用,hoyo,joyo,substitution
法要,紅葉,hoyo,koyo,substitution
法要,模様,hoyo,moyo,substitution
法要,応用,hoyo,oyo,insertion
法要,東洋,hoyo,toyo,substitution
法要,贈与,hoyo,zoyo,substitution
臍,醸造,hozo,jozo,substitution
臍,楮,hozo,kozo,substitution
臍,模造,hozo,mozo,substitution
臍,塑像,hozo,sozo,substitution
異母,慈母,ibo,jibo,insertion
異母,希望,ibo,kibo,insertion
位置,銀杏,ichi,icho,last_char_differs
位置,石,ichi,ishi,substitution
位置,内,ichi,uchi,substitution
銀杏,異邦,icho,iho,insertion
銀杏,衣装,icho,isho,substitution
銀杏,王朝,icho,ocho,substitution
医大,意外,idai,igai,substitution
医大,位牌,idai,ihai,substitution
医大,以来,idai,irai,substitution
井戸,児童,ido,jido,insertion
井戸,木戸,ido,kido,insertion
家出,家々,iede,ieie,substitution
家々,生き餌,ieie,ikie,substitution
家々,入り江,ieie,irie,substitution
家路,家中,ieji,ieju,last_char_differs
家路,胃液,ieji,ieki,substitution
家路,遺児,ieji,iji,insertion
家中,癒える,ieju,ieru,substitution
家中,移住,ieju,iju,insertion
胃液,好い気,ieki,iiki,substitution
胃液,息,ieki,iki,insertion
胃液,一気,ieki,ikki,substitution
胃液,陰気,ieki,inki,substitution
胃液,席,ieki,seki,substitution
胃液,敵,ieki,teki,substitution
胃液,植木,ieki,ueki,substitution
以遠,意見,ien,iken,insertion
以遠,緯線,ien,isen,insertion
以遠,以前,ien,izen,insertion
以遠,離縁,ien,rien,insertion
癒える,煎る,ieru,iru,insertion
癒える,蹴る,ieru,keru,substitution
癒える,練る,ieru,neru,substitution
癒える,終える,ieru,oeru,substitution
癒える,競る,ieru,seru,substitution
癒える,照る,ieru,teru,substitution
癒える,植える,ieru,ueru,substitution
毬,意外,iga,igai,insertion
毬,因果,iga,inga,insertion
毬,自画,iga,jiga,insertion
意外,位牌,igai,ihai,substitution
意外,以来,igai,irai,substitution
意外,大貝,igai,ogai,substitution
意外,含嗽,igai,ugai,substitution
以後,異形,igo,igyo,insertion
以後,事後,igo,jigo,insertion
以後,季語,igo,kigo,insertion
異形,異郷,igyo,ikyo,substitution
異形,飲用,igyo,inyo,substitution
異形,衣料,igyo,iryo,substitution
異形,異様,igyo,iyo,insertion
位牌,以来,ihai,irai,substitution
遺品,医院,ihin,iin,insertion
遺品,偉人,ihin,ijin,substitution
遺品,移民,ihin,imin,substitution
遺品,芯,ihin,shin,substitution
異邦,衣装,iho,isho,insertion
異邦,気泡,iho,kiho,insertion
好い気,息,iiki,iki,insertion
好い気,一気,iiki,ikki,substitution
好い気,陰気,iiki,inki,substitution
好い気,時期,iiki,jiki,substitution
好い気,危機,iiki,kiki,substitution
好い気,幹,iiki,miki,substitution
好い気,利器,iiki,riki,substitution
医院,偉人,iin,ijin,insertion
医院,移民,iin,imin,insertion
医院,寺院,iin,jiin,insertion
医院,棋院,iin,kiin,insertion
遺児,偉人,iji,ijin,insertion
遺児,雉,iji,kiji,insertion
遺児,虹,iji,niji,insertion
遺児,理事,iji,riji,insertion
偉人,移民,ijin,imin,substitution
異常,侍女,ijo,jijo,insertion
異常,机上,ijo,kijo,insertion
移住,喜寿,iju,kiju,insertion
烏賊,遺憾,ika,ikan,insertion
烏賊,一家,ika,ikka,insertion
烏賊,自家,ika,jika,insertion
烏賊,幾何,ika,kika,insertion
烏賊,理化,ika,rika,insertion
遺憾,意見,ikan,iken,substitution
遺憾,以南,ikan,inan,substitution
遺憾,胃酸,ikan,isan,substitution
遺憾,缶,ikan,kan,insertion
遺憾,王冠,ikan,okan,substitution
池,意見,ike,iken,insertion
池,生き餌,ike,ikie,insertion
意見,緯線,iken,isen,substitution
意見,以前,iken,izen,substitution
意見,剣,iken,ken,insertion
息,生き餌,iki,ikie,insertion
息,一気,iki,ikki,insertion
息,陰気,iki,inki,insertion
息,時期,iki,jiki,insertion
息,危機,iki,kiki,insertion
息,幹,iki,miki,insertion
息,利器,iki,riki,insertion
生き餌,入り江,ikie,irie,substitution
生き餌,帰依,ikie,kie,insertion
一家,一気,ikka,ikki,last_char_differs
一家,一行,ikka,ikko,last_char_differs
一気,一行,ikki,ikko,last_char_differs
一気,陰気,ikki,inki,substitution
一行,以降,ikko,iko,insertion
一行,異郷,ikko,ikyo,substitution
一行,鸚哥,ikko,inko,substitution
以降,憩う,iko,ikou,insertion
以降,異郷,iko,ikyo,insertion
以降,鸚哥,iko,inko,insertion
以降,自校,iko,jiko,insertion
以降,気孔,iko,kiko,insertion
以降,巫女,iko,miko,insertion
以降,理工,iko,riko,insertion
憩う,行く,ikou,iku,insertion
憩う,厭う,ikou,itou,substitution
憩う,恋う,ikou,kou,insertion
行く,軸,iku,jiku,insertion
行く,菊,iku,kiku,insertion
行く,肉,iku,niku,insertion
行く,陸,iku,riku,insertion
異郷,飲用,ikyo,inyo,substitution
異郷,衣料,ikyo,iryo,substitution
異郷,異様,ikyo,iyo,insertion
異郷,卿,ikyo,kyo,insertion
意味,移民,imi,imin,insertion
意味,地味,imi,jimi,insertion
意味,黄身,imi,kimi,insertion
意味,耳,imi,mimi,insertion
芋,肝,imo,kimo,insertion
否,以南,ina,inan,insertion
否,因果,ina,inga,insertion
以南,胃酸,inan,isan,substitution
稲,陰影,ine,inei,insertion
稲,杵,ine,kine,insertion
稲,峰,ine,mine,insertion
陰影,陰気,inei,inki,substitution
陰影,慰霊,inei,irei,substitution
陰影,以西,inei,isei,substitution
因果,運河,inga,unga,substitution
陰気,鸚哥,inki,inko,last_char_differs
鸚哥,印篭,inko,inro,substitution
鸚哥,飲用,inko,inyo,substitution
鸚哥,温厚,inko,onko,substitution
鸚哥,うんこ,inko,unko,substitution
印篭,飲用,inro,inyo,substitution
印篭,色,inro,iro,insertion
犬,絹,inu,kinu,insertion
飲用,衣料,inyo,iryo,substitution
飲用,異様,inyo,iyo,insertion
庵,行李,iori,kori,substitution
庵,森,iori,mori,substitution
庵,海苔,iori,nori,substitution
庵,檻,iori,ori,insertion
庵,橇,iori,sori,substitution
庵,鳥,iori,tori,substitution
庵,草履,iori,zori,substitution
一派,一方,ippa,ippo,last_char_differs
一方,尾っぽ,ippo,oppo,substitution
以来,慰霊,irai,irei,substitution
以来,衣類,irai,irui,substitution
慰霊,衣類,irei,irui,substitution
慰霊,以西,irei,isei,substitution
慰霊,御礼,irei,orei,substitution
色,衣料,iro,iryo,insertion
色,岐路,iro,kiro,insertion
煎る,衣類,iru,irui,insertion
煎る,切る,iru,kiru,insertion
煎る,見る,iru,miru,insertion
煎る,似る,iru,niru,insertion
煎る,老いる,iru,oiru,insertion
衣料,異様,iryo,iyo,insertion
胃酸,緯線,isan,isen,substitution
胃酸,御産,isan,osan,substitution
以西,緯線,isei,isen,last_char_differs
以西,石,isei,ishi,substitution
以西,旺盛,isei,osei,substitution
以西,聖,isei,sei,insertion
緯線,以前,isen,izen,substitution
緯線,線,isen,sen,insertion
医者,石,isha,ishi,last_char_differs
医者,衣装,isha,isho,last_char_differs
石,衣装,ishi,isho,last_char_differs
石,牡牛,ishi,oshi,substitution
石,市,ishi,shi,insertion
石,牛,ishi,ushi,substitution
衣装,磯,isho,iso,insertion
衣装,王将,isho,osho,substitution
衣装,笙,isho,sho,insertion
磯,起草,iso,kiso,insertion
磯,味噌,iso,miso,insertion
磯,尼僧,iso,niso,insertion
磯,理想,iso,riso,insertion
椅子,いつ,isu,itsu,insertion
椅子,鱚,isu,kisu,insertion
椅子,御簾,isu,misu,insertion
椅子,りす,isu,risu,insertion
板,北,ita,kita,insertion
糸,厭う,ito,itou,insertion
糸,地頭,ito,jito,insertion
糸,気筒,ito,kito,insertion
糸,離島,ito,rito,insertion
厭う,いつ,itou,itsu,substitution
いつ,通,itsu,tsu,insertion
いつ,打つ,itsu,utsu,substitution
岩,祝う,iwa,iwau,insertion
岩,庭,iwa,niwa,insertion
嫌,宮,iya,miya,insertion
異様,紀要,iyo,kiyo,insertion
異様,御代,iyo,miyo,insertion
異様,利用,iyo,riyo,insertion
以前,膳,izen,zen,insertion
じゃこ,自校,jako,jiko,substitution
じゃこ,上皇,jako,joko,substitution
じゃこ,住戸,jako,juko,substitution
じゃこ,河口,jako,kako,substitution
じゃこ,蛸,jako,tako,substitution
じゃこ,夜行,jako,yako,substitution
じゃこ,雑魚,jako,zako,substitution
邪魔,窯,jama,kama,substitution
邪魔,生,jama,nama,substitution
邪魔,様,jama,sama,substitution
邪魔,弾,jama,tama,substitution
邪魔,山,jama,yama,substitution
邪魔,ざま,jama,zama,substitution
砂利,仮,jari,kari,substitution
砂利,鞠,jari,mari,substitution
砂利,なり,jari,nari,substitution
砂利,割,jari,wari,substitution
砂利,槍,jari,yari,substitution
地場,慈母,jiba,jibo,last_char_differs
地場,自画,jiba,jiga,substitution
地場,自家,jiba,jika,substitution
地場,時差,jiba,jisa,substitution
地場,乗馬,jiba,joba,substitution
地場,牙,jiba,kiba,substitution
慈母,児童,jibo,jido,substitution
慈母,事後,jibo,jigo,substitution
慈母,侍女,jibo,jijo,substitution
慈母,自校,jibo,jiko,substitution
慈母,地頭,jibo,jito,substitution
慈母,地蔵,jibo,jizo,substitution
慈母,希望,jibo,kibo,substitution
児童,事後,jido,jigo,substitution
児童,侍女,jido,jijo,substitution
児童,自校,jido,jiko,substitution
児童,地頭,jido,jito,substitution
児童,地蔵,jido,jizo,substitution
児童,浄土,jido,jodo,substitution
児童,柔道,jido,judo,substitution
児童,木戸,jido,kido,substitution
慈父,治具,jifu,jigu,substitution
慈父,軸,jifu,jiku,substitution
慈父,自由,jifu,jiyu,substitution
慈父,棋譜,jifu,kifu,substitution
自画,事後,jiga,jigo,last_char_differs
自画,治具,jiga,jigu,last_char_differs
自画,自家,jiga,jika,substitution
自画,時差,jiga,jisa,substitution
事後,治具,jigo,jigu,last_char_differs
事後,侍女,jigo,jijo,substitution
事後,自校,jigo,jiko,substitution
事後,地頭,jigo,jito,substitution
事後,地蔵,jigo,jizo,substitution
事後,漏斗,jigo,jogo,substitution
事後,季語,jigo,kigo,substitution
治具,軸,jigu,jiku,substitution
治具,自由,jigu,jiyu,substitution
治具,器具,jigu,kigu,substitution
寺院,字音,jiin,jion,substitution
寺院,上院,jiin,join,substitution
寺院,棋院,jiin,kiin,substitution
侍女,自校,jijo,jiko,substitution
侍女,地頭,jijo,jito,substitution
侍女,地蔵,jijo,jizo,substitution
侍女,乗除,jijo,jojo,substitution
侍女,樹上,jijo,jujo,substitution
侍女,机上,jijo,kijo,substitution
自家,時期,jika,jiki,last_char_differs
自家,自校,jika,jiko,last_char_differs
自家,軸,jika,jiku,last_char_differs
自家,時差,jika,jisa,substitution
自家,幾何,jika,kika,substitution
自家,理化,jika,rika,substitution
時期,自校,jiki,jiko,last_char_differs
時期,軸,jiki,jiku,last_char_differs
時期,地味,jiki,jimi,substitution
時期,蒸気,jiki,joki,substitution
時期,重機,jiki,juki,substitution
時期,危機,jiki,kiki,substitution
時期,幹,jiki,miki,substitution
時期,利器,jiki,riki,substitution
自校,軸,jiko,jiku,last_char_differs
自校,地頭,jiko,jito,substitution
自校,地蔵,jiko,jizo,substitution
自校,上皇,jiko,joko,substitution
自校,住戸,jiko,juko,substitution
自校,気孔,jiko,kiko,substitution
自校,巫女,jiko,miko,substitution
自校,理工,jiko,riko,substitution
軸,自由,jiku,jiyu,substitution
軸,上空,jiku,joku,substitution
軸,塾,jiku,juku,substitution
軸,菊,jiku,kiku,substitution
軸,肉,jiku,niku,substitution
軸,陸,jiku,riku,substitution
地味,黄身,jimi,kimi,substitution
地味,耳,jimi,mimi,substitution
字音,常温,jion,jon,insertion
地頭,地蔵,jito,jizo,substitution
地頭,上等,jito,joto,substitution
地頭,気筒,jito,kito,substitution
地頭,離島,jito,rito,substitution
自由,女優,jiyu,joyu,substitution
自由,重油,jiyu,juyu,substitution
自由,理由,jiyu,riyu,substitution
地蔵,醸造,jizo,jozo,substitution
地蔵,溝,jizo,mizo,substitution
乗馬,丈夫,joba,jobu,last_char_differs
乗馬,除夜,joba,joya,substitution
乗馬,伯母,joba,oba,insertion
乗馬,驢馬,joba,roba,substitution
乗馬,蕎麦,joba,soba,substitution
丈夫,上空,jobu,joku,substitution
丈夫,乗務,jobu,jomu,substitution
丈夫,乗数,jobu,josu,substitution
丈夫,女優,jobu,joyu,substitution
丈夫,上手,jobu,jozu,substitution
丈夫,頭部,jobu,tobu,substitution
丈夫,腰部,jobu,yobu,substitution
浄土,漏斗,jodo,jogo,substitution
浄土,上方,jodo,joho,substitution
浄土,乗除,jodo,jojo,substitution
浄土,上皇,jodo,joko,substitution
浄土,じょうろ,jodo,joro,substitution
浄土,上層,jodo,joso,substitution
浄土,上等,jodo,joto,substitution
浄土,乗用,jodo,joyo,substitution
浄土,醸造,jodo,jozo,substitution
浄土,柔道,jodo,judo,substitution
浄土,公道,jodo,kodo,substitution
浄土,喉,jodo,nodo,substitution
浄土,黄土,jodo,odo,insertion
浄土,騒動,jodo,sodo,substitution
浄土,海馬,jodo,todo,substitution
浄土,淀,jodo,yodo,substitution
上映,上演,joei,joen,last_char_differs
上映,定規,joei,jogi,substitution
上映,上皮,joei,johi,substitution
上映,女医,joei,joi,insertion
上映,常時,joei,joji,substitution
上映,蒸気,joei,joki,substitution
上映,後衛,joei,koei,substitution
上映,投影,joei,toei,substitution
上演,上院,joen,join,substitution
上演,常温,joen,jon,insertion
上演,公園,joen,koen,substitution
上演,農園,joen,noen,substitution
上演,応援,joen,oen,insertion
上演,疎遠,joen,soen,substitution
上演,遠縁,joen,toen,substitution
定規,漏斗,jogi,jogo,last_char_differs
定規,上皮,jogi,johi,substitution
定規,女医,jogi,joi,insertion
定規,常時,jogi,joji,substitution
定規,蒸気,jogi,joki,substitution
定規,講義,jogi,kogi,substitution
定規,芒,jogi,nogi,substitution
定規,扇,jogi,ogi,insertion
定規,都議,jogi,togi,substitution
漏斗,上方,jogo,joho,substitution
漏斗,乗除,jogo,jojo,substitution
漏斗,上皇,jogo,joko,substitution
漏斗,じょうろ,jogo,joro,substitution
漏斗,上層,jogo,joso,substitution
漏斗,上等,jogo,joto,substitution
漏斗,乗用,jogo,joyo,substitution
漏斗,醸造,jogo,jozo,substitution
漏斗,皇后,jogo,kogo,substitution
漏斗,老後,jogo,rogo,substitution
漏斗,祖語,jogo,sogo,substitution
漏斗,等号,jogo,togo,substitution
漏斗,養護,jogo,yogo,substitution
漏斗,造語,jogo,zogo,substitution
上皮,上方,johi,joho,last_char_differs
上皮,女医,johi,joi,insertion
上皮,常時,johi,joji,substitution
上皮,蒸気,johi,joki,substitution
上皮,樹皮,johi,juhi,substitution
上皮,公費,johi,kohi,substitution
上皮,王妃,johi,ohi,insertion
上皮,党費,johi,tohi,substitution
上方,乗除,joho,jojo,substitution
上方,上皇,joho,joko,substitution
上方,じょうろ,joho,joro,substitution
上方,上層,joho,joso,substitution
上方,上等,joho,joto,substitution
上方,乗用,joho,joyo,substitution
上方,醸造,joho,jozo,substitution
上方,後方,joho,koho,substitution
上方,走法,joho,soho,substitution
上方,当方,joho,toho,substitution
上方,増補,joho,zoho,substitution
女医,上院,joi,join,insertion
女医,常時,joi,joji,insertion
女医,蒸気,joi,joki,insertion
上院,常温,join,jon,insertion
上院,公印,join,koin,substitution
上院,党員,join,toin,substitution
上院,要員,join,yoin,substitution
常時,乗除,joji,jojo,last_char_differs
常時,蒸気,joji,joki,substitution
常時,住持,joji,juji,substitution
常時,麹,joji,koji,substitution
常時,文字,joji,moji,substitution
常時,王子,joji,oji,insertion
常時,露地,joji,roji,substitution
常時,掃除,joji,soji,substitution
常時,冬至,joji,toji,substitution
常時,幼時,joji,yoji,substitution
乗除,上皇,jojo,joko,substitution
乗除,じょうろ,jojo,joro,substitution
乗除,上層,jojo,joso,substitution
乗除,上等,jojo,joto,substitution
乗除,乗用,jojo,joyo,substitution
乗除,醸造,jojo,jozo,substitution
乗除,樹上,jojo,jujo,substitution
乗除,工場,jojo,kojo,substitution
乗除,農場,jojo,nojo,substitution
乗除,王女,jojo,ojo,insertion
乗除,老女,jojo,rojo,substitution
乗除,僧正,jojo,sojo,substitution
乗除,途上,jojo,tojo,substitution
乗除,幼女,jojo,yojo,substitution
蒸気,上皇,joki,joko,last_char_differs
蒸気,上空,joki,joku,last_char_differs
蒸気,重機,joki,juki,substitution
蒸気,後期,joki,koki,substitution
蒸気,軒,joki,noki,substitution
蒸気,沖,joki,oki,insertion
蒸気,早期,joki,soki,substitution
蒸気,朱鷺,joki,toki,substitution
蒸気,容器,joki,yoki,substitution
蒸気,雑木,joki,zoki,substitution
上皇,上空,joko,joku,last_char_differs
上皇,じょうろ,joko,joro,substitution
上皇,上層,joko,joso,substitution
上皇,上等,joko,joto,substitution
上皇,乗用,joko,joyo,substitution
上皇,醸造,joko,jozo,substitution
上皇,住戸,joko,juko,substitution
上皇,口腔,joko,koko,substitution
上皇,猛虎,joko,moko,substitution
上皇,農高,joko,noko,substitution
上皇,倉庫,joko,soko,substitution
上皇,刀工,joko,toko,substitution
上皇,横,joko,yoko,substitution
上空,乗務,joku,jomu,substitution
上空,乗数,joku,josu,substitution
上空,女優,joku,joyu,substitution
上空,上手,joku,jozu,substitution
上空,塾,joku,juku,substitution
上空,高空,joku,koku,substitution
上空,のく,joku,noku,substitution
上空,奥,joku,oku,insertion
上空,禄,joku,roku,substitution
上空,遠く,joku,toku,substitution
上空,欲,joku,yoku,substitution
上空,賊,joku,zoku,substitution
乗務,乗数,jomu,josu,substitution
乗務,女優,jomu,joyu,substitution
乗務,上手,jomu,jozu,substitution
乗務,込む,jomu,komu,substitution
乗務,揉む,jomu,momu,substitution
乗務,飲む,jomu,nomu,substitution
乗務,鸚鵡,jomu,omu,insertion
乗務,総務,jomu,somu,substitution
乗務,詠む,jomu,yomu,substitution
じょうろ,上層,joro,joso,substitution
じょうろ,上等,joro,joto,substitution
じょうろ,乗用,joro,joyo,substitution
じょうろ,醸造,joro,jozo,substitution
じょうろ,頃,joro,koro,substitution
じょうろ,往路,joro,oro,insertion
じょうろ,早老,joro,soro,substitution
じょうろ,灯籠,joro,toro,substitution
上層,乗数,joso,josu,last_char_differs
上層,上等,joso,joto,substitution
上層,乗用,joso,joyo,substitution
上層,醸造,joso,jozo,substitution
上層,重曹,joso,juso,substitution
上層,酵素,joso,koso,substitution
上層,妄想,joso,moso,substitution
上層,老僧,joso,roso,substitution
上層,早々,joso,soso,substitution
上層,逃走,joso,toso,substitution
上層,余所,joso,yoso,substitution
乗数,女優,josu,joyu,substitution
乗数,上手,josu,jozu,substitution
乗数,漉す,josu,kosu,substitution
乗数,申す,josu,mosu,substitution
乗数,伸す,josu,nosu,substitution
乗数,雄,josu,osu,insertion
乗数,素数,josu,sosu,substitution
乗数,通す,josu,tosu,substitution
乗数,よす,josu,yosu,substitution
上等,乗用,joto,joyo,substitution
上等,醸造,joto,jozo,substitution
上等,孤島,joto,koto,substitution
上等,元,joto,moto,substitution
上等,音,joto,oto,insertion
上等,漏斗,joto,roto,substitution
上等,総統,joto,soto,substitution
上等,徒党,joto,toto,substitution
上等,洋陶,joto,yoto,substitution
上等,贈答,joto,zoto,substitution
除夜,乗用,joya,joyo,last_char_differs
除夜,女優,joya,joyu,last_char_differs
除夜,荒野,joya,koya,substitution
除夜,もや,joya,moya,substitution
除夜,親,joya,oya,insertion
除夜,牢屋,joya,roya,substitution
除夜,粗野,joya,soya,substitution
除夜,当夜,joya,toya,substitution
乗用,女優,joyo,joyu,last_char_differs
乗用,醸造,joyo,jozo,substitution
乗用,重要,joyo,juyo,substitution
乗用,紅葉,joyo,koyo,substitution
乗用,模様,joyo,moyo,substitution
乗用,応用,joyo,oyo,insertion
乗用,東洋,joyo,toyo,substitution
乗用,贈与,joyo,zoyo,substitution
女優,上手,joyu,jozu,substitution
女優,重油,joyu,juyu,substitution
女優,交友,joyu,koyu,substitution
女優,灯油,joyu,toyu,substitution
女優,余裕,joyu,yoyu,substitution
醸造,上手,jozo,jozu,last_char_differs
醸造,楮,jozo,kozo,substitution
醸造,模造,jozo,mozo,substitution
醸造,塑像,jozo,sozo,substitution
上手,数珠,jozu,juzu,substitution
上手,百舌,jozu,mozu,substitution
柔道,樹上,judo,jujo,substitution
柔道,住戸,judo,juko,substitution
柔道,重曹,judo,juso,substitution
柔道,重要,judo,juyo,substitution
柔道,うど,judo,udo,insertion
柔道,誘導,judo,yudo,substitution
樹皮,獣医,juhi,jui,insertion
樹皮,住持,juhi,juji,substitution
樹皮,重機,juhi,juki,substitution
樹皮,准尉,juhi,juni,substitution
樹皮,夕日,juhi,yuhi,substitution
獣医,住持,jui,juji,insertion
獣医,重機,jui,juki,insertion
獣医,准尉,jui,juni,insertion
住持,樹上,juji,jujo,last_char_differs
住持,重機,juji,juki,substitution
住持,准尉,juji,juni,substitution
住持,くじ,juji,kuji,substitution
住持,無地,juji,muji,substitution
住持,筋,juji,suji,substitution
住持,氏,juji,uji,insertion
樹上,住戸,jujo,juko,substitution
樹上,重曹,jujo,juso,substitution
樹上,重要,jujo,juyo,substitution
樹上,苦情,jujo,kujo,substitution
樹上,無上,jujo,mujo,substitution
樹上,遊女,jujo,yujo,substitution
樹上,頭上,jujo,zujo,substitution
重機,住戸,juki,juko,last_char_differs
重機,塾,juki,juku,last_char_differs
重機,准尉,juki,juni,substitution
重機,空気,juki,kuki,substitution
重機,無期,juki,muki,substitution
重機,鋤,juki,suki,substitution
重機,雨季,juki,uki,insertion
重機,雪,juki,yuki,substitution
住戸,塾,juko,juku,last_char_differs
住戸,重曹,juko,juso,substitution
住戸,重要,juko,juyo,substitution
住戸,空港,juko,kuko,substitution
住戸,婿,juko,muko,substitution
住戸,崇高,juko,suko,substitution
住戸,有効,juko,yuko,substitution
住戸,図工,juko,zuko,substitution
塾,重油,juku,juyu,substitution
塾,数珠,juku,juzu,substitution
塾,九々,juku,kuku,substitution
塾,剥く,juku,muku,substitution
塾,抜く,juku,nuku,substitution
塾,好く,juku,suku,substitution
塾,浮く,juku,uku,insertion
順,准尉,jun,juni,insertion
准尉,国,juni,kuni,substitution
准尉,雲丹,juni,uni,insertion
重曹,重要,juso,juyo,substitution
重曹,空疎,juso,kuso,substitution
重曹,夢想,juso,muso,substitution
重曹,裾,juso,suso,substitution
重曹,郵送,juso,yuso,substitution
重要,重油,juyo,juyu,last_char_differs
重要,供養,juyo,kuyo,substitution
重要,無用,juyo,muyo,substitution
重要,有用,juyo,yuyo,substitution
重油,数珠,juyu,juzu,substitution
重油,空輸,juyu,kuyu,substitution
数珠,錫,juzu,suzu,substitution
数珠,渦,juzu,uzu,insertion
数珠,柚子,juzu,yuzu,substitution
河馬,壁,kaba,kabe,last_char_differs
河馬,華美,kaba,kabi,last_char_differs
河馬,蕪,kaba,kabu,last_char_differs
河馬,窯,kaba,kama,substitution
河馬,殻,kaba,kara,substitution
河馬,傘,kaba,kasa,substitution
河馬,潟,kaba,kata,substitution
河馬,川,kaba,kawa,substitution
河馬,蚊帳,kaba,kaya,substitution
河馬,牙,kaba,kiba,substitution
河馬,鯖,kaba,saba,substitution
河馬,束,kaba,taba,substitution
壁,華美,kabe,kabi,last_char_differs
壁,蕪,kabe,kabu,last_char_differs
壁,影,kabe,kage,substitution
壁,亀,kabe,kame,substitution
壁,鐘,kabe,kane,substitution
壁,彼,kabe,kare,substitution
壁,糧,kabe,kate,substitution
壁,風,kabe,kaze,substitution
壁,こうべ,kabe,kobe,substitution
壁,鍋,kabe,nabe,substitution
華美,蕪,kabi,kabu,last_char_differs
華美,鍵,kabi,kagi,substitution
華美,歌碑,kabi,kahi,substitution
華美,貝,kabi,kai,insertion
華美,舵,kabi,kaji,substitution
華美,柿,kabi,kaki,substitution
華美,神,kabi,kami,substitution
華美,蟹,kabi,kani,substitution
華美,仮,kabi,kari,substitution
華美,機微,kabi,kibi,substitution
華美,首,kabi,kubi,substitution
華美,錆,kabi,sabi,substitution
華美,足袋,kabi,tabi,substitution
蕪,家風,kabu,kafu,substitution
蕪,家具,kabu,kagu,substitution
蕪,果樹,kabu,kaju,substitution
蕪,閣,kabu,kaku,substitution
蕪,噛む,kabu,kamu,substitution
蕪,刈る,kabu,karu,substitution
蕪,かす,kabu,kasu,substitution
蕪,買う,kabu,kau,insertion
蕪,粥,kabu,kayu,substitution
蕪,区部,kabu,kubu,substitution
蕪,藪,kabu,yabu,substitution
角,籠,kado,kago,substitution
角,家宝,kado,kaho,substitution
角,加除,kado,kajo,substitution
角,河口,kado,kako,substitution
角,鴨,kado,kamo,substitution
角,可能,kado,kano,substitution
角,顔,kado,kao,insertion
角,家老,kado,karo,substitution
角,下層,kado,kaso,substitution
角,下等,kado,kato,substitution
角,火曜,kado,kayo,substitution
角,木戸,kado,kido,substitution
角,公道,kado,kodo,substitution
角,窓,kado,mado,substitution
角,茶道,kado,sado,substitution
角,宿,kado,yado,substitution
家風,家具,kafu,kagu,substitution
家風,果樹,kafu,kaju,substitution
家風,閣,kafu,kaku,substitution
家風,噛む,kafu,kamu,substitution
家風,刈る,kafu,karu,substitution
家風,かす,kafu,kasu,substitution
家風,買う,kafu,kau,insertion
家風,粥,kafu,kayu,substitution
家風,棋譜,kafu,kifu,substitution
家風,校風,kafu,kofu,substitution
家風,工夫,kafu,kufu,substitution
家風,和風,kafu,wafu,substitution
影,鍵,kage,kagi,last_char_differs
影,籠,kage,kago,last_char_differs
影,家具,kage,kagu,last_char_differs
影,亀,kage,kame,substitution
影,鐘,kage,kane,substitution
影,彼,kage,kare,substitution
影,糧,kage,kate,substitution
影,風,kage,kaze,substitution
影,公家,kage,kuge,substitution
影,髷,kage,mage,substitution
鍵,籠,kagi,kago,last_char_differs
鍵,家具,kagi,kagu,last_char_differs
鍵,歌碑,kagi,kahi,substitution
鍵,貝,kagi,kai,insertion
鍵,舵,kagi,kaji,substitution
鍵,柿,kagi,kaki,substitution
鍵,神,kagi,kami,substitution
鍵,蟹,kagi,kani,substitution
鍵,仮,kagi,kari,substitution
鍵,木々,kagi,kigi,substitution
鍵,講義,kagi,kogi,substitution
鍵,釘,kagi,kugi,substitution
鍵,凪,kagi,nagi,substitution
鍵,鷺,kagi,sagi,substitution
鍵,山羊,kagi,yagi,substitution
籠,家具,kago,kagu,last_char_differs
籠,家宝,kago,kaho,substitution
籠,加除,kago,kajo,substitution
籠,河口,kago,kako,substitution
籠,鴨,kago,kamo,substitution
籠,可能,kago,kano,substitution
籠,顔,kago,kao,insertion
籠,家老,kago,karo,substitution
籠,下層,kago,kaso,substitution
籠,下等,kago,kato,substitution
籠,火曜,kago,kayo,substitution
籠,季語,kago,kigo,substitution
籠,皇后,kago,kogo,substitution
籠,孫,kago,mago,substitution
籠,やご,kago,yago,substitution
家具,果樹,kagu,kaju,substitution
家具,閣,kagu,kaku,substitution
家具,噛む,kagu,kamu,substitution
家具,刈る,kagu,karu,substitution
家具,かす,kagu,kasu,substitution
家具,買う,kagu,kau,insertion
家具,粥,kagu,kayu,substitution
家具,器具,kagu,kigu,substitution
家具,工具,kagu,kogu,substitution
家具,凪ぐ,kagu,nagu,substitution
家具,夜具,kagu,yagu,substitution
歌碑,家宝,kahi,kaho,last_char_differs
歌碑,貝,kahi,kai,insertion
歌碑,舵,kahi,kaji,substitution
歌碑,柿,kahi,kaki,substitution
歌碑,神,kahi,kami,substitution
歌碑,蟹,kahi,kani,substitution
歌碑,仮,kahi,kari,substitution
歌碑,公費,kahi,kohi,substitution
家宝,加除,kaho,kajo,substitution
家宝,河口,kaho,kako,substitution
家宝,鴨,kaho,kamo,substitution
家宝,可能,kaho,kano,substitution
家宝,顔,kaho,kao,insertion
家宝,家老,kaho,karo,substitution
家宝,下層,kaho,kaso,substitution
家宝,下等,kaho,kato,substitution
家宝,火曜,kaho,kayo,substitution
家宝,気泡,kaho,kiho,substitution
家宝,後方,kaho,koho,substitution
家宝,魔法,kaho,maho,substitution
家宝,作法,kaho,saho,substitution
家宝,野砲,kaho,yaho,substitution
貝,下院,kai,kain,insertion
貝,舵,kai,kaji,insertion
貝,柿,kai,kaki,insertion
貝,神,kai,kami,insertion
貝,蟹,kai,kani,insertion
貝,仮,kai,kari,insertion
貝,気合い,kai,kiai,insertion
貝,鵜飼い,kai,ukai,insertion
下院,缶,kain,kan,insertion
下院,棋院,kain,kiin,substitution
下院,公印,kain,koin,substitution
舵,加除,kaji,kajo,last_char_differs
舵,果樹,kaji,kaju,last_char_differs
舵,柿,kaji,kaki,substitution
舵,神,kaji,kami,substitution
舵,蟹,kaji,kani,substitution
舵,仮,kaji,kari,substitution
舵,雉,kaji,kiji,substitution
舵,麹,kaji,koji,substitution
舵,くじ,kaji,kuji,substitution
舵,大味,kaji,oaji,substitution
舵,匙,kaji,saji,substitution
舵,野次,kaji,yaji,substitution
加除,果樹,kajo,kaju,last_char_differs
加除,河口,kajo,kako,substitution
加除,鴨,kajo,kamo,substitution
加除,可能,kajo,kano,substitution
加除,顔,kajo,kao,insertion
加除,家老,kajo,karo,substitution
加除,下層,kajo,kaso,substitution
加除,下等,kajo,kato,substitution
加除,火曜,kajo,kayo,substitution
加除,机上,kajo,kijo,substitution
加除,工場,kajo,kojo,substitution
加除,苦情,kajo,kujo,substitution
加除,魔女,kajo,majo,substitution
加除,砂上,kajo,sajo,substitution
果樹,閣,kaju,kaku,substitution
果樹,噛む,kaju,kamu,substitution
果樹,刈る,kaju,karu,substitution
果樹,かす,kaju,kasu,substitution
果樹,買う,kaju,kau,insertion
果樹,粥,kaju,kayu,substitution
果樹,喜寿,kaju,kiju,substitution
果樹,苦汁,kaju,kuju,substitution
果樹,輪中,kaju,waju,substitution
果樹,野獣,kaju,yaju,substitution
柿,河口,kaki,kako,last_char_differs
柿,閣,kaki,kaku,last_char_differs
柿,神,kaki,kami,substitution
柿,蟹,kaki,kani,substitution
柿,仮,kaki,kari,substitution
柿,危機,kaki,kiki,substitution
柿,後期,kaki,koki,substitution
柿,空気,kaki,kuki,substitution
柿,薪,kaki,maki,substitution
柿,先,kaki,saki,substitution
柿,滝,kaki,taki,substitution
柿,脇,kaki,waki,substitution
河口,閣,kako,kaku,last_char_differs
河口,鴨,kako,kamo,substitution
河口,可能,kako,kano,substitution
河口,顔,kako,kao,insertion
河口,家老,kako,karo,substitution
河口,下層,kako,kaso,substitution
河口,下等,kako,kato,substitution
河口,火曜,kako,kayo,substitution
河口,気孔,kako,kiko,substitution
河口,口腔,kako,koko,substitution
河口,空港,kako,kuko,substitution
河口,蛸,kako,tako,substitution
河口,夜行,kako,yako,substitution
河口,雑魚,kako,zako,substitution
閣,噛む,kaku,kamu,substitution
閣,刈る,kaku,karu,substitution
閣,かす,kaku,kasu,substitution
閣,買う,kaku,kau,insertion
閣,粥,kaku,kayu,substitution
閣,菊,kaku,kiku,substitution
閣,高空,kaku,koku,substitution
閣,九々,kaku,kuku,substitution
閣,幕,kaku,maku,substitution
閣,泣く,kaku,naku,substitution
閣,楽,kaku,raku,substitution
閣,柵,kaku,saku,substitution
閣,宅,kaku,taku,substitution
閣,枠,kaku,waku,substitution
閣,葯,kaku,yaku,substitution
窯,亀,kama,kame,last_char_differs
窯,神,kama,kami,last_char_differs
窯,鴨,kama,kamo,last_char_differs
窯,噛む,kama,kamu,last_char_differs
窯,殻,kama,kara,substitution
窯,傘,kama,kasa,substitution
窯,潟,kama,kata,substitution
窯,川,kama,kawa,substitution
窯,蚊帳,kama,kaya,substitution
窯,駒,kama,koma,substitution
窯,熊,kama,kuma,substitution
窯,生,kama,nama,substitution
窯,様,kama,sama,substitution
窯,弾,kama,tama,substitution
窯,山,kama,yama,substitution
窯,ざま,kama,zama,substitution
亀,神,kame,kami,last_char_differs
亀,鴨,kame,kamo,last_char_differs
亀,噛む,kame,kamu,last_char_differs
亀,鐘,kame,kane,substitution
亀,彼,kame,kare,substitution
亀,糧,kame,kate,substitution
亀,風,kame,kaze,substitution
亀,米,kame,kome,substitution
亀,豆,kame,mame,substitution
亀,大雨,kame,oame,substitution
亀,鮫,kame,same,substitution
神,鴨,kami,kamo,last_char_differs
神,噛む,kami,kamu,last_char_differs
神,蟹,kami,kani,substitution
神,仮,kami,kari,substitution
神,黄身,kami,kimi,substitution
神,組,kami,kumi,substitution
神,波,kami,nami,substitution
神,民,kami,tami,substitution
神,闇,kami,yami,substitution
鴨,噛む,kamo,kamu,last_char_differs
鴨,可能,kamo,kano,substitution
鴨,顔,kamo,kao,insertion
鴨,家老,kamo,karo,substitution
鴨,下層,kamo,kaso,substitution
鴨,下等,kamo,kato,substitution
鴨,火曜,kamo,kayo,substitution
鴨,肝,kamo,kimo,substitution
鴨,薦,kamo,komo,substitution
鴨,雲,kamo,kumo,substitution
鴨,たも,kamo,tamo,substitution
噛む,刈る,kamu,karu,substitution
噛む,かす,kamu,kasu,substitution
噛む,買う,kamu,kau,insertion
噛む,粥,kamu,kayu,substitution
噛む,込む,kamu,komu,substitution
噛む,汲む,kamu,kumu,substitution
噛む,止む,kamu,yamu,substitution
缶,鐘,kan,kane,insertion
缶,蟹,kan,kani,insertion
缶,可能,kan,kano,insertion
缶,公安,kan,koan,insertion
缶,王冠,kan,okan,insertion
鐘,蟹,kane,kani,last_char_differs
鐘,可能,kane,kano,last_char_differs
鐘,彼,kane,kare,substitution
鐘,糧,kane,kate,substitution
鐘,風,kane,kaze,substitution
鐘,杵,kane,kine,substitution
鐘,種,kane,tane,substitution
鐘,屋根,kane,yane,substitution
蟹,可能,kani,kano,last_char_differs
蟹,仮,kani,kari,substitution
蟹,懇意,kani,koni,substitution
蟹,国,kani,kuni,substitution
蟹,何,kani,nani,substitution
蟹,谷,kani,tani,substitution
蟹,鰐,kani,wani,substitution
蟹,やに,kani,yani,substitution
可能,顔,kano,kao,insertion
可能,家老,kano,karo,substitution
可能,下層,kano,kaso,substitution
可能,下等,kano,kato,substitution
可能,火曜,kano,kayo,substitution
可能,昨日,kano,kino,substitution
可能,南欧,kano,nano,substitution
可能,卵黄,kano,rano,substitution
顔,家老,kao,karo,insertion
顔,下層,kao,kaso,insertion
顔,下等,kao,kato,insertion
顔,火曜,kao,kayo,insertion
殻,彼,kara,kare,last_char_differs
殻,仮,kara,kari,last_char_differs
殻,家老,kara,karo,last_char_differs
殻,刈る,kara,karu,last_char_differs
殻,傘,kara,kasa,substitution
殻,潟,kara,kata,substitution
殻,川,kara,kawa,substitution
殻,蚊帳,kara,kaya,substitution
殻,甲羅,kara,kora,substitution
殻,蔵,kara,kura,substitution
殻,楢,kara,nara,substitution
殻,皿,kara,sara,substitution
殻,鱈,kara,tara,substitution
殻,藁,kara,wara,substitution
殻,ざら,kara,zara,substitution
彼,仮,kare,kari,last_char_differs
彼,家老,kare,karo,last_char_differs
彼,刈る,kare,karu,last_char_differs
彼,糧,kare,kate,substitution
彼,風,kare,kaze,substitution
彼,稀,kare,mare,substitution
彼,大荒れ,kare,oare,substitution
彼,たれ,kare,tare,substitution
彼,我,kare,ware,substitution
仮,家老,kari,karo,last_char_differs
仮,刈る,kari,karu,last_char_differs
仮,けり,kari,keri,substitution
仮,桐,kari,kiri,substitution
仮,行李,kari,kori,substitution
仮,栗,kari,kuri,substitution
仮,鞠,kari,mari,substitution
仮,なり,kari,nari,substitution
仮,割,kari,wari,substitution
仮,槍,kari,yari,substitution
家老,刈る,karo,karu,last_char_differs
家老,下層,karo,kaso,substitution
家老,下等,karo,kato,substitution
家老,火曜,karo,kayo,substitution
家老,岐路,karo,kiro,substitution
家老,頃,karo,koro,substitution
家老,黒,karo,kuro,substitution
家老,野郎,karo,yaro,substitution
刈る,かす,karu,kasu,substitution
刈る,買う,karu,kau,insertion
刈る,粥,karu,kayu,substitution
刈る,蹴る,karu,keru,substitution
刈る,切る,karu,kiru,substitution
刈る,凍る,karu,koru,substitution
刈る,刳る,karu,kuru,substitution
刈る,丸,karu,maru,substitution
刈る,成る,karu,naru,substitution
刈る,猿,karu,saru,substitution
刈る,樽,karu,taru,substitution
刈る,やる,karu,yaru,substitution
刈る,笊,karu,zaru,substitution
傘,下層,kasa,kaso,last_char_differs
傘,かす,kasa,kasu,last_char_differs
傘,潟,kasa,kata,substitution
傘,川,kasa,kawa,substitution
傘,蚊帳,kasa,kaya,substitution
傘,袈裟,kasa,kesa,substitution
傘,考査,kasa,kosa,substitution
傘,草,kasa,kusa,substitution
傘,笹,kasa,sasa,substitution
下層,かす,kaso,kasu,last_char_differs
下層,下等,kaso,kato,substitution
下層,火曜,kaso,kayo,substitution
下層,起草,kaso,kiso,substitution
下層,酵素,kaso,koso,substitution
下層,空疎,kaso,kuso,substitution
下層,和装,kaso,waso,substitution
下層,野草,kaso,yaso,substitution
かす,買う,kasu,kau,insertion
かす,粥,kasu,kayu,substitution
かす,消す,kasu,kesu,substitution
かす,鱚,kasu,kisu,substitution
かす,漉す,kasu,kosu,substitution
かす,鱒,kasu,masu,substitution
かす,茄子,kasu,nasu,substitution
かす,砂州,kasu,sasu,substitution
かす,足す,kasu,tasu,substitution
潟,糧,kata,kate,last_char_differs
潟,下等,kata,kato,last_char_differs
潟,川,kata,kawa,substitution
潟,蚊帳,kata,kaya,substitution
潟,北,kata,kita,substitution
潟,小唄,kata,kota,substitution
潟,股,kata,mata,substitution
潟,鉈,kata,nata,substitution
潟,綿,kata,wata,substitution
潟,ざた,kata,zata,substitution
糧,下等,kate,kato,last_char_differs
糧,風,kate,kaze,substitution
糧,小手,kate,kote,substitution
糧,盾,kate,tate,substitution
糧,わて,kate,wate,substitution
下等,火曜,kato,kayo,substitution
下等,気筒,kato,kito,substitution
下等,孤島,kato,koto,substitution
下等,的,kato,mato,substitution
下等,里,kato,sato,substitution
下等,多投,kato,tato,substitution
下等,野党,kato,yato,substitution
買う,粥,kau,kayu,insertion
川,蚊帳,kawa,kaya,substitution
川,講話,kawa,kowa,substitution
川,桑,kawa,kuwa,substitution
川,縄,kawa,nawa,substitution
川,沢,kawa,sawa,substitution
川,やわ,kawa,yawa,substitution
蚊帳,火曜,kaya,kayo,last_char_differs
蚊帳,粥,kaya,kayu,last_char_differs
蚊帳,荒野,kaya,koya,substitution
蚊帳,納屋,kaya,naya,substitution
蚊帳,莢,kaya,saya,substitution
火曜,粥,kayo,kayu,last_char_differs
火曜,紀要,kayo,kiyo,substitution
火曜,紅葉,kayo,koyo,substitution
火曜,供養,kayo,kuyo,substitution
火曜,卿,kayo,kyo,insertion
火曜,作用,kayo,sayo,substitution
火曜,多様,kayo,tayo,substitution
粥,交友,kayu,koyu,substitution
粥,空輸,kayu,kuyu,substitution
粥,急,kayu,kyu,insertion
粥,繭,kayu,mayu,substitution
粥,さ湯,kayu,sayu,substitution
粥,座右,kayu,zayu,substitution
罫,経緯,kei,keii,insertion
罫,けり,kei,keri,insertion
罫,気鋭,kei,kiei,insertion
罫,後衛,kei,koei,insertion
経緯,けり,keii,keri,substitution
経緯,奇異,keii,kii,insertion
経緯,名医,keii,meii,substitution
経緯,誠意,keii,seii,substitution
剣,公園,ken,koen,insertion
けり,蹴る,keri,keru,last_char_differs
けり,桐,keri,kiri,substitution
けり,行李,keri,kori,substitution
けり,栗,keri,kuri,substitution
けり,芹,keri,seri,substitution
蹴る,消す,keru,kesu,substitution
蹴る,切る,keru,kiru,substitution
蹴る,凍る,keru,koru,substitution
蹴る,刳る,keru,kuru,substitution
蹴る,練る,keru,neru,substitution
蹴る,終える,keru,oeru,substitution
蹴る,競る,keru,seru,substitution
蹴る,照る,keru,teru,substitution
蹴る,植える,keru,ueru,substitution
袈裟,消す,kesa,kesu,last_char_differs
袈裟,考査,kesa,kosa,substitution
袈裟,草,kesa,kusa,substitution
消す,鱚,kesu,kisu,substitution
消す,漉す,kesu,kosu,substitution
消す,雌,kesu,mesu,substitution
消す,手数,kesu,tesu,substitution
気合い,機微,kiai,kibi,substitution
気合い,気鋭,kiai,kiei,substitution
気合い,木々,kiai,kigi,substitution
気合い,奇異,kiai,kii,insertion
気合い,雉,kiai,kiji,substitution
気合い,危機,kiai,kiki,substitution
気合い,黄身,kiai,kimi,substitution
気合い,桐,kiai,kiri,substitution
牙,機微,kiba,kibi,last_char_differs
牙,希望,kiba,kibo,last_char_differs
牙,幾何,kiba,kika,substitution
牙,北,kiba,kita,substitution
牙,きざ,kiba,kiza,substitution
機微,希望,kibi,kibo,last_char_differs
機微,気鋭,kibi,kiei,substitution
機微,木々,kibi,kigi,substitution
機微,奇異,kibi,kii,insertion
機微,雉,kibi,kiji,substitution
機微,危機,kibi,kiki,substitution
機微,黄身,kibi,kimi,substitution
機微,桐,kibi,kiri,substitution
機微,首,kibi,kubi,substitution
希望,木戸,kibo,kido,substitution
希望,季語,kibo,kigo,substitution
希望,気泡,kibo,kiho,substitution
希望,机上,kibo,kijo,substitution
希望,気孔,kibo,kiko,substitution
希望,肝,kibo,kimo,substitution
希望,昨日,kibo,kino,substitution
希望,岐路,kibo,kiro,substitution
希望,起草,kibo,kiso,substitution
希望,気筒,kibo,kito,substitution
希望,紀要,kibo,kiyo,substitution
希望,酵母,kibo,kobo,substitution
希望,空母,kibo,kubo,substitution
木戸,季語,kido,kigo,substitution
木戸,気泡,kido,kiho,substitution
木戸,机上,kido,kijo,substitution
木戸,気孔,kido,kiko,substitution
木戸,肝,kido,kimo,substitution
木戸,昨日,kido,kino,substitution
木戸,岐路,kido,kiro,substitution
木戸,起草,kido,kiso,substitution
木戸,気筒,kido,kito,substitution
木戸,紀要,kido,kiyo,substitution
木戸,公道,kido,kodo,substitution
帰依,気鋭,kie,kiei,insertion
帰依,杵,kie,kine,insertion
気鋭,木々,kiei,kigi,substitution
気鋭,奇異,kiei,kii,insertion
気鋭,雉,kiei,kiji,substitution
気鋭,危機,kiei,kiki,substitution
気鋭,黄身,kiei,kimi,substitution
気鋭,桐,kiei,kiri,substitution
気鋭,後衛,kiei,koei,substitution
棋譜,器具,kifu,kigu,substitution
棋譜,喜寿,kifu,kiju,substitution
棋譜,菊,kifu,kiku,substitution
棋譜,絹,kifu,kinu,substitution
棋譜,切る,kifu,kiru,substitution
棋譜,鱚,kifu,kisu,substitution
棋譜,校風,kifu,kofu,substitution
棋譜,工夫,kifu,kufu,substitution
木々,季語,kigi,kigo,last_char_differs
木々,器具,kigi,kigu,last_char_differs
木々,奇異,kigi,kii,insertion
木々,雉,kigi,kiji,substitution
木々,危機,kigi,kiki,substitution
木々,黄身,kigi,kimi,substitution
木々,桐,kigi,kiri,substitution
木々,講義,kigi,kogi,substitution
木々,釘,kigi,kugi,substitution
木々,右,kigi,migi,substitution
季語,器具,kigo,kigu,last_char_differs
季語,気泡,kigo,kiho,substitution
季語,机上,kigo,kijo,substitution
季語,気孔,kigo,kiko,substitution
季語,肝,kigo,kimo,substitution
季語,昨日,kigo,kino,substitution
季語,岐路,kigo,kiro,substitution
季語,起草,kigo,kiso,substitution
季語,気筒,kigo,kito,substitution
季語,紀要,kigo,kiyo,substitution
季語,皇后,kigo,kogo,substitution
器具,喜寿,kigu,kiju,substitution
器具,菊,kigu,kiku,substitution
器具,絹,kigu,kinu,substitution
器具,切る,kigu,kiru,substitution
器具,鱚,kigu,kisu,substitution
器具,工具,kigu,kogu,substitution
気泡,机上,kiho,kijo,substitution
気泡,気孔,kiho,kiko,substitution
気泡,肝,kiho,kimo,substitution
気泡,昨日,kiho,kino,substitution
気泡,岐路,kiho,kiro,substitution
気泡,起草,kiho,kiso,substitution
気泡,気筒,kiho,kito,substitution
気泡,紀要,kiho,kiyo,substitution
気泡,後方,kiho,koho,substitution
奇異,棋院,kii,kiin,insertion
奇異,雉,kii,kiji,insertion
奇異,危機,kii,kiki,insertion
奇異,黄身,kii,kimi,insertion
奇異,桐,kii,kiri,insertion
奇異,大きい,kii,okii,insertion
棋院,公印,kiin,koin,substitution
雉,机上,kiji,kijo,last_char_differs
雉,喜寿,kiji,kiju,last_char_differs
雉,危機,kiji,kiki,substitution
雉,黄身,kiji,kimi,substitution
雉,桐,kiji,kiri,substitution
雉,麹,kiji,koji,substitution
雉,くじ,kiji,kuji,substitution
雉,虹,kiji,niji,substitution
雉,理事,kiji,riji,substitution
机上,喜寿,kijo,kiju,last_char_differs
机上,気孔,kijo,kiko,substitution
机上,肝,kijo,kimo,substitution
机上,昨日,kijo,kino,substitution
机上,岐路,kijo,kiro,substitution
机上,起草,kijo,kiso,substitution
机上,気筒,kijo,kito,substitution
机上,紀要,kijo,kiyo,substitution
机上,工場,kijo,kojo,substitution
机上,苦情,kijo,kujo,substitution
喜寿,菊,kiju,kiku,substitution
喜寿,絹,kiju,kinu,substitution
喜寿,切る,kiju,kiru,substitution
喜寿,鱚,kiju,kisu,substitution
喜寿,苦汁,kiju,kuju,substitution
幾何,危機,kika,kiki,last_char_differs
幾何,気孔,kika,kiko,last_char_differs
幾何,菊,kika,kiku,last_char_differs
幾何,北,kika,kita,substitution
幾何,きざ,kika,kiza,substitution
幾何,硬貨,kika,koka,substitution
幾何,理化,kika,rika,substitution
危機,気孔,kiki,kiko,last_char_differs
危機,菊,kiki,kiku,last_char_differs
危機,黄身,kiki,kimi,substitution
危機,桐,kiki,kiri,substitution
危機,後期,kiki,koki,substitution
危機,空気,kiki,kuki,substitution
危機,幹,kiki,miki,substitution
危機,利器,kiki,riki,substitution
気孔,菊,kiko,kiku,last_char_differs
気孔,肝,kiko,kimo,substitution
気孔,昨日,kiko,kino,substitution
気孔,岐路,kiko,kiro,substitution
気孔,起草,kiko,kiso,substitution
気孔,気筒,kiko,kito,substitution
気孔,紀要,kiko,kiyo,substitution
気孔,口腔,kiko,koko,substitution
気孔,空港,kiko,kuko,substitution
気孔,巫女,kiko,miko,substitution
気孔,理工,kiko,riko,substitution
菊,絹,kiku,kinu,substitution
菊,切る,kiku,kiru,substitution
菊,鱚,kiku,kisu,substitution
菊,高空,kiku,koku,substitution
菊,九々,kiku,kuku,substitution
菊,肉,kiku,niku,substitution
菊,陸,kiku,riku,substitution
黄身,肝,kimi,kimo,last_char_differs
黄身,桐,kimi,kiri,substitution
黄身,組,kimi,kumi,substitution
黄身,耳,kimi,mimi,substitution
肝,昨日,kimo,kino,substitution
肝,岐路,kimo,kiro,substitution
肝,起草,kimo,kiso,substitution
肝,気筒,kimo,kito,substitution
肝,紀要,kimo,kiyo,substitution
肝,薦,kimo,komo,substitution
肝,雲,kimo,kumo,substitution
杵,昨日,kine,kino,last_char_differs
杵,絹,kine,kinu,last_char_differs
杵,峰,kine,mine,substitution
昨日,絹,kino,kinu,last_char_differs
昨日,岐路,kino,kiro,substitution
昨日,起草,kino,kiso,substitution
昨日,気筒,kino,kito,substitution
昨日,紀要,kino,kiyo,substitution
昨日,蓑,kino,mino,substitution
絹,切る,kinu,kiru,substitution
絹,鱚,kinu,kisu,substitution
桐,岐路,kiri,kiro,last_char_differs
桐,切る,kiri,kiru,last_char_differs
桐,行李,kiri,kori,substitution
桐,栗,kiri,kuri,substitution
桐,大入り,kiri,oiri,substitution
岐路,切る,kiro,kiru,last_char_differs
岐路,起草,kiro,kiso,substitution
岐路,気筒,kiro,kito,substitution
岐路,紀要,kiro,kiyo,substitution
岐路,頃,kiro,koro,substitution
岐路,黒,kiro,kuro,substitution
切る,鱚,kiru,kisu,substitution
切る,凍る,kiru,koru,substitution
切る,刳る,kiru,kuru,substitution
切る,見る,kiru,miru,substitution
切る,似る,kiru,niru,substitution
切る,老いる,kiru,oiru,substitution
起草,鱚,kiso,kisu,last_char_differs
起草,気筒,kiso,kito,substitution
起草,紀要,kiso,kiyo,substitution
起草,酵素,kiso,koso,substitution
起草,空疎,kiso,kuso,substitution
起草,味噌,kiso,miso,substitution
起草,尼僧,kiso,niso,substitution
起草,理想,kiso,riso,substitution
鱚,漉す,kisu,kosu,substitution
鱚,御簾,kisu,misu,substitution
鱚,りす,kisu,risu,substitution
北,気筒,kita,kito,last_char_differs
北,きざ,kita,kiza,substitution
北,小唄,kita,kota,substitution
気筒,紀要,kito,kiyo,substitution
気筒,孤島,kito,koto,substitution
気筒,離島,kito,rito,substitution
紀要,紅葉,kiyo,koyo,substitution
紀要,供養,kiyo,kuyo,substitution
紀要,卿,kiyo,kyo,insertion
紀要,御代,kiyo,miyo,substitution
紀要,利用,kiyo,riyo,substitution
きざ,口座,kiza,koza,substitution
公安,公園,koan,koen,substitution
公安,公印,koan,koin,substitution
公安,紺,koan,kon,insertion
公安,答案,koan,toan,substitution
こうべ,酵母,kobe,kobo,last_char_differs
こうべ,肥,kobe,koe,insertion
こうべ,苔,kobe,koke,substitution
こうべ,米,kobe,kome,substitution
こうべ,小手,kobe,kote,substitution
こうべ,野辺,kobe,nobe,substitution
酵母,公道,kobo,kodo,substitution
酵母,皇后,kobo,kogo,substitution
酵母,後方,kobo,koho,substitution
酵母,工場,kobo,kojo,substitution
酵母,口腔,kobo,koko,substitution
酵母,薦,kobo,komo,substitution
酵母,頃,kobo,koro,substitution
酵母,酵素,kobo,koso,substitution
酵母,孤島,kobo,koto,substitution
酵母,紅葉,kobo,koyo,substitution
酵母,楮,kobo,kozo,substitution
酵母,空母,kobo,kubo,substitution
酵母,応募,kobo,obo,insertion
酵母,老母,kobo,robo,substitution
酵母,祖母,kobo,sobo,substitution
酵母,逃亡,kobo,tobo,substitution
酵母,養母,kobo,yobo,substitution
好打,公道,koda,kodo,last_char_differs
好打,硬貨,koda,koka,substitution
好打,駒,koda,koma,substitution
好打,粉,koda,kona,substitution
好打,甲羅,koda,kora,substitution
好打,考査,koda,kosa,substitution
好打,小唄,koda,kota,substitution
好打,講話,koda,kowa,substitution
好打,荒野,koda,koya,substitution
好打,口座,koda,koza,substitution
好打,管,koda,kuda,substitution
好打,猛打,koda,moda,substitution
好打,投打,koda,toda,substitution
公道,皇后,kodo,kogo,substitution
公道,後方,kodo,koho,substitution
公道,工場,kodo,kojo,substitution
公道,口腔,kodo,koko,substitution
公道,薦,kodo,komo,substitution
公道,頃,kodo,koro,substitution
公道,酵素,kodo,koso,substitution
公道,孤島,kodo,koto,substitution
公道,紅葉,kodo,koyo,substitution
公道,楮,kodo,kozo,substitution
公道,喉,kodo,nodo,substitution
公道,黄土,kodo,odo,insertion
公道,騒動,kodo,sodo,substitution
公道,海馬,kodo,todo,substitution
公道,淀,kodo,yodo,substitution
肥,後衛,koe,koei,insertion
肥,公園,koe,koen,insertion
肥,苔,koe,koke,insertion
肥,米,koe,kome,insertion
肥,小手,koe,kote,insertion
後衛,公園,koei,koen,last_char_differs
後衛,講義,koei,kogi,substitution
後衛,公費,koei,kohi,substitution
後衛,鯉,koei,koi,insertion
後衛,麹,koei,koji,substitution
後衛,後期,koei,koki,substitution
後衛,懇意,koei,koni,substitution
後衛,行李,koei,kori,substitution
後衛,投影,koei,toei,substitution
公園,公印,koen,koin,substitution
公園,紺,koen,kon,insertion
公園,農園,koen,noen,substitution
公園,応援,koen,oen,insertion
公園,疎遠,koen,soen,substitution
公園,遠縁,koen,toen,substitution
校風,工具,kofu,kogu,substitution
校風,高空,kofu,koku,substitution
校風,込む,kofu,komu,substitution
校風,凍る,kofu,koru,substitution
校風,漉す,kofu,kosu,substitution
校風,恋う,kofu,kou,insertion
校風,交友,kofu,koyu,substitution
校風,工夫,kofu,kufu,substitution
校風,毛布,kofu,mofu,substitution
校風,農夫,kofu,nofu,substitution
校風,老婦,kofu,rofu,substitution
校風,祖父,kofu,sofu,substitution
校風,豆腐,kofu,tofu,substitution
校風,養父,kofu,yofu,substitution
講義,皇后,kogi,kogo,last_char_differs
講義,工具,kogi,kogu,last_char_differs
講義,公費,kogi,kohi,substitution
講義,鯉,kogi,koi,insertion
講義,麹,kogi,koji,substitution
講義,後期,kogi,koki,substitution
講義,懇意,kogi,koni,substitution
講義,行李,kogi,kori,substitution
講義,釘,kogi,kugi,substitution
講義,芒,kogi,nogi,substitution
講義,扇,kogi,ogi,insertion
講義,都議,kogi,togi,substitution
皇后,工具,kogo,kogu,last_char_differs
皇后,後方,kogo,koho,substitution
皇后,工場,kogo,kojo,substitution
皇后,口腔,kogo,koko,substitution
皇后,薦,kogo,komo,substitution
皇后,頃,kogo,koro,substitution
皇后,酵素,kogo,koso,substitution
皇后,孤島,kogo,koto,substitution
皇后,紅葉,kogo,koyo,substitution
皇后,楮,kogo,kozo,substitution
皇后,老後,kogo,rogo,substitution
皇后,祖語,kogo,sogo,substitution
皇后,等号,kogo,togo,substitution
皇后,養護,kogo,yogo,substitution
皇后,造語,kogo,zogo,substitution
工具,高空,kogu,koku,substitution
工具,込む,kogu,komu,substitution
工具,凍る,kogu,koru,substitution
工具,漉す,kogu,kosu,substitution
工具,恋う,kogu,kou,insertion
工具,交友,kogu,koyu,substitution
工具,もぐ,kogu,mogu,substitution
工具,農具,kogu,nogu,substitution
工具,装具,kogu,sogu,substitution
工具,研ぐ,kogu,togu,substitution
工具,用具,kogu,yogu,substitution
公費,後方,kohi,koho,last_char_differs
公費,鯉,kohi,koi,insertion
公費,麹,kohi,koji,substitution
公費,後期,kohi,koki,substitution
公費,懇意,kohi,koni,substitution
公費,行李,kohi,kori,substitution
公費,王妃,kohi,ohi,insertion
公費,党費,kohi,tohi,substitution
後方,工場,koho,kojo,substitution
後方,口腔,koho,koko,substitution
後方,薦,koho,komo,substitution
後方,頃,koho,koro,substitution
後方,酵素,koho,koso,substitution
後方,孤島,koho,koto,substitution
後方,紅葉,koho,koyo,substitution
後方,楮,koho,kozo,substitution
後方,走法,koho,soho,substitution
後方,当方,koho,toho,substitution
後方,増補,koho,zoho,substitution
鯉,公印,koi,koin,insertion
鯉,麹,koi,koji,insertion
鯉,後期,koi,koki,insertion
鯉,懇意,koi,koni,insertion
鯉,行李,koi,kori,insertion
鯉,教委,koi,kyoi,insertion
公印,紺,koin,kon,insertion
公印,党員,koin,toin,substitution
公印,要員,koin,yoin,substitution
麹,工場,koji,kojo,last_char_differs
麹,後期,koji,koki,substitution
麹,懇意,koji,koni,substitution
麹,行李,koji,kori,substitution
麹,くじ,koji,kuji,substitution
麹,文字,koji,moji,substitution
麹,王子,koji,oji,insertion
麹,露地,koji,roji,substitution
麹,掃除,koji,soji,substitution
麹,冬至,koji,toji,substitution
麹,幼時,koji,yoji,substitution
工場,口腔,kojo,koko,substitution
工場,薦,kojo,komo,substitution
工場,頃,kojo,koro,substitution
工場,酵素,kojo,koso,substitution
工場,孤島,kojo,koto,substitution
工場,紅葉,kojo,koyo,substitution
工場,楮,kojo,kozo,substitution
工場,苦情,kojo,kujo,substitution
工場,農場,kojo,nojo,substitution
工場,王女,kojo,ojo,insertion
工場,老女,kojo,rojo,substitution
工場,僧正,kojo,sojo,substitution
工場,途上,kojo,tojo,substitution
工場,幼女,kojo,yojo,substitution
硬貨,苔,koka,koke,last_char_differs
硬貨,後期,koka,koki,last_char_differs
硬貨,口腔,koka,koko,last_char_differs
硬貨,高空,koka,koku,last_char_differs
硬貨,駒,koka,koma,substitution
硬貨,粉,koka,kona,substitution
硬貨,甲羅,koka,kora,substitution
硬貨,考査,koka,kosa,substitution
硬貨,小唄,koka,kota,substitution
硬貨,講話,koka,kowa,substitution
硬貨,荒野,koka,koya,substitution
硬貨,口座,koka,koza,substitution
硬貨,猛火,koka,moka,substitution
硬貨,農家,koka,noka,substitution
硬貨,丘,koka,oka,insertion
硬貨,廊下,koka,roka,substitution
硬貨,灯火,koka,toka,substitution
硬貨,余暇,koka,yoka,substitution
硬貨,造花,koka,zoka,substitution
苔,後期,koke,koki,last_char_differs
苔,口腔,koke,koko,last_char_differs
苔,高空,koke,koku,last_char_differs
苔,米,koke,kome,substitution
苔,小手,koke,kote,substitution
苔,桶,koke,oke,insertion
後期,口腔,koki,koko,last_char_differs
後期,高空,koki,koku,last_char_differs
後期,懇意,koki,koni,substitution
後期,行李,koki,kori,substitution
後期,空気,koki,kuki,substitution
後期,軒,koki,noki,substitution
後期,沖,koki,oki,insertion
後期,早期,koki,soki,substitution
後期,朱鷺,koki,toki,substitution
後期,容器,koki,yoki,substitution
後期,雑木,koki,zoki,substitution
口腔,高空,koko,koku,last_char_differs
口腔,薦,koko,komo,substitution
口腔,頃,koko,koro,substitution
口腔,酵素,koko,koso,substitution
口腔,孤島,koko,koto,substitution
口腔,紅葉,koko,koyo,substitution
口腔,楮,koko,kozo,substitution
口腔,空港,koko,kuko,substitution
口腔,猛虎,koko,moko,substitution
口腔,農高,koko,noko,substitution
口腔,倉庫,koko,soko,substitution
口腔,刀工,koko,toko,substitution
口腔,横,koko,yoko,substitution
高空,込む,koku,komu,substitution
高空,凍る,koku,koru,substitution
高空,漉す,koku,kosu,substitution
高空,恋う,koku,kou,insertion
高空,交友,koku,koyu,substitution
高空,九々,koku,kuku,substitution
高空,のく,koku,noku,substitution
高空,奥,koku,oku,insertion
高空,禄,koku,roku,substitution
高空,遠く,koku,toku,substitution
高空,欲,koku,yoku,substitution
高空,賊,koku,zoku,substitution
駒,米,koma,kome,last_char_differs
駒,薦,koma,komo,last_char_differs
駒,込む,koma,komu,last_char_differs
駒,粉,koma,kona,substitution
駒,甲羅,koma,kora,substitution
駒,考査,koma,kosa,substitution
駒,小唄,koma,kota,substitution
駒,講話,koma,kowa,substitution
駒,荒野,koma,koya,substitution
駒,口座,koma,koza,substitution
駒,熊,koma,kuma,substitution
駒,洋間,koma,yoma,substitution
米,薦,kome,komo,last_char_differs
米,込む,kome,komu,last_char_differs
米,小手,kome,kote,substitution
米,嫁,kome,yome,substitution
薦,込む,komo,komu,last_char_differs
薦,頃,komo,koro,substitution
薦,酵素,komo,koso,substitution
薦,孤島,komo,koto,substitution
薦,紅葉,komo,koyo,substitution
薦,楮,komo,kozo,substitution
薦,雲,komo,kumo,substitution
薦,桃,komo,momo,substitution
薦,主,komo,omo,insertion
薦,供,komo,tomo,substitution
薦,羊毛,komo,yomo,substitution
込む,凍る,komu,koru,substitution
込む,漉す,komu,kosu,substitution
込む,恋う,komu,kou,insertion
込む,交友,komu,koyu,substitution
込む,汲む,komu,kumu,substitution
込む,揉む,komu,momu,substitution
込む,飲む,komu,nomu,substitution
込む,鸚鵡,komu,omu,insertion
込む,総務,komu,somu,substitution
込む,詠む,komu,yomu,substitution
紺,粉,kon,kona,insertion
紺,懇意,kon,koni,insertion
粉,懇意,kona,koni,last_char_differs
粉,甲羅,kona,kora,substitution
粉,考査,kona,kosa,substitution
粉,小唄,kona,kota,substitution
粉,講話,kona,kowa,substitution
粉,荒野,kona,koya,substitution
粉,口座,kona,koza,substitution
懇意,行李,koni,kori,substitution
懇意,国,koni,kuni,substitution
懇意,鬼,koni,oni,insertion
懇意,雑煮,koni,zoni,substitution
甲羅,行李,kora,kori,last_char_differs
甲羅,頃,kora,koro,last_char_differs
甲羅,凍る,kora,koru,last_char_differs
甲羅,考査,kora,kosa,substitution
甲羅,小唄,kora,kota,substitution
甲羅,講話,kora,kowa,substitution
甲羅,荒野,kora,koya,substitution
甲羅,口座,kora,koza,substitution
甲羅,蔵,kora,kura,substitution
甲羅,野良,kora,nora,substitution
甲羅,おら,kora,ora,insertion
甲羅,空,kora,sora,substitution
甲羅,虎,kora,tora,substitution
行李,頃,kori,koro,last_char_differs
行李,凍る,kori,koru,last_char_differs
行李,栗,kori,kuri,substitution
行李,森,kori,mori,substitution
行李,海苔,kori,nori,substitution
行李,檻,kori,ori,insertion
行李,橇,kori,sori,substitution
行李,鳥,kori,tori,substitution
行李,草履,kori,zori,substitution
頃,凍る,koro,koru,last_char_differs
頃,酵素,koro,koso,substitution
頃,孤島,koro,koto,substitution
頃,紅葉,koro,koyo,substitution
頃,楮,koro,kozo,substitution
頃,黒,koro,kuro,substitution
頃,往路,koro,oro,insertion
頃,早老,koro,soro,substitution
頃,灯籠,koro,toro,substitution
凍る,漉す,koru,kosu,substitution
凍る,恋う,koru,kou,insertion
凍る,交友,koru,koyu,substitution
凍る,刳る,koru,kuru,substitution
凍る,漏る,koru,moru,substitution
凍る,乗る,koru,noru,substitution
凍る,居る,koru,oru,insertion
凍る,剃る,koru,soru,substitution
凍る,通る,koru,toru,substitution
凍る,夜,koru,yoru,substitution
考査,酵素,kosa,koso,last_char_differs
考査,漉す,kosa,kosu,last_char_differs
考査,小唄,kosa,kota,substitution
考査,講話,kosa,kowa,substitution
考査,荒野,kosa,koya,substitution
考査,口座,kosa,koza,substitution
考査,草,kosa,kusa,substitution
考査,猛者,kosa,mosa,substitution
考査,操作,kosa,sosa,substitution
酵素,漉す,koso,kosu,last_char_differs
酵素,孤島,koso,koto,substitution
酵素,紅葉,koso,koyo,substitution
酵素,楮,koso,kozo,substitution
酵素,空疎,koso,kuso,substitution
酵素,妄想,koso,moso,substitution
酵素,老僧,koso,roso,substitution
酵素,早々,koso,soso,substitution
酵素,逃走,koso,toso,substitution
酵素,余所,koso,yoso,substitution
漉す,恋う,kosu,kou,insertion
漉す,交友,kosu,koyu,substitution
漉す,申す,kosu,mosu,substitution
漉す,伸す,kosu,nosu,substitution
漉す,雄,kosu,osu,insertion
漉す,素数,kosu,sosu,substitution
漉す,通す,kosu,tosu,substitution
漉す,よす,kosu,yosu,substitution
小唄,小手,kota,kote,last_char_differs
小唄,孤島,kota,koto,last_char_differs
小唄,講話,kota,kowa,substitution
小唄,荒野,kota,koya,substitution
小唄,口座,kota,koza,substitution
小手,孤島,kote,koto,last_char_differs
小手,大手,kote,ote,insertion
孤島,紅葉,koto,koyo,substitution
孤島,楮,koto,kozo,substitution
孤島,元,koto,moto,substitution
孤島,音,koto,oto,insertion
孤島,漏斗,koto,roto,substitution
孤島,総統,koto,soto,substitution
孤島,徒党,koto,toto,substitution
孤島,洋陶,koto,yoto,substitution
孤島,贈答,koto,zoto,substitution
恋う,交友,kou,koyu,insertion
講話,荒野,kowa,koya,substitution
講話,口座,kowa,koza,substitution
講話,桑,kowa,kuwa,substitution
講話,挿話,kowa,sowa,substitution
講話,とわ,kowa,towa,substitution
荒野,紅葉,koya,koyo,last_char_differs
荒野,交友,koya,koyu,last_char_differs
荒野,口座,koya,koza,substitution
荒野,もや,koya,moya,substitution
荒野,親,koya,oya,insertion
荒野,牢屋,koya,roya,substitution
荒野,粗野,koya,soya,substitution
荒野,当夜,koya,toya,substitution
紅葉,交友,koyo,koyu,last_char_differs
紅葉,楮,koyo,kozo,substitution
紅葉,供養,koyo,kuyo,substitution
紅葉,卿,koyo,kyo,insertion
紅葉,模様,koyo,moyo,substitution
紅葉,応用,koyo,oyo,insertion
紅葉,東洋,koyo,toyo,substitution
紅葉,贈与,koyo,zoyo,substitution
交友,空輸,koyu,kuyu,substitution
交友,急,koyu,kyu,insertion
交友,灯油,koyu,toyu,substitution
交友,余裕,koyu,yoyu,substitution
口座,楮,koza,kozo,last_char_differs
口座,王座,koza,oza,insertion
楮,模造,kozo,mozo,substitution
楮,塑像,kozo,sozo,substitution
首,空母,kubi,kubo,last_char_differs
首,区部,kubi,kubu,last_char_differs
首,釘,kubi,kugi,substitution
首,杭,kubi,kui,insertion
首,くじ,kubi,kuji,substitution
首,空気,kubi,kuki,substitution
首,組,kubi,kumi,substitution
首,国,kubi,kuni,substitution
首,栗,kubi,kuri,substitution
首,指,kubi,yubi,substitution
空母,区部,kubo,kubu,last_char_differs
空母,苦情,kubo,kujo,substitution
空母,空港,kubo,kuko,substitution
空母,雲,kubo,kumo,substitution
空母,黒,kubo,kuro,substitution
空母,空疎,kubo,kuso,substitution
空母,供養,kubo,kuyo,substitution
空母,無謀,kubo,mubo,substitution
空母,有望,kubo,yubo,substitution
区部,工夫,kubu,kufu,substitution
区部,苦汁,kubu,kuju,substitution
区部,九々,kubu,kuku,substitution
区部,汲む,kubu,kumu,substitution
区部,刳る,kubu,kuru,substitution
区部,食う,kubu,kuu,insertion
区部,空輸,kubu,kuyu,substitution
区部,うぶ,kubu,ubu,insertion
管,熊,kuda,kuma,substitution
管,蔵,kuda,kura,substitution
管,草,kuda,kusa,substitution
管,桑,kuda,kuwa,substitution
管,無駄,kuda,muda,substitution
工夫,苦汁,kufu,kuju,substitution
工夫,九々,kufu,kuku,substitution
工夫,汲む,kufu,kumu,substitution
工夫,刳る,kufu,kuru,substitution
工夫,食う,kufu,kuu,insertion
工夫,空輸,kufu,kuyu,substitution
公家,釘,kuge,kugi,last_char_differs
公家,癖,kuge,kuse,substitution
公家,夕げ,kuge,yuge,substitution
釘,杭,kugi,kui,insertion
釘,くじ,kugi,kuji,substitution
釘,空気,kugi,kuki,substitution
釘,組,kugi,kumi,substitution
釘,国,kugi,kuni,substitution
釘,栗,kugi,kuri,substitution
釘,麦,kugi,mugi,substitution
釘,杉,kugi,sugi,substitution
釘,遊技,kugi,yugi,substitution
杭,くじ,kui,kuji,insertion
杭,空気,kui,kuki,insertion
杭,組,kui,kumi,insertion
杭,国,kui,kuni,insertion
杭,栗,kui,kuri,insertion
杭,球威,kui,kyui,insertion
くじ,苦情,kuji,kujo,last_char_differs
くじ,苦汁,kuji,kuju,last_char_differs
くじ,空気,kuji,kuki,substitution
くじ,組,kuji,kumi,substitution
くじ,国,kuji,kuni,substitution
くじ,栗,kuji,kuri,substitution
くじ,無地,kuji,muji,substitution
くじ,筋,kuji,suji,substitution
くじ,氏,kuji,uji,insertion
苦情,苦汁,kujo,kuju,last_char_differs
苦情,空港,kujo,kuko,substitution
苦情,雲,kujo,kumo,substitution
苦情,黒,kujo,kuro,substitution
苦情,空疎,kujo,kuso,substitution
苦情,供養,kujo,kuyo,substitution
苦情,無上,kujo,mujo,substitution
苦情,遊女,kujo,yujo,substitution
苦情,頭上,kujo,zujo,substitution
苦汁,九々,kuju,kuku,substitution
苦汁,汲む,kuju,kumu,substitution
苦汁,刳る,kuju,kuru,substitution
苦汁,食う,kuju,kuu,insertion
苦汁,空輸,kuju,kuyu,substitution
空気,空港,kuki,kuko,last_char_differs
空気,九々,kuki,kuku,last_char_differs
空気,組,kuki,kumi,substitution
空気,国,kuki,kuni,substitution
空気,栗,kuki,kuri,substitution
空気,無期,kuki,muki,substitution
空気,鋤,kuki,suki,substitution
空気,雨季,kuki,uki,insertion
空気,雪,kuki,yuki,substitution
空港,九々,kuko,kuku,last_char_differs
空港,雲,kuko,kumo,substitution
空港,黒,kuko,kuro,substitution
空港,空疎,kuko,kuso,substitution
空港,供養,kuko,kuyo,substitution
空港,婿,kuko,muko,substitution
空港,崇高,kuko,suko,substitution
空港,有効,kuko,yuko,substitution
空港,図工,kuko,zuko,substitution
九々,汲む,kuku,kumu,substitution
九々,刳る,kuku,kuru,substitution
九々,食う,kuku,kuu,insertion
九々,空輸,kuku,kuyu,substitution
九々,剥く,kuku,muku,substitution
九々,抜く,kuku,nuku,substitution
九々,好く,kuku,suku,substitution
九々,浮く,kuku,uku,insertion
熊,組,kuma,kumi,last_char_differs
熊,雲,kuma,kumo,last_char_differs
熊,汲む,kuma,kumu,last_char_differs
熊,蔵,kuma,kura,substitution
熊,草,kuma,kusa,substitution
熊,桑,kuma,kuwa,substitution
熊,夢魔,kuma,muma,substitution
熊,沼,kuma,numa,substitution
熊,馬,kuma,uma,insertion
組,雲,kumi,kumo,last_char_differs
組,汲む,kumi,kumu,last_char_differs
組,国,kumi,kuni,substitution
組,栗,kumi,kuri,substitution
組,無味,kumi,mumi,substitution
組,炭,kumi,sumi,substitution
組,海,kumi,umi,insertion
組,弓,kumi,yumi,substitution
雲,汲む,kumo,kumu,last_char_differs
雲,黒,kumo,kuro,substitution
雲,空疎,kumo,kuso,substitution
雲,供養,kumo,kuyo,substitution
雲,相撲,kumo,sumo,substitution
雲,羽毛,kumo,umo,insertion
雲,勇猛,kumo,yumo,substitution
汲む,刳る,kumu,kuru,substitution
汲む,食う,kumu,kuu,insertion
汲む,空輸,kumu,kuyu,substitution
汲む,住む,kumu,sumu,substitution
汲む,生む,kumu,umu,insertion
国,栗,kuni,kuri,substitution
国,雲丹,kuni,uni,insertion
蔵,栗,kura,kuri,last_char_differs
蔵,黒,kura,kuro,last_char_differs
蔵,刳る,kura,kuru,last_char_differs
蔵,草,kura,kusa,substitution
蔵,桑,kura,kuwa,substitution
蔵,村,kura,mura,substitution
蔵,浦,kura,ura,insertion
栗,黒,kuri,kuro,last_char_differs
栗,刳る,kuri,kuru,last_char_differs
栗,無理,kuri,muri,substitution
栗,瑠璃,kuri,ruri,substitution
栗,すり,kuri,suri,substitution
栗,瓜,kuri,uri,insertion
栗,百合,kuri,yuri,substitution
黒,刳る,kuro,kuru,last_char_differs
黒,空疎,kuro,kuso,substitution
黒,供養,kuro,kuyo,substitution
刳る,食う,kuru,kuu,insertion
刳る,空輸,kuru,kuyu,substitution
刳る,塗る,kuru,nuru,substitution
刳る,刷る,kuru,suru,substitution
刳る,売る,kuru,uru,insertion
刳る,ずる,kuru,zuru,substitution
草,癖,kusa,kuse,last_char_differs
草,空疎,kusa,kuso,last_char_differs
草,桑,kusa,kuwa,substitution
癖,空疎,kuse,kuso,last_char_differs
空疎,供養,kuso,kuyo,substitution
空疎,夢想,kuso,muso,substitution
空疎,裾,kuso,suso,substitution
空疎,郵送,kuso,yuso,substitution
食う,空輸,kuu,kuyu,insertion
供養,空輸,kuyo,kuyu,last_char_differs
供養,卿,kuyo,kyo,insertion
供養,無用,kuyo,muyo,substitution
供養,有用,kuyo,yuyo,substitution
空輸,急,kuyu,kyu,insertion
卿,教委,kyo,kyoi,insertion
教委,球威,kyoi,kyui,substitution
教委,宵,kyoi,yoi,insertion
急,球威,kyu,kyui,insertion
急,王宮,kyu,okyu,insertion
球威,優位,kyui,yui,insertion
間合い,舞,maai,mai,insertion
間合い,薪,maai,maki,substitution
間合い,鞠,maai,mari,substitution
窓,孫,mado,mago,substitution
窓,魔法,mado,maho,substitution
窓,魔女,mado,majo,substitution
窓,的,mado,mato,substitution
窓,茶道,mado,sado,substitution
窓,宿,mado,yado,substitution
前,髷,mae,mage,insertion
前,豆,mae,mame,insertion
前,稀,mae,mare,insertion
前,御前,mae,omae,insertion
髷,孫,mage,mago,last_char_differs
髷,豆,mage,mame,substitution
髷,稀,mage,mare,substitution
孫,魔法,mago,maho,substitution
孫,魔女,mago,majo,substitution
孫,的,mago,mato,substitution
孫,やご,mago,yago,substitution
魔法,魔女,maho,majo,substitution
魔法,的,maho,mato,substitution
魔法,無法,maho,muho,substitution
魔法,作法,maho,saho,substitution
魔法,野砲,maho,yaho,substitution
舞,薪,mai,maki,insertion
舞,鞠,mai,mari,insertion
舞,旨い,mai,umai,insertion
魔女,的,majo,mato,substitution
魔女,無上,majo,mujo,substitution
魔女,砂上,majo,sajo,substitution
薪,幕,maki,maku,last_char_differs
薪,鞠,maki,mari,substitution
薪,幹,maki,miki,substitution
薪,無期,maki,muki,substitution
薪,先,maki,saki,substitution
薪,滝,maki,taki,substitution
薪,脇,maki,waki,substitution
幕,丸,maku,maru,substitution
幕,鱒,maku,masu,substitution
幕,繭,maku,mayu,substitution
幕,剥く,maku,muku,substitution
幕,泣く,maku,naku,substitution
幕,楽,maku,raku,substitution
幕,柵,maku,saku,substitution
幕,宅,maku,taku,substitution
幕,枠,maku,waku,substitution
幕,葯,maku,yaku,substitution
豆,稀,mame,mare,substitution
豆,大雨,mame,oame,substitution
豆,鮫,mame,same,substitution
稀,鞠,mare,mari,last_char_differs
稀,丸,mare,maru,last_char_differs
稀,大荒れ,mare,oare,substitution
稀,たれ,mare,tare,substitution
稀,我,mare,ware,substitution
鞠,丸,mari,maru,last_char_differs
鞠,森,mari,mori,substitution
鞠,無理,mari,muri,substitution
鞠,なり,mari,nari,substitution
鞠,割,mari,wari,substitution
鞠,槍,mari,yari,substitution
丸,鱒,maru,masu,substitution
丸,繭,maru,mayu,substitution
丸,見る,maru,miru,substitution
丸,漏る,maru,moru,substitution
丸,成る,maru,naru,substitution
丸,猿,maru,saru,substitution
丸,樽,maru,taru,substitution
丸,やる,maru,yaru,substitution
丸,笊,maru,zaru,substitution
鱒,繭,masu,mayu,substitution
鱒,雌,masu,mesu,substitution
鱒,御簾,masu,misu,substitution
鱒,申す,masu,mosu,substitution
鱒,蒸す,masu,musu,substitution
鱒,茄子,masu,nasu,substitution
鱒,砂州,masu,sasu,substitution
鱒,足す,masu,tasu,substitution
股,的,mata,mato,last_char_differs
股,鉈,mata,nata,substitution
股,綿,mata,wata,substitution
股,ざた,mata,zata,substitution
的,元,mato,moto,substitution
的,無糖,mato,muto,substitution
的,里,mato,sato,substitution
的,多投,mato,tato,substitution
的,野党,mato,yato,substitution
繭,さ湯,mayu,sayu,substitution
繭,座右,mayu,zayu,substitution
姪,名医,mei,meii,insertion
名医,誠意,meii,seii,substitution
麺,無縁,men,muen,insertion
雌,御簾,mesu,misu,substitution
雌,申す,mesu,mosu,substitution
雌,蒸す,mesu,musu,substitution
雌,手数,mesu,tesu,substitution
右,幹,migi,miki,substitution
右,耳,migi,mimi,substitution
右,麦,migi,mugi,substitution
幹,巫女,miki,miko,last_char_differs
幹,耳,miki,mimi,substitution
幹,無期,miki,muki,substitution
幹,利器,miki,riki,substitution
巫女,蓑,miko,mino,substitution
巫女,味噌,miko,miso,substitution
巫女,御代,miko,miyo,substitution
巫女,溝,miko,mizo,substitution
巫女,猛虎,miko,moko,substitution
巫女,婿,miko,muko,substitution
巫女,理工,miko,riko,substitution
耳,樅,mimi,momi,substitution
耳,無味,mimi,mumi,substitution
峰,蓑,mine,mino,last_char_differs
峰,店,mine,mise,substitution
峰,棟,mine,mune,substitution
蓑,味噌,mino,miso,substitution
蓑,御代,mino,miyo,substitution
蓑,溝,mino,mizo,substitution
蓑,物,mino,mono,substitution
見る,御簾,miru,misu,substitution
見る,水,miru,mizu,substitution
見る,漏る,miru,moru,substitution
見る,似る,miru,niru,substitution
見る,老いる,miru,oiru,substitution
店,味噌,mise,miso,last_char_differs
店,御簾,mise,misu,last_char_differs
味噌,御簾,miso,misu,last_char_differs
味噌,御代,miso,miyo,substitution
味噌,溝,miso,mizo,substitution
味噌,妄想,miso,moso,substitution
味噌,夢想,miso,muso,substitution
味噌,尼僧,miso,niso,substitution
味噌,理想,miso,riso,substitution
御簾,水,misu,mizu,substitution
御簾,申す,misu,mosu,substitution
御簾,蒸す,misu,musu,substitution
御簾,りす,misu,risu,substitution
宮,御代,miya,miyo,last_char_differs
宮,もや,miya,moya,substitution
御代,溝,miyo,mizo,substitution
御代,模様,miyo,moyo,substitution
御代,無用,miyo,muyo,substitution
御代,妙,miyo,myo,insertion
御代,利用,miyo,riyo,substitution
溝,水,mizo,mizu,last_char_differs
溝,模造,mizo,mozo,substitution
水,百舌,mizu,mozu,substitution
猛打,猛火,moda,moka,substitution
猛打,猛者,moda,mosa,substitution
猛打,もや,moda,moya,substitution
猛打,無駄,moda,muda,substitution
猛打,投打,moda,toda,substitution
毛布,もぐ,mofu,mogu,substitution
毛布,猛獣,mofu,moju,substitution
毛布,揉む,mofu,momu,substitution
毛布,漏る,mofu,moru,substitution
毛布,申す,mofu,mosu,substitution
毛布,百舌,mofu,mozu,substitution
毛布,農夫,mofu,nofu,substitution
毛布,老婦,mofu,rofu,substitution
毛布,祖父,mofu,sofu,substitution
毛布,豆腐,mofu,tofu,substitution
毛布,養父,mofu,yofu,substitution
もぐ,猛獣,mogu,moju,substitution
もぐ,揉む,mogu,momu,substitution
もぐ,漏る,mogu,moru,substitution
もぐ,申す,mogu,mosu,substitution
もぐ,百舌,mogu,mozu,substitution
もぐ,農具,mogu,nogu,substitution
もぐ,装具,mogu,sogu,substitution
もぐ,研ぐ,mogu,togu,substitution
もぐ,用具,mogu,yogu,substitution
文字,猛獣,moji,moju,last_char_differs
文字,樅,moji,momi,substitution
文字,森,moji,mori,substitution
文字,無地,moji,muji,substitution
文字,王子,moji,oji,insertion
文字,露地,moji,roji,substitution
文字,掃除,moji,soji,substitution
文字,冬至,moji,toji,substitution
文字,幼時,moji,yoji,substitution
猛獣,揉む,moju,momu,substitution
猛獣,漏る,moju,moru,substitution
猛獣,申す,moju,mosu,substitution
猛獣,百舌,moju,mozu,substitution
猛獣,老中,moju,roju,substitution
猛獣,操縦,moju,soju,substitution
猛火,猛虎,moka,moko,last_char_differs
猛火,猛者,moka,mosa,substitution
猛火,もや,moka,moya,substitution
猛火,農家,moka,noka,substitution
猛火,丘,moka,oka,insertion
猛火,廊下,moka,roka,substitution
猛火,灯火,moka,toka,substitution
猛火,余暇,moka,yoka,substitution
猛火,造花,moka,zoka,substitution
猛虎,桃,moko,momo,substitution
猛虎,物,moko,mono,substitution
猛虎,妄想,moko,moso,substitution
猛虎,元,moko,moto,substitution
猛虎,模様,moko,moyo,substitution
猛虎,模造,moko,mozo,substitution
猛虎,婿,moko,muko,substitution
猛虎,農高,moko,noko,substitution
猛虎,倉庫,moko,soko,substitution
猛虎,刀工,moko,toko,substitution
猛虎,横,moko,yoko,substitution
樅,桃,momi,momo,last_char_differs
樅,揉む,momi,momu,last_char_differs
樅,森,momi,mori,substitution
樅,無味,momi,mumi,substitution
樅,蚤,momi,nomi,substitution
樅,総身,momi,somi,substitution
樅,富,momi,tomi,substitution
桃,揉む,momo,momu,last_char_differs
桃,物,momo,mono,substitution
桃,妄想,momo,moso,substitution
桃,元,momo,moto,substitution
桃,模様,momo,moyo,substitution
桃,模造,momo,mozo,substitution
桃,主,momo,omo,insertion
桃,供,momo,tomo,substitution
桃,羊毛,momo,yomo,substitution
揉む,漏る,momu,moru,substitution
揉む,申す,momu,mosu,substitution
揉む,百舌,momu,mozu,substitution
揉む,飲む,momu,nomu,substitution
揉む,鸚鵡,momu,omu,insertion
揉む,総務,momu,somu,substitution
揉む,詠む,momu,yomu,substitution
門,物,mon,mono,insertion
物,妄想,mono,moso,substitution
物,元,mono,moto,substitution
物,模様,mono,moyo,substitution
物,模造,mono,mozo,substitution
物,斧,mono,ono,insertion
物,苑,mono,sono,substitution
物,殿,mono,tono,substitution
森,漏る,mori,moru,last_char_differs
森,無理,mori,muri,substitution
森,海苔,mori,nori,substitution
森,檻,mori,ori,insertion
森,橇,mori,sori,substitution
森,鳥,mori,tori,substitution
森,草履,mori,zori,substitution
漏る,申す,moru,mosu,substitution
漏る,百舌,moru,mozu,substitution
漏る,乗る,moru,noru,substitution
漏る,居る,moru,oru,insertion
漏る,剃る,moru,soru,substitution
漏る,通る,moru,toru,substitution
漏る,夜,moru,yoru,substitution
猛者,妄想,mosa,moso,last_char_differs
猛者,申す,mosa,mosu,last_char_differs
猛者,もや,mosa,moya,substitution
猛者,操作,mosa,sosa,substitution
妄想,申す,moso,mosu,last_char_differs
妄想,元,moso,moto,substitution
妄想,模様,moso,moyo,substitution
妄想,模造,moso,mozo,substitution
妄想,夢想,moso,muso,substitution
妄想,老僧,moso,roso,substitution
妄想,早々,moso,soso,substitution
妄想,逃走,moso,toso,substitution
妄想,余所,moso,yoso,substitution
申す,百舌,mosu,mozu,substitution
申す,蒸す,mosu,musu,substitution
申す,伸す,mosu,nosu,substitution
申す,雄,mosu,osu,insertion
申す,素数,mosu,sosu,substitution
申す,通す,mosu,tosu,substitution
申す,よす,mosu,yosu,substitution
元,模様,moto,moyo,substitution
元,模造,moto,mozo,substitution
元,無糖,moto,muto,substitution
元,音,moto,oto,insertion
元,漏斗,moto,roto,substitution
元,総統,moto,soto,substitution
元,徒党,moto,toto,substitution
元,洋陶,moto,yoto,substitution
元,贈答,moto,zoto,substitution
もや,模様,moya,moyo,last_char_differs
もや,親,moya,oya,insertion
もや,牢屋,moya,roya,substitution
もや,粗野,moya,soya,substitution
もや,当夜,moya,toya,substitution
模様,模造,moyo,mozo,substitution
模様,無用,moyo,muyo,substitution
模様,妙,moyo,myo,insertion
模様,応用,moyo,oyo,insertion
模様,東洋,moyo,toyo,substitution
模様,贈与,moyo,zoyo,substitution
模造,百舌,mozo,mozu,last_char_differs
模造,塑像,mozo,sozo,substitution
郁子,無謀,mube,mubo,last_char_differs
郁子,棟,mube,mune,substitution
郁子,すべ,mube,sube,substitution
郁子,ゆうべ,mube,yube,substitution
無謀,無法,mubo,muho,substitution
無謀,無上,mubo,mujo,substitution
無謀,婿,mubo,muko,substitution
無謀,夢想,mubo,muso,substitution
無謀,無糖,mubo,muto,substitution
無謀,無用,mubo,muyo,substitution
無謀,有望,mubo,yubo,substitution
無駄,夢魔,muda,muma,substitution
無駄,村,muda,mura,substitution
麦,無為,mugi,mui,insertion
麦,無地,mugi,muji,substitution
麦,無期,mugi,muki,substitution
麦,無味,mugi,mumi,substitution
麦,無理,mugi,muri,substitution
麦,杉,mugi,sugi,substitution
麦,遊技,mugi,yugi,substitution
無法,無上,muho,mujo,substitution
無法,婿,muho,muko,substitution
無法,夢想,muho,muso,substitution
無法,無糖,muho,muto,substitution
無法,無用,muho,muyo,substitution
無為,無地,mui,muji,insertion
無為,無期,mui,muki,insertion
無為,無味,mui,mumi,insertion
無為,無理,mui,muri,insertion
無地,無上,muji,mujo,last_char_differs
無地,無期,muji,muki,substitution
無地,無味,muji,mumi,substitution
無地,無理,muji,muri,substitution
無地,筋,muji,suji,substitution
無地,氏,muji,uji,insertion
無上,婿,mujo,muko,substitution
無上,夢想,mujo,muso,substitution
無上,無糖,mujo,muto,substitution
無上,無用,mujo,muyo,substitution
無上,遊女,mujo,yujo,substitution
無上,頭上,mujo,zujo,substitution
無期,婿,muki,muko,last_char_differs
無期,剥く,muki,muku,last_char_differs
無期,無味,muki,mumi,substitution
無期,無理,muki,muri,substitution
無期,鋤,muki,suki,substitution
無期,雨季,muki,uki,insertion
無期,雪,muki,yuki,substitution
婿,剥く,muko,muku,last_char_differs
婿,夢想,muko,muso,substitution
婿,無糖,muko,muto,substitution
婿,無用,muko,muyo,substitution
婿,崇高,muko,suko,substitution
婿,有効,muko,yuko,substitution
婿,図工,muko,zuko,substitution
剥く,蒸す,muku,musu,substitution
剥く,抜く,muku,nuku,substitution
剥く,好く,muku,suku,substitution
剥く,浮く,muku,uku,insertion
夢魔,無味,muma,mumi,last_char_differs
夢魔,村,muma,mura,substitution
夢魔,沼,muma,numa,substitution
夢魔,馬,muma,uma,insertion
無味,無理,mumi,muri,substitution
無味,炭,mumi,sumi,substitution
無味,海,mumi,umi,insertion
無味,弓,mumi,yumi,substitution
棟,臑,mune,sune,substitution
棟,畝,mune,une,insertion
村,無理,mura,muri,last_char_differs
村,浦,mura,ura,insertion
無理,瑠璃,muri,ruri,substitution
無理,すり,muri,suri,substitution
無理,瓜,muri,uri,insertion
無理,百合,muri,yuri,substitution
夢想,蒸す,muso,musu,last_char_differs
夢想,無糖,muso,muto,substitution
夢想,無用,muso,muyo,substitution
夢想,裾,muso,suso,substitution
夢想,郵送,muso,yuso,substitution
蒸す,留守,musu,rusu,substitution
蒸す,煤,musu,susu,substitution
蒸す,臼,musu,usu,insertion
無糖,無用,muto,muyo,substitution
無糖,友党,muto,yuto,substitution
無用,妙,muyo,myo,insertion
無用,有用,muyo,yuyo,substitution
鍋,苗,nabe,nae,insertion
鍋,野辺,nabe,nobe,substitution
灘,中,nada,naka,substitution
灘,生,nada,nama,substitution
灘,楢,nada,nara,substitution
灘,鉈,nada,nata,substitution
灘,縄,nada,nawa,substitution
灘,納屋,nada,naya,substitution
凪,凪ぐ,nagi,nagu,last_char_differs
凪,亡い,nagi,nai,insertion
凪,波,nagi,nami,substitution
凪,何,nagi,nani,substitution
凪,なり,nagi,nari,substitution
凪,葱,nagi,negi,substitution
凪,芒,nagi,nogi,substitution
凪,鷺,nagi,sagi,substitution
凪,山羊,nagi,yagi,substitution
凪ぐ,泣く,nagu,naku,substitution
凪ぐ,成る,nagu,naru,substitution
凪ぐ,茄子,nagu,nasu,substitution
凪ぐ,綯う,nagu,nau,insertion
凪ぐ,農具,nagu,nogu,substitution
凪ぐ,脱ぐ,nagu,nugu,substitution
凪ぐ,夜具,nagu,yagu,substitution
亡い,波,nai,nami,insertion
亡い,何,nai,nani,insertion
亡い,なり,nai,nari,insertion
中,泣く,naka,naku,last_char_differs
中,生,naka,nama,substitution
中,楢,naka,nara,substitution
中,鉈,naka,nata,substitution
中,縄,naka,nawa,substitution
中,納屋,naka,naya,substitution
中,農家,naka,noka,substitution
中,糠,naka,nuka,substitution
中,坂,naka,saka,substitution
中,鷹,naka,taka,substitution
中,和歌,naka,waka,substitution
泣く,成る,naku,naru,substitution
泣く,茄子,naku,nasu,substitution
泣く,綯う,naku,nau,insertion
泣く,肉,naku,niku,substitution
泣く,のく,naku,noku,substitution
泣く,抜く,naku,nuku,substitution
泣く,楽,naku,raku,substitution
泣く,柵,naku,saku,substitution
泣く,宅,naku,taku,substitution
泣く,枠,naku,waku,substitution
泣く,葯,naku,yaku,substitution
生,波,nama,nami,last_char_differs
生,楢,nama,nara,substitution
生,鉈,nama,nata,substitution
生,縄,nama,nawa,substitution
生,納屋,nama,naya,substitution
生,寝間,nama,nema,substitution
生,沼,nama,numa,substitution
生,様,nama,sama,substitution
生,弾,nama,tama,substitution
生,山,nama,yama,substitution
生,ざま,nama,zama,substitution
波,何,nami,nani,substitution
波,なり,nami,nari,substitution
波,蚤,nami,nomi,substitution
波,民,nami,tami,substitution
波,闇,nami,yami,substitution
何,南欧,nani,nano,last_char_differs
何,なり,nani,nari,substitution
何,任意,nani,nini,substitution
何,谷,nani,tani,substitution
何,鰐,nani,wani,substitution
何,やに,nani,yani,substitution
南欧,謎,nano,nazo,substitution
南欧,布,nano,nuno,substitution
南欧,卵黄,nano,rano,substitution
楢,なり,nara,nari,last_char_differs
楢,成る,nara,naru,last_char_differs
楢,鉈,nara,nata,substitution
楢,縄,nara,nawa,substitution
楢,納屋,nara,naya,substitution
楢,にら,nara,nira,substitution
楢,野良,nara,nora,substitution
楢,皿,nara,sara,substitution
楢,鱈,nara,tara,substitution
楢,藁,nara,wara,substitution
楢,ざら,nara,zara,substitution
なり,成る,nari,naru,last_char_differs
なり,海苔,nari,nori,substitution
なり,割,nari,wari,substitution
なり,槍,nari,yari,substitution
成る,茄子,naru,nasu,substitution
成る,綯う,naru,nau,insertion
成る,練る,naru,neru,substitution
成る,似る,naru,niru,substitution
成る,乗る,naru,noru,substitution
成る,塗る,naru,nuru,substitution
成る,猿,naru,saru,substitution
成る,樽,naru,taru,substitution
成る,やる,naru,yaru,substitution
成る,笊,naru,zaru,substitution
茄子,綯う,nasu,nau,insertion
茄子,伸す,nasu,nosu,substitution
茄子,砂州,nasu,sasu,substitution
茄子,足す,nasu,tasu,substitution
鉈,縄,nata,nawa,substitution
鉈,納屋,nata,naya,substitution
鉈,綿,nata,wata,substitution
鉈,ざた,nata,zata,substitution
縄,納屋,nawa,naya,substitution
縄,庭,nawa,niwa,substitution
縄,沢,nawa,sawa,substitution
縄,やわ,nawa,yawa,substitution
納屋,莢,naya,saya,substitution
謎,寝相,nazo,nezo,substitution
謎,座像,nazo,zazo,substitution
寝坊,猫,nebo,neko,substitution
寝坊,寝相,nebo,nezo,substitution
葱,芒,negi,nogi,substitution
猫,寝相,neko,nezo,substitution
猫,農高,neko,noko,substitution
猫,梃子,neko,teko,substitution
寝間,合歓,nema,nemu,last_char_differs
寝間,沼,nema,numa,substitution
寝間,手間,nema,tema,substitution
合歓,練る,nemu,neru,substitution
合歓,飲む,nemu,nomu,substitution
練る,似る,neru,niru,substitution
練る,乗る,neru,noru,substitution
練る,塗る,neru,nuru,substitution
練る,終える,neru,oeru,substitution
練る,競る,neru,seru,substitution
練る,照る,neru,teru,substitution
練る,植える,neru,ueru,substitution
虹,任意,niji,nini,substitution
虹,理事,niji,riji,substitution
肉,匂う,niku,niou,substitution
肉,似る,niku,niru,substitution
肉,のく,niku,noku,substitution
肉,抜く,niku,nuku,substitution
肉,陸,niku,riku,substitution
仁王,匂う,nio,niou,insertion
仁王,尼僧,nio,niso,insertion
匂う,似る,niou,niru,substitution
にら,似る,nira,niru,last_char_differs
にら,庭,nira,niwa,substitution
にら,野良,nira,nora,substitution
似る,乗る,niru,noru,substitution
似る,塗る,niru,nuru,substitution
似る,老いる,niru,oiru,substitution
尼僧,理想,niso,riso,substitution
野辺,野火,nobe,nobi,last_char_differs
野火,芒,nobi,nogi,substitution
野火,軒,nobi,noki,substitution
野火,蚤,nobi,nomi,substitution
野火,海苔,nobi,nori,substitution
野火,帯,nobi,obi,insertion
野火,装備,nobi,sobi,substitution
野火,鳶,nobi,tobi,substitution
野火,曜日,nobi,yobi,substitution
喉,農場,nodo,nojo,substitution
喉,農高,nodo,noko,substitution
喉,黄土,nodo,odo,insertion
喉,騒動,nodo,sodo,substitution
喉,海馬,nodo,todo,substitution
喉,淀,nodo,yodo,substitution
農園,応援,noen,oen,insertion
農園,疎遠,noen,soen,substitution
農園,遠縁,noen,toen,substitution
農夫,農具,nofu,nogu,substitution
農夫,のく,nofu,noku,substitution
農夫,飲む,nofu,nomu,substitution
農夫,乗る,nofu,noru,substitution
農夫,伸す,nofu,nosu,substitution
農夫,老婦,nofu,rofu,substitution
農夫,祖父,nofu,sofu,substitution
農夫,豆腐,nofu,tofu,substitution
農夫,養父,nofu,yofu,substitution
芒,農具,nogi,nogu,last_char_differs
芒,軒,nogi,noki,substitution
芒,蚤,nogi,nomi,substitution
芒,海苔,nogi,nori,substitution
芒,扇,nogi,ogi,insertion
芒,都議,nogi,togi,substitution
農具,のく,nogu,noku,substitution
農具,飲む,nogu,nomu,substitution
農具,乗る,nogu,noru,substitution
農具,伸す,nogu,nosu,substitution
農具,脱ぐ,nogu,nugu,substitution
農具,装具,nogu,sogu,substitution
農具,研ぐ,nogu,togu,substitution
農具,用具,nogu,yogu,substitution
農場,農高,nojo,noko,substitution
農場,王女,nojo,ojo,insertion
農場,老女,nojo,rojo,substitution
農場,僧正,nojo,sojo,substitution
農場,途上,nojo,tojo,substitution
農場,幼女,nojo,yojo,substitution
農家,軒,noka,noki,last_char_differs
農家,農高,noka,noko,last_char_differs
農家,のく,noka,noku,last_char_differs
農家,野良,noka,nora,substitution
農家,糠,noka,nuka,substitution
農家,丘,noka,oka,insertion
農家,廊下,noka,roka,substitution
農家,灯火,noka,toka,substitution
農家,余暇,noka,yoka,substitution
農家,造花,noka,zoka,substitution
軒,農高,noki,noko,last_char_differs
軒,のく,noki,noku,last_char_differs
軒,蚤,noki,nomi,substitution
軒,海苔,noki,nori,substitution
軒,沖,noki,oki,insertion
軒,早期,noki,soki,substitution
軒,朱鷺,noki,toki,substitution
軒,容器,noki,yoki,substitution
軒,雑木,noki,zoki,substitution
農高,のく,noko,noku,last_char_differs
農高,倉庫,noko,soko,substitution
農高,刀工,noko,toko,substitution
農高,横,noko,yoko,substitution
のく,飲む,noku,nomu,substitution
のく,乗る,noku,noru,substitution
のく,伸す,noku,nosu,substitution
のく,抜く,noku,nuku,substitution
のく,奥,noku,oku,insertion
のく,禄,noku,roku,substitution
のく,遠く,noku,toku,substitution
のく,欲,noku,yoku,substitution
のく,賊,noku,zoku,substitution
蚤,飲む,nomi,nomu,last_char_differs
蚤,海苔,nomi,nori,substitution
蚤,総身,nomi,somi,substitution
蚤,富,nomi,tomi,substitution
飲む,乗る,nomu,noru,substitution
飲む,伸す,nomu,nosu,substitution
飲む,鸚鵡,nomu,omu,insertion
飲む,総務,nomu,somu,substitution
飲む,詠む,nomu,yomu,substitution
野良,海苔,nora,nori,last_char_differs
野良,乗る,nora,noru,last_char_differs
野良,おら,nora,ora,insertion
野良,空,nora,sora,substitution
野良,虎,nora,tora,substitution
海苔,乗る,nori,noru,last_char_differs
海苔,檻,nori,ori,insertion
海苔,橇,nori,sori,substitution
海苔,鳥,nori,tori,substitution
海苔,草履,nori,zori,substitution
乗る,伸す,noru,nosu,substitution
乗る,塗る,noru,nuru,substitution
乗る,居る,noru,oru,insertion
乗る,剃る,noru,soru,substitution
乗る,通る,noru,toru,substitution
乗る,夜,noru,yoru,substitution
伸す,雄,nosu,osu,insertion
伸す,素数,nosu,sosu,substitution
伸す,通す,nosu,tosu,substitution
伸す,よす,nosu,yosu,substitution
脱ぐ,抜く,nugu,nuku,substitution
脱ぐ,塗る,nugu,nuru,substitution
脱ぐ,縫う,nugu,nuu,insertion
脱ぐ,遊具,nugu,yugu,substitution
糠,抜く,nuka,nuku,last_char_differs
糠,沼,nuka,numa,substitution
糠,羽化,nuka,uka,insertion
糠,床,nuka,yuka,substitution
抜く,塗る,nuku,nuru,substitution
抜く,縫う,nuku,nuu,insertion
抜く,好く,nuku,suku,substitution
抜く,浮く,nuku,uku,insertion
沼,馬,numa,uma,insertion
布,有能,nuno,yuno,substitution
布,頭脳,nuno,zuno,substitution
塗る,縫う,nuru,nuu,insertion
塗る,刷る,nuru,suru,substitution
塗る,売る,nuru,uru,insertion
塗る,ずる,nuru,zuru,substitution
大味,王子,oaji,oji,insertion
大味,匙,oaji,saji,substitution
大味,野次,oaji,yaji,substitution
大雨,大荒れ,oame,oare,substitution
大雨,負い目,oame,oime,substitution
大雨,鮫,oame,same,substitution
大荒れ,俺,oare,ore,insertion
大荒れ,たれ,oare,tare,substitution
大荒れ,我,oare,ware,substitution
伯母,御祖母,oba,obaa,insertion
伯母,驢馬,oba,roba,insertion
伯母,蕎麦,oba,soba,insertion
帯,装備,obi,sobi,insertion
帯,鳶,obi,tobi,insertion
帯,曜日,obi,yobi,insertion
応募,御盆,obo,obon,insertion
応募,老母,obo,robo,insertion
応募,祖母,obo,sobo,insertion
応募,逃亡,obo,tobo,insertion
応募,養母,obo,yobo,insertion
御盆,応分,obon,obun,substitution
御盆,黄金,obon,ogon,substitution
王朝,王将,ocho,osho,substitution
横断,おでん,odan,oden,substitution
横断,おじゃん,odan,ojan,substitution
横断,王冠,odan,okan,substitution
横断,御産,odan,osan,substitution
汚泥,おでん,odei,oden,last_char_differs
汚泥,横柄,odei,ohei,substitution
汚泥,御礼,odei,orei,substitution
汚泥,旺盛,odei,osei,substitution
汚泥,大勢,odei,ozei,substitution
おでん,応援,oden,oen,insertion
おでん,往年,oden,onen,substitution
黄土,騒動,odo,sodo,insertion
黄土,海馬,odo,todo,insertion
黄土,淀,odo,yodo,insertion
応援,往年,oen,onen,insertion
応援,疎遠,oen,soen,insertion
応援,遠縁,oen,toen,insertion
終える,老いる,oeru,oiru,substitution
終える,居る,oeru,oru,insertion
終える,競る,oeru,seru,substitution
終える,照る,oeru,teru,substitution
終える,植える,oeru,ueru,substitution
大貝,扇,ogai,ogi,insertion
大貝,含嗽,ogai,ugai,substitution
扇,都議,ogi,togi,insertion
大声,黄金,ogoe,ogon,last_char_differs
横柄,王妃,ohei,ohi,insertion
横柄,御礼,ohei,orei,substitution
横柄,旺盛,ohei,osei,substitution
横柄,大勢,ohei,ozei,substitution
王妃,牡牛,ohi,oshi,insertion
王妃,党費,ohi,tohi,insertion
御家,負い目,oie,oime,insertion
御家,大見得,oie,omie,insertion
大入り,老いる,oiri,oiru,last_char_differs
大入り,檻,oiri,ori,insertion
老いる,居る,oiru,oru,insertion
王者,おじゃん,oja,ojan,insertion
おじゃん,王冠,ojan,okan,substitution
おじゃん,御産,ojan,osan,substitution
王子,露地,oji,roji,insertion
王子,掃除,oji,soji,insertion
王子,冬至,oji,toji,insertion
王子,幼時,oji,yoji,insertion
王女,温情,ojo,onjo,insertion
王女,老女,ojo,rojo,insertion
王女,僧正,ojo,sojo,insertion
王女,途上,ojo,tojo,insertion
王女,幼女,ojo,yojo,insertion
丘,王冠,oka,okan,insertion
丘,廊下,oka,roka,insertion
丘,灯火,oka,toka,insertion
丘,余暇,oka,yoka,insertion
丘,造花,oka,zoka,insertion
王冠,御産,okan,osan,substitution
沖,大きい,oki,okii,insertion
沖,早期,oki,soki,insertion
沖,朱鷺,oki,toki,insertion
沖,容器,oki,yoki,insertion
沖,雑木,oki,zoki,insertion
億劫,奥,okku,oku,insertion
億劫,王宮,okku,okyu,substitution
奥,王宮,oku,okyu,insertion
奥,禄,oku,roku,insertion
奥,遠く,oku,toku,insertion
奥,欲,oku,yoku,insertion
奥,賊,oku,zoku,insertion
御前,大見得,omae,omie,substitution
主,重い,omo,omoi,insertion
主,思う,omo,omou,insertion
主,供,omo,tomo,insertion
主,羊毛,omo,yomo,insertion
重い,思う,omoi,omou,last_char_differs
重い,遅い,omoi,osoi,substitution
思う,鸚鵡,omou,omu,insertion
思う,襲う,omou,osou,substitution
鸚鵡,総務,omu,somu,insertion
鸚鵡,詠む,omu,yomu,insertion
おんぶ,音符,onbu,onpu,substitution
尾根,往年,one,onen,insertion
鬼,雑煮,oni,zoni,insertion
温情,温厚,onjo,onko,substitution
温情,斧,onjo,ono,insertion
温情,穏当,onjo,onto,substitution
温厚,斧,onko,ono,insertion
温厚,穏当,onko,onto,substitution
温厚,うんこ,onko,unko,substitution
女,音叉,onna,onsa,substitution
女,温和,onna,onwa,substitution
斧,穏当,ono,onto,insertion
斧,苑,ono,sono,insertion
斧,殿,ono,tono,insertion
音叉,温和,onsa,onwa,substitution
穏当,音,onto,oto,insertion
穏当,夫,onto,otto,substitution
おら,空,ora,sora,insertion
おら,虎,ora,tora,insertion
俺,御礼,ore,orei,insertion
御礼,檻,orei,ori,insertion
御礼,旺盛,orei,osei,substitution
御礼,大勢,orei,ozei,substitution
檻,橇,ori,sori,insertion
檻,鳥,ori,tori,insertion
檻,草履,ori,zori,insertion
往路,早老,oro,soro,insertion
往路,灯籠,oro,toro,insertion
居る,剃る,oru,soru,insertion
居る,通る,oru,toru,insertion
居る,夜,oru,yoru,insertion
仰せ,旺盛,ose,osei,insertion
仰せ,寄席,ose,yose,insertion
旺盛,牡牛,osei,oshi,substitution
旺盛,遅い,osei,osoi,substitution
旺盛,汚水,osei,osui,substitution
旺盛,大勢,osei,ozei,substitution
旺盛,聖,osei,sei,insertion
牡牛,王将,oshi,osho,last_char_differs
牡牛,遅い,oshi,osoi,substitution
牡牛,汚水,oshi,osui,substitution
牡牛,市,oshi,shi,insertion
牡牛,牛,oshi,ushi,substitution
王将,笙,osho,sho,insertion
遅い,襲う,osoi,osou,last_char_differs
遅い,汚水,osoi,osui,substitution
襲う,雄,osou,osu,insertion
襲う,沿う,osou,sou,insertion
雄,汚水,osu,osui,insertion
雄,素数,osu,sosu,insertion
雄,通す,osu,tosu,insertion
雄,よす,osu,yosu,insertion
汚水,酸い,osui,sui,insertion
汚水,雨水,osui,usui,substitution
大手,追っ手,ote,otte,insertion
音,夫,oto,otto,insertion
音,漏斗,oto,roto,insertion
音,総統,oto,soto,insertion
音,徒党,oto,toto,insertion
音,洋陶,oto,yoto,insertion
音,贈答,oto,zoto,insertion
追っ手,夫,otte,otto,last_char_differs
親,牢屋,oya,roya,insertion
親,粗野,oya,soya,insertion
親,当夜,oya,toya,insertion
応用,東洋,oyo,toyo,insertion
応用,贈与,oyo,zoyo,insertion
雷雨,楽,raiu,raku,substitution
楽,陸,raku,riku,substitution
楽,禄,raku,roku,substitution
楽,柵,raku,saku,substitution
楽,宅,raku,taku,substitution
楽,枠,raku,waku,substitution
楽,葯,raku,yaku,substitution
蘭,卵黄,ran,rano,insertion
離縁,輪,rien,rin,insertion
理事,利器,riji,riki,substitution
理事,露地,riji,roji,substitution
理化,利器,rika,riki,last_char_differs
理化,理工,rika,riko,last_char_differs
理化,陸,rika,riku,last_char_differs
理化,廊下,rika,roka,substitution
利器,理工,riki,riko,last_char_differs
利器,陸,riki,riku,last_char_differs
理工,陸,riko,riku,last_char_differs
理工,理想,riko,riso,substitution
理工,離島,riko,rito,substitution
理工,利用,riko,riyo,substitution
陸,りす,riku,risu,substitution
陸,理由,riku,riyu,substitution
陸,禄,riku,roku,substitution
理想,りす,riso,risu,last_char_differs
理想,離島,riso,rito,substitution
理想,利用,riso,riyo,substitution
理想,老僧,riso,roso,substitution
りす,理由,risu,riyu,substitution
りす,留守,risu,rusu,substitution
離島,利用,rito,riyo,substitution
離島,漏斗,rito,roto,substitution
利用,理由,riyo,riyu,last_char_differs
理由,竜,riyu,ryu,insertion
驢馬,老母,roba,robo,last_char_differs
驢馬,廊下,roba,roka,substitution
驢馬,牢屋,roba,roya,substitution
驢馬,蕎麦,roba,soba,substitution
老母,老後,robo,rogo,substitution
老母,老女,robo,rojo,substitution
老母,老僧,robo,roso,substitution
老母,漏斗,robo,roto,substitution
老母,祖母,robo,sobo,substitution
老母,逃亡,robo,tobo,substitution
老母,養母,robo,yobo,substitution
老婦,老中,rofu,roju,substitution
老婦,禄,rofu,roku,substitution
老婦,祖父,rofu,sofu,substitution
老婦,豆腐,rofu,tofu,substitution
老婦,養父,rofu,yofu,substitution
老後,老女,rogo,rojo,substitution
老後,老僧,rogo,roso,substitution
老後,漏斗,rogo,roto,substitution
老後,祖語,rogo,sogo,substitution
老後,等号,rogo,togo,substitution
老後,養護,rogo,yogo,substitution
老後,造語,rogo,zogo,substitution
露地,老女,roji,rojo,last_char_differs
露地,老中,roji,roju,last_char_differs
露地,掃除,roji,soji,substitution
露地,冬至,roji,toji,substitution
露地,幼時,roji,yoji,substitution
老女,老中,rojo,roju,last_char_differs
老女,老僧,rojo,roso,substitution
老女,漏斗,rojo,roto,substitution
老女,僧正,rojo,sojo,substitution
老女,途上,rojo,tojo,substitution
老女,幼女,rojo,yojo,substitution
老中,禄,roju,roku,substitution
老中,操縦,roju,soju,substitution
廊下,禄,roka,roku,last_char_differs
廊下,牢屋,roka,roya,substitution
廊下,灯火,roka,toka,substitution
廊下,余暇,roka,yoka,substitution
廊下,造花,roka,zoka,substitution
禄,遠く,roku,toku,substitution
禄,欲,roku,yoku,substitution
禄,賊,roku,zoku,substitution
老僧,漏斗,roso,roto,substitution
老僧,早々,roso,soso,substitution
老僧,逃走,roso,toso,substitution
老僧,余所,roso,yoso,substitution
漏斗,総統,roto,soto,substitution
漏斗,徒党,roto,toto,substitution
漏斗,洋陶,roto,yoto,substitution
漏斗,贈答,roto,zoto,substitution
牢屋,粗野,roya,soya,substitution
牢屋,当夜,roya,toya,substitution
瑠璃,すり,ruri,suri,substitution
瑠璃,瓜,ruri,uri,insertion
瑠璃,百合,ruri,yuri,substitution
留守,煤,rusu,susu,substitution
留守,臼,rusu,usu,insertion
竜,竜王,ryu,ryuo,insertion
鯖,錆,saba,sabi,last_char_differs
鯖,左派,saba,saha,substitution
鯖,坂,saba,saka,substitution
鯖,様,saba,sama,substitution
鯖,皿,saba,sara,substitution
鯖,笹,saba,sasa,substitution
鯖,沢,saba,sawa,substitution
鯖,莢,saba,saya,substitution
鯖,蕎麦,saba,soba,substitution
鯖,束,saba,taba,substitution
錆,鷺,sabi,sagi,substitution
錆,犀,sabi,sai,insertion
錆,匙,sabi,saji,substitution
錆,先,sabi,saki,substitution
錆,装備,sabi,sobi,substitution
錆,足袋,sabi,tabi,substitution
茶道,作法,sado,saho,substitution
茶道,最奥,sado,saio,substitution
茶道,砂上,sado,sajo,substitution
茶道,竿,sado,sao,insertion
茶道,里,sado,sato,substitution
茶道,作用,sado,sayo,substitution
茶道,騒動,sado,sodo,substitution
茶道,宿,sado,yado,substitution
鷺,犀,sagi,sai,insertion
鷺,匙,sagi,saji,substitution
鷺,先,sagi,saki,substitution
鷺,杉,sagi,sugi,substitution
鷺,山羊,sagi,yagi,substitution
左派,作法,saha,saho,last_char_differs
左派,坂,saha,saka,substitution
左派,様,saha,sama,substitution
左派,皿,saha,sara,substitution
左派,笹,saha,sasa,substitution
左派,沢,saha,sawa,substitution
左派,莢,saha,saya,substitution
作法,最奥,saho,saio,substitution
作法,砂上,saho,sajo,substitution
作法,竿,saho,sao,insertion
作法,里,saho,sato,substitution
作法,作用,saho,sayo,substitution
作法,笙,saho,sho,insertion
作法,走法,saho,soho,substitution
作法,野砲,saho,yaho,substitution
犀,最奥,sai,saio,insertion
犀,匙,sai,saji,insertion
犀,先,sai,saki,insertion
最奥,砂上,saio,sajo,substitution
最奥,竿,saio,sao,insertion
最奥,里,saio,sato,substitution
最奥,作用,saio,sayo,substitution
最奥,塩,saio,shio,substitution
最奥,対応,saio,taio,substitution
匙,砂上,saji,sajo,last_char_differs
匙,先,saji,saki,substitution
匙,掃除,saji,soji,substitution
匙,筋,saji,suji,substitution
匙,野次,saji,yaji,substitution
砂上,竿,sajo,sao,insertion
砂上,里,sajo,sato,substitution
砂上,作用,sajo,sayo,substitution
砂上,僧正,sajo,sojo,substitution
坂,酒,saka,sake,last_char_differs
坂,先,saka,saki,last_char_differs
坂,柵,saka,saku,last_char_differs
坂,様,saka,sama,substitution
坂,皿,saka,sara,substitution
坂,笹,saka,sasa,substitution
坂,沢,saka,sawa,substitution
坂,莢,saka,saya,substitution
坂,鷹,saka,taka,substitution
坂,和歌,saka,waka,substitution
酒,先,sake,saki,last_char_differs
酒,柵,sake,saku,last_char_differs
酒,鮫,sake,same,substitution
酒,岳,sake,take,substitution
酒,訳,sake,wake,substitution
酒,やけ,sake,yake,substitution
先,柵,saki,saku,last_char_differs
先,席,saki,seki,substitution
先,早期,saki,soki,substitution
先,鋤,saki,suki,substitution
先,滝,saki,taki,substitution
先,脇,saki,waki,substitution
柵,猿,saku,saru,substitution
柵,砂州,saku,sasu,substitution
柵,さ湯,saku,sayu,substitution
柵,急く,saku,seku,substitution
柵,好く,saku,suku,substitution
柵,宅,saku,taku,substitution
柵,枠,saku,waku,substitution
柵,葯,saku,yaku,substitution
様,鮫,sama,same,last_char_differs
様,皿,sama,sara,substitution
様,笹,sama,sasa,substitution
様,沢,sama,sawa,substitution
様,莢,sama,saya,substitution
様,弾,sama,tama,substitution
様,山,sama,yama,substitution
様,ざま,sama,zama,substitution
竿,里,sao,sato,insertion
竿,作用,sao,sayo,insertion
皿,猿,sara,saru,last_char_differs
皿,笹,sara,sasa,substitution
皿,沢,sara,sawa,substitution
皿,莢,sara,saya,substitution
皿,空,sara,sora,substitution
皿,鱈,sara,tara,substitution
皿,藁,sara,wara,substitution
皿,ざら,sara,zara,substitution
猿,砂州,saru,sasu,substitution
猿,さ湯,saru,sayu,substitution
猿,競る,saru,seru,substitution
猿,剃る,saru,soru,substitution
猿,刷る,saru,suru,substitution
猿,樽,saru,taru,substitution
猿,やる,saru,yaru,substitution
猿,笊,saru,zaru,substitution
笹,砂州,sasa,sasu,last_char_differs
笹,沢,sasa,sawa,substitution
笹,莢,sasa,saya,substitution
笹,操作,sasa,sosa,substitution
砂州,さ湯,sasu,sayu,substitution
砂州,素数,sasu,sosu,substitution
砂州,煤,sasu,susu,substitution
砂州,足す,sasu,tasu,substitution
里,作用,sato,sayo,substitution
里,瀬戸,sato,seto,substitution
里,総統,sato,soto,substitution
里,多投,sato,tato,substitution
里,野党,sato,yato,substitution
沢,莢,sawa,saya,substitution
沢,世話,sawa,sewa,substitution
沢,挿話,sawa,sowa,substitution
沢,やわ,sawa,yawa,substitution
莢,作用,saya,sayo,last_char_differs
莢,さ湯,saya,sayu,last_char_differs
莢,粗野,saya,soya,substitution
作用,さ湯,sayo,sayu,last_char_differs
作用,多様,sayo,tayo,substitution
さ湯,座右,sayu,zayu,substitution
聖,誠意,sei,seii,insertion
聖,席,sei,seki,insertion
聖,蝉,sei,semi,insertion
聖,繊維,sei,seni,insertion
聖,芹,sei,seri,insertion
誠意,席,seii,seki,substitution
誠意,蝉,seii,semi,substitution
誠意,繊維,seii,seni,substitution
誠意,芹,seii,seri,substitution
誠意,椎,seii,shii,substitution
席,急く,seki,seku,last_char_differs
席,蝉,seki,semi,substitution
席,繊維,seki,seni,substitution
席,芹,seki,seri,substitution
席,早期,seki,soki,substitution
席,鋤,seki,suki,substitution
席,敵,seki,teki,substitution
席,植木,seki,ueki,substitution
急く,競る,seku,seru,substitution
急く,好く,seku,suku,substitution
蝉,繊維,semi,seni,substitution
蝉,芹,semi,seri,substitution
蝉,総身,semi,somi,substitution
蝉,炭,semi,sumi,substitution
線,繊維,sen,seni,insertion
線,疎遠,sen,soen,insertion
繊維,芹,seni,seri,substitution
繊維,銭,seni,zeni,substitution
芹,競る,seri,seru,last_char_differs
芹,橇,seri,sori,substitution
芹,すり,seri,suri,substitution
競る,剃る,seru,soru,substitution
競る,刷る,seru,suru,substitution
競る,照る,seru,teru,substitution
競る,植える,seru,ueru,substitution
瀬戸,総統,seto,soto,substitution
世話,挿話,sewa,sowa,substitution
市,椎,shi,shii,insertion
市,芯,shi,shin,insertion
市,塩,shi,shio,insertion
市,少尉,shi,shoi,insertion
市,周囲,shi,shui,insertion
市,牛,shi,ushi,insertion
椎,芯,shii,shin,last_char_differs
椎,塩,shii,shio,last_char_differs
椎,少尉,shii,shoi,substitution
椎,周囲,shii,shui,substitution
芯,塩,shin,shio,last_char_differs
芯,旬,shin,shun,substitution
塩,笙,shio,sho,insertion
塩,週央,shio,shuo,substitution
笙,少尉,sho,shoi,insertion
笙,週央,sho,shuo,insertion
笙,走法,sho,soho,insertion
少尉,周囲,shoi,shui,substitution
週,周囲,shu,shui,insertion
週,旬,shu,shun,insertion
週,週央,shu,shuo,insertion
周囲,旬,shui,shun,last_char_differs
周囲,週央,shui,shuo,last_char_differs
周囲,酸い,shui,sui,insertion
旬,週央,shun,shuo,last_char_differs
蕎麦,装備,soba,sobi,last_char_differs
蕎麦,祖母,soba,sobo,last_char_differs
蕎麦,装画,soba,soga,substitution
蕎麦,空,soba,sora,substitution
蕎麦,操作,soba,sosa,substitution
蕎麦,挿話,soba,sowa,substitution
蕎麦,粗野,soba,soya,substitution
装備,祖母,sobi,sobo,last_char_differs
装備,掃除,sobi,soji,substitution
装備,早期,sobi,soki,substitution
装備,総身,sobi,somi,substitution
装備,橇,sobi,sori,substitution
装備,鳶,sobi,tobi,substitution
装備,曜日,sobi,yobi,substitution
祖母,騒動,sobo,sodo,substitution
祖母,祖語,sobo,sogo,substitution
祖母,走法,sobo,soho,substitution
祖母,僧正,sobo,sojo,substitution
祖母,倉庫,sobo,soko,substitution
祖母,苑,sobo,sono,substitution
祖母,早老,sobo,soro,substitution
祖母,早々,sobo,soso,substitution
祖母,総統,sobo,soto,substitution
祖母,塑像,sobo,sozo,substitution
祖母,逃亡,sobo,tobo,substitution
祖母,養母,sobo,yobo,substitution
袖,騒動,sode,sodo,last_char_differs
袖,素手,sode,sude,substitution
袖,遠出,sode,tode,substitution
騒動,祖語,sodo,sogo,substitution
騒動,走法,sodo,soho,substitution
騒動,僧正,sodo,sojo,substitution
騒動,倉庫,sodo,soko,substitution
騒動,苑,sodo,sono,substitution
騒動,早老,sodo,soro,substitution
騒動,早々,sodo,soso,substitution
騒動,総統,sodo,soto,substitution
騒動,塑像,sodo,sozo,substitution
騒動,海馬,sodo,todo,substitution
騒動,淀,sodo,yodo,substitution
疎遠,層雲,soen,son,insertion
疎遠,遠縁,soen,toen,substitution
祖父,装具,sofu,sogu,substitution
祖父,操縦,sofu,soju,substitution
祖父,総務,sofu,somu,substitution
祖父,剃る,sofu,soru,substitution
祖父,素数,sofu,sosu,substitution
祖父,沿う,sofu,sou,insertion
祖父,豆腐,sofu,tofu,substitution
祖父,養父,sofu,yofu,substitution
装画,祖語,soga,sogo,last_char_differs
装画,装具,soga,sogu,last_char_differs
装画,空,soga,sora,substitution
装画,操作,soga,sosa,substitution
装画,挿話,soga,sowa,substitution
装画,粗野,soga,soya,substitution
装画,洋画,soga,yoga,substitution
祖語,装具,sogo,sogu,last_char_differs
祖語,走法,sogo,soho,substitution
祖語,僧正,sogo,sojo,substitution
祖語,倉庫,sogo,soko,substitution
祖語,苑,sogo,sono,substitution
祖語,早老,sogo,soro,substitution
祖語,早々,sogo,soso,substitution
祖語,総統,sogo,soto,substitution
祖語,塑像,sogo,sozo,substitution
祖語,等号,sogo,togo,substitution
祖語,養護,sogo,yogo,substitution
祖語,造語,sogo,zogo,substitution
装具,操縦,sogu,soju,substitution
装具,総務,sogu,somu,substitution
装具,剃る,sogu,soru,substitution
装具,素数,sogu,sosu,substitution
装具,沿う,sogu,sou,insertion
装具,研ぐ,sogu,togu,substitution
装具,用具,sogu,yogu,substitution
走法,僧正,soho,sojo,substitution
走法,倉庫,soho,soko,substitution
走法,苑,soho,sono,substitution
走法,早老,soho,soro,substitution
走法,早々,soho,soso,substitution
走法,総統,soho,soto,substitution
走法,塑像,soho,sozo,substitution
走法,当方,soho,toho,substitution
走法,増補,soho,zoho,substitution
掃除,僧正,soji,sojo,last_char_differs
掃除,操縦,soji,soju,last_char_differs
掃除,早期,soji,soki,substitution
掃除,総身,soji,somi,substitution
掃除,橇,soji,sori,substitution
掃除,筋,soji,suji,substitution
掃除,冬至,soji,toji,substitution
掃除,幼時,soji,yoji,substitution
僧正,操縦,sojo,soju,last_char_differs
僧正,倉庫,sojo,soko,substitution
僧正,苑,sojo,sono,substitution
僧正,早老,sojo,soro,substitution
僧正,早々,sojo,soso,substitution
僧正,総統,sojo,soto,substitution
僧正,塑像,sojo,sozo,substitution
僧正,途上,sojo,tojo,substitution
僧正,幼女,sojo,yojo,substitution
操縦,総務,soju,somu,substitution
操縦,剃る,soju,soru,substitution
操縦,素数,soju,sosu,substitution
操縦,沿う,soju,sou,insertion
早期,倉庫,soki,soko,last_char_differs
早期,総身,soki,somi,substitution
早期,橇,soki,sori,substitution
早期,鋤,soki,suki,substitution
早期,朱鷺,soki,toki,substitution
早期,容器,soki,yoki,substitution
早期,雑木,soki,zoki,substitution
倉庫,苑,soko,sono,substitution
倉庫,早老,soko,soro,substitution
倉庫,早々,soko,soso,substitution
倉庫,総統,soko,soto,substitution
倉庫,塑像,soko,sozo,substitution
倉庫,崇高,soko,suko,substitution
倉庫,刀工,soko,toko,substitution
倉庫,横,soko,yoko,substitution
総身,総務,somi,somu,last_char_differs
総身,橇,somi,sori,substitution
総身,炭,somi,sumi,substitution
総身,富,somi,tomi,substitution
総務,剃る,somu,soru,substitution
総務,素数,somu,sosu,substitution
総務,沿う,somu,sou,insertion
総務,住む,somu,sumu,substitution
総務,詠む,somu,yomu,substitution
層雲,苑,son,sono,insertion
苑,早老,sono,soro,substitution
苑,早々,sono,soso,substitution
苑,総統,sono,soto,substitution
苑,塑像,sono,sozo,substitution
苑,殿,sono,tono,substitution
空,橇,sora,sori,last_char_differs
空,早老,sora,soro,last_char_differs
空,剃る,sora,soru,last_char_differs
空,操作,sora,sosa,substitution
空,挿話,sora,sowa,substitution
空,粗野,sora,soya,substitution
空,虎,sora,tora,substitution
橇,早老,sori,soro,last_char_differs
橇,剃る,sori,soru,last_char_differs
橇,すり,sori,suri,substitution
橇,鳥,sori,tori,substitution
橇,草履,sori,zori,substitution
早老,剃る,soro,soru,last_char_differs
早老,早々,soro,soso,substitution
早老,総統,soro,soto,substitution
早老,塑像,soro,sozo,substitution
早老,灯籠,soro,toro,substitution
剃る,素数,soru,sosu,substitution
剃る,沿う,soru,sou,insertion
剃る,刷る,soru,suru,substitution
剃る,通る,soru,toru,substitution
剃る,夜,soru,yoru,substitution
操作,早々,sosa,soso,last_char_differs
操作,素数,sosa,sosu,last_char_differs
操作,挿話,sosa,sowa,substitution
操作,粗野,sosa,soya,substitution
早々,素数,soso,sosu,last_char_differs
早々,総統,soso,soto,substitution
早々,塑像,soso,sozo,substitution
早々,裾,soso,suso,substitution
早々,逃走,soso,toso,substitution
早々,余所,soso,yoso,substitution
素数,沿う,sosu,sou,insertion
素数,煤,sosu,susu,substitution
素数,通す,sosu,tosu,substitution
素数,よす,sosu,yosu,substitution
総統,塑像,soto,sozo,substitution
総統,徒党,soto,toto,substitution
総統,洋陶,soto,yoto,substitution
総統,贈答,soto,zoto,substitution
挿話,粗野,sowa,soya,substitution
挿話,とわ,sowa,towa,substitution
粗野,当夜,soya,toya,substitution
すべ,素手,sube,sude,substitution
すべ,末,sube,sue,insertion
すべ,臑,sube,sune,substitution
すべ,ゆうべ,sube,yube,substitution
素手,末,sude,sue,insertion
素手,臑,sude,sune,substitution
素手,腕,sude,ude,insertion
末,臑,sue,sune,insertion
末,杖,sue,tsue,insertion
杉,酸い,sugi,sui,insertion
杉,筋,sugi,suji,substitution
杉,鋤,sugi,suki,substitution
杉,炭,sugi,sumi,substitution
杉,すり,sugi,suri,substitution
杉,遊技,sugi,yugi,substitution
酸い,筋,sui,suji,insertion
酸い,鋤,sui,suki,insertion
酸い,炭,sui,sumi,insertion
酸い,すり,sui,suri,insertion
酸い,雨水,sui,usui,insertion
筋,鋤,suji,suki,substitution
筋,炭,suji,sumi,substitution
筋,すり,suji,suri,substitution
筋,氏,suji,uji,insertion
鋤,崇高,suki,suko,last_char_differs
鋤,好く,suki,suku,last_char_differs
鋤,炭,suki,sumi,substitution
鋤,すり,suki,suri,substitution
鋤,雨季,suki,uki,insertion
鋤,雪,suki,yuki,substitution
崇高,好く,suko,suku,last_char_differs
崇高,相撲,suko,sumo,substitution
崇高,裾,suko,suso,substitution
崇高,有効,suko,yuko,substitution
崇高,図工,suko,zuko,substitution
好く,住む,suku,sumu,substitution
好く,刷る,suku,suru,substitution
好く,煤,suku,susu,substitution
好く,吸う,suku,suu,insertion
好く,錫,suku,suzu,substitution
好く,浮く,suku,uku,insertion
炭,相撲,sumi,sumo,last_char_differs
炭,住む,sumi,sumu,last_char_differs
炭,すり,sumi,suri,substitution
炭,海,sumi,umi,insertion
炭,弓,sumi,yumi,substitution
相撲,住む,sumo,sumu,last_char_differs
相撲,裾,sumo,suso,substitution
相撲,羽毛,sumo,umo,insertion
相撲,勇猛,sumo,yumo,substitution
住む,刷る,sumu,suru,substitution
住む,煤,sumu,susu,substitution
住む,吸う,sumu,suu,insertion
住む,錫,sumu,suzu,substitution
住む,生む,sumu,umu,insertion
砂,臑,suna,sune,last_char_differs
臑,畝,sune,une,insertion
すり,刷る,suri,suru,last_char_differs
すり,瓜,suri,uri,insertion
すり,百合,suri,yuri,substitution
刷る,煤,suru,susu,substitution
刷る,吸う,suru,suu,insertion
刷る,錫,suru,suzu,substitution
刷る,売る,suru,uru,insertion
刷る,ずる,suru,zuru,substitution
裾,煤,suso,susu,last_char_differs
裾,郵送,suso,yuso,substitution
煤,吸う,susu,suu,insertion
煤,錫,susu,suzu,substitution
煤,臼,susu,usu,insertion
吸う,錫,suu,suzu,insertion
錫,渦,suzu,uzu,insertion
錫,柚子,suzu,yuzu,substitution
束,足袋,taba,tabi,last_char_differs
束,多忙,taba,tabo,last_char_differs
束,箍,taba,taga,substitution
束,鷹,taba,taka,substitution
束,弾,taba,tama,substitution
束,棚,taba,tana,substitution
束,鱈,taba,tara,substitution
束,手羽,taba,teba,substitution
足袋,多忙,tabi,tabo,last_char_differs
足袋,鯛,tabi,tai,insertion
足袋,大医,tabi,taii,substitution
足袋,滝,tabi,taki,substitution
足袋,民,tabi,tami,substitution
足袋,谷,tabi,tani,substitution
足袋,鳶,tabi,tobi,substitution
多忙,対応,tabo,taio,substitution
多忙,蛸,tabo,tako,substitution
多忙,たも,tabo,tamo,substitution
多忙,多投,tabo,tato,substitution
多忙,多様,tabo,tayo,substitution
多忙,逃亡,tabo,tobo,substitution
多忙,野暮,tabo,yabo,substitution
蓼,岳,tade,take,substitution
蓼,種,tade,tane,substitution
蓼,たれ,tade,tare,substitution
蓼,盾,tade,tate,substitution
蓼,田植え,tade,taue,substitution
蓼,遠出,tade,tode,substitution
箍,鷹,taga,taka,substitution
箍,弾,taga,tama,substitution
箍,棚,taga,tana,substitution
箍,鱈,taga,tara,substitution
鯛,大医,tai,taii,insertion
鯛,対応,tai,taio,insertion
鯛,滝,tai,taki,insertion
鯛,民,tai,tami,insertion
鯛,谷,tai,tani,insertion
鯛,謡,tai,utai,insertion
大医,対応,taii,taio,last_char_differs
大医,滝,taii,taki,substitution
大医,民,taii,tami,substitution
大医,谷,taii,tani,substitution
対応,蛸,taio,tako,substitution
対応,たも,taio,tamo,substitution
対応,多投,taio,tato,substitution
対応,多様,taio,tayo,substitution
対応,帝王,taio,teio,substitution
鷹,岳,taka,take,last_char_differs
鷹,滝,taka,taki,last_char_differs
鷹,蛸,taka,tako,last_char_differs
鷹,宅,taka,taku,last_char_differs
鷹,弾,taka,tama,substitution
鷹,棚,taka,tana,substitution
鷹,鱈,taka,tara,substitution
鷹,灯火,taka,toka,substitution
鷹,和歌,taka,waka,substitution
岳,滝,take,taki,last_char_differs
岳,蛸,take,tako,last_char_differs
岳,宅,take,taku,last_char_differs
岳,種,take,tane,substitution
岳,たれ,take,tare,substitution
岳,盾,take,tate,substitution
岳,田植え,take,taue,substitution
岳,訳,take,wake,substitution
岳,やけ,take,yake,substitution
滝,蛸,taki,tako,last_char_differs
滝,宅,taki,taku,last_char_differs
滝,民,taki,tami,substitution
滝,谷,taki,tani,substitution
滝,敵,taki,teki,substitution
滝,朱鷺,taki,toki,substitution
滝,脇,taki,waki,substitution
蛸,宅,tako,taku,last_char_differs
蛸,たも,tako,tamo,substitution
蛸,多投,tako,tato,substitution
蛸,多様,tako,tayo,substitution
蛸,梃子,tako,teko,substitution
蛸,刀工,tako,toko,substitution
蛸,夜行,tako,yako,substitution
蛸,雑魚,tako,zako,substitution
宅,樽,taku,taru,substitution
宅,足す,taku,tasu,substitution
宅,遠く,taku,toku,substitution
宅,枠,taku,waku,substitution
宅,葯,taku,yaku,substitution
弾,民,tama,tami,last_char_differs
弾,たも,tama,tamo,last_char_differs
弾,棚,tama,tana,substitution
弾,鱈,tama,tara,substitution
弾,手間,tama,tema,substitution
弾,山,tama,yama,substitution
弾,ざま,tama,zama,substitution
民,たも,tami,tamo,last_char_differs
民,谷,tami,tani,substitution
民,富,tami,tomi,substitution
民,闇,tami,yami,substitution
たも,多投,tamo,tato,substitution
たも,多様,tamo,tayo,substitution
たも,供,tamo,tomo,substitution
棚,種,tana,tane,last_char_differs
棚,谷,tana,tani,last_char_differs
棚,鱈,tana,tara,substitution
棚,罠,tana,wana,substitution
種,谷,tane,tani,last_char_differs
種,たれ,tane,tare,substitution
種,盾,tane,tate,substitution
種,田植え,tane,taue,substitution
種,屋根,tane,yane,substitution
谷,鰐,tani,wani,substitution
谷,やに,tani,yani,substitution
鱈,たれ,tara,tare,last_char_differs
鱈,樽,tara,taru,last_char_differs
鱈,寺,tara,tera,substitution
鱈,虎,tara,tora,substitution
鱈,藁,tara,wara,substitution
鱈,ざら,tara,zara,substitution
たれ,樽,tare,taru,last_char_differs
たれ,盾,tare,tate,substitution
たれ,田植え,tare,taue,substitution
たれ,我,tare,ware,substitution
樽,足す,taru,tasu,substitution
樽,照る,taru,teru,substitution
樽,通る,taru,toru,substitution
樽,やる,taru,yaru,substitution
樽,笊,taru,zaru,substitution
足す,手数,tasu,tesu,substitution
足す,通す,tasu,tosu,substitution
足す,通,tasu,tsu,insertion
盾,多投,tate,tato,last_char_differs
盾,田植え,tate,taue,substitution
盾,わて,tate,wate,substitution
多投,多様,tato,tayo,substitution
多投,徒党,tato,toto,substitution
多投,野党,tato,yato,substitution
田植え,杖,taue,tsue,substitution
多様,東洋,tayo,toyo,substitution
手羽,手間,teba,tema,substitution
手羽,寺,teba,tera,substitution
帝王,手錠,teio,tejo,substitution
帝王,梃子,teio,teko,substitution
帝王,手相,teio,teso,substitution
手錠,梃子,tejo,teko,substitution
手錠,手相,tejo,teso,substitution
手錠,途上,tejo,tojo,substitution
敵,梃子,teki,teko,last_char_differs
敵,手負い,teki,teoi,substitution
敵,朱鷺,teki,toki,substitution
敵,植木,teki,ueki,substitution
梃子,手相,teko,teso,substitution
梃子,刀工,teko,toko,substitution
手間,寺,tema,tera,substitution
天,遠縁,ten,toen,insertion
天,雨天,ten,uten,insertion
手負い,問,teoi,toi,insertion
寺,照る,tera,teru,last_char_differs
寺,虎,tera,tora,substitution
照る,手数,teru,tesu,substitution
照る,通る,teru,toru,substitution
照る,植える,teru,ueru,substitution
手相,手数,teso,tesu,last_char_differs
手相,逃走,teso,toso,substitution
手数,通す,tesu,tosu,substitution
手数,通,tesu,tsu,insertion
答案,遠縁,toan,toen,substitution
答案,党員,toan,toin,substitution
答案,唐音,toan,ton,insertion
鳶,逃亡,tobi,tobo,last_char_differs
鳶,頭部,tobi,tobu,last_char_differs
鳶,投影,tobi,toei,substitution
鳶,都議,tobi,togi,substitution
鳶,党費,tobi,tohi,substitution
鳶,問,tobi,toi,insertion
鳶,冬至,tobi,toji,substitution
鳶,朱鷺,tobi,toki,substitution
鳶,富,tobi,tomi,substitution
鳶,鳥,tobi,tori,substitution
鳶,曜日,tobi,yobi,substitution
逃亡,頭部,tobo,tobu,last_char_differs
逃亡,海馬,tobo,todo,substitution
逃亡,等号,tobo,togo,substitution
逃亡,当方,tobo,toho,substitution
逃亡,途上,tobo,tojo,substitution
逃亡,刀工,tobo,toko,substitution
逃亡,供,tobo,tomo,substitution
逃亡,殿,tobo,tono,substitution
逃亡,灯籠,tobo,toro,substitution
逃亡,逃走,tobo,toso,substitution
逃亡,徒党,tobo,toto,substitution
逃亡,東洋,tobo,toyo,substitution
逃亡,養母,tobo,yobo,substitution
頭部,豆腐,tobu,tofu,substitution
頭部,研ぐ,tobu,togu,substitution
頭部,遠く,tobu,toku,substitution
頭部,通る,tobu,toru,substitution
頭部,通す,tobu,tosu,substitution
頭部,灯油,tobu,toyu,substitution
頭部,腰部,tobu,yobu,substitution
投打,遠出,toda,tode,last_char_differs
投打,海馬,toda,todo,last_char_differs
投打,党派,toda,toha,substitution
投打,灯火,toda,toka,substitution
投打,虎,toda,tora,substitution
投打,とわ,toda,towa,substitution
投打,当夜,toda,toya,substitution
遠出,海馬,tode,todo,last_char_differs
遠出,峠,tode,toge,substitution
海馬,等号,todo,togo,substitution
海馬,当方,todo,toho,substitution
海馬,途上,todo,tojo,substitution
海馬,刀工,todo,toko,substitution
海馬,供,todo,tomo,substitution
海馬,殿,todo,tono,substitution
海馬,灯籠,todo,toro,substitution
海馬,逃走,todo,toso,substitution
海馬,徒党,todo,toto,substitution
海馬,東洋,todo,toyo,substitution
海馬,淀,todo,yodo,substitution
投影,遠縁,toei,toen,last_char_differs
投影,都議,toei,togi,substitution
投影,党費,toei,tohi,substitution
投影,問,toei,toi,insertion
投影,冬至,toei,toji,substitution
投影,朱鷺,toei,toki,substitution
投影,富,toei,tomi,substitution
投影,鳥,toei,tori,substitution
遠縁,党員,toen,toin,substitution
遠縁,唐音,toen,ton,insertion
豆腐,研ぐ,tofu,togu,substitution
豆腐,遠く,tofu,toku,substitution
豆腐,通る,tofu,toru,substitution
豆腐,通す,tofu,tosu,substitution
豆腐,灯油,tofu,toyu,substitution
豆腐,養父,tofu,yofu,substitution
峠,都議,toge,togi,last_char_differs
峠,等号,toge,togo,last_char_differs
峠,研ぐ,toge,togu,last_char_differs
峠,象牙,toge,zoge,substitution
都議,等号,togi,togo,last_char_differs
都議,研ぐ,togi,togu,last_char_differs
都議,党費,togi,tohi,substitution
都議,問,togi,toi,insertion
都議,冬至,togi,toji,substitution
都議,朱鷺,togi,toki,substitution
都議,富,togi,tomi,substitution
都議,鳥,togi,tori,substitution
等号,研ぐ,togo,togu,last_char_differs
等号,当方,togo,toho,substitution
等号,途上,togo,tojo,substitution
等号,刀工,togo,toko,substitution
等号,供,togo,tomo,substitution
等号,殿,togo,tono,substitution
等号,灯籠,togo,toro,substitution
等号,逃走,togo,toso,substitution
等号,徒党,togo,toto,substitution
等号,東洋,togo,toyo,substitution
等号,養護,togo,yogo,substitution
等号,造語,togo,zogo,substitution
研ぐ,遠く,togu,toku,substitution
研ぐ,通る,togu,toru,substitution
研ぐ,通す,togu,tosu,substitution
研ぐ,灯油,togu,toyu,substitution
研ぐ,用具,togu,yogu,substitution
党派,党費,toha,tohi,last_char_differs
党派,当方,toha,toho,last_char_differs
党派,灯火,toha,toka,substitution
党派,虎,toha,tora,substitution
党派,とわ,toha,towa,substitution
党派,当夜,toha,toya,substitution
党派,余波,toha,yoha,substitution
党費,当方,tohi,toho,last_char_differs
党費,問,tohi,toi,insertion
党費,冬至,tohi,toji,substitution
党費,朱鷺,tohi,toki,substitution
党費,富,tohi,tomi,substitution
党費,鳥,tohi,tori,substitution
当方,途上,toho,tojo,substitution
当方,刀工,toho,toko,substitution
当方,供,toho,tomo,substitution
当方,殿,toho,tono,substitution
当方,灯籠,toho,toro,substitution
当方,逃走,toho,toso,substitution
当方,徒党,toho,toto,substitution
当方,東洋,toho,toyo,substitution
当方,増補,toho,zoho,substitution
問,党員,toi,toin,insertion
問,冬至,toi,toji,insertion
問,朱鷺,toi,toki,insertion
問,富,toi,tomi,insertion
問,鳥,toi,tori,insertion
問,疎い,toi,utoi,insertion
党員,唐音,toin,ton,insertion
党員,要員,toin,yoin,substitution
冬至,途上,toji,tojo,last_char_differs
冬至,朱鷺,toji,toki,substitution
冬至,富,toji,tomi,substitution
冬至,鳥,toji,tori,substitution
冬至,幼時,toji,yoji,substitution
途上,刀工,tojo,toko,substitution
途上,供,tojo,tomo,substitution
途上,殿,tojo,tono,substitution
途上,灯籠,tojo,toro,substitution
途上,逃走,tojo,toso,substitution
途上,徒党,tojo,toto,substitution
途上,東洋,tojo,toyo,substitution
途上,幼女,tojo,yojo,substitution
灯火,朱鷺,toka,toki,last_char_differs
灯火,刀工,toka,toko,last_char_differs
灯火,遠く,toka,toku,last_char_differs
灯火,虎,toka,tora,substitution
灯火,とわ,toka,towa,substitution
灯火,当夜,toka,toya,substitution
灯火,余暇,toka,yoka,substitution
灯火,造花,toka,zoka,substitution
朱鷺,刀工,toki,toko,last_char_differs
朱鷺,遠く,toki,toku,last_char_differs
朱鷺,富,toki,tomi,substitution
朱鷺,鳥,toki,tori,substitution
朱鷺,容器,toki,yoki,substitution
朱鷺,雑木,toki,zoki,substitution
刀工,遠く,toko,toku,last_char_differs
刀工,供,toko,tomo,substitution
刀工,殿,toko,tono,substitution
刀工,灯籠,toko,toro,substitution
刀工,逃走,toko,toso,substitution
刀工,徒党,toko,toto,substitution
刀工,東洋,toko,toyo,substitution
刀工,横,toko,yoko,substitution
遠く,通る,toku,toru,substitution
遠く,通す,toku,tosu,substitution
遠く,灯油,toku,toyu,substitution
遠く,欲,toku,yoku,substitution
遠く,賊,toku,zoku,substitution
富,供,tomi,tomo,last_char_differs
富,鳥,tomi,tori,substitution
供,殿,tomo,tono,substitution
供,灯籠,tomo,toro,substitution
供,逃走,tomo,toso,substitution
供,徒党,tomo,toto,substitution
供,東洋,tomo,toyo,substitution
供,羊毛,tomo,yomo,substitution
唐音,殿,ton,tono,insertion
殿,灯籠,tono,toro,substitution
殿,逃走,tono,toso,substitution
殿,徒党,tono,toto,substitution
殿,東洋,tono,toyo,substitution
虎,鳥,tora,tori,last_char_differs
虎,灯籠,tora,toro,last_char_differs
虎,通る,tora,toru,last_char_differs
虎,とわ,tora,towa,substitution
虎,当夜,tora,toya,substitution
鳥,灯籠,tori,toro,last_char_differs
鳥,通る,tori,toru,last_char_differs
鳥,草履,tori,zori,substitution
灯籠,通る,toro,toru,last_char_differs
灯籠,逃走,toro,toso,substitution
灯籠,徒党,toro,toto,substitution
灯籠,東洋,toro,toyo,substitution
通る,通す,toru,tosu,substitution
通る,灯油,toru,toyu,substitution
通る,夜,toru,yoru,substitution
逃走,通す,toso,tosu,last_char_differs
逃走,徒党,toso,toto,substitution
逃走,東洋,toso,toyo,substitution
逃走,余所,toso,yoso,substitution
通す,灯油,tosu,toyu,substitution
通す,通,tosu,tsu,insertion
通す,よす,tosu,yosu,substitution
徒党,東洋,toto,toyo,substitution
徒党,洋陶,toto,yoto,substitution
徒党,贈答,toto,zoto,substitution
とわ,当夜,towa,toya,substitution
当夜,東洋,toya,toyo,last_char_differs
当夜,灯油,toya,toyu,last_char_differs
東洋,灯油,toyo,toyu,last_char_differs
東洋,贈与,toyo,zoyo,substitution
灯油,余裕,toyu,yoyu,substitution
通,杖,tsu,tsue,insertion
通,打つ,tsu,utsu,insertion
乳母,奪う,uba,ubau,insertion
奪う,うぶ,ubau,ubu,insertion
奪う,歌う,ubau,utau,substitution
内,宇宙,uchi,uchu,last_char_differs
内,牛,uchi,ushi,substitution
うど,うどん,udo,udon,insertion
うど,運動,udo,undo,insertion
うど,誘導,udo,yudo,insertion
植木,雨季,ueki,uki,insertion
植える,売る,ueru,uru,insertion
含嗽,右岸,ugai,ugan,last_char_differs
含嗽,鵜飼い,ugai,ukai,substitution
含嗽,旨い,ugai,umai,substitution
含嗽,謡,ugai,utai,substitution
右岸,右舷,ugan,ugen,substitution
右舷,右辺,ugen,uhen,substitution
右舷,雨天,ugen,uten,substitution
右辺,雨天,uhen,uten,substitution
羽化,鵜飼い,uka,ukai,insertion
羽化,床,uka,yuka,insertion
鵜飼い,雨季,ukai,uki,insertion
鵜飼い,旨い,ukai,umai,substitution
鵜飼い,謡,ukai,utai,substitution
雨季,雪,uki,yuki,insertion
馬,旨い,uma,umai,insertion
旨い,海,umai,umi,insertion
旨い,謡,umai,utai,substitution
梅,夢,ume,yume,insertion
海,弓,umi,yumi,insertion
羽毛,雲母,umo,unmo,insertion
羽毛,勇猛,umo,yumo,insertion
運動,うんこ,undo,unko,substitution
運動,雲母,undo,unmo,substitution
運動,運送,undo,unso,substitution
うんこ,雲母,unko,unmo,substitution
うんこ,運送,unko,unso,substitution
雲母,運送,unmo,unso,substitution
憂う,売る,ureu,uru,insertion
瓜,百合,uri,yuri,insertion
売る,ずる,uru,zuru,insertion
牛,雨水,ushi,usui,substitution
臼,雨水,usu,usui,insertion
臼,打つ,usu,utsu,insertion
歌,謡,uta,utai,insertion
歌,歌う,uta,utau,insertion
謡,歌う,utai,utau,last_char_differs
謡,疎い,utai,utoi,substitution
歌う,打つ,utau,utsu,substitution
渦,柚子,uzu,yuzu,insertion
和風,輪中,wafu,waju,substitution
和風,枠,wafu,waku,substitution
輪中,枠,waju,waku,substitution
輪中,野獣,waju,yaju,substitution
和歌,訳,waka,wake,last_char_differs
和歌,脇,waka,waki,last_char_differs
和歌,枠,waka,waku,last_char_differs
和歌,罠,waka,wana,substitution
和歌,藁,waka,wara,substitution
和歌,綿,waka,wata,substitution
和歌,技,waka,waza,substitution
訳,脇,wake,waki,last_char_differs
訳,枠,wake,waku,last_char_differs
訳,我,wake,ware,substitution
訳,早稲,wake,wase,substitution
訳,わて,wake,wate,substitution
訳,やけ,wake,yake,substitution
脇,枠,waki,waku,last_char_differs
脇,鰐,waki,wani,substitution
脇,割,waki,wari,substitution
枠,葯,waku,yaku,substitution
椀,罠,wan,wana,insertion
椀,鰐,wan,wani,insertion
椀,和音,wan,waon,insertion
罠,鰐,wana,wani,last_char_differs
罠,藁,wana,wara,substitution
罠,綿,wana,wata,substitution
罠,技,wana,waza,substitution
鰐,割,wani,wari,substitution
鰐,やに,wani,yani,substitution
藁,我,wara,ware,last_char_differs
藁,割,wara,wari,last_char_differs
藁,綿,wara,wata,substitution
藁,技,wara,waza,substitution
藁,ざら,wara,zara,substitution
我,割,ware,wari,last_char_differs
我,早稲,ware,wase,substitution
我,わて,ware,wate,substitution
割,槍,wari,yari,substitution
早稲,和装,wase,waso,last_char_differs
早稲,わて,wase,wate,substitution
和装,野草,waso,yaso,substitution
綿,わて,wata,wate,last_char_differs
綿,技,wata,waza,substitution
綿,ざた,wata,zata,substitution
野暮,藪,yabo,yabu,last_char_differs
野暮,宿,yabo,yado,substitution
野暮,やご,yabo,yago,substitution
野暮,野砲,yabo,yaho,substitution
野暮,夜行,yabo,yako,substitution
野暮,野郎,yabo,yaro,substitution
野暮,野草,yabo,yaso,substitution
野暮,野党,yabo,yato,substitution
野暮,養母,yabo,yobo,substitution
野暮,有望,yabo,yubo,substitution
藪,夜具,yabu,yagu,substitution
藪,野獣,yabu,yaju,substitution
藪,葯,yabu,yaku,substitution
藪,止む,yabu,yamu,substitution
藪,やる,yabu,yaru,substitution
藪,腰部,yabu,yobu,substitution
宿,やご,yado,yago,substitution
宿,野砲,yado,yaho,substitution
宿,夜行,yado,yako,substitution
宿,野郎,yado,yaro,substitution
宿,野草,yado,yaso,substitution
宿,野党,yado,yato,substitution
宿,淀,yado,yodo,substitution
宿,誘導,yado,yudo,substitution
八重,野営,yae,yaei,insertion
八重,やけ,yae,yake,insertion
八重,屋根,yae,yane,insertion
野営,山羊,yaei,yagi,substitution
野営,野次,yaei,yaji,substitution
野営,闇,yaei,yami,substitution
野営,やに,yaei,yani,substitution
野営,槍,yaei,yari,substitution
野営,遊泳,yaei,yuei,substitution
山羊,やご,yagi,yago,last_char_differs
山羊,夜具,yagi,yagu,last_char_differs
山羊,野次,yagi,yaji,substitution
山羊,闇,yagi,yami,substitution
山羊,やに,yagi,yani,substitution
山羊,槍,yagi,yari,substitution
山羊,遊技,yagi,yugi,substitution
やご,夜具,yago,yagu,last_char_differs
やご,野砲,yago,yaho,substitution
やご,夜行,yago,yako,substitution
やご,野郎,yago,yaro,substitution
やご,野草,yago,yaso,substitution
やご,野党,yago,yato,substitution
やご,養護,yago,yogo,substitution
やご,融合,yago,yugo,substitution
夜具,野獣,yagu,yaju,substitution
夜具,葯,yagu,yaku,substitution
夜具,止む,yagu,yamu,substitution
夜具,やる,yagu,yaru,substitution
夜具,用具,yagu,yogu,substitution
夜具,遊具,yagu,yugu,substitution
野砲,夜行,yaho,yako,substitution
野砲,野郎,yaho,yaro,substitution
野砲,野草,yaho,yaso,substitution
野砲,野党,yaho,yato,substitution
野次,野獣,yaji,yaju,last_char_differs
野次,闇,yaji,yami,substitution
野次,やに,yaji,yani,substitution
野次,槍,yaji,yari,substitution
野次,幼時,yaji,yoji,substitution
野獣,葯,yaju,yaku,substitution
野獣,止む,yaju,yamu,substitution
野獣,やる,yaju,yaru,substitution
やけ,夜行,yake,yako,last_char_differs
やけ,葯,yake,yaku,last_char_differs
やけ,屋根,yake,yane,substitution
夜行,葯,yako,yaku,last_char_differs
夜行,野郎,yako,yaro,substitution
夜行,野草,yako,yaso,substitution
夜行,野党,yako,yato,substitution
夜行,横,yako,yoko,substitution
夜行,有効,yako,yuko,substitution
夜行,雑魚,yako,zako,substitution
葯,止む,yaku,yamu,substitution
葯,やる,yaku,yaru,substitution
葯,欲,yaku,yoku,substitution
山,闇,yama,yami,last_char_differs
山,止む,yama,yamu,last_char_differs
山,やわ,yama,yawa,substitution
山,洋間,yama,yoma,substitution
山,ざま,yama,zama,substitution
闇,止む,yami,yamu,last_char_differs
闇,やに,yami,yani,substitution
闇,槍,yami,yari,substitution
闇,弓,yami,yumi,substitution
止む,やる,yamu,yaru,substitution
止む,詠む,yamu,yomu,substitution
屋根,やに,yane,yani,last_char_differs
やに,槍,yani,yari,substitution
槍,野郎,yari,yaro,last_char_differs
槍,やる,yari,yaru,last_char_differs
槍,百合,yari,yuri,substitution
野郎,やる,yaro,yaru,last_char_differs
野郎,野草,yaro,yaso,substitution
野郎,野党,yaro,yato,substitution
やる,夜,yaru,yoru,substitution
やる,笊,yaru,zaru,substitution
野草,野党,yaso,yato,substitution
野草,余所,yaso,yoso,substitution
野草,郵送,yaso,yuso,substitution
野党,洋陶,yato,yoto,substitution
野党,友党,yato,yuto,substitution
曜日,養母,yobi,yobo,last_char_differs
曜日,腰部,yobi,yobu,last_char_differs
曜日,宵,yobi,yoi,insertion
曜日,幼時,yobi,yoji,substitution
曜日,容器,yobi,yoki,substitution
曜日,指,yobi,yubi,substitution
養母,腰部,yobo,yobu,last_char_differs
養母,淀,yobo,yodo,substitution
養母,養護,yobo,yogo,substitution
養母,幼女,yobo,yojo,substitution
養母,横,yobo,yoko,substitution
養母,羊毛,yobo,yomo,substitution
養母,余所,yobo,yoso,substitution
養母,洋陶,yobo,yoto,substitution
養母,有望,yobo,yubo,substitution
腰部,養父,yobu,yofu,substitution
腰部,用具,yobu,yogu,substitution
腰部,欲,yobu,yoku,substitution
腰部,詠む,yobu,yomu,substitution
腰部,夜,yobu,yoru,substitution
腰部,よす,yobu,yosu,substitution
腰部,酔う,yobu,you,insertion
腰部,余裕,yobu,yoyu,substitution
淀,養護,yodo,yogo,substitution
淀,幼女,yodo,yojo,substitution
淀,横,yodo,yoko,substitution
淀,羊毛,yodo,yomo,substitution
淀,余所,yodo,yoso,substitution
淀,洋陶,yodo,yoto,substitution
淀,誘導,yodo,yudo,substitution
養父,用具,yofu,yogu,substitution
養父,欲,yofu,yoku,substitution
養父,詠む,yofu,yomu,substitution
養父,夜,yofu,yoru,substitution
養父,よす,yofu,yosu,substitution
養父,酔う,yofu,you,insertion
養父,余裕,yofu,yoyu,substitution
洋画,養護,yoga,yogo,last_char_differs
洋画,用具,yoga,yogu,last_char_differs
洋画,余波,yoga,yoha,substitution
洋画,余暇,yoga,yoka,substitution
洋画,洋間,yoga,yoma,substitution
洋画,油画,yoga,yuga,substitution
養護,用具,yogo,yogu,last_char_differs
養護,幼女,yogo,yojo,substitution
養護,横,yogo,yoko,substitution
養護,羊毛,yogo,yomo,substitution
養護,余所,yogo,yoso,substitution
養護,洋陶,yogo,yoto,substitution
養護,融合,yogo,yugo,substitution
養護,造語,yogo,zogo,substitution
用具,欲,yogu,yoku,substitution
用具,詠む,yogu,yomu,substitution
用具,夜,yogu,yoru,substitution
用具,よす,yogu,yosu,substitution
用具,酔う,yogu,you,insertion
用具,余裕,yogu,yoyu,substitution
用具,遊具,yogu,yugu,substitution
余波,余暇,yoha,yoka,substitution
余波,洋間,yoha,yoma,substitution
宵,要員,yoi,yoin,insertion
宵,幼時,yoi,yoji,insertion
宵,容器,yoi,yoki,insertion
要員,拗音,yoin,yon,insertion
幼時,幼女,yoji,yojo,last_char_differs
幼時,容器,yoji,yoki,substitution
幼女,横,yojo,yoko,substitution
幼女,羊毛,yojo,yomo,substitution
幼女,余所,yojo,yoso,substitution
幼女,洋陶,yojo,yoto,substitution
幼女,遊女,yojo,yujo,substitution
余暇,容器,yoka,yoki,last_char_differs
余暇,横,yoka,yoko,last_char_differs
余暇,欲,yoka,yoku,last_char_differs
余暇,洋間,yoka,yoma,substitution
余暇,床,yoka,yuka,substitution
余暇,造花,yoka,zoka,substitution
容器,横,yoki,yoko,last_char_differs
容器,欲,yoki,yoku,last_char_differs
容器,雪,yoki,yuki,substitution
容器,雑木,yoki,zoki,substitution
横,欲,yoko,yoku,last_char_differs
横,羊毛,yoko,yomo,substitution
横,余所,yoko,yoso,substitution
横,洋陶,yoko,yoto,substitution
横,有効,yoko,yuko,substitution
欲,詠む,yoku,yomu,substitution
欲,夜,yoku,yoru,substitution
欲,よす,yoku,yosu,substitution
欲,酔う,yoku,you,insertion
欲,余裕,yoku,yoyu,substitution
欲,賊,yoku,zoku,substitution
洋間,嫁,yoma,yome,last_char_differs
洋間,羊毛,yoma,yomo,last_char_differs
洋間,詠む,yoma,yomu,last_char_differs
嫁,羊毛,yome,yomo,last_char_differs
嫁,詠む,yome,yomu,last_char_differs
嫁,寄席,yome,yose,substitution
嫁,夢,yome,yume,substitution
羊毛,詠む,yomo,yomu,last_char_differs
羊毛,余所,yomo,yoso,substitution
羊毛,洋陶,yomo,yoto,substitution
羊毛,勇猛,yomo,yumo,substitution
詠む,夜,yomu,yoru,substitution
詠む,よす,yomu,yosu,substitution
詠む,酔う,yomu,you,insertion
詠む,余裕,yomu,yoyu,substitution
夜,よす,yoru,yosu,substitution
夜,酔う,yoru,you,insertion
夜,余裕,yoru,yoyu,substitution
寄席,余所,yose,yoso,last_char_differs
寄席,よす,yose,yosu,last_char_differs
余所,よす,yoso,yosu,last_char_differs
余所,洋陶,yoso,yoto,substitution
余所,郵送,yoso,yuso,substitution
よす,酔う,yosu,you,insertion
よす,余裕,yosu,yoyu,substitution
洋陶,友党,yoto,yuto,substitution
洋陶,贈答,yoto,zoto,substitution
酔う,余裕,you,yoyu,insertion
友愛,指,yuai,yubi,substitution
友愛,遊泳,yuai,yuei,substitution
友愛,遊技,yuai,yugi,substitution
友愛,夕日,yuai,yuhi,substitution
友愛,優位,yuai,yui,insertion
友愛,雪,yuai,yuki,substitution
友愛,弓,yuai,yumi,substitution
友愛,百合,yuai,yuri,substitution
ゆうべ,指,yube,yubi,last_char_differs
ゆうべ,有望,yube,yubo,last_char_differs
ゆうべ,故,yube,yue,insertion
ゆうべ,夕げ,yube,yuge,substitution
ゆうべ,夢,yube,yume,substitution
指,有望,yubi,yubo,last_char_differs
指,遊泳,yubi,yuei,substitution
指,遊技,yubi,yugi,substitution
指,夕日,yubi,yuhi,substitution
指,優位,yubi,yui,insertion
指,雪,yubi,yuki,substitution
指,弓,yubi,yumi,substitution
指,百合,yubi,yuri,substitution
有望,誘導,yubo,yudo,substitution
有望,融合,yubo,yugo,substitution
有望,遊女,yubo,yujo,substitution
有望,有効,yubo,yuko,substitution
有望,勇猛,yubo,yumo,substitution
有望,有能,yubo,yuno,substitution
有望,郵送,yubo,yuso,substitution
有望,友党,yubo,yuto,substitution
有望,有用,yubo,yuyo,substitution
誘導,融合,yudo,yugo,substitution
誘導,遊女,yudo,yujo,substitution
誘導,有効,yudo,yuko,substitution
誘導,勇猛,yudo,yumo,substitution
誘導,有能,yudo,yuno,substitution
誘導,郵送,yudo,yuso,substitution
誘導,友党,yudo,yuto,substitution
誘導,有用,yudo,yuyo,substitution
故,遊泳,yue,yuei,insertion
故,夕げ,yue,yuge,insertion
故,夢,yue,yume,insertion
遊泳,遊技,yuei,yugi,substitution
遊泳,夕日,yuei,yuhi,substitution
遊泳,優位,yuei,yui,insertion
遊泳,雪,yuei,yuki,substitution
遊泳,弓,yuei,yumi,substitution
遊泳,百合,yuei,yuri,substitution
油画,夕げ,yuga,yuge,last_char_differs
油画,遊技,yuga,yugi,last_char_differs
油画,融合,yuga,yugo,last_char_differs
油画,遊具,yuga,yugu,last_char_differs
油画,床,yuga,yuka,substitution
油画,図画,yuga,zuga,substitution
夕げ,遊技,yuge,yugi,last_char_differs
夕げ,融合,yuge,yugo,last_char_differs
夕げ,遊具,yuge,yugu,last_char_differs
夕げ,夢,yuge,yume,substitution
遊技,融合,yugi,yugo,last_char_differs
遊技,遊具,yugi,yugu,last_char_differs
遊技,夕日,yugi,yuhi,substitution
遊技,優位,yugi,yui,insertion
遊技,雪,yugi,yuki,substitution
遊技,弓,yugi,yumi,substitution
遊技,百合,yugi,yuri,substitution
融合,遊具,yugo,yugu,last_char_differs
融合,遊女,yugo,yujo,substitution
融合,有効,yugo,yuko,substitution
融合,勇猛,yugo,yumo,substitution
融合,有能,yugo,yuno,substitution
融合,郵送,yugo,yuso,substitution
融合,友党,yugo,yuto,substitution
融合,有用,yugo,yuyo,substitution
遊具,結う,yugu,yuu,insertion
遊具,柚子,yugu,yuzu,substitution
夕日,優位,yuhi,yui,insertion
夕日,雪,yuhi,yuki,substitution
夕日,弓,yuhi,yumi,substitution
夕日,百合,yuhi,yuri,substitution
優位,雪,yui,yuki,insertion
優位,弓,yui,yumi,insertion
優位,百合,yui,yuri,insertion
遊女,有効,yujo,yuko,substitution
遊女,勇猛,yujo,yumo,substitution
遊女,有能,yujo,yuno,substitution
遊女,郵送,yujo,yuso,substitution
遊女,友党,yujo,yuto,substitution
遊女,有用,yujo,yuyo,substitution
遊女,頭上,yujo,zujo,substitution
床,雪,yuka,yuki,last_char_differs
床,有効,yuka,yuko,last_char_differs
雪,有効,yuki,yuko,last_char_differs
雪,弓,yuki,yumi,substitution
雪,百合,yuki,yuri,substitution
有効,勇猛,yuko,yumo,substitution
有効,有能,yuko,yuno,substitution
有効,郵送,yuko,yuso,substitution
有効,友党,yuko,yuto,substitution
有効,有用,yuko,yuyo,substitution
有効,図工,yuko,zuko,substitution
夢,弓,yume,yumi,last_char_differs
夢,勇猛,yume,yumo,last_char_differs
弓,勇猛,yumi,yumo,last_char_differs
弓,百合,yumi,yuri,substitution
勇猛,有能,yumo,yuno,substitution
勇猛,郵送,yumo,yuso,substitution
勇猛,友党,yumo,yuto,substitution
勇猛,有用,yumo,yuyo,substitution
有能,郵送,yuno,yuso,substitution
有能,友党,yuno,yuto,substitution
有能,有用,yuno,yuyo,substitution
有能,頭脳,yuno,zuno,substitution
郵送,友党,yuso,yuto,substitution
郵送,有用,yuso,yuyo,substitution
友党,有用,yuto,yuyo,substitution
結う,柚子,yuu,yuzu,insertion
雑魚,座像,zako,zazo,substitution
雑魚,図工,zako,zuko,substitution
ざま,ざら,zama,zara,substitution
ざま,ざた,zama,zata,substitution
ざら,笊,zara,zaru,last_char_differs
ざら,ざた,zara,zata,substitution
笊,座右,zaru,zayu,substitution
笊,ずる,zaru,zuru,substitution
座像,図像,zazo,zuzo,substitution
膳,銭,zen,zeni,insertion
銭,雑煮,zeni,zoni,substitution
象牙,造語,zoge,zogo,last_char_differs
造語,増補,zogo,zoho,substitution
造語,贈答,zogo,zoto,substitution
造語,贈与,zogo,zoyo,substitution
増補,贈答,zoho,zoto,substitution
増補,贈与,zoho,zoyo,substitution
沿い,雑木,zoi,zoki,insertion
沿い,雑煮,zoi,zoni,insertion
沿い,草履,zoi,zori,insertion
造花,雑木,zoka,zoki,last_char_differs
造花,賊,zoka,zoku,last_char_differs
雑木,賊,zoki,zoku,last_char_differs
雑木,雑煮,zoki,zoni,substitution
雑木,草履,zoki,zori,substitution
雑煮,草履,zoni,zori,substitution
贈答,贈与,zoto,zoyo,substitution
頭上,図工,zujo,zuko,substitution
頭上,頭脳,zujo,zuno,substitution
頭上,図像,zujo,zuzo,substitution
図工,頭脳,zuko,zuno,substitution
図工,図像,zuko,zuzo,substitution
頭脳,図像,zuno,zuzo,substitution
浴びる,焙る,abiru,aburu,substitution
浴びる,家鴨,abiru,ahiru,substitution
浴びる,飽きる,abiru,akiru,substitution
浴びる,いびる,abiru,ibiru,substitution
虻,あぶく,abu,abuku,prefix
虻,油,abu,abura,prefix
虻,焙る,abu,aburu,prefix
あぶく,焙る,abuku,aburu,substitution
あぶく,歩く,abuku,aruku,substitution
油,焙る,abura,aburu,last_char_differs
油,あぐら,abura,agura,substitution
焙る,燻る,aburu,iburu,substitution
亜鉛,あえない,aen,aenai,prefix
あえない,案内,aenai,annai,substitution
あえない,恋愛,aenai,renai,substitution
和える,上げる,aeru,ageru,insertion
和える,明ける,aeru,akeru,insertion
和える,荒れる,aeru,areru,insertion
和える,焦る,aeru,aseru,insertion
和える,充てる,aeru,ateru,insertion
和える,映える,aeru,haeru,insertion
和える,蛙,aeru,kaeru,insertion
和える,萎える,aeru,naeru,insertion
和える,冴える,aeru,saeru,insertion
和える,堪える,aeru,taeru,insertion
あがく,上がる,agaku,agaru,substitution
あがく,描く,agaku,egaku,substitution
あがく,萼,agaku,gaku,insertion
あがく,医学,agaku,igaku,substitution
上がる,上げる,agaru,ageru,substitution
上がる,漁る,agaru,asaru,substitution
上がる,当たる,agaru,ataru,substitution
上げる,明ける,ageru,akeru,substitution
上げる,荒れる,ageru,areru,substitution
上げる,焦る,ageru,aseru,substitution
上げる,充てる,ageru,ateru,substitution
倦む,悪夢,agumu,akumu,substitution
倦む,歩む,agumu,ayumu,substitution
あぐら,小倉,agura,ogura,substitution
家鴨,飽きる,ahiru,akiru,substitution
家鴨,散る,ahiru,chiru,substitution
家鴨,昼,ahiru,hiru,insertion
家鴨,汁,ahiru,shiru,substitution
相棒,細胞,aibo,saibo,insertion
哀調,愛唱,aicho,aisho,substitution
哀調,毬杖,aicho,gicho,substitution
哀調,銀杏,aicho,icho,insertion
哀調,次長,aicho,jicho,substitution
哀調,機長,aicho,kicho,substitution
間,阿弥陀,aida,amida,insertion
間,代打,aida,daida,insertion
間,快打,aida,kaida,insertion
間,怠惰,aida,taida,insertion
愛玩,彼岸,aigan,higan,substitution
愛玩,祈願,aigan,kigan,substitution
愛飲,敗因,aiin,haiin,insertion
愛飲,会員,aiin,kaiin,insertion
愛飲,隊員,aiin,taiin,insertion
藍色,青色,aiiro,aoiro,substitution
藍色,地色,aiiro,jiiro,substitution
藍色,黄色,aiiro,kiiro,substitution
愛児,大事,aiji,daiji,insertion
愛児,廃寺,aiji,haiji,insertion
愛児,毎時,aiji,maiji,insertion
愛児,内耳,aiji,naiji,insertion
愛児,歳時,aiji,saiji,insertion
愛情,会場,aijo,kaijo,insertion
愛情,才女,aijo,saijo,insertion
愛情,退場,aijo,taijo,insertion
愛犬,意見,aiken,iken,insertion
愛犬,棄権,aiken,kiken,substitution
愛犬,眉間,aiken,miken,substitution
愛好,外航,aiko,gaiko,insertion
愛好,廃校,aiko,haiko,insertion
愛好,蚕,aiko,kaiko,insertion
愛好,舞子,aiko,maiko,insertion
愛好,来航,aiko,raiko,insertion
愛好,最高,aiko,saiko,insertion
愛好,太古,aiko,taiko,insertion
愛好,在庫,aiko,zaiko,insertion
合間,曖昧,aima,aimai,insertion
曖昧,愛妻,aimai,aisai,substitution
曖昧,甘い,aimai,amai,insertion
曖昧,義妹,aimai,gimai,substitution
曖昧,じまい,aimai,jimai,substitution
曖昧,見舞,aimai,mimai,substitution
愛妻,浅い,aisai,asai,insertion
愛妻,微細,aisai,bisai,substitution
愛妻,英才,aisai,eisai,substitution
愛妻,被災,aisai,hisai,substitution
愛妻,罹災,aisai,risai,substitution
愛車,愛唱,aisha,aisho,last_char_differs
愛車,映写,aisha,eisha,substitution
愛車,飛車,aisha,hisha,substitution
愛車,医者,aisha,isha,insertion
愛車,侍者,aisha,jisha,substitution
愛車,汽車,aisha,kisha,substitution
愛唱,暗礁,aisho,ansho,substitution
愛唱,圧勝,aisho,assho,substitution
愛唱,微小,aisho,bisho,substitution
愛唱,秘書,aisho,hisho,substitution
愛唱,衣装,aisho,isho,insertion
愛唱,地所,aisho,jisho,substitution
愛唱,記章,aisho,kisho,substitution
相手,買い手,aite,kaite,insertion
あいつ,いつ,aitsu,itsu,insertion
あいつ,蜜,aitsu,mitsu,substitution
愛蔵,肺臓,aizo,haizo,insertion
愛蔵,内臓,aizo,naizo,insertion
合図,大豆,aizu,daizu,insertion
合図,海図,aizu,kaizu,insertion
鰺,味見,aji,ajimi,prefix
味見,地味,ajimi,jimi,insertion
赤,赤毛,aka,akage,prefix
赤,赤子,aka,akago,prefix
赤,赤身,aka,akami,prefix
赤,茜,aka,akane,prefix
赤,明かり,aka,akari,prefix
赤,明かす,aka,akasu,prefix
赤毛,赤子,akage,akago,last_char_differs
赤毛,茜,akage,akane,substitution
赤毛,朝げ,akage,asage,substitution
赤毛,影,akage,kage,insertion
赤毛,お陰,akage,okage,substitution
赤子,穴子,akago,anago,substitution
赤子,籠,akago,kago,insertion
赤い,赤身,akai,akami,insertion
赤い,明かり,akai,akari,insertion
赤い,境,akai,sakai,insertion
赤い,他界,akai,takai,insertion
赤い,若い,akai,wakai,insertion
赤い,夜会,akai,yakai,insertion
赤身,明かり,akami,akari,substitution
赤身,神,akami,kami,insertion
赤身,狼,akami,okami,substitution
茜,鐘,akane,kane,insertion
明かり,余り,akari,amari,substitution
明かり,あさり,akari,asari,substitution
明かり,辺り,akari,atari,substitution
明かり,錨,akari,ikari,substitution
明かり,仮,akari,kari,insertion
明かす,空き巣,akasu,akisu,substitution
明かす,余す,akasu,amasu,substitution
明かす,荒らす,akasu,arasu,substitution
明かす,合わす,akasu,awasu,substitution
明かす,あやす,akasu,ayasu,substitution
明かす,生かす,akasu,ikasu,substitution
明かす,かす,akasu,kasu,insertion
明かす,侵す,akasu,okasu,substitution
明ける,飽きる,akeru,akiru,substitution
明ける,荒れる,akeru,areru,substitution
明ける,焦る,akeru,aseru,substitution
明ける,充てる,akeru,ateru,substitution
明ける,生ける,akeru,ikeru,substitution
明ける,蹴る,akeru,keru,insertion
明ける,受ける,akeru,ukeru,substitution
秋,飽きる,aki,akiru,prefix
秋,空き巣,aki,akisu,prefix
秋,空き家,aki,akiya,prefix
飽きる,空き巣,akiru,akisu,substitution
飽きる,生きる,akiru,ikiru,substitution
飽きる,切る,akiru,kiru,insertion
飽きる,起きる,akiru,okiru,substitution
空き巣,鱚,akisu,kisu,insertion
悪漢,一環,akkan,ikkan,substitution
灰汁,あくび,aku,akubi,prefix
灰汁,悪童,aku,akudo,prefix
灰汁,悪女,aku,akujo,prefix
灰汁,悪夢,aku,akumu,prefix
灰汁,悪党,aku,akuto,prefix
灰汁,悪友,aku,akuyu,prefix
あくび,首,akubi,kubi,insertion
あくび,おくび,akubi,okubi,substitution
悪童,悪女,akudo,akujo,substitution
悪童,悪党,akudo,akuto,substitution
悪女,悪党,akujo,akuto,substitution
悪女,苦情,akujo,kujo,insertion
悪女,屋上,akujo,okujo,substitution
悪夢,悪友,akumu,akuyu,substitution
悪夢,歩む,akumu,ayumu,substitution
悪夢,汲む,akumu,kumu,insertion
悪友,空輸,akuyu,kuyu,insertion
尼,雨戸,ama,amado,prefix
尼,雨具,ama,amagu,prefix
尼,余り,ama,amari,prefix
尼,余す,ama,amasu,prefix
尼,甘党,ama,amato,prefix
雨戸,甘党,amado,amato,substitution
雨戸,網戸,amado,amido,substitution
雨戸,窓,amado,mado,insertion
雨具,余す,amagu,amasu,substitution
甘い,余り,amai,amari,insertion
余り,あさり,amari,asari,substitution
余り,辺り,amari,atari,substitution
余り,鞠,amari,mari,insertion
余す,荒らす,amasu,arasu,substitution
余す,合わす,amasu,awasu,substitution
余す,あやす,amasu,ayasu,substitution
余す,鱒,amasu,masu,insertion
甘党,的,amato,mato,insertion
網,阿弥陀,ami,amida,prefix
網,網戸,ami,amido,prefix
網,網目,ami,amime,prefix
阿弥陀,網戸,amida,amido,last_char_differs
穴,穴場,ana,anaba,prefix
穴,穴子,ana,anago,prefix
穴,あなた,ana,anata,prefix
穴場,あなた,anaba,anata,substitution
穴場,鞍馬,anaba,anba,insertion
穴子,稲子,anago,inago,substitution
あなた,新た,anata,arata,substitution
あなた,鉈,anata,nata,insertion
あなた,大鉈,anata,onata,substitution
鞍馬,あんばい,anba,anbai,insertion
鞍馬,産婆,anba,sanba,insertion
あんばい,案外,anbai,angai,substitution
あんばい,案内,anbai,annai,substitution
あんばい,安泰,anbai,antai,substitution
暗中,円柱,anchu,enchu,substitution
暗中,御中,anchu,onchu,substitution
安打,はんだ,anda,handa,insertion
安打,乱打,anda,randa,insertion
行灯,安穏,andon,annon,substitution
案外,案内,angai,annai,substitution
案外,安泰,angai,antai,substitution
兄,兄貴,ani,aniki,prefix
兄貴,暗鬼,aniki,anki,insertion
兄貴,音域,aniki,oniki,substitution
安住,饅頭,anju,manju,insertion
安住,胆汁,anju,tanju,insertion
安価,晩夏,anka,banka,insertion
安価,眼下,anka,ganka,insertion
安価,山河,anka,sanka,insertion
安価,担架,anka,tanka,insertion
暗鬼,晩期,anki,banki,insertion
暗鬼,半期,anki,hanki,insertion
暗鬼,乾季,anki,kanki,insertion
暗鬼,満期,anki,manki,insertion
暗鬼,短期,anki,tanki,insertion
餡子,暗渠,anko,ankyo,insertion
餡子,断交,anko,danko,insertion
餡子,頑固,anko,ganko,insertion
餡子,判こ,anko,hanko,insertion
餡子,刊行,anko,kanko,insertion
餡子,軟膏,anko,nanko,insertion
餡子,炭坑,anko,tanko,insertion
暗渠,あの世,ankyo,anoyo,substitution
暗渠,隠居,ankyo,inkyo,substitution
暗渠,音響,ankyo,onkyo,substitution
案内,安泰,annai,antai,substitution
あんさん,安産,ansan,anzan,substitution
あんさん,塩酸,ansan,ensan,substitution
あんさん,陰惨,ansan,insan,substitution
安静,遠征,ansei,ensei,substitution
安静,院生,ansei,insei,substitution
安静,音声,ansei,onsei,substitution
安静,運勢,ansei,unsei,substitution
暗礁,圧勝,ansho,assho,substitution
暗礁,印章,ansho,insho,substitution
暗礁,温床,ansho,onsho,substitution
安泰,引退,antai,intai,substitution
安泰,温帯,antai,ontai,substitution
暗雲,乱雲,anun,ranun,insertion
安産,安全,anzan,anzen,substitution
安産,演算,anzan,enzan,substitution
葵,青色,aoi,aoiro,prefix
煽る,薫る,aoru,kaoru,insertion
煽る,治る,aoru,naoru,insertion
粗,荒らす,ara,arasu,prefix
粗,新た,ara,arata,prefix
粗,新手,ara,arate,prefix
粗,露わ,ara,arawa,prefix
粗い,辛い,arai,karai,insertion
粗い,盥,arai,tarai,insertion
粗い,夜来,arai,yarai,insertion
荒らす,洗う,arasu,arau,insertion
荒らす,合わす,arasu,awasu,substitution
荒らす,あやす,arasu,ayasu,substitution
新た,新手,arata,arate,last_char_differs
新た,露わ,arata,arawa,substitution
新手,裏手,arate,urate,substitution
洗う,払う,arau,harau,insertion
洗う,倣う,arau,narau,insertion
洗う,さらう,arau,sarau,insertion
洗う,笑う,arau,warau,insertion
荒れる,焦る,areru,aseru,substitution
荒れる,充てる,areru,ateru,substitution
荒れる,入れる,areru,ireru,substitution
荒れる,折れる,areru,oreru,substitution
荒れる,売れる,areru,ureru,substitution
蟻,在りか,ari,arika,prefix
在りか,理化,arika,rika,insertion
有る,主人,aru,aruji,prefix
有る,歩く,aru,aruku,prefix
麻,朝げ,asa,asage,prefix
麻,朝日,asa,asahi,prefix
麻,あさり,asa,asari,prefix
麻,漁る,asa,asaru,prefix
麻,浅瀬,asa,asase,prefix
麻,朝夕,asa,asayu,prefix
朝げ,浅瀬,asage,asase,substitution
朝げ,御下げ,asage,osage,substitution
朝日,浅い,asahi,asai,insertion
朝日,あさり,asahi,asari,substitution
朝日,芦,asahi,ashi,insertion
浅い,あさり,asai,asari,insertion
浅い,家裁,asai,kasai,insertion
浅い,ささい,asai,sasai,insertion
浅い,多彩,asai,tasai,insertion
浅い,和裁,asai,wasai,insertion
浅い,野菜,asai,yasai,insertion
あさり,漁る,asari,asaru,last_char_differs
あさり,辺り,asari,atari,substitution
漁る,朝夕,asaru,asayu,substitution
漁る,焦る,asaru,aseru,substitution
漁る,当たる,asaru,ataru,substitution
漁る,猿,asaru,saru,insertion
朝夕,さ湯,asayu,sayu,insertion
汗,汗疹,ase,asemo,prefix
汗,焦る,ase,aseru,prefix
焦る,充てる,aseru,ateru,substitution
焦る,おおせる,aseru,oseru,substitution
焦る,競る,aseru,seru,insertion
焦る,失せる,aseru,useru,substitution
芦,悪しい,ashi,ashii,insertion
芦,出汁,ashi,dashi,insertion
芦,橋,ashi,hashi,insertion
芦,樫,ashi,kashi,insertion
芦,増し,ashi,mashi,insertion
芦,梨,ashi,nashi,insertion
芦,鷲,ashi,washi,insertion
芦,椰子,ashi,yashi,insertion
悪しい,惜しい,ashii,oshii,substitution
悪しい,椎,ashii,shii,insertion
圧勝,一緒,assho,issho,substitution
頭,弾,atama,tama,insertion
辺り,当たる,atari,ataru,last_char_differs
当たる,充てる,ataru,ateru,substitution
当たる,至る,ataru,itaru,substitution
当たる,樽,ataru,taru,insertion
充てる,照る,ateru,teru,insertion
泡,あわび,awa,awabi,prefix
泡,哀れ,awa,aware,prefix
泡,合わす,awa,awasu,prefix
あわび,淡い,awabi,awai,insertion
あわび,おわび,awabi,owabi,substitution
淡い,たわい,awai,tawai,insertion
哀れ,謂われ,aware,iware,substitution
哀れ,我,aware,ware,insertion
合わす,あやす,awasu,ayasu,substitution
あやす,癒す,ayasu,iyasu,substitution
鮎,歩む,ayu,ayumu,prefix
小豆,卯月,azuki,uzuki,substitution
撥,斑,bachi,buchi,substitution
撥,蜂,bachi,hachi,substitution
撥,価値,bachi,kachi,substitution
撥,町,bachi,machi,substitution
撥,太刀,bachi,tachi,substitution
煤煙,馬券,baien,baken,substitution
煤煙,場面,baien,bamen,substitution
煤煙,外苑,baien,gaien,substitution
煤煙,排煙,baien,haien,substitution
煤煙,開演,baien,kaien,substitution
煤煙,内縁,baien,naien,substitution
煤煙,菜園,baien,saien,substitution
梅花,晩夏,baika,banka,substitution
梅花,米貨,baika,beika,substitution
梅花,外貨,baika,gaika,substitution
梅花,配下,baika,haika,substitution
梅花,階下,baika,kaika,substitution
梅花,来夏,baika,raika,substitution
梅花,大家,baika,taika,substitution
馬上,板状,bajo,banjo,insertion
馬券,場面,baken,bamen,substitution
馬券,冒険,baken,boken,substitution
馬券,邪険,baken,jaken,substitution
馬券,野犬,baken,yaken,substitution
場面,画面,bamen,gamen,substitution
場面,仮面,bamen,kamen,substitution
場面,多面,bamen,tamen,substitution
晩,番号,ban,bango,prefix
晩,板状,ban,banjo,prefix
晩,晩夏,ban,banka,prefix
晩,晩期,ban,banki,prefix
晩,伴奏,ban,banso,prefix
晩,番手,ban,bante,prefix
晩,晩冬,ban,banto,prefix
番号,板状,bango,banjo,substitution
番号,伴奏,bango,banso,substitution
番号,晩冬,bango,banto,substitution
番号,文豪,bango,bungo,substitution
番号,団子,bango,dango,substitution
番号,飯盒,bango,hango,substitution
番号,珊瑚,bango,sango,substitution
番号,端午,bango,tango,substitution
番号,塹壕,bango,zango,substitution
板状,伴奏,banjo,banso,substitution
板状,晩冬,banjo,banto,substitution
板状,分譲,banjo,bunjo,substitution
板状,男女,banjo,danjo,substitution
板状,頑丈,banjo,ganjo,substitution
板状,冠状,banjo,kanjo,substitution
板状,三女,banjo,sanjo,substitution
板状,誕生,banjo,tanjo,substitution
晩夏,晩期,banka,banki,last_char_differs
晩夏,文化,banka,bunka,substitution
晩夏,眼下,banka,ganka,substitution
晩夏,山河,banka,sanka,substitution
晩夏,担架,banka,tanka,substitution
晩期,半期,banki,hanki,substitution
晩期,乾季,banki,kanki,substitution
晩期,満期,banki,manki,substitution
晩期,短期,banki,tanki,substitution
伴奏,晩冬,banso,banto,substitution
伴奏,弾倉,banso,danso,substitution
伴奏,元祖,banso,ganso,substitution
伴奏,帆走,banso,hanso,substitution
伴奏,間奏,banso,kanso,substitution
伴奏,酸素,banso,sanso,substitution
伴奏,炭素,banso,tanso,substitution
番手,晩冬,bante,banto,last_char_differs
晩冬,弁当,banto,bento,substitution
晩冬,弾頭,banto,danto,substitution
晩冬,半島,banto,hanto,substitution
晩冬,巻頭,banto,kanto,substitution
晩冬,南東,banto,nanto,substitution
晩冬,山頭,banto,santo,substitution
晩冬,短刀,banto,tanto,substitution
晩冬,残党,banto,zanto,substitution
薔薇,茨,bara,ibara,insertion
馬車,芭蕉,basha,basho,last_char_differs
馬車,馬主,basha,bashu,last_char_differs
馬車,打者,basha,dasha,substitution
馬車,覇者,basha,hasha,substitution
馬車,貨車,basha,kasha,substitution
馬車,他者,basha,tasha,substitution
馬車,話者,basha,washa,substitution
芭蕉,馬主,basho,bashu,last_char_differs
芭蕉,微小,basho,bisho,substitution
芭蕉,帽章,basho,bosho,substitution
芭蕉,武将,basho,busho,substitution
芭蕉,画商,basho,gasho,substitution
芭蕉,華商,basho,kasho,substitution
芭蕉,査証,basho,sasho,substitution
馬主,芒種,bashu,boshu,substitution
馬主,部首,bashu,bushu,substitution
馬主,画集,bashu,gashu,substitution
馬主,歌手,bashu,kashu,substitution
馬主,野手,bashu,yashu,substitution
馬体,母体,batai,botai,substitution
馬体,舞台,batai,butai,substitution
馬体,堅い,batai,katai,substitution
馬体,屋台,batai,yatai,substitution
飛蝗,雑多,batta,zatta,substitution
米寿,永住,beiju,eiju,insertion
米寿,定住,beiju,teiju,substitution
米貨,陛下,beika,heika,substitution
米貨,名家,beika,meika,substitution
米貨,冷夏,beika,reika,substitution
米貨,生花,beika,seika,substitution
鼈甲,欠航,bekko,kekko,substitution
鼈甲,根っこ,bekko,nekko,substitution
鼈甲,石膏,bekko,sekko,substitution
鼈甲,鉄鉱,bekko,tekko,substitution
鼈甲,絶好,bekko,zekko,substitution
紅,便利,beni,benri,insertion
便利,文理,benri,bunri,substitution
便利,年利,benri,nenri,substitution
弁当,電灯,bento,dento,substitution
弁当,円筒,bento,ento,insertion
弁当,幻灯,bento,gento,substitution
弁当,拳闘,bento,kento,substitution
弁当,年頭,bento,nento,substitution
弁当,連投,bento,rento,substitution
弁当,先頭,bento,sento,substitution
弁当,店頭,bento,tento,substitution
弁当,全党,bento,zento,substitution
べそ,別荘,beso,besso,insertion
別荘,物騒,besso,busso,substitution
別,ぶつ,betsu,butsu,substitution
別,列,betsu,retsu,substitution
別,切,betsu,setsu,substitution
別,鉄,betsu,tetsu,substitution
備品,美人,bihin,bijin,substitution
備品,部品,bihin,buhin,substitution
備品,遺品,bihin,ihin,insertion
備品,貴賓,bihin,kihin,substitution
美人,偉人,bijin,ijin,insertion
美人,自陣,bijin,jijin,substitution
美人,微塵,bijin,mijin,substitution
美人,初陣,bijin,uijin,substitution
美女,帯状,bijo,obijo,insertion
微妙,美容,bimyo,biyo,insertion
微妙,奇妙,bimyo,kimyo,substitution
瓶,美男,bin,binan,prefix
美男,無難,binan,bunan,substitution
美男,以南,binan,inan,insertion
美男,次男,binan,jinan,substitution
微細,防災,bisai,bosai,substitution
微細,英才,bisai,eisai,substitution
微細,被災,bisai,hisai,substitution
微細,罹災,bisai,risai,substitution
微小,帽章,bisho,bosho,substitution
微小,武将,bisho,busho,substitution
微小,秘書,bisho,hisho,substitution
微小,衣装,bisho,isho,insertion
微小,地所,bisho,jisho,substitution
微小,記章,bisho,kisho,substitution
膨大,防災,bodai,bosai,substitution
膨大,母体,bodai,botai,substitution
膨大,土台,bodai,dodai,substitution
膨大,上代,bodai,jodai,substitution
膨大,古代,bodai,kodai,substitution
膨大,総代,bodai,sodai,substitution
膨大,灯台,bodai,todai,substitution
母堂,平等,bodo,byodo,insertion
母音,募金,boin,bokin,insertion
防火,母艦,boka,bokan,insertion
防火,牧歌,boka,bokka,insertion
母艦,冒険,bokan,boken,substitution
母艦,募金,bokan,bokin,substitution
母艦,坊さん,bokan,bosan,substitution
母艦,牡丹,bokan,botan,substitution
母艦,土管,bokan,dokan,substitution
母艦,五官,bokan,gokan,substitution
母艦,上官,bokan,jokan,substitution
母艦,公館,bokan,kokan,substitution
母艦,脳幹,bokan,nokan,substitution
母艦,王冠,bokan,okan,insertion
母艦,総監,bokan,sokan,substitution
母艦,投函,bokan,tokan,substitution
母艦,羊羮,bokan,yokan,substitution
母艦,増刊,bokan,zokan,substitution
母系,冒険,bokei,boken,last_char_differs
母系,亡霊,bokei,borei,substitution
母系,母性,bokei,bosei,substitution
母系,道警,bokei,dokei,substitution
母系,方形,bokei,hokei,substitution
母系,光景,bokei,kokei,substitution
母系,模型,bokei,mokei,substitution
母系,時計,bokei,tokei,substitution
母系,余計,bokei,yokei,substitution
冒険,募金,boken,bokin,substitution
冒険,忘年,boken,bonen,substitution
冒険,母船,boken,bosen,substitution
冒険,銅剣,boken,doken,substitution
冒険,保険,boken,hoken,substitution
冒険,高検,boken,koken,substitution
冒険,猛犬,boken,moken,substitution
冒険,総研,boken,soken,substitution
冒険,刀剣,boken,token,substitution
冒険,用件,boken,yoken,substitution
募金,合金,bokin,gokin,substitution
募金,公金,bokin,kokin,substitution
募金,預金,bokin,yokin,substitution
募金,雑巾,bokin,zokin,substitution
牧歌,国花,bokka,kokka,substitution
牧歌,目下,bokka,mokka,substitution
牧歌,特科,bokka,tokka,substitution
盆,凡打,bon,bonda,prefix
盆,忘年,bon,bonen,prefix
盆,煩悩,bon,bonno,prefix
盆,凡夫,bon,bonpu,prefix
盆,母乳,bon,bonyu,prefix
忘年,母船,bonen,bosen,substitution
忘年,芳年,bonen,honen,substitution
忘年,後年,bonen,konen,substitution
忘年,往年,bonen,onen,insertion
忘年,壮年,bonen,sonen,substitution
忘年,当年,bonen,tonen,substitution
忘年,幼年,bonen,yonen,substitution
凡夫,母乳,bonpu,bonyu,substitution
凡夫,音符,bonpu,onpu,insertion
母乳,今夕,bonyu,konyu,substitution
母乳,納入,bonyu,nonyu,substitution
母乳,豆乳,bonyu,tonyu,substitution
亡霊,母性,borei,bosei,substitution
亡霊,無礼,borei,burei,substitution
亡霊,恒例,borei,korei,substitution
亡霊,御礼,borei,orei,insertion
亡霊,祖霊,borei,sorei,substitution
防災,坊さん,bosai,bosan,last_char_differs
防災,母性,bosai,bosei,substitution
防災,帽子,bosai,boshi,substitution
防災,母体,bosai,botai,substitution
防災,後妻,bosai,gosai,substitution
防災,高裁,bosai,kosai,substitution
防災,総裁,bosai,sosai,substitution
防災,要塞,bosai,yosai,substitution
坊さん,母船,bosan,bosen,substitution
坊さん,牡丹,bosan,botan,substitution
坊さん,動産,bosan,dosan,substitution
坊さん,硼酸,bosan,hosan,substitution
坊さん,御産,bosan,osan,insertion
坊さん,父さん,bosan,tosan,substitution
坊さん,葉酸,bosan,yosan,substitution
母性,母船,bosei,bosen,last_char_differs
母性,帽子,bosei,boshi,substitution
母性,土星,bosei,dosei,substitution
母性,碁聖,bosei,gosei,substitution
母性,女婿,bosei,josei,substitution
母性,恒星,bosei,kosei,substitution
母性,旺盛,bosei,osei,insertion
母性,早世,bosei,sosei,substitution
母性,妖精,bosei,yosei,substitution
母船,導線,bosen,dosen,substitution
母船,合繊,bosen,gosen,substitution
母船,保線,bosen,hosen,substitution
母船,乗船,bosen,josen,substitution
母船,鉱泉,bosen,kosen,substitution
母船,毛氈,bosen,mosen,substitution
母船,路線,bosen,rosen,substitution
母船,祖先,bosen,sosen,substitution
母船,当選,bosen,tosen,substitution
母船,予選,bosen,yosen,substitution
帽子,帽章,boshi,bosho,last_char_differs
帽子,芒種,boshi,boshu,last_char_differs
帽子,武士,boshi,bushi,substitution
帽子,同志,boshi,doshi,substitution
帽子,合祀,boshi,goshi,substitution
帽子,星,boshi,hoshi,substitution
帽子,上司,boshi,joshi,substitution
帽子,輿,boshi,koshi,substitution
帽子,模試,boshi,moshi,substitution
帽子,熨斗,boshi,noshi,substitution
帽子,牡牛,boshi,oshi,insertion
帽子,ろ紙,boshi,roshi,substitution
帽子,素子,boshi,soshi,substitution
帽子,年,boshi,toshi,substitution
帽子,洋紙,boshi,yoshi,substitution
帽章,芒種,bosho,boshu,last_char_differs
帽章,武将,bosho,busho,substitution
帽章,豪商,bosho,gosho,substitution
帽章,序章,bosho,josho,substitution
帽章,鉱床,bosho,kosho,substitution
帽章,猛暑,bosho,mosho,substitution
帽章,王将,bosho,osho,insertion
帽章,叢書,bosho,sosho,substitution
帽章,島嶼,bosho,tosho,substitution
帽章,洋書,bosho,yosho,substitution
帽章,蔵書,bosho,zosho,substitution
芒種,部首,boshu,bushu,substitution
芒種,法主,boshu,hoshu,substitution
芒種,城主,boshu,joshu,substitution
芒種,好手,boshu,koshu,substitution
芒種,党首,boshu,toshu,substitution
芒種,洋酒,boshu,yoshu,substitution
母体,牡丹,botai,botan,last_char_differs
母体,舞台,botai,butai,substitution
母体,導体,botai,dotai,substitution
母体,包帯,botai,hotai,substitution
母体,上体,botai,jotai,substitution
母体,抗体,botai,kotai,substitution
母体,早退,botai,sotai,substitution
牡丹,草炭,botan,sotan,substitution
牡丹,途端,botan,totan,substitution
部分,重文,bubun,jubun,substitution
部分,油分,bubun,yubun,substitution
斑,部長,buchi,bucho,last_char_differs
斑,武士,buchi,bushi,substitution
斑,淵,buchi,fuchi,substitution
斑,口,buchi,kuchi,substitution
斑,鞭,buchi,muchi,substitution
斑,内,buchi,uchi,insertion
部長,武将,bucho,busho,substitution
部長,婦長,bucho,fucho,substitution
部長,空調,bucho,kucho,substitution
部長,悠長,bucho,yucho,substitution
武芸,無礼,bugei,burei,substitution
武芸,無勢,bugei,buzei,substitution
武具,文具,bugu,bungu,insertion
奉行,蚋,bugyo,buyo,insertion
奉行,授業,bugyo,jugyo,substitution
奉行,苦行,bugyo,kugyo,substitution
部品,部員,buhin,buin,insertion
部下,文化,buka,bunka,insertion
山毛欅,無難,buna,bunan,insertion
山毛欅,文化,buna,bunka,insertion
山毛欅,分派,buna,bunpa,insertion
無難,柔軟,bunan,junan,substitution
分母,文豪,bunbo,bungo,substitution
分母,分譲,bunbo,bunjo,substitution
分母,文庫,bunbo,bunko,substitution
分母,文法,bunbo,bunpo,substitution
文豪,文具,bungo,bungu,last_char_differs
文豪,分譲,bungo,bunjo,substitution
文豪,文庫,bungo,bunko,substitution
文豪,文法,bungo,bunpo,substitution
分譲,文庫,bunjo,bunko,substitution
分譲,文法,bunjo,bunpo,substitution
分譲,順序,bunjo,junjo,substitution
文化,分家,bunka,bunke,last_char_differs
文化,文庫,bunka,bunko,last_char_differs
文化,分派,bunka,bunpa,substitution
文化,軍靴,bunka,gunka,substitution
分家,文庫,bunke,bunko,last_char_differs
文庫,文法,bunko,bunpo,substitution
文庫,軍港,bunko,gunko,substitution
文庫,うんこ,bunko,unko,insertion
分派,文法,bunpa,bunpo,last_char_differs
文理,鰤,bunri,buri,insertion
無礼,鰤,burei,buri,insertion
無礼,無勢,burei,buzei,substitution
無礼,幽霊,burei,yurei,substitution
鰤,大振り,buri,oburi,insertion
武士,武将,bushi,busho,last_char_differs
武士,部首,bushi,bushu,last_char_differs
武士,無粋,bushi,busui,substitution
武士,節,bushi,fushi,substitution
武士,樹脂,bushi,jushi,substitution
武士,串,bushi,kushi,substitution
武士,虫,bushi,mushi,substitution
武士,主,bushi,nushi,substitution
武士,鮨,bushi,sushi,substitution
武士,牛,bushi,ushi,insertion
武士,油脂,bushi,yushi,substitution
武士,厨子,bushi,zushi,substitution
武将,部首,busho,bushu,last_char_differs
武将,物騒,busho,busso,substitution
武将,封書,busho,fusho,substitution
武将,住所,busho,jusho,substitution
武将,優勝,busho,yusho,substitution
部首,風習,bushu,fushu,substitution
部首,句集,bushu,kushu,substitution
部首,優秀,bushu,yushu,substitution
物騒,弗素,busso,fusso,substitution
無粋,留守居,busui,rusui,substitution
無粋,雨水,busui,usui,insertion
豚,舞台,buta,butai,insertion
舞台,部材,butai,buzai,substitution
舞台,渋滞,butai,jutai,substitution
舞台,謡,butai,utai,insertion
舞台,図体,butai,zutai,substitution
舞踏,仏塔,buto,butto,insertion
ぶつ,普通,butsu,futsu,substitution
ぶつ,靴,butsu,kutsu,substitution
ぶつ,打つ,butsu,utsu,insertion
ぶつ,憂鬱,butsu,yutsu,substitution
仏塔,沸騰,butto,futto,substitution
部材,無勢,buzai,buzei,substitution
無勢,重税,buzei,juzei,substitution
廟,屏風,byo,byobu,prefix
廟,平等,byo,byodo,prefix
廟,描画,byo,byoga,prefix
屏風,胸部,byobu,kyobu,substitution
屏風,及ぶ,byobu,oyobu,substitution
屏風,腰部,byobu,yobu,insertion
平等,表土,byodo,hyodo,substitution
平等,郷土,byodo,kyodo,substitution
平等,領土,byodo,ryodo,substitution
平等,淀,byodo,yodo,insertion
描画,氷河,byoga,hyoga,substitution
描画,茗荷,byoga,myoga,substitution
描画,洋画,byoga,yoga,insertion
茶,茶器,cha,chaki,prefix
茶,茶目,cha,chame,prefix
茶,茶屋,cha,chaya,prefix
茶器,知己,chaki,chiki,substitution
茶器,長期,chaki,choki,substitution
茶器,中期,chaki,chuki,substitution
茶目,羽目,chame,hame,insertion
千木,稚児,chigi,chigo,last_char_differs
千木,知事,chigi,chiji,substitution
千木,知己,chigi,chiki,substitution
千木,塵,chigi,chiri,substitution
千木,町議,chigi,chogi,substitution
千木,忠義,chigi,chugi,substitution
千木,市議,chigi,shigi,substitution
稚児,地方,chigo,chiho,substitution
稚児,地上,chigo,chijo,substitution
稚児,地層,chigo,chiso,substitution
稚児,千代,chigo,chiyo,substitution
地方,地上,chiho,chijo,substitution
地方,地層,chiho,chiso,substitution
地方,千代,chiho,chiyo,substitution
地方,重宝,chiho,choho,substitution
地方,至宝,chiho,shiho,substitution
知事,地上,chiji,chijo,last_char_differs
知事,知己,chiji,chiki,substitution
知事,塵,chiji,chiri,substitution
知事,弔辞,chiji,choji,substitution
知事,肘,chiji,hiji,insertion
知事,師事,chiji,shiji,substitution
地上,地層,chijo,chiso,substitution
地上,千代,chijo,chiyo,substitution
地上,長女,chijo,chojo,substitution
地上,中将,chijo,chujo,substitution
地上,非常,chijo,hijo,insertion
地上,子女,chijo,shijo,substitution
地下,知己,chika,chiki,last_char_differs
地下,地区,chika,chiku,last_char_differs
地下,長歌,chika,choka,substitution
地下,中華,chika,chuka,substitution
地下,皮下,chika,hika,insertion
地下,鹿,chika,shika,substitution
知己,地区,chiki,chiku,last_char_differs
知己,塵,chiki,chiri,substitution
知己,長期,chiki,choki,substitution
知己,中期,chiki,chuki,substitution
知己,四季,chiki,shiki,substitution
地区,散る,chiku,chiru,substitution
地区,地図,chiku,chizu,substitution
地区,中空,chiku,chuku,substitution
地区,引く,chiku,hiku,insertion
地区,市区,chiku,shiku,substitution
塵,散る,chiri,chiru,last_char_differs
塵,調理,chiri,chori,substitution
散る,地図,chiru,chizu,substitution
散る,昼,chiru,hiru,insertion
散る,汁,chiru,shiru,substitution
地層,千代,chiso,chiyo,substitution
地層,砒素,chiso,hiso,insertion
地層,紫蘇,chiso,shiso,substitution
千代,中葉,chiyo,chuyo,substitution
千代,費用,chiyo,hiyo,insertion
千代,子葉,chiyo,shiyo,substitution
蝶,帳場,cho,choba,prefix
蝶,帳簿,cho,chobo,prefix
蝶,調度,cho,chodo,prefix
蝶,長円,cho,choen,prefix
蝶,町議,cho,chogi,prefix
蝶,重宝,cho,choho,prefix
蝶,長者,cho,choja,prefix
蝶,弔辞,cho,choji,prefix
蝶,長女,cho,chojo,prefix
蝶,鳥獣,cho,choju,prefix
蝶,長歌,cho,choka,prefix
蝶,長期,cho,choki,prefix
蝶,聴講,cho,choko,prefix
蝶,調理,cho,chori,prefix
蝶,長老,cho,choro,prefix
蝶,釣友,cho,choyu,prefix
蝶,彫像,cho,chozo,prefix
帳場,帳簿,choba,chobo,last_char_differs
帳場,長者,choba,choja,substitution
帳場,長歌,choba,choka,substitution
帳簿,調度,chobo,chodo,substitution
帳簿,重宝,chobo,choho,substitution
帳簿,長女,chobo,chojo,substitution
帳簿,聴講,chobo,choko,substitution
帳簿,長老,chobo,choro,substitution
帳簿,彫像,chobo,chozo,substitution
帳簿,厨房,chobo,chubo,substitution
帳簿,保母,chobo,hobo,insertion
帳簿,書房,chobo,shobo,substitution
調度,重宝,chodo,choho,substitution
調度,長女,chodo,chojo,substitution
調度,聴講,chodo,choko,substitution
調度,長老,chodo,choro,substitution
調度,彫像,chodo,chozo,substitution
調度,歩道,chodo,hodo,insertion
調度,焦土,chodo,shodo,substitution
長円,長音,choen,chon,insertion
長円,硝煙,choen,shoen,substitution
町議,弔慰,chogi,choi,insertion
町議,弔辞,chogi,choji,substitution
町議,長期,chogi,choki,substitution
町議,調理,chogi,chori,substitution
町議,忠義,chogi,chugi,substitution
町議,将棋,chogi,shogi,substitution
重宝,長女,choho,chojo,substitution
重宝,聴講,choho,choko,substitution
重宝,長老,choho,choro,substitution
重宝,彫像,choho,chozo,substitution
重宝,唱法,choho,shoho,substitution
弔慰,弔辞,choi,choji,insertion
弔慰,長期,choi,choki,insertion
弔慰,調理,choi,chori,insertion
長者,弔辞,choja,choji,last_char_differs
長者,長女,choja,chojo,last_char_differs
長者,鳥獣,choja,choju,last_char_differs
長者,長歌,choja,choka,substitution
長者,精舎,choja,shoja,substitution
弔辞,長女,choji,chojo,last_char_differs
弔辞,鳥獣,choji,choju,last_char_differs
弔辞,長期,choji,choki,substitution
弔辞,調理,choji,chori,substitution
弔辞,法事,choji,hoji,insertion
弔辞,障子,choji,shoji,substitution
長女,鳥獣,chojo,choju,last_char_differs
長女,聴講,chojo,choko,substitution
長女,長老,chojo,choro,substitution
長女,彫像,chojo,chozo,substitution
長女,中将,chojo,chujo,substitution
長女,方丈,chojo,hojo,insertion
長女,少女,chojo,shojo,substitution
鳥獣,釣友,choju,choyu,substitution
長歌,長期,choka,choki,last_char_differs
長歌,聴講,choka,choko,last_char_differs
長歌,中華,choka,chuka,substitution
長歌,砲火,choka,hoka,insertion
長歌,商家,choka,shoka,substitution
長期,聴講,choki,choko,last_char_differs
長期,調理,choki,chori,substitution
長期,中期,choki,chuki,substitution
長期,箒,choki,hoki,insertion
長期,勝機,choki,shoki,substitution
聴講,長老,choko,choro,substitution
聴講,彫像,choko,chozo,substitution
聴講,中高,choko,chuko,substitution
聴講,芳香,choko,hoko,insertion
聴講,将校,choko,shoko,substitution
調理,長老,chori,choro,last_char_differs
調理,堀,chori,hori,insertion
調理,勝利,chori,shori,substitution
長老,彫像,choro,chozo,substitution
長老,幌,choro,horo,insertion
長老,初老,choro,shoro,substitution
釣友,醤油,choyu,shoyu,substitution
彫像,臍,chozo,hozo,insertion
彫像,肖像,chozo,shozo,substitution
中火,厨房,chubi,chubo,last_char_differs
中火,忠義,chubi,chugi,substitution
中火,中尉,chubi,chui,insertion
中火,中期,chubi,chuki,substitution
中火,守備,chubi,shubi,substitution
厨房,中将,chubo,chujo,substitution
厨房,中高,chubo,chuko,substitution
厨房,中央,chubo,chuo,insertion
厨房,中途,chubo,chuto,substitution
厨房,中葉,chubo,chuyo,substitution
忠義,中尉,chugi,chui,insertion
忠義,中期,chugi,chuki,substitution
忠義,祝儀,chugi,shugi,substitution
中尉,中期,chui,chuki,insertion
中将,中高,chujo,chuko,substitution
中将,中央,chujo,chuo,insertion
中将,中途,chujo,chuto,substitution
中将,中葉,chujo,chuyo,substitution
中将,衆生,chujo,shujo,substitution
中華,中期,chuka,chuki,last_char_differs
中華,中高,chuka,chuko,last_char_differs
中華,中空,chuka,chuku,last_char_differs
中華,中佐,chuka,chusa,substitution
中華,中和,chuka,chuwa,substitution
中期,中高,chuki,chuko,last_char_differs
中期,中空,chuki,chuku,last_char_differs
中期,秋季,chuki,shuki,substitution
中高,中空,chuko,chuku,last_char_differs
中高,中央,chuko,chuo,insertion
中高,中途,chuko,chuto,substitution
中高,中葉,chuko,chuyo,substitution
中高,周航,chuko,shuko,substitution
中央,中途,chuo,chuto,insertion
中央,中葉,chuo,chuyo,insertion
中佐,中和,chusa,chuwa,substitution
中佐,主査,chusa,shusa,substitution
中途,中葉,chuto,chuyo,substitution
中途,舅,chuto,shuto,substitution
中和,手話,chuwa,shuwa,substitution
中葉,主要,chuyo,shuyo,substitution
駝鳥,打法,dacho,daho,insertion
駝鳥,道庁,dacho,docho,substitution
駝鳥,がちょう,dacho,gacho,substitution
駝鳥,家長,dacho,kacho,substitution
駝鳥,野鳥,dacho,yacho,substitution
駝鳥,座長,dacho,zacho,substitution
楕円,打線,daen,dasen,insertion
台,代打,dai,daida,prefix
台,大事,dai,daiji,prefix
台,大工,dai,daiku,prefix
台,大脳,dai,daino,prefix
台,内裏,dai,dairi,prefix
台,代走,dai,daiso,prefix
台,代数,dai,daisu,prefix
台,台座,dai,daiza,prefix
台,大豆,dai,daizu,prefix
代打,台座,daida,daiza,substitution
代打,快打,daida,kaida,substitution
代打,怠惰,daida,taida,substitution
大事,内裏,daiji,dairi,substitution
大事,男児,daiji,danji,substitution
大事,廃寺,daiji,haiji,substitution
大事,毎時,daiji,maiji,substitution
大事,内耳,daiji,naiji,substitution
大事,歳時,daiji,saiji,substitution
大工,代数,daiku,daisu,substitution
大工,大豆,daiku,daizu,substitution
大工,抱く,daiku,daku,insertion
大工,俳句,daiku,haiku,substitution
大脳,大王,daino,daio,insertion
大脳,代走,daino,daiso,substitution
大脳,才能,daino,saino,substitution
大脳,滞納,daino,taino,substitution
大王,代走,daio,daiso,insertion
内裏,出入り,dairi,deiri,substitution
代走,代数,daiso,daisu,last_char_differs
代走,弾倉,daiso,danso,substitution
代走,外装,daiso,gaiso,substitution
代走,海藻,daiso,kaiso,substitution
代走,内装,daiso,naiso,substitution
代走,大宗,daiso,taiso,substitution
代数,大豆,daisu,daizu,substitution
代数,出す,daisu,dasu,insertion
代数,枚数,daisu,maisu,substitution
台座,大豆,daiza,daizu,last_char_differs
大豆,海図,daizu,kaizu,substitution
抱っこ,断交,dakko,danko,substitution
抱っこ,学校,dakko,gakko,substitution
抱っこ,発行,dakko,hakko,substitution
抱っこ,郭公,dakko,kakko,substitution
抱っこ,真っ向,dakko,makko,substitution
抱く,打球,daku,dakyu,insertion
抱く,抱く,daku,idaku,insertion
打球,男優,dakyu,danyu,substitution
打球,火急,dakyu,kakyu,substitution
打球,砂丘,dakyu,sakyu,substitution
打球,野球,dakyu,yakyu,substitution
惰眠,団員,damin,danin,substitution
惰眠,仮眠,damin,kamin,substitution
段,暖房,dan,danbo,prefix
段,団子,dan,dango,prefix
段,団員,dan,danin,prefix
段,男児,dan,danji,prefix
段,男女,dan,danjo,prefix
段,断交,dan,danko,prefix
段,旦那,dan,danna,prefix
段,暖炉,dan,danro,prefix
段,弾倉,dan,danso,prefix
段,弾頭,dan,danto,prefix
段,男優,dan,danyu,prefix
暖房,団子,danbo,dango,substitution
暖房,男女,danbo,danjo,substitution
暖房,断交,danbo,danko,substitution
暖房,暖炉,danbo,danro,substitution
暖房,弾倉,danbo,danso,substitution
暖房,弾頭,danbo,danto,substitution
暖房,官房,danbo,kanbo,substitution
暖房,三方,danbo,sanbo,substitution
暖房,田んぼ,danbo,tanbo,substitution
団子,男女,dango,danjo,substitution
団子,断交,dango,danko,substitution
団子,暖炉,dango,danro,substitution
団子,弾倉,dango,danso,substitution
団子,弾頭,dango,danto,substitution
団子,飯盒,dango,hango,substitution
団子,珊瑚,dango,sango,substitution
団子,端午,dango,tango,substitution
団子,塹壕,dango,zango,substitution
壁蝨,団員,dani,danin,insertion
壁蝨,男児,dani,danji,insertion
団員,産院,danin,sanin,substitution
団員,他人,danin,tanin,substitution
男児,男女,danji,danjo,last_char_differs
男児,判事,danji,hanji,substitution
男児,幹事,danji,kanji,substitution
男児,卍,danji,manji,substitution
男児,参事,danji,sanji,substitution
男女,断交,danjo,danko,substitution
男女,暖炉,danjo,danro,substitution
男女,弾倉,danjo,danso,substitution
男女,弾頭,danjo,danto,substitution
男女,頑丈,danjo,ganjo,substitution
男女,冠状,danjo,kanjo,substitution
男女,三女,danjo,sanjo,substitution
男女,誕生,danjo,tanjo,substitution
断交,暖炉,danko,danro,substitution
断交,弾倉,danko,danso,substitution
断交,弾頭,danko,danto,substitution
断交,鈍行,danko,donko,substitution
断交,頑固,danko,ganko,substitution
断交,判こ,danko,hanko,substitution
断交,刊行,danko,kanko,substitution
断交,軟膏,danko,nanko,substitution
断交,炭坑,danko,tanko,substitution
旦那,どんな,danna,donna,substitution
旦那,鉋,danna,kanna,substitution
暖炉,弾倉,danro,danso,substitution
暖炉,弾頭,danro,danto,substitution
暖炉,電炉,danro,denro,substitution
暖炉,甘露,danro,kanro,substitution
弾倉,弾頭,danso,danto,substitution
弾倉,元祖,danso,ganso,substitution
弾倉,帆走,danso,hanso,substitution
弾倉,間奏,danso,kanso,substitution
弾倉,酸素,danso,sanso,substitution
弾倉,炭素,danso,tanso,substitution
弾頭,妥当,danto,dato,insertion
弾頭,電灯,danto,dento,substitution
弾頭,半島,danto,hanto,substitution
弾頭,巻頭,danto,kanto,substitution
弾頭,南東,danto,nanto,substitution
弾頭,山頭,danto,santo,substitution
弾頭,短刀,danto,tanto,substitution
弾頭,残党,danto,zanto,substitution
男優,肝油,danyu,kanyu,substitution
だるい,軽い,darui,karui,substitution
だるい,丸い,darui,marui,substitution
だるい,悪い,darui,warui,substitution
打線,導線,dasen,dosen,substitution
打線,河川,dasen,kasen,substitution
打線,螺旋,dasen,rasen,substitution
打線,和船,dasen,wasen,substitution
打線,野選,dasen,yasen,substitution
打者,出汁,dasha,dashi,last_char_differs
打者,土砂,dasha,dosha,substitution
打者,覇者,dasha,hasha,substitution
打者,貨車,dasha,kasha,substitution
打者,他者,dasha,tasha,substitution
打者,話者,dasha,washa,substitution
出汁,弟子,dashi,deshi,substitution
出汁,同志,dashi,doshi,substitution
出汁,橋,dashi,hashi,substitution
出汁,樫,dashi,kashi,substitution
出汁,増し,dashi,mashi,substitution
出汁,梨,dashi,nashi,substitution
出汁,鷲,dashi,washi,substitution
出汁,椰子,dashi,yashi,substitution
出入り,鋭利,deiri,eiri,insertion
出入り,低利,deiri,teiri,substitution
でか,でかい,deka,dekai,insertion
でか,殿下,deka,denka,insertion
でかい,下界,dekai,gekai,substitution
でかい,世界,dekai,sekai,substitution
出前,手前,demae,temae,substitution
殿堂,電報,dendo,denpo,substitution
殿堂,電炉,dendo,denro,substitution
殿堂,電灯,dendo,dento,substitution
殿堂,豌豆,dendo,endo,insertion
殿堂,県道,dendo,kendo,substitution
殿堂,面倒,dendo,mendo,substitution
殿堂,粘土,dendo,nendo,substitution
殿堂,船頭,dendo,sendo,substitution
殿堂,全土,dendo,zendo,substitution
殿下,電器,denka,denki,last_char_differs
殿下,電話,denka,denwa,substitution
殿下,演歌,denka,enka,insertion
殿下,現下,denka,genka,substitution
殿下,県花,denka,kenka,substitution
殿下,綿花,denka,menka,substitution
殿下,恋歌,denka,renka,substitution
殿下,専科,denka,senka,substitution
殿下,天下,denka,tenka,substitution
殿下,全科,denka,zenka,substitution
電器,塩基,denki,enki,insertion
電器,元気,denki,genki,substitution
電器,年季,denki,nenki,substitution
電器,天気,denki,tenki,substitution
電器,前期,denki,zenki,substitution
電報,電炉,denpo,denro,substitution
電報,電灯,denpo,dento,substitution
電報,遠方,denpo,enpo,insertion
電報,減法,denpo,genpo,substitution
電報,健保,denpo,kenpo,substitution
電報,年報,denpo,nenpo,substitution
電報,連峰,denpo,renpo,substitution
電報,先方,denpo,senpo,substitution
電報,店舗,denpo,tenpo,substitution
電報,前方,denpo,zenpo,substitution
電炉,電灯,denro,dento,substitution
電炉,遠路,denro,enro,insertion
電炉,元老,denro,genro,substitution
電炉,遍路,denro,henro,substitution
電炉,線路,denro,senro,substitution
電灯,円筒,dento,ento,insertion
電灯,幻灯,dento,gento,substitution
電灯,拳闘,dento,kento,substitution
電灯,年頭,dento,nento,substitution
電灯,連投,dento,rento,substitution
電灯,先頭,dento,sento,substitution
電灯,店頭,dento,tento,substitution
電灯,全党,dento,zento,substitution
出る,いでる,deru,ideru,insertion
弟子,同志,deshi,doshi,substitution
弟子,絵師,deshi,eshi,insertion
弟子,夏至,deshi,geshi,substitution
弟子,芥子,deshi,keshi,substitution
弟子,飯,deshi,meshi,substitution
度合い,土台,doai,dodai,insertion
度合い,同輩,doai,dohai,insertion
度合い,導体,doai,dotai,insertion
銅板,土瓶,doban,dobin,substitution
銅板,童顔,doban,dogan,substitution
銅板,土管,doban,dokan,substitution
銅板,動産,doban,dosan,substitution
銅板,銅山,doban,dozan,substitution
銅板,碁盤,doban,goban,substitution
銅板,序盤,doban,joban,substitution
銅板,鋼板,doban,koban,substitution
銅板,路盤,doban,roban,substitution
銅板,早晩,doban,soban,substitution
銅板,当番,doban,toban,substitution
土瓶,同人,dobin,dojin,substitution
土瓶,動輪,dobin,dorin,substitution
土瓶,増便,dobin,zobin,substitution
道庁,道中,docho,dochu,last_char_differs
道庁,同胞,docho,doho,insertion
道庁,伍長,docho,gocho,substitution
道庁,庖丁,docho,hocho,substitution
道庁,校長,docho,kocho,substitution
道庁,王朝,docho,ocho,insertion
道庁,早朝,docho,socho,substitution
道庁,都庁,docho,tocho,substitution
道庁,幼鳥,docho,yocho,substitution
道中,途中,dochu,tochu,substitution
道中,幼虫,dochu,yochu,substitution
土台,同輩,dodai,dohai,substitution
土台,導体,dodai,dotai,substitution
土台,上代,dodai,jodai,substitution
土台,古代,dodai,kodai,substitution
土台,総代,dodai,sodai,substitution
土台,灯台,dodai,todai,substitution
動画,童顔,doga,dogan,insertion
童顔,土管,dogan,dokan,substitution
童顔,動産,dogan,dosan,substitution
童顔,銅山,dogan,dozan,substitution
童顔,砲丸,dogan,hogan,substitution
童顔,湖岸,dogan,kogan,substitution
童顔,溶岩,dogan,yogan,substitution
童顔,象眼,dogan,zogan,substitution
道具,大道具,dogu,odogu,insertion
同輩,導体,dohai,dotai,substitution
同輩,後輩,dohai,kohai,substitution
同胞,道標,doho,dohyo,insertion
道標,道教,dohyo,dokyo,substitution
道標,同僚,dohyo,doryo,substitution
道標,土曜,dohyo,doyo,insertion
同時,同人,doji,dojin,insertion
同人,動輪,dojin,dorin,substitution
同人,邦人,dojin,hojin,substitution
同人,公人,dojin,kojin,substitution
同人,老人,dojin,rojin,substitution
同人,要人,dojin,yojin,substitution
銅貨,土管,doka,dokan,insertion
土管,銅剣,dokan,doken,substitution
土管,動産,dokan,dosan,substitution
土管,銅山,dokan,dozan,substitution
土管,五官,dokan,gokan,substitution
土管,上官,dokan,jokan,substitution
土管,公館,dokan,kokan,substitution
土管,脳幹,dokan,nokan,substitution
土管,王冠,dokan,okan,insertion
土管,総監,dokan,sokan,substitution
土管,投函,dokan,tokan,substitution
土管,羊羮,dokan,yokan,substitution
土管,増刊,dokan,zokan,substitution
道化,道警,doke,dokei,insertion
道化,銅剣,doke,doken,insertion
道警,銅剣,dokei,doken,last_char_differs
道警,土器,dokei,doki,insertion
道警,土星,dokei,dosei,substitution
道警,方形,dokei,hokei,substitution
道警,光景,dokei,kokei,substitution
道警,模型,dokei,mokei,substitution
道警,時計,dokei,tokei,substitution
道警,余計,dokei,yokei,substitution
銅剣,導線,doken,dosen,substitution
銅剣,同然,doken,dozen,substitution
銅剣,保険,doken,hoken,substitution
銅剣,高検,doken,koken,substitution
銅剣,猛犬,doken,moken,substitution
銅剣,総研,doken,soken,substitution
銅剣,刀剣,doken,token,substitution
銅剣,用件,doken,yoken,substitution
瞳孔,道教,doko,dokyo,insertion
瞳孔,鈍行,doko,donko,insertion
道教,同僚,dokyo,doryo,substitution
道教,土曜,dokyo,doyo,insertion
道教,上京,dokyo,jokyo,substitution
道教,皇居,dokyo,kokyo,substitution
道教,農協,dokyo,nokyo,substitution
道教,余興,dokyo,yokyo,substitution
道教,増強,dokyo,zokyo,substitution
鈍行,土嚢,donko,dono,insertion
鈍行,本校,donko,honko,substitution
鈍行,門戸,donko,monko,substitution
鈍行,温厚,donko,onko,insertion
どんな,女,donna,onna,insertion
動輪,五輪,dorin,gorin,substitution
動輪,後輪,dorin,korin,substitution
泥,同僚,doro,doryo,insertion
同僚,土曜,doryo,doyo,insertion
同僚,御陵,doryo,goryo,substitution
同僚,捕虜,doryo,horyo,substitution
同僚,香料,doryo,koryo,substitution
同僚,納涼,doryo,noryo,substitution
同僚,僧侶,doryo,soryo,substitution
同僚,棟梁,doryo,toryo,substitution
同僚,要領,doryo,yoryo,substitution
動産,導線,dosan,dosen,substitution
動産,銅山,dosan,dozan,substitution
動産,硼酸,dosan,hosan,substitution
動産,御産,dosan,osan,insertion
動産,父さん,dosan,tosan,substitution
動産,葉酸,dosan,yosan,substitution
土星,導線,dosei,dosen,last_char_differs
土星,同志,dosei,doshi,substitution
土星,碁聖,dosei,gosei,substitution
土星,女婿,dosei,josei,substitution
土星,恒星,dosei,kosei,substitution
土星,旺盛,dosei,osei,insertion
土星,早世,dosei,sosei,substitution
土星,妖精,dosei,yosei,substitution
導線,同然,dosen,dozen,substitution
導線,合繊,dosen,gosen,substitution
導線,保線,dosen,hosen,substitution
導線,乗船,dosen,josen,substitution
導線,鉱泉,dosen,kosen,substitution
導線,毛氈,dosen,mosen,substitution
導線,路線,dosen,rosen,substitution
導線,祖先,dosen,sosen,substitution
導線,当選,dosen,tosen,substitution
導線,予選,dosen,yosen,substitution
土砂,同志,dosha,doshi,last_char_differs
土砂,乗車,dosha,josha,substitution
土砂,公舎,dosha,kosha,substitution
土砂,模写,dosha,mosha,substitution
土砂,老者,dosha,rosha,substitution
土砂,走者,dosha,sosha,substitution
土砂,当社,dosha,tosha,substitution
同志,合祀,doshi,goshi,substitution
同志,星,doshi,hoshi,substitution
同志,上司,doshi,joshi,substitution
同志,輿,doshi,koshi,substitution
同志,模試,doshi,moshi,substitution
同志,熨斗,doshi,noshi,substitution
同志,牡牛,doshi,oshi,insertion
同志,ろ紙,doshi,roshi,substitution
同志,素子,doshi,soshi,substitution
同志,年,doshi,toshi,substitution
同志,洋紙,doshi,yoshi,substitution
導体,包帯,dotai,hotai,substitution
導体,上体,dotai,jotai,substitution
導体,抗体,dotai,kotai,substitution
導体,早退,dotai,sotai,substitution
銅山,同然,dozan,dozen,substitution
銅山,鉱山,dozan,kozan,substitution
銅山,早産,dozan,sozan,substitution
銅山,登山,dozan,tozan,substitution
同然,午前,dozen,gozen,substitution
同然,当然,dozen,tozen,substitution
枝,枝葉,eda,edaha,prefix
絵筆,筆,efude,fude,insertion
描く,萼,egaku,gaku,insertion
描く,医学,egaku,igaku,substitution
笑顔,寝顔,egao,negao,insertion
絵柄,柄,egara,gara,insertion
絵柄,大柄,egara,ogara,substitution
絵本,手本,ehon,tehon,insertion
鋭敏,永眠,eibin,eimin,substitution
鋭敏,機敏,eibin,kibin,substitution
永遠,閉園,eien,heien,insertion
永遠,名演,eien,meien,insertion
永遠,霊園,eien,reien,insertion
永遠,声援,eien,seien,insertion
永遠,庭園,eien,teien,insertion
映画,慶賀,eiga,keiga,insertion
映画,名画,eiga,meiga,insertion
英語,敬語,eigo,keigo,insertion
英語,生後,eigo,seigo,insertion
泳法,警報,eiho,keiho,insertion
泳法,名峰,eiho,meiho,insertion
泳法,西方,eiho,seiho,insertion
永住,定住,eiju,teiju,insertion
栄冠,技官,eikan,gikan,substitution
栄冠,避寒,eikan,hikan,substitution
栄冠,遺憾,eikan,ikan,insertion
栄冠,時間,eikan,jikan,substitution
栄冠,期間,eikan,kikan,substitution
栄冠,蜜柑,eikan,mikan,substitution
永久,英雄,eikyu,eiyu,insertion
永久,飛球,eikyu,hikyu,substitution
永久,時給,eikyu,jikyu,substitution
永久,気球,eikyu,kikyu,substitution
永久,離宮,eikyu,rikyu,substitution
永眠,移民,eimin,imin,insertion
英霊,鋭利,eirei,eiri,insertion
英霊,衛星,eirei,eisei,substitution
英霊,艶麗,eirei,enrei,substitution
英霊,儀礼,eirei,girei,substitution
英霊,慰霊,eirei,irei,insertion
英霊,綺麗,eirei,kirei,substitution
鋭利,低利,eiri,teiri,insertion
英才,衛星,eisai,eisei,substitution
英才,被災,eisai,hisai,substitution
英才,罹災,eisai,risai,substitution
衛星,遠征,eisei,ensei,substitution
衛星,以西,eisei,isei,insertion
衛星,辞世,eisei,jisei,substitution
衛星,棋聖,eisei,kisei,substitution
衛星,理性,eisei,risei,substitution
映写,園舎,eisha,ensha,substitution
映写,飛車,eisha,hisha,substitution
映写,医者,eisha,isha,insertion
映写,侍者,eisha,jisha,substitution
映写,汽車,eisha,kisha,substitution
英和,平和,eiwa,heiwa,insertion
栄養,名誉,eiyo,meiyo,insertion
栄養,西洋,eiyo,seiyo,insertion
英雄,軽油,eiyu,keiyu,insertion
英雄,名優,eiyu,meiyu,insertion
英雄,声優,eiyu,seiyu,insertion
映像,冷蔵,eizo,reizo,insertion
絵描き,絵巻,ekaki,emaki,substitution
絵描き,柿,ekaki,kaki,insertion
駅,駅員,eki,ekiin,prefix
駅,駅務,eki,ekimu,prefix
駅,駅頭,eki,ekito,prefix
駅員,棋院,ekiin,kiin,insertion
駅務,息む,ekimu,ikimu,substitution
駅頭,気筒,ekito,kito,insertion
靨,空母,ekubo,kubo,insertion
絵馬,絵巻,ema,emaki,prefix
絵巻,薪,emaki,maki,insertion
獲物,鋳物,emono,imono,substitution
獲物,物,emono,mono,insertion
獲物,大物,emono,omono,substitution
円盤,演壇,enban,endan,substitution
円盤,沿岸,enban,engan,substitution
円盤,円満,enban,enman,substitution
円盤,塩酸,enban,ensan,substitution
円盤,演算,enban,enzan,substitution
園長,円柱,encho,enchu,last_char_differs
園長,院長,encho,incho,substitution
円柱,円周,enchu,enshu,substitution
円柱,御中,enchu,onchu,substitution
縁台,演壇,endai,endan,last_char_differs
縁台,沿海,endai,enkai,substitution
演壇,塩田,endan,enden,substitution
演壇,沿岸,endan,engan,substitution
演壇,円満,endan,enman,substitution
演壇,塩酸,endan,ensan,substitution
演壇,演算,endan,enzan,substitution
演壇,温暖,endan,ondan,substitution
塩田,沿線,enden,ensen,substitution
豌豆,県道,endo,kendo,insertion
豌豆,面倒,endo,mendo,insertion
豌豆,粘土,endo,nendo,insertion
豌豆,船頭,endo,sendo,insertion
豌豆,全土,endo,zendo,insertion
遠泳,園芸,enei,engei,insertion
遠泳,円形,enei,enkei,insertion
遠泳,艶麗,enei,enrei,insertion
遠泳,遠征,enei,ensei,insertion
遠泳,前衛,enei,zenei,insertion
沿岸,援軍,engan,engun,substitution
沿岸,円満,engan,enman,substitution
沿岸,塩酸,engan,ensan,substitution
沿岸,演算,engan,enzan,substitution
園芸,縁起,engei,engi,insertion
園芸,円形,engei,enkei,substitution
園芸,艶麗,engei,enrei,substitution
園芸,遠征,engei,ensei,substitution
縁起,県議,engi,kengi,insertion
演者,編者,enja,henja,insertion
演者,賢者,enja,kenja,insertion
演者,選者,enja,senja,insertion
園児,円陣,enji,enjin,insertion
園児,源氏,enji,genji,insertion
園児,返事,enji,henji,insertion
園児,検事,enji,kenji,insertion
園児,点字,enji,tenji,insertion
園児,禅師,enji,zenji,insertion
円陣,恩人,enjin,onjin,substitution
演歌,沿海,enka,enkai,insertion
演歌,現下,enka,genka,insertion
演歌,県花,enka,kenka,insertion
演歌,綿花,enka,menka,insertion
演歌,恋歌,enka,renka,insertion
演歌,専科,enka,senka,insertion
演歌,天下,enka,tenka,insertion
演歌,全科,enka,zenka,insertion
沿海,円形,enkai,enkei,substitution
沿海,塩基,enkai,enki,insertion
沿海,音階,enkai,onkai,substitution
沿海,雲海,enkai,unkai,substitution
円形,塩基,enkei,enki,insertion
円形,艶麗,enkei,enrei,substitution
円形,遠征,enkei,ensei,substitution
円形,恩恵,enkei,onkei,substitution
塩基,元気,enki,genki,insertion
塩基,年季,enki,nenki,insertion
塩基,天気,enki,tenki,insertion
塩基,前期,enki,zenki,insertion
閻魔,円満,enma,enman,insertion
円満,塩酸,enman,ensan,substitution
円満,演算,enman,enzan,substitution
延繞,遠洋,ennyo,enyo,insertion
絵の具,農具,enogu,nogu,insertion
遠方,減法,enpo,genpo,insertion
遠方,健保,enpo,kenpo,insertion
遠方,年報,enpo,nenpo,insertion
遠方,連峰,enpo,renpo,insertion
遠方,先方,enpo,senpo,insertion
遠方,店舗,enpo,tenpo,insertion
遠方,前方,enpo,zenpo,insertion
艶麗,遠征,enrei,ensei,substitution
遠路,元老,enro,genro,insertion
遠路,遍路,enro,henro,insertion
遠路,線路,enro,senro,insertion
塩酸,沿線,ensan,ensen,substitution
塩酸,演算,ensan,enzan,substitution
塩酸,陰惨,ensan,insan,substitution
遠征,沿線,ensei,ensen,last_char_differs
遠征,円錐,ensei,ensui,substitution
遠征,院生,ensei,insei,substitution
遠征,音声,ensei,onsei,substitution
遠征,運勢,ensei,unsei,substitution
沿線,温泉,ensen,onsen,substitution
園舎,円周,ensha,enshu,last_char_differs
円周,因習,enshu,inshu,substitution
塩素,元素,enso,genso,insertion
塩素,返送,enso,henso,insertion
塩素,転送,enso,tenso,insertion
塩素,前奏,enso,zenso,insertion
円錐,延髄,ensui,enzui,substitution
円錐,温水,ensui,onsui,substitution
円錐,雲水,ensui,unsui,substitution
円筒,幻灯,ento,gento,insertion
円筒,拳闘,ento,kento,insertion
円筒,年頭,ento,nento,insertion
円筒,連投,ento,rento,insertion
円筒,先頭,ento,sento,insertion
円筒,店頭,ento,tento,insertion
円筒,全党,ento,zento,insertion
遠洋,兼用,enyo,kenyo,insertion
遠洋,綿羊,enyo,menyo,insertion
えら,選ぶ,era,erabu,prefix
偉い,家来,erai,kerai,insertion
絵師,夏至,eshi,geshi,insertion
絵師,芥子,eshi,keshi,insertion
絵師,飯,eshi,meshi,insertion
絵図,餌付け,ezu,ezuke,prefix
風合い,深井,fuai,fukai,insertion
風合い,夫妻,fuai,fusai,insertion
不安,普段,fuan,fudan,insertion
不安,不満,fuan,fuman,insertion
不便,不憫,fuben,fubin,substitution
不便,不変,fuben,fuhen,substitution
不便,府県,fuben,fuken,substitution
不便,譜面,fuben,fumen,substitution
不便,噴煙,fuben,funen,substitution
不便,風船,fuben,fusen,substitution
不便,風前,fuben,fuzen,substitution
不便,雄弁,fuben,yuben,substitution
不備,不憫,fubi,fubin,insertion
不憫,封印,fubin,fuin,insertion
不憫,風神,fubin,fujin,substitution
不憫,布巾,fubin,fukin,substitution
不憫,風鈴,fubin,furin,substitution
不憫,郵便,fubin,yubin,substitution
淵,婦長,fuchi,fucho,last_char_differs
淵,節,fuchi,fushi,substitution
淵,口,fuchi,kuchi,substitution
淵,鞭,fuchi,muchi,substitution
淵,内,fuchi,uchi,insertion
婦長,訃報,fucho,fuho,insertion
婦長,封書,fucho,fusho,substitution
婦長,空調,fucho,kucho,substitution
婦長,悠長,fucho,yucho,substitution
札,普段,fuda,fudan,insertion
普段,不満,fudan,fuman,substitution
普段,勇断,fudan,yudan,substitution
不同,分銅,fudo,fundo,insertion
笛,増える,fue,fueru,prefix
増える,振る,fueru,furu,insertion
増える,据える,fueru,sueru,substitution
増える,植える,fueru,ueru,insertion
富豪,鞴,fugo,fuigo,insertion
不変,府県,fuhen,fuken,substitution
不変,譜面,fuhen,fumen,substitution
不変,噴煙,fuhen,funen,substitution
不変,風船,fuhen,fusen,substitution
不変,風前,fuhen,fuzen,substitution
不変,右辺,fuhen,uhen,insertion
訃報,封書,fuho,fusho,insertion
不意,鞴,fui,fuigo,prefix
鞴,類語,fuigo,ruigo,substitution
鞴,水郷,fuigo,suigo,substitution
封印,風神,fuin,fujin,insertion
封印,布巾,fuin,fukin,insertion
封印,風鈴,fuin,furin,insertion
藤,風神,fuji,fujin,insertion
風神,不純,fujin,fujun,substitution
風神,布巾,fujin,fukin,substitution
風神,風鈴,fujin,furin,substitution
風神,無人,fujin,mujin,substitution
風神,友人,fujin,yujin,substitution
不純,従順,fujun,jujun,substitution
不純,矛盾,fujun,mujun,substitution
鱶,深井,fuka,fukai,insertion
深井,婦警,fukai,fukei,substitution
深井,蕗,fukai,fuki,insertion
深井,夫妻,fukai,fusai,substitution
深井,樹海,fukai,jukai,substitution
深井,苦海,fukai,kukai,substitution
深井,鵜飼い,fukai,ukai,insertion
深井,融解,fukai,yukai,substitution
深井,図解,fukai,zukai,substitution
雲脂,婦警,fuke,fukei,insertion
雲脂,府県,fuke,fuken,insertion
婦警,府県,fukei,fuken,last_char_differs
婦警,蕗,fukei,fuki,insertion
婦警,不明,fukei,fumei,substitution
婦警,不整,fukei,fusei,substitution
婦警,不定,fukei,futei,substitution
婦警,矩形,fukei,kukei,substitution
婦警,図形,fukei,zukei,substitution
府県,布巾,fuken,fukin,substitution
府県,譜面,fuken,fumen,substitution
府県,噴煙,fuken,funen,substitution
府県,風船,fuken,fusen,substitution
府県,風前,fuken,fuzen,substitution
府県,受験,fuken,juken,substitution
蕗,布巾,fuki,fukin,insertion
布巾,風鈴,fukin,furin,substitution
布巾,頭巾,fukin,zukin,substitution
腹腔,不幸,fukko,fuko,insertion
腹腔,布教,fukko,fukyo,substitution
不幸,布教,fuko,fukyo,insertion
服,衣服,fuku,ifuku,insertion
服,往復,fuku,ofuku,insertion
布教,不良,fukyo,furyo,substitution
布教,芙蓉,fukyo,fuyo,insertion
布教,住居,fukyo,jukyo,substitution
布教,空虚,fukyo,kukyo,substitution
布教,遊興,fukyo,yukyo,substitution
不満,譜面,fuman,fumen,substitution
不満,風紋,fuman,fumon,substitution
不明,譜面,fumei,fumen,last_char_differs
不明,風味,fumei,fumi,insertion
不明,不整,fumei,fusei,substitution
不明,不定,fumei,futei,substitution
不明,無名,fumei,mumei,substitution
不明,有名,fumei,yumei,substitution
譜面,風紋,fumen,fumon,substitution
譜面,噴煙,fumen,funen,substitution
譜面,風船,fumen,fusen,substitution
譜面,風前,fumen,fuzen,substitution
譜面,図面,fumen,zumen,substitution
風味,踏み絵,fumi,fumie,insertion
踏み絵,墨絵,fumie,sumie,substitution
不毛,風紋,fumo,fumon,insertion
風紋,不穏,fumon,fuon,insertion
風紋,布団,fumon,futon,substitution
風紋,呪文,fumon,jumon,substitution
不運,分銅,fun,fundo,prefix
不運,噴煙,fun,funen,prefix
分銅,不能,fundo,funo,insertion
分銅,運動,fundo,undo,insertion
船,噴煙,fune,funen,insertion
噴煙,風船,funen,fusen,substitution
噴煙,風前,funen,fuzen,substitution
噴煙,巡演,funen,junen,substitution
噴煙,無念,funen,munen,substitution
不穏,布団,fuon,futon,insertion
不利,風鈴,furi,furin,insertion
不利,古井,furi,furui,insertion
風鈴,従輪,furin,jurin,substitution
風呂,不良,furo,furyo,insertion
振る,古井,furu,furui,insertion
振る,奮う,furu,furuu,insertion
振る,風流,furu,furyu,insertion
古井,奮う,furui,furuu,last_char_differs
古井,無類,furui,murui,substitution
古井,ぬるい,furui,nurui,substitution
古井,緩い,furui,yurui,substitution
古井,ずるい,furui,zurui,substitution
奮う,風流,furuu,furyu,substitution
不良,風流,furyo,furyu,last_char_differs
不良,芙蓉,furyo,fuyo,insertion
不良,遊漁,furyo,yuryo,substitution
風流,冬,furyu,fuyu,insertion
房,夫妻,fusa,fusai,insertion
房,風車,fusa,fusha,insertion
夫妻,不整,fusai,fusei,substitution
夫妻,節,fusai,fushi,substitution
夫妻,油彩,fusai,yusai,substitution
布施,不整,fuse,fusei,insertion
布施,風船,fuse,fusen,insertion
布施,御布施,fuse,ofuse,insertion
不整,風船,fusei,fusen,last_char_differs
不整,節,fusei,fushi,substitution
不整,不定,fusei,futei,substitution
不整,遊星,fusei,yusei,substitution
風船,風前,fusen,fuzen,substitution
風船,無線,fusen,musen,substitution
風船,郵船,fusen,yusen,substitution
風車,節,fusha,fushi,last_char_differs
風車,封書,fusha,fusho,last_char_differs
風車,風習,fusha,fushu,last_char_differs
風車,従者,fusha,jusha,substitution
風車,空車,fusha,kusha,substitution
風車,武者,fusha,musha,substitution
風車,勇者,fusha,yusha,substitution
節,封書,fushi,fusho,last_char_differs
節,風習,fushi,fushu,last_char_differs
節,樹脂,fushi,jushi,substitution
節,串,fushi,kushi,substitution
節,虫,fushi,mushi,substitution
節,主,fushi,nushi,substitution
節,鮨,fushi,sushi,substitution
節,牛,fushi,ushi,insertion
節,油脂,fushi,yushi,substitution
節,厨子,fushi,zushi,substitution
封書,風習,fusho,fushu,last_char_differs
封書,父祖,fusho,fuso,insertion
封書,弗素,fusho,fusso,substitution
封書,住所,fusho,jusho,substitution
封書,優勝,fusho,yusho,substitution
風習,負数,fushu,fusu,insertion
風習,句集,fushu,kushu,substitution
風習,優秀,fushu,yushu,substitution
父祖,弗素,fuso,fusso,insertion
負数,普通,fusu,futsu,insertion
不定,太い,futei,futoi,substitution
封筒,太い,futo,futoi,insertion
封筒,布団,futo,futon,insertion
封筒,沸騰,futo,futto,insertion
太い,布団,futoi,futon,last_char_differs
太い,疎い,futoi,utoi,insertion
普通,靴,futsu,kutsu,substitution
普通,打つ,futsu,utsu,insertion
普通,憂鬱,futsu,yutsu,substitution
風前,偶然,fuzen,guzen,substitution
風前,十全,fuzen,juzen,substitution
風前,友禅,fuzen,yuzen,substitution
画鋲,外洋,gabyo,gaiyo,substitution
がちょう,画報,gacho,gaho,insertion
がちょう,画商,gacho,gasho,substitution
がちょう,毬杖,gacho,gicho,substitution
がちょう,伍長,gacho,gocho,substitution
がちょう,家長,gacho,kacho,substitution
がちょう,野鳥,gacho,yacho,substitution
がちょう,座長,gacho,zacho,substitution
画題,画壇,gadai,gadan,last_char_differs
画題,画材,gadai,gazai,substitution
画題,課題,gadai,kadai,substitution
画題,真鯛,gadai,madai,substitution
画題,多大,gadai,tadai,substitution
画題,話題,gadai,wadai,substitution
画壇,伽藍,gadan,garan,substitution
画壇,下段,gadan,gedan,substitution
画壇,花壇,gadan,kadan,substitution
画壇,座談,gadan,zadan,substitution
画報,画商,gaho,gasho,insertion
外部,廃部,gaibu,haibu,substitution
外部,退部,gaibu,taibu,substitution
外苑,画面,gaien,gamen,substitution
外苑,岩塩,gaien,ganen,substitution
外苑,排煙,gaien,haien,substitution
外苑,開演,gaien,kaien,substitution
外苑,内縁,gaien,naien,substitution
外苑,菜園,gaien,saien,substitution
外貨,外気,gaika,gaiki,last_char_differs
外貨,外航,gaika,gaiko,last_char_differs
外貨,外野,gaika,gaiya,substitution
外貨,画家,gaika,gaka,insertion
外貨,学科,gaika,gakka,substitution
外貨,眼下,gaika,ganka,substitution
外貨,配下,gaika,haika,substitution
外貨,階下,gaika,kaika,substitution
外貨,来夏,gaika,raika,substitution
外貨,大家,gaika,taika,substitution
外気,外航,gaiki,gaiko,last_char_differs
外気,餓鬼,gaiki,gaki,insertion
外気,学期,gaiki,gakki,substitution
外気,排気,gaiki,haiki,substitution
外気,会期,gaiki,kaiki,substitution
外気,来期,gaiki,raiki,substitution
外気,祭器,gaiki,saiki,substitution
外気,大気,gaiki,taiki,substitution
外航,街路,gaiko,gairo,substitution
外航,外装,gaiko,gaiso,substitution
外航,外套,gaiko,gaito,substitution
外航,外洋,gaiko,gaiyo,substitution
外航,学校,gaiko,gakko,substitution
外航,頑固,gaiko,ganko,substitution
外航,芸子,gaiko,geiko,substitution
外航,技巧,gaiko,giko,insertion
外航,廃校,gaiko,haiko,substitution
外航,蚕,gaiko,kaiko,substitution
外航,舞子,gaiko,maiko,substitution
外航,来航,gaiko,raiko,substitution
外航,最高,gaiko,saiko,substitution
外航,太古,gaiko,taiko,substitution
外航,在庫,gaiko,zaiko,substitution
街路,外装,gairo,gaiso,substitution
街路,外套,gairo,gaito,substitution
街路,外洋,gairo,gaiyo,substitution
街路,画廊,gairo,garo,insertion
街路,回路,gairo,kairo,substitution
街路,大老,gairo,tairo,substitution
街路,賄賂,gairo,wairo,substitution
外装,外套,gaiso,gaito,substitution
外装,外洋,gaiso,gaiyo,substitution
外装,元祖,gaiso,ganso,substitution
外装,合奏,gaiso,gasso,substitution
外装,海藻,gaiso,kaiso,substitution
外装,内装,gaiso,naiso,substitution
外装,大宗,gaiso,taiso,substitution
外套,外洋,gaito,gaiyo,substitution
外套,芸当,gaito,geito,substitution
外套,配当,gaito,haito,substitution
外套,会頭,gaito,kaito,substitution
外套,対等,gaito,taito,substitution
外野,外洋,gaiya,gaiyo,last_char_differs
外野,内野,gaiya,naiya,substitution
外洋,海洋,gaiyo,kaiyo,substitution
外洋,毎夜,gaiyo,maiyo,substitution
外洋,太陽,gaiyo,taiyo,substitution
牙城,頑丈,gajo,ganjo,insertion
画家,学科,gaka,gakka,insertion
画家,眼下,gaka,ganka,insertion
餓鬼,学期,gaki,gakki,insertion
餓鬼,学位,gaki,gakui,insertion
学科,学期,gakka,gakki,last_char_differs
学科,学校,gakka,gakko,last_char_differs
学科,学区,gakka,gakku,last_char_differs
学科,眼下,gakka,ganka,substitution
学科,月下,gakka,gekka,substitution
学科,閣下,gakka,kakka,substitution
学科,真っ赤,gakka,makka,substitution
学科,落下,gakka,rakka,substitution
学科,昨夏,gakka,sakka,substitution
学科,雑貨,gakka,zakka,substitution
学期,学校,gakki,gakko,last_char_differs
学期,学区,gakki,gakku,last_char_differs
学期,学位,gakki,gakui,substitution
学期,活気,gakki,kakki,substitution
学期,末期,gakki,makki,substitution
学期,躍起,gakki,yakki,substitution
学校,学区,gakko,gakku,last_char_differs
学校,頑固,gakko,ganko,substitution
学校,ごっこ,gakko,gokko,substitution
学校,発行,gakko,hakko,substitution
学校,郭公,gakko,kakko,substitution
学校,真っ向,gakko,makko,substitution
学区,萼,gakku,gaku,insertion
学区,作句,gakku,sakku,substitution
萼,学位,gaku,gakui,insertion
萼,逆,gaku,gyaku,insertion
萼,医学,gaku,igaku,insertion
学位,白衣,gakui,hakui,substitution
学位,各位,gakui,kakui,substitution
画面,岩塩,gamen,ganen,substitution
画面,仮面,gamen,kamen,substitution
画面,多面,gamen,tamen,substitution
雁,岩塩,gan,ganen,prefix
雁,雁木,gan,gangi,prefix
雁,玩具,gan,gangu,prefix
雁,頑丈,gan,ganjo,prefix
雁,眼下,gan,ganka,prefix
雁,頑固,gan,ganko,prefix
雁,元利,gan,ganri,prefix
雁,元祖,gan,ganso,prefix
岩塩,半円,ganen,hanen,substitution
岩塩,多年,ganen,tanen,substitution
雁木,玩具,gangi,gangu,last_char_differs
雁木,元利,gangi,ganri,substitution
雁木,版木,gangi,hangi,substitution
雁木,難儀,gangi,nangi,substitution
頑丈,頑固,ganjo,ganko,substitution
頑丈,元祖,ganjo,ganso,substitution
頑丈,吟醸,ganjo,ginjo,substitution
頑丈,冠状,ganjo,kanjo,substitution
頑丈,三女,ganjo,sanjo,substitution
頑丈,誕生,ganjo,tanjo,substitution
眼下,頑固,ganka,ganko,last_char_differs
眼下,現下,ganka,genka,substitution
眼下,銀貨,ganka,ginka,substitution
眼下,軍靴,ganka,gunka,substitution
眼下,山河,ganka,sanka,substitution
眼下,担架,ganka,tanka,substitution
頑固,元祖,ganko,ganso,substitution
頑固,銀行,ganko,ginko,substitution
頑固,軍港,ganko,gunko,substitution
頑固,判こ,ganko,hanko,substitution
頑固,刊行,ganko,kanko,substitution
頑固,軟膏,ganko,nanko,substitution
頑固,炭坑,ganko,tanko,substitution
元利,官吏,ganri,kanri,substitution
元祖,合奏,ganso,gasso,substitution
元祖,元素,ganso,genso,substitution
元祖,軍曹,ganso,gunso,substitution
元祖,帆走,ganso,hanso,substitution
元祖,間奏,ganso,kanso,substitution
元祖,酸素,ganso,sanso,substitution
元祖,炭素,ganso,tanso,substitution
柄,伽藍,gara,garan,insertion
柄,大柄,gara,ogara,insertion
画商,画集,gasho,gashu,last_char_differs
画商,合奏,gasho,gasso,substitution
画商,豪商,gasho,gosho,substitution
画商,華商,gasho,kasho,substitution
画商,査証,gasho,sasho,substitution
画集,歌手,gashu,kashu,substitution
画集,野手,gashu,yashu,substitution
合奏,滑走,gasso,kasso,substitution
合奏,雑草,gasso,zasso,substitution
側,小川,gawa,ogawa,insertion
画材,下剤,gazai,gezai,substitution
画材,家財,gazai,kazai,substitution
下段,下巻,gedan,gekan,substitution
下段,下山,gedan,gezan,substitution
芸,芸道,gei,geido,prefix
芸,芸風,gei,geifu,prefix
芸,芸子,gei,geiko,prefix
芸,芸能,gei,geino,prefix
芸,芸当,gei,geito,prefix
芸道,芸子,geido,geiko,substitution
芸道,芸能,geido,geino,substitution
芸道,芸当,geido,geito,substitution
芸道,軽度,geido,keido,substitution
芸道,冥土,geido,meido,substitution
芸道,青銅,geido,seido,substitution
芸道,程度,geido,teido,substitution
芸風,義父,geifu,gifu,insertion
芸風,政府,geifu,seifu,substitution
芸子,芸能,geiko,geino,substitution
芸子,芸当,geiko,geito,substitution
芸子,下校,geiko,geko,insertion
芸子,技巧,geiko,giko,insertion
芸子,閉校,geiko,heiko,substitution
芸子,稽古,geiko,keiko,substitution
芸子,名工,geiko,meiko,substitution
芸子,精巧,geiko,seiko,substitution
芸能,芸当,geino,geito,substitution
芸当,幻灯,geito,gento,substitution
芸当,鶏頭,geito,keito,substitution
芸当,冷凍,geito,reito,substitution
芸当,生徒,geito,seito,substitution
芸当,帝都,geito,teito,substitution
下旬,手順,gejun,tejun,substitution
下界,下巻,gekai,gekan,last_char_differs
下界,劇,gekai,geki,insertion
下界,下剤,gekai,gezai,substitution
下界,議会,gekai,gikai,substitution
下界,豪快,gekai,gokai,substitution
下界,世界,gekai,sekai,substitution
下巻,下山,gekan,gezan,substitution
下巻,技官,gekan,gikan,substitution
下巻,五官,gekan,gokan,substitution
劇,元気,geki,genki,insertion
月下,現下,gekka,genka,substitution
月下,結果,gekka,kekka,substitution
現場,原簿,genba,genbo,last_char_differs
現場,原画,genba,genga,substitution
現場,現下,genba,genka,substitution
現場,原野,genba,genya,substitution
現場,軍馬,genba,gunba,substitution
現場,天馬,genba,tenba,substitution
原簿,減法,genbo,genpo,substitution
原簿,元老,genbo,genro,substitution
原簿,元素,genbo,genso,substitution
原簿,幻灯,genbo,gento,substitution
原簿,現像,genbo,genzo,substitution
原簿,賢母,genbo,kenbo,substitution
原簿,展望,genbo,tenbo,substitution
原画,現下,genga,genka,substitution
原画,原野,genga,genya,substitution
原画,銀河,genga,ginga,substitution
原画,年賀,genga,nenga,substitution
原画,煉瓦,genga,renga,substitution
源氏,厳重,genji,genju,last_char_differs
源氏,元気,genji,genki,substitution
源氏,返事,genji,henji,substitution
源氏,検事,genji,kenji,substitution
源氏,点字,genji,tenji,substitution
源氏,禅師,genji,zenji,substitution
厳重,原油,genju,genyu,substitution
厳重,原図,genju,genzu,substitution
厳重,年中,genju,nenju,substitution
厳重,千手,genju,senju,substitution
厳重,天寿,genju,tenju,substitution
現下,元気,genka,genki,last_char_differs
現下,原野,genka,genya,substitution
現下,銀貨,genka,ginka,substitution
現下,軍靴,genka,gunka,substitution
現下,県花,genka,kenka,substitution
現下,綿花,genka,menka,substitution
現下,恋歌,genka,renka,substitution
現下,専科,genka,senka,substitution
現下,天下,genka,tenka,substitution
現下,全科,genka,zenka,substitution
元気,軍旗,genki,gunki,substitution
元気,年季,genki,nenki,substitution
元気,天気,genki,tenki,substitution
元気,前期,genki,zenki,substitution
減法,元老,genpo,genro,substitution
減法,元素,genpo,genso,substitution
減法,幻灯,genpo,gento,substitution
減法,現像,genpo,genzo,substitution
減法,健保,genpo,kenpo,substitution
減法,年報,genpo,nenpo,substitution
減法,連峰,genpo,renpo,substitution
減法,先方,genpo,senpo,substitution
減法,店舗,genpo,tenpo,substitution
減法,前方,genpo,zenpo,substitution
元老,元素,genro,genso,substitution
元老,幻灯,genro,gento,substitution
元老,現像,genro,genzo,substitution
元老,遍路,genro,henro,substitution
元老,線路,genro,senro,substitution
現世,元素,gense,genso,last_char_differs
現世,前世,gense,zense,substitution
元素,幻灯,genso,gento,substitution
元素,現像,genso,genzo,substitution
元素,軍曹,genso,gunso,substitution
元素,返送,genso,henso,substitution
元素,転送,genso,tenso,substitution
元素,前奏,genso,zenso,substitution
幻灯,現像,gento,genzo,substitution
幻灯,群島,gento,gunto,substitution
幻灯,拳闘,gento,kento,substitution
幻灯,年頭,gento,nento,substitution
幻灯,連投,gento,rento,substitution
幻灯,先頭,gento,sento,substitution
幻灯,店頭,gento,tento,substitution
幻灯,全党,gento,zento,substitution
原野,原油,genya,genyu,last_char_differs
原野,連夜,genya,renya,substitution
原野,前夜,genya,zenya,substitution
原油,原図,genyu,genzu,substitution
原油,吟遊,genyu,ginyu,substitution
原油,群雄,genyu,gunyu,substitution
現像,原図,genzo,genzu,last_char_differs
現像,先祖,genzo,senzo,substitution
月賦,熱風,geppu,neppu,substitution
下船,合繊,gesen,gosen,substitution
下車,夏至,gesha,geshi,last_char_differs
夏至,下水,geshi,gesui,substitution
夏至,技師,geshi,gishi,substitution
夏至,合祀,geshi,goshi,substitution
夏至,芥子,geshi,keshi,substitution
夏至,飯,geshi,meshi,substitution
下剤,下山,gezai,gezan,last_char_differs
毬杖,伍長,gicho,gocho,substitution
毬杖,銀杏,gicho,icho,insertion
毬杖,次長,gicho,jicho,substitution
毬杖,機長,gicho,kicho,substitution
技芸,義兄,gigei,gikei,substitution
技芸,儀礼,gigei,girei,substitution
技芸,義弟,gigei,gitei,substitution
犠飛,技師,gihi,gishi,insertion
議場,吟醸,gijo,ginjo,insertion
議会,技官,gikai,gikan,last_char_differs
議会,義兄,gikai,gikei,substitution
議会,義妹,gikai,gimai,substitution
議会,豪快,gikai,gokai,substitution
議会,次回,gikai,jikai,substitution
議会,器械,gikai,kikai,substitution
議会,理解,gikai,rikai,substitution
技官,五官,gikan,gokan,substitution
技官,避寒,gikan,hikan,substitution
技官,遺憾,gikan,ikan,insertion
技官,時間,gikan,jikan,substitution
技官,期間,gikan,kikan,substitution
技官,蜜柑,gikan,mikan,substitution
義兄,儀礼,gikei,girei,substitution
義兄,義弟,gikei,gitei,substitution
義兄,次兄,gikei,jikei,substitution
義兄,理系,gikei,rikei,substitution
技巧,銀行,giko,ginko,insertion
義妹,じまい,gimai,jimai,substitution
義妹,見舞,gimai,mimai,substitution
銀,銀河,gin,ginga,prefix
銀,吟醸,gin,ginjo,prefix
銀,銀貨,gin,ginka,prefix
銀,銀行,gin,ginko,prefix
銀,吟遊,gin,ginyu,prefix
銀河,銀貨,ginga,ginka,substitution
銀河,因果,ginga,inga,insertion
吟醸,銀行,ginjo,ginko,substitution
吟醸,尋常,ginjo,jinjo,substitution
吟醸,近所,ginjo,kinjo,substitution
吟醸,人情,ginjo,ninjo,substitution
銀貨,銀行,ginka,ginko,last_char_differs
銀貨,軍靴,ginka,gunka,substitution
銀貨,人家,ginka,jinka,substitution
銀貨,金貨,ginka,kinka,substitution
銀貨,民家,ginka,minka,substitution
銀貨,隣家,ginka,rinka,substitution
銀行,軍港,ginko,gunko,substitution
銀行,鸚哥,ginko,inko,insertion
銀行,金鉱,ginko,kinko,substitution
吟遊,群雄,ginyu,gunyu,substitution
吟遊,離乳,ginyu,rinyu,substitution
儀礼,義弟,girei,gitei,substitution
儀礼,慰霊,girei,irei,insertion
儀礼,綺麗,girei,kirei,substitution
技師,合祀,gishi,goshi,substitution
技師,皮脂,gishi,hishi,substitution
技師,石,gishi,ishi,insertion
技師,次姉,gishi,jishi,substitution
技師,岸,gishi,kishi,substitution
技師,西,gishi,nishi,substitution
技師,利子,gishi,rishi,substitution
義弟,儀典,gitei,giten,last_char_differs
義弟,豪邸,gitei,gotei,substitution
義弟,未定,gitei,mitei,substitution
儀典,御殿,giten,goten,substitution
儀典,飛天,giten,hiten,substitution
儀典,時点,giten,jiten,substitution
儀典,基点,giten,kiten,substitution
碁盤,御飯,goban,gohan,substitution
碁盤,五官,goban,gokan,substitution
碁盤,傲慢,goban,goman,substitution
碁盤,序盤,goban,joban,substitution
碁盤,鋼板,goban,koban,substitution
碁盤,路盤,goban,roban,substitution
碁盤,早晩,goban,soban,substitution
碁盤,当番,goban,toban,substitution
伍長,語法,gocho,goho,insertion
伍長,豪商,gocho,gosho,substitution
伍長,庖丁,gocho,hocho,substitution
伍長,校長,gocho,kocho,substitution
伍長,王朝,gocho,ocho,insertion
伍長,早朝,gocho,socho,substitution
伍長,都庁,gocho,tocho,substitution
伍長,幼鳥,gocho,yocho,substitution
護符,漁夫,gofu,gyofu,insertion
号外,豪快,gogai,gokai,substitution
号外,後妻,gogai,gosai,substitution
号外,法外,gogai,hogai,substitution
号外,郊外,gogai,kogai,substitution
号外,野飼い,gogai,nogai,substitution
号外,大貝,gogai,ogai,insertion
号外,要害,gogai,yogai,substitution
御飯,五官,gohan,gokan,substitution
御飯,傲慢,gohan,goman,substitution
御飯,湖畔,gohan,kohan,substitution
御飯,模範,gohan,mohan,substitution
合否,合祀,gohi,goshi,insertion
語法,豪商,goho,gosho,insertion
強引,合金,goin,gokin,insertion
強引,五輪,goin,gorin,insertion
強情,漁場,gojo,gyojo,insertion
豪華,豪快,goka,gokai,insertion
豪華,五官,goka,gokan,insertion
豪快,五官,gokai,gokan,last_char_differs
豪快,後妻,gokai,gosai,substitution
豪快,公海,gokai,kokai,substitution
豪快,壮快,gokai,sokai,substitution
豪快,都会,gokai,tokai,substitution
豪快,妖怪,gokai,yokai,substitution
五官,合金,gokan,gokin,substitution
五官,傲慢,gokan,goman,substitution
五官,上官,gokan,jokan,substitution
五官,公館,gokan,kokan,substitution
五官,脳幹,gokan,nokan,substitution
五官,王冠,gokan,okan,insertion
五官,総監,gokan,sokan,substitution
五官,投函,gokan,tokan,substitution
五官,羊羮,gokan,yokan,substitution
五官,増刊,gokan,zokan,substitution
合金,五輪,gokin,gorin,substitution
合金,公金,gokin,kokin,substitution
合金,預金,gokin,yokin,substitution
合金,雑巾,gokin,zokin,substitution
ごっこ,国庫,gokko,kokko,substitution
ごっこ,側溝,gokko,sokko,substitution
ごっこ,特効,gokko,tokko,substitution
ごっこ,続行,gokko,zokko,substitution
号泣,俸給,gokyu,hokyu,substitution
号泣,好球,gokyu,kokyu,substitution
号泣,王宮,gokyu,okyu,insertion
号泣,送球,gokyu,sokyu,substitution
号泣,投球,gokyu,tokyu,substitution
号泣,洋弓,gokyu,yokyu,substitution
胡麻,傲慢,goma,goman,insertion
傲慢,放漫,goman,homan,substitution
傲慢,高慢,goman,koman,substitution
呉音,権化,gon,gonge,prefix
五輪,後輪,gorin,korin,substitution
御陵,捕虜,goryo,horyo,substitution
御陵,香料,goryo,koryo,substitution
御陵,納涼,goryo,noryo,substitution
御陵,僧侶,goryo,soryo,substitution
御陵,棟梁,goryo,toryo,substitution
御陵,要領,goryo,yoryo,substitution
後妻,碁聖,gosai,gosei,substitution
後妻,合祀,gosai,goshi,substitution
後妻,高裁,gosai,kosai,substitution
後妻,総裁,gosai,sosai,substitution
後妻,要塞,gosai,yosai,substitution
碁聖,合繊,gosei,gosen,last_char_differs
碁聖,合祀,gosei,goshi,substitution
碁聖,豪邸,gosei,gotei,substitution
碁聖,女婿,gosei,josei,substitution
碁聖,恒星,gosei,kosei,substitution
碁聖,旺盛,gosei,osei,insertion
碁聖,早世,gosei,sosei,substitution
碁聖,妖精,gosei,yosei,substitution
合繊,御殿,gosen,goten,substitution
合繊,午前,gosen,gozen,substitution
合繊,保線,gosen,hosen,substitution
合繊,乗船,gosen,josen,substitution
合繊,鉱泉,gosen,kosen,substitution
合繊,毛氈,gosen,mosen,substitution
合繊,路線,gosen,rosen,substitution
合繊,祖先,gosen,sosen,substitution
合繊,当選,gosen,tosen,substitution
合繊,予選,gosen,yosen,substitution
合祀,豪商,goshi,gosho,last_char_differs
合祀,星,goshi,hoshi,substitution
合祀,上司,goshi,joshi,substitution
合祀,輿,goshi,koshi,substitution
合祀,模試,goshi,moshi,substitution
合祀,熨斗,goshi,noshi,substitution
合祀,牡牛,goshi,oshi,insertion
合祀,ろ紙,goshi,roshi,substitution
合祀,素子,goshi,soshi,substitution
合祀,年,goshi,toshi,substitution
合祀,洋紙,goshi,yoshi,substitution
豪商,序章,gosho,josho,substitution
豪商,鉱床,gosho,kosho,substitution
豪商,猛暑,gosho,mosho,substitution
豪商,王将,gosho,osho,insertion
豪商,叢書,gosho,sosho,substitution
豪商,島嶼,gosho,tosho,substitution
豪商,洋書,gosho,yosho,substitution
豪商,蔵書,gosho,zosho,substitution
後手,豪邸,gote,gotei,insertion
後手,御殿,gote,goten,insertion
豪邸,御殿,gotei,goten,last_char_differs
豪邸,法廷,gotei,hotei,substitution
豪邸,女帝,gotei,jotei,substitution
豪邸,湖底,gotei,kotei,substitution
豪邸,漕艇,gotei,sotei,substitution
豪邸,徒弟,gotei,totei,substitution
豪邸,予定,gotei,yotei,substitution
御殿,午前,goten,gozen,substitution
御殿,後転,goten,koten,substitution
御殿,野天,goten,noten,substitution
御殿,露店,goten,roten,substitution
御殿,当店,goten,toten,substitution
御殿,要点,goten,yoten,substitution
茣蓙,餃子,goza,gyoza,insertion
午前,偶然,gozen,guzen,substitution
午前,当然,gozen,tozen,substitution
軍馬,軍部,gunba,gunbu,last_char_differs
軍馬,軍靴,gunba,gunka,substitution
軍部,群雄,gunbu,gunyu,substitution
軍医,軍旗,guni,gunki,insertion
軍靴,軍旗,gunka,gunki,last_char_differs
軍靴,軍港,gunka,gunko,last_char_differs
軍旗,軍港,gunki,gunko,last_char_differs
軍港,軍曹,gunko,gunso,substitution
軍港,群島,gunko,gunto,substitution
軍港,うんこ,gunko,unko,insertion
軍曹,群島,gunso,gunto,substitution
軍曹,運送,gunso,unso,insertion
軍手,群島,gunte,gunto,last_char_differs
群島,順当,gunto,junto,substitution
群雄,授乳,gunyu,junyu,substitution
群雄,運輸,gunyu,unyu,insertion
偶然,十全,guzen,juzen,substitution
偶然,友禅,guzen,yuzen,substitution
逆,医薬,gyaku,iyaku,substitution
逆,客,gyaku,kyaku,substitution
逆,葯,gyaku,yaku,insertion
漁場,行者,gyoba,gyoja,substitution
漁場,餃子,gyoba,gyoza,substitution
魚影,御苑,gyoei,gyoen,last_char_differs
魚影,行儀,gyoei,gyogi,substitution
魚影,行司,gyoei,gyoji,substitution
魚影,競泳,gyoei,kyoei,substitution
御苑,饗宴,gyoen,kyoen,substitution
漁夫,漁具,gyofu,gyogu,substitution
漁夫,京風,gyofu,kyofu,substitution
漁夫,養父,gyofu,yofu,insertion
行儀,漁具,gyogi,gyogu,last_char_differs
行儀,行司,gyogi,gyoji,substitution
行儀,教義,gyogi,kyogi,substitution
漁具,表具,gyogu,hyogu,substitution
漁具,泳ぐ,gyogu,oyogu,substitution
漁具,用具,gyogu,yogu,insertion
行者,行司,gyoja,gyoji,last_char_differs
行者,漁場,gyoja,gyojo,last_char_differs
行者,餃子,gyoja,gyoza,substitution
行司,漁場,gyoji,gyojo,last_char_differs
行司,名字,gyoji,myoji,substitution
行司,領事,gyoji,ryoji,substitution
行司,幼時,gyoji,yoji,insertion
漁場,漁港,gyojo,gyoko,substitution
漁場,漁網,gyojo,gyomo,substitution
漁場,氷上,gyojo,hyojo,substitution
漁場,橋上,gyojo,kyojo,substitution
漁場,明星,gyojo,myojo,substitution
漁場,旅情,gyojo,ryojo,substitution
漁場,幼女,gyojo,yojo,insertion
漁港,漁網,gyoko,gyomo,substitution
漁港,強硬,gyoko,kyoko,substitution
漁港,良港,gyoko,ryoko,substitution
漁港,横,gyoko,yoko,insertion
漁網,羊毛,gyomo,yomo,insertion
牛刀,給湯,gyuto,kyuto,substitution
牛刀,入湯,gyuto,nyuto,substitution
牛刀,友党,gyuto,yuto,insertion
幅,大幅,haba,ohaba,insertion
幅,娑婆,haba,shaba,insertion
波布,廃部,habu,haibu,insertion
蜂,橋,hachi,hashi,substitution
蜂,価値,hachi,kachi,substitution
蜂,町,hachi,machi,substitution
蜂,太刀,hachi,tachi,substitution
肌,はんだ,hada,handa,insertion
蠅,映える,hae,haeru,prefix
映える,入る,haeru,hairu,substitution
映える,春,haeru,haru,insertion
映える,減る,haeru,heru,insertion
映える,冷える,haeru,hieru,substitution
映える,吠える,haeru,hoeru,substitution
映える,蛙,haeru,kaeru,substitution
映える,萎える,haeru,naeru,substitution
映える,冴える,haeru,saeru,substitution
映える,堪える,haeru,taeru,substitution
萩,版木,hagi,hangi,insertion
萩,御萩,hagi,ohagi,insertion
剥ぐ,配偶,hagu,haigu,insertion
母,覇者,haha,hasha,insertion
破片,排煙,hahen,haien,substitution
破片,半円,hahen,hanen,substitution
破片,日偏,hahen,hihen,substitution
破片,可変,hahen,kahen,substitution
破片,左辺,hahen,sahen,substitution
灰,廃部,hai,haibu,prefix
灰,排煙,hai,haien,prefix
灰,胚芽,hai,haiga,prefix
灰,背後,hai,haigo,prefix
灰,配偶,hai,haigu,prefix
灰,敗因,hai,haiin,prefix
灰,廃寺,hai,haiji,prefix
灰,配下,hai,haika,prefix
灰,排気,hai,haiki,prefix
灰,廃校,hai,haiko,prefix
灰,俳句,hai,haiku,prefix
灰,入る,hai,hairu,prefix
灰,配当,hai,haito,prefix
灰,俳優,hai,haiyu,prefix
灰,肺臓,hai,haizo,prefix
廃部,配偶,haibu,haigu,substitution
廃部,俳句,haibu,haiku,substitution
廃部,入る,haibu,hairu,substitution
廃部,俳優,haibu,haiyu,substitution
廃部,日歩,haibu,hibu,insertion
廃部,退部,haibu,taibu,substitution
排煙,敗因,haien,haiin,substitution
排煙,半円,haien,hanen,substitution
排煙,閉園,haien,heien,substitution
排煙,開演,haien,kaien,substitution
排煙,内縁,haien,naien,substitution
排煙,菜園,haien,saien,substitution
胚芽,背後,haiga,haigo,last_char_differs
胚芽,配偶,haiga,haigu,last_char_differs
胚芽,配下,haiga,haika,substitution
胚芽,版画,haiga,hanga,substitution
胚芽,彼我,haiga,higa,insertion
胚芽,絵画,haiga,kaiga,substitution
胚芽,大河,haiga,taiga,substitution
背後,配偶,haigo,haigu,last_char_differs
背後,廃校,haigo,haiko,substitution
背後,配当,haigo,haito,substitution
背後,肺臓,haigo,haizo,substitution
背後,飯盒,haigo,hango,substitution
背後,介護,haigo,kaigo,substitution
背後,迷子,haigo,maigo,substitution
背後,最期,haigo,saigo,substitution
配偶,俳句,haigu,haiku,substitution
配偶,入る,haigu,hairu,substitution
配偶,俳優,haigu,haiyu,substitution
敗因,会員,haiin,kaiin,substitution
敗因,隊員,haiin,taiin,substitution
廃寺,排気,haiji,haiki,substitution
廃寺,恥,haiji,haji,insertion
廃寺,判事,haiji,hanji,substitution
廃寺,平時,haiji,heiji,substitution
廃寺,肘,haiji,hiji,insertion
廃寺,毎時,haiji,maiji,substitution
廃寺,内耳,haiji,naiji,substitution
廃寺,歳時,haiji,saiji,substitution
配下,排気,haika,haiki,last_char_differs
配下,廃校,haika,haiko,last_char_differs
配下,俳句,haika,haiku,last_char_differs
配下,陛下,haika,heika,substitution
配下,皮下,haika,hika,insertion
配下,階下,haika,kaika,substitution
配下,来夏,haika,raika,substitution
配下,大家,haika,taika,substitution
排気,廃校,haiki,haiko,last_char_differs
排気,俳句,haiki,haiku,last_char_differs
排気,半期,haiki,hanki,substitution
排気,平気,haiki,heiki,substitution
排気,ひいき,haiki,hiiki,substitution
排気,会期,haiki,kaiki,substitution
排気,来期,haiki,raiki,substitution
排気,祭器,haiki,saiki,substitution
排気,大気,haiki,taiki,substitution
廃校,俳句,haiko,haiku,last_char_differs
廃校,配当,haiko,haito,substitution
廃校,肺臓,haiko,haizo,substitution
廃校,発行,haiko,hakko,substitution
廃校,箱,haiko,hako,insertion
廃校,判こ,haiko,hanko,substitution
廃校,閉校,haiko,heiko,substitution
廃校,蚕,haiko,kaiko,substitution
廃校,舞子,haiko,maiko,substitution
廃校,来航,haiko,raiko,substitution
廃校,最高,haiko,saiko,substitution
廃校,太古,haiko,taiko,substitution
廃校,在庫,haiko,zaiko,substitution
俳句,入る,haiku,hairu,substitution
俳句,俳優,haiku,haiyu,substitution
俳句,箔,haiku,haku,insertion
俳句,引く,haiku,hiku,insertion
俳句,保育,haiku,hoiku,substitution
入る,俳優,hairu,haiyu,substitution
入る,春,hairu,haru,insertion
入る,昼,hairu,hiru,insertion
入る,参る,hairu,mairu,substitution
配当,肺臓,haito,haizo,substitution
配当,半島,haito,hanto,substitution
配当,鳩,haito,hato,insertion
配当,人,haito,hito,insertion
配当,会頭,haito,kaito,substitution
配当,対等,haito,taito,substitution
俳優,毎夕,haiyu,maiyu,substitution
肺臓,内臓,haizo,naizo,substitution
恥,判事,haji,hanji,insertion
恥,社寺,haji,shaji,insertion
刷毛,波形,hake,hakei,insertion
波形,白衣,hakei,hakui,substitution
波形,方形,hakei,hokei,substitution
波形,家系,hakei,kakei,substitution
波形,夜景,hakei,yakei,substitution
発行,箱,hakko,hako,insertion
発行,判こ,hakko,hanko,substitution
発行,郭公,hakko,kakko,substitution
発行,真っ向,hakko,makko,substitution
箱,判こ,hako,hanko,insertion
箱,おはこ,hako,ohako,insertion
箱,車庫,hako,shako,insertion
箔,白衣,haku,hakui,insertion
箔,しゃく,haku,shaku,insertion
白衣,低い,hakui,hikui,substitution
白衣,各位,hakui,kakui,substitution
波紋,家紋,hamon,kamon,substitution
花,鼻緒,hana,hanao,insertion
花,はんだ,hana,handa,insertion
花,版画,hana,hanga,insertion
花,半端,hana,hanpa,insertion
鼻緒,飯盒,hanao,hango,substitution
鼻緒,判こ,hanao,hanko,substitution
鼻緒,帆走,hanao,hanso,substitution
鼻緒,半島,hanao,hanto,substitution
はんだ,版画,handa,hanga,substitution
はんだ,半端,handa,hanpa,substitution
はんだ,乱打,handa,randa,substitution
羽根,半円,hane,hanen,insertion
半円,芳年,hanen,honen,substitution
半円,多年,hanen,tanen,substitution
版画,版木,hanga,hangi,last_char_differs
版画,飯盒,hanga,hango,last_char_differs
版画,半端,hanga,hanpa,substitution
版画,漫画,hanga,manga,substitution
版木,飯盒,hangi,hango,last_char_differs
版木,範囲,hangi,hani,insertion
版木,判事,hangi,hanji,substitution
版木,半期,hangi,hanki,substitution
版木,半身,hangi,hanmi,substitution
版木,難儀,hangi,nangi,substitution
飯盒,判こ,hango,hanko,substitution
飯盒,帆走,hango,hanso,substitution
飯盒,半島,hango,hanto,substitution
飯盒,珊瑚,hango,sango,substitution
飯盒,端午,hango,tango,substitution
飯盒,塹壕,hango,zango,substitution
範囲,判事,hani,hanji,insertion
範囲,半期,hani,hanki,insertion
範囲,半身,hani,hanmi,insertion
判事,半期,hanji,hanki,substitution
判事,半身,hanji,hanmi,substitution
判事,返事,hanji,henji,substitution
判事,幹事,hanji,kanji,substitution
判事,卍,hanji,manji,substitution
判事,参事,hanji,sanji,substitution
半期,判こ,hanki,hanko,last_char_differs
半期,半身,hanki,hanmi,substitution
半期,本気,hanki,honki,substitution
半期,乾季,hanki,kanki,substitution
半期,満期,hanki,manki,substitution
半期,短期,hanki,tanki,substitution
判こ,帆走,hanko,hanso,substitution
判こ,半島,hanko,hanto,substitution
判こ,本校,hanko,honko,substitution
判こ,刊行,hanko,kanko,substitution
判こ,軟膏,hanko,nanko,substitution
判こ,炭坑,hanko,tanko,substitution
半身,酸味,hanmi,sanmi,substitution
半端,葉っぱ,hanpa,happa,substitution
半端,難破,hanpa,nanpa,substitution
帆走,半島,hanso,hanto,substitution
帆走,返送,hanso,henso,substitution
帆走,間奏,hanso,kanso,substitution
帆走,酸素,hanso,sanso,substitution
帆走,炭素,hanso,tanso,substitution
半島,鳩,hanto,hato,insertion
半島,本島,hanto,honto,substitution
半島,巻頭,hanto,kanto,substitution
半島,南東,hanto,nanto,substitution
半島,山頭,hanto,santo,substitution
半島,短刀,hanto,tanto,substitution
半島,残党,hanto,zanto,substitution
覇王,羽織,hao,haori,prefix
羽織,針,haori,hari,insertion
羽織,堀,haori,hori,insertion
葉っぱ,法被,happa,happi,last_char_differs
葉っぱ,八方,happa,happo,last_char_differs
葉っぱ,河童,happa,kappa,substitution
葉っぱ,菜っ葉,happa,nappa,substitution
葉っぱ,らっぱ,happa,rappa,substitution
法被,八方,happi,happo,last_char_differs
法被,雑費,happi,zappi,substitution
八方,北方,happo,hoppo,substitution
八方,割烹,happo,kappo,substitution
原,払う,hara,harau,insertion
原,沙羅,hara,shara,insertion
払う,春,harau,haru,insertion
払う,倣う,harau,narau,substitution
払う,さらう,harau,sarau,substitution
払う,笑う,harau,warau,substitution
覇者,橋,hasha,hashi,last_char_differs
覇者,飛車,hasha,hisha,substitution
覇者,貨車,hasha,kasha,substitution
覇者,他者,hasha,tasha,substitution
覇者,話者,hasha,washa,substitution
橋,皮脂,hashi,hishi,substitution
橋,星,hashi,hoshi,substitution
橋,樫,hashi,kashi,substitution
橋,増し,hashi,mashi,substitution
橋,梨,hashi,nashi,substitution
橋,鷲,hashi,washi,substitution
橋,椰子,hashi,yashi,substitution
蓮,初,hasu,hatsu,insertion
旗,破綻,hata,hatan,insertion
破綻,下端,hatan,katan,substitution
鳩,斜塔,hato,shato,insertion
初,勝つ,hatsu,katsu,substitution
初,松,hatsu,matsu,substitution
初,夏,hatsu,natsu,substitution
初,辰,hatsu,tatsu,substitution
初,奴,hatsu,yatsu,substitution
初,雑,hatsu,zatsu,substitution
塀,平安,hei,heian,prefix
塀,閉園,hei,heien,prefix
塀,平時,hei,heiji,prefix
塀,陛下,hei,heika,prefix
塀,平家,hei,heike,prefix
塀,平気,hei,heiki,prefix
塀,閉校,hei,heiko,prefix
塀,平穏,hei,heion,prefix
塀,並走,hei,heiso,prefix
塀,平和,hei,heiwa,prefix
塀,平野,hei,heiya,prefix
平安,閉園,heian,heien,substitution
平安,平穏,heian,heion,substitution
平安,名案,heian,meian,substitution
平安,提案,heian,teian,substitution
閉園,平穏,heien,heion,substitution
閉園,名演,heien,meien,substitution
閉園,霊園,heien,reien,substitution
閉園,声援,heien,seien,substitution
閉園,庭園,heien,teien,substitution
平易,平時,heii,heiji,insertion
平易,平気,heii,heiki,insertion
平時,平気,heiji,heiki,substitution
平時,返事,heiji,henji,substitution
平時,肘,heiji,hiji,insertion
平時,啓示,heiji,keiji,substitution
平時,青磁,heiji,seiji,substitution
平時,定時,heiji,teiji,substitution
陛下,平家,heika,heike,last_char_differs
陛下,平気,heika,heiki,last_char_differs
陛下,閉校,heika,heiko,last_char_differs
陛下,平和,heika,heiwa,substitution
陛下,平野,heika,heiya,substitution
陛下,皮下,heika,hika,insertion
陛下,名家,heika,meika,substitution
陛下,冷夏,heika,reika,substitution
陛下,生花,heika,seika,substitution
平家,平気,heike,heiki,last_char_differs
平家,閉校,heike,heiko,last_char_differs
平気,閉校,heiki,heiko,last_char_differs
平気,ひいき,heiki,hiiki,substitution
平気,計器,heiki,keiki,substitution
平気,寝息,heiki,neiki,substitution
平気,冷気,heiki,reiki,substitution
平気,世紀,heiki,seiki,substitution
平気,定期,heiki,teiki,substitution
閉校,並走,heiko,heiso,substitution
閉校,稽古,heiko,keiko,substitution
閉校,名工,heiko,meiko,substitution
閉校,精巧,heiko,seiko,substitution
平穏,静穏,heion,seion,substitution
並走,返送,heiso,henso,substitution
並走,臍,heiso,heso,insertion
並走,砒素,heiso,hiso,insertion
並走,勁草,heiso,keiso,substitution
並走,名僧,heiso,meiso,substitution
並走,礼装,heiso,reiso,substitution
並走,清掃,heiso,seiso,substitution
平和,平野,heiwa,heiya,substitution
平野,部屋,heiya,heya,insertion
平野,冷や,heiya,hiya,insertion
平野,聖夜,heiya,seiya,substitution
変,編者,hen,henja,prefix
変,返事,hen,henji,prefix
変,返納,hen,henno,prefix
変,辺鄙,hen,henpi,prefix
変,遍路,hen,henro,prefix
変,返送,hen,henso,prefix
編者,返事,henja,henji,last_char_differs
編者,賢者,henja,kenja,substitution
編者,選者,henja,senja,substitution
返事,辺鄙,henji,henpi,substitution
返事,検事,henji,kenji,substitution
返事,点字,henji,tenji,substitution
返事,禅師,henji,zenji,substitution
返納,遍路,henno,henro,substitution
返納,返送,henno,henso,substitution
辺鄙,天火,henpi,tenpi,substitution
遍路,返送,henro,henso,substitution
遍路,線路,henro,senro,substitution
返送,臍,henso,heso,insertion
返送,転送,henso,tenso,substitution
返送,前奏,henso,zenso,substitution
減る,冷える,heru,hieru,insertion
減る,吠える,heru,hoeru,insertion
日歩,支部,hibu,shibu,insertion
襞,飛弾,hida,hidan,insertion
襞,羊歯,hida,shida,insertion
飛弾,秘伝,hidan,hiden,substitution
飛弾,彼岸,hidan,higan,substitution
飛弾,避寒,hidan,hikan,substitution
飛弾,悲惨,hidan,hisan,substitution
飛弾,砲弾,hidan,hodan,substitution
秘伝,日偏,hiden,hihen,substitution
秘伝,飛天,hiden,hiten,substitution
秘伝,自伝,hiden,jiden,substitution
非道,ひどい,hido,hidoi,insertion
非道,市道,hido,shido,insertion
ひどい,緋鯉,hidoi,higoi,substitution
ひどい,広い,hidoi,hiroi,substitution
冷える,昼,hieru,hiru,insertion
冷える,吠える,hieru,hoeru,substitution
冷える,癒える,hieru,ieru,insertion
冷える,消える,hieru,kieru,substitution
冷える,見える,hieru,mieru,substitution
冷える,煮える,hieru,nieru,substitution
彼我,彼岸,higa,higan,insertion
彼我,歯牙,higa,shiga,insertion
彼岸,避寒,higan,hikan,substitution
彼岸,悲惨,higan,hisan,substitution
彼岸,砲丸,higan,hogan,substitution
彼岸,祈願,higan,kigan,substitution
緋鯉,広い,higoi,hiroi,substitution
日偏,飛天,hihen,hiten,substitution
日偏,木偏,hihen,kihen,substitution
ひいき,好い気,hiiki,iiki,insertion
肘,師事,hiji,shiji,insertion
非常,子女,hijo,shijo,insertion
皮下,避寒,hika,hikan,insertion
皮下,鹿,hika,shika,insertion
避寒,悲惨,hikan,hisan,substitution
避寒,遺憾,hikan,ikan,insertion
避寒,時間,hikan,jikan,substitution
避寒,期間,hikan,kikan,substitution
避寒,蜜柑,hikan,mikan,substitution
引く,低い,hiku,hikui,insertion
引く,飛球,hiku,hikyu,insertion
引く,保育,hiku,hoiku,insertion
引く,市区,hiku,shiku,insertion
低い,憎い,hikui,nikui,substitution
低い,陸尉,hikui,rikui,substitution
秘境,飛球,hikyo,hikyu,last_char_differs
秘境,肥料,hikyo,hiryo,substitution
秘境,費用,hikyo,hiyo,insertion
秘境,異郷,hikyo,ikyo,insertion
秘境,桔梗,hikyo,kikyo,substitution
飛球,俸給,hikyu,hokyu,substitution
飛球,時給,hikyu,jikyu,substitution
飛球,気球,hikyu,kikyu,substitution
飛球,離宮,hikyu,rikyu,substitution
暇,島,hima,shima,insertion
紐,霜,himo,shimo,insertion
雛,牝馬,hina,hinba,insertion
雛,品,hina,shina,insertion
牝馬,本場,hinba,honba,substitution
ひれ,尾鰭,hire,ohire,insertion
広い,拾う,hiroi,hirou,last_char_differs
拾う,昼,hirou,hiru,insertion
昼,汁,hiru,shiru,insertion
肥料,費用,hiryo,hiyo,insertion
肥料,捕虜,hiryo,horyo,substitution
肥料,衣料,hiryo,iryo,insertion
被災,悲惨,hisai,hisan,last_char_differs
被災,皮脂,hisai,hishi,substitution
被災,罹災,hisai,risai,substitution
悲惨,硼酸,hisan,hosan,substitution
悲惨,胃酸,hisan,isan,insertion
飛車,皮脂,hisha,hishi,last_char_differs
飛車,秘書,hisha,hisho,last_char_differs
飛車,医者,hisha,isha,insertion
飛車,侍者,hisha,jisha,substitution
飛車,汽車,hisha,kisha,substitution
皮脂,秘書,hishi,hisho,last_char_differs
皮脂,星,hishi,hoshi,substitution
皮脂,石,hishi,ishi,insertion
皮脂,次姉,hishi,jishi,substitution
皮脂,岸,hishi,kishi,substitution
皮脂,西,hishi,nishi,substitution
皮脂,利子,hishi,rishi,substitution
秘書,砒素,hisho,hiso,insertion
秘書,衣装,hisho,isho,insertion
秘書,地所,hisho,jisho,substitution
秘書,記章,hisho,kisho,substitution
砒素,紫蘇,hiso,shiso,insertion
飛天,時点,hiten,jiten,substitution
飛天,基点,hiten,kiten,substitution
人,使徒,hito,shito,insertion
冷や,視野,hiya,shiya,insertion
費用,子葉,hiyo,shiyo,insertion
奉安,砲弾,hoan,hodan,insertion
奉安,砲丸,hoan,hogan,insertion
奉安,放漫,hoan,homan,insertion
奉安,翻案,hoan,honan,insertion
奉安,硼酸,hoan,hosan,insertion
保母,書房,hobo,shobo,insertion
法文,序文,hobun,jobun,substitution
法文,子分,hobun,kobun,substitution
法文,のぶん,hobun,nobun,substitution
法文,応分,hobun,obun,insertion
法文,等分,hobun,tobun,substitution
法文,余分,hobun,yobun,substitution
庖丁,校長,hocho,kocho,substitution
庖丁,王朝,hocho,ocho,insertion
庖丁,早朝,hocho,socho,substitution
庖丁,都庁,hocho,tocho,substitution
庖丁,幼鳥,hocho,yocho,substitution
砲弾,砲丸,hodan,hogan,substitution
砲弾,放漫,hodan,homan,substitution
砲弾,翻案,hodan,honan,substitution
砲弾,硼酸,hodan,hosan,substitution
砲弾,上段,hodan,jodan,substitution
砲弾,公団,hodan,kodan,substitution
砲弾,横断,hodan,odan,insertion
砲弾,相談,hodan,sodan,substitution
砲弾,登壇,hodan,todan,substitution
砲弾,余談,hodan,yodan,substitution
歩道,本堂,hodo,hondo,insertion
歩道,表土,hodo,hyodo,insertion
歩道,焦土,hodo,shodo,insertion
法会,吠える,hoe,hoeru,prefix
放映,方形,hoei,hokei,insertion
放映,法廷,hoei,hotei,insertion
吠える,ほうる,hoeru,horu,insertion
吠える,燃える,hoeru,moeru,substitution
吠える,終える,hoeru,oeru,insertion
吠える,添える,hoeru,soeru,substitution
保父,書風,hofu,shofu,insertion
邦画,法外,hoga,hogai,insertion
邦画,砲丸,hoga,hogan,insertion
邦画,氷河,hoga,hyoga,insertion
邦画,書画,hoga,shoga,insertion
法外,砲丸,hogai,hogan,last_char_differs
法外,包帯,hogai,hotai,substitution
法外,郊外,hogai,kogai,substitution
法外,野飼い,hogai,nogai,substitution
法外,大貝,hogai,ogai,insertion
法外,要害,hogai,yogai,substitution
砲丸,放漫,hogan,homan,substitution
砲丸,翻案,hogan,honan,substitution
砲丸,硼酸,hogan,hosan,substitution
砲丸,湖岸,hogan,kogan,substitution
砲丸,溶岩,hogan,yogan,substitution
砲丸,象眼,hogan,zogan,substitution
保護,正午,hogo,shogo,insertion
法衣,保育,hoi,hoiku,prefix
保育,発句,hoiku,hokku,substitution
保育,養育,hoiku,yoiku,substitution
法事,邦人,hoji,hojin,insertion
法事,障子,hoji,shoji,insertion
邦人,本院,hojin,honin,substitution
邦人,公人,hojin,kojin,substitution
邦人,老人,hojin,rojin,substitution
邦人,要人,hojin,yojin,substitution
方丈,氷上,hojo,hyojo,insertion
方丈,少女,hojo,shojo,insertion
砲火,商家,hoka,shoka,insertion
方形,保険,hokei,hoken,last_char_differs
方形,箒,hokei,hoki,insertion
方形,法廷,hokei,hotei,substitution
方形,光景,hokei,kokei,substitution
方形,模型,hokei,mokei,substitution
方形,時計,hokei,tokei,substitution
方形,余計,hokei,yokei,substitution
保険,方面,hoken,homen,substitution
保険,芳年,hoken,honen,substitution
保険,保線,hoken,hosen,substitution
保険,高検,hoken,koken,substitution
保険,猛犬,hoken,moken,substitution
保険,総研,hoken,soken,substitution
保険,刀剣,hoken,token,substitution
保険,用件,hoken,yoken,substitution
箒,本気,hoki,honki,insertion
箒,勝機,hoki,shoki,insertion
ほっけ,発句,hokke,hokku,last_char_differs
ほっけ,本家,hokke,honke,substitution
発句,俸給,hokku,hokyu,substitution
発句,億劫,hokku,okku,insertion
芳香,本校,hoko,honko,insertion
芳香,将校,hoko,shoko,insertion
俸給,好球,hokyu,kokyu,substitution
俸給,王宮,hokyu,okyu,insertion
俸給,送球,hokyu,sokyu,substitution
俸給,投球,hokyu,tokyu,substitution
俸給,洋弓,hokyu,yokyu,substitution
放漫,方面,homan,homen,substitution
放漫,翻案,homan,honan,substitution
放漫,硼酸,homan,hosan,substitution
放漫,高慢,homan,koman,substitution
方面,芳年,homen,honen,substitution
方面,保線,homen,hosen,substitution
方面,湖面,homen,komen,substitution
方面,木綿,homen,momen,substitution
方面,能面,homen,nomen,substitution
方面,路面,homen,romen,substitution
方面,索麺,homen,somen,substitution
方面,当面,homen,tomen,substitution
本,翻案,hon,honan,prefix
本,本場,hon,honba,prefix
本,本堂,hon,hondo,prefix
本,芳年,hon,honen,prefix
本,本院,hon,honin,prefix
本,本家,hon,honke,prefix
本,本気,hon,honki,prefix
本,本校,hon,honko,prefix
本,本真,hon,honma,prefix
本,本舗,hon,honpo,prefix
本,本島,hon,honto,prefix
本,本屋,hon,honya,prefix
翻案,芳年,honan,honen,substitution
翻案,本院,honan,honin,substitution
翻案,硼酸,honan,hosan,substitution
翻案,遭難,honan,sonan,substitution
翻案,東南,honan,tonan,substitution
本場,本真,honba,honma,substitution
本場,本屋,honba,honya,substitution
本堂,本校,hondo,honko,substitution
本堂,炎,hondo,hono,insertion
本堂,本舗,hondo,honpo,substitution
本堂,本島,hondo,honto,substitution
本堂,今度,hondo,kondo,substitution
本堂,問答,hondo,mondo,substitution
骨,芳年,hone,honen,insertion
骨,本家,hone,honke,insertion
芳年,本院,honen,honin,substitution
芳年,保線,honen,hosen,substitution
芳年,後年,honen,konen,substitution
芳年,往年,honen,onen,insertion
芳年,壮年,honen,sonen,substitution
芳年,当年,honen,tonen,substitution
芳年,幼年,honen,yonen,substitution
本院,婚姻,honin,konin,substitution
本院,浪人,honin,ronin,substitution
本院,当人,honin,tonin,substitution
本家,本気,honke,honki,last_char_differs
本家,本校,honke,honko,last_char_differs
本気,本校,honki,honko,last_char_differs
本気,耕運機,honki,konki,substitution
本気,のんき,honki,nonki,substitution
本校,炎,honko,hono,insertion
本校,本舗,honko,honpo,substitution
本校,本島,honko,honto,substitution
本校,門戸,honko,monko,substitution
本校,温厚,honko,onko,insertion
本真,本屋,honma,honya,substitution
炎,本舗,hono,honpo,insertion
炎,本島,hono,honto,insertion
炎,氷嚢,hono,hyono,insertion
炎,小脳,hono,shono,insertion
本舗,本島,honpo,honto,substitution
本舗,北方,honpo,hoppo,substitution
本島,宝刀,honto,hoto,insertion
本島,門徒,honto,monto,substitution
本島,穏当,honto,onto,insertion
本屋,今夜,honya,konya,substitution
本屋,問屋,honya,tonya,substitution
北方,のっぽ,hoppo,noppo,substitution
北方,尾っぽ,hoppo,oppo,insertion
堀,勝利,hori,shori,insertion
幌,捕虜,horo,horyo,insertion
幌,初老,horo,shoro,insertion
捕虜,法要,horyo,hoyo,insertion
捕虜,香料,horyo,koryo,substitution
捕虜,納涼,horyo,noryo,substitution
捕虜,僧侶,horyo,soryo,substitution
捕虜,棟梁,horyo,toryo,substitution
捕虜,要領,horyo,yoryo,substitution
硼酸,保線,hosan,hosen,substitution
硼酸,御産,hosan,osan,insertion
硼酸,父さん,hosan,tosan,substitution
硼酸,葉酸,hosan,yosan,substitution
保線,乗船,hosen,josen,substitution
保線,鉱泉,hosen,kosen,substitution
保線,毛氈,hosen,mosen,substitution
保線,路線,hosen,rosen,substitution
保線,祖先,hosen,sosen,substitution
保線,当選,hosen,tosen,substitution
保線,予選,hosen,yosen,substitution
星,法主,hoshi,hoshu,last_char_differs
星,細い,hoshi,hosoi,substitution
星,上司,hoshi,joshi,substitution
星,輿,hoshi,koshi,substitution
星,模試,hoshi,moshi,substitution
星,熨斗,hoshi,noshi,substitution
星,牡牛,hoshi,oshi,insertion
星,ろ紙,hoshi,roshi,substitution
星,素子,hoshi,soshi,substitution
星,年,hoshi,toshi,substitution
星,洋紙,hoshi,yoshi,substitution
法主,干す,hoshu,hosu,insertion
法主,城主,hoshu,joshu,substitution
法主,好手,hoshu,koshu,substitution
法主,党首,hoshu,toshu,substitution
法主,洋酒,hoshu,yoshu,substitution
法曹,細い,hoso,hosoi,insertion
法曹,表装,hoso,hyoso,insertion
法曹,焦燥,hoso,shoso,insertion
細い,遅い,hosoi,osoi,insertion
包帯,法廷,hotai,hotei,substitution
包帯,上体,hotai,jotai,substitution
包帯,抗体,hotai,kotai,substitution
包帯,早退,hotai,sotai,substitution
法廷,女帝,hotei,jotei,substitution
法廷,湖底,hotei,kotei,substitution
法廷,漕艇,hotei,sotei,substitution
法廷,徒弟,hotei,totei,substitution
法廷,予定,hotei,yotei,substitution
宝刀,諸島,hoto,shoto,insertion
飽和,唱和,howa,showa,insertion
法要,賞与,hoyo,shoyo,insertion
臍,肖像,hozo,shozo,insertion
豹,表土,hyo,hyodo,prefix
豹,氷河,hyo,hyoga,prefix
豹,表具,hyo,hyogu,prefix
豹,表皮,hyo,hyohi,prefix
豹,氷上,hyo,hyojo,prefix
豹,氷嚢,hyo,hyono,prefix
豹,表装,hyo,hyoso,prefix
表土,氷上,hyodo,hyojo,substitution
表土,氷嚢,hyodo,hyono,substitution
表土,表装,hyodo,hyoso,substitution
表土,郷土,hyodo,kyodo,substitution
表土,領土,hyodo,ryodo,substitution
表土,淀,hyodo,yodo,insertion
氷河,表具,hyoga,hyogu,last_char_differs
氷河,茗荷,hyoga,myoga,substitution
氷河,洋画,hyoga,yoga,insertion
表具,泳ぐ,hyogu,oyogu,substitution
表具,用具,hyogu,yogu,insertion
表皮,巨費,hyohi,kyohi,substitution
表皮,旅費,hyohi,ryohi,substitution
氷上,氷嚢,hyojo,hyono,substitution
氷上,表装,hyojo,hyoso,substitution
氷上,橋上,hyojo,kyojo,substitution
氷上,明星,hyojo,myojo,substitution
氷上,旅情,hyojo,ryojo,substitution
氷上,幼女,hyojo,yojo,insertion
氷嚢,表装,hyono,hyoso,substitution
表装,教祖,hyoso,kyoso,substitution
表装,余所,hyoso,yoso,insertion
いびき,好い気,ibiki,iiki,insertion
いびる,燻る,ibiru,iburu,substitution
いびる,弄る,ibiru,ijiru,substitution
いびる,生きる,ibiru,ikiru,substitution
燻る,燻す,iburu,ibusu,substitution
燻す,居留守,ibusu,irusu,substitution
位置,基地,ichi,kichi,insertion
位置,道,ichi,michi,insertion
位置,日,ichi,nichi,insertion
銀杏,院長,icho,incho,insertion
銀杏,次長,icho,jicho,insertion
銀杏,機長,icho,kicho,insertion
医大,時代,idai,jidai,insertion
医大,季題,idai,kidai,insertion
医大,荷台,idai,nidai,insertion
抱く,医学,idaku,igaku,substitution
抱く,遺作,idaku,isaku,substitution
抱く,曰く,idaku,iwaku,substitution
抱く,医薬,idaku,iyaku,substitution
いでる,癒える,ideru,ieru,insertion
いでる,生ける,ideru,ikeru,substitution
いでる,入れる,ideru,ireru,substitution
井戸,挑む,ido,idomu,prefix
胃液,遺跡,ieki,iseki,insertion
癒える,生ける,ieru,ikeru,insertion
癒える,入れる,ieru,ireru,insertion
癒える,消える,ieru,kieru,insertion
癒える,見える,ieru,mieru,insertion
癒える,煮える,ieru,nieru,insertion
衣服,往復,ifuku,ofuku,substitution
毬,医学,iga,igaku,prefix
毬,鋳型,iga,igata,prefix
意外,苦い,igai,nigai,insertion
医学,遺作,igaku,isaku,substitution
医学,曰く,igaku,iwaku,substitution
医学,医薬,igaku,iyaku,substitution
鋳型,大形,igata,ogata,substitution
遺品,貴賓,ihin,kihin,insertion
異邦,以北,iho,ihoku,prefix
以北,異国,ihoku,ikoku,substitution
以北,食,ihoku,shoku,substitution
言い分,韻文,iibun,inbun,substitution
言い分,時分,iibun,jibun,substitution
言い分,気分,iibun,kibun,substitution
遺児,弄る,iji,ijiru,prefix
偉人,自陣,ijin,jijin,insertion
偉人,微塵,ijin,mijin,insertion
偉人,初陣,ijin,uijin,insertion
弄る,生きる,ijiru,ikiru,substitution
烏賊,筏,ika,ikada,prefix
烏賊,いかが,ika,ikaga,prefix
烏賊,錨,ika,ikari,prefix
烏賊,怒る,ika,ikaru,prefix
烏賊,生かす,ika,ikasu,prefix
筏,いかが,ikada,ikaga,substitution
筏,稲田,ikada,inada,substitution
遺憾,一環,ikan,ikkan,insertion
遺憾,印鑑,ikan,inkan,insertion
遺憾,時間,ikan,jikan,insertion
遺憾,期間,ikan,kikan,insertion
遺憾,蜜柑,ikan,mikan,insertion
錨,怒る,ikari,ikaru,last_char_differs
錨,稲荷,ikari,inari,substitution
錨,仮,ikari,kari,insertion
怒る,生かす,ikaru,ikasu,substitution
怒る,生ける,ikaru,ikeru,substitution
怒る,生きる,ikaru,ikiru,substitution
怒る,至る,ikaru,itaru,substitution
怒る,刈る,ikaru,karu,insertion
怒る,受かる,ikaru,ukaru,substitution
生かす,生け簀,ikasu,ikesu,substitution
生かす,いなす,ikasu,inasu,substitution
生かす,致す,ikasu,itasu,substitution
生かす,癒す,ikasu,iyasu,substitution
生かす,かす,ikasu,kasu,insertion
生かす,侵す,ikasu,okasu,substitution
池,生ける,ike,ikeru,prefix
池,生け簀,ike,ikesu,prefix
意見,陰険,iken,inken,insertion
意見,棄権,iken,kiken,insertion
意見,眉間,iken,miken,insertion
生ける,生け簀,ikeru,ikesu,substitution
生ける,生きる,ikeru,ikiru,substitution
生ける,入れる,ikeru,ireru,substitution
生ける,蹴る,ikeru,keru,insertion
生ける,受ける,ikeru,ukeru,substitution
生け簀,消す,ikesu,kesu,insertion
息,息む,iki,ikimu,prefix
息,いきれ,iki,ikire,prefix
息,生きる,iki,ikiru,prefix
生き餌,いきれ,ikie,ikire,insertion
息む,生きる,ikimu,ikiru,substitution
いきれ,生きる,ikire,ikiru,last_char_differs
生きる,切る,ikiru,kiru,insertion
生きる,起きる,ikiru,okiru,substitution
一家,一環,ikka,ikkan,insertion
一家,実家,ikka,jikka,insertion
一家,菊花,ikka,kikka,insertion
一家,日課,ikka,nikka,insertion
一家,立夏,ikka,rikka,insertion
一環,印鑑,ikkan,inkan,substitution
一気,日記,ikki,nikki,insertion
一行,一挙,ikko,ikkyo,insertion
一行,密航,ikko,mikko,insertion
一行,日光,ikko,nikko,insertion
一挙,異郷,ikkyo,ikyo,insertion
一挙,隠居,ikkyo,inkyo,substitution
以降,異国,iko,ikoku,prefix
異国,憩う,ikoku,ikou,insertion
異国,高空,ikoku,koku,insertion
異国,王国,ikoku,okoku,substitution
行く,育英,iku,ikuei,prefix
行く,育児,iku,ikuji,prefix
育英,育児,ikuei,ikuji,substitution
育児,くじ,ikuji,kuji,insertion
異郷,隠居,ikyo,inkyo,insertion
異郷,桔梗,ikyo,kikyo,insertion
今,今風,ima,imafu,prefix
意味,意味合い,imi,imiai,prefix
芋,鋳物,imo,imono,prefix
芋,井守,imo,imori,prefix
芋,妹,imo,imoto,prefix
鋳物,妹,imono,imoto,substitution
鋳物,物,imono,mono,insertion
鋳物,大物,imono,omono,substitution
井守,庵,imori,iori,insertion
井守,いろり,imori,irori,substitution
井守,森,imori,mori,insertion
井守,錘,imori,omori,substitution
妹,元,imoto,moto,insertion
妹,大もと,imoto,omoto,substitution
否,稲田,ina,inada,prefix
否,稲子,ina,inago,prefix
否,稲穂,ina,inaho,prefix
否,田舎,ina,inaka,prefix
否,稲荷,ina,inari,prefix
否,いなす,ina,inasu,prefix
稲田,田舎,inada,inaka,substitution
稲田,灘,inada,nada,insertion
稲子,稲穂,inago,inaho,substitution
稲穂,院長,inaho,incho,substitution
稲穂,印章,inaho,insho,substitution
田舎,甍,inaka,iraka,substitution
田舎,中,inaka,naka,insertion
田舎,お腹,inaka,onaka,substitution
以南,印鑑,inan,inkan,insertion
以南,陰惨,inan,insan,insertion
以南,次男,inan,jinan,insertion
稲荷,なり,inari,nari,insertion
いなす,致す,inasu,itasu,substitution
いなす,癒す,inasu,iyasu,substitution
いなす,茄子,inasu,nasu,insertion
院長,印章,incho,insho,substitution
陰影,院生,inei,insei,insertion
陰影,印税,inei,inzei,insertion
陰影,陣営,inei,jinei,insertion
隠元,陰険,ingen,inken,substitution
隠元,音源,ingen,ongen,substitution
印鑑,陰険,inkan,inken,substitution
印鑑,陰惨,inkan,insan,substitution
印鑑,音感,inkan,onkan,substitution
陰険,穏健,inken,onken,substitution
陰気,任期,inki,ninki,insertion
鸚哥,隠居,inko,inkyo,insertion
鸚哥,金鉱,inko,kinko,insertion
隠居,飲料,inkyo,inryo,substitution
隠居,飲用,inkyo,inyo,insertion
隠居,音響,inkyo,onkyo,substitution
祈る,乗る,inoru,noru,insertion
印篭,飲料,inro,inryo,insertion
飲料,飲用,inryo,inyo,insertion
飲料,衣料,inryo,iryo,insertion
陰惨,胃酸,insan,isan,insertion
院生,印紙,insei,inshi,substitution
院生,印税,insei,inzei,substitution
院生,以西,insei,isei,insertion
院生,一斉,insei,issei,substitution
院生,音声,insei,onsei,substitution
院生,運勢,insei,unsei,substitution
印紙,印章,inshi,insho,last_char_differs
印紙,因習,inshi,inshu,last_char_differs
印紙,石,inshi,ishi,insertion
印紙,恩師,inshi,onshi,substitution
印章,因習,insho,inshu,last_char_differs
印章,衣装,insho,isho,insertion
印章,一緒,insho,issho,substitution
印章,温床,insho,onsho,substitution
引退,一帯,intai,ittai,substitution
引退,温帯,intai,ontai,substitution
飲用,陣容,inyo,jinyo,insertion
飲用,金曜,inyo,kinyo,insertion
飲用,民謡,inyo,minyo,insertion
庵,いろり,iori,irori,insertion
一派,一杯,ippa,ippai,insertion
一派,立派,ippa,rippa,insertion
一片,逸品,ippen,ippin,substitution
以来,色合い,irai,iroai,insertion
以来,地雷,irai,jirai,insertion
以来,機雷,irai,kirai,insertion
以来,未来,irai,mirai,insertion
甍,海豚,iraka,iruka,substitution
甍,大らか,iraka,oraka,substitution
慰霊,綺麗,irei,kirei,insertion
入れる,折れる,ireru,oreru,substitution
入れる,売れる,ireru,ureru,substitution
入り江,切り絵,irie,kirie,insertion
入り用,衣料,iriyo,iryo,insertion
入り用,利用,iriyo,riyo,insertion
色,色合い,iro,iroai,prefix
色,いろは,iro,iroha,prefix
色,いろり,iro,irori,prefix
色合い,いろり,iroai,irori,substitution
煎る,海豚,iru,iruka,prefix
煎る,居留守,iru,irusu,prefix
居留守,留守,irusu,rusu,insertion
遺作,勇む,isaku,isamu,substitution
遺作,曰く,isaku,iwaku,substitution
遺作,医薬,isaku,iyaku,substitution
遺作,柵,isaku,saku,insertion
勇む,悼む,isamu,itamu,substitution
以西,遺跡,isei,iseki,insertion
以西,一斉,isei,issei,insertion
以西,辞世,isei,jisei,insertion
以西,棋聖,isei,kisei,insertion
以西,理性,isei,risei,insertion
遺跡,席,iseki,seki,insertion
緯線,一線,isen,issen,insertion
緯線,自選,isen,jisen,insertion
緯線,汽船,isen,kisen,insertion
医者,侍者,isha,jisha,insertion
医者,汽車,isha,kisha,insertion
石,次姉,ishi,jishi,insertion
石,岸,ishi,kishi,insertion
石,西,ishi,nishi,insertion
石,利子,ishi,rishi,insertion
衣装,一緒,isho,issho,insertion
衣装,地所,isho,jisho,insertion
衣装,記章,isho,kisho,insertion
磯,急ぐ,iso,isogu,prefix
磯,居候,iso,isoro,prefix
急ぐ,装具,isogu,sogu,insertion
居候,早老,isoro,soro,insertion
一斉,一線,issei,issen,last_char_differs
一斉,一睡,issei,issui,substitution
板,悼む,ita,itamu,prefix
板,至る,ita,itaru,prefix
板,致す,ita,itasu,prefix
悼む,至る,itamu,itaru,substitution
悼む,致す,itamu,itasu,substitution
至る,致す,itaru,itasu,substitution
至る,樽,itaru,taru,insertion
致す,いつ,itasu,itsu,insertion
致す,癒す,itasu,iyasu,substitution
致す,足す,itasu,tasu,insertion
糸,従兄弟,ito,itoko,prefix
糸,いとま,ito,itoma,prefix
従兄弟,男,itoko,otoko,substitution
従兄弟,刀工,itoko,toko,insertion
いつ,蜜,itsu,mitsu,insertion
岩,岩場,iwa,iwaba,prefix
岩,曰く,iwa,iwaku,prefix
岩,岩魚,iwa,iwana,prefix
岩,謂われ,iwa,iware,prefix
岩,岩屋,iwa,iwaya,prefix
岩場,岩魚,iwaba,iwana,substitution
岩場,岩屋,iwaba,iwaya,substitution
曰く,祝う,iwaku,iwau,insertion
曰く,医薬,iwaku,iyaku,substitution
曰く,枠,iwaku,waku,insertion
岩魚,岩屋,iwana,iwaya,substitution
岩魚,罠,iwana,wana,insertion
謂われ,我,iware,ware,insertion
嫌,医薬,iya,iyaku,prefix
嫌,嫌味,iya,iyami,prefix
嫌,癒す,iya,iyasu,prefix
医薬,癒す,iyaku,iyasu,substitution
医薬,客,iyaku,kyaku,substitution
医薬,葯,iyaku,yaku,insertion
嫌味,闇,iyami,yami,insertion
以前,事前,izen,jizen,insertion
いずこ,図工,izuko,zuko,insertion
邪険,受験,jaken,juken,substitution
邪険,野犬,jaken,yaken,substitution
じゃこ,邪教,jako,jakyo,insertion
邪教,上京,jakyo,jokyo,substitution
邪教,住居,jakyo,jukyo,substitution
邪教,華僑,jakyo,kakyo,substitution
地場,地盤,jiba,jiban,insertion
地盤,時分,jiban,jibun,substitution
地盤,時間,jiban,jikan,substitution
地盤,自慢,jiban,jiman,substitution
地盤,次男,jiban,jinan,substitution
地盤,序盤,jiban,joban,substitution
地盤,襦袢,jiban,juban,substitution
地盤,基盤,jiban,kiban,substitution
時分,字訓,jibun,jikun,substitution
時分,序文,jibun,jobun,substitution
時分,重文,jibun,jubun,substitution
時分,気分,jibun,kibun,substitution
次長,地所,jicho,jisho,substitution
次長,機長,jicho,kicho,substitution
時代,次回,jidai,jikai,substitution
時代,じまい,jidai,jimai,substitution
時代,地雷,jidai,jirai,substitution
時代,字体,jidai,jitai,substitution
時代,自在,jidai,jizai,substitution
時代,上代,jidai,jodai,substitution
時代,十代,jidai,judai,substitution
時代,季題,jidai,kidai,substitution
時代,荷台,jidai,nidai,substitution
自伝,時限,jiden,jigen,substitution
自伝,地面,jiden,jimen,substitution
自伝,自選,jiden,jisen,substitution
自伝,時点,jiden,jiten,substitution
自伝,事前,jiden,jizen,substitution
自伝,充電,jiden,juden,substitution
時限,地面,jigen,jimen,substitution
時限,自選,jigen,jisen,substitution
時限,時点,jigen,jiten,substitution
時限,事前,jigen,jizen,substitution
時限,期限,jigen,kigen,substitution
治具,神宮,jigu,jingu,insertion
辞表,陣容,jihyo,jinyo,substitution
寺院,自陣,jiin,jijin,insertion
地色,黄色,jiiro,kiiro,substitution
自陣,微塵,jijin,mijin,substitution
自陣,初陣,jijin,uijin,substitution
侍女,尋常,jijo,jinjo,insertion
自家,次回,jika,jikai,insertion
自家,時間,jika,jikan,insertion
自家,実家,jika,jikka,insertion
自家,人家,jika,jinka,insertion
次回,時間,jikai,jikan,last_char_differs
次回,次兄,jikai,jikei,substitution
次回,時期,jikai,jiki,insertion
次回,じまい,jikai,jimai,substitution
次回,地雷,jikai,jirai,substitution
次回,字体,jikai,jitai,substitution
次回,自在,jikai,jizai,substitution
次回,樹海,jikai,jukai,substitution
次回,器械,jikai,kikai,substitution
次回,理解,jikai,rikai,substitution
時間,字訓,jikan,jikun,substitution
時間,自慢,jikan,jiman,substitution
時間,次男,jikan,jinan,substitution
時間,上官,jikan,jokan,substitution
時間,縦貫,jikan,jukan,substitution
時間,期間,jikan,kikan,substitution
時間,蜜柑,jikan,mikan,substitution
次兄,時期,jikei,jiki,insertion
次兄,自明,jikei,jimei,substitution
次兄,陣営,jikei,jinei,substitution
次兄,辞世,jikei,jisei,substitution
次兄,理系,jikei,rikei,substitution
実家,人家,jikka,jinka,substitution
実家,菊花,jikka,kikka,substitution
実家,日課,jikka,nikka,substitution
実家,立夏,jikka,rikka,substitution
自校,氏子,jiko,ujiko,insertion
軸,字訓,jiku,jikun,insertion
軸,時給,jiku,jikyu,insertion
字訓,陸運,jikun,rikun,substitution
時給,自由,jikyu,jiyu,insertion
時給,気球,jikyu,kikyu,substitution
時給,離宮,jikyu,rikyu,substitution
じまい,自慢,jimai,jiman,last_char_differs
じまい,自明,jimai,jimei,substitution
じまい,地味,jimai,jimi,insertion
じまい,地雷,jimai,jirai,substitution
じまい,字体,jimai,jitai,substitution
じまい,自在,jimai,jizai,substitution
じまい,見舞,jimai,mimai,substitution
自慢,地面,jiman,jimen,substitution
自慢,次男,jiman,jinan,substitution
自明,地面,jimei,jimen,last_char_differs
自明,地味,jimei,jimi,insertion
自明,陣営,jimei,jinei,substitution
自明,辞世,jimei,jisei,substitution
自明,未明,jimei,mimei,substitution
地面,自選,jimen,jisen,substitution
地面,時点,jimen,jiten,substitution
地面,事前,jimen,jizen,substitution
地面,裏面,jimen,rimen,substitution
次男,柔軟,jinan,junan,substitution
陣営,辞世,jinei,jisei,substitution
神宮,民具,jingu,mingu,substitution
神社,尋常,jinja,jinjo,last_char_differs
神社,人家,jinja,jinka,substitution
神社,忍者,jinja,ninja,substitution
尋常,陣容,jinjo,jinyo,substitution
尋常,腎臓,jinjo,jinzo,substitution
尋常,順序,jinjo,junjo,substitution
尋常,近所,jinjo,kinjo,substitution
尋常,人情,jinjo,ninjo,substitution
人家,金貨,jinka,kinka,substitution
人家,民家,jinka,minka,substitution
人家,隣家,jinka,rinka,substitution
陣容,腎臓,jinyo,jinzo,substitution
陣容,金曜,jinyo,kinyo,substitution
陣容,民謡,jinyo,minyo,substitution
腎臓,地蔵,jinzo,jizo,insertion
実費,実父,jippi,jippu,last_char_differs
実父,切符,jippu,kippu,substitution
地雷,字体,jirai,jitai,substitution
地雷,自在,jirai,jizai,substitution
地雷,従来,jirai,jurai,substitution
地雷,機雷,jirai,kirai,substitution
地雷,未来,jirai,mirai,substitution
時差,侍者,jisa,jisha,insertion
辞世,自選,jisei,jisen,last_char_differs
辞世,次姉,jisei,jishi,substitution
辞世,自炊,jisei,jisui,substitution
辞世,女婿,jisei,josei,substitution
辞世,棋聖,jisei,kisei,substitution
辞世,理性,jisei,risei,substitution
自選,時点,jisen,jiten,substitution
自選,事前,jisen,jizen,substitution
自選,乗船,jisen,josen,substitution
自選,汽船,jisen,kisen,substitution
侍者,次姉,jisha,jishi,last_char_differs
侍者,地所,jisha,jisho,last_char_differs
侍者,次週,jisha,jishu,last_char_differs
侍者,乗車,jisha,josha,substitution
侍者,従者,jisha,jusha,substitution
侍者,汽車,jisha,kisha,substitution
次姉,地所,jishi,jisho,last_char_differs
次姉,次週,jishi,jishu,last_char_differs
次姉,自炊,jishi,jisui,substitution
次姉,上司,jishi,joshi,substitution
次姉,樹脂,jishi,jushi,substitution
次姉,岸,jishi,kishi,substitution
次姉,西,jishi,nishi,substitution
次姉,利子,jishi,rishi,substitution
地所,次週,jisho,jishu,last_char_differs
地所,序章,jisho,josho,substitution
地所,住所,jisho,jusho,substitution
地所,記章,jisho,kisho,substitution
次週,城主,jishu,joshu,substitution
次週,旗手,jishu,kishu,substitution
次週,履修,jishu,rishu,substitution
自炊,浄水,jisui,josui,substitution
自炊,二水,jisui,nisui,substitution
字体,自在,jitai,jizai,substitution
字体,上体,jitai,jotai,substitution
字体,渋滞,jitai,jutai,substitution
字体,気体,jitai,kitai,substitution
時点,事前,jiten,jizen,substitution
時点,基点,jiten,kiten,substitution
十手,切手,jitte,kitte,substitution
自在,錠剤,jizai,jozai,substitution
自在,器材,jizai,kizai,substitution
事前,十全,jizen,juzen,substitution
乗馬,序盤,joba,joban,insertion
序盤,序文,joban,jobun,substitution
序盤,上段,joban,jodan,substitution
序盤,上官,joban,jokan,substitution
序盤,襦袢,joban,juban,substitution
序盤,鋼板,joban,koban,substitution
序盤,路盤,joban,roban,substitution
序盤,早晩,joban,soban,substitution
序盤,当番,joban,toban,substitution
丈夫,序文,jobu,jobun,insertion
序文,上旬,jobun,jojun,substitution
序文,重文,jobun,jubun,substitution
序文,子分,jobun,kobun,substitution
序文,のぶん,jobun,nobun,substitution
序文,応分,jobun,obun,insertion
序文,等分,jobun,tobun,substitution
序文,余分,jobun,yobun,substitution
上代,上段,jodai,jodan,last_char_differs
上代,上体,jodai,jotai,substitution
上代,錠剤,jodai,jozai,substitution
上代,十代,jodai,judai,substitution
上代,古代,jodai,kodai,substitution
上代,総代,jodai,sodai,substitution
上代,灯台,jodai,todai,substitution
上段,上官,jodan,jokan,substitution
上段,公団,jodan,kodan,substitution
上段,横断,jodan,odan,insertion
上段,相談,jodan,sodan,substitution
上段,登壇,jodan,todan,substitution
上段,余談,jodan,yodan,substitution
上映,女婿,joei,josei,insertion
上映,女帝,joei,jotei,insertion
上演,上辺,joen,johen,insertion
上演,常連,joen,joren,insertion
上演,乗船,joen,josen,insertion
上辺,上品,johen,johin,substitution
上辺,常連,johen,joren,substitution
上辺,乗船,johen,josen,substitution
上辺,後編,johen,kohen,substitution
上皮,上品,johi,johin,insertion
上皮,上司,johi,joshi,insertion
上品,上院,johin,join,insertion
上品,納品,johin,nohin,substitution
上品,洋品,johin,yohin,substitution
上方,序章,joho,josho,insertion
上旬,従順,jojun,jujun,substitution
上官,縦貫,jokan,jukan,substitution
上官,公館,jokan,kokan,substitution
上官,脳幹,jokan,nokan,substitution
上官,王冠,jokan,okan,insertion
上官,総監,jokan,sokan,substitution
上官,投函,jokan,tokan,substitution
上官,羊羮,jokan,yokan,substitution
上官,増刊,jokan,zokan,substitution
上皇,上京,joko,jokyo,insertion
上京,乗用,jokyo,joyo,insertion
上京,住居,jokyo,jukyo,substitution
上京,皇居,jokyo,kokyo,substitution
上京,農協,jokyo,nokyo,substitution
上京,余興,jokyo,yokyo,substitution
上京,増強,jokyo,zokyo,substitution
縄文,呪文,jomon,jumon,substitution
縄文,校門,jomon,komon,substitution
縄文,楼門,jomon,romon,substitution
常連,乗船,joren,josen,substitution
常連,暖簾,joren,noren,substitution
常連,労連,joren,roren,substitution
女流,女優,joryu,joyu,insertion
女流,交流,joryu,koryu,substitution
女婿,乗船,josei,josen,last_char_differs
女婿,上司,josei,joshi,substitution
女婿,浄水,josei,josui,substitution
女婿,女帝,josei,jotei,substitution
女婿,恒星,josei,kosei,substitution
女婿,旺盛,josei,osei,insertion
女婿,早世,josei,sosei,substitution
女婿,妖精,josei,yosei,substitution
乗船,鉱泉,josen,kosen,substitution
乗船,毛氈,josen,mosen,substitution
乗船,路線,josen,rosen,substitution
乗船,祖先,josen,sosen,substitution
乗船,当選,josen,tosen,substitution
乗船,予選,josen,yosen,substitution
乗車,上司,josha,joshi,last_char_differs
乗車,序章,josha,josho,last_char_differs
乗車,城主,josha,joshu,last_char_differs
乗車,従者,josha,jusha,substitution
乗車,公舎,josha,kosha,substitution
乗車,模写,josha,mosha,substitution
乗車,老者,josha,rosha,substitution
乗車,走者,josha,sosha,substitution
乗車,当社,josha,tosha,substitution
上司,序章,joshi,josho,last_char_differs
上司,城主,joshi,joshu,last_char_differs
上司,浄水,joshi,josui,substitution
上司,樹脂,joshi,jushi,substitution
上司,輿,joshi,koshi,substitution
上司,模試,joshi,moshi,substitution
上司,熨斗,joshi,noshi,substitution
上司,牡牛,joshi,oshi,insertion
上司,ろ紙,joshi,roshi,substitution
上司,素子,joshi,soshi,substitution
上司,年,joshi,toshi,substitution
上司,洋紙,joshi,yoshi,substitution
序章,城主,josho,joshu,last_char_differs
序章,上層,josho,joso,insertion
序章,住所,josho,jusho,substitution
序章,鉱床,josho,kosho,substitution
序章,猛暑,josho,mosho,substitution
序章,王将,josho,osho,insertion
序章,叢書,josho,sosho,substitution
序章,島嶼,josho,tosho,substitution
序章,洋書,josho,yosho,substitution
序章,蔵書,josho,zosho,substitution
城主,乗数,joshu,josu,insertion
城主,好手,joshu,koshu,substitution
城主,党首,joshu,toshu,substitution
城主,洋酒,joshu,yoshu,substitution
乗数,浄水,josu,josui,insertion
浄水,硬水,josui,kosui,substitution
浄水,汚水,josui,osui,insertion
浄水,漏水,josui,rosui,substitution
浄水,総帥,josui,sosui,substitution
浄水,統帥,josui,tosui,substitution
浄水,用水,josui,yosui,substitution
浄水,雑炊,josui,zosui,substitution
上体,女帝,jotai,jotei,substitution
上体,錠剤,jotai,jozai,substitution
上体,渋滞,jotai,jutai,substitution
上体,抗体,jotai,kotai,substitution
上体,早退,jotai,sotai,substitution
女帝,湖底,jotei,kotei,substitution
女帝,漕艇,jotei,sotei,substitution
女帝,徒弟,jotei,totei,substitution
女帝,予定,jotei,yotei,substitution
錠剤,鋼材,jozai,kozai,substitution
錠剤,総菜,jozai,sozai,substitution
錠剤,東西,jozai,tozai,substitution
錠剤,溶剤,jozai,yozai,substitution
襦袢,重文,juban,jubun,substitution
襦袢,縦貫,juban,jukan,substitution
襦袢,柔軟,juban,junan,substitution
襦袢,絨毯,juban,jutan,substitution
重文,従順,jubun,jujun,substitution
重文,油分,jubun,yubun,substitution
十代,樹海,judai,jukai,substitution
十代,純愛,judai,junai,substitution
十代,従来,judai,jurai,substitution
十代,渋滞,judai,jutai,substitution
十代,雄大,judai,yudai,substitution
充電,受験,juden,juken,substitution
充電,巡演,juden,junen,substitution
充電,十全,juden,juzen,substitution
充電,油田,juden,yuden,substitution
樹液,重機,jueki,juki,insertion
樹液,無益,jueki,mueki,substitution
樹液,植木,jueki,ueki,insertion
樹液,輸液,jueki,yueki,substitution
授業,住居,jugyo,jukyo,substitution
授業,寿命,jugyo,jumyo,substitution
授業,重要,jugyo,juyo,insertion
授業,苦行,jugyo,kugyo,substitution
樹皮,樹脂,juhi,jushi,insertion
樹上,順序,jujo,junjo,insertion
従順,矛盾,jujun,mujun,substitution
樹海,縦貫,jukai,jukan,last_char_differs
樹海,重機,jukai,juki,insertion
樹海,純愛,jukai,junai,substitution
樹海,従来,jukai,jurai,substitution
樹海,渋滞,jukai,jutai,substitution
樹海,苦海,jukai,kukai,substitution
樹海,鵜飼い,jukai,ukai,insertion
樹海,融解,jukai,yukai,substitution
樹海,図解,jukai,zukai,substitution
縦貫,受験,jukan,juken,substitution
縦貫,柔軟,jukan,junan,substitution
縦貫,絨毯,jukan,jutan,substitution
縦貫,空間,jukan,kukan,substitution
縦貫,無冠,jukan,mukan,substitution
縦貫,夕刊,jukan,yukan,substitution
縦貫,図鑑,jukan,zukan,substitution
受験,巡演,juken,junen,substitution
受験,十全,juken,juzen,substitution
住戸,住居,juko,jukyo,insertion
住居,寿命,jukyo,jumyo,substitution
住居,重要,jukyo,juyo,insertion
住居,空虚,jukyo,kukyo,substitution
住居,遊興,jukyo,yukyo,substitution
住民,呪文,jumin,jumon,substitution
住民,住人,jumin,junin,substitution
住民,従輪,jumin,jurin,substitution
住民,区民,jumin,kumin,substitution
寿命,重要,jumyo,juyo,insertion
順,純愛,jun,junai,prefix
順,柔軟,jun,junan,prefix
順,準備,jun,junbi,prefix
順,巡演,jun,junen,prefix
順,住人,jun,junin,prefix
順,順序,jun,junjo,prefix
順,純毛,jun,junmo,prefix
順,順路,jun,junro,prefix
順,巡査,jun,junsa,prefix
順,順当,jun,junto,prefix
順,授乳,jun,junyu,prefix
純愛,柔軟,junai,junan,last_char_differs
純愛,準備,junai,junbi,substitution
純愛,准尉,junai,juni,insertion
純愛,従来,junai,jurai,substitution
純愛,渋滞,junai,jutai,substitution
純愛,宮内,junai,kunai,substitution
柔軟,巡演,junan,junen,substitution
柔軟,住人,junan,junin,substitution
柔軟,絨毯,junan,jutan,substitution
準備,准尉,junbi,juni,insertion
巡演,住人,junen,junin,substitution
巡演,十全,junen,juzen,substitution
巡演,無念,junen,munen,substitution
准尉,住人,juni,junin,insertion
住人,従輪,junin,jurin,substitution
順序,純毛,junjo,junmo,substitution
順序,順路,junjo,junro,substitution
順序,順当,junjo,junto,substitution
純毛,順路,junmo,junro,substitution
純毛,順当,junmo,junto,substitution
純毛,雲母,junmo,unmo,insertion
順路,順当,junro,junto,substitution
授乳,重油,junyu,juyu,insertion
授乳,運輸,junyu,unyu,insertion
従来,渋滞,jurai,jutai,substitution
従来,位,jurai,kurai,substitution
従来,由来,jurai,yurai,substitution
従者,樹脂,jusha,jushi,last_char_differs
従者,住所,jusha,jusho,last_char_differs
従者,空車,jusha,kusha,substitution
従者,武者,jusha,musha,substitution
従者,勇者,jusha,yusha,substitution
樹脂,住所,jushi,jusho,last_char_differs
樹脂,串,jushi,kushi,substitution
樹脂,虫,jushi,mushi,substitution
樹脂,主,jushi,nushi,substitution
樹脂,鮨,jushi,sushi,substitution
樹脂,牛,jushi,ushi,insertion
樹脂,油脂,jushi,yushi,substitution
樹脂,厨子,jushi,zushi,substitution
住所,重曹,jusho,juso,insertion
住所,優勝,jusho,yusho,substitution
渋滞,絨毯,jutai,jutan,last_char_differs
渋滞,謡,jutai,utai,insertion
渋滞,図体,jutai,zutai,substitution
重税,十全,juzei,juzen,last_char_differs
十全,友禅,juzen,yuzen,substitution
河馬,鞄,kaba,kaban,insertion
河馬,庇う,kaba,kabau,insertion
河馬,海馬,kaba,kaiba,insertion
鞄,庇う,kaban,kabau,last_char_differs
鞄,花弁,kaban,kaben,substitution
鞄,花瓶,kaban,kabin,substitution
鞄,過分,kaban,kabun,substitution
鞄,花壇,kaban,kadan,substitution
鞄,河畔,kaban,kahan,substitution
鞄,果敢,kaban,kakan,substitution
鞄,下端,kaban,katan,substitution
鞄,火山,kaban,kazan,substitution
鞄,基盤,kaban,kiban,substitution
鞄,鋼板,kaban,koban,substitution
庇う,蕪,kabau,kabu,insertion
庇う,構う,kabau,kamau,substitution
庇う,叶う,kabau,kanau,substitution
壁,花弁,kabe,kaben,insertion
花弁,花瓶,kaben,kabin,substitution
花弁,過分,kaben,kabun,substitution
花弁,家電,kaben,kaden,substitution
花弁,管弦,kaben,kagen,substitution
花弁,可変,kaben,kahen,substitution
花弁,開演,kaben,kaien,substitution
花弁,仮面,kaben,kamen,substitution
花弁,可憐,kaben,karen,substitution
花弁,河川,kaben,kasen,substitution
花弁,加点,kaben,katen,substitution
花弁,多弁,kaben,taben,substitution
華美,花瓶,kabi,kabin,insertion
華美,甘美,kabi,kanbi,insertion
花瓶,過分,kabin,kabun,substitution
花瓶,会員,kabin,kaiin,substitution
花瓶,下院,kabin,kain,insertion
花瓶,家人,kabin,kajin,substitution
花瓶,仮眠,kabin,kamin,substitution
花瓶,機敏,kabin,kibin,substitution
蕪,過分,kabu,kabun,insertion
蕪,幹部,kabu,kanbu,insertion
蕪,浮かぶ,kabu,ukabu,insertion
過分,花粉,kabun,kafun,substitution
過分,海運,kabun,kaiun,substitution
過分,家訓,kabun,kakun,substitution
過分,気分,kabun,kibun,substitution
過分,子分,kabun,kobun,substitution
過分,夜分,kabun,yabun,substitution
価値,家長,kachi,kacho,last_char_differs
価値,渦中,kachi,kachu,last_char_differs
価値,歌碑,kachi,kahi,insertion
価値,会費,kachi,kaihi,substitution
価値,樫,kachi,kashi,substitution
価値,けち,kachi,kechi,substitution
価値,基地,kachi,kichi,substitution
価値,耕地,kachi,kochi,substitution
価値,口,kachi,kuchi,substitution
価値,町,kachi,machi,substitution
価値,太刀,kachi,tachi,substitution
家長,渦中,kacho,kachu,last_char_differs
家長,家宝,kacho,kaho,insertion
家長,介抱,kacho,kaiho,substitution
家長,華商,kacho,kasho,substitution
家長,機長,kacho,kicho,substitution
家長,校長,kacho,kocho,substitution
家長,空調,kacho,kucho,substitution
家長,野鳥,kacho,yacho,substitution
家長,座長,kacho,zacho,substitution
渦中,歌手,kachu,kashu,substitution
渦中,機中,kachu,kichu,substitution
渦中,空中,kachu,kuchu,substitution
課題,花壇,kadai,kadan,last_char_differs
課題,課外,kadai,kagai,substitution
課題,家内,kadai,kanai,substitution
課題,辛い,kadai,karai,substitution
課題,家裁,kadai,kasai,substitution
課題,堅い,kadai,katai,substitution
課題,家財,kadai,kazai,substitution
課題,季題,kadai,kidai,substitution
課題,古代,kadai,kodai,substitution
課題,真鯛,kadai,madai,substitution
課題,多大,kadai,tadai,substitution
課題,話題,kadai,wadai,substitution
花壇,家電,kadan,kaden,substitution
花壇,河畔,kadan,kahan,substitution
花壇,果敢,kadan,kakan,substitution
花壇,下端,kadan,katan,substitution
花壇,火山,kadan,kazan,substitution
花壇,公団,kadan,kodan,substitution
花壇,座談,kadan,zadan,substitution
家電,管弦,kaden,kagen,substitution
家電,可変,kaden,kahen,substitution
家電,開演,kaden,kaien,substitution
家電,仮面,kaden,kamen,substitution
家電,可憐,kaden,karen,substitution
家電,河川,kaden,kasen,substitution
家電,加点,kaden,katen,substitution
家電,香典,kaden,koden,substitution
家電,螺鈿,kaden,raden,substitution
角,海道,kado,kaido,insertion
角,間道,kado,kando,insertion
蛙,返す,kaeru,kaesu,substitution
蛙,薫る,kaeru,kaoru,substitution
蛙,刈る,kaeru,karu,insertion
蛙,蹴る,kaeru,keru,insertion
蛙,消える,kaeru,kieru,substitution
蛙,萎える,kaeru,naeru,substitution
蛙,冴える,kaeru,saeru,substitution
蛙,堪える,kaeru,taeru,substitution
返す,かす,kaesu,kasu,insertion
返す,勝つ,kaesu,katsu,substitution
返す,消す,kaesu,kesu,insertion
家風,花粉,kafu,kafun,insertion
家風,海風,kafu,kaifu,insertion
花粉,海運,kafun,kaiun,substitution
花粉,家訓,kafun,kakun,substitution
花粉,古墳,kafun,kofun,substitution
課外,鍵,kagai,kagi,insertion
課外,家内,kagai,kanai,substitution
課外,辛い,kagai,karai,substitution
課外,家裁,kagai,kasai,substitution
課外,堅い,kagai,katai,substitution
課外,家財,kagai,kazai,substitution
課外,郊外,kagai,kogai,substitution
課外,永い,kagai,nagai,substitution
課外,互い,kagai,tagai,substitution
課外,野外,kagai,yagai,substitution
影,影絵,kage,kagee,insertion
影,管弦,kage,kagen,insertion
影,お陰,kage,okage,insertion
影絵,管弦,kagee,kagen,last_char_differs
管弦,可変,kagen,kahen,substitution
管弦,開演,kagen,kaien,substitution
管弦,仮面,kagen,kamen,substitution
管弦,可憐,kagen,karen,substitution
管弦,河川,kagen,kasen,substitution
管弦,加点,kagen,katen,substitution
管弦,けげん,kagen,kegen,substitution
管弦,期限,kagen,kigen,substitution
管弦,抗原,kagen,kogen,substitution
管弦,左舷,kagen,sagen,substitution
鍵,会議,kagi,kaigi,insertion
籠,介護,kago,kaigo,insertion
家具,蝸牛,kagu,kagyu,insertion
蝸牛,火急,kagyu,kakyu,substitution
蝸牛,肝油,kagyu,kanyu,substitution
蝸牛,下流,kagyu,karyu,substitution
蝸牛,粥,kagyu,kayu,insertion
蝸牛,野牛,kagyu,yagyu,substitution
河畔,可変,kahan,kahen,substitution
河畔,果敢,kahan,kakan,substitution
河畔,下端,kahan,katan,substitution
河畔,火山,kahan,kazan,substitution
河畔,湖畔,kahan,kohan,substitution
貨幣,可変,kahei,kahen,last_char_differs
貨幣,歌碑,kahei,kahi,insertion
貨幣,家系,kahei,kakei,substitution
貨幣,家名,kahei,kamei,substitution
貨幣,鰈,kahei,karei,substitution
貨幣,火星,kahei,kasei,substitution
貨幣,家庭,kahei,katei,substitution
貨幣,公平,kahei,kohei,substitution
可変,開演,kahen,kaien,substitution
可変,仮面,kahen,kamen,substitution
可変,可憐,kahen,karen,substitution
可変,河川,kahen,kasen,substitution
可変,加点,kahen,katen,substitution
可変,木偏,kahen,kihen,substitution
可変,後編,kahen,kohen,substitution
可変,左辺,kahen,sahen,substitution
歌碑,会費,kahi,kaihi,insertion
歌碑,樫,kahi,kashi,insertion
家宝,介抱,kaho,kaiho,insertion
家宝,華商,kaho,kasho,insertion
貝,海馬,kai,kaiba,prefix
貝,快打,kai,kaida,prefix
貝,海道,kai,kaido,prefix
貝,開演,kai,kaien,prefix
貝,海風,kai,kaifu,prefix
貝,絵画,kai,kaiga,prefix
貝,会議,kai,kaigi,prefix
貝,介護,kai,kaigo,prefix
貝,会派,kai,kaiha,prefix
貝,会費,kai,kaihi,prefix
貝,介抱,kai,kaiho,prefix
貝,会員,kai,kaiin,prefix
貝,会場,kai,kaijo,prefix
貝,怪獣,kai,kaiju,prefix
貝,階下,kai,kaika,prefix
貝,会期,kai,kaiki,prefix
貝,蚕,kai,kaiko,prefix
貝,皆無,kai,kaimu,prefix
貝,快音,kai,kaion,prefix
貝,回路,kai,kairo,prefix
貝,海藻,kai,kaiso,prefix
貝,買い手,kai,kaite,prefix
貝,会頭,kai,kaito,prefix
貝,海運,kai,kaiun,prefix
貝,会話,kai,kaiwa,prefix
貝,海洋,kai,kaiyo,prefix
貝,海図,kai,kaizu,prefix
海馬,快打,kaiba,kaida,substitution
海馬,絵画,kaiba,kaiga,substitution
海馬,会派,kaiba,kaiha,substitution
海馬,階下,kaiba,kaika,substitution
海馬,会話,kaiba,kaiwa,substitution
海馬,競馬,kaiba,keiba,substitution
海馬,牙,kaiba,kiba,insertion
快打,海道,kaida,kaido,last_char_differs
快打,絵画,kaida,kaiga,substitution
快打,会派,kaida,kaiha,substitution
快打,階下,kaida,kaika,substitution
快打,会話,kaida,kaiwa,substitution
快打,怠惰,kaida,taida,substitution
海道,介護,kaido,kaigo,substitution
海道,介抱,kaido,kaiho,substitution
海道,会場,kaido,kaijo,substitution
海道,蚕,kaido,kaiko,substitution
海道,回路,kaido,kairo,substitution
海道,海藻,kaido,kaiso,substitution
海道,会頭,kaido,kaito,substitution
海道,海洋,kaido,kaiyo,substitution
海道,間道,kaido,kando,substitution
海道,軽度,kaido,keido,substitution
海道,木戸,kaido,kido,insertion
海道,毎度,kaido,maido,substitution
海道,再度,kaido,saido,substitution
海道,態度,kaido,taido,substitution
開演,会員,kaien,kaiin,substitution
開演,下院,kaien,kain,insertion
開演,快音,kaien,kaion,substitution
開演,海運,kaien,kaiun,substitution
開演,仮面,kaien,kamen,substitution
開演,可憐,kaien,karen,substitution
開演,河川,kaien,kasen,substitution
開演,加点,kaien,katen,substitution
開演,内縁,kaien,naien,substitution
開演,菜園,kaien,saien,substitution
海風,怪獣,kaifu,kaiju,substitution
海風,皆無,kaifu,kaimu,substitution
海風,海図,kaifu,kaizu,substitution
海風,棋譜,kaifu,kifu,insertion
海風,財布,kaifu,saifu,substitution
海風,台風,kaifu,taifu,substitution
絵画,会議,kaiga,kaigi,last_char_differs
絵画,介護,kaiga,kaigo,last_char_differs
絵画,会派,kaiga,kaiha,substitution
絵画,階下,kaiga,kaika,substitution
絵画,会話,kaiga,kaiwa,substitution
絵画,慶賀,kaiga,keiga,substitution
絵画,大河,kaiga,taiga,substitution
会議,介護,kaigi,kaigo,last_char_differs
会議,会費,kaigi,kaihi,substitution
会議,会期,kaigi,kaiki,substitution
会議,木々,kaigi,kigi,insertion
介護,介抱,kaigo,kaiho,substitution
介護,会場,kaigo,kaijo,substitution
介護,蚕,kaigo,kaiko,substitution
介護,回路,kaigo,kairo,substitution
介護,海藻,kaigo,kaiso,substitution
介護,会頭,kaigo,kaito,substitution
介護,海洋,kaigo,kaiyo,substitution
介護,敬語,kaigo,keigo,substitution
介護,季語,kaigo,kigo,insertion
介護,迷子,kaigo,maigo,substitution
介護,最期,kaigo,saigo,substitution
会派,会費,kaiha,kaihi,last_char_differs
会派,介抱,kaiha,kaiho,last_char_differs
会派,階下,kaiha,kaika,substitution
会派,会話,kaiha,kaiwa,substitution
会派,貨車,kaiha,kasha,substitution
会費,介抱,kaihi,kaiho,last_char_differs
会費,会期,kaihi,kaiki,substitution
会費,樫,kaihi,kashi,substitution
会費,経費,kaihi,keihi,substitution
会費,歳費,kaihi,saihi,substitution
会費,堆肥,kaihi,taihi,substitution
介抱,会場,kaiho,kaijo,substitution
介抱,蚕,kaiho,kaiko,substitution
介抱,回路,kaiho,kairo,substitution
介抱,海藻,kaiho,kaiso,substitution
介抱,会頭,kaiho,kaito,substitution
介抱,海洋,kaiho,kaiyo,substitution
介抱,華商,kaiho,kasho,substitution
介抱,警報,kaiho,keiho,substitution
介抱,気泡,kaiho,kiho,insertion
介抱,裁縫,kaiho,saiho,substitution
介抱,大砲,kaiho,taiho,substitution
介抱,財宝,kaiho,zaiho,substitution
会員,下院,kaiin,kain,insertion
会員,快音,kaiin,kaion,substitution
会員,海運,kaiin,kaiun,substitution
会員,家人,kaiin,kajin,substitution
会員,仮眠,kaiin,kamin,substitution
会員,棋院,kaiin,kiin,insertion
会員,隊員,kaiin,taiin,substitution
会場,怪獣,kaijo,kaiju,last_char_differs
会場,蚕,kaijo,kaiko,substitution
会場,回路,kaijo,kairo,substitution
会場,海藻,kaijo,kaiso,substitution
会場,会頭,kaijo,kaito,substitution
会場,海洋,kaijo,kaiyo,substitution
会場,加除,kaijo,kajo,insertion
会場,冠状,kaijo,kanjo,substitution
会場,机上,kaijo,kijo,insertion
会場,才女,kaijo,saijo,substitution
会場,退場,kaijo,taijo,substitution
怪獣,皆無,kaiju,kaimu,substitution
怪獣,海図,kaiju,kaizu,substitution
怪獣,果樹,kaiju,kaju,insertion
怪獣,喜寿,kaiju,kiju,insertion
怪獣,大樹,kaiju,taiju,substitution
階下,会期,kaika,kaiki,last_char_differs
階下,蚕,kaika,kaiko,last_char_differs
階下,会話,kaika,kaiwa,substitution
階下,閣下,kaika,kakka,substitution
階下,幾何,kaika,kika,insertion
階下,来夏,kaika,raika,substitution
階下,大家,kaika,taika,substitution
会期,蚕,kaiki,kaiko,last_char_differs
会期,柿,kaiki,kaki,insertion
会期,活気,kaiki,kakki,substitution
会期,乾季,kaiki,kanki,substitution
会期,計器,kaiki,keiki,substitution
会期,危機,kaiki,kiki,insertion
会期,小粋,kaiki,koiki,substitution
会期,区域,kaiki,kuiki,substitution
会期,来期,kaiki,raiki,substitution
会期,祭器,kaiki,saiki,substitution
会期,大気,kaiki,taiki,substitution
蚕,回路,kaiko,kairo,substitution
蚕,海藻,kaiko,kaiso,substitution
蚕,会頭,kaiko,kaito,substitution
蚕,海洋,kaiko,kaiyo,substitution
蚕,郭公,kaiko,kakko,substitution
蚕,河口,kaiko,kako,insertion
蚕,刊行,kaiko,kanko,substitution
蚕,稽古,kaiko,keiko,substitution
蚕,気孔,kaiko,kiko,insertion
蚕,舞子,kaiko,maiko,substitution
蚕,来航,kaiko,raiko,substitution
蚕,最高,kaiko,saiko,substitution
蚕,太古,kaiko,taiko,substitution
蚕,在庫,kaiko,zaiko,substitution
皆無,海図,kaimu,kaizu,substitution
皆無,噛む,kaimu,kamu,insertion
下院,快音,kain,kaion,insertion
下院,海運,kain,kaiun,insertion
下院,家人,kain,kajin,insertion
下院,仮眠,kain,kamin,insertion
快音,海運,kaion,kaiun,substitution
快音,家紋,kaion,kamon,substitution
快音,漢音,kaion,kanon,substitution
回路,海藻,kairo,kaiso,substitution
回路,会頭,kairo,kaito,substitution
回路,海洋,kairo,kaiyo,substitution
回路,甘露,kairo,kanro,substitution
回路,家老,kairo,karo,insertion
回路,毛色,kairo,keiro,substitution
回路,黄色,kairo,kiiro,substitution
回路,岐路,kairo,kiro,insertion
回路,大老,kairo,tairo,substitution
回路,賄賂,kairo,wairo,substitution
海藻,会頭,kaiso,kaito,substitution
海藻,海洋,kaiso,kaiyo,substitution
海藻,間奏,kaiso,kanso,substitution
海藻,下層,kaiso,kaso,insertion
海藻,滑走,kaiso,kasso,substitution
海藻,勁草,kaiso,keiso,substitution
海藻,起草,kaiso,kiso,insertion
海藻,内装,kaiso,naiso,substitution
海藻,大宗,kaiso,taiso,substitution
買い手,会頭,kaite,kaito,last_char_differs
買い手,糧,kaite,kate,insertion
買い手,勝手,kaite,katte,substitution
会頭,海洋,kaito,kaiyo,substitution
会頭,巻頭,kaito,kanto,substitution
会頭,下等,kaito,kato,insertion
会頭,鶏頭,kaito,keito,substitution
会頭,生糸,kaito,kiito,substitution
会頭,気筒,kaito,kito,insertion
会頭,対等,kaito,taito,substitution
海運,家訓,kaiun,kakun,substitution
海運,雷雲,kaiun,raiun,substitution
会話,漢和,kaiwa,kanwa,substitution
会話,川,kaiwa,kawa,insertion
会話,対話,kaiwa,taiwa,substitution
海洋,華僑,kaiyo,kakyo,substitution
海洋,寛容,kaiyo,kanyo,substitution
海洋,火曜,kaiyo,kayo,insertion
海洋,紀要,kaiyo,kiyo,insertion
海洋,毎夜,kaiyo,maiyo,substitution
海洋,太陽,kaiyo,taiyo,substitution
海図,系図,kaizu,keizu,substitution
舵,家人,kaji,kajin,insertion
舵,幹事,kaji,kanji,insertion
家人,仮眠,kajin,kamin,substitution
家人,公人,kajin,kojin,substitution
加除,冠状,kajo,kanjo,insertion
果敢,家訓,kakan,kakun,substitution
果敢,下端,kakan,katan,substitution
果敢,火山,kakan,kazan,substitution
果敢,期間,kakan,kikan,substitution
果敢,公館,kakan,kokan,substitution
果敢,空間,kakan,kukan,substitution
果敢,羅漢,kakan,rakan,substitution
果敢,佐官,kakan,sakan,substitution
果敢,多感,kakan,takan,substitution
果敢,和漢,kakan,wakan,substitution
果敢,夜間,kakan,yakan,substitution
家系,柿,kakei,kaki,insertion
家系,活気,kakei,kakki,substitution
家系,各位,kakei,kakui,substitution
家系,家名,kakei,kamei,substitution
家系,鰈,kakei,karei,substitution
家系,火星,kakei,kasei,substitution
家系,家庭,kakei,katei,substitution
家系,光景,kakei,kokei,substitution
家系,矩形,kakei,kukei,substitution
家系,夜景,kakei,yakei,substitution
柿,活気,kaki,kakki,insertion
柿,各位,kaki,kakui,insertion
柿,乾季,kaki,kanki,insertion
閣下,活気,kakka,kakki,last_char_differs
閣下,郭公,kakka,kakko,last_char_differs
閣下,結果,kakka,kekka,substitution
閣下,菊花,kakka,kikka,substitution
閣下,国花,kakka,kokka,substitution
閣下,真っ赤,kakka,makka,substitution
閣下,落下,kakka,rakka,substitution
閣下,昨夏,kakka,sakka,substitution
閣下,雑貨,kakka,zakka,substitution
活気,郭公,kakki,kakko,last_char_differs
活気,各位,kakki,kakui,substitution
活気,乾季,kakki,kanki,substitution
活気,国旗,kakki,kokki,substitution
活気,末期,kakki,makki,substitution
活気,躍起,kakki,yakki,substitution
郭公,河口,kakko,kako,insertion
郭公,華僑,kakko,kakyo,substitution
郭公,刊行,kakko,kanko,substitution
郭公,欠航,kakko,kekko,substitution
郭公,国庫,kakko,kokko,substitution
郭公,真っ向,kakko,makko,substitution
河口,囲う,kako,kakou,insertion
河口,華僑,kako,kakyo,insertion
河口,刊行,kako,kanko,insertion
囲う,閣,kakou,kaku,insertion
囲う,火急,kakou,kakyu,substitution
囲う,通う,kakou,kayou,substitution
閣,各位,kaku,kakui,insertion
閣,家訓,kaku,kakun,insertion
閣,火急,kaku,kakyu,insertion
閣,管区,kaku,kanku,insertion
閣,家屋,kaku,kaoku,insertion
閣,客,kaku,kyaku,insertion
各位,家訓,kakui,kakun,last_char_differs
各位,軽い,kakui,karui,substitution
各位,かゆい,kakui,kayui,substitution
各位,黒衣,kakui,kokui,substitution
家訓,校訓,kakun,kokun,substitution
華僑,火急,kakyo,kakyu,last_char_differs
華僑,寛容,kakyo,kanyo,substitution
華僑,火曜,kakyo,kayo,insertion
華僑,桔梗,kakyo,kikyo,substitution
華僑,皇居,kakyo,kokyo,substitution
華僑,空虚,kakyo,kukyo,substitution
火急,肝油,kakyu,kanyu,substitution
火急,下流,kakyu,karyu,substitution
火急,粥,kakyu,kayu,insertion
火急,気球,kakyu,kikyu,substitution
火急,好球,kakyu,kokyu,substitution
火急,砂丘,kakyu,sakyu,substitution
火急,野球,kakyu,yakyu,substitution
窯,構う,kama,kamau,insertion
構う,噛む,kamau,kamu,insertion
構う,叶う,kamau,kanau,substitution
構う,賜う,kamau,tamau,substitution
亀,家名,kame,kamei,insertion
亀,仮面,kame,kamen,insertion
亀,阿亀,kame,okame,insertion
家名,仮面,kamei,kamen,last_char_differs
家名,神,kamei,kami,insertion
家名,鴨居,kamei,kamoi,substitution
家名,鰈,kamei,karei,substitution
家名,火星,kamei,kasei,substitution
家名,家庭,kamei,katei,substitution
家名,校名,kamei,komei,substitution
仮面,仮眠,kamen,kamin,substitution
仮面,家紋,kamen,kamon,substitution
仮面,可憐,kamen,karen,substitution
仮面,河川,kamen,kasen,substitution
仮面,加点,kamen,katen,substitution
仮面,湖面,kamen,komen,substitution
仮面,多面,kamen,tamen,substitution
神,仮眠,kami,kamin,insertion
神,鴨居,kami,kamoi,insertion
神,狼,kami,okami,insertion
仮眠,家紋,kamin,kamon,substitution
仮眠,公民,kamin,komin,substitution
仮眠,区民,kamin,kumin,substitution
鴨,鴨居,kamo,kamoi,insertion
鴨,家紋,kamo,kamon,insertion
鴨居,家紋,kamoi,kamon,last_char_differs
家紋,漢音,kamon,kanon,substitution
家紋,鬼門,kamon,kimon,substitution
家紋,校門,kamon,komon,substitution
缶,家内,kan,kanai,prefix
缶,叶う,kan,kanau,prefix
缶,甘美,kan,kanbi,prefix
缶,官房,kan,kanbo,prefix
缶,幹部,kan,kanbu,prefix
缶,間道,kan,kando,prefix
缶,患者,kan,kanja,prefix
缶,幹事,kan,kanji,prefix
缶,冠状,kan,kanjo,prefix
缶,乾季,kan,kanki,prefix
缶,刊行,kan,kanko,prefix
缶,管区,kan,kanku,prefix
缶,鉋,kan,kanna,prefix
缶,漢音,kan,kanon,prefix
缶,官報,kan,kanpo,prefix
缶,完封,kan,kanpu,prefix
缶,官吏,kan,kanri,prefix
缶,甘露,kan,kanro,prefix
缶,間奏,kan,kanso,prefix
缶,巻頭,kan,kanto,prefix
缶,漢和,kan,kanwa,prefix
缶,寛容,kan,kanyo,prefix
缶,肝油,kan,kanyu,prefix
缶,肝臓,kan,kanzo,prefix
家内,叶う,kanai,kanau,last_char_differs
家内,甘美,kanai,kanbi,substitution
家内,蟹,kanai,kani,insertion
家内,幹事,kanai,kanji,substitution
家内,乾季,kanai,kanki,substitution
家内,官吏,kanai,kanri,substitution
家内,辛い,kanai,karai,substitution
家内,家裁,kanai,kasai,substitution
家内,堅い,kanai,katai,substitution
家内,家財,kanai,kazai,substitution
家内,構内,kanai,konai,substitution
家内,宮内,kanai,kunai,substitution
叶う,幹部,kanau,kanbu,substitution
叶う,管区,kanau,kanku,substitution
叶う,完封,kanau,kanpu,substitution
叶う,肝油,kanau,kanyu,substitution
甘美,官房,kanbi,kanbo,last_char_differs
甘美,幹部,kanbi,kanbu,last_char_differs
甘美,蟹,kanbi,kani,insertion
甘美,幹事,kanbi,kanji,substitution
甘美,乾季,kanbi,kanki,substitution
甘美,官吏,kanbi,kanri,substitution
官房,幹部,kanbo,kanbu,last_char_differs
官房,間道,kanbo,kando,substitution
官房,冠状,kanbo,kanjo,substitution
官房,刊行,kanbo,kanko,substitution
官房,可能,kanbo,kano,insertion
官房,官報,kanbo,kanpo,substitution
官房,甘露,kanbo,kanro,substitution
官房,間奏,kanbo,kanso,substitution
官房,巻頭,kanbo,kanto,substitution
官房,寛容,kanbo,kanyo,substitution
官房,肝臓,kanbo,kanzo,substitution
官房,賢母,kanbo,kenbo,substitution
官房,近傍,kanbo,kinbo,substitution
官房,棍棒,kanbo,konbo,substitution
官房,三方,kanbo,sanbo,substitution
官房,田んぼ,kanbo,tanbo,substitution
幹部,管区,kanbu,kanku,substitution
幹部,完封,kanbu,kanpu,substitution
幹部,肝油,kanbu,kanyu,substitution
幹部,昆布,kanbu,konbu,substitution
幹部,南部,kanbu,nanbu,substitution
幹部,乱舞,kanbu,ranbu,substitution
間道,冠状,kando,kanjo,substitution
間道,刊行,kando,kanko,substitution
間道,可能,kando,kano,insertion
間道,官報,kando,kanpo,substitution
間道,甘露,kando,kanro,substitution
間道,間奏,kando,kanso,substitution
間道,巻頭,kando,kanto,substitution
間道,寛容,kando,kanyo,substitution
間道,肝臓,kando,kanzo,substitution
間道,県道,kando,kendo,substitution
間道,今度,kando,kondo,substitution
間道,納戸,kando,nando,substitution
間道,参道,kando,sando,substitution
間道,残土,kando,zando,substitution
蟹,幹事,kani,kanji,insertion
蟹,乾季,kani,kanki,insertion
蟹,官吏,kani,kanri,insertion
患者,幹事,kanja,kanji,last_char_differs
患者,冠状,kanja,kanjo,last_char_differs
患者,鉋,kanja,kanna,substitution
患者,漢和,kanja,kanwa,substitution
患者,賢者,kanja,kenja,substitution
幹事,冠状,kanji,kanjo,last_char_differs
幹事,乾季,kanji,kanki,substitution
幹事,官吏,kanji,kanri,substitution
幹事,検事,kanji,kenji,substitution
幹事,卍,kanji,manji,substitution
幹事,参事,kanji,sanji,substitution
冠状,刊行,kanjo,kanko,substitution
冠状,可能,kanjo,kano,insertion
冠状,官報,kanjo,kanpo,substitution
冠状,甘露,kanjo,kanro,substitution
冠状,間奏,kanjo,kanso,substitution
冠状,巻頭,kanjo,kanto,substitution
冠状,寛容,kanjo,kanyo,substitution
冠状,肝臓,kanjo,kanzo,substitution
冠状,近所,kanjo,kinjo,substitution
冠状,根性,kanjo,konjo,substitution
冠状,三女,kanjo,sanjo,substitution
冠状,誕生,kanjo,tanjo,substitution
乾季,刊行,kanki,kanko,last_char_differs
乾季,管区,kanki,kanku,last_char_differs
乾季,官吏,kanki,kanri,substitution
乾季,耕運機,kanki,konki,substitution
乾季,満期,kanki,manki,substitution
乾季,短期,kanki,tanki,substitution
刊行,管区,kanko,kanku,last_char_differs
刊行,可能,kanko,kano,insertion
刊行,官報,kanko,kanpo,substitution
刊行,甘露,kanko,kanro,substitution
刊行,間奏,kanko,kanso,substitution
刊行,巻頭,kanko,kanto,substitution
刊行,寛容,kanko,kanyo,substitution
刊行,肝臓,kanko,kanzo,substitution
刊行,健康,kanko,kenko,substitution
刊行,金鉱,kanko,kinko,substitution
刊行,軟膏,kanko,nanko,substitution
刊行,炭坑,kanko,tanko,substitution
管区,完封,kanku,kanpu,substitution
管区,肝油,kanku,kanyu,substitution
管区,家屋,kanku,kaoku,substitution
鉋,漢和,kanna,kanwa,substitution
可能,漢音,kano,kanon,insertion
可能,官報,kano,kanpo,insertion
可能,甘露,kano,kanro,insertion
可能,間奏,kano,kanso,insertion
可能,巻頭,kano,kanto,insertion
可能,寛容,kano,kanyo,insertion
可能,肝臓,kano,kanzo,insertion
官報,完封,kanpo,kanpu,last_char_differs
官報,甘露,kanpo,kanro,substitution
官報,間奏,kanpo,kanso,substitution
官報,巻頭,kanpo,kanto,substitution
官報,寛容,kanpo,kanyo,substitution
官報,肝臓,kanpo,kanzo,substitution
官報,割烹,kanpo,kappo,substitution
官報,健保,kanpo,kenpo,substitution
官報,南方,kanpo,nanpo,substitution
官報,散歩,kanpo,sanpo,substitution
完封,肝油,kanpu,kanyu,substitution
完封,絹布,kanpu,kenpu,substitution
官吏,甘露,kanri,kanro,last_char_differs
官吏,仮,kanri,kari,insertion
官吏,金利,kanri,kinri,substitution
甘露,間奏,kanro,kanso,substitution
甘露,巻頭,kanro,kanto,substitution
甘露,寛容,kanro,kanyo,substitution
甘露,肝臓,kanro,kanzo,substitution
甘露,家老,kanro,karo,insertion
間奏,巻頭,kanso,kanto,substitution
間奏,寛容,kanso,kanyo,substitution
間奏,肝臓,kanso,kanzo,substitution
間奏,下層,kanso,kaso,insertion
間奏,滑走,kanso,kasso,substitution
間奏,酸素,kanso,sanso,substitution
間奏,炭素,kanso,tanso,substitution
巻頭,寛容,kanto,kanyo,substitution
巻頭,肝臓,kanto,kanzo,substitution
巻頭,下等,kanto,kato,insertion
巻頭,拳闘,kanto,kento,substitution
巻頭,均等,kanto,kinto,substitution
巻頭,南東,kanto,nanto,substitution
巻頭,山頭,kanto,santo,substitution
巻頭,短刀,kanto,tanto,substitution
巻頭,残党,kanto,zanto,substitution
漢和,川,kanwa,kawa,insertion
寛容,肝油,kanyo,kanyu,last_char_differs
寛容,肝臓,kanyo,kanzo,substitution
寛容,火曜,kanyo,kayo,insertion
寛容,兼用,kanyo,kenyo,substitution
寛容,金曜,kanyo,kinyo,substitution
寛容,万葉,kanyo,manyo,substitution
寛容,南洋,kanyo,nanyo,substitution
寛容,山容,kanyo,sanyo,substitution
寛容,単葉,kanyo,tanyo,substitution
肝油,下流,kanyu,karyu,substitution
肝油,粥,kanyu,kayu,insertion
肝油,今夕,kanyu,konyu,substitution
顔,家屋,kao,kaoku,prefix
顔,薫る,kao,kaoru,prefix
家屋,薫る,kaoku,kaoru,substitution
家屋,記憶,kaoku,kioku,substitution
家屋,高空,kaoku,koku,insertion
家屋,局,kaoku,kyoku,substitution
薫る,刈る,kaoru,karu,insertion
薫る,凍る,kaoru,koru,insertion
薫る,治る,kaoru,naoru,substitution
河童,割烹,kappa,kappo,last_char_differs
河童,菜っ葉,kappa,nappa,substitution
河童,らっぱ,kappa,rappa,substitution
殻,辛い,kara,karai,insertion
殻,おから,kara,okara,insertion
辛い,鰈,karai,karei,substitution
辛い,仮,karai,kari,insertion
辛い,軽い,karai,karui,substitution
辛い,家裁,karai,kasai,substitution
辛い,堅い,karai,katai,substitution
辛い,家財,karai,kazai,substitution
辛い,家来,karai,kerai,substitution
辛い,機雷,karai,kirai,substitution
辛い,位,karai,kurai,substitution
辛い,盥,karai,tarai,substitution
辛い,夜来,karai,yarai,substitution
彼,鰈,kare,karei,insertion
彼,可憐,kare,karen,insertion
鰈,可憐,karei,karen,last_char_differs
鰈,仮,karei,kari,insertion
鰈,軽い,karei,karui,substitution
鰈,火星,karei,kasei,substitution
鰈,家庭,karei,katei,substitution
鰈,綺麗,karei,kirei,substitution
鰈,恒例,karei,korei,substitution
可憐,河川,karen,kasen,substitution
可憐,加点,karen,katen,substitution
仮,軽い,kari,karui,insertion
刈る,軽い,karu,karui,insertion
刈る,下流,karu,karyu,insertion
刈る,受かる,karu,ukaru,insertion
軽い,かゆい,karui,kayui,substitution
軽い,丸い,karui,marui,substitution
軽い,悪い,karui,warui,substitution
下流,粥,karyu,kayu,insertion
下流,交流,karyu,koryu,substitution
傘,家裁,kasa,kasai,insertion
傘,貨車,kasa,kasha,insertion
家裁,火星,kasai,kasei,substitution
家裁,樫,kasai,kashi,substitution
家裁,堅い,kasai,katai,substitution
家裁,家財,kasai,kazai,substitution
家裁,高裁,kasai,kosai,substitution
家裁,ささい,kasai,sasai,substitution
家裁,多彩,kasai,tasai,substitution
家裁,和裁,kasai,wasai,substitution
家裁,野菜,kasai,yasai,substitution
火星,河川,kasei,kasen,last_char_differs
火星,樫,kasei,kashi,substitution
火星,家庭,kasei,katei,substitution
火星,棋聖,kasei,kisei,substitution
火星,恒星,kasei,kosei,substitution
火星,野生,kasei,yasei,substitution
河川,加点,kasen,katen,substitution
河川,汽船,kasen,kisen,substitution
河川,鉱泉,kasen,kosen,substitution
河川,螺旋,kasen,rasen,substitution
河川,和船,kasen,wasen,substitution
河川,野選,kasen,yasen,substitution
貨車,樫,kasha,kashi,last_char_differs
貨車,華商,kasha,kasho,last_char_differs
貨車,歌手,kasha,kashu,last_char_differs
貨車,汽車,kasha,kisha,substitution
貨車,公舎,kasha,kosha,substitution
貨車,空車,kasha,kusha,substitution
貨車,他者,kasha,tasha,substitution
貨車,話者,kasha,washa,substitution
樫,華商,kashi,kasho,last_char_differs
樫,歌手,kashi,kashu,last_char_differs
樫,芥子,kashi,keshi,substitution
樫,岸,kashi,kishi,substitution
樫,輿,kashi,koshi,substitution
樫,串,kashi,kushi,substitution
樫,増し,kashi,mashi,substitution
樫,梨,kashi,nashi,substitution
樫,鷲,kashi,washi,substitution
樫,椰子,kashi,yashi,substitution
華商,歌手,kasho,kashu,last_char_differs
華商,下層,kasho,kaso,insertion
華商,滑走,kasho,kasso,substitution
華商,化粧,kasho,kesho,substitution
華商,記章,kasho,kisho,substitution
華商,鉱床,kasho,kosho,substitution
華商,査証,kasho,sasho,substitution
歌手,かす,kashu,kasu,insertion
歌手,旗手,kashu,kishu,substitution
歌手,好手,kashu,koshu,substitution
歌手,句集,kashu,kushu,substitution
歌手,野手,kashu,yashu,substitution
下層,滑走,kaso,kasso,insertion
滑走,雑草,kasso,zasso,substitution
かす,勝つ,kasu,katsu,insertion
かす,侵す,kasu,okasu,insertion
潟,堅い,kata,katai,insertion
潟,下端,kata,katan,insertion
潟,御方,kata,okata,insertion
堅い,下端,katai,katan,last_char_differs
堅い,家庭,katai,katei,substitution
堅い,家財,katai,kazai,substitution
堅い,気体,katai,kitai,substitution
堅い,抗体,katai,kotai,substitution
堅い,屋台,katai,yatai,substitution
下端,加点,katan,katen,substitution
下端,火山,katan,kazan,substitution
下端,奇譚,katan,kitan,substitution
糧,家庭,kate,katei,insertion
糧,加点,kate,katen,insertion
糧,勝手,kate,katte,insertion
家庭,加点,katei,katen,last_char_differs
家庭,湖底,katei,kotei,substitution
加点,基点,katen,kiten,substitution
加点,後転,katen,koten,substitution
加点,句点,katen,kuten,substitution
勝つ,交通,katsu,kotsu,substitution
勝つ,靴,katsu,kutsu,substitution
勝つ,松,katsu,matsu,substitution
勝つ,夏,katsu,natsu,substitution
勝つ,辰,katsu,tatsu,substitution
勝つ,奴,katsu,yatsu,substitution
勝つ,雑,katsu,zatsu,substitution
勝手,切手,katte,kitte,substitution
火曜,通う,kayo,kayou,insertion
通う,粥,kayou,kayu,insertion
通う,迷う,kayou,mayou,substitution
粥,かゆい,kayu,kayui,insertion
かゆい,球威,kayui,kyui,insertion
家財,火山,kazai,kazan,last_char_differs
家財,器材,kazai,kizai,substitution
家財,鋼材,kazai,kozai,substitution
火山,鉱山,kazan,kozan,substitution
けち,経費,kechi,keihi,substitution
けち,芥子,kechi,keshi,substitution
けち,基地,kechi,kichi,substitution
けち,耕地,kechi,kochi,substitution
けち,口,kechi,kuchi,substitution
けげん,期限,kegen,kigen,substitution
けげん,抗原,kegen,kogen,substitution
気配,家来,kehai,kerai,substitution
気配,後輩,kehai,kohai,substitution
罫,競馬,kei,keiba,prefix
罫,軽微,kei,keibi,prefix
罫,警棒,kei,keibo,prefix
罫,警部,kei,keibu,prefix
罫,軽度,kei,keido,prefix
罫,慶賀,kei,keiga,prefix
罫,敬語,kei,keigo,prefix
罫,経費,kei,keihi,prefix
罫,警報,kei,keiho,prefix
罫,啓示,kei,keiji,prefix
罫,計器,kei,keiki,prefix
罫,稽古,kei,keiko,prefix
罫,毛色,kei,keiro,prefix
罫,勁草,kei,keiso,prefix
罫,鶏頭,kei,keito,prefix
罫,軽油,kei,keiyu,prefix
罫,系図,kei,keizu,prefix
競馬,軽微,keiba,keibi,last_char_differs
競馬,警棒,keiba,keibo,last_char_differs
競馬,警部,keiba,keibu,last_char_differs
競馬,慶賀,keiba,keiga,substitution
競馬,牙,keiba,kiba,insertion
競馬,名馬,keiba,meiba,substitution
軽微,警棒,keibi,keibo,last_char_differs
軽微,警部,keibi,keibu,last_char_differs
軽微,経費,keibi,keihi,substitution
軽微,経緯,keibi,keii,insertion
軽微,啓示,keibi,keiji,substitution
軽微,計器,keibi,keiki,substitution
軽微,機微,keibi,kibi,insertion
警棒,警部,keibo,keibu,last_char_differs
警棒,軽度,keibo,keido,substitution
警棒,敬語,keibo,keigo,substitution
警棒,警報,keibo,keiho,substitution
警棒,稽古,keibo,keiko,substitution
警棒,毛色,keibo,keiro,substitution
警棒,勁草,keibo,keiso,substitution
警棒,鶏頭,keibo,keito,substitution
警棒,賢母,keibo,kenbo,substitution
警棒,希望,keibo,kibo,insertion
警棒,名簿,keibo,meibo,substitution
警棒,冷房,keibo,reibo,substitution
警棒,歳暮,keibo,seibo,substitution
警棒,堤防,keibo,teibo,substitution
警部,軽油,keibu,keiyu,substitution
警部,系図,keibu,keizu,substitution
警部,西部,keibu,seibu,substitution
警部,底部,keibu,teibu,substitution
軽度,敬語,keido,keigo,substitution
軽度,警報,keido,keiho,substitution
軽度,稽古,keido,keiko,substitution
軽度,毛色,keido,keiro,substitution
軽度,勁草,keido,keiso,substitution
軽度,鶏頭,keido,keito,substitution
軽度,県道,keido,kendo,substitution
軽度,木戸,keido,kido,insertion
軽度,冥土,keido,meido,substitution
軽度,青銅,keido,seido,substitution
軽度,程度,keido,teido,substitution
慶賀,敬語,keiga,keigo,last_char_differs
慶賀,名画,keiga,meiga,substitution
敬語,警報,keigo,keiho,substitution
敬語,稽古,keigo,keiko,substitution
敬語,毛色,keigo,keiro,substitution
敬語,勁草,keigo,keiso,substitution
敬語,鶏頭,keigo,keito,substitution
敬語,剣豪,keigo,kengo,substitution
敬語,季語,keigo,kigo,insertion
敬語,生後,keigo,seigo,substitution
経費,警報,keihi,keiho,last_char_differs
経費,経緯,keihi,keii,insertion
経費,啓示,keihi,keiji,substitution
経費,計器,keihi,keiki,substitution
経費,芥子,keihi,keshi,substitution
警報,稽古,keiho,keiko,substitution
警報,毛色,keiho,keiro,substitution
警報,勁草,keiho,keiso,substitution
警報,鶏頭,keiho,keito,substitution
警報,化粧,keiho,kesho,substitution
警報,気泡,keiho,kiho,insertion
警報,名峰,keiho,meiho,substitution
警報,西方,keiho,seiho,substitution
経緯,啓示,keii,keiji,insertion
経緯,計器,keii,keiki,insertion
啓示,計器,keiji,keiki,substitution
啓示,検事,keiji,kenji,substitution
啓示,雉,keiji,kiji,insertion
啓示,青磁,keiji,seiji,substitution
啓示,定時,keiji,teiji,substitution
計器,稽古,keiki,keiko,last_char_differs
計器,危機,keiki,kiki,insertion
計器,小粋,keiki,koiki,substitution
計器,区域,keiki,kuiki,substitution
計器,寝息,keiki,neiki,substitution
計器,冷気,keiki,reiki,substitution
計器,世紀,keiki,seiki,substitution
計器,定期,keiki,teiki,substitution
稽古,毛色,keiko,keiro,substitution
稽古,勁草,keiko,keiso,substitution
稽古,鶏頭,keiko,keito,substitution
稽古,欠航,keiko,kekko,substitution
稽古,健康,keiko,kenko,substitution
稽古,気孔,keiko,kiko,insertion
稽古,名工,keiko,meiko,substitution
稽古,精巧,keiko,seiko,substitution
毛色,勁草,keiro,keiso,substitution
毛色,鶏頭,keiro,keito,substitution
毛色,黄色,keiro,kiiro,substitution
毛色,岐路,keiro,kiro,insertion
毛色,迷路,keiro,meiro,substitution
毛色,音色,keiro,neiro,substitution
勁草,鶏頭,keiso,keito,substitution
勁草,起草,keiso,kiso,insertion
勁草,名僧,keiso,meiso,substitution
勁草,礼装,keiso,reiso,substitution
勁草,清掃,keiso,seiso,substitution
鶏頭,拳闘,keito,kento,substitution
鶏頭,生糸,keito,kiito,substitution
鶏頭,気筒,keito,kito,insertion
鶏頭,冷凍,keito,reito,substitution
鶏頭,生徒,keito,seito,substitution
鶏頭,帝都,keito,teito,substitution
軽油,系図,keiyu,keizu,substitution
軽油,名優,keiyu,meiyu,substitution
軽油,声優,keiyu,seiyu,substitution
系図,製図,keizu,seizu,substitution
結果,欠航,kekka,kekko,last_char_differs
結果,県花,kekka,kenka,substitution
結果,菊花,kekka,kikka,substitution
結果,国花,kekka,kokka,substitution
欠航,健康,kekko,kenko,substitution
欠航,国庫,kekko,kokko,substitution
欠航,根っこ,kekko,nekko,substitution
欠航,石膏,kekko,sekko,substitution
欠航,鉄鉱,kekko,tekko,substitution
欠航,絶好,kekko,zekko,substitution
煙い,眠い,kemui,nemui,substitution
剣,賢母,ken,kenbo,prefix
剣,県道,ken,kendo,prefix
剣,県議,ken,kengi,prefix
剣,剣豪,ken,kengo,prefix
剣,検印,ken,kenin,prefix
剣,賢者,ken,kenja,prefix
剣,検事,ken,kenji,prefix
剣,県花,ken,kenka,prefix
剣,健康,ken,kenko,prefix
剣,健保,ken,kenpo,prefix
剣,絹布,ken,kenpu,prefix
剣,拳闘,ken,kento,prefix
剣,巻雲,ken,kenun,prefix
剣,兼用,ken,kenyo,prefix
賢母,県道,kenbo,kendo,substitution
賢母,剣豪,kenbo,kengo,substitution
賢母,健康,kenbo,kenko,substitution
賢母,健保,kenbo,kenpo,substitution
賢母,拳闘,kenbo,kento,substitution
賢母,兼用,kenbo,kenyo,substitution
賢母,近傍,kenbo,kinbo,substitution
賢母,棍棒,kenbo,konbo,substitution
賢母,展望,kenbo,tenbo,substitution
県道,剣豪,kendo,kengo,substitution
県道,健康,kendo,kenko,substitution
県道,健保,kendo,kenpo,substitution
県道,拳闘,kendo,kento,substitution
県道,兼用,kendo,kenyo,substitution
県道,今度,kendo,kondo,substitution
県道,面倒,kendo,mendo,substitution
県道,粘土,kendo,nendo,substitution
県道,船頭,kendo,sendo,substitution
県道,全土,kendo,zendo,substitution
県議,剣豪,kengi,kengo,last_char_differs
県議,検事,kengi,kenji,substitution
剣豪,健康,kengo,kenko,substitution
剣豪,健保,kengo,kenpo,substitution
剣豪,拳闘,kengo,kento,substitution
剣豪,兼用,kengo,kenyo,substitution
剣豪,今後,kengo,kongo,substitution
剣豪,連合,kengo,rengo,substitution
剣豪,前後,kengo,zengo,substitution
検印,巻雲,kenin,kenun,substitution
検印,婚姻,kenin,konin,substitution
検印,船員,kenin,senin,substitution
検印,店員,kenin,tenin,substitution
検印,全員,kenin,zenin,substitution
賢者,検事,kenja,kenji,last_char_differs
賢者,県花,kenja,kenka,substitution
賢者,選者,kenja,senja,substitution
検事,点字,kenji,tenji,substitution
検事,禅師,kenji,zenji,substitution
県花,健康,kenka,kenko,last_char_differs
県花,金貨,kenka,kinka,substitution
県花,綿花,kenka,menka,substitution
県花,恋歌,kenka,renka,substitution
県花,専科,kenka,senka,substitution
県花,天下,kenka,tenka,substitution
県花,全科,kenka,zenka,substitution
健康,健保,kenko,kenpo,substitution
健康,拳闘,kenko,kento,substitution
健康,兼用,kenko,kenyo,substitution
健康,金鉱,kenko,kinko,substitution
健康,面子,kenko,menko,substitution
健康,年功,kenko,nenko,substitution
健康,千古,kenko,senko,substitution
健康,転校,kenko,tenko,substitution
健康,全戸,kenko,zenko,substitution
健保,絹布,kenpo,kenpu,last_char_differs
健保,拳闘,kenpo,kento,substitution
健保,兼用,kenpo,kenyo,substitution
健保,年報,kenpo,nenpo,substitution
健保,連峰,kenpo,renpo,substitution
健保,先方,kenpo,senpo,substitution
健保,店舗,kenpo,tenpo,substitution
健保,前方,kenpo,zenpo,substitution
絹布,綿布,kenpu,menpu,substitution
絹布,前夫,kenpu,zenpu,substitution
拳闘,兼用,kento,kenyo,substitution
拳闘,均等,kento,kinto,substitution
拳闘,年頭,kento,nento,substitution
拳闘,連投,kento,rento,substitution
拳闘,先頭,kento,sento,substitution
拳闘,店頭,kento,tento,substitution
拳闘,全党,kento,zento,substitution
兼用,金曜,kenyo,kinyo,substitution
兼用,綿羊,kenyo,menyo,substitution
毛織り,けり,keori,keri,insertion
毛織り,行李,keori,kori,insertion
毛織り,郷里,keori,kyori,substitution
毛織り,手織り,keori,teori,substitution
家来,けり,kerai,keri,insertion
家来,機雷,kerai,kirai,substitution
家来,位,kerai,kurai,substitution
蹴る,消える,keru,kieru,insertion
蹴る,受ける,keru,ukeru,insertion
芥子,化粧,keshi,kesho,last_char_differs
芥子,岸,keshi,kishi,substitution
芥子,輿,keshi,koshi,substitution
芥子,串,keshi,kushi,substitution
芥子,飯,keshi,meshi,substitution
化粧,記章,kesho,kisho,substitution
化粧,鉱床,kesho,kosho,substitution
気合い,季題,kiai,kidai,insertion
気合い,器械,kiai,kikai,insertion
気合い,機雷,kiai,kirai,insertion
気合い,気体,kiai,kitai,insertion
気合い,器材,kiai,kizai,insertion
気合い,沖合,kiai,okiai,insertion
牙,基盤,kiba,kiban,insertion
牙,置き場,kiba,okiba,insertion
基盤,機敏,kiban,kibin,substitution
基盤,気分,kiban,kibun,substitution
基盤,祈願,kiban,kigan,substitution
基盤,期間,kiban,kikan,substitution
基盤,奇譚,kiban,kitan,substitution
基盤,鋼板,kiban,koban,substitution
機微,機敏,kibi,kibin,insertion
機敏,気分,kibin,kibun,substitution
機敏,貴賓,kibin,kihin,substitution
機敏,棋院,kibin,kiin,insertion
機敏,基金,kibin,kikin,substitution
機敏,きりん,kibin,kirin,substitution
希望,近傍,kibo,kinbo,insertion
気分,基準,kibun,kijun,substitution
気分,子分,kibun,kobun,substitution
基地,機長,kichi,kicho,last_char_differs
基地,機中,kichi,kichu,last_char_differs
基地,岸,kichi,kishi,substitution
基地,耕地,kichi,kochi,substitution
基地,口,kichi,kuchi,substitution
基地,道,kichi,michi,substitution
基地,日,kichi,nichi,substitution
機長,機中,kicho,kichu,last_char_differs
機長,気泡,kicho,kiho,insertion
機長,記章,kicho,kisho,substitution
機長,校長,kicho,kocho,substitution
機長,空調,kicho,kucho,substitution
機中,旗手,kichu,kishu,substitution
機中,空中,kichu,kuchu,substitution
季題,器械,kidai,kikai,substitution
季題,機雷,kidai,kirai,substitution
季題,気体,kidai,kitai,substitution
季題,器材,kidai,kizai,substitution
季題,古代,kidai,kodai,substitution
季題,荷台,kidai,nidai,substitution
帰依,消える,kie,kieru,prefix
気鋭,綺麗,kiei,kirei,insertion
気鋭,棋聖,kiei,kisei,insertion
消える,切る,kieru,kiru,insertion
消える,見える,kieru,mieru,substitution
消える,煮える,kieru,nieru,substitution
祈願,期限,kigan,kigen,substitution
祈願,期間,kigan,kikan,substitution
祈願,奇譚,kigan,kitan,substitution
祈願,湖岸,kigan,kogan,substitution
期限,木偏,kigen,kihen,substitution
期限,棄権,kigen,kiken,substitution
期限,祈念,kigen,kinen,substitution
期限,汽船,kigen,kisen,substitution
期限,基点,kigen,kiten,substitution
期限,抗原,kigen,kogen,substitution
木偏,貴賓,kihen,kihin,substitution
木偏,基本,kihen,kihon,substitution
木偏,棄権,kihen,kiken,substitution
木偏,祈念,kihen,kinen,substitution
木偏,汽船,kihen,kisen,substitution
木偏,基点,kihen,kiten,substitution
木偏,後編,kihen,kohen,substitution
貴賓,基本,kihin,kihon,substitution
貴賓,棋院,kihin,kiin,insertion
貴賓,基金,kihin,kikin,substitution
貴賓,きりん,kihin,kirin,substitution
気泡,基本,kiho,kihon,insertion
気泡,記章,kiho,kisho,insertion
基本,気根,kihon,kikon,substitution
基本,鬼門,kihon,kimon,substitution
基本,見本,kihon,mihon,substitution
奇異,黄色,kii,kiiro,prefix
奇異,生糸,kii,kiito,prefix
棋院,基金,kiin,kikin,insertion
棋院,きりん,kiin,kirin,insertion
黄色,生糸,kiiro,kiito,substitution
黄色,岐路,kiiro,kiro,insertion
生糸,均等,kiito,kinto,substitution
生糸,気筒,kiito,kito,insertion
机上,近所,kijo,kinjo,insertion
喜寿,基準,kiju,kijun,insertion
幾何,器械,kika,kikai,insertion
幾何,期間,kika,kikan,insertion
幾何,菊花,kika,kikka,insertion
幾何,金貨,kika,kinka,insertion
器械,期間,kikai,kikan,last_char_differs
器械,危機,kikai,kiki,insertion
器械,機雷,kikai,kirai,substitution
器械,気体,kikai,kitai,substitution
器械,器材,kikai,kizai,substitution
器械,公海,kikai,kokai,substitution
器械,苦海,kikai,kukai,substitution
器械,理解,kikai,rikai,substitution
期間,棄権,kikan,kiken,substitution
期間,基金,kikan,kikin,substitution
期間,気根,kikan,kikon,substitution
期間,奇譚,kikan,kitan,substitution
期間,公館,kikan,kokan,substitution
期間,空間,kikan,kukan,substitution
期間,蜜柑,kikan,mikan,substitution
棄権,基金,kiken,kikin,substitution
棄権,気根,kiken,kikon,substitution
棄権,祈念,kiken,kinen,substitution
棄権,汽船,kiken,kisen,substitution
棄権,基点,kiken,kiten,substitution
棄権,高検,kiken,koken,substitution
棄権,眉間,kiken,miken,substitution
危機,基金,kiki,kikin,insertion
危機,小粋,kiki,koiki,insertion
危機,区域,kiki,kuiki,insertion
基金,気根,kikin,kikon,substitution
基金,きりん,kikin,kirin,substitution
基金,公金,kikin,kokin,substitution
菊花,金貨,kikka,kinka,substitution
菊花,国花,kikka,kokka,substitution
菊花,日課,kikka,nikka,substitution
菊花,立夏,kikka,rikka,substitution
気孔,気根,kiko,kikon,insertion
気孔,桔梗,kiko,kikyo,insertion
気孔,金鉱,kiko,kinko,insertion
気根,鬼門,kikon,kimon,substitution
気根,古今,kikon,kokon,substitution
気根,未婚,kikon,mikon,substitution
菊,気球,kiku,kikyu,insertion
菊,記憶,kiku,kioku,insertion
桔梗,気球,kikyo,kikyu,last_char_differs
桔梗,奇妙,kikyo,kimyo,substitution
桔梗,金曜,kikyo,kinyo,substitution
桔梗,紀要,kikyo,kiyo,insertion
桔梗,皇居,kikyo,kokyo,substitution
桔梗,空虚,kikyo,kukyo,substitution
気球,好球,kikyu,kokyu,substitution
気球,離宮,kikyu,rikyu,substitution
黄身,憂き身,kimi,ukimi,insertion
肝,鬼門,kimo,kimon,insertion
肝,奇妙,kimo,kimyo,insertion
鬼門,校門,kimon,komon,substitution
奇妙,金曜,kimyo,kinyo,substitution
奇妙,紀要,kimyo,kiyo,insertion
奇妙,巧妙,kimyo,komyo,substitution
近傍,近所,kinbo,kinjo,substitution
近傍,金鉱,kinbo,kinko,substitution
近傍,昨日,kinbo,kino,insertion
近傍,均等,kinbo,kinto,substitution
近傍,金曜,kinbo,kinyo,substitution
近傍,棍棒,kinbo,konbo,substitution
杵,祈念,kine,kinen,insertion
祈念,汽船,kinen,kisen,substitution
祈念,基点,kinen,kiten,substitution
祈念,後年,kinen,konen,substitution
近所,金鉱,kinjo,kinko,substitution
近所,昨日,kinjo,kino,insertion
近所,均等,kinjo,kinto,substitution
近所,金曜,kinjo,kinyo,substitution
近所,根性,kinjo,konjo,substitution
近所,人情,kinjo,ninjo,substitution
金貨,金鉱,kinka,kinko,last_char_differs
金貨,民家,kinka,minka,substitution
金貨,隣家,kinka,rinka,substitution
金鉱,昨日,kinko,kino,insertion
金鉱,均等,kinko,kinto,substitution
金鉱,金曜,kinko,kinyo,substitution
昨日,均等,kino,kinto,insertion
昨日,金曜,kino,kinyo,insertion
金利,桐,kinri,kiri,insertion
均等,金曜,kinto,kinyo,substitution
均等,気筒,kinto,kito,insertion
金曜,紀要,kinyo,kiyo,insertion
金曜,民謡,kinyo,minyo,substitution
記憶,高空,kioku,koku,insertion
記憶,局,kioku,kyoku,substitution
機雷,嫌う,kirai,kirau,last_char_differs
機雷,綺麗,kirai,kirei,substitution
機雷,桐,kirai,kiri,insertion
機雷,気体,kirai,kitai,substitution
機雷,器材,kirai,kizai,substitution
機雷,位,kirai,kurai,substitution
機雷,未来,kirai,mirai,substitution
嫌う,切る,kirau,kiru,insertion
嫌う,食らう,kirau,kurau,substitution
綺麗,桐,kirei,kiri,insertion
綺麗,棋聖,kirei,kisei,substitution
綺麗,恒例,kirei,korei,substitution
桐,切り絵,kiri,kirie,insertion
桐,きりん,kiri,kirin,insertion
切り絵,きりん,kirie,kirin,last_char_differs
きりん,後輪,kirin,korin,substitution
きりん,味醂,kirin,mirin,substitution
きりん,二輪,kirin,nirin,substitution
切る,悔いる,kiru,kuiru,insertion
切る,起きる,kiru,okiru,insertion
棋聖,汽船,kisei,kisen,last_char_differs
棋聖,岸,kisei,kishi,substitution
棋聖,恒星,kisei,kosei,substitution
棋聖,理性,kisei,risei,substitution
汽船,基点,kisen,kiten,substitution
汽船,鉱泉,kisen,kosen,substitution
汽車,岸,kisha,kishi,last_char_differs
汽車,記章,kisha,kisho,last_char_differs
汽車,旗手,kisha,kishu,last_char_differs
汽車,喫茶,kisha,kissa,substitution
汽車,公舎,kisha,kosha,substitution
汽車,空車,kisha,kusha,substitution
岸,記章,kishi,kisho,last_char_differs
岸,旗手,kishi,kishu,last_char_differs
岸,輿,kishi,koshi,substitution
岸,串,kishi,kushi,substitution
岸,西,kishi,nishi,substitution
岸,利子,kishi,rishi,substitution
記章,旗手,kisho,kishu,last_char_differs
記章,起草,kisho,kiso,insertion
記章,鉱床,kisho,kosho,substitution
旗手,競う,kishu,kisou,substitution
旗手,鱚,kishu,kisu,insertion
旗手,好手,kishu,koshu,substitution
旗手,句集,kishu,kushu,substitution
旗手,履修,kishu,rishu,substitution
起草,競う,kiso,kisou,insertion
競う,鱚,kisou,kisu,insertion
北,気体,kita,kitai,insertion
北,奇譚,kita,kitan,insertion
気体,奇譚,kitai,kitan,last_char_differs
気体,器材,kitai,kizai,substitution
気体,抗体,kitai,kotai,substitution
奇譚,基点,kitan,kiten,substitution
基点,後転,kiten,koten,substitution
基点,句点,kiten,kuten,substitution
紀要,清い,kiyo,kiyoi,insertion
紀要,浮き世,kiyo,ukiyo,insertion
清い,今宵,kiyoi,koyoi,substitution
清い,教委,kiyoi,kyoi,insertion
きざ,器材,kiza,kizai,insertion
器材,鋼材,kizai,kozai,substitution
公安,鋼板,koan,koban,insertion
公安,公団,koan,kodan,insertion
公安,湖岸,koan,kogan,insertion
公安,湖畔,koan,kohan,insertion
公安,公館,koan,kokan,insertion
公安,高慢,koan,koman,insertion
公安,港湾,koan,kowan,insertion
公安,鉱山,koan,kozan,insertion
紅梅,鋼板,kobai,koban,last_char_differs
紅梅,古代,kobai,kodai,substitution
紅梅,郊外,kobai,kogai,substitution
紅梅,後輩,kobai,kohai,substitution
紅梅,公海,kobai,kokai,substitution
紅梅,構内,kobai,konai,substitution
紅梅,高裁,kobai,kosai,substitution
紅梅,抗体,kobai,kotai,substitution
紅梅,怖い,kobai,kowai,substitution
紅梅,鋼材,kobai,kozai,substitution
紅梅,老梅,kobai,robai,substitution
鋼板,子分,koban,kobun,substitution
鋼板,公団,koban,kodan,substitution
鋼板,湖岸,koban,kogan,substitution
鋼板,湖畔,koban,kohan,substitution
鋼板,公館,koban,kokan,substitution
鋼板,高慢,koban,koman,substitution
鋼板,港湾,koban,kowan,substitution
鋼板,鉱山,koban,kozan,substitution
鋼板,路盤,koban,roban,substitution
鋼板,早晩,koban,soban,substitution
鋼板,当番,koban,toban,substitution
酵母,棍棒,kobo,konbo,insertion
子分,古墳,kobun,kofun,substitution
子分,皇軍,kobun,kogun,substitution
子分,校訓,kobun,kokun,substitution
子分,のぶん,kobun,nobun,substitution
子分,応分,kobun,obun,insertion
子分,等分,kobun,tobun,substitution
子分,余分,kobun,yobun,substitution
紅茶,耕地,kocha,kochi,last_char_differs
紅茶,校長,kocha,kocho,last_char_differs
紅茶,公舎,kocha,kosha,substitution
耕地,校長,kochi,kocho,last_char_differs
耕地,公費,kochi,kohi,insertion
耕地,輿,kochi,koshi,substitution
耕地,口,kochi,kuchi,substitution
耕地,餅,kochi,mochi,substitution
耕地,後,kochi,nochi,substitution
耕地,装置,kochi,sochi,substitution
耕地,当地,kochi,tochi,substitution
耕地,用地,kochi,yochi,substitution
校長,後方,kocho,koho,insertion
校長,鉱床,kocho,kosho,substitution
校長,空調,kocho,kucho,substitution
校長,王朝,kocho,ocho,insertion
校長,早朝,kocho,socho,substitution
校長,都庁,kocho,tocho,substitution
校長,幼鳥,kocho,yocho,substitution
好打,古代,koda,kodai,insertion
好打,公団,koda,kodan,insertion
好打,小枝,koda,koeda,insertion
好打,強打,koda,kyoda,insertion
古代,公団,kodai,kodan,last_char_differs
古代,郊外,kodai,kogai,substitution
古代,後輩,kodai,kohai,substitution
古代,公海,kodai,kokai,substitution
古代,構内,kodai,konai,substitution
古代,高裁,kodai,kosai,substitution
古代,抗体,kodai,kotai,substitution
古代,怖い,kodai,kowai,substitution
古代,鋼材,kodai,kozai,substitution
古代,総代,kodai,sodai,substitution
古代,灯台,kodai,todai,substitution
公団,香典,kodan,koden,substitution
公団,湖岸,kodan,kogan,substitution
公団,湖畔,kodan,kohan,substitution
公団,公館,kodan,kokan,substitution
公団,高慢,kodan,koman,substitution
公団,港湾,kodan,kowan,substitution
公団,鉱山,kodan,kozan,substitution
公団,横断,kodan,odan,insertion
公団,相談,kodan,sodan,substitution
公団,登壇,kodan,todan,substitution
公団,余談,kodan,yodan,substitution
香典,公園,koden,koen,insertion
香典,抗原,koden,kogen,substitution
香典,後編,koden,kohen,substitution
香典,高検,koden,koken,substitution
香典,湖面,koden,komen,substitution
香典,後年,koden,konen,substitution
香典,鉱泉,koden,kosen,substitution
香典,後転,koden,koten,substitution
香典,おでん,koden,oden,insertion
香典,漏電,koden,roden,substitution
香典,都電,koden,toden,substitution
公道,今度,kodo,kondo,insertion
公道,郷土,kodo,kyodo,insertion
肥,小枝,koe,koeda,prefix
後衛,工芸,koei,kogei,insertion
後衛,公平,koei,kohei,insertion
後衛,光景,koei,kokei,insertion
後衛,校名,koei,komei,insertion
後衛,恒例,koei,korei,insertion
後衛,恒星,koei,kosei,insertion
後衛,湖底,koei,kotei,insertion
後衛,競泳,koei,kyoei,insertion
公園,抗原,koen,kogen,insertion
公園,後編,koen,kohen,insertion
公園,高検,koen,koken,insertion
公園,湖面,koen,komen,insertion
公園,後年,koen,konen,insertion
公園,鉱泉,koen,kosen,insertion
公園,後転,koen,koten,insertion
公園,饗宴,koen,kyoen,insertion
校風,古墳,kofu,kofun,insertion
校風,京風,kofu,kyofu,insertion
古墳,皇軍,kofun,kogun,substitution
古墳,校訓,kofun,kokun,substitution
郊外,湖岸,kogai,kogan,last_char_differs
郊外,工芸,kogai,kogei,substitution
郊外,講義,kogai,kogi,insertion
郊外,後輩,kogai,kohai,substitution
郊外,公海,kogai,kokai,substitution
郊外,構内,kogai,konai,substitution
郊外,高裁,kogai,kosai,substitution
郊外,抗体,kogai,kotai,substitution
郊外,怖い,kogai,kowai,substitution
郊外,鋼材,kogai,kozai,substitution
郊外,野飼い,kogai,nogai,substitution
郊外,大貝,kogai,ogai,insertion
郊外,要害,kogai,yogai,substitution
湖岸,抗原,kogan,kogen,substitution
湖岸,皇軍,kogan,kogun,substitution
湖岸,湖畔,kogan,kohan,substitution
湖岸,公館,kogan,kokan,substitution
湖岸,高慢,kogan,koman,substitution
湖岸,港湾,kogan,kowan,substitution
湖岸,鉱山,kogan,kozan,substitution
湖岸,溶岩,kogan,yogan,substitution
湖岸,象眼,kogan,zogan,substitution
工芸,抗原,kogei,kogen,last_char_differs
工芸,講義,kogei,kogi,insertion
工芸,公平,kogei,kohei,substitution
工芸,光景,kogei,kokei,substitution
工芸,校名,kogei,komei,substitution
工芸,恒例,kogei,korei,substitution
工芸,恒星,kogei,kosei,substitution
工芸,湖底,kogei,kotei,substitution
工芸,送迎,kogei,sogei,substitution
工芸,陶芸,kogei,togei,substitution
抗原,皇軍,kogen,kogun,substitution
抗原,後編,kogen,kohen,substitution
抗原,高検,kogen,koken,substitution
抗原,湖面,kogen,komen,substitution
抗原,後年,kogen,konen,substitution
抗原,鉱泉,kogen,kosen,substitution
抗原,後転,kogen,koten,substitution
抗原,草原,kogen,sogen,substitution
抗原,用言,kogen,yogen,substitution
講義,教義,kogi,kyogi,insertion
皇后,興行,kogo,kogyo,insertion
皇后,今後,kogo,kongo,insertion
皇后,強豪,kogo,kyogo,insertion
工具,皇軍,kogu,kogun,insertion
皇軍,校訓,kogun,kokun,substitution
皇軍,空軍,kogun,kugun,substitution
興行,皇居,kogyo,kokyo,substitution
興行,巧妙,kogyo,komyo,substitution
興行,香料,kogyo,koryo,substitution
興行,紅葉,kogyo,koyo,insertion
興行,苦行,kogyo,kugyo,substitution
興行,農業,kogyo,nogyo,substitution
興行,幼魚,kogyo,yogyo,substitution
後輩,湖畔,kohai,kohan,last_char_differs
後輩,公平,kohai,kohei,substitution
後輩,公費,kohai,kohi,insertion
後輩,公海,kohai,kokai,substitution
後輩,構内,kohai,konai,substitution
後輩,高裁,kohai,kosai,substitution
後輩,抗体,kohai,kotai,substitution
後輩,怖い,kohai,kowai,substitution
後輩,鋼材,kohai,kozai,substitution
湖畔,後編,kohan,kohen,substitution
湖畔,公館,kohan,kokan,substitution
湖畔,高慢,kohan,koman,substitution
湖畔,港湾,kohan,kowan,substitution
湖畔,鉱山,kohan,kozan,substitution
湖畔,模範,kohan,mohan,substitution
公平,後編,kohei,kohen,last_char_differs
公平,公費,kohei,kohi,insertion
公平,光景,kohei,kokei,substitution
公平,校名,kohei,komei,substitution
公平,恒例,kohei,korei,substitution
公平,恒星,kohei,kosei,substitution
公平,湖底,kohei,kotei,substitution
公平,横柄,kohei,ohei,insertion
公平,葉柄,kohei,yohei,substitution
後編,高検,kohen,koken,substitution
後編,湖面,kohen,komen,substitution
後編,後年,kohen,konen,substitution
後編,鉱泉,kohen,kosen,substitution
後編,後転,kohen,koten,substitution
公費,輿,kohi,koshi,insertion
公費,巨費,kohi,kyohi,insertion
後方,鉱床,koho,kosho,insertion
後方,競歩,koho,kyoho,insertion
鯉,小粋,koi,koiki,prefix
小粋,後期,koiki,koki,insertion
小粋,国旗,koiki,kokki,substitution
小粋,耕運機,koiki,konki,substitution
小粋,区域,koiki,kuiki,substitution
小粋,吐息,koiki,toiki,substitution
公印,公人,koin,kojin,insertion
公印,公金,koin,kokin,insertion
公印,公民,koin,komin,insertion
公印,婚姻,koin,konin,insertion
公印,後輪,koin,korin,insertion
公印,教員,koin,kyoin,insertion
麹,公人,koji,kojin,insertion
公人,公金,kojin,kokin,substitution
公人,公民,kojin,komin,substitution
公人,婚姻,kojin,konin,substitution
公人,後輪,kojin,korin,substitution
公人,老人,kojin,rojin,substitution
公人,要人,kojin,yojin,substitution
工場,根性,kojo,konjo,insertion
工場,橋上,kojo,kyojo,insertion
硬貨,公海,koka,kokai,insertion
硬貨,公館,koka,kokan,insertion
硬貨,国花,koka,kokka,insertion
硬貨,教科,koka,kyoka,insertion
公海,公館,kokai,kokan,last_char_differs
公海,光景,kokai,kokei,substitution
公海,後期,kokai,koki,insertion
公海,国旗,kokai,kokki,substitution
公海,黒衣,kokai,kokui,substitution
公海,構内,kokai,konai,substitution
公海,高裁,kokai,kosai,substitution
公海,抗体,kokai,kotai,substitution
公海,怖い,kokai,kowai,substitution
公海,鋼材,kokai,kozai,substitution
公海,苦海,kokai,kukai,substitution
公海,壮快,kokai,sokai,substitution
公海,都会,kokai,tokai,substitution
公海,妖怪,kokai,yokai,substitution
公館,高検,kokan,koken,substitution
公館,公金,kokan,kokin,substitution
公館,古今,kokan,kokon,substitution
公館,校訓,kokan,kokun,substitution
公館,高慢,kokan,koman,substitution
公館,港湾,kokan,kowan,substitution
公館,鉱山,kokan,kozan,substitution
公館,空間,kokan,kukan,substitution
公館,脳幹,kokan,nokan,substitution
公館,王冠,kokan,okan,insertion
公館,総監,kokan,sokan,substitution
公館,投函,kokan,tokan,substitution
公館,羊羮,kokan,yokan,substitution
公館,増刊,kokan,zokan,substitution
苔,光景,koke,kokei,insertion
苔,高検,koke,koken,insertion
光景,高検,kokei,koken,last_char_differs
光景,後期,kokei,koki,insertion
光景,国旗,kokei,kokki,substitution
光景,黒衣,kokei,kokui,substitution
光景,校名,kokei,komei,substitution
光景,恒例,kokei,korei,substitution
光景,恒星,kokei,kosei,substitution
光景,湖底,kokei,kotei,substitution
光景,矩形,kokei,kukei,substitution
光景,模型,kokei,mokei,substitution
光景,時計,kokei,tokei,substitution
光景,余計,kokei,yokei,substitution
高検,公金,koken,kokin,substitution
高検,古今,koken,kokon,substitution
高検,校訓,koken,kokun,substitution
高検,湖面,koken,komen,substitution
高検,後年,koken,konen,substitution
高検,鉱泉,koken,kosen,substitution
高検,後転,koken,koten,substitution
高検,猛犬,koken,moken,substitution
高検,総研,koken,soken,substitution
高検,刀剣,koken,token,substitution
高検,用件,koken,yoken,substitution
後期,公金,koki,kokin,insertion
後期,国旗,koki,kokki,insertion
後期,黒衣,koki,kokui,insertion
後期,耕運機,koki,konki,insertion
後期,凶器,koki,kyoki,insertion
公金,古今,kokin,kokon,substitution
公金,校訓,kokin,kokun,substitution
公金,公民,kokin,komin,substitution
公金,婚姻,kokin,konin,substitution
公金,後輪,kokin,korin,substitution
公金,預金,kokin,yokin,substitution
公金,雑巾,kokin,zokin,substitution
国花,国旗,kokka,kokki,last_char_differs
国花,国庫,kokka,kokko,last_char_differs
国花,目下,kokka,mokka,substitution
国花,特科,kokka,tokka,substitution
国旗,国庫,kokki,kokko,last_char_differs
国旗,黒衣,kokki,kokui,substitution
国旗,耕運機,kokki,konki,substitution
国旗,突起,kokki,tokki,substitution
国庫,口腔,kokko,koko,insertion
国庫,国王,kokko,kokuo,substitution
国庫,皇居,kokko,kokyo,substitution
国庫,側溝,kokko,sokko,substitution
国庫,特効,kokko,tokko,substitution
国庫,続行,kokko,zokko,substitution
口腔,古今,koko,kokon,insertion
口腔,国王,koko,kokuo,insertion
口腔,皇居,koko,kokyo,insertion
口腔,強硬,koko,kyoko,insertion
古今,校訓,kokon,kokun,substitution
古今,校門,kokon,komon,substitution
古今,濃紺,kokon,nokon,substitution
古今,早婚,kokon,sokon,substitution
高空,黒衣,koku,kokui,insertion
高空,校訓,koku,kokun,insertion
高空,国王,koku,kokuo,insertion
高空,好球,koku,kokyu,insertion
高空,局,koku,kyoku,insertion
高空,王国,koku,okoku,insertion
黒衣,校訓,kokui,kokun,last_char_differs
黒衣,国王,kokui,kokuo,last_char_differs
黒衣,硬水,kokui,kosui,substitution
黒衣,洪水,kokui,kozui,substitution
黒衣,得意,kokui,tokui,substitution
校訓,国王,kokun,kokuo,last_char_differs
国王,皇居,kokuo,kokyo,substitution
皇居,好球,kokyo,kokyu,last_char_differs
皇居,巧妙,kokyo,komyo,substitution
皇居,香料,kokyo,koryo,substitution
皇居,紅葉,kokyo,koyo,insertion
皇居,空虚,kokyo,kukyo,substitution
皇居,農協,kokyo,nokyo,substitution
皇居,余興,kokyo,yokyo,substitution
皇居,増強,kokyo,zokyo,substitution
好球,今夕,kokyu,konyu,substitution
好球,交流,kokyu,koryu,substitution
好球,交友,kokyu,koyu,insertion
好球,王宮,kokyu,okyu,insertion
好球,送球,kokyu,sokyu,substitution
好球,投球,kokyu,tokyu,substitution
好球,洋弓,kokyu,yokyu,substitution
駒,高慢,koma,koman,insertion
高慢,湖面,koman,komen,substitution
高慢,公民,koman,komin,substitution
高慢,校門,koman,komon,substitution
高慢,港湾,koman,kowan,substitution
高慢,鉱山,koman,kozan,substitution
米,校名,kome,komei,insertion
米,湖面,kome,komen,insertion
校名,湖面,komei,komen,last_char_differs
校名,恒例,komei,korei,substitution
校名,恒星,komei,kosei,substitution
校名,湖底,komei,kotei,substitution
校名,聡明,komei,somei,substitution
校名,透明,komei,tomei,substitution
湖面,公民,komen,komin,substitution
湖面,校門,komen,komon,substitution
湖面,後年,komen,konen,substitution
湖面,鉱泉,komen,kosen,substitution
湖面,後転,komen,koten,substitution
湖面,木綿,komen,momen,substitution
湖面,能面,komen,nomen,substitution
湖面,路面,komen,romen,substitution
湖面,索麺,komen,somen,substitution
湖面,当面,komen,tomen,substitution
公民,校門,komin,komon,substitution
公民,婚姻,komin,konin,substitution
公民,後輪,komin,korin,substitution
公民,区民,komin,kumin,substitution
公民,農民,komin,nomin,substitution
公民,島民,komin,tomin,substitution
薦,校門,komo,komon,insertion
薦,巧妙,komo,komyo,insertion
薦,根毛,komo,konmo,insertion
校門,楼門,komon,romon,substitution
込む,教務,komu,kyomu,insertion
巧妙,香料,komyo,koryo,substitution
巧妙,紅葉,komyo,koyo,insertion
巧妙,灯明,komyo,tomyo,substitution
紺,構内,kon,konai,prefix
紺,棍棒,kon,konbo,prefix
紺,昆布,kon,konbu,prefix
紺,今度,kon,kondo,prefix
紺,後年,kon,konen,prefix
紺,今後,kon,kongo,prefix
紺,婚姻,kon,konin,prefix
紺,根性,kon,konjo,prefix
紺,耕運機,kon,konki,prefix
紺,根毛,kon,konmo,prefix
紺,今夜,kon,konya,prefix
紺,今夕,kon,konyu,prefix
粉,構内,kona,konai,insertion
粉,今夜,kona,konya,insertion
構内,懇意,konai,koni,insertion
構内,耕運機,konai,konki,substitution
構内,高裁,konai,kosai,substitution
構内,抗体,konai,kotai,substitution
構内,怖い,konai,kowai,substitution
構内,鋼材,konai,kozai,substitution
構内,宮内,konai,kunai,substitution
棍棒,昆布,konbo,konbu,last_char_differs
棍棒,今度,konbo,kondo,substitution
棍棒,今後,konbo,kongo,substitution
棍棒,根性,konbo,konjo,substitution
棍棒,根毛,konbo,konmo,substitution
棍棒,蜻蛉,konbo,tonbo,substitution
昆布,今夕,konbu,konyu,substitution
昆布,おんぶ,konbu,onbu,insertion
今度,今後,kondo,kongo,substitution
今度,根性,kondo,konjo,substitution
今度,根毛,kondo,konmo,substitution
今度,問答,kondo,mondo,substitution
後年,婚姻,konen,konin,substitution
後年,鉱泉,konen,kosen,substitution
後年,後転,konen,koten,substitution
後年,往年,konen,onen,insertion
後年,壮年,konen,sonen,substitution
後年,当年,konen,tonen,substitution
後年,幼年,konen,yonen,substitution
今後,根性,kongo,konjo,substitution
今後,根毛,kongo,konmo,substitution
懇意,婚姻,koni,konin,insertion
懇意,耕運機,koni,konki,insertion
婚姻,後輪,konin,korin,substitution
婚姻,浪人,konin,ronin,substitution
婚姻,当人,konin,tonin,substitution
根性,根毛,konjo,konmo,substitution
根性,温情,konjo,onjo,insertion
耕運機,のんき,konki,nonki,substitution
今夜,今夕,konya,konyu,last_char_differs
今夜,荒野,konya,koya,insertion
今夜,問屋,konya,tonya,substitution
今夕,交流,konyu,koryu,substitution
今夕,交友,konyu,koyu,insertion
今夕,納入,konyu,nonyu,substitution
今夕,豆乳,konyu,tonyu,substitution
恒例,行李,korei,kori,insertion
恒例,恒星,korei,kosei,substitution
恒例,湖底,korei,kotei,substitution
恒例,御礼,korei,orei,insertion
恒例,祖霊,korei,sorei,substitution
行李,後輪,kori,korin,insertion
行李,郷里,kori,kyori,insertion
頃,香料,koro,koryo,insertion
凍る,交流,koru,koryu,insertion
凍る,怒る,koru,okoru,insertion
香料,交流,koryo,koryu,last_char_differs
香料,紅葉,koryo,koyo,insertion
香料,納涼,koryo,noryo,substitution
香料,僧侶,koryo,soryo,substitution
香料,棟梁,koryo,toryo,substitution
香料,要領,koryo,yoryo,substitution
交流,交友,koryu,koyu,insertion
考査,高裁,kosa,kosai,insertion
考査,公舎,kosa,kosha,insertion
高裁,恒星,kosai,kosei,substitution
高裁,輿,kosai,koshi,substitution
高裁,硬水,kosai,kosui,substitution
高裁,抗体,kosai,kotai,substitution
高裁,怖い,kosai,kowai,substitution
高裁,鋼材,kosai,kozai,substitution
高裁,総裁,kosai,sosai,substitution
高裁,要塞,kosai,yosai,substitution
恒星,鉱泉,kosei,kosen,last_char_differs
恒星,輿,kosei,koshi,substitution
恒星,硬水,kosei,kosui,substitution
恒星,湖底,kosei,kotei,substitution
恒星,旺盛,kosei,osei,insertion
恒星,早世,kosei,sosei,substitution
恒星,妖精,kosei,yosei,substitution
鉱泉,後転,kosen,koten,substitution
鉱泉,毛氈,kosen,mosen,substitution
鉱泉,路線,kosen,rosen,substitution
鉱泉,祖先,kosen,sosen,substitution
鉱泉,当選,kosen,tosen,substitution
鉱泉,予選,kosen,yosen,substitution
公舎,輿,kosha,koshi,last_char_differs
公舎,鉱床,kosha,kosho,last_char_differs
公舎,好手,kosha,koshu,last_char_differs
公舎,空車,kosha,kusha,substitution
公舎,模写,kosha,mosha,substitution
公舎,老者,kosha,rosha,substitution
公舎,走者,kosha,sosha,substitution
公舎,当社,kosha,tosha,substitution
輿,鉱床,koshi,kosho,last_char_differs
輿,好手,koshi,koshu,last_char_differs
輿,硬水,koshi,kosui,substitution
輿,串,koshi,kushi,substitution
輿,模試,koshi,moshi,substitution
輿,熨斗,koshi,noshi,substitution
輿,牡牛,koshi,oshi,insertion
輿,ろ紙,koshi,roshi,substitution
輿,素子,koshi,soshi,substitution
輿,年,koshi,toshi,substitution
輿,洋紙,koshi,yoshi,substitution
鉱床,好手,kosho,koshu,last_char_differs
鉱床,酵素,kosho,koso,insertion
鉱床,猛暑,kosho,mosho,substitution
鉱床,王将,kosho,osho,insertion
鉱床,叢書,kosho,sosho,substitution
鉱床,島嶼,kosho,tosho,substitution
鉱床,洋書,kosho,yosho,substitution
鉱床,蔵書,kosho,zosho,substitution
好手,漉す,koshu,kosu,insertion
好手,句集,koshu,kushu,substitution
好手,党首,koshu,toshu,substitution
好手,洋酒,koshu,yoshu,substitution
酵素,教祖,koso,kyoso,insertion
漉す,硬水,kosu,kosui,insertion
漉す,交通,kosu,kotsu,insertion
漉す,興す,kosu,okosu,insertion
硬水,洪水,kosui,kozui,substitution
硬水,汚水,kosui,osui,insertion
硬水,漏水,kosui,rosui,substitution
硬水,総帥,kosui,sosui,substitution
硬水,統帥,kosui,tosui,substitution
硬水,用水,kosui,yosui,substitution
硬水,雑炊,kosui,zosui,substitution
小唄,答,kota,kotae,insertion
小唄,抗体,kota,kotai,insertion
答,抗体,kotae,kotai,last_char_differs
答,小手,kotae,kote,insertion
抗体,湖底,kotai,kotei,substitution
抗体,怖い,kotai,kowai,substitution
抗体,鋼材,kotai,kozai,substitution
抗体,早退,kotai,sotai,substitution
小手,湖底,kote,kotei,insertion
小手,後転,kote,koten,insertion
湖底,後転,kotei,koten,last_char_differs
湖底,漕艇,kotei,sotei,substitution
湖底,徒弟,kotei,totei,substitution
湖底,予定,kotei,yotei,substitution
後転,句点,koten,kuten,substitution
後転,野天,koten,noten,substitution
後転,露店,koten,roten,substitution
後転,当店,koten,toten,substitution
後転,要点,koten,yoten,substitution
孤島,骨董,koto,kotto,insertion
孤島,教徒,koto,kyoto,insertion
交通,靴,kotsu,kutsu,substitution
交通,持つ,kotsu,motsu,substitution
交通,そつ,kotsu,sotsu,substitution
骨董,夫,kotto,otto,insertion
講話,怖い,kowa,kowai,insertion
講話,港湾,kowa,kowan,insertion
講話,おこわ,kowa,okowa,insertion
怖い,港湾,kowai,kowan,last_char_differs
怖い,鋼材,kowai,kozai,substitution
怖い,齢,kowai,yowai,substitution
港湾,鉱山,kowan,kozan,substitution
紅葉,今宵,koyo,koyoi,insertion
今宵,教委,koyoi,kyoi,insertion
交友,教諭,koyu,kyoyu,insertion
口座,鋼材,koza,kozai,insertion
口座,鉱山,koza,kozan,insertion
鋼材,鉱山,kozai,kozan,last_char_differs
鋼材,洪水,kozai,kozui,substitution
鋼材,総菜,kozai,sozai,substitution
鋼材,東西,kozai,tozai,substitution
鋼材,溶剤,kozai,yozai,substitution
鉱山,早産,kozan,sozan,substitution
鉱山,登山,kozan,tozan,substitution
楮,虚像,kozo,kyozo,insertion
梢,洪水,kozue,kozui,last_char_differs
梢,野末,kozue,nozue,substitution
洪水,脳髄,kozui,nozui,substitution
首,おくび,kubi,okubi,insertion
空母,窮乏,kubo,kyubo,insertion
区部,休部,kubu,kyubu,insertion
口,空調,kuchi,kucho,last_char_differs
口,空中,kuchi,kuchu,last_char_differs
口,串,kuchi,kushi,substitution
口,鞭,kuchi,muchi,substitution
口,内,kuchi,uchi,insertion
空調,空中,kucho,kuchu,last_char_differs
空調,悠長,kucho,yucho,substitution
空中,句集,kuchu,kushu,substitution
空中,夢中,kuchu,muchu,substitution
空中,宇宙,kuchu,uchu,insertion
くどい,黒い,kudoi,kuroi,substitution
工夫,休符,kufu,kyufu,insertion
釘,球技,kugi,kyugi,insertion
空軍,友軍,kugun,yugun,substitution
苦行,空虚,kugyo,kukyo,substitution
苦行,供養,kugyo,kuyo,insertion
杭,食い気,kui,kuike,prefix
杭,区域,kui,kuiki,prefix
杭,悔いる,kui,kuiru,prefix
食い気,区域,kuike,kuiki,last_char_differs
区域,空気,kuiki,kuki,insertion
悔いる,刳る,kuiru,kuru,insertion
くじ,球児,kuji,kyuji,insertion
苦情,宮城,kujo,kyujo,insertion
苦情,屋上,kujo,okujo,insertion
苦海,空間,kukai,kukan,last_char_differs
苦海,矩形,kukai,kukei,substitution
苦海,空気,kukai,kuki,insertion
苦海,宮内,kukai,kunai,substitution
苦海,位,kukai,kurai,substitution
苦海,鵜飼い,kukai,ukai,insertion
苦海,融解,kukai,yukai,substitution
苦海,図解,kukai,zukai,substitution
空間,空欄,kukan,kuran,substitution
空間,無冠,kukan,mukan,substitution
空間,夕刊,kukan,yukan,substitution
空間,図鑑,kukan,zukan,substitution
矩形,空気,kukei,kuki,insertion
矩形,図形,kukei,zukei,substitution
空港,空虚,kuko,kukyo,insertion
空港,急行,kuko,kyuko,insertion
空虚,供養,kukyo,kuyo,insertion
空虚,遊興,kukyo,yukyo,substitution
組,区民,kumi,kumin,insertion
宮内,国,kunai,kuni,insertion
宮内,位,kunai,kurai,substitution
国,御国,kuni,okuni,insertion
蔵,位,kura,kurai,insertion
蔵,空欄,kura,kuran,insertion
蔵,食らう,kura,kurau,insertion
位,空欄,kurai,kuran,last_char_differs
位,食らう,kurai,kurau,last_char_differs
位,栗,kurai,kuri,insertion
位,黒い,kurai,kuroi,substitution
位,由来,kurai,yurai,substitution
空欄,食らう,kuran,kurau,last_char_differs
空欄,遊覧,kuran,yuran,substitution
食らう,刳る,kurau,kuru,insertion
栗,黒い,kuri,kuroi,insertion
栗,胡瓜,kuri,kyuri,insertion
黒,黒い,kuro,kuroi,insertion
刳る,贈る,kuru,okuru,insertion
草,空車,kusa,kusha,insertion
空車,串,kusha,kushi,last_char_differs
空車,句集,kusha,kushu,last_char_differs
空車,武者,kusha,musha,substitution
空車,勇者,kusha,yusha,substitution
串,句集,kushi,kushu,last_char_differs
串,虫,kushi,mushi,substitution
串,主,kushi,nushi,substitution
串,鮨,kushi,sushi,substitution
串,牛,kushi,ushi,insertion
串,油脂,kushi,yushi,substitution
串,厨子,kushi,zushi,substitution
句集,優秀,kushu,yushu,substitution
句点,雨天,kuten,uten,insertion
靴,打つ,kutsu,utsu,insertion
靴,憂鬱,kutsu,yutsu,substitution
供養,給与,kuyo,kyuyo,insertion
空輸,旧友,kuyu,kyuyu,insertion
客,局,kyaku,kyoku,substitution
客,葯,kyaku,yaku,insertion
卿,胸部,kyo,kyobu,prefix
卿,強打,kyo,kyoda,prefix
卿,郷土,kyo,kyodo,prefix
卿,競泳,kyo,kyoei,prefix
卿,饗宴,kyo,kyoen,prefix
卿,京風,kyo,kyofu,prefix
卿,教義,kyo,kyogi,prefix
卿,強豪,kyo,kyogo,prefix
卿,巨費,kyo,kyohi,prefix
卿,競歩,kyo,kyoho,prefix
卿,教員,kyo,kyoin,prefix
卿,橋上,kyo,kyojo,prefix
卿,巨樹,kyo,kyoju,prefix
卿,教科,kyo,kyoka,prefix
卿,凶器,kyo,kyoki,prefix
卿,強硬,kyo,kyoko,prefix
卿,局,kyo,kyoku,prefix
卿,興味,kyo,kyomi,prefix
卿,教務,kyo,kyomu,prefix
卿,郷里,kyo,kyori,prefix
卿,教祖,kyo,kyoso,prefix
卿,教徒,kyo,kyoto,prefix
卿,教諭,kyo,kyoyu,prefix
卿,虚像,kyo,kyozo,prefix
胸部,京風,kyobu,kyofu,substitution
胸部,巨樹,kyobu,kyoju,substitution
胸部,局,kyobu,kyoku,substitution
胸部,教務,kyobu,kyomu,substitution
胸部,教諭,kyobu,kyoyu,substitution
胸部,休部,kyobu,kyubu,substitution
胸部,及ぶ,kyobu,oyobu,substitution
胸部,腰部,kyobu,yobu,insertion
強打,郷土,kyoda,kyodo,last_char_differs
強打,教科,kyoda,kyoka,substitution
郷土,強豪,kyodo,kyogo,substitution
郷土,競歩,kyodo,kyoho,substitution
郷土,橋上,kyodo,kyojo,substitution
郷土,強硬,kyodo,kyoko,substitution
郷土,教祖,kyodo,kyoso,substitution
郷土,教徒,kyodo,kyoto,substitution
郷土,虚像,kyodo,kyozo,substitution
郷土,旧道,kyodo,kyudo,substitution
郷土,領土,kyodo,ryodo,substitution
郷土,淀,kyodo,yodo,insertion
競泳,饗宴,kyoei,kyoen,last_char_differs
競泳,教義,kyoei,kyogi,substitution
競泳,巨費,kyoei,kyohi,substitution
競泳,教委,kyoei,kyoi,insertion
競泳,凶器,kyoei,kyoki,substitution
競泳,興味,kyoei,kyomi,substitution
競泳,郷里,kyoei,kyori,substitution
饗宴,教員,kyoen,kyoin,substitution
饗宴,球宴,kyoen,kyuen,substitution
京風,巨樹,kyofu,kyoju,substitution
京風,局,kyofu,kyoku,substitution
京風,教務,kyofu,kyomu,substitution
京風,教諭,kyofu,kyoyu,substitution
京風,休符,kyofu,kyufu,substitution
京風,養父,kyofu,yofu,insertion
教義,強豪,kyogi,kyogo,last_char_differs
教義,巨費,kyogi,kyohi,substitution
教義,教委,kyogi,kyoi,insertion
教義,凶器,kyogi,kyoki,substitution
教義,興味,kyogi,kyomi,substitution
教義,郷里,kyogi,kyori,substitution
教義,球技,kyogi,kyugi,substitution
強豪,競歩,kyogo,kyoho,substitution
強豪,橋上,kyogo,kyojo,substitution
強豪,強硬,kyogo,kyoko,substitution
強豪,教祖,kyogo,kyoso,substitution
強豪,教徒,kyogo,kyoto,substitution
強豪,虚像,kyogo,kyozo,substitution
強豪,救護,kyogo,kyugo,substitution
強豪,養護,kyogo,yogo,insertion
巨費,競歩,kyohi,kyoho,last_char_differs
巨費,教委,kyohi,kyoi,insertion
巨費,凶器,kyohi,kyoki,substitution
巨費,興味,kyohi,kyomi,substitution
巨費,郷里,kyohi,kyori,substitution
巨費,旅費,kyohi,ryohi,substitution
競歩,橋上,kyoho,kyojo,substitution
競歩,強硬,kyoho,kyoko,substitution
競歩,教祖,kyoho,kyoso,substitution
競歩,教徒,kyoho,kyoto,substitution
競歩,虚像,kyoho,kyozo,substitution
競歩,両方,kyoho,ryoho,substitution
教委,教員,kyoi,kyoin,insertion
教委,凶器,kyoi,kyoki,insertion
教委,興味,kyoi,kyomi,insertion
教委,郷里,kyoi,kyori,insertion
教員,両院,kyoin,ryoin,substitution
教員,要員,kyoin,yoin,insertion
橋上,巨樹,kyojo,kyoju,last_char_differs
橋上,強硬,kyojo,kyoko,substitution
橋上,教祖,kyojo,kyoso,substitution
橋上,教徒,kyojo,kyoto,substitution
橋上,虚像,kyojo,kyozo,substitution
橋上,宮城,kyojo,kyujo,substitution
橋上,明星,kyojo,myojo,substitution
橋上,旅情,kyojo,ryojo,substitution
橋上,幼女,kyojo,yojo,insertion
巨樹,局,kyoju,kyoku,substitution
巨樹,教務,kyoju,kyomu,substitution
巨樹,教諭,kyoju,kyoyu,substitution
教科,凶器,kyoka,kyoki,last_char_differs
教科,強硬,kyoka,kyoko,last_char_differs
教科,局,kyoka,kyoku,last_char_differs
教科,休暇,kyoka,kyuka,substitution
教科,余暇,kyoka,yoka,insertion
凶器,強硬,kyoki,kyoko,last_char_differs
凶器,局,kyoki,kyoku,last_char_differs
凶器,興味,kyoki,kyomi,substitution
凶器,郷里,kyoki,kyori,substitution
凶器,漁期,kyoki,ryoki,substitution
凶器,容器,kyoki,yoki,insertion
強硬,局,kyoko,kyoku,last_char_differs
強硬,教祖,kyoko,kyoso,substitution
強硬,教徒,kyoko,kyoto,substitution
強硬,虚像,kyoko,kyozo,substitution
強硬,急行,kyoko,kyuko,substitution
強硬,良港,kyoko,ryoko,substitution
強硬,横,kyoko,yoko,insertion
局,教務,kyoku,kyomu,substitution
局,教諭,kyoku,kyoyu,substitution
局,領空,kyoku,ryoku,substitution
局,右翼,kyoku,uyoku,substitution
局,欲,kyoku,yoku,insertion
興味,教務,kyomi,kyomu,last_char_differs
興味,郷里,kyomi,kyori,substitution
興味,妙味,kyomi,myomi,substitution
教務,教諭,kyomu,kyoyu,substitution
教務,詠む,kyomu,yomu,insertion
郷里,胡瓜,kyori,kyuri,substitution
郷里,料理,kyori,ryori,substitution
教祖,教徒,kyoso,kyoto,substitution
教祖,虚像,kyoso,kyozo,substitution
教祖,余所,kyoso,yoso,insertion
教徒,虚像,kyoto,kyozo,substitution
教徒,給湯,kyoto,kyuto,substitution
教徒,両刀,kyoto,ryoto,substitution
教徒,洋陶,kyoto,yoto,insertion
教諭,旧友,kyoyu,kyuyu,substitution
教諭,両雄,kyoyu,ryoyu,substitution
教諭,余裕,kyoyu,yoyu,insertion
急,求愛,kyu,kyuai,prefix
急,窮乏,kyu,kyubo,prefix
急,休部,kyu,kyubu,prefix
急,旧道,kyu,kyudo,prefix
急,球宴,kyu,kyuen,prefix
急,休符,kyu,kyufu,prefix
急,球技,kyu,kyugi,prefix
急,救護,kyu,kyugo,prefix
急,球児,kyu,kyuji,prefix
急,宮城,kyu,kyujo,prefix
急,休暇,kyu,kyuka,prefix
急,急行,kyu,kyuko,prefix
急,球音,kyu,kyuon,prefix
急,胡瓜,kyu,kyuri,prefix
急,急須,kyu,kyusu,prefix
急,給湯,kyu,kyuto,prefix
急,給与,kyu,kyuyo,prefix
急,旧友,kyu,kyuyu,prefix
求愛,球技,kyuai,kyugi,substitution
求愛,球威,kyuai,kyui,insertion
求愛,球児,kyuai,kyuji,substitution
求愛,胡瓜,kyuai,kyuri,substitution
求愛,友愛,kyuai,yuai,insertion
窮乏,休部,kyubo,kyubu,last_char_differs
窮乏,旧道,kyubo,kyudo,substitution
窮乏,救護,kyubo,kyugo,substitution
窮乏,宮城,kyubo,kyujo,substitution
窮乏,急行,kyubo,kyuko,substitution
窮乏,給湯,kyubo,kyuto,substitution
窮乏,給与,kyubo,kyuyo,substitution
窮乏,有望,kyubo,yubo,insertion
休部,休符,kyubu,kyufu,substitution
休部,急須,kyubu,kyusu,substitution
休部,旧友,kyubu,kyuyu,substitution
休部,入部,kyubu,nyubu,substitution
旧道,救護,kyudo,kyugo,substitution
旧道,宮城,kyudo,kyujo,substitution
旧道,急行,kyudo,kyuko,substitution
旧道,給湯,kyudo,kyuto,substitution
旧道,給与,kyudo,kyuyo,substitution
旧道,誘導,kyudo,yudo,insertion
球宴,球音,kyuen,kyuon,substitution
球宴,入園,kyuen,nyuen,substitution
休符,急須,kyufu,kyusu,substitution
休符,旧友,kyufu,kyuyu,substitution
球技,救護,kyugi,kyugo,last_char_differs
球技,球威,kyugi,kyui,insertion
球技,球児,kyugi,kyuji,substitution
球技,胡瓜,kyugi,kyuri,substitution
球技,遊技,kyugi,yugi,insertion
救護,宮城,kyugo,kyujo,substitution
救護,急行,kyugo,kyuko,substitution
救護,給湯,kyugo,kyuto,substitution
救護,給与,kyugo,kyuyo,substitution
救護,融合,kyugo,yugo,insertion
球威,球児,kyui,kyuji,insertion
球威,胡瓜,kyui,kyuri,insertion
球児,宮城,kyuji,kyujo,last_char_differs
球児,胡瓜,kyuji,kyuri,substitution
球児,乳児,kyuji,nyuji,substitution
宮城,急行,kyujo,kyuko,substitution
宮城,給湯,kyujo,kyuto,substitution
宮城,給与,kyujo,kyuyo,substitution
宮城,遊女,kyujo,yujo,insertion
休暇,急行,kyuka,kyuko,last_char_differs
休暇,床,kyuka,yuka,insertion
急行,給湯,kyuko,kyuto,substitution
急行,給与,kyuko,kyuyo,substitution
急行,入校,kyuko,nyuko,substitution
急行,流行,kyuko,ryuko,substitution
急行,有効,kyuko,yuko,insertion
胡瓜,百合,kyuri,yuri,insertion
急須,旧友,kyusu,kyuyu,substitution
給湯,給与,kyuto,kyuyo,substitution
給湯,入湯,kyuto,nyuto,substitution
給湯,友党,kyuto,yuto,insertion
給与,旧友,kyuyo,kyuyu,last_char_differs
給与,有用,kyuyo,yuyo,insertion
間合い,真鯛,maai,madai,insertion
町,増し,machi,mashi,substitution
町,道,machi,michi,substitution
町,餅,machi,mochi,substitution
町,鞭,machi,muchi,substitution
町,太刀,machi,tachi,substitution
真鯛,多大,madai,tadai,substitution
真鯛,話題,madai,wadai,substitution
窓,惑う,mado,madou,insertion
窓,毎度,mado,maido,insertion
惑う,纏う,madou,matou,substitution
惑う,迷う,madou,mayou,substitution
前,前歯,mae,maeba,prefix
前歯,八重歯,maeba,yaeba,substitution
真顔,孫,magao,mago,insertion
孫,真鯉,mago,magoi,insertion
孫,迷子,mago,maigo,insertion
真鯉,むごい,magoi,mugoi,substitution
舞,毎度,mai,maido,prefix
舞,迷子,mai,maigo,prefix
舞,毎時,mai,maiji,prefix
舞,舞子,mai,maiko,prefix
舞,参る,mai,mairu,prefix
舞,枚数,mai,maisu,prefix
舞,毎夜,mai,maiyo,prefix
舞,毎夕,mai,maiyu,prefix
毎度,迷子,maido,maigo,substitution
毎度,舞子,maido,maiko,substitution
毎度,毎夜,maido,maiyo,substitution
毎度,冥土,maido,meido,substitution
毎度,再度,maido,saido,substitution
毎度,態度,maido,taido,substitution
迷子,舞子,maigo,maiko,substitution
迷子,毎夜,maigo,maiyo,substitution
迷子,最期,maigo,saigo,substitution
毎時,卍,maiji,manji,substitution
毎時,内耳,maiji,naiji,substitution
毎時,歳時,maiji,saiji,substitution
舞子,毎夜,maiko,maiyo,substitution
舞子,真っ向,maiko,makko,substitution
舞子,名工,maiko,meiko,substitution
舞子,巫女,maiko,miko,insertion
舞子,来航,maiko,raiko,substitution
舞子,最高,maiko,saiko,substitution
舞子,太古,maiko,taiko,substitution
舞子,在庫,maiko,zaiko,substitution
参る,枚数,mairu,maisu,substitution
参る,毎夕,mairu,maiyu,substitution
参る,丸,mairu,maru,insertion
参る,見る,mairu,miru,insertion
枚数,毎夕,maisu,maiyu,substitution
枚数,鱒,maisu,masu,insertion
枚数,松,maisu,matsu,substitution
枚数,銘す,maisu,meisu,substitution
枚数,御簾,maisu,misu,insertion
毎夜,毎夕,maiyo,maiyu,last_char_differs
毎夜,万葉,maiyo,manyo,substitution
毎夜,名誉,maiyo,meiyo,substitution
毎夜,御代,maiyo,miyo,insertion
毎夜,太陽,maiyo,taiyo,substitution
毎夕,繭,maiyu,mayu,insertion
毎夕,名優,maiyu,meiyu,substitution
薪,蒔絵,maki,makie,insertion
薪,末期,maki,makki,insertion
薪,満期,maki,manki,insertion
真っ赤,末期,makka,makki,last_char_differs
真っ赤,真っ向,makka,makko,last_char_differs
真っ赤,目下,makka,mokka,substitution
真っ赤,落下,makka,rakka,substitution
真っ赤,昨夏,makka,sakka,substitution
真っ赤,雑貨,makka,zakka,substitution
末期,真っ向,makki,makko,last_char_differs
末期,満期,makki,manki,substitution
末期,躍起,makki,yakki,substitution
真っ向,密航,makko,mikko,substitution
卍,饅頭,manji,manju,last_char_differs
卍,満期,manji,manki,substitution
卍,参事,manji,sanji,substitution
饅頭,胆汁,manju,tanju,substitution
満期,短期,manki,tanki,substitution
万葉,綿羊,manyo,menyo,substitution
万葉,民謡,manyo,minyo,substitution
万葉,文様,manyo,monyo,substitution
万葉,南洋,manyo,nanyo,substitution
万葉,山容,manyo,sanyo,substitution
万葉,単葉,manyo,tanyo,substitution
鞠,丸い,mari,marui,insertion
丸,丸い,maru,marui,insertion
丸,埋まる,maru,umaru,insertion
丸い,まずい,marui,mazui,substitution
丸い,無類,marui,murui,substitution
丸い,悪い,marui,warui,substitution
増し,飯,mashi,meshi,substitution
増し,模試,mashi,moshi,substitution
増し,虫,mashi,mushi,substitution
増し,梨,mashi,nashi,substitution
増し,鷲,mashi,washi,substitution
増し,椰子,mashi,yashi,substitution
鱒,松,masu,matsu,insertion
的,纏う,mato,matou,insertion
的,真っ当,mato,matto,insertion
纏う,松,matou,matsu,substitution
纏う,迷う,matou,mayou,substitution
纏う,雇う,matou,yatou,substitution
松,蜜,matsu,mitsu,substitution
松,持つ,matsu,motsu,substitution
松,夏,matsu,natsu,substitution
松,辰,matsu,tatsu,substitution
松,奴,matsu,yatsu,substitution
松,雑,matsu,zatsu,substitution
真っ当,納豆,matto,natto,substitution
真っ当,雑踏,matto,zatto,substitution
迷う,繭,mayou,mayu,insertion
姪,名案,mei,meian,prefix
姪,名馬,mei,meiba,prefix
姪,名簿,mei,meibo,prefix
姪,冥土,mei,meido,prefix
姪,名演,mei,meien,prefix
姪,名画,mei,meiga,prefix
姪,名峰,mei,meiho,prefix
姪,名城,mei,meijo,prefix
姪,名家,mei,meika,prefix
姪,名工,mei,meiko,prefix
姪,名句,mei,meiku,prefix
姪,迷路,mei,meiro,prefix
姪,名僧,mei,meiso,prefix
姪,銘す,mei,meisu,prefix
姪,名誉,mei,meiyo,prefix
姪,名優,mei,meiyu,prefix
名案,名演,meian,meien,substitution
名案,提案,meian,teian,substitution
名馬,名簿,meiba,meibo,last_char_differs
名馬,名画,meiba,meiga,substitution
名馬,名家,meiba,meika,substitution
名簿,冥土,meibo,meido,substitution
名簿,名峰,meibo,meiho,substitution
名簿,名城,meibo,meijo,substitution
名簿,名工,meibo,meiko,substitution
名簿,迷路,meibo,meiro,substitution
名簿,名僧,meibo,meiso,substitution
名簿,名誉,meibo,meiyo,substitution
名簿,冷房,meibo,reibo,substitution
名簿,歳暮,meibo,seibo,substitution
名簿,堤防,meibo,teibo,substitution
冥土,名峰,meido,meiho,substitution
冥土,名城,meido,meijo,substitution
冥土,名工,meido,meiko,substitution
冥土,迷路,meido,meiro,substitution
冥土,名僧,meido,meiso,substitution
冥土,名誉,meido,meiyo,substitution
冥土,面倒,meido,mendo,substitution
冥土,青銅,meido,seido,substitution
冥土,程度,meido,teido,substitution
名演,霊園,meien,reien,substitution
名演,声援,meien,seien,substitution
名演,庭園,meien,teien,substitution
名画,名家,meiga,meika,substitution
名峰,名城,meiho,meijo,substitution
名峰,名工,meiho,meiko,substitution
名峰,迷路,meiho,meiro,substitution
名峰,名僧,meiho,meiso,substitution
名峰,名誉,meiho,meiyo,substitution
名峰,西方,meiho,seiho,substitution
名城,名工,meijo,meiko,substitution
名城,迷路,meijo,meiro,substitution
名城,名僧,meijo,meiso,substitution
名城,名誉,meijo,meiyo,substitution
名城,免状,meijo,menjo,substitution
名城,令嬢,meijo,reijo,substitution
名城,正常,meijo,seijo,substitution
名家,名工,meika,meiko,last_char_differs
名家,名句,meika,meiku,last_char_differs
名家,綿花,meika,menka,substitution
名家,冷夏,meika,reika,substitution
名家,生花,meika,seika,substitution
名工,名句,meiko,meiku,last_char_differs
名工,迷路,meiko,meiro,substitution
名工,名僧,meiko,meiso,substitution
名工,名誉,meiko,meiyo,substitution
名工,面子,meiko,menko,substitution
名工,巫女,meiko,miko,insertion
名工,精巧,meiko,seiko,substitution
名句,銘す,meiku,meisu,substitution
名句,名優,meiku,meiyu,substitution
名句,低空,meiku,teiku,substitution
迷路,名僧,meiro,meiso,substitution
迷路,名誉,meiro,meiyo,substitution
迷路,音色,meiro,neiro,substitution
名僧,銘す,meiso,meisu,last_char_differs
名僧,名誉,meiso,meiyo,substitution
名僧,味噌,meiso,miso,insertion
名僧,礼装,meiso,reiso,substitution
名僧,清掃,meiso,seiso,substitution
銘す,名優,meisu,meiyu,substitution
銘す,雌,meisu,mesu,insertion
銘す,御簾,meisu,misu,insertion
銘す,整数,meisu,seisu,substitution
名誉,名優,meiyo,meiyu,last_char_differs
名誉,綿羊,meiyo,menyo,substitution
名誉,御代,meiyo,miyo,insertion
名誉,西洋,meiyo,seiyo,substitution
名優,声優,meiyu,seiyu,substitution
麺,面倒,men,mendo,prefix
麺,免状,men,menjo,prefix
麺,綿花,men,menka,prefix
麺,面子,men,menko,prefix
麺,綿布,men,menpu,prefix
麺,綿羊,men,menyo,prefix
面倒,免状,mendo,menjo,substitution
面倒,面子,mendo,menko,substitution
面倒,綿羊,mendo,menyo,substitution
面倒,問答,mendo,mondo,substitution
面倒,粘土,mendo,nendo,substitution
面倒,船頭,mendo,sendo,substitution
面倒,全土,mendo,zendo,substitution
免状,面子,menjo,menko,substitution
免状,綿羊,menjo,menyo,substitution
免状,船上,menjo,senjo,substitution
免状,天上,menjo,tenjo,substitution
綿花,面子,menka,menko,last_char_differs
綿花,民家,menka,minka,substitution
綿花,門下,menka,monka,substitution
綿花,恋歌,menka,renka,substitution
綿花,専科,menka,senka,substitution
綿花,天下,menka,tenka,substitution
綿花,全科,menka,zenka,substitution
面子,綿羊,menko,menyo,substitution
面子,門戸,menko,monko,substitution
面子,年功,menko,nenko,substitution
面子,千古,menko,senko,substitution
面子,転校,menko,tenko,substitution
面子,全戸,menko,zenko,substitution
綿布,前夫,menpu,zenpu,substitution
綿羊,民謡,menyo,minyo,substitution
綿羊,文様,menyo,monyo,substitution
滅法,説法,meppo,seppo,substitution
滅法,鉄砲,meppo,teppo,substitution
飯,模試,meshi,moshi,substitution
飯,虫,meshi,mushi,substitution
道,餅,michi,mochi,substitution
道,鞭,michi,muchi,substitution
道,日,michi,nichi,substitution
見える,見る,mieru,miru,insertion
見える,燃える,mieru,moeru,substitution
見える,煮える,mieru,nieru,substitution
見本,未婚,mihon,mikon,substitution
実入り,身売り,miiri,miuri,substitution
微塵,味醂,mijin,mirin,substitution
微塵,無人,mijin,mujin,substitution
微塵,初陣,mijin,uijin,substitution
蜜柑,眉間,mikan,miken,substitution
蜜柑,未婚,mikan,mikon,substitution
蜜柑,無冠,mikan,mukan,substitution
眉間,未婚,miken,mikon,substitution
眉間,猛犬,miken,moken,substitution
幹,御神酒,miki,omiki,insertion
密航,巫女,mikko,miko,insertion
密航,日光,mikko,nikko,substitution
巫女,未婚,miko,mikon,insertion
見舞,未明,mimai,mimei,substitution
見舞,耳,mimai,mimi,insertion
見舞,未来,mimai,mirai,substitution
未明,耳,mimei,mimi,insertion
未明,未定,mimei,mitei,substitution
未明,無名,mimei,mumei,substitution
峰,身の上,mine,minoe,insertion
民家,民話,minka,minwa,substitution
民家,門下,minka,monka,substitution
民家,隣家,minka,rinka,substitution
蓑,身の上,mino,minoe,insertion
蓑,民放,mino,minpo,insertion
蓑,民謡,mino,minyo,insertion
民放,民謡,minpo,minyo,substitution
民謡,御代,minyo,miyo,insertion
民謡,文様,minyo,monyo,substitution
身重,桃,miomo,momo,insertion
味醂,二輪,mirin,nirin,substitution
御簾,蜜,misu,mitsu,insertion
蜜,持つ,mitsu,motsu,substitution
身売り,無理,miuri,muri,insertion
水,大水,mizu,omizu,insertion
餅,模試,mochi,moshi,substitution
餅,鞭,mochi,muchi,substitution
餅,後,mochi,nochi,substitution
餅,装置,mochi,sochi,substitution
餅,当地,mochi,tochi,substitution
餅,用地,mochi,yochi,substitution
燃える,漏る,moeru,moru,insertion
燃える,終える,moeru,oeru,insertion
燃える,添える,moeru,soeru,substitution
文字,名字,moji,myoji,insertion
猛火,目下,moka,mokka,insertion
猛火,門下,moka,monka,insertion
模型,猛犬,mokei,moken,last_char_differs
模型,門衛,mokei,monei,substitution
模型,時計,mokei,tokei,substitution
模型,余計,mokei,yokei,substitution
猛犬,木綿,moken,momen,substitution
猛犬,毛氈,moken,mosen,substitution
猛犬,総研,moken,soken,substitution
猛犬,刀剣,moken,token,substitution
猛犬,用件,moken,yoken,substitution
目下,門下,mokka,monka,substitution
目下,特科,mokka,tokka,substitution
猛虎,門戸,moko,monko,insertion
木綿,毛氈,momen,mosen,substitution
木綿,能面,momen,nomen,substitution
木綿,路面,momen,romen,substitution
木綿,索麺,momen,somen,substitution
木綿,当面,momen,tomen,substitution
樅,妙味,momi,myomi,insertion
門,問答,mon,mondo,prefix
門,門衛,mon,monei,prefix
門,門下,mon,monka,prefix
門,門戸,mon,monko,prefix
門,文句,mon,monku,prefix
門,もんぺ,mon,monpe,prefix
門,門扉,mon,monpi,prefix
門,門徒,mon,monto,prefix
門,文様,mon,monyo,prefix
問答,門戸,mondo,monko,substitution
問答,物,mondo,mono,insertion
問答,門徒,mondo,monto,substitution
問答,文様,mondo,monyo,substitution
門衛,門扉,monei,monpi,substitution
門下,門戸,monka,monko,last_char_differs
門下,文句,monka,monku,last_char_differs
門戸,文句,monko,monku,last_char_differs
門戸,物,monko,mono,insertion
門戸,門徒,monko,monto,substitution
門戸,文様,monko,monyo,substitution
門戸,温厚,monko,onko,insertion
物,門徒,mono,monto,insertion
物,文様,mono,monyo,insertion
物,大物,mono,omono,insertion
もんぺ,門扉,monpe,monpi,last_char_differs
門徒,文様,monto,monyo,substitution
門徒,元,monto,moto,insertion
門徒,穏当,monto,onto,insertion
文様,模様,monyo,moyo,insertion
文様,爪繞,monyo,sonyo,substitution
貰う,漏る,morau,moru,insertion
森,脆い,mori,moroi,insertion
森,錘,mori,omori,insertion
脆い,のろい,moroi,noroi,substitution
脆い,とろい,moroi,toroi,substitution
脆い,鎧,moroi,yoroi,substitution
猛者,模写,mosa,mosha,insertion
毛氈,無線,mosen,musen,substitution
毛氈,路線,mosen,rosen,substitution
毛氈,祖先,mosen,sosen,substitution
毛氈,当選,mosen,tosen,substitution
毛氈,予選,mosen,yosen,substitution
模写,模試,mosha,moshi,last_char_differs
模写,猛暑,mosha,mosho,last_char_differs
模写,武者,mosha,musha,substitution
模写,老者,mosha,rosha,substitution
模写,走者,mosha,sosha,substitution
模写,当社,mosha,tosha,substitution
模試,猛暑,moshi,mosho,last_char_differs
模試,虫,moshi,mushi,substitution
模試,熨斗,moshi,noshi,substitution
模試,牡牛,moshi,oshi,insertion
模試,ろ紙,moshi,roshi,substitution
模試,素子,moshi,soshi,substitution
模試,年,moshi,toshi,substitution
模試,洋紙,moshi,yoshi,substitution
猛暑,妄想,mosho,moso,insertion
猛暑,王将,mosho,osho,insertion
猛暑,叢書,mosho,sosho,substitution
猛暑,島嶼,mosho,tosho,substitution
猛暑,洋書,mosho,yosho,substitution
猛暑,蔵書,mosho,zosho,substitution
申す,持つ,mosu,motsu,insertion
元,大もと,moto,omoto,insertion
持つ,そつ,motsu,sotsu,substitution
もや,母屋,moya,omoya,insertion
むちゃ,鞭,mucha,muchi,last_char_differs
むちゃ,夢中,mucha,muchu,last_char_differs
むちゃ,武者,mucha,musha,substitution
鞭,夢中,muchi,muchu,last_char_differs
鞭,虫,muchi,mushi,substitution
鞭,内,muchi,uchi,insertion
夢中,宇宙,muchu,uchu,insertion
無益,無期,mueki,muki,insertion
無益,植木,mueki,ueki,insertion
無益,輸液,mueki,yueki,substitution
無縁,無限,muen,mugen,insertion
無縁,無念,muen,munen,insertion
無縁,無線,muen,musen,insertion
無害,麦,mugai,mugi,insertion
無害,むごい,mugai,mugoi,substitution
無害,含嗽,mugai,ugai,insertion
無害,有害,mugai,yugai,substitution
無害,頭蓋,mugai,zugai,substitution
無限,無言,mugen,mugon,substitution
無限,無念,mugen,munen,substitution
無限,無線,mugen,musen,substitution
無限,右舷,mugen,ugen,insertion
無限,幽玄,mugen,yugen,substitution
麦,むごい,mugi,mugoi,insertion
麦,大麦,mugi,omugi,insertion
むごい,無言,mugoi,mugon,last_char_differs
むごい,凄い,mugoi,sugoi,substitution
無地,無人,muji,mujin,insertion
無人,矛盾,mujin,mujun,substitution
無人,友人,mujin,yujin,substitution
無冠,向かう,mukan,mukau,last_char_differs
無冠,無惨,mukan,muzan,substitution
無冠,夕刊,mukan,yukan,substitution
無冠,図鑑,mukan,zukan,substitution
向かう,剥く,mukau,muku,insertion
婿,大向こう,muko,omuko,insertion
無名,無味,mumei,mumi,insertion
無名,有名,mumei,yumei,substitution
棟,無念,mune,munen,insertion
棟,大棟,mune,omune,insertion
無念,無線,munen,musen,substitution
無理,無類,muri,murui,insertion
無類,ぬるい,murui,nurui,substitution
無類,緩い,murui,yurui,substitution
無類,ずるい,murui,zurui,substitution
無線,郵船,musen,yusen,substitution
武者,虫,musha,mushi,last_char_differs
武者,勇者,musha,yusha,substitution
虫,主,mushi,nushi,substitution
虫,鮨,mushi,sushi,substitution
虫,牛,mushi,ushi,insertion
虫,油脂,mushi,yushi,substitution
虫,厨子,mushi,zushi,substitution
妙,妙案,myo,myoan,prefix
妙,茗荷,myo,myoga,prefix
妙,名字,myo,myoji,prefix
妙,明星,myo,myojo,prefix
妙,妙味,myo,myomi,prefix
茗荷,洋画,myoga,yoga,insertion
名字,明星,myoji,myojo,last_char_differs
名字,妙味,myoji,myomi,substitution
名字,領事,myoji,ryoji,substitution
名字,幼時,myoji,yoji,insertion
明星,旅情,myojo,ryojo,substitution
明星,幼女,myojo,yojo,insertion
苗,苗木,nae,naegi,prefix
苗,萎える,nae,naeru,prefix
苗木,凪,naegi,nagi,insertion
苗木,難儀,naegi,nangi,substitution
苗木,葱,naegi,negi,insertion
萎える,治る,naeru,naoru,substitution
萎える,成る,naeru,naru,insertion
萎える,練る,naeru,neru,insertion
萎える,煮える,naeru,nieru,substitution
萎える,冴える,naeru,saeru,substitution
萎える,堪える,naeru,taeru,substitution
永い,凪,nagai,nagi,insertion
永い,苦い,nagai,nigai,substitution
永い,野飼い,nagai,nogai,substitution
永い,互い,nagai,tagai,substitution
永い,野外,nagai,yagai,substitution
凪,難儀,nagi,nangi,insertion
凪,鰻,nagi,unagi,insertion
亡い,内縁,nai,naien,prefix
亡い,内耳,nai,naiji,prefix
亡い,内装,nai,naiso,prefix
亡い,内野,nai,naiya,prefix
亡い,内臓,nai,naizo,prefix
内縁,菜園,naien,saien,substitution
内耳,虹,naiji,niji,insertion
内耳,歳時,naiji,saiji,substitution
内装,内臓,naiso,naizo,substitution
内装,尼僧,naiso,niso,insertion
内装,大宗,naiso,taiso,substitution
内野,納屋,naiya,naya,insertion
内臓,謎,naizo,nazo,insertion
中,お腹,naka,onaka,insertion
生,名前,nama,namae,insertion
波,大波,nami,onami,insertion
南部,乱舞,nanbu,ranbu,substitution
納戸,軟膏,nando,nanko,substitution
納戸,南欧,nando,nano,insertion
納戸,南方,nando,nanpo,substitution
納戸,南東,nando,nanto,substitution
納戸,南洋,nando,nanyo,substitution
納戸,粘土,nando,nendo,substitution
納戸,参道,nando,sando,substitution
納戸,残土,nando,zando,substitution
難儀,何,nangi,nani,insertion
軟膏,南欧,nanko,nano,insertion
軟膏,南方,nanko,nanpo,substitution
軟膏,南東,nanko,nanto,substitution
軟膏,南洋,nanko,nanyo,substitution
軟膏,年功,nanko,nenko,substitution
軟膏,炭坑,nanko,tanko,substitution
南欧,南方,nano,nanpo,insertion
南欧,南東,nano,nanto,insertion
南欧,南洋,nano,nanyo,insertion
難破,南方,nanpa,nanpo,last_char_differs
難破,菜っ葉,nanpa,nappa,substitution
南方,南東,nanpo,nanto,substitution
南方,南洋,nanpo,nanyo,substitution
南方,年報,nanpo,nenpo,substitution
南方,散歩,nanpo,sanpo,substitution
南東,南洋,nanto,nanyo,substitution
南東,納豆,nanto,natto,substitution
南東,年頭,nanto,nento,substitution
南東,山頭,nanto,santo,substitution
南東,短刀,nanto,tanto,substitution
南東,残党,nanto,zanto,substitution
南洋,山容,nanyo,sanyo,substitution
南洋,単葉,nanyo,tanyo,substitution
名折れ,治る,naore,naoru,last_char_differs
治る,治す,naoru,naosu,substitution
治る,成る,naoru,naru,insertion
治る,乗る,naoru,noru,insertion
治す,茄子,naosu,nasu,insertion
治す,夏,naosu,natsu,substitution
治す,伸す,naosu,nosu,insertion
治す,倒す,naosu,taosu,substitution
菜っ葉,熱波,nappa,neppa,substitution
菜っ葉,らっぱ,nappa,rappa,substitution
楢,倣う,nara,narau,insertion
倣う,成る,narau,naru,insertion
倣う,狙う,narau,nerau,substitution
倣う,さらう,narau,sarau,substitution
倣う,笑う,narau,warau,substitution
成る,唸る,naru,unaru,insertion
梨,西,nashi,nishi,substitution
梨,熨斗,nashi,noshi,substitution
梨,主,nashi,nushi,substitution
梨,鷲,nashi,washi,substitution
梨,椰子,nashi,yashi,substitution
茄子,夏,nasu,natsu,insertion
鉈,大鉈,nata,onata,insertion
夏,辰,natsu,tatsu,substitution
夏,奴,natsu,yatsu,substitution
夏,雑,natsu,zatsu,substitution
納豆,熱湯,natto,netto,substitution
納豆,日当,natto,nitto,substitution
納豆,雑踏,natto,zatto,substitution
寝顔,願う,negao,negau,last_char_differs
願う,狙う,negau,nerau,substitution
寝息,熱気,neiki,nekki,substitution
寝息,年季,neiki,nenki,substitution
寝息,寝起き,neiki,neoki,substitution
寝息,冷気,neiki,reiki,substitution
寝息,世紀,neiki,seiki,substitution
寝息,定期,neiki,teiki,substitution
熱気,根っこ,nekki,nekko,last_char_differs
熱気,年季,nekki,nenki,substitution
熱気,寝起き,nekki,neoki,substitution
熱気,日記,nekki,nikki,substitution
熱気,石器,nekki,sekki,substitution
熱気,敵機,nekki,tekki,substitution
根っこ,猫,nekko,neko,insertion
根っこ,年功,nekko,nenko,substitution
根っこ,日光,nekko,nikko,substitution
根っこ,石膏,nekko,sekko,substitution
根っこ,鉄鉱,nekko,tekko,substitution
根っこ,絶好,nekko,zekko,substitution
猫,年功,neko,nenko,insertion
合歓,眠い,nemu,nemui,insertion
粘土,年功,nendo,nenko,substitution
粘土,年報,nendo,nenpo,substitution
粘土,年頭,nendo,nento,substitution
粘土,船頭,nendo,sendo,substitution
粘土,全土,nendo,zendo,substitution
年賀,年貢,nenga,nengu,last_char_differs
年賀,煉瓦,nenga,renga,substitution
年貢,年中,nengu,nenju,substitution
年貢,年数,nengu,nensu,substitution
年貢,天狗,nengu,tengu,substitution
年中,年数,nenju,nensu,substitution
年中,千手,nenju,senju,substitution
年中,天寿,nenju,tenju,substitution
年季,年功,nenki,nenko,last_char_differs
年季,年利,nenki,nenri,substitution
年季,寝起き,nenki,neoki,substitution
年季,任期,nenki,ninki,substitution
年季,のんき,nenki,nonki,substitution
年季,天気,nenki,tenki,substitution
年季,前期,nenki,zenki,substitution
年功,年報,nenko,nenpo,substitution
年功,年頭,nenko,nento,substitution
年功,千古,nenko,senko,substitution
年功,転校,nenko,tenko,substitution
年功,全戸,nenko,zenko,substitution
年報,年頭,nenpo,nento,substitution
年報,連峰,nenpo,renpo,substitution
年報,先方,nenpo,senpo,substitution
年報,店舗,nenpo,tenpo,substitution
年報,前方,nenpo,zenpo,substitution
年数,扇子,nensu,sensu,substitution
年頭,熱湯,nento,netto,substitution
年頭,連投,nento,rento,substitution
年頭,先頭,nento,sento,substitution
年頭,店頭,nento,tento,substitution
年頭,全党,nento,zento,substitution
寝起き,軒,neoki,noki,insertion
熱波,熱風,neppa,neppu,last_char_differs
狙う,練る,nerau,neru,insertion
練る,煮える,neru,nieru,insertion
練る,うねる,neru,uneru,insertion
熱湯,日当,netto,nitto,substitution
熱湯,列島,netto,retto,substitution
熱湯,鉄塔,netto,tetto,substitution
鈍い,憎い,nibui,nikui,substitution
鈍い,二水,nibui,nisui,substitution
日,西,nichi,nishi,substitution
日,後,nichi,nochi,substitution
荷台,苦い,nidai,nigai,substitution
煮える,煮え湯,nieru,nieyu,substitution
煮える,似る,nieru,niru,insertion
苦い,野飼い,nigai,nogai,substitution
日課,日記,nikka,nikki,last_char_differs
日課,日光,nikka,nikko,last_char_differs
日課,立夏,nikka,rikka,substitution
日記,日光,nikki,nikko,last_char_differs
日記,憎い,nikki,nikui,substitution
日記,任期,nikki,ninki,substitution
肉,憎い,niku,nikui,insertion
憎い,二水,nikui,nisui,substitution
憎い,温い,nikui,nukui,substitution
憎い,陸尉,nikui,rikui,substitution
任意,任期,nini,ninki,insertion
忍者,人情,ninja,ninjo,last_char_differs
人情,人相,ninjo,ninso,substitution
任期,のんき,ninki,nonki,substitution
人相,尼僧,ninso,niso,insertion
西,二水,nishi,nisui,substitution
西,熨斗,nishi,noshi,substitution
西,主,nishi,nushi,substitution
西,利子,nishi,rishi,substitution
日当,立冬,nitto,ritto,substitution
のぶん,応分,nobun,obun,insertion
のぶん,等分,nobun,tobun,substitution
のぶん,余分,nobun,yobun,substitution
後,熨斗,nochi,noshi,substitution
後,装置,nochi,sochi,substitution
後,当地,nochi,tochi,substitution
後,用地,nochi,yochi,substitution
農園,能面,noen,nomen,insertion
農園,暖簾,noen,noren,insertion
農園,野天,noen,noten,insertion
野飼い,芒,nogai,nogi,insertion
野飼い,大貝,nogai,ogai,insertion
野飼い,要害,nogai,yogai,substitution
農業,農協,nogyo,nokyo,substitution
農業,納涼,nogyo,noryo,substitution
農業,幼魚,nogyo,yogyo,substitution
納品,農民,nohin,nomin,substitution
納品,洋品,nohin,yohin,substitution
農家,脳幹,noka,nokan,insertion
脳幹,濃紺,nokan,nokon,substitution
脳幹,王冠,nokan,okan,insertion
脳幹,総監,nokan,sokan,substitution
脳幹,投函,nokan,tokan,substitution
脳幹,羊羮,nokan,yokan,substitution
脳幹,増刊,nokan,zokan,substitution
軒,のんき,noki,nonki,insertion
農高,濃紺,noko,nokon,insertion
農高,農協,noko,nokyo,insertion
濃紺,農村,nokon,noson,substitution
濃紺,早婚,nokon,sokon,substitution
農協,納涼,nokyo,noryo,substitution
農協,余興,nokyo,yokyo,substitution
農協,増強,nokyo,zokyo,substitution
能面,農民,nomen,nomin,substitution
能面,暖簾,nomen,noren,substitution
能面,野天,nomen,noten,substitution
能面,路面,nomen,romen,substitution
能面,索麺,nomen,somen,substitution
能面,当面,nomen,tomen,substitution
蚤,農民,nomi,nomin,insertion
蚤,鵜呑み,nomi,unomi,insertion
農民,島民,nomin,tomin,substitution
納入,豆乳,nonyu,tonyu,substitution
のっぽ,尾っぽ,noppo,oppo,insertion
暖簾,野天,noren,noten,substitution
暖簾,労連,noren,roren,substitution
海苔,のろい,nori,noroi,insertion
のろい,とろい,noroi,toroi,substitution
のろい,鎧,noroi,yoroi,substitution
納涼,僧侶,noryo,soryo,substitution
納涼,棟梁,noryo,toryo,substitution
納涼,要領,noryo,yoryo,substitution
熨斗,主,noshi,nushi,substitution
熨斗,牡牛,noshi,oshi,insertion
熨斗,ろ紙,noshi,roshi,substitution
熨斗,素子,noshi,soshi,substitution
熨斗,年,noshi,toshi,substitution
熨斗,洋紙,noshi,yoshi,substitution
野天,露店,noten,roten,substitution
野天,当店,noten,toten,substitution
野天,要点,noten,yoten,substitution
納税,脳髄,nozei,nozui,substitution
納税,大勢,nozei,ozei,insertion
納税,租税,nozei,sozei,substitution
納税,都税,nozei,tozei,substitution
野末,脳髄,nozue,nozui,last_char_differs
脱ぐ,拭う,nugu,nuguu,insertion
抜く,温い,nuku,nukui,insertion
温い,ぬるい,nukui,nurui,substitution
塗る,ぬるい,nuru,nurui,insertion
ぬるい,緩い,nurui,yurui,substitution
ぬるい,ずるい,nurui,zurui,substitution
主,鮨,nushi,sushi,substitution
主,牛,nushi,ushi,insertion
主,油脂,nushi,yushi,substitution
主,厨子,nushi,zushi,substitution
女房,寮母,nyobo,ryobo,substitution
女房,養母,nyobo,yobo,insertion
入校,入湯,nyuko,nyuto,substitution
入校,流行,nyuko,ryuko,substitution
入校,有効,nyuko,yuko,insertion
入湯,友党,nyuto,yuto,insertion
大味,同じ,oaji,onaji,insertion
大味,大匙,oaji,osaji,insertion
大味,親父,oaji,oyaji,insertion
大雨,阿亀,oame,okame,insertion
伯母,御化け,oba,obake,prefix
伯母,尾花,oba,obana,prefix
御祖母,尾花,obaa,obana,insertion
御化け,おまけ,obake,omake,substitution
尾花,大店,obana,odana,substitution
帯,帯状,obi,obijo,prefix
帯,尾鰭,obi,obire,prefix
尾鰭,尾鰭,obire,ohire,substitution
応募,朧ろ,obo,oboro,prefix
応分,等分,obun,tobun,insertion
応分,余分,obun,yobun,insertion
王朝,早朝,ocho,socho,insertion
王朝,都庁,ocho,tocho,insertion
王朝,幼鳥,ocho,yocho,insertion
横断,大店,odan,odana,insertion
横断,温暖,odan,ondan,insertion
横断,相談,odan,sodan,insertion
横断,登壇,odan,todan,insertion
横断,余談,odan,yodan,insertion
汚泥,おでき,odei,odeki,insertion
おでき,おでこ,odeki,odeko,last_char_differs
おでき,大関,odeki,ozeki,substitution
おでん,漏電,oden,roden,insertion
おでん,都電,oden,toden,insertion
黄土,大道具,odo,odogu,prefix
黄土,大通り,odo,odori,prefix
黄土,躍る,odo,odoru,prefix
黄土,脅す,odo,odosu,prefix
大道具,躍る,odogu,odoru,substitution
大道具,脅す,odogu,odosu,substitution
大道具,泳ぐ,odogu,oyogu,substitution
大通り,躍る,odori,odoru,last_char_differs
大通り,錘,odori,omori,substitution
大通り,囮,odori,otori,substitution
躍る,脅す,odoru,odosu,substitution
躍る,奢る,odoru,ogoru,substitution
躍る,怒る,odoru,okoru,substitution
躍る,劣る,odoru,otoru,substitution
脅す,興す,odosu,okosu,substitution
脅す,卸す,odosu,orosu,substitution
脅す,落とす,odosu,otosu,substitution
終える,折れる,oeru,oreru,insertion
終える,おおせる,oeru,oseru,insertion
終える,添える,oeru,soeru,insertion
御触れ,御布施,ofure,ofuse,substitution
大貝,要害,ogai,yogai,insertion
大柄,大形,ogara,ogata,substitution
大柄,小川,ogara,ogawa,substitution
大柄,小倉,ogara,ogura,substitution
大柄,おから,ogara,okara,substitution
大形,小川,ogata,ogawa,substitution
大形,御方,ogata,okata,substitution
大形,大鉈,ogata,onata,substitution
扇,大切り,ogi,ogiri,prefix
大切り,大入り,ogiri,oiri,insertion
大声,追い肥,ogoe,oigoe,insertion
黄金,荘厳,ogon,sogon,insertion
奢る,怒る,ogoru,okoru,substitution
奢る,劣る,ogoru,otoru,substitution
大幅,娑婆,ohaba,shaba,substitution
おはこ,親子,ohako,oyako,substitution
おはこ,車庫,ohako,shako,substitution
横柄,葉柄,ohei,yohei,insertion
王妃,尾鰭,ohi,ohire,prefix
負い目,折り目,oime,orime,insertion
老いる,起きる,oiru,okiru,insertion
老いる,下りる,oiru,oriru,insertion
王子,おじや,oji,ojiya,prefix
おじや,織り屋,ojiya,oriya,substitution
丘,お陰,oka,okage,prefix
丘,阿亀,oka,okame,prefix
丘,狼,oka,okami,prefix
丘,おから,oka,okara,prefix
丘,侵す,oka,okasu,prefix
丘,御方,oka,okata,prefix
丘,おかず,oka,okazu,prefix
お陰,阿亀,okage,okame,substitution
お陰,御下げ,okage,osage,substitution
阿亀,狼,okame,okami,last_char_differs
狼,大波,okami,onami,substitution
王冠,音感,okan,onkan,insertion
王冠,総監,okan,sokan,insertion
王冠,投函,okan,tokan,insertion
王冠,羊羮,okan,yokan,insertion
王冠,増刊,okan,zokan,insertion
おから,御方,okara,okata,substitution
侵す,おかず,okasu,okazu,substitution
侵す,興す,okasu,okosu,substitution
御方,大鉈,okata,onata,substitution
沖,沖合,oki,okiai,prefix
沖,置き場,oki,okiba,prefix
沖,翁,oki,okina,prefix
沖,起きる,oki,okiru,prefix
沖,掟,oki,okite,prefix
沖合,大きい,okiai,okii,insertion
置き場,翁,okiba,okina,substitution
置き場,奥歯,okiba,okuba,substitution
起きる,怒る,okiru,okoru,substitution
起きる,贈る,okiru,okuru,substitution
起きる,下りる,okiru,oriru,substitution
掟,おくて,okite,okute,substitution
億劫,王国,okku,okoku,insertion
王国,怒る,okoku,okoru,substitution
王国,興す,okoku,okosu,substitution
王国,遅く,okoku,osoku,substitution
王国,王族,okoku,ozoku,substitution
怒る,興す,okoru,okosu,substitution
怒る,贈る,okoru,okuru,substitution
怒る,劣る,okoru,otoru,substitution
興す,卸す,okosu,orosu,substitution
興す,落とす,okosu,otosu,substitution
奥,奥歯,oku,okuba,prefix
奥,おくび,oku,okubi,prefix
奥,屋上,oku,okujo,prefix
奥,御国,oku,okuni,prefix
奥,贈る,oku,okuru,prefix
奥,おくて,oku,okute,prefix
奥歯,おくび,okuba,okubi,last_char_differs
おくび,御国,okubi,okuni,substitution
王宮,恩給,okyu,onkyu,insertion
王宮,送球,okyu,sokyu,insertion
王宮,投球,okyu,tokyu,insertion
王宮,洋弓,okyu,yokyu,insertion
御前,おまけ,omae,omake,insertion
御前,戸前,omae,tomae,insertion
大まか,おまけ,omaka,omake,last_char_differs
大まか,お腹,omaka,onaka,substitution
大まか,大らか,omaka,oraka,substitution
御神酒,重き,omiki,omoki,substitution
御神酒,音域,omiki,oniki,substitution
主,重き,omo,omoki,prefix
主,重荷,omo,omoni,prefix
主,大物,omo,omono,prefix
主,錘,omo,omori,prefix
主,表,omo,omote,prefix
主,大もと,omo,omoto,prefix
主,母屋,omo,omoya,prefix
重い,重き,omoi,omoki,insertion
重い,重荷,omoi,omoni,insertion
重い,錘,omoi,omori,insertion
重き,重荷,omoki,omoni,substitution
重き,錘,omoki,omori,substitution
重荷,大物,omoni,omono,last_char_differs
重荷,錘,omoni,omori,substitution
大物,大もと,omono,omoto,substitution
錘,囮,omori,otori,substitution
表,大もと,omote,omoto,last_char_differs
大もと,弟,omoto,ototo,substitution
鸚鵡,大麦,omu,omugi,prefix
鸚鵡,大向こう,omu,omuko,prefix
鸚鵡,大棟,omu,omune,prefix
同じ,大波,onaji,onami,substitution
同じ,大匙,onaji,osaji,substitution
同じ,親父,onaji,oyaji,substitution
同じ,うなじ,onaji,unaji,substitution
お腹,大鉈,onaka,onata,substitution
お腹,大らか,onaka,oraka,substitution
音便,恩人,onbin,onjin,substitution
温暖,音感,ondan,onkan,substitution
往年,音源,onen,ongen,insertion
往年,穏健,onen,onken,insertion
往年,温泉,onen,onsen,insertion
往年,壮年,onen,sonen,insertion
往年,当年,onen,tonen,insertion
往年,幼年,onen,yonen,insertion
音源,穏健,ongen,onken,substitution
音源,温泉,ongen,onsen,substitution
鬼,音域,oni,oniki,prefix
音階,音感,onkai,onkan,last_char_differs
音階,恩恵,onkai,onkei,substitution
音階,温帯,onkai,ontai,substitution
音階,雲海,onkai,unkai,substitution
音感,穏健,onkan,onken,substitution
音感,音訓,onkan,onkun,substitution
恩恵,穏健,onkei,onken,last_char_differs
恩恵,音声,onkei,onsei,substitution
恩恵,音程,onkei,ontei,substitution
穏健,音訓,onken,onkun,substitution
穏健,温泉,onken,onsen,substitution
温厚,音響,onko,onkyo,insertion
音響,恩給,onkyo,onkyu,last_char_differs
恩給,運休,onkyu,unkyu,substitution
斧,己,ono,onore,prefix
音声,温泉,onsei,onsen,last_char_differs
音声,恩師,onsei,onshi,substitution
音声,温水,onsei,onsui,substitution
音声,音程,onsei,ontei,substitution
音声,旺盛,onsei,osei,insertion
音声,運勢,onsei,unsei,substitution
恩師,温床,onshi,onsho,last_char_differs
恩師,温水,onshi,onsui,substitution
恩師,牡牛,onshi,oshi,insertion
温床,王将,onsho,osho,insertion
温水,汚水,onsui,osui,insertion
温水,雲水,onsui,unsui,substitution
温帯,音程,ontai,ontei,substitution
おら,大らか,ora,oraka,prefix
俺,折れる,ore,oreru,prefix
御礼,祖霊,orei,sorei,insertion
折れる,下りる,oreru,oriru,substitution
折れる,おおせる,oreru,oseru,substitution
折れる,売れる,oreru,ureru,substitution
檻,折り目,ori,orime,prefix
檻,下りる,ori,oriru,prefix
檻,織り屋,ori,oriya,prefix
往路,卸す,oro,orosu,prefix
卸す,落とす,orosu,otosu,substitution
大匙,大掃除,osaji,osoji,substitution
大匙,親父,osaji,oyaji,substitution
大匙,匙,osaji,saji,insertion
王様,女形,osama,oyama,substitution
王様,様,osama,sama,insertion
御産,父さん,osan,tosan,insertion
御産,葉酸,osan,yosan,insertion
仰せ,おおせる,ose,oseru,prefix
旺盛,早世,osei,sosei,insertion
旺盛,妖精,osei,yosei,insertion
おおせる,競る,oseru,seru,insertion
おおせる,失せる,oseru,useru,substitution
牡牛,惜しい,oshi,oshii,insertion
牡牛,往信,oshi,oshin,insertion
牡牛,大潮,oshi,oshio,insertion
牡牛,ろ紙,oshi,roshi,insertion
牡牛,素子,oshi,soshi,insertion
牡牛,年,oshi,toshi,insertion
牡牛,洋紙,oshi,yoshi,insertion
惜しい,往信,oshii,oshin,last_char_differs
惜しい,大潮,oshii,oshio,last_char_differs
惜しい,椎,oshii,shii,insertion
往信,大潮,oshin,oshio,last_char_differs
往信,芯,oshin,shin,insertion
大潮,王将,oshio,osho,insertion
大潮,塩,oshio,shio,insertion
王将,叢書,osho,sosho,insertion
王将,島嶼,osho,tosho,insertion
王将,洋書,osho,yosho,insertion
王将,蔵書,osho,zosho,insertion
遅い,大掃除,osoi,osoji,insertion
大掃除,掃除,osoji,soji,insertion
遅く,襲う,osoku,osou,insertion
遅く,王族,osoku,ozoku,substitution
襲う,装う,osou,yosou,insertion
汚水,漏水,osui,rosui,insertion
汚水,総帥,osui,sosui,insertion
汚水,統帥,osui,tosui,insertion
汚水,用水,osui,yosui,insertion
汚水,雑炊,osui,zosui,insertion
音,御伽,oto,otogi,prefix
音,男,oto,otoko,prefix
音,乙女,oto,otome,prefix
音,御供,oto,otomo,prefix
音,大人,oto,otona,prefix
音,囮,oto,otori,prefix
音,劣る,oto,otoru,prefix
音,落とす,oto,otosu,prefix
音,弟,oto,ototo,prefix
御伽,囮,otogi,otori,substitution
御伽,都議,otogi,togi,insertion
男,御供,otoko,otomo,substitution
男,弟,otoko,ototo,substitution
男,刀工,otoko,toko,insertion
乙女,御供,otome,otomo,last_char_differs
御供,弟,otomo,ototo,substitution
御供,供,otomo,tomo,insertion
囮,劣る,otori,otoru,last_char_differs
囮,鳥,otori,tori,insertion
劣る,落とす,otoru,otosu,substitution
劣る,通る,otoru,toru,insertion
落とす,通す,otosu,tosu,insertion
弟,夫,ototo,otto,insertion
弟,徒党,ototo,toto,insertion
追っ手,取っ手,otte,totte,insertion
終わる,植わる,owaru,uwaru,substitution
大技,技,owaza,waza,insertion
親,親父,oya,oyaji,prefix
親,親子,oya,oyako,prefix
親,女形,oya,oyama,prefix
親父,野次,oyaji,yaji,insertion
親子,夜行,oyako,yako,insertion
女形,山,oyama,yama,insertion
応用,御呼び,oyo,oyobi,prefix
応用,及ぶ,oyo,oyobu,prefix
応用,泳ぐ,oyo,oyogu,prefix
御呼び,及ぶ,oyobi,oyobu,last_char_differs
御呼び,曜日,oyobi,yobi,insertion
及ぶ,泳ぐ,oyobu,oyogu,substitution
及ぶ,腰部,oyobu,yobu,insertion
泳ぐ,用具,oyogu,yogu,insertion
大勢,大関,ozei,ozeki,insertion
大勢,租税,ozei,sozei,insertion
大勢,都税,ozei,tozei,insertion
王族,賊,ozoku,zoku,insertion
大詰め,大相撲,ozume,ozumo,last_char_differs
螺鈿,螺旋,raden,rasen,substitution
螺鈿,漏電,raden,roden,substitution
来夏,来期,raika,raiki,last_char_differs
来夏,来航,raika,raiko,last_char_differs
来夏,落下,raika,rakka,substitution
来夏,冷夏,raika,reika,substitution
来夏,理化,raika,rika,insertion
来夏,大家,raika,taika,substitution
来期,来航,raiki,raiko,last_char_differs
来期,冷気,raiki,reiki,substitution
来期,利器,raiki,riki,insertion
来期,祭器,raiki,saiki,substitution
来期,大気,raiki,taiki,substitution
来航,理工,raiko,riko,insertion
来航,最高,raiko,saiko,substitution
来航,太古,raiko,taiko,substitution
来航,在庫,raiko,zaiko,substitution
雷雨,雷雲,raiu,raiun,insertion
雷雲,乱雲,raiun,ranun,substitution
羅漢,佐官,rakan,sakan,substitution
羅漢,多感,rakan,takan,substitution
羅漢,和漢,rakan,wakan,substitution
羅漢,夜間,rakan,yakan,substitution
落下,立夏,rakka,rikka,substitution
落下,昨夏,rakka,sakka,substitution
落下,雑貨,rakka,zakka,substitution
蘭,乱舞,ran,ranbu,prefix
蘭,乱打,ran,randa,prefix
蘭,卵胞,ran,ranho,prefix
蘭,欄間,ran,ranma,prefix
蘭,乱雲,ran,ranun,prefix
乱舞,輪舞,ranbu,rinbu,substitution
乱打,欄間,randa,ranma,substitution
乱打,連打,randa,renda,substitution
卵胞,卵黄,ranho,rano,insertion
欄間,秋刀魚,ranma,sanma,substitution
欄間,蜻蜒,ranma,yanma,substitution
らっぱ,立派,rappa,rippa,substitution
螺旋,路線,rasen,rosen,substitution
螺旋,和船,rasen,wasen,substitution
螺旋,野選,rasen,yasen,substitution
冷房,令嬢,reibo,reijo,substitution
冷房,礼装,reibo,reiso,substitution
冷房,冷凍,reibo,reito,substitution
冷房,冷蔵,reibo,reizo,substitution
冷房,歳暮,reibo,seibo,substitution
冷房,堤防,reibo,teibo,substitution
霊園,離縁,reien,rien,insertion
霊園,声援,reien,seien,substitution
霊園,庭園,reien,teien,substitution
礼儀,冷気,reigi,reiki,substitution
礼儀,正義,reigi,seigi,substitution
令嬢,礼装,reijo,reiso,substitution
令嬢,冷凍,reijo,reito,substitution
令嬢,冷蔵,reijo,reizo,substitution
令嬢,塁上,reijo,ruijo,substitution
令嬢,正常,reijo,seijo,substitution
冷夏,冷気,reika,reiki,last_char_differs
冷夏,恋歌,reika,renka,substitution
冷夏,理化,reika,rika,insertion
冷夏,生花,reika,seika,substitution
冷気,利器,reiki,riki,insertion
冷気,世紀,reiki,seiki,substitution
冷気,定期,reiki,teiki,substitution
礼装,冷凍,reiso,reito,substitution
礼装,冷蔵,reiso,reizo,substitution
礼装,理想,reiso,riso,insertion
礼装,清掃,reiso,seiso,substitution
冷凍,冷蔵,reito,reizo,substitution
冷凍,連投,reito,rento,substitution
冷凍,列島,reito,retto,substitution
冷凍,離島,reito,rito,insertion
冷凍,生徒,reito,seito,substitution
冷凍,帝都,reito,teito,substitution
連打,煉瓦,renda,renga,substitution
連打,恋歌,renda,renka,substitution
連打,連破,renda,renpa,substitution
連打,連夜,renda,renya,substitution
煉瓦,蓮華,renga,renge,last_char_differs
煉瓦,連合,renga,rengo,last_char_differs
煉瓦,恋歌,renga,renka,substitution
煉瓦,連破,renga,renpa,substitution
煉瓦,連夜,renga,renya,substitution
蓮華,連合,renge,rengo,last_char_differs
連合,連峰,rengo,renpo,substitution
連合,連投,rengo,rento,substitution
連合,林檎,rengo,ringo,substitution
連合,前後,rengo,zengo,substitution
恋歌,連句,renka,renku,last_char_differs
恋歌,連破,renka,renpa,substitution
恋歌,連夜,renka,renya,substitution
恋歌,隣家,renka,rinka,substitution
恋歌,専科,renka,senka,substitution
恋歌,天下,renka,tenka,substitution
恋歌,全科,renka,zenka,substitution
連句,天空,renku,tenku,substitution
連破,連峰,renpa,renpo,last_char_differs
連破,連夜,renpa,renya,substitution
連峰,連投,renpo,rento,substitution
連峰,先方,renpo,senpo,substitution
連峰,店舗,renpo,tenpo,substitution
連峰,前方,renpo,zenpo,substitution
連投,列島,rento,retto,substitution
連投,先頭,rento,sento,substitution
連投,店頭,rento,tento,substitution
連投,全党,rento,zento,substitution
連夜,林野,renya,rinya,substitution
連夜,前夜,renya,zenya,substitution
列,切,retsu,setsu,substitution
列,鉄,retsu,tetsu,substitution
列島,立冬,retto,ritto,substitution
列島,鉄塔,retto,tetto,substitution
利便,離縁,riben,rien,insertion
利便,裏面,riben,rimen,substitution
離縁,裏面,rien,rimen,insertion
理化,理解,rika,rikai,insertion
理化,立夏,rika,rikka,insertion
理化,隣家,rika,rinka,insertion
理解,理系,rikai,rikei,substitution
理解,利器,rikai,riki,insertion
理解,陸尉,rikai,rikui,substitution
理解,罹災,rikai,risai,substitution
理系,利器,rikei,riki,insertion
理系,陸尉,rikei,rikui,substitution
理系,理性,rikei,risei,substitution
利器,陸尉,riki,rikui,insertion
立夏,隣家,rikka,rinka,substitution
理工,売り子,riko,uriko,insertion
陸,陸尉,riku,rikui,insertion
陸,陸運,riku,rikun,insertion
陸,離宮,riku,rikyu,insertion
陸尉,陸運,rikui,rikun,last_char_differs
離宮,離乳,rikyu,rinyu,substitution
離宮,理由,rikyu,riyu,insertion
裏面,路面,rimen,romen,substitution
輪,輪舞,rin,rinbu,prefix
輪,林道,rin,rindo,prefix
輪,林檎,rin,ringo,prefix
輪,離任,rin,rinin,prefix
輪,臨終,rin,rinju,prefix
輪,隣家,rin,rinka,prefix
輪,輪廻,rin,rinne,prefix
輪,林野,rin,rinya,prefix
輪,離乳,rin,rinyu,prefix
輪舞,臨終,rinbu,rinju,substitution
輪舞,離乳,rinbu,rinyu,substitution
林道,林檎,rindo,ringo,substitution
離任,浪人,rinin,ronin,substitution
臨終,離乳,rinju,rinyu,substitution
隣家,林野,rinka,rinya,substitution
林野,離乳,rinya,rinyu,last_char_differs
離乳,理由,rinyu,riyu,insertion
罹災,理性,risai,risei,substitution
罹災,利子,risai,rishi,substitution
理性,利子,risei,rishi,substitution
利子,履修,rishi,rishu,last_char_differs
利子,ろ紙,rishi,roshi,substitution
履修,りす,rishu,risu,insertion
離島,立冬,rito,ritto,insertion
驢馬,老梅,roba,robai,insertion
驢馬,路盤,roba,roban,insertion
老梅,路盤,robai,roban,last_char_differs
路盤,早晩,roban,soban,substitution
路盤,当番,roban,toban,substitution
老母,寮母,robo,ryobo,insertion
漏電,路面,roden,romen,substitution
漏電,労連,roden,roren,substitution
漏電,路線,roden,rosen,substitution
漏電,露店,roden,roten,substitution
漏電,都電,roden,toden,substitution
露地,老人,roji,rojin,insertion
露地,領事,roji,ryoji,insertion
老人,浪人,rojin,ronin,substitution
老人,要人,rojin,yojin,substitution
老女,旅情,rojo,ryojo,insertion
禄,領空,roku,ryoku,insertion
路面,楼門,romen,romon,substitution
路面,労連,romen,roren,substitution
路面,路線,romen,rosen,substitution
路面,露店,romen,roten,substitution
路面,索麺,romen,somen,substitution
路面,当面,romen,tomen,substitution
浪人,当人,ronin,tonin,substitution
論争,老僧,ronso,roso,insertion
労連,路線,roren,rosen,substitution
労連,露店,roren,roten,substitution
路線,露店,rosen,roten,substitution
路線,祖先,rosen,sosen,substitution
路線,当選,rosen,tosen,substitution
路線,予選,rosen,yosen,substitution
老者,ろ紙,rosha,roshi,last_char_differs
老者,走者,rosha,sosha,substitution
老者,当社,rosha,tosha,substitution
ろ紙,漏水,roshi,rosui,substitution
ろ紙,素子,roshi,soshi,substitution
ろ紙,年,roshi,toshi,substitution
ろ紙,洋紙,roshi,yoshi,substitution
漏水,留守居,rosui,rusui,substitution
漏水,総帥,rosui,sosui,substitution
漏水,統帥,rosui,tosui,substitution
漏水,用水,rosui,yosui,substitution
漏水,雑炊,rosui,zosui,substitution
露店,当店,roten,toten,substitution
露店,要点,roten,yoten,substitution
漏斗,両刀,roto,ryoto,insertion
類語,塁上,ruigo,ruijo,substitution
類語,水郷,ruigo,suigo,substitution
塁上,水上,ruijo,suijo,substitution
留守,留守居,rusu,rusui,insertion
留守居,雨水,rusui,usui,insertion
寮母,領土,ryobo,ryodo,substitution
寮母,両方,ryobo,ryoho,substitution
寮母,旅情,ryobo,ryojo,substitution
寮母,良港,ryobo,ryoko,substitution
寮母,両刀,ryobo,ryoto,substitution
寮母,養母,ryobo,yobo,insertion
両腕,領土,ryode,ryodo,last_char_differs
両腕,両目,ryode,ryome,substitution
両腕,両手,ryode,ryote,substitution
領土,両方,ryodo,ryoho,substitution
領土,旅情,ryodo,ryojo,substitution
領土,良港,ryodo,ryoko,substitution
領土,両刀,ryodo,ryoto,substitution
領土,淀,ryodo,yodo,insertion
旅費,両方,ryohi,ryoho,last_char_differs
旅費,領事,ryohi,ryoji,substitution
旅費,漁期,ryohi,ryoki,substitution
旅費,料理,ryohi,ryori,substitution
両方,旅情,ryoho,ryojo,substitution
両方,良港,ryoho,ryoko,substitution
両方,両刀,ryoho,ryoto,substitution
両院,要員,ryoin,yoin,insertion
領事,旅情,ryoji,ryojo,last_char_differs
領事,漁期,ryoji,ryoki,substitution
領事,料理,ryoji,ryori,substitution
領事,幼時,ryoji,yoji,insertion
旅情,良港,ryojo,ryoko,substitution
旅情,両刀,ryojo,ryoto,substitution
旅情,幼女,ryojo,yojo,insertion
漁期,良港,ryoki,ryoko,last_char_differs
漁期,領空,ryoki,ryoku,last_char_differs
漁期,料理,ryoki,ryori,substitution
漁期,容器,ryoki,yoki,insertion
良港,領空,ryoko,ryoku,last_char_differs
良港,両刀,ryoko,ryoto,substitution
良港,流行,ryoko,ryuko,substitution
良港,横,ryoko,yoko,insertion
領空,両雄,ryoku,ryoyu,substitution
領空,右翼,ryoku,uyoku,substitution
領空,欲,ryoku,yoku,insertion
両目,両手,ryome,ryote,substitution
両目,嫁,ryome,yome,insertion
両手,両刀,ryote,ryoto,last_char_differs
両刀,洋陶,ryoto,yoto,insertion
両雄,余裕,ryoyu,yoyu,insertion
竜,流派,ryu,ryuha,prefix
竜,流行,ryu,ryuko,prefix
流行,竜王,ryuko,ryuo,insertion
流行,有効,ryuko,yuko,insertion
鯖,産婆,saba,sanba,insertion
鯖,娑婆,saba,shaba,insertion
茶道,再度,sado,saido,insertion
茶道,参道,sado,sando,insertion
茶道,車道,sado,shado,insertion
冴える,猿,saeru,saru,insertion
冴える,競る,saeru,seru,insertion
冴える,添える,saeru,soeru,substitution
冴える,据える,saeru,sueru,substitution
冴える,堪える,saeru,taeru,substitution
左岸,左舷,sagan,sagen,substitution
左岸,佐官,sagan,sakan,substitution
左岸,左腕,sagan,sawan,substitution
左舷,左辺,sagen,sahen,substitution
左舷,菜園,sagen,saien,substitution
左舷,草原,sagen,sogen,substitution
鷺,兎,sagi,usagi,insertion
作業,山容,sagyo,sanyo,substitution
作業,作用,sagyo,sayo,insertion
左辺,菜園,sahen,saien,substitution
作法,裁縫,saho,saiho,insertion
作法,査証,saho,sasho,insertion
犀,最愛,sai,saiai,prefix
犀,細胞,sai,saibo,prefix
犀,再度,sai,saido,prefix
犀,菜園,sai,saien,prefix
犀,財布,sai,saifu,prefix
犀,最期,sai,saigo,prefix
犀,歳費,sai,saihi,prefix
犀,裁縫,sai,saiho,prefix
犀,歳時,sai,saiji,prefix
犀,才女,sai,saijo,prefix
犀,祭器,sai,saiki,prefix
犀,最高,sai,saiko,prefix
犀,才能,sai,saino,prefix
犀,最多,sai,saita,prefix
最愛,歳費,saiai,saihi,substitution
最愛,歳時,saiai,saiji,substitution
最愛,祭器,saiai,saiki,substitution
最愛,境,saiai,sakai,substitution
最愛,ささい,saiai,sasai,substitution
最愛,試合,saiai,shiai,substitution
細胞,再度,saibo,saido,substitution
細胞,最期,saibo,saigo,substitution
細胞,裁縫,saibo,saiho,substitution
細胞,才女,saibo,saijo,substitution
細胞,最高,saibo,saiko,substitution
細胞,才能,saibo,saino,substitution
細胞,最奥,saibo,saio,insertion
細胞,三方,saibo,sanbo,substitution
細胞,歳暮,saibo,seibo,substitution
細胞,子房,saibo,shibo,substitution
再度,最期,saido,saigo,substitution
再度,裁縫,saido,saiho,substitution
再度,才女,saido,saijo,substitution
再度,最高,saido,saiko,substitution
再度,才能,saido,saino,substitution
再度,最奥,saido,saio,insertion
再度,参道,saido,sando,substitution
再度,青銅,saido,seido,substitution
再度,市道,saido,shido,substitution
再度,水道,saido,suido,substitution
再度,態度,saido,taido,substitution
菜園,声援,saien,seien,substitution
財布,政府,saifu,seifu,substitution
財布,水夫,saifu,suifu,substitution
財布,台風,saifu,taifu,substitution
最期,裁縫,saigo,saiho,substitution
最期,才女,saigo,saijo,substitution
最期,最高,saigo,saiko,substitution
最期,才能,saigo,saino,substitution
最期,最奥,saigo,saio,insertion
最期,珊瑚,saigo,sango,substitution
最期,生後,saigo,seigo,substitution
最期,水郷,saigo,suigo,substitution
歳費,裁縫,saihi,saiho,last_char_differs
歳費,歳時,saihi,saiji,substitution
歳費,祭器,saihi,saiki,substitution
歳費,私費,saihi,shihi,substitution
歳費,堆肥,saihi,taihi,substitution
裁縫,才女,saiho,saijo,substitution
裁縫,最高,saiho,saiko,substitution
裁縫,才能,saiho,saino,substitution
裁縫,最奥,saiho,saio,insertion
裁縫,査証,saiho,sasho,substitution
裁縫,西方,saiho,seiho,substitution
裁縫,至宝,saiho,shiho,substitution
裁縫,水泡,saiho,suiho,substitution
裁縫,大砲,saiho,taiho,substitution
裁縫,財宝,saiho,zaiho,substitution
歳時,才女,saiji,saijo,last_char_differs
歳時,祭器,saiji,saiki,substitution
歳時,匙,saiji,saji,insertion
歳時,参事,saiji,sanji,substitution
歳時,青磁,saiji,seiji,substitution
歳時,師事,saiji,shiji,substitution
歳時,炊事,saiji,suiji,substitution
才女,最高,saijo,saiko,substitution
才女,才能,saijo,saino,substitution
才女,最奥,saijo,saio,insertion
才女,砂上,saijo,sajo,insertion
才女,三女,saijo,sanjo,substitution
才女,正常,saijo,seijo,substitution
才女,子女,saijo,shijo,substitution
才女,水上,saijo,suijo,substitution
才女,退場,saijo,taijo,substitution
祭器,最高,saiki,saiko,last_char_differs
祭器,先,saiki,saki,insertion
祭器,世紀,saiki,seiki,substitution
祭器,四季,saiki,shiki,substitution
祭器,大気,saiki,taiki,substitution
最高,才能,saiko,saino,substitution
最高,最奥,saiko,saio,insertion
最高,精巧,saiko,seiko,substitution
最高,歯垢,saiko,shiko,substitution
最高,推敲,saiko,suiko,substitution
最高,太古,saiko,taiko,substitution
最高,在庫,saiko,zaiko,substitution
才能,最奥,saino,saio,insertion
才能,篠,saino,shino,substitution
才能,滞納,saino,taino,substitution
最多,舌,saita,shita,substitution
最多,矢板,saita,yaita,substitution
匙,参事,saji,sanji,insertion
匙,社寺,saji,shaji,insertion
砂上,三女,sajo,sanjo,insertion
坂,境,saka,sakai,insertion
坂,佐官,saka,sakan,insertion
坂,昨夏,saka,sakka,insertion
坂,山河,saka,sanka,insertion
坂,釈迦,saka,shaka,insertion
境,佐官,sakai,sakan,last_char_differs
境,先,sakai,saki,insertion
境,ささい,sakai,sasai,substitution
境,世界,sakai,sekai,substitution
境,壮快,sakai,sokai,substitution
境,他界,sakai,takai,substitution
境,若い,sakai,wakai,substitution
境,夜会,sakai,yakai,substitution
佐官,砂金,sakan,sakin,substitution
佐官,左腕,sakan,sawan,substitution
佐官,総監,sakan,sokan,substitution
佐官,多感,sakan,takan,substitution
佐官,和漢,sakan,wakan,substitution
佐官,夜間,sakan,yakan,substitution
先,砂金,saki,sakin,insertion
砂金,産院,sakin,sanin,substitution
昨夏,作句,sakka,sakku,last_char_differs
昨夏,山河,sakka,sanka,substitution
昨夏,雑貨,sakka,zakka,substitution
作句,柵,sakku,saku,insertion
作句,砂丘,sakku,sakyu,substitution
作句,節句,sakku,sekku,substitution
柵,砂丘,saku,sakyu,insertion
柵,しゃく,saku,shaku,insertion
柵,粗悪,saku,soaku,insertion
砂丘,さ湯,sakyu,sayu,insertion
砂丘,送球,sakyu,sokyu,substitution
砂丘,野球,sakyu,yakyu,substitution
様,秋刀魚,sama,sanma,insertion
早苗,さざえ,sanae,sazae,substitution
産婆,三方,sanba,sanbo,last_char_differs
産婆,山河,sanba,sanka,substitution
産婆,秋刀魚,sanba,sanma,substitution
産婆,山野,sanba,sanya,substitution
三方,参道,sanbo,sando,substitution
三方,珊瑚,sanbo,sango,substitution
三方,三女,sanbo,sanjo,substitution
三方,散歩,sanbo,sanpo,substitution
三方,酸素,sanbo,sanso,substitution
三方,山頭,sanbo,santo,substitution
三方,山容,sanbo,sanyo,substitution
三方,田んぼ,sanbo,tanbo,substitution
参道,珊瑚,sando,sango,substitution
参道,三女,sando,sanjo,substitution
参道,散歩,sando,sanpo,substitution
参道,酸素,sando,sanso,substitution
参道,山頭,sando,santo,substitution
参道,山容,sando,sanyo,substitution
参道,船頭,sando,sendo,substitution
参道,残土,sando,zando,substitution
珊瑚,三女,sango,sanjo,substitution
珊瑚,散歩,sango,sanpo,substitution
珊瑚,酸素,sango,sanso,substitution
珊瑚,山頭,sango,santo,substitution
珊瑚,山容,sango,sanyo,substitution
珊瑚,端午,sango,tango,substitution
珊瑚,塹壕,sango,zango,substitution
産院,船員,sanin,senin,substitution
産院,他人,sanin,tanin,substitution
参事,三女,sanji,sanjo,last_char_differs
参事,酸味,sanji,sanmi,substitution
三女,散歩,sanjo,sanpo,substitution
三女,酸素,sanjo,sanso,substitution
三女,山頭,sanjo,santo,substitution
三女,山容,sanjo,sanyo,substitution
三女,船上,sanjo,senjo,substitution
三女,誕生,sanjo,tanjo,substitution
山河,秋刀魚,sanka,sanma,substitution
山河,山野,sanka,sanya,substitution
山河,専科,sanka,senka,substitution
山河,担架,sanka,tanka,substitution
秋刀魚,酸味,sanma,sanmi,last_char_differs
秋刀魚,山野,sanma,sanya,substitution
秋刀魚,蜻蜒,sanma,yanma,substitution
散歩,酸素,sanpo,sanso,substitution
散歩,山頭,sanpo,santo,substitution
散歩,山容,sanpo,sanyo,substitution
散歩,先方,sanpo,senpo,substitution
酸素,算数,sanso,sansu,last_char_differs
酸素,山頭,sanso,santo,substitution
酸素,山容,sanso,sanyo,substitution
酸素,炭素,sanso,tanso,substitution
算数,砂州,sansu,sasu,insertion
算数,扇子,sansu,sensu,substitution
算数,箪笥,sansu,tansu,substitution
山頭,山容,santo,sanyo,substitution
山頭,里,santo,sato,insertion
山頭,先頭,santo,sento,substitution
山頭,短刀,santo,tanto,substitution
山頭,残党,santo,zanto,substitution
山野,山容,sanya,sanyo,last_char_differs
山野,莢,sanya,saya,insertion
山容,作用,sanyo,sayo,insertion
山容,爪繞,sanyo,sonyo,substitution
山容,単葉,sanyo,tanyo,substitution
皿,さらう,sara,sarau,insertion
皿,沙羅,sara,shara,insertion
さらう,猿,sarau,saru,insertion
さらう,笑う,sarau,warau,substitution
笹,ささい,sasa,sasai,insertion
ささい,総裁,sasai,sosai,substitution
ささい,多彩,sasai,tasai,substitution
ささい,和裁,sasai,wasai,substitution
ささい,野菜,sasai,yasai,substitution
査証,叢書,sasho,sosho,substitution
誘う,砂州,sasou,sasu,insertion
里,斜塔,sato,shato,insertion
沢,左腕,sawa,sawan,insertion
作用,斜陽,sayo,shayo,insertion
世代,世界,sedai,sekai,substitution
世代,狭い,sedai,semai,substitution
世代,世帯,sedai,setai,substitution
世代,総代,sedai,sodai,substitution
聖,歳暮,sei,seibo,prefix
聖,西部,sei,seibu,prefix
聖,青銅,sei,seido,prefix
聖,精鋭,sei,seiei,prefix
聖,声援,sei,seien,prefix
聖,政府,sei,seifu,prefix
聖,正義,sei,seigi,prefix
聖,生後,sei,seigo,prefix
聖,制覇,sei,seiha,prefix
聖,西方,sei,seiho,prefix
聖,聖者,sei,seija,prefix
聖,青磁,sei,seiji,prefix
聖,正常,sei,seijo,prefix
聖,生花,sei,seika,prefix
聖,世紀,sei,seiki,prefix
聖,精巧,sei,seiko,prefix
聖,静穏,sei,seion,prefix
聖,清掃,sei,seiso,prefix
聖,整数,sei,seisu,prefix
聖,生徒,sei,seito,prefix
聖,星雲,sei,seiun,prefix
聖,聖夜,sei,seiya,prefix
聖,西洋,sei,seiyo,prefix
聖,声優,sei,seiyu,prefix
聖,星座,sei,seiza,prefix
聖,製図,sei,seizu,prefix
歳暮,西部,seibo,seibu,last_char_differs
歳暮,青銅,seibo,seido,substitution
歳暮,生後,seibo,seigo,substitution
歳暮,西方,seibo,seiho,substitution
歳暮,正常,seibo,seijo,substitution
歳暮,精巧,seibo,seiko,substitution
歳暮,清掃,seibo,seiso,substitution
歳暮,生徒,seibo,seito,substitution
歳暮,西洋,seibo,seiyo,substitution
歳暮,子房,seibo,shibo,substitution
歳暮,堤防,seibo,teibo,substitution
西部,政府,seibu,seifu,substitution
西部,整数,seibu,seisu,substitution
西部,声優,seibu,seiyu,substitution
西部,製図,seibu,seizu,substitution
西部,支部,seibu,shibu,substitution
西部,底部,seibu,teibu,substitution
青銅,生後,seido,seigo,substitution
青銅,西方,seido,seiho,substitution
青銅,正常,seido,seijo,substitution
青銅,精巧,seido,seiko,substitution
青銅,清掃,seido,seiso,substitution
青銅,生徒,seido,seito,substitution
青銅,西洋,seido,seiyo,substitution
青銅,船頭,seido,sendo,substitution
青銅,市道,seido,shido,substitution
青銅,水道,seido,suido,substitution
青銅,程度,seido,teido,substitution
精鋭,声援,seiei,seien,last_char_differs
精鋭,正義,seiei,seigi,substitution
精鋭,誠意,seiei,seii,insertion
精鋭,青磁,seiei,seiji,substitution
精鋭,世紀,seiei,seiki,substitution
精鋭,水泳,seiei,suiei,substitution
声援,静穏,seien,seion,substitution
声援,星雲,seien,seiun,substitution
声援,庭園,seien,teien,substitution
政府,整数,seifu,seisu,substitution
政府,声優,seifu,seiyu,substitution
政府,製図,seifu,seizu,substitution
政府,水夫,seifu,suifu,substitution
正義,生後,seigi,seigo,last_char_differs
正義,誠意,seigi,seii,insertion
正義,青磁,seigi,seiji,substitution
正義,世紀,seigi,seiki,substitution
正義,市議,seigi,shigi,substitution
生後,西方,seigo,seiho,substitution
生後,正常,seigo,seijo,substitution
生後,精巧,seigo,seiko,substitution
生後,清掃,seigo,seiso,substitution
生後,生徒,seigo,seito,substitution
生後,西洋,seigo,seiyo,substitution
生後,水郷,seigo,suigo,substitution
制覇,西方,seiha,seiho,last_char_differs
制覇,聖者,seiha,seija,substitution
制覇,生花,seiha,seika,substitution
制覇,聖夜,seiha,seiya,substitution
制覇,星座,seiha,seiza,substitution
西方,正常,seiho,seijo,substitution
西方,精巧,seiho,seiko,substitution
西方,清掃,seiho,seiso,substitution
西方,生徒,seiho,seito,substitution
西方,西洋,seiho,seiyo,substitution
西方,至宝,seiho,shiho,substitution
西方,水泡,seiho,suiho,substitution
誠意,青磁,seii,seiji,insertion
誠意,世紀,seii,seiki,insertion
聖者,青磁,seija,seiji,last_char_differs
聖者,正常,seija,seijo,last_char_differs
聖者,生花,seija,seika,substitution
聖者,聖夜,seija,seiya,substitution
聖者,星座,seija,seiza,substitution
聖者,選者,seija,senja,substitution
青磁,正常,seiji,seijo,last_char_differs
青磁,世紀,seiji,seiki,substitution
青磁,師事,seiji,shiji,substitution
青磁,炊事,seiji,suiji,substitution
青磁,定時,seiji,teiji,substitution
正常,精巧,seijo,seiko,substitution
正常,清掃,seijo,seiso,substitution
正常,生徒,seijo,seito,substitution
正常,西洋,seijo,seiyo,substitution
正常,船上,seijo,senjo,substitution
正常,子女,seijo,shijo,substitution
正常,水上,seijo,suijo,substitution
生花,世紀,seika,seiki,last_char_differs
生花,精巧,seika,seiko,last_char_differs
生花,聖夜,seika,seiya,substitution
生花,星座,seika,seiza,substitution
生花,専科,seika,senka,substitution
生花,鹿,seika,shika,substitution
生花,西瓜,seika,suika,substitution
世紀,精巧,seiki,seiko,last_char_differs
世紀,席,seiki,seki,insertion
世紀,石器,seiki,sekki,substitution
世紀,四季,seiki,shiki,substitution
世紀,定期,seiki,teiki,substitution
精巧,清掃,seiko,seiso,substitution
精巧,生徒,seiko,seito,substitution
精巧,西洋,seiko,seiyo,substitution
精巧,石膏,seiko,sekko,substitution
精巧,千古,seiko,senko,substitution
精巧,歯垢,seiko,shiko,substitution
精巧,推敲,seiko,suiko,substitution
静穏,星雲,seion,seiun,substitution
静穏,紫苑,seion,shion,substitution
清掃,整数,seiso,seisu,last_char_differs
清掃,生徒,seiso,seito,substitution
清掃,西洋,seiso,seiyo,substitution
清掃,紫蘇,seiso,shiso,substitution
清掃,水素,seiso,suiso,substitution
整数,声優,seisu,seiyu,substitution
整数,製図,seisu,seizu,substitution
整数,扇子,seisu,sensu,substitution
整数,切,seisu,setsu,substitution
生徒,西洋,seito,seiyo,substitution
生徒,先頭,seito,sento,substitution
生徒,瀬戸,seito,seto,insertion
生徒,使徒,seito,shito,substitution
生徒,水稲,seito,suito,substitution
生徒,帝都,seito,teito,substitution
星雲,紫雲,seiun,shiun,substitution
星雲,水運,seiun,suiun,substitution
聖夜,西洋,seiya,seiyo,last_char_differs
聖夜,声優,seiya,seiyu,last_char_differs
聖夜,星座,seiya,seiza,substitution
聖夜,視野,seiya,shiya,substitution
西洋,声優,seiyo,seiyu,last_char_differs
西洋,子葉,seiyo,shiyo,substitution
西洋,水曜,seiyo,suiyo,substitution
声優,製図,seiyu,seizu,substitution
星座,製図,seiza,seizu,last_char_differs
世界,席,sekai,seki,insertion
世界,石器,sekai,sekki,substitution
世界,狭い,sekai,semai,substitution
世界,世帯,sekai,setai,substitution
世界,壮快,sekai,sokai,substitution
席,石器,seki,sekki,insertion
石器,石膏,sekki,sekko,last_char_differs
石器,節句,sekki,sekku,last_char_differs
石器,敵機,sekki,tekki,substitution
石膏,節句,sekko,sekku,last_char_differs
石膏,千古,sekko,senko,substitution
石膏,側溝,sekko,sokko,substitution
石膏,鉄鉱,sekko,tekko,substitution
石膏,絶好,sekko,zekko,substitution
節句,急く,sekku,seku,insertion
節句,絶句,sekku,zekku,substitution
狭い,蝉,semai,semi,insertion
狭い,世帯,semai,setai,substitution
狭い,住まい,semai,sumai,substitution
線,船尾,sen,senbi,prefix
線,船頭,sen,sendo,prefix
線,船員,sen,senin,prefix
線,選者,sen,senja,prefix
線,船上,sen,senjo,prefix
線,千手,sen,senju,prefix
線,専科,sen,senka,prefix
線,千古,sen,senko,prefix
線,専務,sen,senmu,prefix
線,先方,sen,senpo,prefix
線,線路,sen,senro,prefix
線,扇子,sen,sensu,prefix
線,先手,sen,sente,prefix
線,先頭,sen,sento,prefix
線,先祖,sen,senzo,prefix
船尾,繊維,senbi,seni,insertion
船頭,船上,sendo,senjo,substitution
船頭,千古,sendo,senko,substitution
船頭,先方,sendo,senpo,substitution
船頭,線路,sendo,senro,substitution
船頭,先頭,sendo,sento,substitution
船頭,先祖,sendo,senzo,substitution
船頭,全土,sendo,zendo,substitution
繊維,船員,seni,senin,insertion
船員,店員,senin,tenin,substitution
船員,全員,senin,zenin,substitution
選者,船上,senja,senjo,last_char_differs
選者,千手,senja,senju,last_char_differs
選者,専科,senja,senka,substitution
船上,千手,senjo,senju,last_char_differs
船上,千古,senjo,senko,substitution
船上,先方,senjo,senpo,substitution
船上,線路,senjo,senro,substitution
船上,先頭,senjo,sento,substitution
船上,先祖,senjo,senzo,substitution
船上,天上,senjo,tenjo,substitution
千手,専務,senju,senmu,substitution
千手,扇子,senju,sensu,substitution
千手,天寿,senju,tenju,substitution
専科,千古,senka,senko,last_char_differs
専科,天下,senka,tenka,substitution
専科,全科,senka,zenka,substitution
千古,先方,senko,senpo,substitution
千古,線路,senko,senro,substitution
千古,先頭,senko,sento,substitution
千古,先祖,senko,senzo,substitution
千古,転校,senko,tenko,substitution
千古,全戸,senko,zenko,substitution
専務,扇子,senmu,sensu,substitution
先方,線路,senpo,senro,substitution
先方,先頭,senpo,sento,substitution
先方,先祖,senpo,senzo,substitution
先方,説法,senpo,seppo,substitution
先方,店舗,senpo,tenpo,substitution
先方,前方,senpo,zenpo,substitution
線路,先頭,senro,sento,substitution
線路,先祖,senro,senzo,substitution
扇子,切,sensu,setsu,substitution
先手,先頭,sente,sento,last_char_differs
先頭,先祖,sento,senzo,substitution
先頭,瀬戸,sento,seto,insertion
先頭,店頭,sento,tento,substitution
先頭,全党,sento,zento,substitution
説法,鉄砲,seppo,teppo,substitution
競る,添える,seru,soeru,insertion
競る,据える,seru,sueru,insertion
競る,失せる,seru,useru,insertion
世帯,早退,setai,sotai,substitution
切,そつ,setsu,sotsu,substitution
切,鉄,setsu,tetsu,substitution
娑婆,釈迦,shaba,shaka,substitution
娑婆,沙羅,shaba,shara,substitution
娑婆,芝,shaba,shiba,substitution
車道,車庫,shado,shako,substitution
車道,車窓,shado,shaso,substitution
車道,斜塔,shado,shato,substitution
車道,斜陽,shado,shayo,substitution
車道,市道,shado,shido,substitution
車道,焦土,shado,shodo,substitution
車道,修道,shado,shudo,substitution
社員,子音,shain,shiin,substitution
社員,芯,shain,shin,insertion
社員,所員,shain,shoin,substitution
社員,朱印,shain,shuin,substitution
社寺,師事,shaji,shiji,substitution
社寺,障子,shaji,shoji,substitution
社寺,主事,shaji,shuji,substitution
釈迦,車庫,shaka,shako,last_char_differs
釈迦,しゃく,shaka,shaku,last_char_differs
釈迦,沙羅,shaka,shara,substitution
釈迦,鹿,shaka,shika,substitution
釈迦,商家,shaka,shoka,substitution
車庫,しゃく,shako,shaku,last_char_differs
車庫,車窓,shako,shaso,substitution
車庫,斜塔,shako,shato,substitution
車庫,斜陽,shako,shayo,substitution
車庫,歯垢,shako,shiko,substitution
車庫,将校,shako,shoko,substitution
車庫,周航,shako,shuko,substitution
しゃく,市区,shaku,shiku,substitution
しゃく,食,shaku,shoku,substitution
しゃく,粗悪,shaku,soaku,substitution
沙羅,洒落,shara,share,last_char_differs
沙羅,修羅,shara,shura,substitution
車窓,斜塔,shaso,shato,substitution
車窓,斜陽,shaso,shayo,substitution
車窓,紫蘇,shaso,shiso,substitution
車窓,焦燥,shaso,shoso,substitution
車窓,宗祖,shaso,shuso,substitution
斜塔,斜陽,shato,shayo,substitution
斜塔,使徒,shato,shito,substitution
斜塔,諸島,shato,shoto,substitution
斜塔,舅,shato,shuto,substitution
斜陽,子葉,shayo,shiyo,substitution
斜陽,賞与,shayo,shoyo,substitution
斜陽,主要,shayo,shuyo,substitution
市,試合,shi,shiai,prefix
市,思案,shi,shian,prefix
市,芝,shi,shiba,prefix
市,子房,shi,shibo,prefix
市,支部,shi,shibu,prefix
市,羊歯,shi,shida,prefix
市,市道,shi,shido,prefix
市,歯牙,shi,shiga,prefix
市,市議,shi,shigi,prefix
市,私費,shi,shihi,prefix
市,至宝,shi,shiho,prefix
市,子音,shi,shiin,prefix
市,師事,shi,shiji,prefix
市,子女,shi,shijo,prefix
市,紫綬,shi,shiju,prefix
市,鹿,shi,shika,prefix
市,四季,shi,shiki,prefix
市,歯垢,shi,shiko,prefix
市,市区,shi,shiku,prefix
市,島,shi,shima,prefix
市,霜,shi,shimo,prefix
市,染む,shi,shimu,prefix
市,品,shi,shina,prefix
市,篠,shi,shino,prefix
市,紫苑,shi,shion,prefix
市,白,shi,shiro,prefix
市,汁,shi,shiru,prefix
市,紫蘇,shi,shiso,prefix
市,舌,shi,shita,prefix
市,仕手,shi,shite,prefix
市,使徒,shi,shito,prefix
市,紫雲,shi,shiun,prefix
市,皺,shi,shiwa,prefix
市,視野,shi,shiya,prefix
市,子葉,shi,shiyo,prefix
試合,思案,shiai,shian,last_char_differs
試合,市議,shiai,shigi,substitution
試合,私費,shiai,shihi,substitution
試合,椎,shiai,shii,insertion
試合,師事,shiai,shiji,substitution
試合,四季,shiai,shiki,substitution
思案,子音,shian,shiin,substitution
思案,芯,shian,shin,insertion
思案,紫苑,shian,shion,substitution
思案,紫雲,shian,shiun,substitution
芝,子房,shiba,shibo,last_char_differs
芝,支部,shiba,shibu,last_char_differs
芝,羊歯,shiba,shida,substitution
芝,歯牙,shiba,shiga,substitution
芝,鹿,shiba,shika,substitution
芝,島,shiba,shima,substitution
芝,品,shiba,shina,substitution
芝,舌,shiba,shita,substitution
芝,皺,shiba,shiwa,substitution
芝,視野,shiba,shiya,substitution
子房,支部,shibo,shibu,last_char_differs
子房,市道,shibo,shido,substitution
子房,至宝,shibo,shiho,substitution
子房,子女,shibo,shijo,substitution
子房,歯垢,shibo,shiko,substitution
子房,霜,shibo,shimo,substitution
子房,篠,shibo,shino,substitution
子房,塩,shibo,shio,insertion
子房,白,shibo,shiro,substitution
子房,紫蘇,shibo,shiso,substitution
子房,使徒,shibo,shito,substitution
子房,子葉,shibo,shiyo,substitution
子房,書房,shibo,shobo,substitution
支部,紫綬,shibu,shiju,substitution
支部,市区,shibu,shiku,substitution
支部,染む,shibu,shimu,substitution
支部,汁,shibu,shiru,substitution
支部,菖蒲,shibu,shobu,substitution
羊歯,市道,shida,shido,last_char_differs
羊歯,歯牙,shida,shiga,substitution
羊歯,鹿,shida,shika,substitution
羊歯,島,shida,shima,substitution
羊歯,品,shida,shina,substitution
羊歯,舌,shida,shita,substitution
羊歯,皺,shida,shiwa,substitution
羊歯,視野,shida,shiya,substitution
市道,至宝,shido,shiho,substitution
市道,子女,shido,shijo,substitution
市道,歯垢,shido,shiko,substitution
市道,霜,shido,shimo,substitution
市道,篠,shido,shino,substitution
市道,塩,shido,shio,insertion
市道,白,shido,shiro,substitution
市道,紫蘇,shido,shiso,substitution
市道,使徒,shido,shito,substitution
市道,子葉,shido,shiyo,substitution
市道,焦土,shido,shodo,substitution
市道,修道,shido,shudo,substitution
市道,水道,shido,suido,substitution
歯牙,市議,shiga,shigi,last_char_differs
歯牙,鹿,shiga,shika,substitution
歯牙,島,shiga,shima,substitution
歯牙,品,shiga,shina,substitution
歯牙,舌,shiga,shita,substitution
歯牙,皺,shiga,shiwa,substitution
歯牙,視野,shiga,shiya,substitution
歯牙,書画,shiga,shoga,substitution
市議,私費,shigi,shihi,substitution
市議,椎,shigi,shii,insertion
市議,師事,shigi,shiji,substitution
市議,四季,shigi,shiki,substitution
市議,将棋,shigi,shogi,substitution
市議,祝儀,shigi,shugi,substitution
私費,至宝,shihi,shiho,last_char_differs
私費,椎,shihi,shii,insertion
私費,師事,shihi,shiji,substitution
私費,四季,shihi,shiki,substitution
私費,消費,shihi,shohi,substitution
私費,種皮,shihi,shuhi,substitution
至宝,子女,shiho,shijo,substitution
至宝,歯垢,shiho,shiko,substitution
至宝,霜,shiho,shimo,substitution
至宝,篠,shiho,shino,substitution
至宝,塩,shiho,shio,insertion
至宝,白,shiho,shiro,substitution
至宝,紫蘇,shiho,shiso,substitution
至宝,使徒,shiho,shito,substitution
至宝,子葉,shiho,shiyo,substitution
至宝,唱法,shiho,shoho,substitution
至宝,主砲,shiho,shuho,substitution
至宝,水泡,shiho,suiho,substitution
椎,子音,shii,shiin,insertion
椎,師事,shii,shiji,insertion
椎,四季,shii,shiki,insertion
子音,芯,shiin,shin,insertion
子音,紫苑,shiin,shion,substitution
子音,紫雲,shiin,shiun,substitution
子音,所員,shiin,shoin,substitution
子音,朱印,shiin,shuin,substitution
師事,子女,shiji,shijo,last_char_differs
師事,紫綬,shiji,shiju,last_char_differs
師事,四季,shiji,shiki,substitution
師事,障子,shiji,shoji,substitution
師事,主事,shiji,shuji,substitution
師事,炊事,shiji,suiji,substitution
子女,紫綬,shijo,shiju,last_char_differs
子女,歯垢,shijo,shiko,substitution
子女,霜,shijo,shimo,substitution
子女,篠,shijo,shino,substitution
子女,塩,shijo,shio,insertion
子女,白,shijo,shiro,substitution
子女,紫蘇,shijo,shiso,substitution
子女,使徒,shijo,shito,substitution
子女,子葉,shijo,shiyo,substitution
子女,少女,shijo,shojo,substitution
子女,衆生,shijo,shujo,substitution
子女,水上,shijo,suijo,substitution
紫綬,市区,shiju,shiku,substitution
紫綬,染む,shiju,shimu,substitution
紫綬,汁,shiju,shiru,substitution
紫綬,種々,shiju,shuju,substitution
鹿,四季,shika,shiki,last_char_differs
鹿,歯垢,shika,shiko,last_char_differs
鹿,市区,shika,shiku,last_char_differs
鹿,島,shika,shima,substitution
鹿,品,shika,shina,substitution
鹿,舌,shika,shita,substitution
鹿,皺,shika,shiwa,substitution
鹿,視野,shika,shiya,substitution
鹿,商家,shika,shoka,substitution
鹿,西瓜,shika,suika,substitution
四季,歯垢,shiki,shiko,last_char_differs
四季,市区,shiki,shiku,last_char_differs
四季,勝機,shiki,shoki,substitution
四季,秋季,shiki,shuki,substitution
歯垢,市区,shiko,shiku,last_char_differs
歯垢,霜,shiko,shimo,substitution
歯垢,篠,shiko,shino,substitution
歯垢,塩,shiko,shio,insertion
歯垢,白,shiko,shiro,substitution
歯垢,紫蘇,shiko,shiso,substitution
歯垢,使徒,shiko,shito,substitution
歯垢,子葉,shiko,shiyo,substitution
歯垢,将校,shiko,shoko,substitution
歯垢,周航,shiko,shuko,substitution
歯垢,推敲,shiko,suiko,substitution
市区,染む,shiku,shimu,substitution
市区,汁,shiku,shiru,substitution
市区,食,shiku,shoku,substitution
島,霜,shima,shimo,last_char_differs
島,染む,shima,shimu,last_char_differs
島,品,shima,shina,substitution
島,舌,shima,shita,substitution
島,皺,shima,shiwa,substitution
島,視野,shima,shiya,substitution
島,睡魔,shima,suima,substitution
霜,染む,shimo,shimu,last_char_differs
霜,篠,shimo,shino,substitution
霜,塩,shimo,shio,insertion
霜,白,shimo,shiro,substitution
霜,紫蘇,shimo,shiso,substitution
霜,使徒,shimo,shito,substitution
霜,子葉,shimo,shiyo,substitution
霜,消耗,shimo,shomo,substitution
染む,汁,shimu,shiru,substitution
染む,主務,shimu,shumu,substitution
芯,品,shin,shina,insertion
芯,篠,shin,shino,insertion
芯,紫苑,shin,shion,insertion
芯,紫雲,shin,shiun,insertion
芯,所員,shin,shoin,insertion
芯,朱印,shin,shuin,insertion
品,篠,shina,shino,last_char_differs
品,舌,shina,shita,substitution
品,皺,shina,shiwa,substitution
品,視野,shina,shiya,substitution
篠,塩,shino,shio,insertion
篠,白,shino,shiro,substitution
篠,紫蘇,shino,shiso,substitution
篠,使徒,shino,shito,substitution
篠,子葉,shino,shiyo,substitution
篠,小脳,shino,shono,substitution
篠,首脳,shino,shuno,substitution
塩,紫苑,shio,shion,insertion
塩,白,shio,shiro,insertion
塩,紫蘇,shio,shiso,insertion
塩,使徒,shio,shito,insertion
塩,子葉,shio,shiyo,insertion
紫苑,紫雲,shion,shiun,substitution
白,汁,shiro,shiru,last_char_differs
白,紫蘇,shiro,shiso,substitution
白,使徒,shiro,shito,substitution
白,子葉,shiro,shiyo,substitution
白,初老,shiro,shoro,substitution
白,棕櫚,shiro,shuro,substitution
白,水路,shiro,suiro,substitution
紫蘇,使徒,shiso,shito,substitution
紫蘇,子葉,shiso,shiyo,substitution
紫蘇,焦燥,shiso,shoso,substitution
紫蘇,宗祖,shiso,shuso,substitution
紫蘇,水素,shiso,suiso,substitution
舌,仕手,shita,shite,last_char_differs
舌,使徒,shita,shito,last_char_differs
舌,皺,shita,shiwa,substitution
舌,視野,shita,shiya,substitution
仕手,使徒,shite,shito,last_char_differs
仕手,初手,shite,shote,substitution
使徒,子葉,shito,shiyo,substitution
使徒,諸島,shito,shoto,substitution
使徒,舅,shito,shuto,substitution
使徒,水稲,shito,suito,substitution
紫雲,旬,shiun,shun,insertion
紫雲,水運,shiun,suiun,substitution
皺,視野,shiwa,shiya,substitution
皺,唱和,shiwa,showa,substitution
皺,手話,shiwa,shuwa,substitution
視野,子葉,shiya,shiyo,last_char_differs
視野,庄屋,shiya,shoya,substitution
視野,終夜,shiya,shuya,substitution
子葉,賞与,shiyo,shoyo,substitution
子葉,主要,shiyo,shuyo,substitution
子葉,水曜,shiyo,suiyo,substitution
笙,書房,sho,shobo,prefix
笙,菖蒲,sho,shobu,prefix
笙,焦土,sho,shodo,prefix
笙,硝煙,sho,shoen,prefix
笙,書風,sho,shofu,prefix
笙,書画,sho,shoga,prefix
笙,将棋,sho,shogi,prefix
笙,正午,sho,shogo,prefix
笙,消費,sho,shohi,prefix
笙,唱法,sho,shoho,prefix
笙,所員,sho,shoin,prefix
笙,精舎,sho,shoja,prefix
笙,障子,sho,shoji,prefix
笙,少女,sho,shojo,prefix
笙,商家,sho,shoka,prefix
笙,勝機,sho,shoki,prefix
笙,将校,sho,shoko,prefix
笙,食,sho,shoku,prefix
笙,賞味,sho,shomi,prefix
笙,消耗,sho,shomo,prefix
笙,小児,sho,shoni,prefix
笙,小脳,sho,shono,prefix
笙,勝利,sho,shori,prefix
笙,初老,sho,shoro,prefix
笙,少佐,sho,shosa,prefix
笙,焦燥,sho,shoso,prefix
笙,初手,sho,shote,prefix
笙,諸島,sho,shoto,prefix
笙,唱和,sho,showa,prefix
笙,庄屋,sho,shoya,prefix
笙,賞与,sho,shoyo,prefix
笙,醤油,sho,shoyu,prefix
笙,肖像,sho,shozo,prefix
書房,菖蒲,shobo,shobu,last_char_differs
書房,焦土,shobo,shodo,substitution
書房,正午,shobo,shogo,substitution
書房,唱法,shobo,shoho,substitution
書房,少女,shobo,shojo,substitution
書房,将校,shobo,shoko,substitution
書房,消耗,shobo,shomo,substitution
書房,小脳,shobo,shono,substitution
書房,初老,shobo,shoro,substitution
書房,焦燥,shobo,shoso,substitution
書房,諸島,shobo,shoto,substitution
書房,賞与,shobo,shoyo,substitution
書房,肖像,shobo,shozo,substitution
書房,祖母,shobo,sobo,insertion
菖蒲,書風,shobu,shofu,substitution
菖蒲,食,shobu,shoku,substitution
菖蒲,醤油,shobu,shoyu,substitution
焦土,正午,shodo,shogo,substitution
焦土,唱法,shodo,shoho,substitution
焦土,少女,shodo,shojo,substitution
焦土,将校,shodo,shoko,substitution
焦土,消耗,shodo,shomo,substitution
焦土,小脳,shodo,shono,substitution
焦土,初老,shodo,shoro,substitution
焦土,焦燥,shodo,shoso,substitution
焦土,諸島,shodo,shoto,substitution
焦土,賞与,shodo,shoyo,substitution
焦土,肖像,shodo,shozo,substitution
焦土,修道,shodo,shudo,substitution
焦土,騒動,shodo,sodo,insertion
硝煙,所員,shoen,shoin,substitution
硝煙,周縁,shoen,shuen,substitution
硝煙,疎遠,shoen,soen,insertion
書風,食,shofu,shoku,substitution
書風,醤油,shofu,shoyu,substitution
書風,主夫,shofu,shufu,substitution
書風,祖父,shofu,sofu,insertion
書画,将棋,shoga,shogi,last_char_differs
書画,正午,shoga,shogo,last_char_differs
書画,精舎,shoga,shoja,substitution
書画,商家,shoga,shoka,substitution
書画,少佐,shoga,shosa,substitution
書画,唱和,shoga,showa,substitution
書画,庄屋,shoga,shoya,substitution
書画,装画,shoga,soga,insertion
将棋,正午,shogi,shogo,last_char_differs
将棋,消費,shogi,shohi,substitution
将棋,少尉,shogi,shoi,insertion
将棋,障子,shogi,shoji,substitution
将棋,勝機,shogi,shoki,substitution
将棋,賞味,shogi,shomi,substitution
将棋,小児,shogi,shoni,substitution
将棋,勝利,shogi,shori,substitution
将棋,祝儀,shogi,shugi,substitution
正午,唱法,shogo,shoho,substitution
正午,少女,shogo,shojo,substitution
正午,将校,shogo,shoko,substitution
正午,消耗,shogo,shomo,substitution
正午,小脳,shogo,shono,substitution
正午,初老,shogo,shoro,substitution
正午,焦燥,shogo,shoso,substitution
正午,諸島,shogo,shoto,substitution
正午,賞与,shogo,shoyo,substitution
正午,肖像,shogo,shozo,substitution
正午,主語,shogo,shugo,substitution
正午,祖語,shogo,sogo,insertion
消費,唱法,shohi,shoho,last_char_differs
消費,少尉,shohi,shoi,insertion
消費,障子,shohi,shoji,substitution
消費,勝機,shohi,shoki,substitution
消費,賞味,shohi,shomi,substitution
消費,小児,shohi,shoni,substitution
消費,勝利,shohi,shori,substitution
消費,種皮,shohi,shuhi,substitution
唱法,少女,shoho,shojo,substitution
唱法,将校,shoho,shoko,substitution
唱法,消耗,shoho,shomo,substitution
唱法,小脳,shoho,shono,substitution
唱法,初老,shoho,shoro,substitution
唱法,焦燥,shoho,shoso,substitution
唱法,諸島,shoho,shoto,substitution
唱法,賞与,shoho,shoyo,substitution
唱法,肖像,shoho,shozo,substitution
唱法,主砲,shoho,shuho,substitution
唱法,走法,shoho,soho,insertion
少尉,所員,shoi,shoin,insertion
少尉,障子,shoi,shoji,insertion
少尉,勝機,shoi,shoki,insertion
少尉,賞味,shoi,shomi,insertion
少尉,小児,shoi,shoni,insertion
少尉,勝利,shoi,shori,insertion
所員,朱印,shoin,shuin,substitution
精舎,障子,shoja,shoji,last_char_differs
精舎,少女,shoja,shojo,last_char_differs
精舎,商家,shoja,shoka,substitution
精舎,少佐,shoja,shosa,substitution
精舎,唱和,shoja,showa,substitution
精舎,庄屋,shoja,shoya,substitution
障子,少女,shoji,shojo,last_char_differs
障子,勝機,shoji,shoki,substitution
障子,賞味,shoji,shomi,substitution
障子,小児,shoji,shoni,substitution
障子,勝利,shoji,shori,substitution
障子,主事,shoji,shuji,substitution
障子,掃除,shoji,soji,insertion
少女,将校,shojo,shoko,substitution
少女,消耗,shojo,shomo,substitution
少女,小脳,shojo,shono,substitution
少女,初老,shojo,shoro,substitution
少女,焦燥,shojo,shoso,substitution
少女,諸島,shojo,shoto,substitution
少女,賞与,shojo,shoyo,substitution
少女,肖像,shojo,shozo,substitution
少女,衆生,shojo,shujo,substitution
少女,僧正,shojo,sojo,insertion
商家,勝機,shoka,shoki,last_char_differs
商家,将校,shoka,shoko,last_char_differs
商家,食,shoka,shoku,last_char_differs
商家,少佐,shoka,shosa,substitution
商家,唱和,shoka,showa,substitution
商家,庄屋,shoka,shoya,substitution
勝機,将校,shoki,shoko,last_char_differs
勝機,食,shoki,shoku,last_char_differs
勝機,賞味,shoki,shomi,substitution
勝機,小児,shoki,shoni,substitution
勝機,勝利,shoki,shori,substitution
勝機,秋季,shoki,shuki,substitution
勝機,早期,shoki,soki,insertion
将校,食,shoko,shoku,last_char_differs
将校,消耗,shoko,shomo,substitution
将校,小脳,shoko,shono,substitution
将校,初老,shoko,shoro,substitution
将校,焦燥,shoko,shoso,substitution
将校,諸島,shoko,shoto,substitution
将校,賞与,shoko,shoyo,substitution
将校,肖像,shoko,shozo,substitution
将校,周航,shoko,shuko,substitution
将校,倉庫,shoko,soko,insertion
食,醤油,shoku,shoyu,substitution
賞味,消耗,shomi,shomo,last_char_differs
賞味,小児,shomi,shoni,substitution
賞味,勝利,shomi,shori,substitution
賞味,趣味,shomi,shumi,substitution
賞味,総身,shomi,somi,insertion
消耗,小脳,shomo,shono,substitution
消耗,初老,shomo,shoro,substitution
消耗,焦燥,shomo,shoso,substitution
消耗,諸島,shomo,shoto,substitution
消耗,賞与,shomo,shoyo,substitution
消耗,肖像,shomo,shozo,substitution
小児,小脳,shoni,shono,last_char_differs
小児,勝利,shoni,shori,substitution
小脳,初老,shono,shoro,substitution
小脳,焦燥,shono,shoso,substitution
小脳,諸島,shono,shoto,substitution
小脳,賞与,shono,shoyo,substitution
小脳,肖像,shono,shozo,substitution
小脳,首脳,shono,shuno,substitution
小脳,苑,shono,sono,insertion
勝利,初老,shori,shoro,last_char_differs
勝利,修理,shori,shuri,substitution
勝利,橇,shori,sori,insertion
初老,焦燥,shoro,shoso,substitution
初老,諸島,shoro,shoto,substitution
初老,賞与,shoro,shoyo,substitution
初老,肖像,shoro,shozo,substitution
初老,棕櫚,shoro,shuro,substitution
初老,早老,shoro,soro,insertion
少佐,焦燥,shosa,shoso,last_char_differs
少佐,唱和,shosa,showa,substitution
少佐,庄屋,shosa,shoya,substitution
少佐,主査,shosa,shusa,substitution
少佐,操作,shosa,sosa,insertion
焦燥,諸島,shoso,shoto,substitution
焦燥,賞与,shoso,shoyo,substitution
焦燥,肖像,shoso,shozo,substitution
焦燥,宗祖,shoso,shuso,substitution
焦燥,早々,shoso,soso,insertion
初手,諸島,shote,shoto,last_char_differs
諸島,賞与,shoto,shoyo,substitution
諸島,肖像,shoto,shozo,substitution
諸島,舅,shoto,shuto,substitution
諸島,総統,shoto,soto,insertion
唱和,庄屋,showa,shoya,substitution
唱和,手話,showa,shuwa,substitution
唱和,挿話,showa,sowa,insertion
庄屋,賞与,shoya,shoyo,last_char_differs
庄屋,醤油,shoya,shoyu,last_char_differs
庄屋,終夜,shoya,shuya,substitution
庄屋,粗野,shoya,soya,insertion
賞与,醤油,shoyo,shoyu,last_char_differs
賞与,肖像,shoyo,shozo,substitution
賞与,主要,shoyo,shuyo,substitution
醤油,周遊,shoyu,shuyu,substitution
肖像,酒造,shozo,shuzo,substitution
肖像,塑像,shozo,sozo,insertion
週,守備,shu,shubi,prefix
週,修道,shu,shudo,prefix
週,守衛,shu,shuei,prefix
週,周縁,shu,shuen,prefix
週,主夫,shu,shufu,prefix
週,祝儀,shu,shugi,prefix
週,主語,shu,shugo,prefix
週,宗派,shu,shuha,prefix
週,種皮,shu,shuhi,prefix
週,主砲,shu,shuho,prefix
週,朱印,shu,shuin,prefix
週,主事,shu,shuji,prefix
週,衆生,shu,shujo,prefix
週,種々,shu,shuju,prefix
週,秋季,shu,shuki,prefix
週,周航,shu,shuko,prefix
週,趣味,shu,shumi,prefix
週,主務,shu,shumu,prefix
週,首脳,shu,shuno,prefix
週,修羅,shu,shura,prefix
週,修理,shu,shuri,prefix
週,棕櫚,shu,shuro,prefix
週,主査,shu,shusa,prefix
週,宗祖,shu,shuso,prefix
週,舅,shu,shuto,prefix
週,手話,shu,shuwa,prefix
週,終夜,shu,shuya,prefix
週,主要,shu,shuyo,prefix
週,周遊,shu,shuyu,prefix
週,酒造,shu,shuzo,prefix
守備,守衛,shubi,shuei,substitution
守備,祝儀,shubi,shugi,substitution
守備,種皮,shubi,shuhi,substitution
守備,周囲,shubi,shui,insertion
守備,主事,shubi,shuji,substitution
守備,秋季,shubi,shuki,substitution
守備,趣味,shubi,shumi,substitution
守備,修理,shubi,shuri,substitution
修道,主語,shudo,shugo,substitution
修道,主砲,shudo,shuho,substitution
修道,衆生,shudo,shujo,substitution
修道,周航,shudo,shuko,substitution
修道,首脳,shudo,shuno,substitution
修道,週央,shudo,shuo,insertion
修道,棕櫚,shudo,shuro,substitution
修道,宗祖,shudo,shuso,substitution
修道,舅,shudo,shuto,substitution
修道,主要,shudo,shuyo,substitution
修道,酒造,shudo,shuzo,substitution
守衛,周縁,shuei,shuen,last_char_differs
守衛,祝儀,shuei,shugi,substitution
守衛,種皮,shuei,shuhi,substitution
守衛,周囲,shuei,shui,insertion
守衛,主事,shuei,shuji,substitution
守衛,秋季,shuei,shuki,substitution
守衛,趣味,shuei,shumi,substitution
守衛,修理,shuei,shuri,substitution
周縁,朱印,shuen,shuin,substitution
周縁,旬,shuen,shun,insertion
主夫,種々,shufu,shuju,substitution
主夫,主務,shufu,shumu,substitution
主夫,周遊,shufu,shuyu,substitution
祝儀,主語,shugi,shugo,last_char_differs
祝儀,種皮,shugi,shuhi,substitution
祝儀,周囲,shugi,shui,insertion
祝儀,主事,shugi,shuji,substitution
祝儀,秋季,shugi,shuki,substitution
祝儀,趣味,shugi,shumi,substitution
祝儀,修理,shugi,shuri,substitution
祝儀,杉,shugi,sugi,insertion
主語,主砲,shugo,shuho,substitution
主語,衆生,shugo,shujo,substitution
主語,周航,shugo,shuko,substitution
主語,首脳,shugo,shuno,substitution
主語,週央,shugo,shuo,insertion
主語,棕櫚,shugo,shuro,substitution
主語,宗祖,shugo,shuso,substitution
主語,舅,shugo,shuto,substitution
主語,主要,shugo,shuyo,substitution
主語,酒造,shugo,shuzo,substitution
宗派,種皮,shuha,shuhi,last_char_differs
宗派,主砲,shuha,shuho,last_char_differs
宗派,修羅,shuha,shura,substitution
宗派,主査,shuha,shusa,substitution
宗派,手話,shuha,shuwa,substitution
宗派,終夜,shuha,shuya,substitution
種皮,主砲,shuhi,shuho,last_char_differs
種皮,周囲,shuhi,shui,insertion
種皮,主事,shuhi,shuji,substitution
種皮,秋季,shuhi,shuki,substitution
種皮,趣味,shuhi,shumi,substitution
種皮,修理,shuhi,shuri,substitution
主砲,衆生,shuho,shujo,substitution
主砲,周航,shuho,shuko,substitution
主砲,首脳,shuho,shuno,substitution
主砲,週央,shuho,shuo,insertion
主砲,棕櫚,shuho,shuro,substitution
主砲,宗祖,shuho,shuso,substitution
主砲,舅,shuho,shuto,substitution
主砲,主要,shuho,shuyo,substitution
主砲,酒造,shuho,shuzo,substitution
周囲,朱印,shui,shuin,insertion
周囲,主事,shui,shuji,insertion
周囲,秋季,shui,shuki,insertion
周囲,趣味,shui,shumi,insertion
周囲,修理,shui,shuri,insertion
朱印,旬,shuin,shun,insertion
主事,衆生,shuji,shujo,last_char_differs
主事,種々,shuji,shuju,last_char_differs
主事,秋季,shuji,shuki,substitution
主事,趣味,shuji,shumi,substitution
主事,修理,shuji,shuri,substitution
主事,筋,shuji,suji,insertion
衆生,種々,shujo,shuju,last_char_differs
衆生,周航,shujo,shuko,substitution
衆生,首脳,shujo,shuno,substitution
衆生,週央,shujo,shuo,insertion
衆生,棕櫚,shujo,shuro,substitution
衆生,宗祖,shujo,shuso,substitution
衆生,舅,shujo,shuto,substitution
衆生,主要,shujo,shuyo,substitution
衆生,酒造,shujo,shuzo,substitution
種々,主務,shuju,shumu,substitution
種々,周遊,shuju,shuyu,substitution
秋季,周航,shuki,shuko,last_char_differs
秋季,趣味,shuki,shumi,substitution
秋季,修理,shuki,shuri,substitution
秋季,鋤,shuki,suki,insertion
周航,首脳,shuko,shuno,substitution
周航,週央,shuko,shuo,insertion
周航,棕櫚,shuko,shuro,substitution
周航,宗祖,shuko,shuso,substitution
周航,舅,shuko,shuto,substitution
周航,主要,shuko,shuyo,substitution
周航,酒造,shuko,shuzo,substitution
周航,崇高,shuko,suko,insertion
趣味,主務,shumi,shumu,last_char_differs
趣味,修理,shumi,shuri,substitution
趣味,炭,shumi,sumi,insertion
主務,周遊,shumu,shuyu,substitution
主務,住む,shumu,sumu,insertion
旬,首脳,shun,shuno,insertion
首脳,週央,shuno,shuo,insertion
首脳,棕櫚,shuno,shuro,substitution
首脳,宗祖,shuno,shuso,substitution
首脳,舅,shuno,shuto,substitution
首脳,主要,shuno,shuyo,substitution
首脳,酒造,shuno,shuzo,substitution
週央,棕櫚,shuo,shuro,insertion
週央,宗祖,shuo,shuso,insertion
週央,舅,shuo,shuto,insertion
週央,主要,shuo,shuyo,insertion
週央,酒造,shuo,shuzo,insertion
修羅,修理,shura,shuri,last_char_differs
修羅,棕櫚,shura,shuro,last_char_differs
修羅,主査,shura,shusa,substitution
修羅,手話,shura,shuwa,substitution
修羅,終夜,shura,shuya,substitution
修理,棕櫚,shuri,shuro,last_char_differs
修理,すり,shuri,suri,insertion
棕櫚,宗祖,shuro,shuso,substitution
棕櫚,舅,shuro,shuto,substitution
棕櫚,主要,shuro,shuyo,substitution
棕櫚,酒造,shuro,shuzo,substitution
主査,宗祖,shusa,shuso,last_char_differs
主査,手話,shusa,shuwa,substitution
主査,終夜,shusa,shuya,substitution
宗祖,舅,shuso,shuto,substitution
宗祖,主要,shuso,shuyo,substitution
宗祖,酒造,shuso,shuzo,substitution
宗祖,裾,shuso,suso,insertion
舅,主要,shuto,shuyo,substitution
舅,酒造,shuto,shuzo,substitution
手話,終夜,shuwa,shuya,substitution
終夜,主要,shuya,shuyo,last_char_differs
終夜,周遊,shuya,shuyu,last_char_differs
主要,周遊,shuyo,shuyu,last_char_differs
主要,酒造,shuyo,shuzo,substitution
蕎麦,早晩,soba,soban,insertion
早晩,相談,soban,sodan,substitution
早晩,総監,soban,sokan,substitution
早晩,遭難,soban,sonan,substitution
早晩,草炭,soban,sotan,substitution
早晩,早産,soban,sozan,substitution
早晩,当番,soban,toban,substitution
祖母,素描,sobo,sobyo,insertion
素描,爪繞,sobyo,sonyo,substitution
素描,僧侶,sobyo,soryo,substitution
装置,早朝,sochi,socho,last_char_differs
装置,素子,sochi,soshi,substitution
装置,当地,sochi,tochi,substitution
装置,用地,sochi,yochi,substitution
早朝,走法,socho,soho,insertion
早朝,叢書,socho,sosho,substitution
早朝,都庁,socho,tocho,substitution
早朝,幼鳥,socho,yocho,substitution
総代,相談,sodai,sodan,last_char_differs
総代,壮快,sodai,sokai,substitution
総代,総裁,sodai,sosai,substitution
総代,早退,sodai,sotai,substitution
総代,総菜,sodai,sozai,substitution
総代,灯台,sodai,todai,substitution
相談,総監,sodan,sokan,substitution
相談,遭難,sodan,sonan,substitution
相談,草炭,sodan,sotan,substitution
相談,早産,sodan,sozan,substitution
相談,登壇,sodan,todan,substitution
相談,余談,sodan,yodan,substitution
疎遠,草原,soen,sogen,insertion
疎遠,総研,soen,soken,insertion
疎遠,索麺,soen,somen,insertion
疎遠,壮年,soen,sonen,insertion
疎遠,祖先,soen,sosen,insertion
添える,剃る,soeru,soru,insertion
添える,据える,soeru,sueru,substitution
送迎,草原,sogei,sogen,last_char_differs
送迎,聡明,sogei,somei,substitution
送迎,祖霊,sogei,sorei,substitution
送迎,早世,sogei,sosei,substitution
送迎,漕艇,sogei,sotei,substitution
送迎,租税,sogei,sozei,substitution
送迎,陶芸,sogei,togei,substitution
草原,荘厳,sogen,sogon,substitution
草原,総研,sogen,soken,substitution
草原,索麺,sogen,somen,substitution
草原,壮年,sogen,sonen,substitution
草原,祖先,sogen,sosen,substitution
草原,用言,sogen,yogen,substitution
祖語,荘厳,sogo,sogon,insertion
荘厳,早婚,sogon,sokon,substitution
走法,叢書,soho,sosho,insertion
壮快,総監,sokai,sokan,last_char_differs
壮快,早期,sokai,soki,insertion
壮快,総裁,sokai,sosai,substitution
壮快,早退,sokai,sotai,substitution
壮快,総菜,sokai,sozai,substitution
壮快,都会,sokai,tokai,substitution
壮快,妖怪,sokai,yokai,substitution
総監,総研,sokan,soken,substitution
総監,早婚,sokan,sokon,substitution
総監,遭難,sokan,sonan,substitution
総監,草炭,sokan,sotan,substitution
総監,早産,sokan,sozan,substitution
総監,投函,sokan,tokan,substitution
総監,羊羮,sokan,yokan,substitution
総監,増刊,sokan,zokan,substitution
総研,早婚,soken,sokon,substitution
総研,索麺,soken,somen,substitution
総研,壮年,soken,sonen,substitution
総研,祖先,soken,sosen,substitution
総研,刀剣,soken,token,substitution
総研,用件,soken,yoken,substitution
側溝,倉庫,sokko,soko,insertion
側溝,特効,sokko,tokko,substitution
側溝,続行,sokko,zokko,substitution
倉庫,早婚,soko,sokon,insertion
送球,投球,sokyu,tokyu,substitution
送球,洋弓,sokyu,yokyu,substitution
聡明,索麺,somei,somen,last_char_differs
聡明,総身,somei,somi,insertion
聡明,祖霊,somei,sorei,substitution
聡明,早世,somei,sosei,substitution
聡明,漕艇,somei,sotei,substitution
聡明,租税,somei,sozei,substitution
聡明,透明,somei,tomei,substitution
索麺,壮年,somen,sonen,substitution
索麺,祖先,somen,sosen,substitution
索麺,当面,somen,tomen,substitution
層雲,遭難,son,sonan,prefix
層雲,壮年,son,sonen,prefix
層雲,村議,son,songi,prefix
層雲,爪繞,son,sonyo,prefix
遭難,壮年,sonan,sonen,substitution
遭難,草炭,sonan,sotan,substitution
遭難,早産,sonan,sozan,substitution
遭難,東南,sonan,tonan,substitution
壮年,祖先,sonen,sosen,substitution
壮年,当年,sonen,tonen,substitution
壮年,幼年,sonen,yonen,substitution
苑,爪繞,sono,sonyo,insertion
爪繞,僧侶,sonyo,soryo,substitution
祖霊,橇,sorei,sori,insertion
祖霊,藻類,sorei,sorui,substitution
祖霊,早世,sorei,sosei,substitution
祖霊,漕艇,sorei,sotei,substitution
祖霊,租税,sorei,sozei,substitution
橇,藻類,sori,sorui,insertion
早老,揃う,soro,sorou,insertion
早老,僧侶,soro,soryo,insertion
揃う,剃る,sorou,soru,insertion
剃る,藻類,soru,sorui,insertion
藻類,総帥,sorui,sosui,substitution
僧侶,棟梁,soryo,toryo,substitution
僧侶,要領,soryo,yoryo,substitution
操作,総裁,sosa,sosai,insertion
操作,走者,sosa,sosha,insertion
総裁,早世,sosai,sosei,substitution
総裁,素子,sosai,soshi,substitution
総裁,総帥,sosai,sosui,substitution
総裁,早退,sosai,sotai,substitution
総裁,総菜,sosai,sozai,substitution
総裁,要塞,sosai,yosai,substitution
早世,祖先,sosei,sosen,last_char_differs
早世,素子,sosei,soshi,substitution
早世,総帥,sosei,sosui,substitution
早世,漕艇,sosei,sotei,substitution
早世,租税,sosei,sozei,substitution
早世,妖精,sosei,yosei,substitution
祖先,当選,sosen,tosen,substitution
祖先,予選,sosen,yosen,substitution
走者,素子,sosha,soshi,last_char_differs
走者,叢書,sosha,sosho,last_char_differs
走者,当社,sosha,tosha,substitution
素子,叢書,soshi,sosho,last_char_differs
素子,総帥,soshi,sosui,substitution
素子,鮨,soshi,sushi,substitution
素子,年,soshi,toshi,substitution
素子,洋紙,soshi,yoshi,substitution
叢書,早々,sosho,soso,insertion
叢書,島嶼,sosho,tosho,substitution
叢書,洋書,sosho,yosho,substitution
叢書,蔵書,sosho,zosho,substitution
素数,総帥,sosu,sosui,insertion
素数,そつ,sosu,sotsu,insertion
総帥,統帥,sosui,tosui,substitution
総帥,用水,sosui,yosui,substitution
総帥,雑炊,sosui,zosui,substitution
早退,草炭,sotai,sotan,last_char_differs
早退,漕艇,sotai,sotei,substitution
早退,総菜,sotai,sozai,substitution
草炭,早産,sotan,sozan,substitution
草炭,途端,sotan,totan,substitution
漕艇,租税,sotei,sozei,substitution
漕艇,徒弟,sotei,totei,substitution
漕艇,予定,sotei,yotei,substitution
総菜,早産,sozai,sozan,last_char_differs
総菜,租税,sozai,sozei,substitution
総菜,東西,sozai,tozai,substitution
総菜,溶剤,sozai,yozai,substitution
早産,登山,sozan,tozan,substitution
租税,都税,sozei,tozei,substitution
素手,薄手,sude,usude,insertion
末,据える,sue,sueru,prefix
据える,刷る,sueru,suru,insertion
据える,植える,sueru,ueru,insertion
素顔,素直,sugao,sunao,substitution
素顔,夕顔,sugao,yugao,substitution
杉,凄い,sugi,sugoi,insertion
杉,次,sugi,tsugi,insertion
杉,薄着,sugi,usugi,insertion
崇拝,住まい,suhai,sumai,substitution
酸い,水道,sui,suido,prefix
酸い,水泳,sui,suiei,prefix
酸い,水夫,sui,suifu,prefix
酸い,水郷,sui,suigo,prefix
酸い,水泡,sui,suiho,prefix
酸い,炊事,sui,suiji,prefix
酸い,水上,sui,suijo,prefix
酸い,西瓜,sui,suika,prefix
酸い,推敲,sui,suiko,prefix
酸い,睡魔,sui,suima,prefix
酸い,推理,sui,suiri,prefix
酸い,水路,sui,suiro,prefix
酸い,水素,sui,suiso,prefix
酸い,水稲,sui,suito,prefix
酸い,水運,sui,suiun,prefix
酸い,水曜,sui,suiyo,prefix
酸い,膵臓,sui,suizo,prefix
水道,水郷,suido,suigo,substitution
水道,水泡,suido,suiho,substitution
水道,水上,suido,suijo,substitution
水道,推敲,suido,suiko,substitution
水道,水路,suido,suiro,substitution
水道,水素,suido,suiso,substitution
水道,水稲,suido,suito,substitution
水道,水曜,suido,suiyo,substitution
水道,膵臓,suido,suizo,substitution
水泳,炊事,suiei,suiji,substitution
水泳,推理,suiei,suiri,substitution
水郷,水泡,suigo,suiho,substitution
水郷,水上,suigo,suijo,substitution
水郷,推敲,suigo,suiko,substitution
水郷,水路,suigo,suiro,substitution
水郷,水素,suigo,suiso,substitution
水郷,水稲,suigo,suito,substitution
水郷,水曜,suigo,suiyo,substitution
水郷,膵臓,suigo,suizo,substitution
水泡,水上,suiho,suijo,substitution
水泡,推敲,suiho,suiko,substitution
水泡,水路,suiho,suiro,substitution
水泡,水素,suiho,suiso,substitution
水泡,水稲,suiho,suito,substitution
水泡,水曜,suiho,suiyo,substitution
水泡,膵臓,suiho,suizo,substitution
炊事,水上,suiji,suijo,last_char_differs
炊事,推理,suiji,suiri,substitution
炊事,筋,suiji,suji,insertion
水上,推敲,suijo,suiko,substitution
水上,水路,suijo,suiro,substitution
水上,水素,suijo,suiso,substitution
水上,水稲,suijo,suito,substitution
水上,水曜,suijo,suiyo,substitution
水上,膵臓,suijo,suizo,substitution
西瓜,推敲,suika,suiko,last_char_differs
西瓜,睡魔,suika,suima,substitution
推敲,水路,suiko,suiro,substitution
推敲,水素,suiko,suiso,substitution
推敲,水稲,suiko,suito,substitution
推敲,水曜,suiko,suiyo,substitution
推敲,膵臓,suiko,suizo,substitution
推敲,崇高,suiko,suko,insertion
推理,水路,suiri,suiro,last_char_differs
推理,すり,suiri,suri,insertion
水路,水素,suiro,suiso,substitution
水路,水稲,suiro,suito,substitution
水路,水曜,suiro,suiyo,substitution
水路,膵臓,suiro,suizo,substitution
水素,水稲,suiso,suito,substitution
水素,水曜,suiso,suiyo,substitution
水素,膵臓,suiso,suizo,substitution
水素,裾,suiso,suso,insertion
水素,随想,suiso,zuiso,substitution
水稲,水曜,suito,suiyo,substitution
水稲,膵臓,suito,suizo,substitution
水曜,膵臓,suiyo,suizo,substitution
筋,辻,suji,tsuji,insertion
鋤,月,suki,tsuki,insertion
崇高,通航,suko,tsuko,insertion
好く,掬う,suku,sukuu,insertion
好く,付く,suku,tsuku,insertion
住まい,炭,sumai,sumi,insertion
住まい,旨い,sumai,umai,insertion
炭,墨絵,sumi,sumie,insertion
住む,摘む,sumu,tsumu,insertion
砂,素直,suna,sunao,insertion
砂,綱,suna,tsuna,insertion
臑,常,sune,tsune,insertion
刷る,鶴,suru,tsuru,insertion
鮨,牛,sushi,ushi,insertion
鮨,油脂,sushi,yushi,substitution
鮨,厨子,sushi,zushi,substitution
多弁,多面,taben,tamen,substitution
多弁,多年,taben,tanen,substitution
多忙,田んぼ,tabo,tanbo,insertion
太刀,堆肥,tachi,taihi,substitution
太刀,当地,tachi,tochi,substitution
多大,互い,tadai,tagai,substitution
多大,他界,tadai,takai,substitution
多大,盥,tadai,tarai,substitution
多大,多彩,tadai,tasai,substitution
多大,たわい,tadai,tawai,substitution
多大,灯台,tadai,todai,substitution
多大,話題,tadai,wadai,substitution
絶え間,弾,taema,tama,insertion
絶え間,手間,taema,tema,insertion
堪える,樽,taeru,taru,insertion
堪える,照る,taeru,teru,insertion
箍,互い,taga,tagai,insertion
箍,たがう,taga,tagau,insertion
箍,大河,taga,taiga,insertion
互い,たがう,tagai,tagau,last_char_differs
互い,類い,tagai,tagui,substitution
互い,他界,tagai,takai,substitution
互い,盥,tagai,tarai,substitution
互い,多彩,tagai,tasai,substitution
互い,たわい,tagai,tawai,substitution
互い,野外,tagai,yagai,substitution
たがう,賜う,tagau,tamau,substitution
鯛,大安,tai,taian,prefix
鯛,退部,tai,taibu,prefix
鯛,怠惰,tai,taida,prefix
鯛,態度,tai,taido,prefix
鯛,台風,tai,taifu,prefix
鯛,大河,tai,taiga,prefix
鯛,堆肥,tai,taihi,prefix
鯛,大砲,tai,taiho,prefix
鯛,隊員,tai,taiin,prefix
鯛,退場,tai,taijo,prefix
鯛,大樹,tai,taiju,prefix
鯛,大家,tai,taika,prefix
鯛,大気,tai,taiki,prefix
鯛,太古,tai,taiko,prefix
鯛,滞納,tai,taino,prefix
鯛,平ら,tai,taira,prefix
鯛,大老,tai,tairo,prefix
鯛,大佐,tai,taisa,prefix
鯛,大宗,tai,taiso,prefix
鯛,対等,tai,taito,prefix
鯛,対話,tai,taiwa,prefix
鯛,太陽,tai,taiyo,prefix
大安,隊員,taian,taiin,substitution
大安,多感,taian,takan,substitution
大安,多難,taian,tanan,substitution
大安,提案,taian,teian,substitution
退部,台風,taibu,taifu,substitution
退部,大樹,taibu,taiju,substitution
退部,底部,taibu,teibu,substitution
怠惰,態度,taida,taido,last_char_differs
怠惰,大河,taida,taiga,substitution
怠惰,大家,taida,taika,substitution
怠惰,平ら,taida,taira,substitution
怠惰,大佐,taida,taisa,substitution
怠惰,対話,taida,taiwa,substitution
態度,大砲,taido,taiho,substitution
態度,退場,taido,taijo,substitution
態度,太古,taido,taiko,substitution
態度,滞納,taido,taino,substitution
態度,対応,taido,taio,insertion
態度,大老,taido,tairo,substitution
態度,大宗,taido,taiso,substitution
態度,対等,taido,taito,substitution
態度,太陽,taido,taiyo,substitution
態度,程度,taido,teido,substitution
台風,大樹,taifu,taiju,substitution
大河,大家,taiga,taika,substitution
大河,平ら,taiga,taira,substitution
大河,大佐,taiga,taisa,substitution
大河,対話,taiga,taiwa,substitution
堆肥,大砲,taihi,taiho,last_char_differs
堆肥,大医,taihi,taii,insertion
堆肥,大気,taihi,taiki,substitution
大砲,退場,taiho,taijo,substitution
大砲,太古,taiho,taiko,substitution
大砲,滞納,taiho,taino,substitution
大砲,対応,taiho,taio,insertion
大砲,大老,taiho,tairo,substitution
大砲,大宗,taiho,taiso,substitution
大砲,対等,taiho,taito,substitution
大砲,太陽,taiho,taiyo,substitution
大砲,財宝,taiho,zaiho,substitution
大医,隊員,taii,taiin,insertion
大医,大気,taii,taiki,insertion
隊員,他人,taiin,tanin,substitution
退場,大樹,taijo,taiju,last_char_differs
退場,太古,taijo,taiko,substitution
退場,滞納,taijo,taino,substitution
退場,対応,taijo,taio,insertion
退場,大老,taijo,tairo,substitution
退場,大宗,taijo,taiso,substitution
退場,対等,taijo,taito,substitution
退場,太陽,taijo,taiyo,substitution
退場,誕生,taijo,tanjo,substitution
大樹,胆汁,taiju,tanju,substitution
大樹,定住,taiju,teiju,substitution
大家,大気,taika,taiki,last_char_differs
大家,太古,taika,taiko,last_char_differs
大家,平ら,taika,taira,substitution
大家,大佐,taika,taisa,substitution
大家,対話,taika,taiwa,substitution
大家,鷹,taika,taka,insertion
大家,担架,taika,tanka,substitution
大気,太古,taiki,taiko,last_char_differs
大気,滝,taiki,taki,insertion
大気,短期,taiki,tanki,substitution
大気,定期,taiki,teiki,substitution
大気,吐息,taiki,toiki,substitution
太古,滞納,taiko,taino,substitution
太古,対応,taiko,taio,insertion
太古,大老,taiko,tairo,substitution
太古,大宗,taiko,taiso,substitution
太古,対等,taiko,taito,substitution
太古,太陽,taiko,taiyo,substitution
太古,蛸,taiko,tako,insertion
太古,炭坑,taiko,tanko,substitution
太古,在庫,taiko,zaiko,substitution
滞納,対応,taino,taio,insertion
滞納,大老,taino,tairo,substitution
滞納,大宗,taino,taiso,substitution
滞納,対等,taino,taito,substitution
滞納,太陽,taino,taiyo,substitution
滞納,胆嚢,taino,tanno,substitution
対応,大老,taio,tairo,insertion
対応,大宗,taio,taiso,insertion
対応,対等,taio,taito,insertion
対応,太陽,taio,taiyo,insertion
平ら,大老,taira,tairo,last_char_differs
平ら,大佐,taira,taisa,substitution
平ら,対話,taira,taiwa,substitution
平ら,鱈,taira,tara,insertion
大老,大宗,tairo,taiso,substitution
大老,対等,tairo,taito,substitution
大老,太陽,tairo,taiyo,substitution
大老,賄賂,tairo,wairo,substitution
大佐,大宗,taisa,taiso,last_char_differs
大佐,対話,taisa,taiwa,substitution
大宗,対等,taiso,taito,substitution
大宗,太陽,taiso,taiyo,substitution
大宗,炭素,taiso,tanso,substitution
対等,太陽,taito,taiyo,substitution
対等,短刀,taito,tanto,substitution
対等,多投,taito,tato,insertion
対等,帝都,taito,teito,substitution
太陽,単葉,taiyo,tanyo,substitution
太陽,多量,taiyo,taryo,substitution
太陽,多様,taiyo,tayo,insertion
鷹,他界,taka,takai,insertion
鷹,多感,taka,takan,insertion
鷹,担架,taka,tanka,insertion
鷹,手垢,taka,teaka,insertion
他界,多感,takai,takan,last_char_differs
他界,滝,takai,taki,insertion
他界,盥,takai,tarai,substitution
他界,多彩,takai,tasai,substitution
他界,たわい,takai,tawai,substitution
他界,都会,takai,tokai,substitution
他界,若い,takai,wakai,substitution
他界,夜会,takai,yakai,substitution
多感,多難,takan,tanan,substitution
多感,投函,takan,tokan,substitution
多感,和漢,takan,wakan,substitution
多感,夜間,takan,yakan,substitution
滝,短期,taki,tanki,insertion
蛸,炭坑,tako,tanko,insertion
弾,賜う,tama,tamau,insertion
多面,多年,tamen,tanen,substitution
多面,当面,tamen,tomen,substitution
民,手編み,tami,teami,insertion
民,投網,tami,toami,insertion
棚,多難,tana,tanan,insertion
棚,担架,tana,tanka,insertion
多難,多年,tanan,tanen,substitution
多難,他人,tanan,tanin,substitution
多難,東南,tanan,tonan,substitution
田んぼ,端午,tanbo,tango,substitution
田んぼ,誕生,tanbo,tanjo,substitution
田んぼ,炭坑,tanbo,tanko,substitution
田んぼ,胆嚢,tanbo,tanno,substitution
田んぼ,炭素,tanbo,tanso,substitution
田んぼ,短刀,tanbo,tanto,substitution
田んぼ,単葉,tanbo,tanyo,substitution
田んぼ,展望,tanbo,tenbo,substitution
田んぼ,蜻蛉,tanbo,tonbo,substitution
種,多年,tane,tanen,insertion
多年,他人,tanen,tanin,substitution
多年,当年,tanen,tonen,substitution
端午,誕生,tango,tanjo,substitution
端午,炭坑,tango,tanko,substitution
端午,胆嚢,tango,tanno,substitution
端午,炭素,tango,tanso,substitution
端午,短刀,tango,tanto,substitution
端午,単葉,tango,tanyo,substitution
端午,塹壕,tango,zango,substitution
谷,他人,tani,tanin,insertion
谷,短期,tani,tanki,insertion
他人,店員,tanin,tenin,substitution
他人,当人,tanin,tonin,substitution
誕生,胆汁,tanjo,tanju,last_char_differs
誕生,炭坑,tanjo,tanko,substitution
誕生,胆嚢,tanjo,tanno,substitution
誕生,炭素,tanjo,tanso,substitution
誕生,短刀,tanjo,tanto,substitution
誕生,単葉,tanjo,tanyo,substitution
誕生,天上,tanjo,tenjo,substitution
胆汁,箪笥,tanju,tansu,substitution
胆汁,天寿,tanju,tenju,substitution
担架,短期,tanka,tanki,last_char_differs
担架,炭坑,tanka,tanko,last_char_differs
担架,天下,tanka,tenka,substitution
短期,炭坑,tanki,tanko,last_char_differs
短期,天気,tanki,tenki,substitution
炭坑,胆嚢,tanko,tanno,substitution
炭坑,炭素,tanko,tanso,substitution
炭坑,短刀,tanko,tanto,substitution
炭坑,単葉,tanko,tanyo,substitution
炭坑,転校,tanko,tenko,substitution
胆嚢,炭素,tanno,tanso,substitution
胆嚢,短刀,tanno,tanto,substitution
胆嚢,単葉,tanno,tanyo,substitution
炭素,箪笥,tanso,tansu,last_char_differs
炭素,短刀,tanso,tanto,substitution
炭素,単葉,tanso,tanyo,substitution
炭素,転送,tanso,tenso,substitution
箪笥,倒す,tansu,taosu,substitution
箪笥,足す,tansu,tasu,insertion
箪笥,辰,tansu,tatsu,substitution
短刀,単葉,tanto,tanyo,substitution
短刀,多投,tanto,tato,insertion
短刀,店頭,tanto,tento,substitution
短刀,残党,tanto,zanto,substitution
単葉,多量,tanyo,taryo,substitution
単葉,多様,tanyo,tayo,insertion
倒す,足す,taosu,tasu,insertion
倒す,辰,taosu,tatsu,substitution
倒す,通す,taosu,tosu,insertion
鱈,盥,tara,tarai,insertion
鱈,手荒,tara,teara,insertion
盥,多彩,tarai,tasai,substitution
盥,たわい,tarai,tawai,substitution
盥,渡来,tarai,torai,substitution
盥,夜来,tarai,yarai,substitution
多量,多様,taryo,tayo,insertion
多量,棟梁,taryo,toryo,substitution
多彩,たわい,tasai,tawai,substitution
多彩,和裁,tasai,wasai,substitution
多彩,野菜,tasai,yasai,substitution
他者,当社,tasha,tosha,substitution
他者,話者,tasha,washa,substitution
足す,辰,tasu,tatsu,insertion
辰,鉄,tatsu,tetsu,substitution
辰,奴,tatsu,yatsu,substitution
辰,雑,tatsu,zatsu,substitution
多勢,都税,tazei,tozei,substitution
手垢,手荒,teaka,teara,substitution
手垢,天下,teaka,tenka,substitution
手編み,投網,teami,toami,substitution
手荒,寺,teara,tera,insertion
手羽,天馬,teba,tenba,insertion
手帳,都庁,techo,tocho,substitution
手偏,手本,tehen,tehon,substitution
手偏,庭園,tehen,teien,substitution
手本,謄本,tehon,tohon,substitution
提案,庭園,teian,teien,substitution
堤防,底部,teibo,teibu,last_char_differs
堤防,程度,teibo,teido,substitution
堤防,帝王,teibo,teio,insertion
堤防,帝都,teibo,teito,substitution
堤防,展望,teibo,tenbo,substitution
底部,定住,teibu,teiju,substitution
底部,低空,teibu,teiku,substitution
程度,帝王,teido,teio,insertion
程度,帝都,teido,teito,substitution
定時,定住,teiji,teiju,last_char_differs
定時,定期,teiji,teiki,substitution
定時,低利,teiji,teiri,substitution
定時,点字,teiji,tenji,substitution
定住,低空,teiju,teiku,substitution
定住,天寿,teiju,tenju,substitution
定期,低空,teiki,teiku,last_char_differs
定期,低利,teiki,teiri,substitution
定期,敵,teiki,teki,insertion
定期,敵機,teiki,tekki,substitution
定期,天気,teiki,tenki,substitution
定期,吐息,teiki,toiki,substitution
低空,天空,teiku,tenku,substitution
帝王,帝都,teio,teito,insertion
帝王,適応,teio,tekio,insertion
手入れ,低利,teire,teiri,last_char_differs
低利,手織り,teiri,teori,substitution
帝都,店頭,teito,tento,substitution
帝都,鉄塔,teito,tetto,substitution
手錠,天上,tejo,tenjo,insertion
敵,適応,teki,tekio,insertion
敵,敵機,teki,tekki,insertion
敵,天気,teki,tenki,insertion
適応,鉄鉱,tekio,tekko,substitution
適応,梃子,tekio,teko,insertion
敵機,鉄鉱,tekki,tekko,last_char_differs
敵機,天気,tekki,tenki,substitution
敵機,突起,tekki,tokki,substitution
鉄鉱,梃子,tekko,teko,insertion
鉄鉱,転校,tekko,tenko,substitution
鉄鉱,特効,tekko,tokko,substitution
鉄鉱,絶好,tekko,zekko,substitution
梃子,転校,teko,tenko,insertion
手間,手前,tema,temae,insertion
手前,戸前,temae,tomae,substitution
天,天馬,ten,tenba,prefix
天,展望,ten,tenbo,prefix
天,天狗,ten,tengu,prefix
天,店員,ten,tenin,prefix
天,点字,ten,tenji,prefix
天,天上,ten,tenjo,prefix
天,天寿,ten,tenju,prefix
天,天下,ten,tenka,prefix
天,天気,ten,tenki,prefix
天,転校,ten,tenko,prefix
天,天空,ten,tenku,prefix
天,天火,ten,tenpi,prefix
天,店舗,ten,tenpo,prefix
天,転送,ten,tenso,prefix
天,店頭,ten,tento,prefix
天馬,展望,tenba,tenbo,last_char_differs
天馬,天下,tenba,tenka,substitution
展望,天上,tenbo,tenjo,substitution
展望,転校,tenbo,tenko,substitution
展望,店舗,tenbo,tenpo,substitution
展望,転送,tenbo,tenso,substitution
展望,店頭,tenbo,tento,substitution
展望,蜻蛉,tenbo,tonbo,substitution
天狗,天寿,tengu,tenju,substitution
天狗,天空,tengu,tenku,substitution
店員,当人,tenin,tonin,substitution
店員,全員,tenin,zenin,substitution
点字,天上,tenji,tenjo,last_char_differs
点字,天寿,tenji,tenju,last_char_differs
点字,天気,tenji,tenki,substitution
点字,天火,tenji,tenpi,substitution
点字,禅師,tenji,zenji,substitution
天上,天寿,tenjo,tenju,last_char_differs
天上,転校,tenjo,tenko,substitution
天上,店舗,tenjo,tenpo,substitution
天上,転送,tenjo,tenso,substitution
天上,店頭,tenjo,tento,substitution
天寿,天空,tenju,tenku,substitution
天下,天気,tenka,tenki,last_char_differs
天下,転校,tenka,tenko,last_char_differs
天下,天空,tenka,tenku,last_char_differs
天下,全科,tenka,zenka,substitution
天気,転校,tenki,tenko,last_char_differs
天気,天空,tenki,tenku,last_char_differs
天気,天火,tenki,tenpi,substitution
天気,前期,tenki,zenki,substitution
転校,天空,tenko,tenku,last_char_differs
転校,店舗,tenko,tenpo,substitution
転校,転送,tenko,tenso,substitution
転校,店頭,tenko,tento,substitution
転校,全戸,tenko,zenko,substitution
天火,店舗,tenpi,tenpo,last_char_differs
店舗,転送,tenpo,tenso,substitution
店舗,店頭,tenpo,tento,substitution
店舗,鉄砲,tenpo,teppo,substitution
店舗,前方,tenpo,zenpo,substitution
転送,店頭,tenso,tento,substitution
転送,手相,tenso,teso,insertion
転送,前奏,tenso,zenso,substitution
店頭,鉄塔,tento,tetto,substitution
店頭,全党,tento,zento,substitution
手負い,手織り,teoi,teori,insertion
手織り,鳥,teori,tori,insertion
手数,鉄,tesu,tetsu,insertion
手数,手薄,tesu,teusu,insertion
鉄,手薄,tetsu,teusu,substitution
投網,富,toami,tomi,insertion
答案,当番,toan,toban,insertion
答案,登壇,toan,todan,insertion
答案,投函,toan,tokan,insertion
答案,東南,toan,tonan,insertion
答案,父さん,toan,tosan,insertion
答案,途端,toan,totan,insertion
答案,登山,toan,tozan,insertion
遠浅,咄嗟,toasa,tossa,substitution
当番,等分,toban,tobun,substitution
当番,登壇,toban,todan,substitution
当番,投函,toban,tokan,substitution
当番,東南,toban,tonan,substitution
当番,父さん,toban,tosan,substitution
当番,途端,toban,totan,substitution
当番,登山,toban,tozan,substitution
逃亡,遠ぼえ,tobo,toboe,insertion
逃亡,蜻蛉,tobo,tonbo,insertion
頭部,等分,tobu,tobun,insertion
等分,余分,tobun,yobun,substitution
当地,都庁,tochi,tocho,last_char_differs
当地,途中,tochi,tochu,last_char_differs
当地,党費,tochi,tohi,insertion
当地,年,tochi,toshi,substitution
当地,用地,tochi,yochi,substitution
都庁,途中,tocho,tochu,last_char_differs
都庁,当方,tocho,toho,insertion
都庁,島嶼,tocho,tosho,substitution
都庁,幼鳥,tocho,yocho,substitution
途中,党首,tochu,toshu,substitution
途中,幼虫,tochu,yochu,substitution
投打,灯台,toda,todai,insertion
投打,登壇,toda,todan,insertion
灯台,登壇,todai,todan,last_char_differs
灯台,都会,todai,tokai,substitution
灯台,渡来,todai,torai,substitution
灯台,東西,todai,tozai,substitution
登壇,都電,todan,toden,substitution
登壇,投函,todan,tokan,substitution
登壇,東南,todan,tonan,substitution
登壇,父さん,todan,tosan,substitution
登壇,途端,todan,totan,substitution
登壇,登山,todan,tozan,substitution
登壇,余談,todan,yodan,substitution
遠出,都電,tode,toden,insertion
都電,遠縁,toden,toen,insertion
都電,刀剣,toden,token,substitution
都電,当面,toden,tomen,substitution
都電,当年,toden,tonen,substitution
都電,当選,toden,tosen,substitution
都電,当店,toden,toten,substitution
都電,当然,toden,tozen,substitution
投影,陶芸,toei,togei,insertion
投影,時計,toei,tokei,insertion
投影,透明,toei,tomei,insertion
投影,徒弟,toei,totei,insertion
投影,都税,toei,tozei,insertion
遠縁,刀剣,toen,token,insertion
遠縁,当面,toen,tomen,insertion
遠縁,当年,toen,tonen,insertion
遠縁,当選,toen,tosen,insertion
遠縁,当店,toen,toten,insertion
遠縁,当然,toen,tozen,insertion
峠,陶芸,toge,togei,insertion
陶芸,都議,togei,togi,insertion
陶芸,時計,togei,tokei,substitution
陶芸,透明,togei,tomei,substitution
陶芸,徒弟,togei,totei,substitution
陶芸,都税,togei,tozei,substitution
研ぐ,闘牛,togu,togyu,insertion
闘牛,投球,togyu,tokyu,substitution
闘牛,豆乳,togyu,tonyu,substitution
闘牛,灯油,togyu,toyu,insertion
党派,当社,toha,tosha,insertion
党費,年,tohi,toshi,insertion
当方,謄本,toho,tohon,insertion
当方,島嶼,toho,tosho,insertion
謄本,討論,tohon,toron,substitution
問,吐息,toi,toiki,prefix
吐息,朱鷺,toiki,toki,insertion
吐息,突起,toiki,tokki,substitution
党員,島民,toin,tomin,insertion
党員,当人,toin,tonin,insertion
灯火,都会,toka,tokai,insertion
灯火,投函,toka,tokan,insertion
灯火,特科,toka,tokka,insertion
都会,投函,tokai,tokan,last_char_differs
都会,時計,tokai,tokei,substitution
都会,朱鷺,tokai,toki,insertion
都会,突起,tokai,tokki,substitution
都会,得意,tokai,tokui,substitution
都会,渡来,tokai,torai,substitution
都会,東西,tokai,tozai,substitution
都会,妖怪,tokai,yokai,substitution
投函,刀剣,tokan,token,substitution
投函,東南,tokan,tonan,substitution
投函,父さん,tokan,tosan,substitution
投函,途端,tokan,totan,substitution
投函,登山,tokan,tozan,substitution
投函,羊羮,tokan,yokan,substitution
投函,増刊,tokan,zokan,substitution
時計,刀剣,tokei,token,last_char_differs
時計,朱鷺,tokei,toki,insertion
時計,突起,tokei,tokki,substitution
時計,得意,tokei,tokui,substitution
時計,透明,tokei,tomei,substitution
時計,徒弟,tokei,totei,substitution
時計,都税,tokei,tozei,substitution
時計,余計,tokei,yokei,substitution
刀剣,当面,token,tomen,substitution
刀剣,当年,token,tonen,substitution
刀剣,当選,token,tosen,substitution
刀剣,当店,token,toten,substitution
刀剣,当然,token,tozen,substitution
刀剣,用件,token,yoken,substitution
朱鷺,突起,toki,tokki,insertion
朱鷺,得意,toki,tokui,insertion
特科,突起,tokka,tokki,last_char_differs
特科,特効,tokka,tokko,last_char_differs
突起,特効,tokki,tokko,last_char_differs
突起,得意,tokki,tokui,substitution
特効,刀工,tokko,toko,insertion
特効,続行,tokko,zokko,substitution
遠く,得意,toku,tokui,insertion
遠く,投球,toku,tokyu,insertion
得意,統帥,tokui,tosui,substitution
投球,豆乳,tokyu,tonyu,substitution
投球,灯油,tokyu,toyu,insertion
投球,洋弓,tokyu,yokyu,substitution
透明,当面,tomei,tomen,last_char_differs
透明,富,tomei,tomi,insertion
透明,徒弟,tomei,totei,substitution
透明,都税,tomei,tozei,substitution
当面,島民,tomen,tomin,substitution
当面,当年,tomen,tonen,substitution
当面,当選,tomen,tosen,substitution
当面,当店,tomen,toten,substitution
当面,当然,tomen,tozen,substitution
富,島民,tomi,tomin,insertion
島民,当人,tomin,tonin,substitution
供,灯明,tomo,tomyo,insertion
灯明,棟梁,tomyo,toryo,substitution
灯明,東洋,tomyo,toyo,insertion
唐音,東南,ton,tonan,prefix
唐音,蜻蛉,ton,tonbo,prefix
唐音,当年,ton,tonen,prefix
唐音,当人,ton,tonin,prefix
唐音,問屋,ton,tonya,prefix
唐音,豆乳,ton,tonyu,prefix
東南,当年,tonan,tonen,substitution
東南,当人,tonan,tonin,substitution
東南,父さん,tonan,tosan,substitution
東南,途端,tonan,totan,substitution
東南,登山,tonan,tozan,substitution
蜻蛉,殿,tonbo,tono,insertion
当年,当人,tonen,tonin,substitution
当年,当選,tonen,tosen,substitution
当年,当店,tonen,toten,substitution
当年,当然,tonen,tozen,substitution
当年,幼年,tonen,yonen,substitution
問屋,豆乳,tonya,tonyu,last_char_differs
問屋,当夜,tonya,toya,insertion
豆乳,灯油,tonyu,toyu,insertion
突破,突飛,toppa,toppi,last_char_differs
虎,渡来,tora,torai,insertion
渡来,鳥,torai,tori,insertion
渡来,鳥居,torai,torii,substitution
渡来,とろい,torai,toroi,substitution
渡来,東西,torai,tozai,substitution
鳥,取り柄,tori,torie,insertion
鳥,鳥居,tori,torii,insertion
鳥,とろい,tori,toroi,insertion
取り柄,鳥居,torie,torii,last_char_differs
鳥居,とろい,torii,toroi,substitution
灯籠,とろい,toro,toroi,insertion
灯籠,討論,toro,toron,insertion
灯籠,棟梁,toro,toryo,insertion
とろい,討論,toroi,toron,last_char_differs
とろい,尊い,toroi,totoi,substitution
とろい,鎧,toroi,yoroi,substitution
棟梁,東洋,toryo,toyo,insertion
棟梁,要領,toryo,yoryo,substitution
父さん,当選,tosan,tosen,substitution
父さん,途端,tosan,totan,substitution
父さん,登山,tosan,tozan,substitution
父さん,葉酸,tosan,yosan,substitution
当選,当店,tosen,toten,substitution
当選,当然,tosen,tozen,substitution
当選,予選,tosen,yosen,substitution
当社,年,tosha,toshi,last_char_differs
当社,島嶼,tosha,tosho,last_char_differs
当社,党首,tosha,toshu,last_char_differs
当社,咄嗟,tosha,tossa,substitution
年,島嶼,toshi,tosho,last_char_differs
年,党首,toshi,toshu,last_char_differs
年,統帥,toshi,tosui,substitution
年,洋紙,toshi,yoshi,substitution
島嶼,党首,tosho,toshu,last_char_differs
島嶼,逃走,tosho,toso,insertion
島嶼,洋書,tosho,yosho,substitution
島嶼,蔵書,tosho,zosho,substitution
党首,通す,toshu,tosu,insertion
党首,洋酒,toshu,yoshu,substitution
通す,統帥,tosu,tosui,insertion
統帥,用水,tosui,yosui,substitution
統帥,雑炊,tosui,zosui,substitution
途端,当店,totan,toten,substitution
途端,登山,totan,tozan,substitution
徒弟,当店,totei,toten,last_char_differs
徒弟,尊い,totei,totoi,substitution
徒弟,都税,totei,tozei,substitution
徒弟,予定,totei,yotei,substitution
当店,当然,toten,tozen,substitution
当店,要点,toten,yoten,substitution
徒党,尊い,toto,totoi,insertion
東西,登山,tozai,tozan,last_char_differs
東西,都税,tozai,tozei,substitution
東西,溶剤,tozai,yozai,substitution
登山,当然,tozan,tozen,substitution
都税,当然,tozei,tozen,last_char_differs
通,壺,tsu,tsubo,prefix
通,粒,tsu,tsubu,prefix
通,都度,tsu,tsudo,prefix
通,通風,tsu,tsufu,prefix
通,次,tsu,tsugi,prefix
通,告ぐ,tsu,tsugu,prefix
通,通院,tsu,tsuin,prefix
通,辻,tsu,tsuji,prefix
通,通常,tsu,tsujo,prefix
通,塚,tsu,tsuka,prefix
通,月,tsu,tsuki,prefix
通,通航,tsu,tsuko,prefix
通,付く,tsu,tsuku,prefix
通,妻,tsu,tsuma,prefix
通,爪,tsu,tsume,prefix
通,摘む,tsu,tsumu,prefix
通,綱,tsu,tsuna,prefix
通,常,tsu,tsune,prefix
通,角,tsu,tsuno,prefix
通,面,tsu,tsura,prefix
通,通路,tsu,tsuro,prefix
通,鶴,tsu,tsuru,prefix
通,蔦,tsu,tsuta,prefix
通,つて,tsu,tsute,prefix
通,通夜,tsu,tsuya,prefix
通,通用,tsu,tsuyo,prefix
通,つゆ,tsu,tsuyu,prefix
壺,粒,tsubo,tsubu,last_char_differs
壺,都度,tsubo,tsudo,substitution
壺,通常,tsubo,tsujo,substitution
壺,通航,tsubo,tsuko,substitution
壺,角,tsubo,tsuno,substitution
壺,通路,tsubo,tsuro,substitution
壺,通用,tsubo,tsuyo,substitution
粒,通風,tsubu,tsufu,substitution
粒,告ぐ,tsubu,tsugu,substitution
粒,付く,tsubu,tsuku,substitution
粒,摘む,tsubu,tsumu,substitution
粒,鶴,tsubu,tsuru,substitution
粒,つゆ,tsubu,tsuyu,substitution
都度,通常,tsudo,tsujo,substitution
都度,通航,tsudo,tsuko,substitution
都度,角,tsudo,tsuno,substitution
都度,通路,tsudo,tsuro,substitution
都度,通用,tsudo,tsuyo,substitution
杖,爪,tsue,tsume,insertion
杖,常,tsue,tsune,insertion
杖,つて,tsue,tsute,insertion
通風,告ぐ,tsufu,tsugu,substitution
通風,付く,tsufu,tsuku,substitution
通風,摘む,tsufu,tsumu,substitution
通風,鶴,tsufu,tsuru,substitution
通風,つゆ,tsufu,tsuyu,substitution
次,告ぐ,tsugi,tsugu,last_char_differs
次,辻,tsugi,tsuji,substitution
次,月,tsugi,tsuki,substitution
次,薄着,tsugi,usugi,substitution
告ぐ,付く,tsugu,tsuku,substitution
告ぐ,摘む,tsugu,tsumu,substitution
告ぐ,鶴,tsugu,tsuru,substitution
告ぐ,つゆ,tsugu,tsuyu,substitution
辻,通常,tsuji,tsujo,last_char_differs
辻,月,tsuji,tsuki,substitution
通常,通航,tsujo,tsuko,substitution
通常,角,tsujo,tsuno,substitution
通常,通路,tsujo,tsuro,substitution
通常,通用,tsujo,tsuyo,substitution
塚,月,tsuka,tsuki,last_char_differs
塚,通航,tsuka,tsuko,last_char_differs
塚,付く,tsuka,tsuku,last_char_differs
塚,妻,tsuka,tsuma,substitution
塚,綱,tsuka,tsuna,substitution
塚,面,tsuka,tsura,substitution
塚,蔦,tsuka,tsuta,substitution
塚,通夜,tsuka,tsuya,substitution
月,通航,tsuki,tsuko,last_char_differs
月,付く,tsuki,tsuku,last_char_differs
通航,付く,tsuko,tsuku,last_char_differs
通航,角,tsuko,tsuno,substitution
通航,通路,tsuko,tsuro,substitution
通航,通用,tsuko,tsuyo,substitution
付く,摘む,tsuku,tsumu,substitution
付く,鶴,tsuku,tsuru,substitution
付く,つゆ,tsuku,tsuyu,substitution
妻,爪,tsuma,tsume,last_char_differs
妻,摘む,tsuma,tsumu,last_char_differs
妻,綱,tsuma,tsuna,substitution
妻,面,tsuma,tsura,substitution
妻,蔦,tsuma,tsuta,substitution
妻,通夜,tsuma,tsuya,substitution
爪,摘む,tsume,tsumu,last_char_differs
爪,常,tsume,tsune,substitution
爪,つて,tsume,tsute,substitution
摘む,鶴,tsumu,tsuru,substitution
摘む,つゆ,tsumu,tsuyu,substitution
綱,常,tsuna,tsune,last_char_differs
綱,角,tsuna,tsuno,last_char_differs
綱,面,tsuna,tsura,substitution
綱,蔦,tsuna,tsuta,substitution
綱,通夜,tsuna,tsuya,substitution
常,角,tsune,tsuno,last_char_differs
常,つて,tsune,tsute,substitution
角,通路,tsuno,tsuro,substitution
角,通用,tsuno,tsuyo,substitution
面,通路,tsura,tsuro,last_char_differs
面,鶴,tsura,tsuru,last_char_differs
面,蔦,tsura,tsuta,substitution
面,通夜,tsura,tsuya,substitution
通路,鶴,tsuro,tsuru,last_char_differs
通路,通用,tsuro,tsuyo,substitution
鶴,つゆ,tsuru,tsuyu,substitution
蔦,つて,tsuta,tsute,last_char_differs
蔦,通夜,tsuta,tsuya,substitution
通夜,通用,tsuya,tsuyo,last_char_differs
通夜,つゆ,tsuya,tsuyu,last_char_differs
通用,つゆ,tsuyo,tsuyu,last_char_differs
うぶ,産毛,ubu,ubuge,prefix
うぶ,産着,ubu,ubugi,prefix
うぶ,産湯,ubu,ubuyu,prefix
産毛,産着,ubuge,ubugi,last_char_differs
産着,薄着,ubugi,usugi,substitution
内,うんち,uchi,unchi,insertion
うだる,受かる,udaru,ukaru,substitution
うだる,埋まる,udaru,umaru,substitution
うだる,唸る,udaru,unaru,substitution
うだる,植わる,udaru,uwaru,substitution
植木,輸液,ueki,yueki,insertion
植える,受ける,ueru,ukeru,insertion
植える,埋める,ueru,umeru,insertion
植える,うねる,ueru,uneru,insertion
植える,売れる,ueru,ureru,insertion
植える,失せる,ueru,useru,insertion
含嗽,有害,ugai,yugai,insertion
含嗽,頭蓋,ugai,zugai,insertion
右舷,幽玄,ugen,yugen,insertion
動く,右翼,ugoku,uyoku,substitution
氏,氏子,uji,ujiko,prefix
氏子,売り子,ujiko,uriko,substitution
羽化,浮かぶ,uka,ukabu,prefix
羽化,受かる,uka,ukaru,prefix
浮かぶ,受かる,ukabu,ukaru,substitution
鵜飼い,雲海,ukai,unkai,insertion
鵜飼い,融解,ukai,yukai,insertion
鵜飼い,図解,ukai,zukai,insertion
受かる,受ける,ukaru,ukeru,substitution
受かる,埋まる,ukaru,umaru,substitution
受かる,唸る,ukaru,unaru,substitution
受かる,植わる,ukaru,uwaru,substitution
受け身,憂き身,ukemi,ukimi,substitution
受ける,埋める,ukeru,umeru,substitution
受ける,うねる,ukeru,uneru,substitution
受ける,売れる,ukeru,ureru,substitution
受ける,失せる,ukeru,useru,substitution
雨季,憂き目,uki,ukime,prefix
雨季,憂き身,uki,ukimi,prefix
雨季,浮き世,uki,ukiyo,prefix
憂き目,憂き身,ukime,ukimi,last_char_differs
馬,埋まる,uma,umaru,prefix
埋まる,埋める,umaru,umeru,substitution
埋まる,唸る,umaru,unaru,substitution
埋まる,植わる,umaru,uwaru,substitution
梅,呻く,ume,umeku,prefix
梅,埋める,ume,umeru,prefix
呻く,埋める,umeku,umeru,substitution
埋める,うねる,umeru,uneru,substitution
埋める,売れる,umeru,ureru,substitution
埋める,失せる,umeru,useru,substitution
海,海辺,umi,umibe,prefix
鰻,うなじ,unagi,unaji,substitution
鰻,兎,unagi,usagi,substitution
鰻,上着,unagi,uwagi,substitution
うなじ,裏地,unaji,uraji,substitution
唸る,うねる,unaru,uneru,substitution
唸る,植わる,unaru,uwaru,substitution
雲泥,運命,undei,unmei,substitution
雲泥,運勢,undei,unsei,substitution
畝,うねる,une,uneru,prefix
うねる,売れる,uneru,ureru,substitution
うねる,失せる,uneru,useru,substitution
運休,運輸,unkyu,unyu,insertion
運命,運勢,unmei,unsei,substitution
運勢,雲水,unsei,unsui,substitution
雲水,雨水,unsui,usui,insertion
運転,雨天,unten,uten,insertion
浦,裏地,ura,uraji,prefix
浦,裏目,ura,urame,prefix
浦,怨み,ura,urami,prefix
浦,恨む,ura,uramu,prefix
浦,裏手,ura,urate,prefix
裏地,怨み,uraji,urami,substitution
裏目,怨み,urame,urami,last_char_differs
裏目,恨む,urame,uramu,last_char_differs
裏目,裏手,urame,urate,substitution
怨み,恨む,urami,uramu,last_char_differs
恨む,潤む,uramu,urumu,substitution
裏手,売り手,urate,urite,substitution
裏手,上手,urate,uwate,substitution
売れる,憂う,ureru,ureu,insertion
売れる,失せる,ureru,useru,substitution
瓜,売り場,uri,uriba,prefix
瓜,売り子,uri,uriko,prefix
瓜,売り手,uri,urite,prefix
売り子,鱗,uriko,uroko,substitution
売る,潤む,uru,urumu,prefix
売る,潤う,uru,uruou,prefix
潤む,潤う,urumu,uruou,substitution
兎,薄着,usagi,usugi,substitution
兎,上着,usagi,uwagi,substitution
牛,油脂,ushi,yushi,insertion
牛,厨子,ushi,zushi,insertion
臼,薄日,usu,usubi,prefix
臼,薄手,usu,usude,prefix
臼,薄着,usu,usugi,prefix
薄日,薄着,usubi,usugi,substitution
薄日,雨水,usubi,usui,insertion
薄着,雨水,usugi,usui,insertion
謡,図体,utai,zutai,insertion
打つ,憂鬱,utsu,yutsu,insertion
うわべ,上手,uwabe,uwate,substitution
上手,わて,uwate,wate,insertion
右翼,欲,uyoku,yoku,insertion
渦,卯月,uzu,uzuki,prefix
渦,疼く,uzu,uzuku,prefix
渦,鶉,uzu,uzura,prefix
渦,うずうず,uzu,uzuzu,prefix
卯月,疼く,uzuki,uzuku,last_char_differs
疼く,うずうず,uzuku,uzuzu,substitution
話題,若い,wadai,wakai,substitution
話題,和裁,wadai,wasai,substitution
和歌,若い,waka,wakai,insertion
和歌,和漢,waka,wakan,insertion
若い,和漢,wakai,wakan,last_char_differs
若い,脇,wakai,waki,insertion
若い,和裁,wakai,wasai,substitution
若い,夜会,wakai,yakai,substitution
和漢,夜間,wakan,yakan,substitution
藁,笑う,wara,warau,insertion
割,悪い,wari,warui,insertion
和裁,鷲,wasai,washi,substitution
和裁,野菜,wasai,yasai,substitution
早稲,和船,wase,wasen,insertion
和船,野選,wasen,yasen,substitution
話者,鷲,washa,washi,last_char_differs
鷲,椰子,washi,yashi,substitution
やばい,野外,yabai,yagai,substitution
やばい,夜会,yabai,yakai,substitution
やばい,夜来,yabai,yarai,substitution
やばい,野菜,yabai,yasai,substitution
やばい,屋台,yabai,yatai,substitution
藪,夜分,yabu,yabun,insertion
夜分,余分,yabun,yobun,substitution
夜分,油分,yabun,yubun,substitution
野鳥,野砲,yacho,yaho,insertion
野鳥,幼鳥,yacho,yocho,substitution
野鳥,悠長,yacho,yucho,substitution
野鳥,座長,yacho,zacho,substitution
八重,八重歯,yae,yaeba,prefix
野営,夜景,yaei,yakei,insertion
野営,野生,yaei,yasei,insertion
野外,山羊,yagai,yagi,insertion
野外,夜会,yagai,yakai,substitution
野外,夜来,yagai,yarai,substitution
野外,野菜,yagai,yasai,substitution
野外,屋台,yagai,yatai,substitution
野外,要害,yagai,yogai,substitution
野外,有害,yagai,yugai,substitution
夜具,野牛,yagu,yagyu,insertion
野牛,野球,yagyu,yakyu,substitution
夜会,夜間,yakai,yakan,last_char_differs
夜会,夜景,yakai,yakei,substitution
夜会,躍起,yakai,yakki,substitution
夜会,夜来,yakai,yarai,substitution
夜会,野菜,yakai,yasai,substitution
夜会,屋台,yakai,yatai,substitution
夜会,妖怪,yakai,yokai,substitution
夜会,融解,yakai,yukai,substitution
夜間,野犬,yakan,yaken,substitution
夜間,羊羮,yakan,yokan,substitution
夜間,夕刊,yakan,yukan,substitution
やけ,夜景,yake,yakei,insertion
やけ,野犬,yake,yaken,insertion
やけ,夜明け,yake,yoake,insertion
夜景,野犬,yakei,yaken,last_char_differs
夜景,躍起,yakei,yakki,substitution
夜景,野生,yakei,yasei,substitution
夜景,余計,yakei,yokei,substitution
野犬,野選,yaken,yasen,substitution
野犬,用件,yaken,yoken,substitution
葯,野球,yaku,yakyu,insertion
野球,洋弓,yakyu,yokyu,substitution
野球,悠久,yakyu,yukyu,substitution
山,蜻蜒,yama,yanma,insertion
闇,湯浴み,yami,yuami,insertion
夜来,槍,yarai,yari,insertion
夜来,野菜,yarai,yasai,substitution
夜来,屋台,yarai,yatai,substitution
夜来,由来,yarai,yurai,substitution
野菜,野生,yasai,yasei,substitution
野菜,椰子,yasai,yashi,substitution
野菜,安い,yasai,yasui,substitution
野菜,屋台,yasai,yatai,substitution
野菜,要塞,yasai,yosai,substitution
野菜,油彩,yasai,yusai,substitution
野生,野選,yasei,yasen,last_char_differs
野生,椰子,yasei,yashi,substitution
野生,安い,yasei,yasui,substitution
野生,妖精,yasei,yosei,substitution
野生,遊星,yasei,yusei,substitution
野選,予選,yasen,yosen,substitution
野選,郵船,yasen,yusen,substitution
椰子,野手,yashi,yashu,last_char_differs
椰子,安い,yashi,yasui,substitution
椰子,洋紙,yashi,yoshi,substitution
椰子,油脂,yashi,yushi,substitution
野手,洋酒,yashu,yoshu,substitution
野手,優秀,yashu,yushu,substitution
安い,用水,yasui,yosui,substitution
野党,雇う,yato,yatou,insertion
雇う,奴,yatou,yatsu,substitution
奴,憂鬱,yatsu,yutsu,substitution
奴,雑,yatsu,zatsu,substitution
腰部,余分,yobu,yobun,insertion
余分,油分,yobun,yubun,substitution
用地,幼鳥,yochi,yocho,last_char_differs
用地,幼虫,yochi,yochu,last_char_differs
用地,洋紙,yochi,yoshi,substitution
幼鳥,幼虫,yocho,yochu,last_char_differs
幼鳥,洋書,yocho,yosho,substitution
幼鳥,悠長,yocho,yucho,substitution
幼虫,洋酒,yochu,yoshu,substitution
余談,溶岩,yodan,yogan,substitution
余談,羊羮,yodan,yokan,substitution
余談,要覧,yodan,yoran,substitution
余談,葉酸,yodan,yosan,substitution
余談,勇断,yodan,yudan,substitution
溶液,容器,yoeki,yoki,insertion
溶液,輸液,yoeki,yueki,substitution
洋画,要害,yoga,yogai,insertion
洋画,溶岩,yoga,yogan,insertion
要害,溶岩,yogai,yogan,last_char_differs
要害,妖怪,yogai,yokai,substitution
要害,要塞,yogai,yosai,substitution
要害,齢,yogai,yowai,substitution
要害,溶剤,yogai,yozai,substitution
要害,有害,yogai,yugai,substitution
溶岩,用言,yogan,yogen,substitution
溶岩,羊羮,yogan,yokan,substitution
溶岩,要覧,yogan,yoran,substitution
溶岩,葉酸,yogan,yosan,substitution
溶岩,象眼,yogan,zogan,substitution
用言,用件,yogen,yoken,substitution
用言,幼年,yogen,yonen,substitution
用言,予選,yogen,yosen,substitution
用言,要点,yogen,yoten,substitution
用言,幽玄,yogen,yugen,substitution
養護,幼魚,yogo,yogyo,insertion
幼魚,余興,yogyo,yokyo,substitution
幼魚,要領,yogyo,yoryo,substitution
葉柄,余計,yohei,yokei,substitution
葉柄,妖精,yohei,yosei,substitution
葉柄,予定,yohei,yotei,substitution
洋品,要員,yohin,yoin,insertion
洋品,要人,yohin,yojin,substitution
洋品,預金,yohin,yokin,substitution
宵,養育,yoi,yoiku,prefix
養育,欲,yoiku,yoku,insertion
要員,要人,yoin,yojin,insertion
要員,預金,yoin,yokin,insertion
幼時,要人,yoji,yojin,insertion
要人,預金,yojin,yokin,substitution
要人,友人,yojin,yujin,substitution
余暇,妖怪,yoka,yokai,insertion
余暇,羊羮,yoka,yokan,insertion
妖怪,羊羮,yokai,yokan,last_char_differs
妖怪,余計,yokai,yokei,substitution
妖怪,容器,yokai,yoki,insertion
妖怪,要塞,yokai,yosai,substitution
妖怪,齢,yokai,yowai,substitution
妖怪,溶剤,yokai,yozai,substitution
妖怪,融解,yokai,yukai,substitution
羊羮,用件,yokan,yoken,substitution
羊羮,預金,yokan,yokin,substitution
羊羮,要覧,yokan,yoran,substitution
羊羮,葉酸,yokan,yosan,substitution
羊羮,夕刊,yokan,yukan,substitution
羊羮,増刊,yokan,zokan,substitution
余計,用件,yokei,yoken,last_char_differs
余計,容器,yokei,yoki,insertion
余計,妖精,yokei,yosei,substitution
余計,予定,yokei,yotei,substitution
用件,預金,yoken,yokin,substitution
用件,幼年,yoken,yonen,substitution
用件,予選,yoken,yosen,substitution
用件,要点,yoken,yoten,substitution
容器,預金,yoki,yokin,insertion
預金,雑巾,yokin,zokin,substitution
横,余興,yoko,yokyo,insertion
欲,洋弓,yoku,yokyu,insertion
余興,洋弓,yokyo,yokyu,last_char_differs
余興,要領,yokyo,yoryo,substitution
余興,遊興,yokyo,yukyo,substitution
余興,増強,yokyo,zokyo,substitution
洋弓,余裕,yokyu,yoyu,insertion
洋弓,悠久,yokyu,yukyu,substitution
拗音,幼年,yon,yonen,prefix
幼年,予選,yonen,yosen,substitution
幼年,要点,yonen,yoten,substitution
要覧,葉酸,yoran,yosan,substitution
要覧,遊覧,yoran,yuran,substitution
要領,遊漁,yoryo,yuryo,substitution
要塞,葉酸,yosai,yosan,last_char_differs
要塞,妖精,yosai,yosei,substitution
要塞,洋紙,yosai,yoshi,substitution
要塞,用水,yosai,yosui,substitution
要塞,齢,yosai,yowai,substitution
要塞,溶剤,yosai,yozai,substitution
要塞,油彩,yosai,yusai,substitution
葉酸,予選,yosan,yosen,substitution
葉酸,遊山,yosan,yusan,substitution
寄席,妖精,yose,yosei,insertion
寄席,予選,yose,yosen,insertion
妖精,予選,yosei,yosen,last_char_differs
妖精,洋紙,yosei,yoshi,substitution
妖精,用水,yosei,yosui,substitution
妖精,予定,yosei,yotei,substitution
妖精,遊星,yosei,yusei,substitution
予選,要点,yosen,yoten,substitution
予選,郵船,yosen,yusen,substitution
洋紙,洋書,yoshi,yosho,last_char_differs
洋紙,洋酒,yoshi,yoshu,last_char_differs
洋紙,用水,yoshi,yosui,substitution
洋紙,油脂,yoshi,yushi,substitution
洋書,洋酒,yosho,yoshu,last_char_differs
洋書,余所,yosho,yoso,insertion
洋書,優勝,yosho,yusho,substitution
洋書,蔵書,yosho,zosho,substitution
洋酒,装う,yoshu,yosou,substitution
洋酒,よす,yoshu,yosu,insertion
洋酒,優秀,yoshu,yushu,substitution
余所,装う,yoso,yosou,insertion
装う,よす,yosou,yosu,insertion
よす,用水,yosu,yosui,insertion
用水,雑炊,yosui,zosui,substitution
予定,要点,yotei,yoten,last_char_differs
齢,溶剤,yowai,yozai,substitution
友愛,湯浴み,yuai,yuami,insertion
友愛,雄大,yuai,yudai,insertion
友愛,有害,yuai,yugai,insertion
友愛,融解,yuai,yukai,insertion
友愛,由来,yuai,yurai,insertion
友愛,油彩,yuai,yusai,insertion
湯浴み,弓,yuami,yumi,insertion
夕映え,ゆうべ,yubae,yube,insertion
ゆうべ,雄弁,yube,yuben,insertion
雄弁,郵便,yuben,yubin,substitution
雄弁,油分,yuben,yubun,substitution
雄弁,油田,yuben,yuden,substitution
雄弁,幽玄,yuben,yugen,substitution
雄弁,郵船,yuben,yusen,substitution
雄弁,友禅,yuben,yuzen,substitution
指,郵便,yubi,yubin,insertion
郵便,油分,yubin,yubun,substitution
郵便,友人,yubin,yujin,substitution
油分,友軍,yubun,yugun,substitution
悠長,優勝,yucho,yusho,substitution
雄大,勇断,yudai,yudan,last_char_differs
雄大,有害,yudai,yugai,substitution
雄大,融解,yudai,yukai,substitution
雄大,由来,yudai,yurai,substitution
雄大,油彩,yudai,yusai,substitution
勇断,油田,yudan,yuden,substitution
勇断,夕飯,yudan,yuhan,substitution
勇断,夕刊,yudan,yukan,substitution
勇断,遊覧,yudan,yuran,substitution
勇断,遊山,yudan,yusan,substitution
油田,幽玄,yuden,yugen,substitution
油田,郵船,yuden,yusen,substitution
油田,友禅,yuden,yuzen,substitution
故,輸液,yue,yueki,prefix
遊泳,輸液,yuei,yueki,insertion
遊泳,有名,yuei,yumei,insertion
遊泳,幽霊,yuei,yurei,insertion
遊泳,遊星,yuei,yusei,insertion
輸液,雪,yueki,yuki,insertion
油画,有害,yuga,yugai,insertion
油画,夕顔,yuga,yugao,insertion
有害,夕顔,yugai,yugao,last_char_differs
有害,遊技,yugai,yugi,insertion
有害,融解,yugai,yukai,substitution
有害,由来,yugai,yurai,substitution
有害,油彩,yugai,yusai,substitution
有害,頭蓋,yugai,zugai,substitution
夕顔,融合,yugao,yugo,insertion
夕げ,幽玄,yuge,yugen,insertion
幽玄,友軍,yugen,yugun,substitution
幽玄,郵船,yugen,yusen,substitution
幽玄,友禅,yugen,yuzen,substitution
遊具,友軍,yugu,yugun,insertion
夕飯,夕刊,yuhan,yukan,substitution
夕飯,遊覧,yuhan,yuran,substitution
夕飯,遊山,yuhan,yusan,substitution
夕飯,図版,yuhan,zuhan,substitution
夕日,油脂,yuhi,yushi,insertion
優位,結納,yui,yuino,prefix
結納,有能,yuino,yuno,insertion
床,融解,yuka,yukai,insertion
床,夕刊,yuka,yukan,insertion
融解,夕刊,yukai,yukan,last_char_differs
融解,雪,yukai,yuki,insertion
融解,由来,yukai,yurai,substitution
融解,油彩,yukai,yusai,substitution
融解,図解,yukai,zukai,substitution
夕刊,遊覧,yukan,yuran,substitution
夕刊,遊山,yukan,yusan,substitution
夕刊,図鑑,yukan,zukan,substitution
有効,遊興,yuko,yukyo,insertion
遊興,悠久,yukyo,yukyu,last_char_differs
遊興,遊漁,yukyo,yuryo,substitution
遊興,有用,yukyo,yuyo,insertion
夢,有名,yume,yumei,insertion
有名,弓,yumei,yumi,insertion
有名,幽霊,yumei,yurei,substitution
有名,遊星,yumei,yusei,substitution
由来,遊覧,yurai,yuran,last_char_differs
由来,幽霊,yurai,yurei,substitution
由来,百合,yurai,yuri,insertion
由来,緩い,yurai,yurui,substitution
由来,油彩,yurai,yusai,substitution
遊覧,遊山,yuran,yusan,substitution
幽霊,百合,yurei,yuri,insertion
幽霊,緩い,yurei,yurui,substitution
幽霊,遊星,yurei,yusei,substitution
百合,緩い,yuri,yurui,insertion
緩い,ずるい,yurui,zurui,substitution
遊漁,有用,yuryo,yuyo,insertion
油彩,遊山,yusai,yusan,last_char_differs
油彩,遊星,yusai,yusei,substitution
油彩,油脂,yusai,yushi,substitution
遊山,郵船,yusan,yusen,substitution
遊山,杜撰,yusan,zusan,substitution
遊星,郵船,yusei,yusen,last_char_differs
遊星,油脂,yusei,yushi,substitution
郵船,友禅,yusen,yuzen,substitution
勇者,油脂,yusha,yushi,last_char_differs
勇者,優勝,yusha,yusho,last_char_differs
勇者,優秀,yusha,yushu,last_char_differs
油脂,優勝,yushi,yusho,last_char_differs
油脂,優秀,yushi,yushu,last_char_differs
油脂,厨子,yushi,zushi,substitution
優勝,優秀,yusho,yushu,last_char_differs
優勝,郵送,yusho,yuso,insertion
座長,財宝,zacho,zaiho,substitution
財宝,在庫,zaiho,zaiko,substitution
在庫,雑魚,zaiko,zako,insertion
残土,塹壕,zando,zango,substitution
残土,残党,zando,zanto,substitution
残土,全土,zando,zendo,substitution
懺悔,塹壕,zange,zango,last_char_differs
塹壕,残党,zango,zanto,substitution
塹壕,前後,zango,zengo,substitution
残党,雑踏,zanto,zatto,substitution
残党,全党,zanto,zento,substitution
ざた,雑多,zata,zatta,insertion
雑多,雑踏,zatta,zatto,last_char_differs
絶好,絶句,zekko,zekku,last_char_differs
絶好,全戸,zekko,zenko,substitution
絶好,続行,zekko,zokko,substitution
膳,全土,zen,zendo,prefix
膳,前衛,zen,zenei,prefix
膳,前後,zen,zengo,prefix
膳,全員,zen,zenin,prefix
膳,禅師,zen,zenji,prefix
膳,全科,zen,zenka,prefix
膳,前期,zen,zenki,prefix
膳,全戸,zen,zenko,prefix
膳,前方,zen,zenpo,prefix
膳,前夫,zen,zenpu,prefix
膳,前世,zen,zense,prefix
膳,前奏,zen,zenso,prefix
膳,全党,zen,zento,prefix
膳,前夜,zen,zenya,prefix
膳,前座,zen,zenza,prefix
全土,前後,zendo,zengo,substitution
全土,全戸,zendo,zenko,substitution
全土,前方,zendo,zenpo,substitution
全土,前奏,zendo,zenso,substitution
全土,全党,zendo,zento,substitution
前衛,銭,zenei,zeni,insertion
前衛,禅師,zenei,zenji,substitution
前衛,前期,zenei,zenki,substitution
前後,全戸,zengo,zenko,substitution
前後,前方,zengo,zenpo,substitution
前後,前奏,zengo,zenso,substitution
前後,全党,zengo,zento,substitution
銭,全員,zeni,zenin,insertion
銭,禅師,zeni,zenji,insertion
銭,前期,zeni,zenki,insertion
禅師,前期,zenji,zenki,substitution
全科,前期,zenka,zenki,last_char_differs
全科,全戸,zenka,zenko,last_char_differs
全科,前夜,zenka,zenya,substitution
全科,前座,zenka,zenza,substitution
前期,全戸,zenki,zenko,last_char_differs
全戸,前方,zenko,zenpo,substitution
全戸,前奏,zenko,zenso,substitution
全戸,全党,zenko,zento,substitution
前方,前夫,zenpo,zenpu,last_char_differs
前方,前奏,zenpo,zenso,substitution
前方,全党,zenpo,zento,substitution
前世,前奏,zense,zenso,last_char_differs
前奏,全党,zenso,zento,substitution
前夜,前座,zenya,zenza,substitution
増便,雑巾,zobin,zokin,substitution
象眼,増刊,zogan,zokan,substitution
増補,蔵書,zoho,zosho,insertion
造花,増刊,zoka,zokan,insertion
増刊,雑巾,zokan,zokin,substitution
増刊,図鑑,zokan,zukan,substitution
雑木,雑巾,zoki,zokin,insertion
雑巾,頭巾,zokin,zukin,substitution
続行,増強,zokko,zokyo,substitution
増強,贈与,zokyo,zoyo,insertion
図案,図版,zuan,zuhan,insertion
図案,図鑑,zuan,zukan,insertion
図案,杜撰,zuan,zusan,insertion
図画,頭蓋,zuga,zugai,insertion
頭蓋,図解,zugai,zukai,substitution
頭蓋,図体,zugai,zutai,substitution
図版,図鑑,zuhan,zukan,substitution
図版,杜撰,zuhan,zusan,substitution
随意,随員,zuii,zuiin,insertion
随員,頭巾,zuiin,zukin,substitution
図解,図鑑,zukai,zukan,last_char_differs
図解,図形,zukai,zukei,substitution
図解,図体,zukai,zutai,substitution
図鑑,頭巾,zukan,zukin,substitution
図鑑,杜撰,zukan,zusan,substitution
ずる,ずるい,zuru,zurui,insertion
浴びる,黴びる,abiru,kabiru,insertion
浴びる,詫びる,abiru,wabiru,insertion
あぶく,省く,abuku,habuku,insertion
あぶく,破く,abuku,yabuku,insertion
油,油絵,abura,aburae,insertion
油,かぶら,abura,kabura,insertion
焙る,被る,aburu,kaburu,insertion
焙る,嬲る,aburu,naburu,insertion
焙る,破る,aburu,yaburu,insertion
あがく,雅楽,agaku,gagaku,insertion
あがく,化学,agaku,kagaku,insertion
あがく,差額,agaku,sagaku,insertion
あがく,多額,agaku,tagaku,insertion
あがく,和学,agaku,wagaku,insertion
あがく,夜学,agaku,yagaku,insertion
上がる,かがる,agaru,kagaru,insertion
上がる,曲がる,agaru,magaru,insertion
上がる,下がる,agaru,sagaru,insertion
上げる,剥げる,ageru,hageru,insertion
上げる,曲げる,ageru,mageru,insertion
上げる,投げる,ageru,nageru,insertion
上げる,下げる,ageru,sageru,insertion
あぐら,神楽,agura,kagura,insertion
あぐら,矢倉,agura,yagura,insertion
哀調,台長,aicho,daicho,insertion
哀調,害鳥,aicho,gaicho,insertion
哀調,会長,aicho,kaicho,insertion
哀調,雷鳥,aicho,raicho,insertion
哀調,最長,aicho,saicho,insertion
哀調,隊長,aicho,taicho,insertion
合い服,被服,aifuku,hifuku,substitution
合い服,衣服,aifuku,ifuku,insertion
愛玩,海岸,aigan,kaigan,insertion
愛玩,対岸,aigan,taigan,insertion
愛育,あいにく,aiiku,ainiku,insertion
愛育,体育,aiiku,taiiku,insertion
藍色,灰色,aiiro,haiiro,insertion
相方,味方,aikata,mikata,substitution
愛犬,債券,aiken,saiken,insertion
愛犬,体験,aiken,taiken,insertion
合気道,引き戸,aikido,hikido,substitution
曖昧,外米,aimai,gaimai,insertion
あいにく,皮肉,ainiku,hiniku,substitution
相乗り,青海苔,ainori,aonori,substitution
相乗り,気乗り,ainori,kinori,substitution
間の手,火の手,ainote,hinote,substitution
愛妻,紫陽花,aisai,ajisai,insertion
愛妻,外債,aisai,gaisai,insertion
愛車,台車,aisha,daisha,insertion
愛車,外車,aisha,gaisha,insertion
愛車,廃車,aisha,haisha,insertion
愛車,会社,aisha,kaisha,insertion
愛車,大社,aisha,taisha,insertion
愛唱,外商,aisho,gaisho,insertion
愛唱,会所,aisho,kaisho,insertion
愛唱,内緒,aisho,naisho,insertion
愛唱,最初,aisho,saisho,insertion
愛唱,大暑,aisho,taisho,insertion
あいつ,開通,aitsu,kaitsu,insertion
赤い,赤色,akai,akairo,prefix
赤色,回路,akairo,kairo,insertion
赤ん坊,官房,akanbo,kanbo,insertion
茜,高根,akane,takane,insertion
明かり,明るい,akari,akarui,insertion
明かり,秤,akari,hakari,insertion
明かり,係,akari,kakari,insertion
明かり,盛り,akari,sakari,insertion
明るい,軽い,akarui,karui,insertion
証,嵐,akashi,arashi,substitution
証,樫,akashi,kashi,insertion
明かす,化かす,akasu,bakasu,insertion
明かす,欠かす,akasu,kakasu,insertion
明かす,任す,akasu,makasu,insertion
明かす,中州,akasu,nakasu,insertion
明かす,沸かす,akasu,wakasu,insertion
明ける,化ける,akeru,bakeru,insertion
明ける,捌ける,akeru,hakeru,insertion
明ける,掛ける,akeru,kakeru,insertion
明ける,負ける,akeru,makeru,insertion
明ける,裂ける,akeru,sakeru,insertion
明ける,炊ける,akeru,takeru,insertion
明ける,分ける,akeru,wakeru,insertion
明ける,焼ける,akeru,yakeru,insertion
空き瓶,機敏,akibin,kibin,insertion
空き地,基地,akichi,kichi,insertion
空き缶,悪漢,akikan,akkan,insertion
空き缶,期間,akikan,kikan,insertion
悪漢,発刊,akkan,hakkan,insertion
あくび,白眉,akubi,hakubi,insertion
あくび,厄日,akubi,yakubi,insertion
悪童,あくどい,akudo,akudoi,insertion
悪童,学童,akudo,gakudo,insertion
悪童,白銅,akudo,hakudo,insertion
悪童,楽土,akudo,rakudo,insertion
悪童,躍動,akudo,yakudo,insertion
あくどい,くどい,akudoi,kudoi,insertion
悪女,薄情,akujo,hakujo,insertion
悪女,卓上,akujo,takujo,insertion
握手,句集,akushu,kushu,insertion
悪党,学徒,akuto,gakuto,insertion
悪党,作陶,akuto,sakuto,insertion
悪友,学友,akuyu,gakuyu,insertion
雨戸,竃,amado,kamado,insertion
甘える,与える,amaeru,ataeru,substitution
雨乞い,真鯉,amagoi,magoi,insertion
余り,あんまり,amari,anmari,insertion
余り,鉛,amari,namari,insertion
余す,かます,amasu,kamasu,insertion
余す,なます,amasu,namasu,insertion
余す,冷ます,amasu,samasu,insertion
飴色,迷路,ameiro,meiro,insertion
阿弥陀,涙,amida,namida,insertion
穴子,たなご,anago,tanago,insertion
あなた,彼方,anata,kanata,insertion
暗中,眼中,anchu,ganchu,insertion
暗中,山中,anchu,sanchu,insertion
案外,断崖,angai,dangai,insertion
餡子,暗黒,anko,ankoku,prefix
暗黒,安息,ankoku,ansoku,substitution
暗渠,頑強,ankyo,gankyo,insertion
暗渠,環境,ankyo,kankyo,insertion
暗幕,安楽,anmaku,anraku,substitution
暗幕,煙幕,anmaku,enmaku,substitution
安眠,難民,anmin,nanmin,insertion
安穏,観音,annon,kannon,insertion
あんさん,晩餐,ansan,bansan,insertion
あんさん,閑散,ansan,kansan,insertion
あんさん,炭酸,ansan,tansan,insertion
安静,男性,ansei,dansei,insertion
安静,反省,ansei,hansei,insertion
安静,閑静,ansei,kansei,insertion
安静,南西,ansei,nansei,insertion
安静,賛成,ansei,sansei,insertion
安静,端正,ansei,tansei,insertion
安心,運針,anshin,unshin,substitution
暗礁,万象,ansho,bansho,insertion
暗礁,岩床,ansho,gansho,insertion
暗礁,半鐘,ansho,hansho,insertion
暗礁,環礁,ansho,kansho,insertion
暗礁,難所,ansho,nansho,insertion
暗礁,山椒,ansho,sansho,insertion
暗礁,単勝,ansho,tansho,insertion
暗礁,腕章,ansho,wansho,insertion
安息,遠足,ansoku,ensoku,substitution
安泰,団体,antai,dantai,insertion
安泰,眼帯,antai,gantai,insertion
安泰,反対,antai,hantai,insertion
安泰,寒帯,antai,kantai,insertion
安泰,単体,antai,tantai,insertion
安産,難産,anzan,nanzan,insertion
安産,散々,anzan,sanzan,insertion
安全,万全,anzen,banzen,insertion
安全,眼前,anzen,ganzen,insertion
安全,完全,anzen,kanzen,insertion
青色,顔色,aoiro,kaoiro,insertion
青物,上物,aomono,jomono,substitution
青物,小物,aomono,komono,substitution
青物,大物,aomono,omono,insertion
青海苔,物売り,aonori,monori,substitution
青海苔,其折,aonori,sonori,substitution
青海苔,遠乗り,aonori,tonori,substitution
青空,大空,aozora,ozora,insertion
青空,夜空,aozora,yozora,substitution
粗い,洗い場,arai,araiba,prefix
争う,荒らす,arasou,arasu,insertion
荒らす,ばらす,arasu,barasu,insertion
荒らす,晴らす,arasu,harasu,insertion
荒らす,烏,arasu,karasu,insertion
荒らす,均す,arasu,narasu,insertion
荒らす,晒す,arasu,sarasu,insertion
荒らす,垂らす,arasu,tarasu,insertion
新手,空手,arate,karate,insertion
洗う,荒海,arau,araumi,prefix
荒れる,ばれる,areru,bareru,insertion
荒れる,だれる,areru,dareru,insertion
荒れる,晴れる,areru,hareru,insertion
荒れる,じゃれる,areru,jareru,insertion
荒れる,枯れる,areru,kareru,insertion
荒れる,慣れる,areru,nareru,insertion
荒れる,垂れる,areru,tareru,insertion
荒れる,割れる,areru,wareru,insertion
漁る,勝る,asaru,masaru,insertion
漁る,為さる,asaru,nasaru,insertion
漁る,刺さる,asaru,sasaru,insertion
焦る,馳せる,aseru,haseru,insertion
焦る,ませる,aseru,maseru,insertion
焦る,痩せる,aseru,yaseru,insertion
芦,足場,ashi,ashiba,prefix
芦,海驢,ashi,ashika,prefix
足場,海驢,ashiba,ashika,substitution
足場,押し葉,ashiba,oshiba,substitution
足場,芝,ashiba,shiba,insertion
悪しい,らしい,ashii,rashii,insertion
海驢,鹿,ashika,shika,insertion
圧勝,合唱,assho,gassho,insertion
圧勝,末梢,assho,massho,insertion
与える,当たる,ataeru,ataru,insertion
与える,充てる,ataeru,ateru,insertion
与える,堪える,ataeru,taeru,insertion
辺り,大当たり,atari,oatari,insertion
当たる,語る,ataru,kataru,insertion
当たる,たたる,ataru,tataru,insertion
当たる,渡る,ataru,wataru,insertion
充てる,ばてる,ateru,bateru,insertion
充てる,果てる,ateru,hateru,insertion
充てる,建てる,ateru,tateru,insertion
跡地,後押し,atochi,atoshi,substitution
跡地,当地,atochi,tochi,insertion
後押し,年,atoshi,toshi,insertion
厚着,厚い,atsugi,atsui,insertion
厚着,厚地,atsugi,atsuji,substitution
厚着,次,atsugi,tsugi,insertion
厚い,厚地,atsui,atsuji,insertion
厚い,脱衣,atsui,datsui,insertion
厚地,辻,atsuji,tsuji,insertion
合わす,躱す,awasu,kawasu,insertion
合わす,回す,awasu,mawasu,insertion
あやす,囃す,ayasu,hayasu,insertion
あやす,絶やす,ayasu,tayasu,insertion
歩む,たゆむ,ayumu,tayumu,insertion
小豆,葉月,azuki,hazuki,insertion
婆さん,晩餐,baasan,bansan,substitution
婆さん,母さん,baasan,kaasan,substitution
煤煙,焙煎,baien,baisen,insertion
煤煙,売店,baien,baiten,insertion
黴菌,罰金,baikin,bakkin,substitution
黴菌,代金,baikin,daikin,substitution
黴菌,皆勤,baikin,kaikin,substitution
黴菌,細菌,baikin,saikin,substitution
黴菌,大金,baikin,taikin,substitution
焙煎,売店,baisen,baiten,substitution
焙煎,番線,baisen,bansen,substitution
焙煎,廃船,baisen,haisen,substitution
焙煎,内線,baisen,naisen,substitution
焙煎,賽銭,baisen,saisen,substitution
売店,配点,baiten,haiten,substitution
売店,回転,baiten,kaiten,substitution
売店,採点,baiten,saiten,substitution
化かす,ばらす,bakasu,barasu,substitution
化かす,暈す,bakasu,bokasu,substitution
化かす,欠かす,bakasu,kakasu,substitution
化かす,任す,bakasu,makasu,substitution
化かす,中州,bakasu,nakasu,substitution
化かす,沸かす,bakasu,wakasu,substitution
馬券,番犬,baken,banken,insertion
化ける,ばれる,bakeru,bareru,substitution
化ける,ばてる,bakeru,bateru,substitution
化ける,惚ける,bakeru,bokeru,substitution
化ける,捌ける,bakeru,hakeru,substitution
化ける,掛ける,bakeru,kakeru,substitution
化ける,負ける,bakeru,makeru,substitution
化ける,裂ける,bakeru,sakeru,substitution
化ける,炊ける,bakeru,takeru,substitution
化ける,分ける,bakeru,wakeru,substitution
化ける,焼ける,bakeru,yakeru,substitution
罰金,白金,bakkin,hakkin,substitution
罰金,雑菌,bakkin,zakkin,substitution
幕府,楽譜,bakufu,gakufu,substitution
幕府,作風,bakufu,sakufu,substitution
麦芽,墨画,bakuga,bokuga,substitution
麦芽,作画,bakuga,sakuga,substitution
場面,盤面,bamen,banmen,insertion
番茶,やんちゃ,bancha,yancha,substitution
馬肉,果肉,baniku,kaniku,substitution
番犬,晩婚,banken,bankon,substitution
番犬,盤面,banken,banmen,substitution
番犬,晩年,banken,bannen,substitution
番犬,番線,banken,bansen,substitution
番犬,万全,banken,banzen,substitution
番犬,じゃんけん,banken,janken,substitution
番犬,探検,banken,tanken,substitution
晩婚,弾痕,bankon,dankon,substitution
盤面,晩年,banmen,bannen,substitution
盤面,番線,banmen,bansen,substitution
盤面,万全,banmen,banzen,substitution
盤面,断面,banmen,danmen,substitution
盤面,顔面,banmen,ganmen,substitution
盤面,満面,banmen,manmen,substitution
晩年,万人,bannen,bannin,substitution
晩年,番線,bannen,bansen,substitution
晩年,万全,bannen,banzen,substitution
晩年,元年,bannen,gannen,substitution
晩年,丹念,bannen,tannen,substitution
晩年,残念,bannen,zannen,substitution
万人,担任,bannin,tannin,substitution
万人,残忍,bannin,zannin,substitution
晩餐,番線,bansan,bansen,substitution
晩餐,閑散,bansan,kansan,substitution
晩餐,炭酸,bansan,tansan,substitution
番線,万全,bansen,banzen,substitution
番線,便箋,bansen,binsen,substitution
番線,帆船,bansen,hansen,substitution
番線,艦船,bansen,kansen,substitution
番線,難船,bansen,nansen,substitution
番線,単線,bansen,tansen,substitution
万象,晩秋,bansho,banshu,last_char_differs
万象,伴奏,bansho,banso,insertion
万象,芭蕉,bansho,basho,insertion
万象,弁償,bansho,bensho,substitution
万象,敏捷,bansho,binsho,substitution
万象,梵鐘,bansho,bonsho,substitution
万象,分署,bansho,bunsho,substitution
万象,岩床,bansho,gansho,substitution
万象,半鐘,bansho,hansho,substitution
万象,環礁,bansho,kansho,substitution
万象,難所,bansho,nansho,substitution
万象,山椒,bansho,sansho,substitution
万象,単勝,bansho,tansho,substitution
万象,腕章,bansho,wansho,substitution
晩秋,馬主,banshu,bashu,insertion
晩秋,文集,banshu,bunshu,substitution
晩秋,断酒,banshu,danshu,substitution
晩秋,藩主,banshu,hanshu,substitution
晩秋,観衆,banshu,kanshu,substitution
万全,眼前,banzen,ganzen,substitution
万全,完全,banzen,kanzen,substitution
薔薇,ばらす,bara,barasu,prefix
ばらす,晴らす,barasu,harasu,substitution
ばらす,烏,barasu,karasu,substitution
ばらす,均す,barasu,narasu,substitution
ばらす,晒す,barasu,sarasu,substitution
ばらす,垂らす,barasu,tarasu,substitution
ばれる,ばてる,bareru,bateru,substitution
ばれる,ぶれる,bareru,bureru,substitution
ばれる,だれる,bareru,dareru,substitution
ばれる,晴れる,bareru,hareru,substitution
ばれる,じゃれる,bareru,jareru,substitution
ばれる,枯れる,bareru,kareru,substitution
ばれる,慣れる,bareru,nareru,substitution
ばれる,垂れる,bareru,tareru,substitution
ばれる,割れる,bareru,wareru,substitution
芭蕉,居場所,basho,ibasho,insertion
ばてる,果てる,bateru,hateru,substitution
ばてる,建てる,bateru,tateru,substitution
米飯,製版,beihan,seihan,substitution
米人,美人,beijin,bijin,insertion
米人,名人,beijin,meijin,substitution
米人,聖人,beijin,seijin,substitution
別巻,月間,bekkan,gekkan,substitution
別巻,鉄管,bekkan,tekkan,substitution
鼈甲,別居,bekko,bekkyo,insertion
別居,勉強,bekkyo,benkyo,substitution
別居,仏教,bekkyo,bukkyo,substitution
別居,熱狂,bekkyo,nekkyo,substitution
別居,列強,bekkyo,rekkyo,substitution
別居,説教,bekkyo,sekkyo,substitution
別居,鉄橋,bekkyo,tekkyo,substitution
別居,絶叫,bekkyo,zekkyo,substitution
勉強,文教,benkyo,bunkyo,substitution
勉強,元凶,benkyo,genkyo,substitution
勉強,辺境,benkyo,henkyo,substitution
勉強,県境,benkyo,kenkyo,substitution
勉強,転居,benkyo,tenkyo,substitution
便覧,展覧,benran,tenran,substitution
弁士,弁償,benshi,bensho,last_char_differs
弁士,別紙,benshi,besshi,substitution
弁士,分子,benshi,bunshi,substitution
弁士,電子,benshi,denshi,substitution
弁士,原子,benshi,genshi,substitution
弁士,剣士,benshi,kenshi,substitution
弁士,綿糸,benshi,menshi,substitution
弁士,年始,benshi,nenshi,substitution
弁士,天使,benshi,tenshi,substitution
弁士,全市,benshi,zenshi,substitution
弁償,敏捷,bensho,binsho,substitution
弁償,梵鐘,bensho,bonsho,substitution
弁償,分署,bensho,bunsho,substitution
弁償,原初,bensho,gensho,substitution
弁償,返書,bensho,hensho,substitution
弁償,顕正,bensho,kensho,substitution
弁償,年初,bensho,nensho,substitution
弁償,連勝,bensho,rensho,substitution
弁償,選書,bensho,sensho,substitution
弁償,全書,bensho,zensho,substitution
遍羅,べらぼう,bera,berabo,prefix
別紙,仏師,besshi,busshi,substitution
びびる,いびる,bibiru,ibiru,insertion
美男,敏感,binan,binkan,insertion
美男,敏腕,binan,binwan,insertion
敏感,敏腕,binkan,binwan,substitution
敏感,分館,binkan,bunkan,substitution
敏感,印鑑,binkan,inkan,insertion
敏感,金柑,binkan,kinkan,substitution
敏感,民間,binkan,minkan,substitution
敏感,林間,binkan,rinkan,substitution
便箋,琴線,binsen,kinsen,substitution
敏捷,微小,binsho,bisho,insertion
敏捷,梵鐘,binsho,bonsho,substitution
敏捷,分署,binsho,bunsho,substitution
敏捷,印章,binsho,insho,insertion
敏捷,臨床,binsho,rinsho,substitution
美容,美容院,biyo,biyoin,prefix
美容,尾翼,biyo,biyoku,prefix
亡夫,孑々,bofu,bofura,prefix
防壁,城壁,boheki,joheki,substitution
防壁,擁壁,boheki,yoheki,substitution
防火,暈す,boka,bokasu,prefix
暈す,転かす,bokasu,kokasu,substitution
暈す,侵す,bokasu,okasu,insertion
暈す,溶かす,bokasu,tokasu,substitution
惚ける,どける,bokeru,dokeru,substitution
惚ける,痩ける,bokeru,kokeru,substitution
惚ける,儲ける,bokeru,mokeru,substitution
惚ける,のける,bokeru,nokeru,substitution
惚ける,溶ける,bokeru,tokeru,substitution
惚ける,よける,bokeru,yokeru,substitution
母校,亡国,boko,bokoku,prefix
亡国,五穀,bokoku,gokoku,substitution
亡国,邦国,bokoku,hokoku,substitution
亡国,広告,bokoku,kokoku,substitution
亡国,王国,bokoku,okoku,insertion
亡国,祖国,bokoku,sokoku,substitution
亡国,予告,bokoku,yokoku,substitution
僕,牧童,boku,bokudo,prefix
僕,墨画,boku,bokuga,prefix
僕,牧場,boku,bokujo,prefix
僕,墨汁,boku,bokuju,prefix
僕,牧草,boku,bokuso,prefix
僕,木刀,boku,bokuto,prefix
牧童,牧場,bokudo,bokujo,substitution
牧童,牧草,bokudo,bokuso,substitution
牧童,木刀,bokudo,bokuto,substitution
牧童,極道,bokudo,gokudo,substitution
牧童,国道,bokudo,kokudo,substitution
牧童,得度,bokudo,tokudo,substitution
牧場,墨汁,bokujo,bokuju,last_char_differs
牧場,牧草,bokujo,bokuso,substitution
牧場,木刀,bokujo,bokuto,substitution
牧場,屋上,bokujo,okujo,insertion
牧場,息女,bokujo,sokujo,substitution
牧場,浴場,bokujo,yokujo,substitution
牧草,木刀,bokuso,bokuto,substitution
牧草,独奏,bokuso,dokuso,substitution
牧草,穀倉,bokuso,kokuso,substitution
牧草,浴槽,bokuso,yokuso,substitution
木刀,北東,bokuto,hokuto,substitution
木刀,黙祷,bokuto,mokuto,substitution
木刀,即答,bokuto,sokuto,substitution
木刀,続投,bokuto,zokuto,substitution
盆地,頓知,bonchi,tonchi,substitution
凡人,文人,bonjin,bunjin,substitution
凡人,本陣,bonjin,honjin,substitution
凡人,門人,bonjin,monjin,substitution
凡人,恩人,bonjin,onjin,insertion
盆栽,凡退,bonsai,bontai,substitution
盆栽,防災,bonsai,bosai,insertion
盆栽,文才,bonsai,bunsai,substitution
梵鐘,帽章,bonsho,bosho,insertion
梵鐘,分署,bonsho,bunsho,substitution
梵鐘,本書,bonsho,honsho,substitution
梵鐘,紋章,bonsho,monsho,substitution
梵鐘,温床,bonsho,onsho,insertion
凡退,母体,bontai,botai,insertion
凡退,分隊,bontai,buntai,substitution
凡退,本隊,bontai,hontai,substitution
凡退,温帯,bontai,ontai,insertion
帽子,烏帽子,boshi,eboshi,insertion
坊や,ぼやく,boya,boyaku,prefix
ぼやく,誤訳,boyaku,goyaku,substitution
ぼやく,邦訳,boyaku,hoyaku,substitution
ぼやく,助役,boyaku,joyaku,substitution
ぼやく,膏薬,boyaku,koyaku,substitution
ぼやく,農薬,boyaku,noyaku,substitution
ぼやく,要約,boyaku,yoyaku,substitution
棒読み,暦,boyomi,koyomi,substitution
部長,文鳥,bucho,buncho,insertion
舞楽,儒学,bugaku,jugaku,substitution
舞楽,苦学,bugaku,kugaku,substitution
舞楽,数学,bugaku,sugaku,substitution
舞楽,遊学,bugaku,yugaku,substitution
武芸,文芸,bugei,bungei,insertion
仏教,文教,bukkyo,bunkyo,substitution
仏教,屈強,bukkyo,kukkyo,substitution
無難,分団,bunan,bundan,insertion
無難,分館,bunan,bunkan,insertion
文鳥,文中,buncho,bunchu,last_char_differs
文鳥,分署,buncho,bunsho,substitution
文鳥,順調,buncho,juncho,substitution
文中,文集,bunchu,bunshu,substitution
分団,分館,bundan,bunkan,substitution
分団,ふんだん,bundan,fundan,substitution
分団,軍団,bundan,gundan,substitution
文芸,文系,bungei,bunkei,substitution
文人,文民,bunjin,bunmin,substitution
文人,粉塵,bunjin,funjin,substitution
文人,軍人,bunjin,gunjin,substitution
文化,分館,bunka,bunkan,insertion
分館,軍艦,bunkan,gunkan,substitution
分館,旬間,bunkan,junkan,substitution
分家,文系,bunke,bunkei,insertion
文庫,文教,bunko,bunkyo,insertion
文才,分子,bunsai,bunshi,substitution
文才,分隊,bunsai,buntai,substitution
分社,分子,bunsha,bunshi,last_char_differs
分社,分署,bunsha,bunsho,last_char_differs
分社,文集,bunsha,bunshu,last_char_differs
分子,分署,bunshi,bunsho,last_char_differs
分子,文集,bunshi,bunshu,last_char_differs
分子,武士,bunshi,bushi,insertion
分子,仏師,bunshi,busshi,substitution
分子,君子,bunshi,kunshi,substitution
分子,寸志,bunshi,sunshi,substitution
分署,文集,bunsho,bunshu,last_char_differs
分署,武将,bunsho,busho,insertion
分署,軍将,bunsho,gunsho,substitution
分署,勲章,bunsho,kunsho,substitution
文集,部首,bunshu,bushu,insertion
文集,群衆,bunshu,gunshu,substitution
文集,君主,bunshu,kunshu,substitution
分隊,舞台,buntai,butai,insertion
分隊,軍隊,buntai,guntai,substitution
文通,ぶつ,buntsu,butsu,insertion
ぶれる,触れる,bureru,fureru,substitution
ぶれる,ぐれる,bureru,gureru,substitution
ぶれる,くれる,bureru,kureru,substitution
ぶれる,群れる,bureru,mureru,substitution
ぶれる,濡れる,bureru,nureru,substitution
ぶれる,擦れる,bureru,sureru,substitution
ぶれる,売れる,bureru,ureru,insertion
ぶれる,揺れる,bureru,yureru,substitution
ぶれる,ずれる,bureru,zureru,substitution
武士,仏師,bushi,busshi,insertion
舞台,大舞台,butai,obutai,insertion
ぶつ,異物,butsu,ibutsu,insertion
描写,業者,byosha,gyosha,substitution
描写,強者,byosha,kyosha,substitution
描写,両者,byosha,ryosha,substitution
茶会,茶器,chakai,chaki,insertion
茶会,着衣,chakai,chakui,substitution
茶会,地階,chakai,chikai,substitution
茶会,町会,chakai,chokai,substitution
茶会,社会,chakai,shakai,substitution
茶器,着衣,chaki,chakui,insertion
着衣,白衣,chakui,hakui,insertion
父,地中,chichi,chichu,last_char_differs
父,質,chichi,shichi,substitution
地中,支柱,chichu,shichu,substitution
違う,誓う,chigau,chikau,substitution
千木,地銀,chigi,chigin,insertion
地銀,知人,chigin,chijin,substitution
地銀,詩吟,chigin,shigin,substitution
稚児,稚魚,chigo,chigyo,insertion
稚児,苺,chigo,ichigo,insertion
稚魚,地表,chigyo,chihyo,substitution
稚魚,千代,chigyo,chiyo,insertion
稚魚,始業,chigyo,shigyo,substitution
地平,地底,chihei,chitei,substitution
地平,紙幣,chihei,shihei,substitution
地方,地表,chiho,chihyo,insertion
地表,千代,chihyo,chiyo,insertion
地域,知己,chiiki,chiki,insertion
地域,ひいき,chiiki,hiiki,insertion
知事,知人,chiji,chijin,insertion
知事,一時,chiji,ichiji,insertion
知人,超人,chijin,chojin,substitution
知人,私人,chijin,shijin,substitution
地上,一女,chijo,ichijo,insertion
地下,地階,chika,chikai,insertion
地下,誓う,chika,chikau,insertion
地階,誓う,chikai,chikau,last_char_differs
地階,知己,chikai,chiki,insertion
地階,地裁,chikai,chisai,substitution
地階,地帯,chikai,chitai,substitution
地階,町会,chikai,chokai,substitution
地階,司会,chikai,shikai,substitution
誓う,地区,chikau,chiku,insertion
誓う,地球,chikau,chikyu,substitution
地検,地点,chiken,chiten,substitution
地検,中堅,chiken,chuken,substitution
地検,試験,chiken,shiken,substitution
知己,内気,chiki,uchiki,insertion
地区,地球,chiku,chikyu,insertion
地球,飛球,chikyu,hikyu,insertion
地球,四球,chikyu,shikyu,substitution
亭,鎮守,chin,chinju,prefix
亭,珍味,chin,chinmi,prefix
亭,陳腐,chin,chinpu,prefix
亭,鎮座,chin,chinza,prefix
鎮守,陳腐,chinju,chinpu,substitution
鎮守,真珠,chinju,shinju,substitution
珍味,親身,chinmi,shinmi,substitution
陳腐,新婦,chinpu,shinpu,substitution
散る,落ちる,chiru,ochiru,insertion
地裁,地帯,chisai,chitai,substitution
地裁,被災,chisai,hisai,insertion
地裁,司祭,chisai,shisai,substitution
地層,窒素,chiso,chisso,insertion
窒素,質素,chisso,shisso,substitution
地帯,地底,chitai,chitei,substitution
地帯,中隊,chitai,chutai,substitution
地帯,肢体,chitai,shitai,substitution
地底,地点,chitei,chiten,last_char_differs
地底,朝廷,chitei,chotei,substitution
地底,姉弟,chitei,shitei,substitution
地点,頂点,chiten,choten,substitution
地点,中天,chiten,chuten,substitution
地点,飛天,chiten,hiten,insertion
地点,支店,chiten,shiten,substitution
千代,一様,chiyo,ichiyo,insertion
地図,一途,chizu,ichizu,insertion
弔文,法文,chobun,hobun,insertion
ちょうちょ,重宝,chocho,choho,insertion
ちょうちょ,著書,chocho,chosho,substitution
ちょうちょ,中朝,chocho,chucho,substitution
ちょうちょ,庖丁,chocho,hocho,insertion
ちょうちょ,小腸,chocho,shocho,substitution
長大,町会,chodai,chokai,substitution
長大,初代,chodai,shodai,substitution
弔電,長円,choden,choen,insertion
弔電,長編,choden,chohen,substitution
弔電,帳面,choden,chomen,substitution
弔電,挑戦,choden,chosen,substitution
弔電,頂点,choden,choten,substitution
長円,長編,choen,chohen,insertion
長円,帳面,choen,chomen,insertion
長円,挑戦,choen,chosen,insertion
長円,頂点,choen,choten,insertion
長編,帳面,chohen,chomen,substitution
長編,挑戦,chohen,chosen,substitution
長編,頂点,chohen,choten,substitution
重宝,著書,choho,chosho,insertion
弔辞,超人,choji,chojin,insertion
超人,貯金,chojin,chokin,substitution
超人,町民,chojin,chomin,substitution
超人,町人,chojin,chonin,substitution
超人,邦人,chojin,hojin,insertion
長歌,町会,choka,chokai,insertion
長歌,朝刊,choka,chokan,insertion
長歌,直下,choka,chokka,insertion
町会,朝刊,chokai,chokan,last_char_differs
町会,長兄,chokai,chokei,substitution
町会,長期,chokai,choki,insertion
町会,初回,chokai,shokai,substitution
朝刊,貯金,chokan,chokin,substitution
朝刊,長男,chokan,chonan,substitution
朝刊,中間,chokan,chukan,substitution
朝刊,小寒,chokan,shokan,substitution
長兄,長期,chokei,choki,insertion
長兄,長命,chokei,chomei,substitution
長兄,朝礼,chokei,chorei,substitution
長兄,朝廷,chokei,chotei,substitution
長兄,方形,chokei,hokei,insertion
長兄,小径,chokei,shokei,substitution
長期,貯金,choki,chokin,insertion
貯金,町民,chokin,chomin,substitution
貯金,町人,chokin,chonin,substitution
貯金,賞金,chokin,shokin,substitution
聴講,御猪口,choko,ochoko,insertion
長命,帳面,chomei,chomen,last_char_differs
長命,朝礼,chomei,chorei,substitution
長命,朝廷,chomei,chotei,substitution
長命,照明,chomei,shomei,substitution
帳面,町民,chomen,chomin,substitution
帳面,弔問,chomen,chomon,substitution
帳面,挑戦,chomen,chosen,substitution
帳面,頂点,chomen,choten,substitution
帳面,方面,chomen,homen,insertion
帳面,正面,chomen,shomen,substitution
町民,弔問,chomin,chomon,substitution
町民,町人,chomin,chonin,substitution
町民,庶民,chomin,shomin,substitution
弔問,町村,chomon,choson,substitution
弔問,注文,chomon,chumon,substitution
弔問,証文,chomon,shomon,substitution
長音,長男,chon,chonan,prefix
長音,町人,chon,chonin,prefix
長男,町人,chonan,chonin,substitution
長男,翻案,chonan,honan,insertion
町人,本院,chonin,honin,insertion
町人,上人,chonin,shonin,substitution
朝礼,調理,chorei,chori,insertion
朝礼,鳥類,chorei,chorui,substitution
朝礼,朝廷,chorei,chotei,substitution
調理,鳥類,chori,chorui,insertion
鳥類,書類,chorui,shorui,substitution
挑戦,町村,chosen,choson,substitution
挑戦,頂点,chosen,choten,substitution
挑戦,保線,chosen,hosen,insertion
挑戦,商船,chosen,shosen,substitution
庁舎,調子,chosha,choshi,last_char_differs
庁舎,著書,chosha,chosho,last_char_differs
庁舎,聴衆,chosha,choshu,last_char_differs
庁舎,駐車,chosha,chusha,substitution
庁舎,勝者,chosha,shosha,substitution
調子,著書,choshi,chosho,last_char_differs
調子,聴衆,choshi,choshu,last_char_differs
調子,星,choshi,hoshi,insertion
調子,諸氏,choshi,shoshi,substitution
著書,聴衆,chosho,choshu,last_char_differs
著書,小暑,chosho,shosho,substitution
聴衆,仲秋,choshu,chushu,substitution
聴衆,法主,choshu,hoshu,insertion
聴衆,初秋,choshu,shoshu,substitution
朝廷,頂点,chotei,choten,last_char_differs
朝廷,法廷,chotei,hotei,insertion
頂点,中天,choten,chuten,substitution
頂点,商店,choten,shoten,substitution
中盤,中段,chuban,chudan,substitution
中盤,中間,chuban,chukan,substitution
中盤,終盤,chuban,shuban,substitution
中朝,酋長,chucho,shucho,substitution
中段,中間,chudan,chukan,substitution
中段,集団,chudan,shudan,substitution
中元,中堅,chugen,chuken,substitution
中元,中年,chugen,chunen,substitution
中元,中天,chugen,chuten,substitution
中元,修験,chugen,shugen,substitution
中華,中間,chuka,chukan,insertion
中間,中堅,chukan,chuken,substitution
中間,週間,chukan,shukan,substitution
中堅,中年,chuken,chunen,substitution
中堅,中天,chuken,chuten,substitution
注文,宗門,chumon,shumon,substitution
中年,中天,chunen,chuten,substitution
中年,周年,chunen,shunen,substitution
中佐,駐車,chusa,chusha,insertion
中世,終生,chusei,shusei,substitution
駐車,仲秋,chusha,chushu,last_char_differs
仲秋,修習,chushu,shushu,substitution
中隊,駐在,chutai,chuzai,substitution
中天,終点,chuten,shuten,substitution
駄賃,家賃,dachin,yachin,substitution
駝鳥,台長,dacho,daicho,insertion
駝鳥,団長,dacho,dancho,insertion
打撃,打席,dageki,daseki,substitution
打撃,歌劇,dageki,kageki,substitution
台地,台長,daichi,daicho,last_char_differs
台地,台紙,daichi,daishi,substitution
台地,団地,daichi,danchi,substitution
台地,外地,daichi,gaichi,substitution
台地,内地,daichi,naichi,substitution
台長,団長,daicho,dancho,substitution
台長,害鳥,daicho,gaicho,substitution
台長,会長,daicho,kaicho,substitution
台長,雷鳥,daicho,raicho,substitution
台長,最長,daicho,saicho,substitution
台長,隊長,daicho,taicho,substitution
代打,橙,daida,daidai,insertion
橙,大隊,daidai,daitai,substitution
橙,最大,daidai,saidai,substitution
台本,大根,daihon,daikon,substitution
代表,大名,daihyo,daimyo,substitution
大事,大臣,daiji,daijin,insertion
大臣,代金,daijin,daikin,substitution
大臣,俳人,daijin,haijin,substitution
大臣,怪人,daijin,kaijin,substitution
大臣,雷神,daijin,raijin,substitution
大臣,祭神,daijin,saijin,substitution
大寒,代金,daikan,daikin,substitution
大寒,大根,daikan,daikon,substitution
大寒,大胆,daikan,daitan,substitution
大寒,拝観,daikan,haikan,substitution
大寒,会館,daikan,kaikan,substitution
大寒,細管,daikan,saikan,substitution
大寒,退官,daikan,taikan,substitution
台形,外形,daikei,gaikei,substitution
台形,体形,daikei,taikei,substitution
代金,大根,daikin,daikon,substitution
代金,皆勤,daikin,kaikin,substitution
代金,細菌,daikin,saikin,substitution
代金,大金,daikin,taikin,substitution
大根,弾痕,daikon,dankon,substitution
大根,再婚,daikon,saikon,substitution
大工,代休,daiku,daikyu,insertion
代休,打球,daikyu,dakyu,insertion
代休,段丘,daikyu,dankyu,substitution
代休,配球,daikyu,haikyu,substitution
大名,戒名,daimyo,kaimyo,substitution
台車,台紙,daisha,daishi,last_char_differs
台車,打者,daisha,dasha,insertion
台車,外車,daisha,gaisha,substitution
台車,廃車,daisha,haisha,substitution
台車,会社,daisha,kaisha,substitution
台車,大社,daisha,taisha,substitution
台紙,男子,daishi,danshi,substitution
台紙,出汁,daishi,dashi,insertion
台紙,外使,daishi,gaishi,substitution
台紙,俳誌,daishi,haishi,substitution
台紙,開始,daishi,kaishi,substitution
台紙,妻子,daishi,saishi,substitution
台紙,大使,daishi,taishi,substitution
大隊,大胆,daitai,daitan,last_char_differs
大隊,団体,daitai,dantai,substitution
大隊,敗退,daitai,haitai,substitution
大隊,臍帯,daitai,saitai,substitution
大胆,最短,daitan,saitan,substitution
抱く,濁音,daku,dakuon,prefix
打球,段丘,dakyu,dankyu,insertion
黙る,はまる,damaru,hamaru,substitution
黙る,なまる,damaru,namaru,substitution
黙る,堪る,damaru,tamaru,substitution
団地,団長,danchi,dancho,last_char_differs
団地,男子,danchi,danshi,substitution
団地,電池,danchi,denchi,substitution
団地,山地,danchi,sanchi,substitution
団長,班長,dancho,hancho,substitution
団長,官庁,dancho,kancho,substitution
団長,満潮,dancho,mancho,substitution
団長,軟調,dancho,nancho,substitution
団長,山頂,dancho,sancho,substitution
団長,丹頂,dancho,tancho,substitution
断崖,弾丸,dangai,dangan,last_char_differs
断崖,団塊,dangai,dankai,substitution
断崖,団体,dangai,dantai,substitution
弾丸,団欒,dangan,danran,substitution
弾丸,嘆願,dangan,tangan,substitution
弾丸,湾岸,dangan,wangan,substitution
団塊,団体,dankai,dantai,substitution
団塊,官界,dankai,kankai,substitution
団塊,満開,dankai,mankai,substitution
団塊,南海,dankai,nankai,substitution
断交,弾痕,danko,dankon,insertion
段丘,男優,dankyu,danyu,insertion
段丘,電球,dankyu,denkyu,substitution
段丘,眼球,dankyu,gankyu,substitution
段丘,半球,dankyu,hankyu,substitution
段丘,軟球,dankyu,nankyu,substitution
段丘,探求,dankyu,tankyu,substitution
断面,顔面,danmen,ganmen,substitution
断面,満面,danmen,manmen,substitution
団欒,観覧,danran,kanran,substitution
団欒,産卵,danran,sanran,substitution
男性,男子,dansei,danshi,substitution
男性,断水,dansei,dansui,substitution
男性,反省,dansei,hansei,substitution
男性,閑静,dansei,kansei,substitution
男性,南西,dansei,nansei,substitution
男性,賛成,dansei,sansei,substitution
男性,端正,dansei,tansei,substitution
男子,断酒,danshi,danshu,last_char_differs
男子,断水,danshi,dansui,substitution
男子,出汁,danshi,dashi,insertion
男子,電子,danshi,denshi,substitution
男子,半紙,danshi,hanshi,substitution
男子,漢詩,danshi,kanshi,substitution
男子,卵子,danshi,ranshi,substitution
男子,蚕糸,danshi,sanshi,substitution
男子,端子,danshi,tanshi,substitution
男子,残滓,danshi,zanshi,substitution
断酒,藩主,danshu,hanshu,substitution
断酒,観衆,danshu,kanshu,substitution
断水,脱衣,dansui,datsui,substitution
断水,軟水,dansui,nansui,substitution
断水,山水,dansui,sansui,substitution
断水,淡水,dansui,tansui,substitution
団体,眼帯,dantai,gantai,substitution
団体,反対,dantai,hantai,substitution
団体,寒帯,dantai,kantai,substitution
団体,単体,dantai,tantai,substitution
誰,だれる,dare,dareru,prefix
だれる,晴れる,dareru,hareru,substitution
だれる,じゃれる,dareru,jareru,substitution
だれる,枯れる,dareru,kareru,substitution
だれる,慣れる,dareru,nareru,substitution
だれる,垂れる,dareru,tareru,substitution
だれる,割れる,dareru,wareru,substitution
駄作,佳作,dasaku,kasaku,substitution
打席,化石,daseki,kaseki,substitution
打席,座席,daseki,zaseki,substitution
打線,脱線,dasen,dassen,insertion
泥岩,併願,deigan,heigan,substitution
泥岩,西岸,deigan,seigan,substitution
泥水,名水,deisui,meisui,substitution
泥水,冷水,deisui,reisui,substitution
でかい,出来合い,dekai,dekiai,insertion
出物,獲物,demono,emono,insertion
出物,獣,demono,kemono,substitution
電池,電柱,denchi,denchu,last_char_differs
電池,電子,denchi,denshi,substitution
電池,現地,denchi,genchi,substitution
電池,辺地,denchi,henchi,substitution
電池,天地,denchi,tenchi,substitution
電柱,円柱,denchu,enchu,insertion
電柱,連中,denchu,renchu,substitution
電柱,線虫,denchu,senchu,substitution
田園,電源,denen,dengen,insertion
田園,電線,denen,densen,insertion
電源,電線,dengen,densen,substitution
電源,年限,dengen,nengen,substitution
電球,連休,denkyu,renkyu,substitution
電球,天球,denkyu,tenkyu,substitution
電報,伝票,denpo,denpyo,insertion
伝票,原票,denpyo,genpyo,substitution
電線,沿線,densen,ensen,insertion
電線,源泉,densen,gensen,substitution
電線,点線,densen,tensen,substitution
電線,全線,densen,zensen,substitution
電車,電子,densha,denshi,last_char_differs
電車,園舎,densha,ensha,insertion
電車,洗車,densha,sensha,substitution
電車,全社,densha,zensha,substitution
電子,弟子,denshi,deshi,insertion
電子,原子,denshi,genshi,substitution
電子,剣士,denshi,kenshi,substitution
電子,綿糸,denshi,menshi,substitution
電子,年始,denshi,nenshi,substitution
電子,天使,denshi,tenshi,substitution
電子,全市,denshi,zenshi,substitution
出先,舳先,desaki,hesaki,substitution
出先,毛先,desaki,kesaki,substitution
出先,目先,desaki,mesaki,substitution
出先,手先,desaki,tesaki,substitution
同一,捕逸,doitsu,hoitsu,substitution
同一,こいつ,doitsu,koitsu,substitution
同一,統一,doitsu,toitsu,substitution
土管,鈍感,dokan,donkan,insertion
道化,どける,doke,dokeru,prefix
どける,痩ける,dokeru,kokeru,substitution
どける,儲ける,dokeru,mokeru,substitution
どける,のける,dokeru,nokeru,substitution
どける,溶ける,dokeru,tokeru,substitution
どける,よける,dokeru,yokeru,substitution
読解,北海,dokkai,hokkai,substitution
読解,国会,dokkai,kokkai,substitution
独居,道教,dokkyo,dokyo,insertion
独居,国境,dokkyo,kokkyo,substitution
独居,即興,dokkyo,sokkyo,substitution
瞳孔,道交法,doko,dokoho,prefix
どく,読後,doku,dokugo,prefix
どく,独自,doku,dokuji,prefix
どく,独奏,doku,dokuso,prefix
読後,独奏,dokugo,dokuso,substitution
読後,国語,dokugo,kokugo,substitution
読後,俗語,dokugo,zokugo,substitution
独自,目次,dokuji,mokuji,substitution
独自,即時,dokuji,sokuji,substitution
独奏,穀倉,dokuso,kokuso,substitution
独奏,浴槽,dokuso,yokuso,substitution
どなた,大鉈,donata,onata,insertion
どなた,其方,donata,sonata,substitution
鈍感,本館,donkan,honkan,substitution
鈍感,音感,donkan,onkan,insertion
泥,泥海,doro,doromi,prefix
泥海,とろみ,doromi,toromi,substitution
同窓,土足,doso,dosoku,prefix
土足,道徳,dosoku,dotoku,substitution
土足,同族,dosoku,dozoku,substitution
土足,校則,dosoku,kosoku,substitution
土足,遅く,dosoku,osoku,insertion
土足,蝋燭,dosoku,rosoku,substitution
土足,予測,dosoku,yosoku,substitution
銅鐸,道徳,dotaku,dotoku,substitution
銅鐸,光沢,dotaku,kotaku,substitution
土手,どてら,dote,dotera,prefix
同等,道徳,doto,dotoku,prefix
道徳,同族,dotoku,dozoku,substitution
道徳,総督,dotoku,sotoku,substitution
土曜,土曜日,doyo,doyobi,prefix
土曜日,御呼び,doyobi,oyobi,insertion
土蔵,同族,dozo,dozoku,prefix
同族,豪族,dozoku,gozoku,substitution
同族,皇族,dozoku,kozoku,substitution
同族,覗く,dozoku,nozoku,substitution
同族,王族,dozoku,ozoku,insertion
同族,相続,dozoku,sozoku,substitution
胴突き,酸漿,dozuki,hozuki,substitution
絵柄,家柄,egara,iegara,insertion
抉る,巡る,eguru,meguru,insertion
鋭敏,明敏,eibin,meibin,insertion
鋭角,皮革,eikaku,hikaku,substitution
鋭角,字画,eikaku,jikaku,substitution
鋭角,企画,eikaku,kikaku,substitution
鋭角,味覚,eikaku,mikaku,substitution
栄冠,警官,eikan,keikan,insertion
栄冠,霊感,eikan,reikan,insertion
栄冠,精悍,eikan,seikan,insertion
栄冠,税関,eikan,zeikan,insertion
永久,迷宮,eikyu,meikyu,insertion
永久,性急,eikyu,seikyu,insertion
永久,庭球,eikyu,teikyu,insertion
永眠,平民,eimin,heimin,insertion
英霊,命令,eirei,meirei,insertion
英霊,精霊,eirei,seirei,insertion
英霊,定例,eirei,teirei,insertion
英才,明細,eisai,meisai,insertion
英才,例祭,eisai,reisai,insertion
英才,体裁,eisai,teisai,insertion
衛星,平静,eisei,heisei,insertion
衛星,冷静,eisei,reisei,insertion
衛星,訂正,eisei,teisei,insertion
映写,易者,eisha,ekisha,insertion
映写,芸者,eisha,geisha,insertion
映写,弊社,eisha,heisha,insertion
映写,停車,eisha,teisha,insertion
栄養,栄養素,eiyo,eiyoso,prefix
映像,永続,eizo,eizoku,prefix
永続,貴族,eizoku,kizoku,substitution
駅弁,駅伝,ekiben,ekiden,substitution
益鳥,益虫,ekicho,ekichu,last_char_differs
益鳥,液晶,ekicho,ekisho,substitution
益鳥,機長,ekicho,kicho,insertion
益虫,駅手,ekichu,ekishu,substitution
益虫,機中,ekichu,kichu,insertion
易者,液晶,ekisha,ekisho,last_char_differs
易者,駅手,ekisha,ekishu,last_char_differs
易者,汽車,ekisha,kisha,insertion
液晶,駅手,ekisho,ekishu,last_char_differs
液晶,記章,ekisho,kisho,insertion
駅手,旗手,ekishu,kishu,insertion
液体,気体,ekitai,kitai,insertion
駅頭,適当,ekito,tekito,insertion
絵巻,寝間着,emaki,nemaki,insertion
獲物,獣,emono,kemono,insertion
円盤,鍵盤,enban,kenban,insertion
円盤,旋盤,enban,senban,insertion
園長,原著,encho,gencho,insertion
園長,編著,encho,hencho,insertion
園長,県鳥,encho,kencho,insertion
園長,年長,encho,nencho,insertion
園長,船長,encho,sencho,insertion
園長,店長,encho,tencho,insertion
園長,前兆,encho,zencho,insertion
円柱,連中,enchu,renchu,insertion
円柱,線虫,enchu,senchu,insertion
縁台,現代,endai,gendai,insertion
縁台,年代,endai,nendai,insertion
縁台,先代,endai,sendai,insertion
縁台,前代,endai,zendai,insertion
演壇,面談,endan,mendan,insertion
演壇,船団,endan,sendan,insertion
沿岸,洗顔,engan,sengan,insertion
園芸,演劇,engei,engeki,insertion
演劇,宴席,engeki,enseki,substitution
援軍,全軍,engun,zengun,insertion
円陣,原人,enjin,genjin,insertion
円陣,賢人,enjin,kenjin,insertion
円陣,先人,enjin,senjin,insertion
円陣,天神,enjin,tenjin,insertion
円陣,全人,enjin,zenjin,insertion
沿海,面会,enkai,menkai,insertion
沿海,展開,enkai,tenkai,insertion
沿海,前回,enkai,zenkai,insertion
円形,原形,enkei,genkei,insertion
円形,県警,enkei,kenkei,insertion
円形,線形,enkei,senkei,insertion
円形,全景,enkei,zenkei,insertion
閻魔,煙幕,enma,enmaku,prefix
煙幕,演目,enmaku,enmoku,substitution
煙幕,円卓,enmaku,entaku,substitution
演目,遠足,enmoku,ensoku,substitution
延繞,天女,ennyo,tennyo,insertion
艶麗,洗礼,enrei,senrei,insertion
縁先,宴席,ensaki,enseki,substitution
塩酸,編纂,ensan,hensan,insertion
遠征,宴席,ensei,enseki,insertion
遠征,厳正,ensei,gensei,insertion
遠征,牽制,ensei,kensei,insertion
遠征,先生,ensei,sensei,insertion
宴席,隕石,enseki,inseki,substitution
沿線,源泉,ensen,gensen,insertion
沿線,点線,ensen,tensen,insertion
沿線,全線,ensen,zensen,insertion
園舎,洗車,ensha,sensha,insertion
園舎,全社,ensha,zensha,insertion
円周,元首,enshu,genshu,insertion
円周,変種,enshu,henshu,insertion
円周,堅守,enshu,kenshu,insertion
円周,年収,enshu,nenshu,insertion
円周,練習,enshu,renshu,insertion
円周,船首,enshu,senshu,insertion
円周,天主,enshu,tenshu,insertion
円周,前週,enshu,zenshu,insertion
塩素,遠足,enso,ensoku,prefix
円錐,元帥,ensui,gensui,insertion
円錐,懸垂,ensui,kensui,insertion
円錐,泉水,ensui,sensui,insertion
演算,減算,enzan,genzan,insertion
演算,剣山,enzan,kenzan,insertion
演算,連山,enzan,renzan,insertion
吹雪,不向き,fubuki,fumuki,substitution
普段,ふんだん,fudan,fundan,insertion
増える,耽る,fueru,fukeru,insertion
増える,触れる,fueru,fureru,insertion
増える,臥せる,fueru,fuseru,insertion
夫婦,不服,fufu,fufuku,prefix
不服,空腹,fufuku,kufuku,substitution
不服,裕福,fufuku,yufuku,substitution
藤,封じ手,fuji,fujite,prefix
風神,粉塵,fujin,funjin,insertion
鱶,不覚,fuka,fukaku,prefix
鱶,深追い,fuka,fukaoi,prefix
深井,深追い,fukai,fukaoi,insertion
不覚,不惑,fukaku,fuwaku,substitution
不覚,区画,fukaku,kukaku,substitution
不覚,遊郭,fukaku,yukaku,substitution
雲脂,耽る,fuke,fukeru,prefix
耽る,触れる,fukeru,fureru,substitution
耽る,臥せる,fukeru,fuseru,substitution
耽る,剥ける,fukeru,mukeru,substitution
耽る,抜ける,fukeru,nukeru,substitution
耽る,透ける,fukeru,sukeru,substitution
耽る,受ける,fukeru,ukeru,insertion
布巾,腹筋,fukin,fukkin,insertion
布巾,福音,fukin,fukuin,insertion
腹筋,福音,fukkin,fukuin,substitution
服,腹部,fuku,fukubu,prefix
服,福音,fuku,fukuin,prefix
服,服地,fuku,fukuji,prefix
服,含む,fuku,fukumu,prefix
服,梟,fuku,fukuro,prefix
服,複葉,fuku,fukuyo,prefix
腹部,含む,fukubu,fukumu,substitution
含む,竦む,fukumu,sukumu,substitution
梟,複葉,fukuro,fukuyo,substitution
複葉,布教,fukuyo,fukyo,insertion
風味,踏み場,fumi,fumiba,prefix
不毛,麓,fumo,fumoto,prefix
踏む,不向き,fumu,fumuki,prefix
ふな,船出,funa,funade,prefix
ふな,船路,funa,funaji,prefix
ふな,不慣れ,funa,funare,prefix
船出,不慣れ,funade,funare,substitution
船路,砂地,funaji,sunaji,substitution
船路,うなじ,funaji,unaji,insertion
ふんだん,軍団,fundan,gundan,substitution
粉塵,軍人,funjin,gunjin,substitution
不能,布海苔,funo,funori,prefix
噴水,純粋,funsui,junsui,substitution
噴水,雲水,funsui,unsui,insertion
触れる,臥せる,fureru,fuseru,substitution
触れる,ぐれる,fureru,gureru,substitution
触れる,くれる,fureru,kureru,substitution
触れる,群れる,fureru,mureru,substitution
触れる,濡れる,fureru,nureru,substitution
触れる,擦れる,fureru,sureru,substitution
触れる,売れる,fureru,ureru,insertion
触れる,揺れる,fureru,yureru,substitution
触れる,ずれる,fureru,zureru,substitution
不利,振り子,furi,furiko,prefix
振り子,売り子,furiko,uriko,insertion
風呂,付録,furo,furoku,prefix
付録,不足,furoku,fusoku,substitution
付録,不徳,furoku,futoku,substitution
振る,古着,furu,furugi,prefix
振る,古巣,furu,furusu,prefix
振る,古手,furu,furute,prefix
古着,古井,furugi,furui,insertion
古巣,奮う,furusu,furuu,insertion
古巣,許す,furusu,yurusu,substitution
房,塞ぐ,fusa,fusagu,prefix
塞ぐ,防ぐ,fusagu,fusegu,substitution
布施,防ぐ,fuse,fusegu,prefix
布施,臥せる,fuse,fuseru,prefix
防ぐ,臥せる,fusegu,fuseru,substitution
臥せる,噎せる,fuseru,museru,substitution
臥せる,失せる,fuseru,useru,insertion
節,不審,fushi,fushin,insertion
不審,重臣,fushin,jushin,substitution
不審,無心,fushin,mushin,substitution
父祖,不足,fuso,fusoku,prefix
不足,不徳,fusoku,futoku,substitution
負数,襖,fusu,fusuma,prefix
蓋,二葉,futa,futaba,prefix
蓋,双子,futa,futago,prefix
双子,不等号,futago,futogo,substitution
不定,不敵,futei,futeki,insertion
不敵,霧笛,futeki,muteki,substitution
不敵,素敵,futeki,suteki,substitution
封筒,不等号,futo,futogo,prefix
封筒,不徳,futo,futoku,prefix
封筒,太る,futo,futoru,prefix
不徳,太る,futoku,futoru,substitution
不徳,重篤,futoku,jutoku,substitution
不和,不惑,fuwa,fuwaku,prefix
不惑,結わく,fuwaku,yuwaku,substitution
芙蓉,腐葉土,fuyo,fuyodo,prefix
冬,冬場,fuyu,fuyuba,prefix
がちょう,害鳥,gacho,gaicho,insertion
雅楽,画伯,gagaku,gahaku,substitution
雅楽,語学,gagaku,gogaku,substitution
雅楽,化学,gagaku,kagaku,substitution
雅楽,差額,gagaku,sagaku,substitution
雅楽,多額,gagaku,tagaku,substitution
雅楽,和学,gagaku,wagaku,substitution
雅楽,夜学,gagaku,yagaku,substitution
外地,害鳥,gaichi,gaicho,last_char_differs
外地,害虫,gaichi,gaichu,last_char_differs
外地,外使,gaichi,gaishi,substitution
外地,内地,gaichi,naichi,substitution
害鳥,害虫,gaicho,gaichu,last_char_differs
害鳥,外商,gaicho,gaisho,substitution
害鳥,毬杖,gaicho,gicho,insertion
害鳥,会長,gaicho,kaicho,substitution
害鳥,雷鳥,gaicho,raicho,substitution
害鳥,最長,gaicho,saicho,substitution
害鳥,隊長,gaicho,taicho,substitution
害虫,外周,gaichu,gaishu,substitution
害虫,眼中,gaichu,ganchu,substitution
害虫,回虫,gaichu,kaichu,substitution
外伝,外苑,gaiden,gaien,insertion
外伝,外面,gaiden,gaimen,substitution
外伝,拝殿,gaiden,haiden,substitution
外苑,外面,gaien,gaimen,insertion
外貨,外海,gaika,gaikai,insertion
外海,外形,gaikai,gaikei,substitution
外海,外気,gaikai,gaiki,insertion
外海,外米,gaikai,gaimai,substitution
外海,外債,gaikai,gaisai,substitution
外海,学会,gaikai,gakkai,substitution
外海,議会,gaikai,gikai,insertion
外海,毎回,gaikai,maikai,substitution
外海,内海,gaikai,naikai,substitution
外海,再会,gaikai,saikai,substitution
外海,大海,gaikai,taikai,substitution
外海,財界,gaikai,zaikai,substitution
外形,外気,gaikei,gaiki,insertion
外形,義兄,gaikei,gikei,insertion
外形,体形,gaikei,taikei,substitution
外米,外債,gaimai,gaisai,substitution
外米,義妹,gaimai,gimai,insertion
外面,画面,gaimen,gamen,insertion
外面,顔面,gaimen,ganmen,substitution
外面,背面,gaimen,haimen,substitution
外面,海綿,gaimen,kaimen,substitution
外面,体面,gaimen,taimen,substitution
外債,外使,gaisai,gaishi,substitution
外車,外使,gaisha,gaishi,last_char_differs
外車,外商,gaisha,gaisho,last_char_differs
外車,外周,gaisha,gaishu,last_char_differs
外車,芸者,gaisha,geisha,substitution
外車,廃車,gaisha,haisha,substitution
外車,会社,gaisha,kaisha,substitution
外車,大社,gaisha,taisha,substitution
外使,外商,gaishi,gaisho,last_char_differs
外使,外周,gaishi,gaishu,last_char_differs
外使,技師,gaishi,gishi,insertion
外使,碁石,gaishi,goishi,substitution
外使,俳誌,gaishi,haishi,substitution
外使,開始,gaishi,kaishi,substitution
外使,妻子,gaishi,saishi,substitution
外使,大使,gaishi,taishi,substitution
外商,外周,gaisho,gaishu,last_char_differs
外商,外装,gaisho,gaiso,insertion
外商,岩床,gaisho,gansho,substitution
外商,画商,gaisho,gasho,insertion
外商,合唱,gaisho,gassho,substitution
外商,会所,gaisho,kaisho,substitution
外商,内緒,gaisho,naisho,substitution
外商,最初,gaisho,saisho,substitution
外商,大暑,gaisho,taisho,substitution
外周,画集,gaishu,gashu,insertion
外周,改宗,gaishu,kaishu,substitution
外周,毎週,gaishu,maishu,substitution
外周,来秋,gaishu,raishu,substitution
外周,祭主,gaishu,saishu,substitution
外周,大衆,gaishu,taishu,substitution
学科,学会,gakka,gakkai,insertion
学会,学期,gakkai,gakki,insertion
学会,厄介,gakkai,yakkai,substitution
学区,学究,gakku,gakkyu,insertion
学究,学友,gakkyu,gakuyu,substitution
学究,眼球,gakkyu,gankyu,substitution
学究,月給,gakkyu,gekkyu,substitution
学究,白球,gakkyu,hakkyu,substitution
学究,落球,gakkyu,rakkyu,substitution
学究,卓球,gakkyu,takkyu,substitution
萼,楽部,gaku,gakubu,prefix
萼,学童,gaku,gakudo,prefix
萼,学園,gaku,gakuen,prefix
萼,楽譜,gaku,gakufu,prefix
萼,学費,gaku,gakuhi,prefix
萼,学院,gaku,gakuin,prefix
萼,学事,gaku,gakuji,prefix
萼,学徒,gaku,gakuto,prefix
萼,楽屋,gaku,gakuya,prefix
萼,学用,gaku,gakuyo,prefix
萼,学友,gaku,gakuyu,prefix
楽部,楽譜,gakubu,gakufu,substitution
楽部,学友,gakubu,gakuyu,substitution
学童,学徒,gakudo,gakuto,substitution
学童,学用,gakudo,gakuyo,substitution
学童,極道,gakudo,gokudo,substitution
学童,白銅,gakudo,hakudo,substitution
学童,楽土,gakudo,rakudo,substitution
学童,躍動,gakudo,yakudo,substitution
学園,学院,gakuen,gakuin,substitution
学園,白煙,gakuen,hakuen,substitution
学園,楽園,gakuen,rakuen,substitution
楽譜,学友,gakufu,gakuyu,substitution
楽譜,作風,gakufu,sakufu,substitution
学費,学位,gakuhi,gakui,insertion
学費,学事,gakuhi,gakuji,substitution
学位,学院,gakui,gakuin,insertion
学位,学事,gakui,gakuji,insertion
学院,烙印,gakuin,rakuin,substitution
学院,索引,gakuin,sakuin,substitution
学院,役員,gakuin,yakuin,substitution
学事,白磁,gakuji,hakuji,substitution
学事,託児,gakuji,takuji,substitution
学徒,学用,gakuto,gakuyo,substitution
学徒,作陶,gakuto,sakuto,substitution
楽屋,学用,gakuya,gakuyo,last_char_differs
楽屋,学友,gakuya,gakuyu,last_char_differs
楽屋,昨夜,gakuya,sakuya,substitution
学用,学友,gakuyo,gakuyu,last_char_differs
学用,落葉,gakuyo,rakuyo,substitution
画面,顔面,gamen,ganmen,insertion
岩盤,元旦,ganban,gantan,substitution
岩盤,看板,ganban,kanban,substitution
眼中,山中,ganchu,sanchu,substitution
岩塩,顔面,ganen,ganmen,insertion
岩塩,元年,ganen,gannen,insertion
岩塩,眼前,ganen,ganzen,insertion
元金,現金,gankin,genkin,substitution
元金,残金,gankin,zankin,substitution
頑固,頑強,ganko,gankyo,insertion
頑強,眼球,gankyo,gankyu,last_char_differs
頑強,顔料,gankyo,ganryo,substitution
頑強,元凶,gankyo,genkyo,substitution
頑強,環境,gankyo,kankyo,substitution
眼球,半球,gankyu,hankyu,substitution
眼球,軟球,gankyu,nankyu,substitution
眼球,探求,gankyu,tankyu,substitution
顔面,元年,ganmen,gannen,substitution
顔面,眼前,ganmen,ganzen,substitution
顔面,満面,ganmen,manmen,substitution
元年,眼前,gannen,ganzen,substitution
元年,丹念,gannen,tannen,substitution
元年,残念,gannen,zannen,substitution
元本,原本,ganpon,genpon,substitution
元本,刊本,ganpon,kanpon,substitution
顔料,原料,ganryo,genryo,substitution
顔料,伴侶,ganryo,hanryo,substitution
顔料,官僚,ganryo,kanryo,substitution
岩床,元祖,gansho,ganso,insertion
岩床,画商,gansho,gasho,insertion
岩床,合唱,gansho,gassho,substitution
岩床,原初,gansho,gensho,substitution
岩床,軍将,gansho,gunsho,substitution
岩床,半鐘,gansho,hansho,substitution
岩床,環礁,gansho,kansho,substitution
岩床,難所,gansho,nansho,substitution
岩床,山椒,gansho,sansho,substitution
岩床,単勝,gansho,tansho,substitution
岩床,腕章,gansho,wansho,substitution
眼帯,元旦,gantai,gantan,last_char_differs
眼帯,軍隊,gantai,guntai,substitution
眼帯,反対,gantai,hantai,substitution
眼帯,寒帯,gantai,kantai,substitution
眼帯,単体,gantai,tantai,substitution
元旦,簡単,gantan,kantan,substitution
元旦,南端,gantan,nantan,substitution
眼前,完全,ganzen,kanzen,substitution
瓦礫,枯れ木,gareki,kareki,substitution
画商,合唱,gasho,gassho,insertion
合唱,合奏,gassho,gasso,insertion
合唱,末梢,gassho,massho,substitution
下段,芸談,gedan,geidan,insertion
芸名,平明,geimei,heimei,substitution
芸名,銘々,geimei,meimei,substitution
芸名,清明,geimei,seimei,substitution
芸者,下車,geisha,gesha,insertion
芸者,月謝,geisha,gessha,substitution
芸者,弊社,geisha,heisha,substitution
芸者,停車,geisha,teisha,substitution
下巻,月間,gekan,gekkan,insertion
下巻,玄関,gekan,genkan,insertion
劇,劇画,geki,gekiga,prefix
劇,劇場,geki,gekijo,prefix
劇,劇化,geki,gekika,prefix
劇画,劇化,gekiga,gekika,substitution
劇画,壁画,gekiga,hekiga,substitution
劇化,月下,gekika,gekka,insertion
月下,月間,gekka,gekkan,insertion
月間,玄関,gekkan,genkan,substitution
月間,鉄管,gekkan,tekkan,substitution
現地,原著,genchi,gencho,last_char_differs
現地,原子,genchi,genshi,substitution
現地,辺地,genchi,henchi,substitution
現地,天地,genchi,tenchi,substitution
原著,原初,gencho,gensho,substitution
原著,編著,gencho,hencho,substitution
原著,県鳥,gencho,kencho,substitution
原著,年長,gencho,nencho,substitution
原著,船長,gencho,sencho,substitution
原著,店長,gencho,tencho,substitution
原著,前兆,gencho,zencho,substitution
現代,玄米,gendai,genmai,substitution
現代,現在,gendai,genzai,substitution
現代,年代,gendai,nendai,substitution
現代,先代,gendai,sendai,substitution
現代,前代,gendai,zendai,substitution
原液,元気,geneki,genki,insertion
原液,粘液,geneki,neneki,substitution
源氏,原人,genji,genjin,insertion
原人,現金,genjin,genkin,substitution
原人,現品,genjin,genpin,substitution
原人,軍人,genjin,gunjin,substitution
原人,賢人,genjin,kenjin,substitution
原人,先人,genjin,senjin,substitution
原人,天神,genjin,tenjin,substitution
原人,全人,genjin,zenjin,substitution
現下,玄関,genka,genkan,insertion
玄関,現金,genkan,genkin,substitution
玄関,減算,genkan,genzan,substitution
玄関,軍艦,genkan,gunkan,substitution
玄関,年間,genkan,nenkan,substitution
玄関,選管,genkan,senkan,substitution
玄関,転換,genkan,tenkan,substitution
玄関,全巻,genkan,zenkan,substitution
原形,元気,genkei,genki,insertion
原形,厳正,genkei,gensei,substitution
原形,県警,genkei,kenkei,substitution
原形,線形,genkei,senkei,substitution
原形,全景,genkei,zenkei,substitution
元気,現金,genki,genkin,insertion
現金,現品,genkin,genpin,substitution
現金,献金,genkin,kenkin,substitution
現金,粘菌,genkin,nenkin,substitution
元凶,原票,genkyo,genpyo,substitution
元凶,原料,genkyo,genryo,substitution
元凶,辺境,genkyo,henkyo,substitution
元凶,県境,genkyo,kenkyo,substitution
元凶,転居,genkyo,tenkyo,substitution
玄米,現在,genmai,genzai,substitution
玄米,ぜんまい,genmai,zenmai,substitution
現品,原本,genpin,genpon,substitution
現品,返品,genpin,henpin,substitution
減法,原本,genpo,genpon,insertion
減法,原票,genpo,genpyo,insertion
原票,原料,genpyo,genryo,substitution
元老,原料,genro,genryo,insertion
原料,源流,genryo,genryu,last_char_differs
原料,燃料,genryo,nenryo,substitution
原料,染料,genryo,senryo,substitution
原料,天領,genryo,tenryo,substitution
原料,善良,genryo,zenryo,substitution
源流,原油,genryu,genyu,insertion
源流,川柳,genryu,senryu,substitution
現世,厳正,gense,gensei,insertion
現世,源泉,gense,gensen,insertion
厳正,源泉,gensei,gensen,last_char_differs
厳正,原子,gensei,genshi,substitution
厳正,元帥,gensei,gensui,substitution
厳正,牽制,gensei,kensei,substitution
厳正,先生,gensei,sensei,substitution
源泉,原典,gensen,genten,substitution
源泉,下船,gensen,gesen,insertion
源泉,点線,gensen,tensen,substitution
源泉,全線,gensen,zensen,substitution
原子,原初,genshi,gensho,last_char_differs
原子,元首,genshi,genshu,last_char_differs
原子,元帥,genshi,gensui,substitution
原子,夏至,genshi,geshi,insertion
原子,剣士,genshi,kenshi,substitution
原子,綿糸,genshi,menshi,substitution
原子,年始,genshi,nenshi,substitution
原子,天使,genshi,tenshi,substitution
原子,全市,genshi,zenshi,substitution
原初,元首,gensho,genshu,last_char_differs
原初,元素,gensho,genso,insertion
原初,軍将,gensho,gunsho,substitution
原初,返書,gensho,hensho,substitution
原初,顕正,gensho,kensho,substitution
原初,年初,gensho,nensho,substitution
原初,連勝,gensho,rensho,substitution
原初,選書,gensho,sensho,substitution
原初,全書,gensho,zensho,substitution
元首,月収,genshu,gesshu,substitution
元首,群衆,genshu,gunshu,substitution
元首,変種,genshu,henshu,substitution
元首,堅守,genshu,kenshu,substitution
元首,年収,genshu,nenshu,substitution
元首,練習,genshu,renshu,substitution
元首,船首,genshu,senshu,substitution
元首,天主,genshu,tenshu,substitution
元首,前週,genshu,zenshu,substitution
元帥,下水,gensui,gesui,insertion
元帥,懸垂,gensui,kensui,substitution
元帥,泉水,gensui,sensui,substitution
原典,全店,genten,zenten,substitution
現在,減算,genzai,genzan,last_char_differs
現在,下剤,genzai,gezai,insertion
現在,建材,genzai,kenzai,substitution
現在,前栽,genzai,senzai,substitution
現在,善哉,genzai,zenzai,substitution
減算,下山,genzan,gezan,insertion
減算,剣山,genzan,kenzan,substitution
減算,連山,genzan,renzan,substitution
下車,月謝,gesha,gessha,insertion
下足,義足,gesoku,gisoku,substitution
月謝,月収,gessha,gesshu,last_char_differs
月謝,結社,gessha,kessha,substitution
月謝,列車,gessha,ressha,substitution
月収,拙守,gesshu,sesshu,substitution
月収,撤収,gesshu,tesshu,substitution
犠打,義太夫,gida,gidayu,prefix
義塾,未熟,gijuku,mijuku,substitution
銀色,金色,giniro,kiniro,substitution
議席,遺跡,giseki,iseki,insertion
議席,軌跡,giseki,kiseki,substitution
技師,碁石,gishi,goishi,insertion
義足,規則,gisoku,kisoku,substitution
義足,利息,gisoku,risoku,substitution
護符,呉服,gofu,gofuku,prefix
呉服,幸福,gofuku,kofuku,substitution
呉服,往復,gofuku,ofuku,insertion
呉服,洋服,gofuku,yofuku,substitution
語学,合格,gogaku,gokaku,substitution
語学,娯楽,gogaku,goraku,substitution
語学,誤訳,gogaku,goyaku,substitution
語学,方角,gogaku,hogaku,substitution
語学,工学,gogaku,kogaku,substitution
語学,もがく,gogaku,mogaku,substitution
語学,能楽,gogaku,nogaku,substitution
語学,奏楽,gogaku,sogaku,substitution
語学,洋学,gogaku,yogaku,substitution
碁石,合祀,goishi,goshi,insertion
碁石,砥石,goishi,toishi,substitution
豪華,合格,goka,gokaku,prefix
豪快,魚介,gokai,gyokai,insertion
合格,五穀,gokaku,gokoku,substitution
合格,娯楽,gokaku,goraku,substitution
合格,誤訳,gokaku,goyaku,substitution
合格,城郭,gokaku,jokaku,substitution
合格,口角,gokaku,kokaku,substitution
合格,楼閣,gokaku,rokaku,substitution
五官,行間,gokan,gyokan,insertion
五穀,五目,gokoku,gomoku,substitution
五穀,豪族,gokoku,gozoku,substitution
五穀,邦国,gokoku,hokoku,substitution
五穀,広告,gokoku,kokoku,substitution
五穀,王国,gokoku,okoku,insertion
五穀,祖国,gokoku,sokoku,substitution
五穀,予告,gokoku,yokoku,substitution
極道,国道,gokudo,kokudo,substitution
極道,得度,gokudo,tokudo,substitution
五目,豪族,gomoku,gozoku,substitution
言偏,権現,gonben,gongen,substitution
ごねる,捏ねる,goneru,koneru,substitution
権化,権現,gonge,gongen,insertion
権現,門限,gongen,mongen,substitution
権現,音源,gongen,ongen,insertion
権現,尊厳,gongen,songen,substitution
娯楽,誤訳,goraku,goyaku,substitution
娯楽,上洛,goraku,joraku,substitution
娯楽,行楽,goraku,koraku,substitution
娯楽,当落,goraku,toraku,substitution
合繊,漁船,gosen,gyosen,insertion
豪商,行書,gosho,gyosho,insertion
豪商,大御所,gosho,ogosho,insertion
誤訳,逆,goyaku,gyaku,insertion
誤訳,邦訳,goyaku,hoyaku,substitution
誤訳,助役,goyaku,joyaku,substitution
誤訳,膏薬,goyaku,koyaku,substitution
誤訳,農薬,goyaku,noyaku,substitution
誤訳,要約,goyaku,yoyaku,substitution
五臓,豪族,gozo,gozoku,prefix
豪族,皇族,gozoku,kozoku,substitution
豪族,覗く,gozoku,nozoku,substitution
豪族,王族,gozoku,ozoku,insertion
豪族,相続,gozoku,sozoku,substitution
軍馬,軍配,gunba,gunbai,insertion
軍配,軍隊,gunbai,guntai,substitution
軍団,軍艦,gundan,gunkan,substitution
軍靴,軍艦,gunka,gunkan,insertion
軍艦,旬間,gunkan,junkan,substitution
軍将,群衆,gunsho,gunshu,last_char_differs
軍将,軍曹,gunsho,gunso,insertion
軍将,勲章,gunsho,kunsho,substitution
群衆,君主,gunshu,kunshu,substitution
群雄,牛乳,gunyu,gyunyu,insertion
ぐれる,くれる,gureru,kureru,substitution
ぐれる,群れる,gureru,mureru,substitution
ぐれる,濡れる,gureru,nureru,substitution
ぐれる,擦れる,gureru,sureru,substitution
ぐれる,売れる,gureru,ureru,insertion
ぐれる,揺れる,gureru,yureru,substitution
ぐれる,ずれる,gureru,zureru,substitution
ぐず,ぐずる,guzu,guzuru,prefix
ぐずる,譲る,guzuru,yuzuru,substitution
蟯虫,氷柱,gyochu,hyochu,substitution
蟯虫,幼虫,gyochu,yochu,insertion
御苑,漁船,gyoen,gyosen,insertion
魚介,行間,gyokai,gyokan,last_char_differs
魚介,魚雷,gyokai,gyorai,substitution
魚介,氷海,gyokai,hyokai,substitution
魚介,教会,gyokai,kyokai,substitution
魚介,領海,gyokai,ryokai,substitution
魚介,妖怪,gyokai,yokai,insertion
行間,教官,gyokan,kyokan,substitution
行間,女官,gyokan,nyokan,substitution
行間,旅館,gyokan,ryokan,substitution
行間,羊羮,gyokan,yokan,insertion
漁港,漁協,gyoko,gyokyo,insertion
漁協,余興,gyokyo,yokyo,insertion
魚雷,魚類,gyorai,gyorui,substitution
魚雷,如来,gyorai,nyorai,substitution
魚類,行水,gyorui,gyozui,substitution
漁船,漁村,gyosen,gyoson,substitution
漁船,胸腺,gyosen,kyosen,substitution
漁船,僚船,gyosen,ryosen,substitution
漁船,予選,gyosen,yosen,insertion
業者,行書,gyosha,gyosho,last_char_differs
業者,牛車,gyosha,gyusha,substitution
業者,強者,gyosha,kyosha,substitution
業者,両者,gyosha,ryosha,substitution
行書,氷床,gyosho,hyosho,substitution
行書,巨匠,gyosho,kyosho,substitution
行書,良書,gyosho,ryosho,substitution
行書,洋書,gyosho,yosho,insertion
牛車,厩舎,gyusha,kyusha,substitution
牛車,勇者,gyusha,yusha,insertion
幅,阻む,haba,habamu,prefix
阻む,孕む,habamu,haramu,substitution
阻む,挟む,habamu,hasamu,substitution
侍る,映える,haberu,haeru,insertion
侍る,剥げる,haberu,hageru,substitution
侍る,捌ける,haberu,hakeru,substitution
侍る,はめる,haberu,hameru,substitution
侍る,撥ねる,haberu,haneru,substitution
侍る,晴れる,haberu,hareru,substitution
侍る,馳せる,haberu,haseru,substitution
侍る,果てる,haberu,hateru,substitution
侍る,食べる,haberu,taberu,substitution
波布,省く,habu,habuku,prefix
波布,羽振り,habu,haburi,prefix
省く,破く,habuku,yabuku,substitution
蜂,鯱,hachi,shachi,insertion
肌,肌着,hada,hadagi,prefix
肌,肌身,hada,hadami,prefix
肌着,肌身,hadagi,hadami,substitution
肌身,花見,hadami,hanami,substitution
肌身,鋏,hadami,hasami,substitution
映える,剥げる,haeru,hageru,insertion
映える,捌ける,haeru,hakeru,insertion
映える,はめる,haeru,hameru,insertion
映える,撥ねる,haeru,haneru,insertion
映える,晴れる,haeru,hareru,insertion
映える,馳せる,haeru,haseru,insertion
映える,果てる,haeru,hateru,insertion
葉書き,歯茎,hagaki,haguki,substitution
葉書き,葉巻,hagaki,hamaki,substitution
葉書き,はたき,hagaki,hataki,substitution
鋼,早寝,hagane,hayane,substitution
剥がす,放す,hagasu,hanasu,substitution
剥がす,晴らす,hagasu,harasu,substitution
剥がす,果たす,hagasu,hatasu,substitution
剥がす,囃す,hagasu,hayasu,substitution
剥がす,流す,hagasu,nagasu,substitution
剥がす,捜す,hagasu,sagasu,substitution
歯形,干潟,hagata,higata,substitution
励む,剥げる,hagemu,hageru,substitution
剥げる,捌ける,hageru,hakeru,substitution
剥げる,はめる,hageru,hameru,substitution
剥げる,撥ねる,hageru,haneru,substitution
剥げる,晴れる,hageru,hareru,substitution
剥げる,馳せる,hageru,haseru,substitution
剥げる,果てる,hageru,hateru,substitution
剥げる,曲げる,hageru,mageru,substitution
剥げる,投げる,hageru,nageru,substitution
剥げる,下げる,hageru,sageru,substitution
萩,接ぎ目,hagi,hagime,prefix
萩,端切れ,hagi,hagire,prefix
接ぎ目,端切れ,hagime,hagire,substitution
接ぎ目,初め,hagime,hajime,substitution
剥ぐ,歯茎,hagu,haguki,prefix
歯茎,葉月,haguki,hazuki,substitution
母,母上,haha,hahaue,prefix
破片,斜辺,hahen,shahen,insertion
俳壇,拝殿,haidan,haiden,substitution
俳壇,拝観,haidan,haikan,substitution
俳壇,飛弾,haidan,hidan,insertion
俳壇,階段,haidan,kaidan,substitution
俳壇,祭壇,haidan,saidan,substitution
俳壇,退団,haidan,taidan,substitution
拝殿,排煙,haiden,haien,insertion
拝殿,背面,haiden,haimen,substitution
拝殿,廃船,haiden,haisen,substitution
拝殿,配点,haiden,haiten,substitution
拝殿,配膳,haiden,haizen,substitution
拝殿,秘伝,haiden,hiden,insertion
廃液,排気,haieki,haiki,insertion
廃液,体液,haieki,taieki,substitution
排煙,背面,haien,haimen,insertion
排煙,廃船,haien,haisen,insertion
排煙,配点,haien,haiten,insertion
排煙,配膳,haien,haizen,insertion
廃品,敗因,haihin,haiin,insertion
廃品,俳人,haihin,haijin,substitution
廃品,海浜,haihin,kaihin,substitution
廃品,来賓,haihin,raihin,substitution
敗因,俳人,haiin,haijin,insertion
廃寺,俳人,haiji,haijin,insertion
俳人,怪人,haijin,kaijin,substitution
俳人,雷神,haijin,raijin,substitution
俳人,祭神,haijin,saijin,substitution
配下,拝観,haika,haikan,insertion
拝観,発刊,haikan,hakkan,substitution
拝観,避寒,haikan,hikan,insertion
拝観,会館,haikan,kaikan,substitution
拝観,細管,haikan,saikan,substitution
拝観,退官,haikan,taikan,substitution
廃校,廃墟,haiko,haikyo,insertion
廃校,張り子,haiko,hariko,insertion
俳句,配球,haiku,haikyu,insertion
俳句,廃屋,haiku,haioku,insertion
俳句,弾く,haiku,hajiku,insertion
廃墟,配球,haikyo,haikyu,last_char_differs
廃墟,秘境,haikyo,hikyo,insertion
廃墟,海峡,haikyo,kaikyo,substitution
廃墟,最強,haikyo,saikyo,substitution
配球,胚乳,haikyu,hainyu,substitution
配球,俳優,haikyu,haiyu,insertion
配球,白球,haikyu,hakkyu,substitution
配球,半球,haikyu,hankyu,substitution
配球,飛球,haikyu,hikyu,insertion
背面,肺門,haimen,haimon,substitution
背面,廃船,haimen,haisen,substitution
背面,配点,haimen,haiten,substitution
背面,配膳,haimen,haizen,substitution
背面,平面,haimen,heimen,substitution
背面,海綿,haimen,kaimen,substitution
背面,体面,haimen,taimen,substitution
肺門,波紋,haimon,hamon,insertion
胚乳,俳優,hainyu,haiyu,insertion
拝礼,海嶺,hairei,kairei,substitution
拝礼,祭礼,hairei,sairei,substitution
廃船,配点,haisen,haiten,substitution
廃船,配膳,haisen,haizen,substitution
廃船,帆船,haisen,hansen,substitution
廃船,内線,haisen,naisen,substitution
廃船,賽銭,haisen,saisen,substitution
廃車,俳誌,haisha,haishi,last_char_differs
廃車,覇者,haisha,hasha,insertion
廃車,発車,haisha,hassha,substitution
廃車,弊社,haisha,heisha,substitution
廃車,飛車,haisha,hisha,insertion
廃車,会社,haisha,kaisha,substitution
廃車,大社,haisha,taisha,substitution
俳誌,配水,haishi,haisui,substitution
俳誌,半紙,haishi,hanshi,substitution
俳誌,橋,haishi,hashi,insertion
俳誌,平氏,haishi,heishi,substitution
俳誌,皮脂,haishi,hishi,insertion
俳誌,開始,haishi,kaishi,substitution
俳誌,妻子,haishi,saishi,substitution
俳誌,大使,haishi,taishi,substitution
配水,海水,haisui,kaisui,substitution
敗退,廃材,haitai,haizai,substitution
敗退,反対,haitai,hantai,substitution
敗退,臍帯,haitai,saitai,substitution
配点,配膳,haiten,haizen,substitution
配点,半纏,haiten,hanten,substitution
配点,飛天,haiten,hiten,insertion
配点,回転,haiten,kaiten,substitution
配点,採点,haiten,saiten,substitution
配膳,最善,haizen,saizen,substitution
配膳,大全,haizen,taizen,substitution
恥,弾く,haji,hajiku,prefix
恥,初め,haji,hajime,prefix
破格,図る,hakaku,hakaru,substitution
破格,はたく,hakaku,hataku,substitution
破格,早く,hakaku,hayaku,substitution
破格,皮革,hakaku,hikaku,substitution
破格,価格,hakaku,kakaku,substitution
袴,狭間,hakama,hazama,substitution
袴,仲間,hakama,nakama,substitution
秤,図る,hakari,hakaru,last_char_differs
秤,光,hakari,hikari,substitution
秤,係,hakari,kakari,substitution
秤,盛り,hakari,sakari,substitution
図る,捌ける,hakaru,hakeru,substitution
図る,はまる,hakaru,hamaru,substitution
図る,逸る,hakaru,hayaru,substitution
図る,罹る,hakaru,kakaru,substitution
図る,たかる,hakaru,takaru,substitution
図る,分かる,hakaru,wakaru,substitution
刷毛,捌ける,hake,hakeru,prefix
捌ける,はめる,hakeru,hameru,substitution
捌ける,撥ねる,hakeru,haneru,substitution
捌ける,晴れる,hakeru,hareru,substitution
捌ける,馳せる,hakeru,haseru,substitution
捌ける,果てる,hakeru,hateru,substitution
捌ける,掛ける,hakeru,kakeru,substitution
捌ける,負ける,hakeru,makeru,substitution
捌ける,裂ける,hakeru,sakeru,substitution
捌ける,炊ける,hakeru,takeru,substitution
捌ける,分ける,hakeru,wakeru,substitution
捌ける,焼ける,hakeru,yakeru,substitution
発刊,発券,hakkan,hakken,substitution
発刊,白金,hakkan,hakkin,substitution
発券,白金,hakken,hakkin,substitution
発券,白煙,hakken,hakuen,substitution
白金,雑菌,hakkin,zakkin,substitution
白球,半球,hakkyu,hankyu,substitution
白球,落球,hakkyu,rakkyu,substitution
白球,卓球,hakkyu,takkyu,substitution
箱,繁縷,hako,hakobe,prefix
箱,運ぶ,hako,hakobu,prefix
繁縷,運ぶ,hakobe,hakobu,last_char_differs
箔,白眉,haku,hakubi,prefix
箔,白銅,haku,hakudo,prefix
箔,白煙,haku,hakuen,prefix
箔,白鳳,haku,hakuho,prefix
箔,白磁,haku,hakuji,prefix
箔,薄情,haku,hakujo,prefix
箔,白露,haku,hakuro,prefix
白眉,白衣,hakubi,hakui,insertion
白眉,白磁,hakubi,hakuji,substitution
白眉,厄日,hakubi,yakubi,substitution
白銅,白鳳,hakudo,hakuho,substitution
白銅,薄情,hakudo,hakujo,substitution
白銅,白露,hakudo,hakuro,substitution
白銅,楽土,hakudo,rakudo,substitution
白銅,躍動,hakudo,yakudo,substitution
白煙,楽園,hakuen,rakuen,substitution
白鳳,薄情,hakuho,hakujo,substitution
白鳳,白露,hakuho,hakuro,substitution
白衣,白磁,hakui,hakuji,insertion
白磁,薄情,hakuji,hakujo,last_char_differs
白磁,託児,hakuji,takuji,substitution
薄情,白露,hakujo,hakuro,substitution
薄情,卓上,hakujo,takujo,substitution
白露,ほくろ,hakuro,hokuro,substitution
白露,柘榴,hakuro,zakuro,substitution
浜,浜辺,hama,hamabe,prefix
浜,葉巻,hama,hamaki,prefix
浜,はまる,hama,hamaru,prefix
浜,破魔矢,hama,hamaya,prefix
葉巻,はたき,hamaki,hataki,substitution
葉巻,生木,hamaki,namaki,substitution
はまる,はめる,hamaru,hameru,substitution
はまる,逸る,hamaru,hayaru,substitution
はまる,なまる,hamaru,namaru,substitution
はまる,堪る,hamaru,tamaru,substitution
破魔矢,花屋,hamaya,hanaya,substitution
羽目,はめる,hame,hameru,prefix
はめる,撥ねる,hameru,haneru,substitution
はめる,晴れる,hameru,hareru,substitution
はめる,馳せる,hameru,haseru,substitution
はめる,果てる,hameru,hateru,substitution
はめる,秘める,hameru,himeru,substitution
はめる,誉める,hameru,homeru,substitution
はめる,嘗める,hameru,nameru,substitution
はめる,冷める,hameru,sameru,substitution
はめる,溜める,hameru,tameru,substitution
はめる,止める,hameru,yameru,substitution
波紋,刃物,hamon,hamono,insertion
刃物,干物,hamono,himono,substitution
刃物,魔物,hamono,mamono,substitution
花,花火,hana,hanabi,prefix
花,花見,hana,hanami,prefix
花,放す,hana,hanasu,prefix
花,塙,hana,hanawa,prefix
花,花屋,hana,hanaya,prefix
花火,花見,hanabi,hanami,substitution
花見,半身,hanami,hanmi,insertion
花見,鋏,hanami,hasami,substitution
放す,晴らす,hanasu,harasu,substitution
放す,果たす,hanasu,hatasu,substitution
放す,囃す,hanasu,hayasu,substitution
塙,花屋,hanawa,hanaya,substitution
塙,埴輪,hanawa,haniwa,substitution
花屋,般若,hanaya,hannya,substitution
班長,半鐘,hancho,hansho,substitution
班長,編著,hancho,hencho,substitution
班長,本庁,hancho,honcho,substitution
班長,官庁,hancho,kancho,substitution
班長,満潮,hancho,mancho,substitution
班長,軟調,hancho,nancho,substitution
班長,山頂,hancho,sancho,substitution
班長,丹頂,hancho,tancho,substitution
羽根,撥ねる,hane,haneru,prefix
半円,半片,hanen,hanpen,insertion
半円,帆船,hanen,hansen,insertion
半円,半纏,hanen,hanten,insertion
撥ねる,晴れる,haneru,hareru,substitution
撥ねる,馳せる,haneru,haseru,substitution
撥ねる,果てる,haneru,hateru,substitution
撥ねる,捻る,haneru,hineru,substitution
撥ねる,兼ねる,haneru,kaneru,substitution
範囲,埴輪,hani,haniwa,prefix
半球,本給,hankyu,honkyu,substitution
半球,軟球,hankyu,nankyu,substitution
半球,探求,hankyu,tankyu,substitution
半片,帆船,hanpen,hansen,substitution
半片,半纏,hanpen,hanten,substitution
半片,短編,hanpen,tanpen,substitution
半輪,片鱗,hanrin,henrin,substitution
半輪,山林,hanrin,sanrin,substitution
伴侶,官僚,hanryo,kanryo,substitution
反省,帆船,hansei,hansen,last_char_differs
反省,半紙,hansei,hanshi,substitution
反省,閑静,hansei,kansei,substitution
反省,南西,hansei,nansei,substitution
反省,賛成,hansei,sansei,substitution
反省,端正,hansei,tansei,substitution
帆船,半纏,hansen,hanten,substitution
帆船,本線,hansen,honsen,substitution
帆船,艦船,hansen,kansen,substitution
帆船,難船,hansen,nansen,substitution
帆船,単線,hansen,tansen,substitution
半紙,半鐘,hanshi,hansho,last_char_differs
半紙,藩主,hanshi,hanshu,last_char_differs
半紙,橋,hanshi,hashi,insertion
半紙,品詞,hanshi,hinshi,substitution
半紙,本紙,hanshi,honshi,substitution
半紙,漢詩,hanshi,kanshi,substitution
半紙,卵子,hanshi,ranshi,substitution
半紙,蚕糸,hanshi,sanshi,substitution
半紙,端子,hanshi,tanshi,substitution
半紙,残滓,hanshi,zanshi,substitution
半鐘,藩主,hansho,hanshu,last_char_differs
半鐘,帆走,hansho,hanso,insertion
半鐘,返書,hansho,hensho,substitution
半鐘,本書,hansho,honsho,substitution
半鐘,環礁,hansho,kansho,substitution
半鐘,難所,hansho,nansho,substitution
半鐘,山椒,hansho,sansho,substitution
半鐘,単勝,hansho,tansho,substitution
半鐘,腕章,hansho,wansho,substitution
藩主,変種,hanshu,henshu,substitution
藩主,観衆,hanshu,kanshu,substitution
反対,編隊,hantai,hentai,substitution
反対,本隊,hantai,hontai,substitution
反対,寒帯,hantai,kantai,substitution
反対,単体,hantai,tantai,substitution
半纏,本店,hanten,honten,substitution
半纏,寒天,hanten,kanten,substitution
半纏,満点,hanten,manten,substitution
半纏,南天,hanten,nanten,substitution
八方,発表,happo,happyo,insertion
原,孕む,hara,haramu,prefix
原,晴らす,hara,harasu,prefix
孕む,晴らす,haramu,harasu,substitution
孕む,払う,haramu,harau,insertion
孕む,挟む,haramu,hasamu,substitution
孕む,絡む,haramu,karamu,substitution
晴らす,払う,harasu,harau,insertion
晴らす,果たす,harasu,hatasu,substitution
晴らす,囃す,harasu,hayasu,substitution
晴らす,減らす,harasu,herasu,substitution
晴らす,烏,harasu,karasu,substitution
晴らす,均す,harasu,narasu,substitution
晴らす,晒す,harasu,sarasu,substitution
晴らす,垂らす,harasu,tarasu,substitution
晴れる,馳せる,hareru,haseru,substitution
晴れる,果てる,hareru,hateru,substitution
晴れる,惚れる,hareru,horeru,substitution
晴れる,じゃれる,hareru,jareru,substitution
晴れる,枯れる,hareru,kareru,substitution
晴れる,慣れる,hareru,nareru,substitution
晴れる,垂れる,hareru,tareru,substitution
晴れる,割れる,hareru,wareru,substitution
針,張り子,hari,hariko,prefix
針,張り手,hari,harite,prefix
張り手,借り手,harite,karite,substitution
張り手,遺り手,harite,yarite,substitution
春,遥か,haru,haruka,prefix
鋏,挟む,hasami,hasamu,last_char_differs
挟む,嵩む,hasamu,kasamu,substitution
馳せる,果てる,haseru,hateru,substitution
馳せる,ませる,haseru,maseru,substitution
馳せる,痩せる,haseru,yaseru,substitution
覇者,発車,hasha,hassha,insertion
橋,大橋,hashi,ohashi,insertion
発車,筆者,hassha,hissha,substitution
発車,滑車,hassha,kassha,substitution
発車,達者,hassha,tassha,substitution
旗,畑,hata,hatake,prefix
旗,はたき,hata,hataki,prefix
旗,はたく,hata,hataku,prefix
旗,果たす,hata,hatasu,prefix
畑,はたき,hatake,hataki,last_char_differs
畑,はたく,hatake,hataku,last_char_differs
はたき,はたく,hataki,hataku,last_char_differs
はたき,仇,hataki,kataki,substitution
はたき,三和土,hataki,tataki,substitution
はたく,果たす,hataku,hatasu,substitution
はたく,早く,hataku,hayaku,substitution
はたく,家宅,hataku,kataku,substitution
はたく,叩く,hataku,tataku,substitution
果たす,初,hatasu,hatsu,insertion
果たす,囃す,hatasu,hayasu,substitution
果たす,浸す,hatasu,hitasu,substitution
果たす,渡す,hatasu,watasu,substitution
果てる,建てる,hateru,tateru,substitution
鳩,波止場,hato,hatoba,prefix
早く,逸る,hayaku,hayaru,substitution
早く,囃す,hayaku,hayasu,substitution
早く,邦訳,hayaku,hoyaku,substitution
早く,火薬,hayaku,kayaku,substitution
早く,和訳,hayaku,wayaku,substitution
早寝,早瀬,hayane,hayase,substitution
逸る,囃す,hayaru,hayasu,substitution
早瀬,囃す,hayase,hayasu,last_char_differs
囃す,冷やす,hayasu,hiyasu,substitution
囃す,絶やす,hayasu,tayasu,substitution
狭間,風間,hazama,kazama,substitution
葉月,酸漿,hazuki,hozuki,substitution
弾む,外す,hazumu,hazusu,substitution
弾む,歪む,hazumu,hizumu,substitution
へばる,へたる,hebaru,hetaru,substitution
へばる,粘る,hebaru,nebaru,substitution
平安,平板,heian,heiban,insertion
平安,併願,heian,heigan,insertion
平安,平坦,heian,heitan,insertion
平板,平凡,heiban,heibon,substitution
平板,併願,heiban,heigan,substitution
平板,平坦,heiban,heitan,substitution
平板,定番,heiban,teiban,substitution
平凡,平穏,heibon,heion,insertion
平凡,非凡,heibon,hibon,insertion
平地,平氏,heichi,heishi,substitution
平地,辺地,heichi,henchi,substitution
平地,聖地,heichi,seichi,substitution
平地,低地,heichi,teichi,substitution
閉園,平原,heien,heigen,insertion
閉園,平面,heien,heimen,insertion
閉園,平年,heien,heinen,insertion
併願,平原,heigan,heigen,substitution
併願,平坦,heigan,heitan,substitution
併願,彼岸,heigan,higan,insertion
併願,西岸,heigan,seigan,substitution
平原,平面,heigen,heimen,substitution
平原,平年,heigen,heinen,substitution
平原,名言,heigen,meigen,substitution
平原,冷厳,heigen,reigen,substitution
平明,平面,heimei,heimen,last_char_differs
平明,平静,heimei,heisei,substitution
平明,銘々,heimei,meimei,substitution
平明,清明,heimei,seimei,substitution
平面,平民,heimen,heimin,substitution
平面,平年,heimen,heinen,substitution
平面,底面,heimen,teimen,substitution
平年,例年,heinen,reinen,substitution
平年,成年,heinen,seinen,substitution
平年,定年,heinen,teinen,substitution
平静,平氏,heisei,heishi,substitution
平静,冷静,heisei,reisei,substitution
平静,訂正,heisei,teisei,substitution
弊社,平氏,heisha,heishi,last_char_differs
弊社,飛車,heisha,hisha,insertion
弊社,停車,heisha,teisha,substitution
平氏,皮脂,heishi,hishi,insertion
平氏,罫紙,heishi,keishi,substitution
平氏,名刺,heishi,meishi,substitution
平氏,精子,heishi,seishi,substitution
平氏,停止,heishi,teishi,substitution
平坦,冷淡,heitan,reitan,substitution
辺地,編著,henchi,hencho,last_char_differs
辺地,天地,henchi,tenchi,substitution
編著,返書,hencho,hensho,substitution
編著,本庁,hencho,honcho,substitution
編著,県鳥,hencho,kencho,substitution
編著,年長,hencho,nencho,substitution
編著,船長,hencho,sencho,substitution
編著,店長,hencho,tencho,substitution
編著,前兆,hencho,zencho,substitution
辺境,本拠,henkyo,honkyo,substitution
辺境,県境,henkyo,kenkyo,substitution
辺境,転居,henkyo,tenkyo,substitution
編入,練乳,hennyu,rennyu,substitution
編入,転入,hennyu,tennyu,substitution
扁平,辺鄙,henpei,henpi,insertion
辺鄙,返品,henpi,henpin,insertion
返品,片鱗,henpin,henrin,substitution
片鱗,年輪,henrin,nenrin,substitution
片鱗,前輪,henrin,zenrin,substitution
返済,編纂,hensai,hensan,last_char_differs
返済,編隊,hensai,hentai,substitution
返済,県債,hensai,kensai,substitution
返済,連載,hensai,rensai,substitution
返済,繊細,hensai,sensai,substitution
返済,天才,hensai,tensai,substitution
返済,前菜,hensai,zensai,substitution
返書,変種,hensho,henshu,last_char_differs
返書,返送,hensho,henso,insertion
返書,本書,hensho,honsho,substitution
返書,顕正,hensho,kensho,substitution
返書,年初,hensho,nensho,substitution
返書,連勝,hensho,rensho,substitution
返書,選書,hensho,sensho,substitution
返書,全書,hensho,zensho,substitution
変種,堅守,henshu,kenshu,substitution
変種,年収,henshu,nenshu,substitution
変種,練習,henshu,renshu,substitution
変種,船首,henshu,senshu,substitution
変種,天主,henshu,tenshu,substitution
変種,前週,henshu,zenshu,substitution
編隊,本隊,hentai,hontai,substitution
編隊,連隊,hentai,rentai,substitution
編隊,船体,hentai,sentai,substitution
編隊,天体,hentai,tentai,substitution
編隊,全体,hentai,zentai,substitution
篦,減らす,hera,herasu,prefix
減らす,照らす,herasu,terasu,substitution
舳先,穂先,hesaki,hosaki,substitution
舳先,毛先,hesaki,kesaki,substitution
舳先,目先,hesaki,mesaki,substitution
舳先,手先,hesaki,tesaki,substitution
臍,へその緒,heso,hesono,prefix
蔕,へたる,heta,hetaru,prefix
へたる,浸る,hetaru,hitaru,substitution
へたる,蛍,hetaru,hotaru,substitution
雲雀,左,hibari,hidari,substitution
雲雀,光,hibari,hikari,substitution
日々,響く,hibi,hibiku,prefix
響く,皮肉,hibiku,hiniku,substitution
日歩,火蓋,hibu,hibuta,prefix
襞,火種,hida,hidane,prefix
襞,左,hida,hidari,prefix
飛弾,火種,hidan,hidane,insertion
飛弾,師団,hidan,shidan,insertion
左,日照り,hidari,hideri,substitution
左,日取り,hidari,hidori,substitution
左,光,hidari,hikari,substitution
秘伝,市電,hiden,shiden,insertion
日照り,日取り,hideri,hidori,substitution
非道,日取り,hido,hidori,prefix
ひどい,日取り,hidoi,hidori,insertion
日取り,緑,hidori,midori,substitution
冷える,秘める,hieru,himeru,insertion
冷える,捻る,hieru,hineru,insertion
皮膚,被服,hifu,hifuku,prefix
被服,衣服,hifuku,ifuku,insertion
彼我,僻む,higa,higamu,prefix
彼我,日傘,higa,higasa,prefix
彼我,干潟,higa,higata,prefix
日傘,干潟,higasa,higata,substitution
干潟,日なた,higata,hinata,substitution
干潟,鋳型,higata,igata,insertion
髭,髭根,hige,higene,prefix
日頃,日ごと,higoro,higoto,substitution
日頃,身頃,higoro,migoro,substitution
日ごと,火元,higoto,himoto,substitution
日ごと,見事,higoto,migoto,substitution
ひぐま,昼間,higuma,hiruma,substitution
日偏,紙片,hihen,shihen,insertion
ひいき,ひじき,hiiki,hijiki,insertion
ひいき,非力,hiiki,hiriki,insertion
肘,ひじき,hiji,hijiki,prefix
肘,聖,hiji,hijiri,prefix
ひじき,聖,hijiki,hijiri,substitution
ひじき,非力,hijiki,hiriki,substitution
皮下,日影,hika,hikage,prefix
皮下,皮革,hika,hikaku,prefix
皮下,光,hika,hikari,prefix
皮革,被告,hikaku,hikoku,substitution
皮革,被膜,hikaku,himaku,substitution
皮革,披く,hikaku,hiraku,substitution
皮革,字画,hikaku,jikaku,substitution
皮革,企画,hikaku,kikaku,substitution
皮革,味覚,hikaku,mikaku,substitution
避寒,士官,hikan,shikan,insertion
光,錨,hikari,ikari,insertion
飛行機,被告,hikoki,hikoku,last_char_differs
飛行機,檜,hikoki,hinoki,substitution
被告,邦国,hikoku,hokoku,substitution
被告,異国,hikoku,ikoku,insertion
被告,時刻,hikoku,jikoku,substitution
被告,貴国,hikoku,kikoku,substitution
秘境,司教,hikyo,shikyo,insertion
飛球,四球,hikyu,shikyu,insertion
暇,ひ孫,hima,himago,prefix
暇,被膜,hima,himaku,prefix
被膜,披く,himaku,hiraku,substitution
被膜,字幕,himaku,jimaku,substitution
姫,秘める,hime,himeru,prefix
秘める,捻る,himeru,hineru,substitution
秘める,誉める,himeru,homeru,substitution
秘める,決める,himeru,kimeru,substitution
紐,干物,himo,himono,prefix
紐,火元,himo,himoto,prefix
干物,火元,himono,himoto,substitution
干物,鋳物,himono,imono,insertion
干物,着物,himono,kimono,substitution
干物,見物,himono,mimono,substitution
干物,煮物,himono,nimono,substitution
火元,妹,himoto,imoto,insertion
火元,地元,himoto,jimoto,substitution
雛,日なた,hina,hinata,prefix
日の出,火の気,hinode,hinoke,substitution
日の出,火の手,hinode,hinote,substitution
日の出,海星,hinode,hitode,substitution
日の出,二の腕,hinode,ninode,substitution
火の気,檜,hinoke,hinoki,last_char_differs
火の気,火の手,hinoke,hinote,substitution
火の気,日除け,hinoke,hiyoke,substitution
品詞,皮脂,hinshi,hishi,insertion
品詞,必至,hinshi,hisshi,substitution
品詞,本紙,hinshi,honshi,substitution
品詞,印紙,hinshi,inshi,insertion
品詞,人士,hinshi,jinshi,substitution
品詞,菌糸,hinshi,kinshi,substitution
平,披く,hira,hiraku,prefix
平,ひらめ,hira,hirame,prefix
平,平手,hira,hirate,prefix
平,平屋,hira,hiraya,prefix
披く,気楽,hiraku,kiraku,substitution
ひらめ,平手,hirame,hirate,substitution
広場,広間,hiroba,hiroma,substitution
広い,白い,hiroi,shiroi,insertion
広間,昼間,hiroma,hiruma,substitution
昼,昼げ,hiru,hiruge,prefix
昼,昼間,hiru,hiruma,prefix
昼,ひるむ,hiru,hirumu,prefix
昼,昼寝,hiru,hirune,prefix
昼げ,昼寝,hiruge,hirune,substitution
昼間,ひるむ,hiruma,hirumu,last_char_differs
ひるむ,歪む,hirumu,hizumu,substitution
肥料,飼料,hiryo,shiryo,insertion
被災,司祭,hisai,shisai,insertion
悲惨,筆算,hisan,hissan,insertion
悲惨,資産,hisan,shisan,insertion
飛車,筆者,hisha,hissha,insertion
飛車,使者,hisha,shisha,insertion
皮脂,必至,hishi,hisshi,insertion
皮脂,獅子,hishi,shishi,insertion
秘書,司書,hisho,shisho,insertion
砒素,密か,hiso,hisoka,prefix
砒素,潜む,hiso,hisomu,prefix
筆者,必至,hissha,hisshi,last_char_differs
筆者,必修,hissha,hisshu,last_char_differs
筆者,実写,hissha,jissha,substitution
必至,必修,hisshi,hisshu,last_char_differs
必至,十指,hisshi,jisshi,substitution
必至,日誌,hisshi,nisshi,substitution
必修,必須,hisshu,hissu,insertion
必修,実習,hisshu,jisshu,substitution
必修,立秋,hisshu,risshu,substitution
浸る,浸す,hitaru,hitasu,substitution
浸る,蛍,hitaru,hotaru,substitution
浸る,至る,hitaru,itaru,insertion
浸す,冷やす,hitasu,hiyasu,substitution
浸す,致す,hitasu,itasu,insertion
浸す,来す,hitasu,kitasu,substitution
浸す,満たす,hitasu,mitasu,substitution
飛天,支店,hiten,shiten,insertion
人,海星,hito,hitode,prefix
人,瞳,hito,hitomi,prefix
冷や,日焼け,hiya,hiyake,prefix
冷や,冷やす,hiya,hiyasu,prefix
日焼け,日除け,hiyake,hiyoke,substitution
冷やす,癒す,hiyasu,iyasu,insertion
冷やす,煮やす,hiyasu,niyasu,substitution
費用,日除け,hiyo,hiyoke,prefix
費用,ひよこ,hiyo,hiyoko,prefix
費用,ひ弱,hiyo,hiyowa,prefix
日除け,ひよこ,hiyoke,hiyoko,last_char_differs
ひ弱,気弱,hiyowa,kiyowa,substitution
日付け,蹄,hizuke,hizume,substitution
日付け,水気,hizuke,mizuke,substitution
蹄,歪む,hizume,hizumu,last_char_differs
蹄,字詰め,hizume,jizume,substitution
蹄,理詰め,hizume,rizume,substitution
庖丁,本庁,hocho,honcho,insertion
庖丁,小腸,hocho,shocho,insertion
砲弾,初段,hodan,shodan,insertion
歩道,解く,hodo,hodoku,prefix
解く,邦国,hodoku,hokoku,substitution
解く,孤独,hodoku,kodoku,substitution
解く,朗読,hodoku,rodoku,substitution
解く,届く,hodoku,todoku,substitution
吠える,誉める,hoeru,homeru,insertion
吠える,惚れる,hoeru,horeru,insertion
邦画,方角,hoga,hogaku,prefix
法外,生涯,hogai,shogai,insertion
方角,邦訳,hogaku,hoyaku,substitution
方角,工学,hogaku,kogaku,substitution
方角,もがく,hogaku,mogaku,substitution
方角,能楽,hogaku,nogaku,substitution
方角,奏楽,hogaku,sogaku,substitution
方角,洋学,hogaku,yogaku,substitution
砲丸,本願,hogan,hongan,insertion
捕逸,こいつ,hoitsu,koitsu,substitution
捕逸,統一,hoitsu,toitsu,substitution
法事,頬白,hoji,hojiro,prefix
法事,ほじる,hoji,hojiru,prefix
邦人,本陣,hojin,honjin,insertion
頬白,ほじる,hojiro,hojiru,last_char_differs
ほじる,抉る,hojiru,kojiru,substitution
ほじる,もじる,hojiru,mojiru,substitution
ほじる,綴じる,hojiru,tojiru,substitution
ほじる,捩る,hojiru,yojiru,substitution
砲火,放課後,hoka,hokago,prefix
方形,小径,hokei,shokei,insertion
保険,証券,hoken,shoken,insertion
北海,国会,hokkai,kokkai,substitution
発句,邦国,hokku,hokoku,insertion
芳香,邦国,hoko,hokoku,prefix
芳香,ほこら,hoko,hokora,prefix
芳香,埃,hoko,hokori,prefix
芳香,誇る,hoko,hokoru,prefix
邦国,誇る,hokoku,hokoru,substitution
邦国,広告,hokoku,kokoku,substitution
邦国,王国,hokoku,okoku,insertion
邦国,祖国,hokoku,sokoku,substitution
邦国,予告,hokoku,yokoku,substitution
ほこら,埃,hokora,hokori,last_char_differs
ほこら,誇る,hokora,hokoru,last_char_differs
ほこら,そこら,hokora,sokora,substitution
埃,誇る,hokori,hokoru,last_char_differs
埃,ほとり,hokori,hotori,substitution
誇る,残る,hokoru,nokoru,substitution
誇る,怒る,hokoru,okoru,insertion
ほくろ,北東,hokuro,hokuto,substitution
ほくろ,北洋,hokuro,hokuyo,substitution
ほくろ,轆轤,hokuro,rokuro,substitution
北東,北洋,hokuto,hokuyo,substitution
北東,黙祷,hokuto,mokuto,substitution
北東,即答,hokuto,sokuto,substitution
北東,続投,hokuto,zokuto,substitution
北洋,木曜,hokuyo,mokuyo,substitution
北洋,徳用,hokuyo,tokuyo,substitution
北洋,浴用,hokuyo,yokuyo,substitution
俸給,本給,hokyu,honkyu,insertion
俸給,初球,hokyu,shokyu,insertion
放漫,小満,homan,shoman,insertion
方面,表面,homen,hyomen,insertion
方面,正面,homen,shomen,insertion
誉める,惚れる,homeru,horeru,substitution
誉める,揉める,homeru,momeru,substitution
誉める,のめる,homeru,nomeru,substitution
誉める,染める,homeru,someru,substitution
誉める,止める,homeru,tomeru,substitution
翻案,本番,honan,honban,insertion
翻案,本願,honan,hongan,insertion
翻案,本館,honan,honkan,insertion
翻案,本欄,honan,honran,insertion
翻案,本山,honan,honzan,insertion
本場,本番,honba,honban,insertion
本番,本願,honban,hongan,substitution
本番,本館,honban,honkan,substitution
本番,本欄,honban,honran,substitution
本番,本山,honban,honzan,substitution
本番,今晩,honban,konban,substitution
本番,門番,honban,monban,substitution
本庁,本書,honcho,honsho,substitution
本庁,村長,honcho,soncho,substitution
本殿,芳年,honden,honen,insertion
本殿,本年,honden,honnen,substitution
本殿,本線,honden,honsen,substitution
本殿,本店,honden,honten,substitution
骨,骨身,hone,honemi,prefix
芳年,本年,honen,honnen,insertion
芳年,本線,honen,honsen,insertion
芳年,本店,honen,honten,insertion
芳年,少年,honen,shonen,insertion
本願,本館,hongan,honkan,substitution
本願,本欄,hongan,honran,substitution
本願,本山,hongan,honzan,substitution
本院,本陣,honin,honjin,insertion
本院,本人,honin,honnin,insertion
本院,上人,honin,shonin,insertion
本陣,本人,honjin,honnin,substitution
本陣,門人,honjin,monjin,substitution
本陣,恩人,honjin,onjin,insertion
本館,本欄,honkan,honran,substitution
本館,本山,honkan,honzan,substitution
本館,音感,honkan,onkan,insertion
本校,本拠,honko,honkyo,insertion
本拠,本給,honkyo,honkyu,last_char_differs
本拠,本名,honkyo,honmyo,substitution
本拠,音響,honkyo,onkyo,insertion
本給,本流,honkyu,honryu,substitution
本給,困窮,honkyu,konkyu,substitution
本給,恩給,honkyu,onkyu,insertion
本年,本人,honnen,honnin,substitution
本年,本線,honnen,honsen,substitution
本年,本店,honnen,honten,substitution
炎,ほのか,hono,honoka,prefix
本欄,本山,honran,honzan,substitution
本欄,混乱,honran,konran,substitution
本流,建立,honryu,konryu,substitution
本線,本店,honsen,honten,substitution
本線,保線,honsen,hosen,insertion
本線,温泉,honsen,onsen,insertion
本社,本紙,honsha,honshi,last_char_differs
本社,本書,honsha,honsho,last_char_differs
本社,論者,honsha,ronsha,substitution
本紙,本書,honshi,honsho,last_char_differs
本紙,星,honshi,hoshi,insertion
本紙,門歯,honshi,monshi,substitution
本紙,恩師,honshi,onshi,insertion
本紙,尊師,honshi,sonshi,substitution
本書,紋章,honsho,monsho,substitution
本書,温床,honsho,onsho,insertion
本隊,包帯,hontai,hotai,insertion
本隊,温帯,hontai,ontai,insertion
惚れる,漏れる,horeru,moreru,substitution
惚れる,折れる,horeru,oreru,insertion
惚れる,逸れる,horeru,soreru,substitution
惚れる,取れる,horeru,toreru,substitution
惚れる,縒れる,horeru,yoreru,substitution
幌,滅ぶ,horo,horobu,prefix
滅ぶ,転ぶ,horobu,korobu,substitution
捕虜,少量,horyo,shoryo,insertion
穂先,宝石,hosaki,hoseki,substitution
硼酸,硝酸,hosan,shosan,insertion
宝石,上席,hoseki,joseki,substitution
宝石,鉱石,hoseki,koseki,substitution
宝石,礎石,hoseki,soseki,substitution
宝石,投石,hoseki,toseki,substitution
保線,商船,hosen,shosen,insertion
星,欲しい,hoshi,hoshii,insertion
星,表紙,hoshi,hyoshi,insertion
星,諸氏,hoshi,shoshi,insertion
欲しい,惜しい,hoshii,oshii,insertion
法主,初秋,hoshu,shoshu,insertion
法曹,細腕,hoso,hosode,prefix
包帯,所帯,hotai,shotai,insertion
宝刀,仏,hoto,hotoke,prefix
宝刀,ほとり,hoto,hotori,prefix
ほとり,小鳥,hotori,kotori,substitution
ほとり,囮,hotori,otori,insertion
邦訳,助役,hoyaku,joyaku,substitution
邦訳,膏薬,hoyaku,koyaku,substitution
邦訳,農薬,hoyaku,noyaku,substitution
邦訳,要約,hoyaku,yoyaku,substitution
酸漿,頬擦り,hozuki,hozuri,substitution
氷柱,幼虫,hyochu,yochu,insertion
評伝,氷原,hyoden,hyogen,substitution
評伝,表面,hyoden,hyomen,substitution
氷原,表面,hyogen,hyomen,substitution
氷原,用言,hyogen,yogen,insertion
表皮,表紙,hyohi,hyoshi,insertion
氷海,教会,hyokai,kyokai,substitution
氷海,領海,hyokai,ryokai,substitution
氷海,妖怪,hyokai,yokai,insertion
ひょうきん,料金,hyokin,ryokin,substitution
ひょうきん,預金,hyokin,yokin,insertion
表面,両面,hyomen,ryomen,substitution
表紙,氷床,hyoshi,hyosho,last_char_differs
表紙,教師,hyoshi,kyoshi,substitution
表紙,両氏,hyoshi,ryoshi,substitution
表紙,洋紙,hyoshi,yoshi,insertion
氷床,表装,hyosho,hyoso,insertion
氷床,巨匠,hyosho,kyosho,substitution
氷床,良書,hyosho,ryosho,substitution
氷床,洋書,hyosho,yosho,insertion
瓢箪,氷山,hyotan,hyozan,substitution
瓢箪,両端,hyotan,ryotan,substitution
いびき,字引,ibiki,jibiki,insertion
いびき,忌引き,ibiki,kibiki,insertion
いびつ,異物,ibitsu,ibutsu,substitution
燻す,異物,ibusu,ibutsu,insertion
位置,市場,ichi,ichiba,prefix
位置,一部,ichi,ichibu,prefix
位置,一同,ichi,ichido,prefix
位置,苺,ichi,ichigo,prefix
位置,一隅,ichi,ichigu,prefix
位置,一員,ichi,ichiin,prefix
位置,一時,ichi,ichiji,prefix
位置,一女,ichi,ichijo,prefix
位置,一味,ichi,ichimi,prefix
位置,一夜,ichi,ichiya,prefix
位置,一様,ichi,ichiyo,prefix
位置,一座,ichi,ichiza,prefix
位置,一途,ichi,ichizu,prefix
市場,一部,ichiba,ichibu,last_char_differs
市場,一夜,ichiba,ichiya,substitution
市場,一座,ichiba,ichiza,substitution
市場,落ち葉,ichiba,ochiba,substitution
一部,一隅,ichibu,ichigu,substitution
一部,一途,ichibu,ichizu,substitution
一同,苺,ichido,ichigo,substitution
一同,一女,ichido,ichijo,substitution
一同,一様,ichido,ichiyo,substitution
一同,落ち度,ichido,ochido,substitution
苺,一隅,ichigo,ichigu,last_char_differs
苺,一女,ichigo,ichijo,substitution
苺,一様,ichigo,ichiyo,substitution
一隅,一途,ichigu,ichizu,substitution
一時,一女,ichiji,ichijo,last_char_differs
一時,一味,ichiji,ichimi,substitution
一女,一様,ichijo,ichiyo,substitution
一味,打ち身,ichimi,uchimi,substitution
一夜,一様,ichiya,ichiyo,last_char_differs
一夜,一座,ichiya,ichiza,substitution
一座,一途,ichiza,ichizu,last_char_differs
家元,妹,iemoto,imoto,insertion
家元,目元,iemoto,memoto,substitution
家元,根元,iemoto,nemoto,substitution
家元,手元,iemoto,temoto,substitution
家並み,毛並み,ienami,kenami,substitution
家並み,手並み,ienami,tenami,substitution
医学,器楽,igaku,kigaku,insertion
医学,磨く,igaku,migaku,insertion
医学,理学,igaku,rigaku,insertion
藺草,言い種,igusa,iigusa,insertion
以北,衣食,ihoku,ishoku,insertion
言い成り,稲荷,iinari,inari,insertion
言い成り,地鳴り,iinari,jinari,substitution
言い成り,生成,iinari,kinari,substitution
言い成り,身なり,iinari,minari,substitution
弄る,煮汁,ijiru,nijiru,insertion
意見,いけない,iken,ikenai,prefix
息む,力む,ikimu,rikimu,insertion
一行,一刻,ikko,ikkoku,prefix
一刻,異国,ikkoku,ikoku,insertion
一刻,医局,ikkoku,ikyoku,substitution
一挙,密教,ikkyo,mikkyo,insertion
一挙,陸橋,ikkyo,rikkyo,insertion
異国,医局,ikoku,ikyoku,insertion
異国,時刻,ikoku,jikoku,insertion
異国,貴国,ikoku,kikoku,insertion
異郷,医局,ikyo,ikyoku,prefix
異郷,異教徒,ikyo,ikyoto,prefix
医局,局,ikyoku,kyoku,insertion
異教徒,教徒,ikyoto,kyoto,insertion
鋳物,着物,imono,kimono,insertion
鋳物,見物,imono,mimono,insertion
鋳物,煮物,imono,nimono,insertion
妹,地元,imoto,jimoto,insertion
稲荷,地鳴り,inari,jinari,insertion
稲荷,生成,inari,kinari,insertion
稲荷,身なり,inari,minari,insertion
韻文,人文,inbun,jinbun,insertion
院長,近著,incho,kincho,insertion
隠元,人間,ingen,ningen,insertion
印鑑,金柑,inkan,kinkan,insertion
印鑑,民間,inkan,minkan,insertion
印鑑,林間,inkan,rinkan,insertion
陰険,近県,inken,kinken,insertion
命,後,inochi,nochi,insertion
祈る,実る,inoru,minoru,insertion
陰暦,隕石,inreki,inseki,substitution
院生,隕石,insei,inseki,insertion
院生,人生,insei,jinsei,insertion
院生,金星,insei,kinsei,insertion
隕石,遺跡,inseki,iseki,insertion
隕石,一夕,inseki,isseki,substitution
印紙,人士,inshi,jinshi,insertion
印紙,菌糸,inshi,kinshi,insertion
印章,臨床,insho,rinsho,insertion
因習,民衆,inshu,minshu,insertion
引退,人体,intai,jintai,insertion
引退,忍耐,intai,nintai,insertion
入れる,焦れる,ireru,jireru,insertion
入れる,切れる,ireru,kireru,insertion
諍い,境,isakai,sakai,insertion
遺作,自作,isaku,jisaku,insertion
遺作,気さく,isaku,kisaku,insertion
遺跡,一夕,iseki,isseki,insertion
遺跡,軌跡,iseki,kiseki,insertion
衣装,衣食,isho,ishoku,prefix
衣食,食,ishoku,shoku,insertion
一斉,一夕,issei,isseki,insertion
一線,実線,issen,jissen,insertion
一睡,生っ粋,issui,kissui,insertion
いたち,御立ち,itachi,otachi,substitution
いたち,太刀,itachi,tachi,insertion
致す,来す,itasu,kitasu,insertion
致す,満たす,itasu,mitasu,insertion
一帯,立体,ittai,rittai,insertion
曰く,木枠,iwaku,kiwaku,insertion
謂われ,地割れ,iware,jiware,insertion
鰯,鷲,iwashi,washi,insertion
医薬,既約,iyaku,kiyaku,insertion
癒す,煮やす,iyasu,niyasu,insertion
いずこ,水子,izuko,mizuko,insertion
居住居,泉,izumai,izumi,insertion
泉,湖,izumi,mizumi,insertion
邪険,じゃんけん,jaken,janken,insertion
じゃんけん,探検,janken,tanken,substitution
じゃれる,焦れる,jareru,jireru,substitution
じゃれる,枯れる,jareru,kareru,substitution
じゃれる,慣れる,jareru,nareru,substitution
じゃれる,垂れる,jareru,tareru,substitution
じゃれる,割れる,jareru,wareru,substitution
字引,忌引き,jibiki,kibiki,substitution
時分,人文,jibun,jinbun,insertion
時代,甚大,jidai,jindai,insertion
自画,地金,jiga,jigane,prefix
地金,気兼ね,jigane,kigane,substitution
爺さん,兄さん,jiisan,niisan,substitution
自家,字画,jika,jikaku,prefix
字画,時刻,jikaku,jikoku,substitution
字画,字幕,jikaku,jimaku,substitution
字画,自作,jikaku,jisaku,substitution
字画,自宅,jikaku,jitaku,substitution
字画,城郭,jikaku,jokaku,substitution
字画,企画,jikaku,kikaku,substitution
字画,味覚,jikaku,mikaku,substitution
次兄,実兄,jikei,jikkei,insertion
次兄,陣形,jikei,jinkei,insertion
実兄,陣形,jikkei,jinkei,substitution
自校,時刻,jiko,jikoku,prefix
時刻,貴国,jikoku,kikoku,substitution
字幕,自作,jimaku,jisaku,substitution
字幕,自宅,jimaku,jitaku,substitution
字幕,序幕,jimaku,jomaku,substitution
地鳴り,生成,jinari,kinari,substitution
地鳴り,身なり,jinari,minari,substitution
陣地,陣中,jinchi,jinchu,last_char_differs
陣地,人士,jinchi,jinshi,substitution
陣地,実地,jinchi,jitchi,substitution
陣地,任地,jinchi,ninchi,substitution
甚大,人体,jindai,jintai,substitution
甚大,人材,jindai,jinzai,substitution
甚大,近代,jindai,kindai,substitution
陣営,陣形,jinei,jinkei,insertion
陣営,人生,jinei,jinsei,insertion
陣形,人生,jinkei,jinsei,substitution
人類,菌類,jinrui,kinrui,substitution
人生,人士,jinsei,jinshi,substitution
人生,辞世,jinsei,jisei,insertion
人生,金星,jinsei,kinsei,substitution
人士,次姉,jinshi,jishi,insertion
人士,十指,jinshi,jisshi,substitution
人士,菌糸,jinshi,kinshi,substitution
人体,人材,jintai,jinzai,substitution
人体,字体,jintai,jitai,insertion
人体,忍耐,jintai,nintai,substitution
人材,自在,jinzai,jizai,insertion
焦らす,切らす,jirasu,kirasu,substitution
焦れる,切れる,jireru,kireru,substitution
時差,自作,jisa,jisaku,prefix
自作,自宅,jisaku,jitaku,substitution
自作,気さく,jisaku,kisaku,substitution
自選,実線,jisen,jissen,insertion
侍者,実写,jisha,jissha,insertion
次姉,地神,jishi,jishin,insertion
次姉,十指,jishi,jisshi,insertion
地神,重臣,jishin,jushin,substitution
地神,鰊,jishin,nishin,substitution
次週,実習,jishu,jisshu,insertion
実写,十指,jissha,jisshi,last_char_differs
実写,実習,jissha,jisshu,last_char_differs
十指,実習,jisshi,jisshu,last_char_differs
十指,日誌,jisshi,nisshi,substitution
実習,立秋,jisshu,risshu,substitution
自宅,住宅,jitaku,jutaku,substitution
自宅,帰宅,jitaku,kitaku,substitution
実地,立地,jitchi,ritchi,substitution
十手,実弟,jitte,jittei,insertion
実弟,日程,jittei,nittei,substitution
字詰め,理詰め,jizume,rizume,substitution
嬢ちゃん,父ちゃん,jochan,tochan,substitution
城壁,上席,joheki,joseki,substitution
城壁,擁壁,joheki,yoheki,substitution
城郭,序幕,jokaku,jomaku,substitution
城郭,上洛,jokaku,joraku,substitution
城郭,助役,jokaku,joyaku,substitution
城郭,口角,jokaku,kokaku,substitution
城郭,楼閣,jokaku,rokaku,substitution
序幕,上洛,jomaku,joraku,substitution
序幕,助役,jomaku,joyaku,substitution
序幕,鼓膜,jomaku,komaku,substitution
序幕,網膜,jomaku,momaku,substitution
縄文,上物,jomon,jomono,insertion
上物,小物,jomono,komono,substitution
上物,大物,jomono,omono,insertion
上洛,助役,joraku,joyaku,substitution
上洛,行楽,joraku,koraku,substitution
上洛,当落,joraku,toraku,substitution
女婿,上席,josei,joseki,insertion
上席,鉱石,joseki,koseki,substitution
上席,礎石,joseki,soseki,substitution
上席,投石,joseki,toseki,substitution
上体,大所帯,jotai,ojotai,insertion
除夜,定宿,joya,joyado,prefix
除夜,助役,joya,joyaku,prefix
助役,重役,joyaku,juyaku,substitution
助役,膏薬,joyaku,koyaku,substitution
助役,農薬,joyaku,noyaku,substitution
助役,要約,joyaku,yoyaku,substitution
重箱,巣箱,jubako,subako,substitution
襦袢,順番,juban,junban,insertion
重鎮,重臣,juchin,jushin,substitution
儒学,住宅,jugaku,jutaku,substitution
儒学,重役,jugaku,juyaku,substitution
儒学,苦学,jugaku,kugaku,substitution
儒学,数学,jugaku,sugaku,substitution
儒学,遊学,jugaku,yugaku,substitution
授業,巡業,jugyo,jungyo,insertion
住持,十字架,juji,jujika,prefix
縦貫,旬間,jukan,junkan,insertion
塾,熟語,juku,jukugo,prefix
樹木,重篤,jumoku,jutoku,substitution
柔軟,順番,junan,junban,insertion
柔軟,旬間,junan,junkan,insertion
順番,旬間,junban,junkan,substitution
住人,純金,junin,junkin,insertion
旬間,純金,junkan,junkin,substitution
準急,授乳,junkyu,junyu,insertion
準急,運休,junkyu,unkyu,insertion
純粋,雲水,junsui,unsui,insertion
樹脂,重臣,jushi,jushin,insertion
重臣,無心,jushin,mushin,substitution
住宅,重篤,jutaku,jutoku,substitution
住宅,重役,jutaku,juyaku,substitution
母さん,開山,kaasan,kaisan,substitution
母さん,閑散,kaasan,kansan,substitution
鞄,看板,kaban,kanban,insertion
花弁,簡便,kaben,kanben,insertion
華美,黴びる,kabi,kabiru,prefix
黴びる,被る,kabiru,kaburu,substitution
黴びる,限る,kabiru,kagiru,substitution
黴びる,齧る,kabiru,kajiru,substitution
黴びる,借りる,kabiru,kariru,substitution
黴びる,こびる,kabiru,kobiru,substitution
黴びる,詫びる,kabiru,wabiru,substitution
蕪,株価,kabu,kabuka,prefix
蕪,歌舞伎,kabu,kabuki,prefix
蕪,かぶら,kabu,kabura,prefix
蕪,被る,kabu,kaburu,prefix
蕪,兜,kabu,kabuto,prefix
株価,歌舞伎,kabuka,kabuki,last_char_differs
株価,かぶら,kabuka,kabura,substitution
株価,かすか,kabuka,kasuka,substitution
株価,目深,kabuka,mabuka,substitution
過分,回文,kabun,kaibun,insertion
過分,漢文,kabun,kanbun,insertion
かぶら,被る,kabura,kaburu,last_char_differs
かぶら,神楽,kabura,kagura,substitution
被る,掠る,kaburu,kasuru,substitution
被る,嬲る,kaburu,naburu,substitution
被る,破る,kaburu,yaburu,substitution
家長,会長,kacho,kaicho,insertion
家長,官庁,kacho,kancho,insertion
渦中,回虫,kachu,kaichu,insertion
課題,寛大,kadai,kandai,insertion
花壇,階段,kadan,kaidan,insertion
花壇,歓談,kadan,kandan,insertion
蛙,掛ける,kaeru,kakeru,insertion
蛙,兼ねる,kaeru,kaneru,insertion
蛙,枯れる,kaeru,kareru,insertion
替え歌,かるた,kaeuta,karuta,substitution
課外,鏡,kagai,kagami,insertion
課外,海外,kagai,kaigai,insertion
課外,お伺い,kagai,okagai,insertion
化学,屈む,kagaku,kagamu,substitution
化学,かがる,kagaku,kagaru,substitution
化学,価格,kagaku,kakaku,substitution
化学,佳作,kagaku,kasaku,substitution
化学,家宅,kagaku,kataku,substitution
化学,乾く,kagaku,kawaku,substitution
化学,火薬,kagaku,kayaku,substitution
化学,器楽,kagaku,kigaku,substitution
化学,工学,kagaku,kogaku,substitution
化学,苦学,kagaku,kugaku,substitution
化学,差額,kagaku,sagaku,substitution
化学,多額,kagaku,tagaku,substitution
化学,和学,kagaku,wagaku,substitution
化学,夜学,kagaku,yagaku,substitution
鏡,屈む,kagami,kagamu,last_char_differs
鏡,形見,kagami,katami,substitution
鏡,風見,kagami,kazami,substitution
鏡,我が身,kagami,wagami,substitution
屈む,かがる,kagamu,kagaru,substitution
屈む,絡む,kagamu,karamu,substitution
屈む,嵩む,kagamu,kasamu,substitution
かがる,限る,kagaru,kagiru,substitution
かがる,罹る,kagaru,kakaru,substitution
かがる,語る,kagaru,kataru,substitution
かがる,代わる,kagaru,kawaru,substitution
かがる,飾る,kagaru,kazaru,substitution
かがる,気軽,kagaru,kigaru,substitution
かがる,曲がる,kagaru,magaru,substitution
かがる,下がる,kagaru,sagaru,substitution
影,歌劇,kage,kageki,prefix
歌劇,枯れ木,kageki,kareki,substitution
歌劇,化石,kageki,kaseki,substitution
歌劇,喜劇,kageki,kigeki,substitution
歌劇,攻撃,kageki,kogeki,substitution
管弦,開眼,kagen,kaigen,insertion
鍵,限る,kagi,kagiru,prefix
限る,齧る,kagiru,kajiru,substitution
限る,借りる,kagiru,kariru,substitution
限る,たぎる,kagiru,tagiru,substitution
家具,神楽,kagu,kagura,prefix
神楽,矢倉,kagura,yagura,substitution
可変,改編,kahen,kaihen,insertion
回文,海軍,kaibun,kaigun,substitution
回文,海運,kaibun,kaiun,insertion
回文,漢文,kaibun,kanbun,substitution
回文,気分,kaibun,kibun,insertion
回文,祭文,kaibun,saibun,substitution
会長,回虫,kaicho,kaichu,last_char_differs
会長,介抱,kaicho,kaiho,insertion
会長,会所,kaicho,kaisho,substitution
会長,官庁,kaicho,kancho,substitution
会長,慶弔,kaicho,keicho,substitution
会長,機長,kaicho,kicho,insertion
会長,雷鳥,kaicho,raicho,substitution
会長,最長,kaicho,saicho,substitution
会長,隊長,kaicho,taicho,substitution
回虫,改宗,kaichu,kaishu,substitution
回虫,機中,kaichu,kichu,insertion
快打,階段,kaida,kaidan,insertion
階段,海岸,kaidan,kaigan,substitution
階段,会館,kaidan,kaikan,substitution
階段,海難,kaidan,kainan,substitution
階段,開山,kaidan,kaisan,substitution
階段,歓談,kaidan,kandan,substitution
階段,祭壇,kaidan,saidan,substitution
階段,退団,kaidan,taidan,substitution
開演,開眼,kaien,kaigen,insertion
開演,改編,kaien,kaihen,insertion
開演,海綿,kaien,kaimen,insertion
開演,回転,kaien,kaiten,insertion
絵画,海外,kaiga,kaigai,insertion
絵画,海岸,kaiga,kaigan,insertion
海外,海岸,kaigai,kaigan,last_char_differs
海外,会議,kaigai,kaigi,insertion
海外,買い食い,kaigai,kaigui,substitution
海外,傀儡,kaigai,kairai,substitution
海外,界隈,kaigai,kaiwai,substitution
海外,内外,kaigai,naigai,substitution
海外,災害,kaigai,saigai,substitution
海岸,開眼,kaigan,kaigen,substitution
海岸,海軍,kaigan,kaigun,substitution
海岸,会館,kaigan,kaikan,substitution
海岸,海難,kaigan,kainan,substitution
海岸,開山,kaigan,kaisan,substitution
海岸,祈願,kaigan,kigan,insertion
海岸,対岸,kaigan,taigan,substitution
開眼,海軍,kaigen,kaigun,substitution
開眼,改編,kaigen,kaihen,substitution
開眼,海綿,kaigen,kaimen,substitution
開眼,回転,kaigen,kaiten,substitution
開眼,期限,kaigen,kigen,insertion
開眼,際限,kaigen,saigen,substitution
開眼,体言,kaigen,taigen,substitution
会議,買い食い,kaigi,kaigui,insertion
買い食い,海軍,kaigui,kaigun,last_char_differs
買い食い,海水,kaigui,kaisui,substitution
海軍,海運,kaigun,kaiun,insertion
海軍,官軍,kaigun,kangun,substitution
海軍,大軍,kaigun,taigun,substitution
会派,会社,kaiha,kaisha,insertion
改編,海浜,kaihen,kaihin,substitution
改編,海綿,kaihen,kaimen,substitution
改編,回転,kaihen,kaiten,substitution
改編,木偏,kaihen,kihen,insertion
改編,大変,kaihen,taihen,substitution
会費,海浜,kaihi,kaihin,insertion
会費,開始,kaihi,kaishi,insertion
海浜,会員,kaihin,kaiin,insertion
海浜,怪人,kaihin,kaijin,substitution
海浜,皆勤,kaihin,kaikin,substitution
海浜,快眠,kaihin,kaimin,substitution
海浜,家臣,kaihin,kashin,substitution
海浜,景品,kaihin,keihin,substitution
海浜,貴賓,kaihin,kihin,insertion
海浜,来賓,kaihin,raihin,substitution
介抱,会所,kaiho,kaisho,insertion
海域,会期,kaiiki,kaiki,insertion
海域,買い置き,kaiiki,kaioki,substitution
海域,上期,kaiiki,kamiki,substitution
会員,飼い犬,kaiin,kaiinu,insertion
会員,怪人,kaiin,kaijin,insertion
会員,皆勤,kaiin,kaikin,insertion
会員,快眠,kaiin,kaimin,insertion
怪人,皆勤,kaijin,kaikin,substitution
怪人,快眠,kaijin,kaimin,substitution
怪人,家人,kaijin,kajin,insertion
怪人,漢人,kaijin,kanjin,substitution
怪人,雷神,kaijin,raijin,substitution
怪人,祭神,kaijin,saijin,substitution
階下,会館,kaika,kaikan,insertion
会館,皆勤,kaikan,kaikin,substitution
会館,海難,kaikan,kainan,substitution
会館,開山,kaikan,kaisan,substitution
会館,果敢,kaikan,kakan,insertion
会館,かんかん,kaikan,kankan,substitution
会館,警官,kaikan,keikan,substitution
会館,期間,kaikan,kikan,insertion
会館,細管,kaikan,saikan,substitution
会館,退官,kaikan,taikan,substitution
会期,皆勤,kaiki,kaikin,insertion
会期,買い置き,kaiki,kaioki,insertion
会期,上期,kaiki,kamiki,insertion
皆勤,快眠,kaikin,kaimin,substitution
皆勤,基金,kaikin,kikin,insertion
皆勤,細菌,kaikin,saikin,substitution
皆勤,大金,kaikin,taikin,substitution
蚕,海峡,kaiko,kaikyo,insertion
海峡,戒名,kaikyo,kaimyo,substitution
海峡,海洋,kaikyo,kaiyo,insertion
海峡,華僑,kaikyo,kakyo,insertion
海峡,環境,kaikyo,kankyo,substitution
海峡,桔梗,kaikyo,kikyo,insertion
海峡,最強,kaikyo,saikyo,substitution
階名,海綿,kaimei,kaimen,last_char_differs
階名,海嶺,kaimei,kairei,substitution
階名,改姓,kaimei,kaisei,substitution
階名,海底,kaimei,kaitei,substitution
階名,家名,kaimei,kamei,insertion
階名,簡明,kaimei,kanmei,substitution
階名,雷鳴,kaimei,raimei,substitution
海綿,快眠,kaimen,kaimin,substitution
海綿,回転,kaimen,kaiten,substitution
海綿,仮面,kaimen,kamen,insertion
海綿,体面,kaimen,taimen,substitution
快眠,仮眠,kaimin,kamin,insertion
戒名,海洋,kaimyo,kaiyo,insertion
戒名,軽妙,kaimyo,keimyo,substitution
戒名,奇妙,kaimyo,kimyo,insertion
下院,海難,kain,kainan,prefix
海難,開山,kainan,kaisan,substitution
傀儡,海嶺,kairai,kairei,substitution
傀儡,界隈,kairai,kaiwai,substitution
傀儡,辛い,kairai,karai,insertion
傀儡,機雷,kairai,kirai,insertion
海嶺,改姓,kairei,kaisei,substitution
海嶺,海底,kairei,kaitei,substitution
海嶺,寒冷,kairei,kanrei,substitution
海嶺,鰈,kairei,karei,insertion
海嶺,綺麗,kairei,kirei,insertion
海嶺,祭礼,kairei,sairei,substitution
回路,顔色,kairo,kaoiro,insertion
開山,閑散,kaisan,kansan,substitution
開山,計算,kaisan,keisan,substitution
開山,退散,kaisan,taisan,substitution
開山,財産,kaisan,zaisan,substitution
改姓,開始,kaisei,kaishi,substitution
改姓,海水,kaisei,kaisui,substitution
改姓,海底,kaisei,kaitei,substitution
改姓,閑静,kaisei,kansei,substitution
改姓,火星,kaisei,kasei,insertion
改姓,棋聖,kaisei,kisei,insertion
会社,開始,kaisha,kaishi,last_char_differs
会社,会所,kaisha,kaisho,last_char_differs
会社,改宗,kaisha,kaishu,last_char_differs
会社,官舎,kaisha,kansha,substitution
会社,貨車,kaisha,kasha,insertion
会社,滑車,kaisha,kassha,substitution
会社,汽車,kaisha,kisha,insertion
会社,大社,kaisha,taisha,substitution
開始,会所,kaishi,kaisho,last_char_differs
開始,改宗,kaishi,kaishu,last_char_differs
開始,海水,kaishi,kaisui,substitution
開始,漢詩,kaishi,kanshi,substitution
開始,樫,kaishi,kashi,insertion
開始,罫紙,kaishi,keishi,substitution
開始,岸,kaishi,kishi,insertion
開始,妻子,kaishi,saishi,substitution
開始,大使,kaishi,taishi,substitution
会所,改宗,kaisho,kaishu,last_char_differs
会所,海藻,kaisho,kaiso,insertion
会所,環礁,kaisho,kansho,substitution
会所,華商,kaisho,kasho,insertion
会所,軽少,kaisho,keisho,substitution
会所,記章,kaisho,kisho,insertion
会所,内緒,kaisho,naisho,substitution
会所,最初,kaisho,saisho,substitution
会所,大暑,kaisho,taisho,substitution
改宗,観衆,kaishu,kanshu,substitution
改宗,歌手,kaishu,kashu,insertion
改宗,旗手,kaishu,kishu,insertion
改宗,毎週,kaishu,maishu,substitution
改宗,来秋,kaishu,raishu,substitution
改宗,祭主,kaishu,saishu,substitution
改宗,大衆,kaishu,taishu,substitution
買い手,海底,kaite,kaitei,insertion
買い手,回転,kaite,kaiten,insertion
買い手,上手,kaite,kamite,insertion
買い手,借り手,kaite,karite,insertion
海底,回転,kaitei,kaiten,last_char_differs
海底,艦艇,kaitei,kantei,substitution
海底,家庭,kaitei,katei,insertion
海底,最低,kaitei,saitei,substitution
海底,大帝,kaitei,taitei,substitution
回転,寒天,kaiten,kanten,substitution
回転,加点,kaiten,katen,insertion
回転,基点,kaiten,kiten,insertion
回転,採点,kaiten,saiten,substitution
開通,勝つ,kaitsu,katsu,insertion
開通,こいつ,kaitsu,koitsu,substitution
会話,界隈,kaiwa,kaiwai,insertion
界隈,幸い,kaiwai,saiwai,substitution
舵,齧る,kaji,kajiru,prefix
家人,漢人,kajin,kanjin,insertion
齧る,借りる,kajiru,kariru,substitution
齧る,抉る,kajiru,kojiru,substitution
齧る,交じる,kajiru,majiru,substitution
齧る,詰る,kajiru,najiru,substitution
価格,罹る,kakaku,kakaru,substitution
価格,欠かす,kakaku,kakasu,substitution
価格,苛酷,kakaku,kakoku,substitution
価格,佳作,kakaku,kasaku,substitution
価格,家宅,kakaku,kataku,substitution
価格,乾く,kakaku,kawaku,substitution
価格,火薬,kakaku,kayaku,substitution
価格,企画,kakaku,kikaku,substitution
価格,口角,kakaku,kokaku,substitution
価格,区画,kakaku,kukaku,substitution
果敢,かんかん,kakan,kankan,insertion
係,罹る,kakari,kakaru,last_char_differs
係,盛り,kakari,sakari,substitution
罹る,欠かす,kakaru,kakasu,substitution
罹る,掛ける,kakaru,kakeru,substitution
罹る,語る,kakaru,kataru,substitution
罹る,代わる,kakaru,kawaru,substitution
罹る,飾る,kakaru,kazaru,substitution
罹る,たかる,kakaru,takaru,substitution
罹る,分かる,kakaru,wakaru,substitution
欠かす,隠す,kakasu,kakusu,substitution
欠かす,かます,kakasu,kamasu,substitution
欠かす,烏,kakasu,karasu,substitution
欠かす,躱す,kakasu,kawasu,substitution
欠かす,翳す,kakasu,kazasu,substitution
欠かす,転かす,kakasu,kokasu,substitution
欠かす,任す,kakasu,makasu,substitution
欠かす,中州,kakasu,nakasu,substitution
欠かす,沸かす,kakasu,wakasu,substitution
踵,辛党,kakato,karato,substitution
家系,関係,kakei,kankei,insertion
かけら,掛ける,kakera,kakeru,last_char_differs
掛ける,兼ねる,kakeru,kaneru,substitution
掛ける,枯れる,kakeru,kareru,substitution
掛ける,痩ける,kakeru,kokeru,substitution
掛ける,負ける,kakeru,makeru,substitution
掛ける,裂ける,kakeru,sakeru,substitution
掛ける,炊ける,kakeru,takeru,substitution
掛ける,分ける,kakeru,wakeru,substitution
掛ける,焼ける,kakeru,yakeru,substitution
柿,垣根,kaki,kakine,prefix
郭公,葛根,kakko,kakkon,insertion
葛根,結婚,kakkon,kekkon,substitution
葛根,昨今,kakkon,sakkon,substitution
河口,苛酷,kako,kakoku,prefix
河口,囲む,kako,kakomu,prefix
苛酷,囲む,kakoku,kakomu,substitution
苛酷,囲う,kakoku,kakou,insertion
苛酷,科目,kakoku,kamoku,substitution
苛酷,家屋,kakoku,kaoku,insertion
苛酷,家族,kakoku,kazoku,substitution
苛酷,貴国,kakoku,kikoku,substitution
苛酷,広告,kakoku,kokoku,substitution
囲む,囲う,kakomu,kakou,insertion
閣,覚悟,kaku,kakugo,prefix
閣,各派,kaku,kakuha,prefix
閣,隠す,kaku,kakusu,prefix
覚悟,国語,kakugo,kokugo,substitution
覚悟,落語,kakugo,rakugo,substitution
覚悟,訳語,kakugo,yakugo,substitution
隠す,亡くす,kakusu,nakusu,substitution
隠す,約数,kakusu,yakusu,substitution
華僑,環境,kakyo,kankyo,insertion
窯,竃,kama,kamado,prefix
窯,かます,kama,kamasu,prefix
かます,構う,kamasu,kamau,insertion
かます,醸す,kamasu,kamosu,substitution
かます,烏,kamasu,karasu,substitution
かます,躱す,kamasu,kawasu,substitution
かます,翳す,kamasu,kazasu,substitution
かます,なます,kamasu,namasu,substitution
かます,冷ます,kamasu,samasu,substitution
家名,簡明,kamei,kanmei,insertion
神,上期,kami,kamiki,prefix
神,上手,kami,kamite,prefix
神,上座,kami,kamiza,prefix
上期,並木,kamiki,namiki,substitution
上手,借り手,kamite,karite,substitution
上手,組み手,kamite,kumite,substitution
鴨,科目,kamo,kamoku,prefix
鴨,醸す,kamo,kamosu,prefix
科目,醸す,kamoku,kamosu,substitution
科目,家屋,kamoku,kaoku,insertion
科目,家族,kamoku,kazoku,substitution
家紋,関門,kamon,kanmon,insertion
金具,叶う,kanagu,kanau,insertion
家内,寛大,kanai,kandai,insertion
家内,兼ね合い,kanai,kaneai,insertion
家内,官界,kanai,kankai,insertion
家内,乾杯,kanai,kanpai,insertion
家内,簡裁,kanai,kansai,insertion
家内,寒帯,kanai,kantai,insertion
要,斜め,kaname,naname,substitution
看板,簡便,kanban,kanben,substitution
看板,漢文,kanban,kanbun,substitution
看板,歓談,kanban,kandan,substitution
看板,かんかん,kanban,kankan,substitution
看板,緩慢,kanban,kanman,substitution
看板,甲板,kanban,kanpan,substitution
看板,観覧,kanban,kanran,substitution
看板,閑散,kanban,kansan,substitution
看板,簡単,kanban,kantan,substitution
看板,鍵盤,kanban,kenban,substitution
看板,今晩,kanban,konban,substitution
簡便,漢文,kanben,kanbun,substitution
簡便,艦船,kanben,kansen,substitution
簡便,寒天,kanben,kanten,substitution
簡便,完全,kanben,kanzen,substitution
簡便,勤勉,kanben,kinben,substitution
幹部,漢文,kanbu,kanbun,insertion
漢文,官軍,kanbun,kangun,substitution
漢文,散文,kanbun,sanbun,substitution
漢文,単文,kanbun,tanbun,substitution
官庁,環礁,kancho,kansho,substitution
官庁,県鳥,kancho,kencho,substitution
官庁,近著,kancho,kincho,substitution
官庁,満潮,kancho,mancho,substitution
官庁,軟調,kancho,nancho,substitution
官庁,山頂,kancho,sancho,substitution
官庁,丹頂,kancho,tancho,substitution
寛大,歓談,kandai,kandan,last_char_differs
寛大,兼ね合い,kandai,kaneai,substitution
寛大,官界,kandai,kankai,substitution
寛大,乾杯,kandai,kanpai,substitution
寛大,簡裁,kandai,kansai,substitution
寛大,寒帯,kandai,kantai,substitution
寛大,近代,kandai,kindai,substitution
寛大,難題,kandai,nandai,substitution
寛大,短大,kandai,tandai,substitution
歓談,かんかん,kandan,kankan,substitution
歓談,緩慢,kandan,kanman,substitution
歓談,甲板,kandan,kanpan,substitution
歓談,観覧,kandan,kanran,substitution
歓談,閑散,kandan,kansan,substitution
歓談,簡単,kandan,kantan,substitution
歓談,漫談,kandan,mandan,substitution
鐘,兼ね合い,kane,kaneai,prefix
鐘,兼ねる,kane,kaneru,prefix
兼ね合い,官界,kaneai,kankai,substitution
兼ね合い,乾杯,kaneai,kanpai,substitution
兼ね合い,簡裁,kaneai,kansai,substitution
兼ね合い,寒帯,kaneai,kantai,substitution
兼ねる,枯れる,kaneru,kareru,substitution
兼ねる,捏ねる,kaneru,koneru,substitution
兼ねる,くねる,kaneru,kuneru,substitution
歓迎,関係,kangei,kankei,substitution
歓迎,簡明,kangei,kanmei,substitution
歓迎,寒冷,kangei,kanrei,substitution
歓迎,閑静,kangei,kansei,substitution
歓迎,艦艇,kangei,kantei,substitution
歓迎,関税,kangei,kanzei,substitution
蟹,果肉,kani,kaniku,prefix
果肉,管区,kaniku,kanku,insertion
果肉,狗肉,kaniku,kuniku,substitution
幹事,漢人,kanji,kanjin,insertion
漢人,賢人,kanjin,kenjin,substitution
冠状,彼女,kanjo,kanojo,insertion
官界,かんかん,kankai,kankan,last_char_differs
官界,関係,kankai,kankei,substitution
官界,乾季,kankai,kanki,insertion
官界,乾杯,kankai,kanpai,substitution
官界,簡裁,kankai,kansai,substitution
官界,寒帯,kankai,kantai,substitution
官界,金塊,kankai,kinkai,substitution
官界,今回,kankai,konkai,substitution
官界,満開,kankai,mankai,substitution
官界,南海,kankai,nankai,substitution
かんかん,緩慢,kankan,kanman,substitution
かんかん,甲板,kankan,kanpan,substitution
かんかん,観覧,kankan,kanran,substitution
かんかん,閑散,kankan,kansan,substitution
かんかん,簡単,kankan,kantan,substitution
かんかん,金柑,kankan,kinkan,substitution
かんかん,難関,kankan,nankan,substitution
かんかん,卵管,kankan,rankan,substitution
かんかん,山間,kankan,sankan,substitution
関係,乾季,kankei,kanki,insertion
関係,簡明,kankei,kanmei,substitution
関係,寒冷,kankei,kanrei,substitution
関係,閑静,kankei,kansei,substitution
関係,艦艇,kankei,kantei,substitution
関係,関税,kankei,kanzei,substitution
関係,県警,kankei,kenkei,substitution
関係,卵形,kankei,rankei,substitution
関係,山系,kankei,sankei,substitution
刊行,環境,kanko,kankyo,insertion
環境,干瓢,kankyo,kanpyo,substitution
環境,官僚,kankyo,kanryo,substitution
環境,寛容,kankyo,kanyo,insertion
環境,県境,kankyo,kenkyo,substitution
緩慢,関門,kanman,kanmon,substitution
緩慢,甲板,kanman,kanpan,substitution
緩慢,観覧,kanman,kanran,substitution
緩慢,閑散,kanman,kansan,substitution
緩慢,簡単,kanman,kantan,substitution
緩慢,散漫,kanman,sanman,substitution
簡明,寒冷,kanmei,kanrei,substitution
簡明,閑静,kanmei,kansei,substitution
簡明,艦艇,kanmei,kantei,substitution
簡明,関税,kanmei,kanzei,substitution
簡明,懸命,kanmei,kenmei,substitution
簡明,短命,kanmei,tanmei,substitution
関門,観音,kanmon,kannon,substitution
関門,漢音,kanmon,kanon,insertion
関門,刊本,kanmon,kanpon,substitution
関門,寒村,kanmon,kanson,substitution
関門,難問,kanmon,nanmon,substitution
関門,山門,kanmon,sanmon,substitution
観音,漢音,kannon,kanon,insertion
観音,刊本,kannon,kanpon,substitution
観音,寒村,kannon,kanson,substitution
可能,彼女,kano,kanojo,prefix
漢音,刊本,kanon,kanpon,insertion
漢音,寒村,kanon,kanson,insertion
乾杯,甲板,kanpai,kanpan,last_char_differs
乾杯,簡裁,kanpai,kansai,substitution
乾杯,寒帯,kanpai,kantai,substitution
乾杯,参拝,kanpai,sanpai,substitution
乾杯,惨敗,kanpai,zanpai,substitution
甲板,刊本,kanpan,kanpon,substitution
甲板,観覧,kanpan,kanran,substitution
甲板,閑散,kanpan,kansan,substitution
甲板,簡単,kanpan,kantan,substitution
甲板,活版,kanpan,kappan,substitution
甲板,残飯,kanpan,zanpan,substitution
官報,刊本,kanpo,kanpon,insertion
官報,干瓢,kanpo,kanpyo,insertion
刊本,寒村,kanpon,kanson,substitution
干瓢,官僚,kanpyo,kanryo,substitution
干瓢,寛容,kanpyo,kanyo,insertion
観覧,閑散,kanran,kansan,substitution
観覧,簡単,kanran,kantan,substitution
観覧,金蘭,kanran,kinran,substitution
観覧,混乱,kanran,konran,substitution
観覧,産卵,kanran,sanran,substitution
寒冷,官吏,kanrei,kanri,insertion
寒冷,感涙,kanrei,kanrui,substitution
寒冷,閑静,kanrei,kansei,substitution
寒冷,艦艇,kanrei,kantei,substitution
寒冷,関税,kanrei,kanzei,substitution
寒冷,鰈,kanrei,karei,insertion
寒冷,婚礼,kanrei,konrei,substitution
官吏,感涙,kanri,kanrui,insertion
甘露,官僚,kanro,kanryo,insertion
感涙,軽い,kanrui,karui,insertion
感涙,菌類,kanrui,kinrui,substitution
感涙,満塁,kanrui,manrui,substitution
感涙,残塁,kanrui,zanrui,substitution
官僚,寛容,kanryo,kanyo,insertion
簡裁,閑散,kansai,kansan,last_char_differs
簡裁,閑静,kansai,kansei,substitution
簡裁,漢詩,kansai,kanshi,substitution
簡裁,寒帯,kansai,kantai,substitution
簡裁,家裁,kansai,kasai,insertion
簡裁,県債,kansai,kensai,substitution
簡裁,山菜,kansai,sansai,substitution
閑散,艦船,kansan,kansen,substitution
閑散,寒村,kansan,kanson,substitution
閑散,簡単,kansan,kantan,substitution
閑散,炭酸,kansan,tansan,substitution
閑静,艦船,kansei,kansen,last_char_differs
閑静,漢詩,kansei,kanshi,substitution
閑静,艦艇,kansei,kantei,substitution
閑静,関税,kansei,kanzei,substitution
閑静,火星,kansei,kasei,insertion
閑静,牽制,kansei,kensei,substitution
閑静,金星,kansei,kinsei,substitution
閑静,混声,kansei,konsei,substitution
閑静,燻製,kansei,kunsei,substitution
閑静,南西,kansei,nansei,substitution
閑静,賛成,kansei,sansei,substitution
閑静,端正,kansei,tansei,substitution
艦船,寒村,kansen,kanson,substitution
艦船,寒天,kansen,kanten,substitution
艦船,完全,kansen,kanzen,substitution
艦船,河川,kansen,kasen,insertion
艦船,琴線,kansen,kinsen,substitution
艦船,難船,kansen,nansen,substitution
艦船,単線,kansen,tansen,substitution
官舎,漢詩,kansha,kanshi,last_char_differs
官舎,環礁,kansha,kansho,last_char_differs
官舎,観衆,kansha,kanshu,last_char_differs
官舎,貨車,kansha,kasha,insertion
官舎,滑車,kansha,kassha,substitution
漢詩,環礁,kanshi,kansho,last_char_differs
漢詩,観衆,kanshi,kanshu,last_char_differs
漢詩,樫,kanshi,kashi,insertion
漢詩,剣士,kanshi,kenshi,substitution
漢詩,菌糸,kanshi,kinshi,substitution
漢詩,君子,kanshi,kunshi,substitution
漢詩,卵子,kanshi,ranshi,substitution
漢詩,蚕糸,kanshi,sanshi,substitution
漢詩,端子,kanshi,tanshi,substitution
漢詩,残滓,kanshi,zanshi,substitution
環礁,観衆,kansho,kanshu,last_char_differs
環礁,間奏,kansho,kanso,insertion
環礁,華商,kansho,kasho,insertion
環礁,顕正,kansho,kensho,substitution
環礁,勲章,kansho,kunsho,substitution
環礁,難所,kansho,nansho,substitution
環礁,山椒,kansho,sansho,substitution
環礁,単勝,kansho,tansho,substitution
環礁,腕章,kansho,wansho,substitution
観衆,歌手,kanshu,kashu,insertion
観衆,堅守,kanshu,kenshu,substitution
観衆,今週,kanshu,konshu,substitution
観衆,君主,kanshu,kunshu,substitution
間奏,寒村,kanso,kanson,insertion
寒村,巻層雲,kanson,kenson,substitution
寒村,乱層雲,kanson,ranson,substitution
寒村,山村,kanson,sanson,substitution
寒帯,簡単,kantai,kantan,last_char_differs
寒帯,艦艇,kantai,kantei,substitution
寒帯,堅い,kantai,katai,insertion
寒帯,単体,kantai,tantai,substitution
簡単,寒天,kantan,kanten,substitution
簡単,下端,kantan,katan,insertion
簡単,南端,kantan,nantan,substitution
艦艇,寒天,kantei,kanten,last_char_differs
艦艇,関税,kantei,kanzei,substitution
艦艇,家庭,kantei,katei,insertion
艦艇,検定,kantei,kentei,substitution
艦艇,探偵,kantei,tantei,substitution
寒天,完全,kanten,kanzen,substitution
寒天,加点,kanten,katen,insertion
寒天,満点,kanten,manten,substitution
寒天,南天,kanten,nanten,substitution
関税,完全,kanzei,kanzen,last_char_differs
完全,健全,kanzen,kenzen,substitution
家屋,家族,kaoku,kazoku,insertion
河童,活版,kappa,kappan,insertion
河童,御河童,kappa,okappa,insertion
殻,体,kara,karada,prefix
殻,絡む,kara,karamu,prefix
殻,辛煮,kara,karani,prefix
殻,烏,kara,karasu,prefix
殻,空手,kara,karate,prefix
殻,辛党,kara,karato,prefix
辛い,辛煮,karai,karani,insertion
絡む,烏,karamu,karasu,substitution
絡む,嵩む,karamu,kasamu,substitution
絡む,眩む,karamu,kuramu,substitution
烏,躱す,karasu,kawasu,substitution
烏,翳す,karasu,kazasu,substitution
烏,切らす,karasu,kirasu,substitution
烏,凝らす,karasu,korasu,substitution
烏,暮らす,karasu,kurasu,substitution
烏,均す,karasu,narasu,substitution
烏,晒す,karasu,sarasu,substitution
烏,垂らす,karasu,tarasu,substitution
空手,辛党,karate,karato,last_char_differs
空手,借り手,karate,karite,substitution
空手,片手,karate,katate,substitution
彼,枯れ葉,kare,kareha,prefix
彼,枯れ木,kare,kareki,prefix
彼,枯れる,kare,kareru,prefix
鰈,枯れ木,karei,kareki,insertion
枯れ木,化石,kareki,kaseki,substitution
枯れる,借りる,kareru,kariru,substitution
枯れる,切れる,kareru,kireru,substitution
枯れる,くれる,kareru,kureru,substitution
枯れる,慣れる,kareru,nareru,substitution
枯れる,垂れる,kareru,tareru,substitution
枯れる,割れる,kareru,wareru,substitution
仮,借りる,kari,kariru,prefix
仮,借り手,kari,karite,prefix
借りる,懲りる,kariru,koriru,substitution
借りる,足りる,kariru,tariru,substitution
借り手,遺り手,karite,yarite,substitution
刈る,かるた,karu,karuta,prefix
かるた,丸太,karuta,maruta,substitution
傘,佳作,kasa,kasaku,prefix
傘,嵩む,kasa,kasamu,prefix
佳作,嵩む,kasaku,kasamu,substitution
佳作,家宅,kasaku,kataku,substitution
佳作,乾く,kasaku,kawaku,substitution
佳作,火薬,kasaku,kayaku,substitution
佳作,気さく,kasaku,kisaku,substitution
佳作,工作,kasaku,kosaku,substitution
嵩む,かすむ,kasamu,kasumu,substitution
火星,化石,kasei,kaseki,insertion
化石,軌跡,kaseki,kiseki,substitution
化石,鉱石,kaseki,koseki,substitution
化石,空席,kaseki,kuseki,substitution
化石,座席,kaseki,zaseki,substitution
貨車,滑車,kasha,kassha,insertion
貨車,きゃしゃ,kasha,kyasha,insertion
樫,家臣,kashi,kashin,insertion
家臣,庚申,kashin,koshin,substitution
家臣,野心,kashin,yashin,substitution
滑車,結社,kassha,kessha,substitution
滑車,達者,kassha,tassha,substitution
かす,かすか,kasu,kasuka,prefix
かす,かすむ,kasu,kasumu,prefix
かす,掠る,kasu,kasuru,prefix
かすむ,掠る,kasumu,kasuru,substitution
かすむ,くすむ,kasumu,kusumu,substitution
かすむ,休む,kasumu,yasumu,substitution
掠る,こする,kasuru,kosuru,substitution
掠る,擦る,kasuru,nasuru,substitution
掠る,さする,kasuru,sasuru,substitution
潟,堅気,kata,katagi,prefix
潟,片方,kata,kataho,prefix
潟,仇,kata,kataki,prefix
潟,家宅,kata,kataku,prefix
潟,形見,kata,katami,prefix
潟,刀,kata,katana,prefix
潟,語る,kata,kataru,prefix
潟,片手,kata,katate,prefix
堅気,堅い,katagi,katai,insertion
堅気,仇,katagi,kataki,substitution
堅気,形見,katagi,katami,substitution
堅い,仇,katai,kataki,insertion
堅い,形見,katai,katami,insertion
仇,家宅,kataki,kataku,last_char_differs
仇,形見,kataki,katami,substitution
仇,三和土,kataki,tataki,substitution
家宅,語る,kataku,kataru,substitution
家宅,乾く,kataku,kawaku,substitution
家宅,火薬,kataku,kayaku,substitution
家宅,帰宅,kataku,kitaku,substitution
家宅,光沢,kataku,kotaku,substitution
家宅,叩く,kataku,tataku,substitution
形見,風見,katami,kazami,substitution
形見,畳,katami,tatami,substitution
下端,刀,katan,katana,insertion
語る,代わる,kataru,kawaru,substitution
語る,飾る,kataru,kazaru,substitution
語る,たたる,kataru,tataru,substitution
語る,渡る,kataru,wataru,substitution
片手,勝手,katate,katte,insertion
勝つ,鰹,katsu,katsuo,insertion
勝つ,うかつ,katsu,ukatsu,insertion
川,乾く,kawa,kawaku,prefix
川,川面,kawa,kawamo,prefix
川,河原,kawa,kawara,prefix
川,代わる,kawa,kawaru,prefix
川,為替,kawa,kawase,prefix
川,躱す,kawa,kawasu,prefix
川,かわず,kawa,kawazu,prefix
乾く,代わる,kawaku,kawaru,substitution
乾く,躱す,kawaku,kawasu,substitution
乾く,かわず,kawaku,kawazu,substitution
乾く,火薬,kawaku,kayaku,substitution
乾く,木枠,kawaku,kiwaku,substitution
河原,代わる,kawara,kawaru,last_char_differs
河原,鰆,kawara,sawara,substitution
河原,俵,kawara,tawara,substitution
代わる,躱す,kawaru,kawasu,substitution
代わる,かわず,kawaru,kawazu,substitution
代わる,飾る,kawaru,kazaru,substitution
代わる,回る,kawaru,mawaru,substitution
代わる,触る,kawaru,sawaru,substitution
為替,躱す,kawase,kawasu,last_char_differs
躱す,かわず,kawasu,kawazu,substitution
躱す,翳す,kawasu,kazasu,substitution
躱す,壊す,kawasu,kowasu,substitution
躱す,回す,kawasu,mawasu,substitution
蚊帳,火薬,kaya,kayaku,prefix
火薬,既約,kayaku,kiyaku,substitution
火薬,膏薬,kayaku,koyaku,substitution
火薬,客,kayaku,kyaku,insertion
火薬,和訳,kayaku,wayaku,substitution
火曜,火曜日,kayo,kayobi,prefix
家財,風見,kazai,kazami,insertion
風間,風見,kazama,kazami,last_char_differs
飾る,翳す,kazaru,kazasu,substitution
飾る,交ざる,kazaru,mazaru,substitution
翳す,兆す,kazasu,kizasu,substitution
家族,貴族,kazoku,kizoku,substitution
家族,皇族,kazoku,kozoku,substitution
毛鉤,蹴鞠,kebari,kemari,substitution
毛鉤,目張り,kebari,mebari,substitution
軽便,敬虔,keiben,keiken,substitution
軽便,経線,keiben,keisen,substitution
慶弔,警報,keicho,keiho,insertion
慶弔,軽少,keicho,keisho,substitution
慶弔,県鳥,keicho,kencho,substitution
慶弔,結腸,keicho,ketcho,substitution
慶弔,機長,keicho,kicho,insertion
慶弔,名著,keicho,meicho,substitution
慶弔,成鳥,keicho,seicho,substitution
慶弔,丁重,keicho,teicho,substitution
境内,軽快,keidai,keikai,substitution
境内,携帯,keidai,keitai,substitution
境内,季題,keidai,kidai,insertion
境内,例題,keidai,reidai,substitution
境内,盛大,keidai,seidai,substitution
経費,景品,keihi,keihin,insertion
経費,罫紙,keihi,keishi,insertion
景品,競輪,keihin,keirin,substitution
景品,貴賓,keihin,kihin,insertion
景品,名品,keihin,meihin,substitution
景品,製品,keihin,seihin,substitution
警報,軽少,keiho,keisho,insertion
軽快,警官,keikai,keikan,last_char_differs
軽快,軽々,keikai,keikei,substitution
軽快,計器,keikai,keiki,insertion
軽快,携帯,keikai,keitai,substitution
軽快,器械,keikai,kikai,insertion
軽快,明快,keikai,meikai,substitution
軽快,例解,keikai,reikai,substitution
軽快,政界,keikai,seikai,substitution
警官,敬虔,keikan,keiken,substitution
警官,鶏卵,keikan,keiran,substitution
警官,計算,keikan,keisan,substitution
警官,期間,keikan,kikan,insertion
警官,霊感,keikan,reikan,substitution
警官,精悍,keikan,seikan,substitution
警官,税関,keikan,zeikan,substitution
軽々,敬虔,keikei,keiken,last_char_differs
軽々,計器,keikei,keiki,insertion
軽々,県警,keikei,kenkei,substitution
軽々,政経,keikei,seikei,substitution
軽々,定形,keikei,teikei,substitution
敬虔,経線,keiken,keisen,substitution
敬虔,棄権,keiken,kiken,insertion
軽妙,計量,keimyo,keiryo,substitution
軽妙,奇妙,keimyo,kimyo,insertion
鶏卵,競輪,keiran,keirin,substitution
鶏卵,計算,keiran,keisan,substitution
競輪,きりん,keirin,kirin,insertion
毛色,計量,keiro,keiryo,insertion
計量,渓流,keiryo,keiryu,last_char_differs
計量,明瞭,keiryo,meiryo,substitution
渓流,軽油,keiryu,keiyu,insertion
渓流,清流,keiryu,seiryu,substitution
計算,経線,keisan,keisen,substitution
計算,名産,keisan,meisan,substitution
計算,青酸,keisan,seisan,substitution
経線,汽船,keisen,kisen,insertion
経線,清泉,keisen,seisen,substitution
経線,停船,keisen,teisen,substitution
罫紙,軽少,keishi,keisho,last_char_differs
罫紙,剣士,keishi,kenshi,substitution
罫紙,芥子,keishi,keshi,insertion
罫紙,岸,keishi,kishi,insertion
罫紙,名刺,keishi,meishi,substitution
罫紙,精子,keishi,seishi,substitution
罫紙,停止,keishi,teishi,substitution
軽少,勁草,keisho,keiso,insertion
軽少,顕正,keisho,kensho,substitution
軽少,化粧,keisho,kesho,insertion
軽少,決勝,keisho,kessho,substitution
軽少,記章,keisho,kisho,insertion
軽少,名匠,keisho,meisho,substitution
軽少,聖書,keisho,seisho,substitution
携帯,気体,keitai,kitai,insertion
携帯,生体,keitai,seitai,substitution
欠航,結婚,kekko,kekkon,insertion
蹴鞠,煙,kemari,kemuri,substitution
獣,着物,kemono,kimono,substitution
獣,小物,kemono,komono,substitution
煙い,煙,kemui,kemuri,insertion
険悪,けなす,kenaku,kenasu,substitution
険悪,善悪,kenaku,zenaku,substitution
毛並み,手並み,kenami,tenami,substitution
けなす,こなす,kenasu,konasu,substitution
鍵盤,剣山,kenban,kenzan,substitution
鍵盤,今晩,kenban,konban,substitution
鍵盤,旋盤,kenban,senban,substitution
県鳥,顕正,kencho,kensho,substitution
県鳥,結腸,kencho,ketcho,substitution
県鳥,近著,kencho,kincho,substitution
県鳥,年長,kencho,nencho,substitution
県鳥,船長,kencho,sencho,substitution
県鳥,店長,kencho,tencho,substitution
県鳥,前兆,kencho,zencho,substitution
検印,賢人,kenin,kenjin,insertion
検印,献金,kenin,kenkin,insertion
検印,県民,kenin,kenmin,insertion
検事,賢人,kenji,kenjin,insertion
賢人,献金,kenjin,kenkin,substitution
賢人,県民,kenjin,kenmin,substitution
賢人,先人,kenjin,senjin,substitution
賢人,天神,kenjin,tenjin,substitution
賢人,全人,kenjin,zenjin,substitution
県警,懸命,kenkei,kenmei,substitution
県警,牽制,kenkei,kensei,substitution
県警,検定,kenkei,kentei,substitution
県警,線形,kenkei,senkei,substitution
県警,全景,kenkei,zenkei,substitution
献金,県民,kenkin,kenmin,substitution
献金,粘菌,kenkin,nenkin,substitution
健康,県境,kenko,kenkyo,insertion
県境,兼用,kenkyo,kenyo,insertion
県境,転居,kenkyo,tenkyo,substitution
懸命,牽制,kenmei,kensei,substitution
懸命,検定,kenmei,kentei,substitution
懸命,連盟,kenmei,renmei,substitution
懸命,鮮明,kenmei,senmei,substitution
懸命,天命,kenmei,tenmei,substitution
県連,健全,kenren,kenzen,substitution
県連,訓練,kenren,kunren,substitution
県連,洗練,kenren,senren,substitution
県債,牽制,kensai,kensei,substitution
県債,剣士,kensai,kenshi,substitution
県債,懸垂,kensai,kensui,substitution
県債,建材,kensai,kenzai,substitution
県債,連載,kensai,rensai,substitution
県債,繊細,kensai,sensai,substitution
県債,天才,kensai,tensai,substitution
県債,前菜,kensai,zensai,substitution
牽制,剣士,kensei,kenshi,substitution
牽制,懸垂,kensei,kensui,substitution
牽制,検定,kensei,kentei,substitution
牽制,金星,kensei,kinsei,substitution
牽制,混声,kensei,konsei,substitution
牽制,燻製,kensei,kunsei,substitution
牽制,先生,kensei,sensei,substitution
剣士,顕正,kenshi,kensho,last_char_differs
剣士,堅守,kenshi,kenshu,last_char_differs
剣士,懸垂,kenshi,kensui,substitution
剣士,芥子,kenshi,keshi,insertion
剣士,菌糸,kenshi,kinshi,substitution
剣士,君子,kenshi,kunshi,substitution
剣士,綿糸,kenshi,menshi,substitution
剣士,年始,kenshi,nenshi,substitution
剣士,天使,kenshi,tenshi,substitution
剣士,全市,kenshi,zenshi,substitution
顕正,堅守,kensho,kenshu,last_char_differs
顕正,化粧,kensho,kesho,insertion
顕正,決勝,kensho,kessho,substitution
顕正,勲章,kensho,kunsho,substitution
顕正,年初,kensho,nensho,substitution
顕正,連勝,kensho,rensho,substitution
顕正,選書,kensho,sensho,substitution
顕正,全書,kensho,zensho,substitution
堅守,今週,kenshu,konshu,substitution
堅守,君主,kenshu,kunshu,substitution
堅守,年収,kenshu,nenshu,substitution
堅守,練習,kenshu,renshu,substitution
堅守,船首,kenshu,senshu,substitution
堅守,天主,kenshu,tenshu,substitution
堅守,前週,kenshu,zenshu,substitution
懸垂,泉水,kensui,sensui,substitution
検定,決定,kentei,kettei,substitution
検定,船艇,kentei,sentei,substitution
検定,前庭,kentei,zentei,substitution
毛抜,手抜き,kenuki,tenuki,substitution
建材,剣山,kenzai,kenzan,last_char_differs
建材,前栽,kenzai,senzai,substitution
建材,善哉,kenzai,zenzai,substitution
剣山,健全,kenzan,kenzen,substitution
剣山,連山,kenzan,renzan,substitution
健全,面前,kenzen,menzen,substitution
袈裟,毛先,kesa,kesaki,prefix
毛先,欅,kesaki,keyaki,substitution
毛先,后,kesaki,kisaki,substitution
毛先,草木,kesaki,kusaki,substitution
毛先,目先,kesaki,mesaki,substitution
毛先,手先,kesaki,tesaki,substitution
化粧,決勝,kesho,kessho,insertion
結社,決勝,kessha,kessho,last_char_differs
結社,列車,kessha,ressha,substitution
決勝,熱唱,kessho,nessho,substitution
決勝,摂政,kessho,sessho,substitution
結腸,絶頂,ketcho,zetcho,substitution
決定,設定,kettei,settei,substitution
決定,徹底,kettei,tettei,substitution
牙,木箱,kiba,kibako,prefix
木箱,黄な粉,kibako,kinako,substitution
機微,忌引き,kibi,kibiki,prefix
忌引き,軛,kibiki,kubiki,substitution
希望,木彫り,kibo,kibori,prefix
木彫り,きこり,kibori,kikori,substitution
木彫り,気乗り,kibori,kinori,substitution
基地,気落ち,kichi,kiochi,insertion
機長,近著,kicho,kincho,insertion
季題,近代,kidai,kindai,insertion
消える,決める,kieru,kimeru,insertion
消える,切れる,kieru,kireru,insertion
消える,着せる,kieru,kiseru,insertion
来掛け,器楽,kigake,kigaku,last_char_differs
来掛け,気兼ね,kigake,kigane,substitution
器楽,気軽,kigaku,kigaru,substitution
器楽,希薄,kigaku,kihaku,substitution
器楽,企画,kigaku,kikaku,substitution
器楽,気楽,kigaku,kiraku,substitution
器楽,気さく,kigaku,kisaku,substitution
器楽,帰宅,kigaku,kitaku,substitution
器楽,木枠,kigaku,kiwaku,substitution
器楽,既約,kigaku,kiyaku,substitution
器楽,工学,kigaku,kogaku,substitution
器楽,苦学,kigaku,kugaku,substitution
器楽,磨く,kigaku,migaku,substitution
器楽,理学,kigaku,rigaku,substitution
祈願,気兼ね,kigan,kigane,insertion
気兼ね,こがね,kigane,kogane,substitution
気軽,決まる,kigaru,kimaru,substitution
気軽,身軽,kigaru,migaru,substitution
気軽,苦る,kigaru,nigaru,substitution
喜劇,軌跡,kigeki,kiseki,substitution
喜劇,汽笛,kigeki,kiteki,substitution
喜劇,攻撃,kigeki,kogeki,substitution
木々,木切れ,kigi,kigire,prefix
希薄,企画,kihaku,kikaku,substitution
希薄,気楽,kihaku,kiraku,substitution
希薄,気さく,kihaku,kisaku,substitution
希薄,帰宅,kihaku,kitaku,substitution
希薄,木枠,kihaku,kiwaku,substitution
希薄,既約,kihaku,kiyaku,substitution
希薄,琥珀,kihaku,kohaku,substitution
希薄,空白,kihaku,kuhaku,substitution
黄色,金色,kiiro,kiniro,insertion
喜寿,起重機,kiju,kijuki,prefix
幾何,企画,kika,kikaku,prefix
器械,金塊,kikai,kinkai,insertion
企画,貴国,kikaku,kikoku,substitution
企画,気楽,kikaku,kiraku,substitution
企画,気さく,kikaku,kisaku,substitution
企画,帰宅,kikaku,kitaku,substitution
企画,木枠,kikaku,kiwaku,substitution
企画,既約,kikaku,kiyaku,substitution
企画,口角,kikaku,kokaku,substitution
企画,区画,kikaku,kukaku,substitution
企画,味覚,kikaku,mikaku,substitution
期間,金柑,kikan,kinkan,insertion
棄権,近県,kiken,kinken,insertion
気孔,貴国,kiko,kikoku,prefix
気孔,きこり,kiko,kikori,prefix
貴国,記憶,kikoku,kioku,insertion
貴国,記録,kikoku,kiroku,substitution
貴国,規則,kikoku,kisoku,substitution
貴国,貴族,kikoku,kizoku,substitution
貴国,広告,kikoku,kokoku,substitution
きこり,気乗り,kikori,kinori,substitution
気球,緊急,kikyu,kinkyu,insertion
決まる,決める,kimaru,kimeru,substitution
決まる,困る,kimaru,komaru,substitution
決める,切れる,kimeru,kireru,substitution
決める,着せる,kimeru,kiseru,substitution
肝,着物,kimo,kimono,prefix
鬼門,着物,kimon,kimono,insertion
着物,小物,kimono,komono,substitution
着物,見物,kimono,mimono,substitution
着物,煮物,kimono,nimono,substitution
黄な粉,金鉱,kinako,kinko,insertion
黄な粉,茸,kinako,kinoko,substitution
生成,気乗り,kinari,kinori,substitution
生成,金利,kinari,kinri,insertion
生成,身なり,kinari,minari,substitution
勤勉,祈念,kinben,kinen,insertion
勤勉,近県,kinben,kinken,substitution
勤勉,近年,kinben,kinnen,substitution
勤勉,近辺,kinben,kinpen,substitution
勤勉,琴線,kinben,kinsen,substitution
勤勉,人偏,kinben,ninben,substitution
近代,金塊,kindai,kinkai,substitution
近代,近来,kindai,kinrai,substitution
祈念,近県,kinen,kinken,insertion
祈念,近年,kinen,kinnen,insertion
祈念,近辺,kinen,kinpen,insertion
祈念,琴線,kinen,kinsen,insertion
金銀,金品,kingin,kinpin,substitution
金銀,近隣,kingin,kinrin,substitution
金魚,金曜,kingyo,kinyo,insertion
金魚,人魚,kingyo,ningyo,substitution
金色,紺色,kiniro,koniro,substitution
金貨,金塊,kinka,kinkai,insertion
金貨,金柑,kinka,kinkan,insertion
金塊,金柑,kinkai,kinkan,last_char_differs
金塊,近来,kinkai,kinrai,substitution
金塊,今回,kinkai,konkai,substitution
金塊,臨海,kinkai,rinkai,substitution
金柑,近県,kinkan,kinken,substitution
金柑,金蘭,kinkan,kinran,substitution
金柑,民間,kinkan,minkan,substitution
金柑,林間,kinkan,rinkan,substitution
近県,近年,kinken,kinnen,substitution
近県,近辺,kinken,kinpen,substitution
近県,琴線,kinken,kinsen,substitution
金鉱,茸,kinko,kinoko,insertion
緊急,困窮,kinkyu,konkyu,substitution
近年,近辺,kinnen,kinpen,substitution
近年,琴線,kinnen,kinsen,substitution
昨日,茸,kino,kinoko,prefix
昨日,気乗り,kino,kinori,prefix
気乗り,金利,kinori,kinri,insertion
近辺,金品,kinpen,kinpin,substitution
近辺,金粉,kinpen,kinpun,substitution
近辺,琴線,kinpen,kinsen,substitution
金品,金粉,kinpin,kinpun,substitution
金品,近隣,kinpin,kinrin,substitution
金粉,鱗粉,kinpun,rinpun,substitution
近来,金蘭,kinrai,kinran,last_char_differs
近来,金利,kinrai,kinri,insertion
近来,菌類,kinrai,kinrui,substitution
近来,機雷,kinrai,kirai,insertion
金蘭,近隣,kinran,kinrin,substitution
金蘭,混乱,kinran,konran,substitution
金利,近隣,kinri,kinrin,insertion
金利,菌類,kinri,kinrui,insertion
近隣,きりん,kinrin,kirin,insertion
金星,琴線,kinsei,kinsen,last_char_differs
金星,菌糸,kinsei,kinshi,substitution
金星,棋聖,kinsei,kisei,insertion
金星,混声,kinsei,konsei,substitution
金星,燻製,kinsei,kunsei,substitution
琴線,汽船,kinsen,kisen,insertion
菌糸,岸,kinshi,kishi,insertion
菌糸,君子,kinshi,kunshi,substitution
絹,気抜け,kinu,kinuke,prefix
絹,砧,kinu,kinuta,prefix
気落ち,耕地,kiochi,kochi,insertion
記憶,記録,kioku,kiroku,insertion
記憶,規則,kioku,kisoku,insertion
記憶,貴族,kioku,kizoku,insertion
気楽,切らす,kiraku,kirasu,substitution
気楽,嫌う,kiraku,kirau,insertion
気楽,記録,kiraku,kiroku,substitution
気楽,気さく,kiraku,kisaku,substitution
気楽,帰宅,kiraku,kitaku,substitution
気楽,木枠,kiraku,kiwaku,substitution
気楽,既約,kiraku,kiyaku,substitution
気楽,行楽,kiraku,koraku,substitution
切らす,嫌う,kirasu,kirau,insertion
切らす,来す,kirasu,kitasu,substitution
切らす,兆す,kirasu,kizasu,substitution
切らす,凝らす,kirasu,korasu,substitution
切らす,暮らす,kirasu,kurasu,substitution
綺麗,切れ字,kirei,kireji,insertion
切れる,着せる,kireru,kiseru,substitution
切れる,くれる,kireru,kureru,substitution
桐,切り身,kiri,kirimi,prefix
岐路,記録,kiro,kiroku,prefix
記録,規則,kiroku,kisoku,substitution
記録,貴族,kiroku,kizoku,substitution
后,気さく,kisaki,kisaku,last_char_differs
后,軌跡,kisaki,kiseki,substitution
后,草木,kisaki,kusaki,substitution
后,岬,kisaki,misaki,substitution
后,老い先,kisaki,oisaki,substitution
気さく,規則,kisaku,kisoku,substitution
気さく,帰宅,kisaku,kitaku,substitution
気さく,木枠,kisaku,kiwaku,substitution
気さく,既約,kisaku,kiyaku,substitution
気さく,工作,kisaku,kosaku,substitution
棋聖,軌跡,kisei,kiseki,insertion
軌跡,汽笛,kiseki,kiteki,substitution
軌跡,鉱石,kiseki,koseki,substitution
軌跡,空席,kiseki,kuseki,substitution
着せる,見せる,kiseru,miseru,substitution
着せる,似せる,kiseru,niseru,substitution
起草,規則,kiso,kisoku,prefix
規則,競う,kisoku,kisou,insertion
規則,貴族,kisoku,kizoku,substitution
規則,校則,kisoku,kosoku,substitution
規則,利息,kisoku,risoku,substitution
生っ粋,きつい,kissui,kitsui,substitution
北,帰宅,kita,kitaku,prefix
北,来す,kita,kitasu,prefix
帰宅,来す,kitaku,kitasu,substitution
帰宅,木枠,kitaku,kiwaku,substitution
帰宅,既約,kitaku,kiyaku,substitution
帰宅,光沢,kitaku,kotaku,substitution
来す,兆す,kitasu,kizasu,substitution
来す,満たす,kitasu,mitasu,substitution
汽笛,好適,kiteki,koteki,substitution
木枠,既約,kiwaku,kiyaku,substitution
既約,膏薬,kiyaku,koyaku,substitution
既約,客,kiyaku,kyaku,insertion
紀要,気弱,kiyo,kiyowa,prefix
きざ,刻む,kiza,kizamu,prefix
きざ,兆す,kiza,kizasu,prefix
刻む,兆す,kizamu,kizasu,substitution
貴族,築く,kizoku,kizuku,substitution
貴族,皇族,kizoku,kozoku,substitution
絆,水菜,kizuna,mizuna,substitution
鋼板,今晩,koban,konban,insertion
小旗,小形,kobata,kogata,substitution
小旗,炉端,kobata,robata,substitution
こびる,抉る,kobiru,kojiru,substitution
こびる,懲りる,kobiru,koriru,substitution
こびる,伸びる,kobiru,nobiru,substitution
酵母,高木,kobo,koboku,prefix
酵母,零す,kobo,kobosu,prefix
高木,零す,koboku,kobosu,substitution
高木,孤独,koboku,kodoku,substitution
高木,広告,koboku,kokoku,substitution
高木,校則,koboku,kosoku,substitution
高木,皇族,koboku,kozoku,substitution
高木,老木,koboku,roboku,substitution
高木,素朴,koboku,soboku,substitution
子分,小舟,kobun,kobune,insertion
小振り,大振り,koburi,oburi,insertion
小振り,素振り,koburi,soburi,substitution
校長,共著,kocho,kyocho,insertion
好打,木霊,koda,kodama,prefix
古代,兄弟,kodai,kyodai,insertion
公団,凶弾,kodan,kyodan,insertion
公道,小道具,kodo,kodogu,prefix
公道,孤独,kodo,kodoku,prefix
公道,子供,kodo,kodomo,prefix
公道,小躍り,kodo,kodori,prefix
小道具,孤独,kodogu,kodoku,substitution
小道具,大道具,kodogu,odogu,insertion
孤独,広告,kodoku,kokoku,substitution
孤独,校則,kodoku,kosoku,substitution
孤独,皇族,kodoku,kozoku,substitution
孤独,功徳,kodoku,kudoku,substitution
孤独,朗読,kodoku,rodoku,substitution
孤独,届く,kodoku,todoku,substitution
子供,衣,kodomo,koromo,substitution
小躍り,蝙蝠,kodori,komori,substitution
小躍り,小鳥,kodori,kotori,substitution
小躍り,紙撚り,kodori,koyori,substitution
小躍り,大通り,kodori,odori,insertion
小躍り,頭取,kodori,todori,substitution
校風,幸福,kofu,kofuku,prefix
幸福,空腹,kofuku,kufuku,substitution
幸福,往復,kofuku,ofuku,insertion
幸福,洋服,kofuku,yofuku,substitution
工学,焦がす,kogaku,kogasu,substitution
工学,琥珀,kogaku,kohaku,substitution
工学,口角,kogaku,kokaku,substitution
工学,鼓膜,kogaku,komaku,substitution
工学,行楽,kogaku,koraku,substitution
工学,工作,kogaku,kosaku,substitution
工学,光沢,kogaku,kotaku,substitution
工学,膏薬,kogaku,koyaku,substitution
工学,苦学,kogaku,kugaku,substitution
工学,もがく,kogaku,mogaku,substitution
工学,能楽,kogaku,nogaku,substitution
工学,奏楽,kogaku,sogaku,substitution
工学,洋学,kogaku,yogaku,substitution
湖岸,こがね,kogan,kogane,insertion
小柄,小形,kogara,kogata,substitution
小柄,大柄,kogara,ogara,insertion
焦がす,転かす,kogasu,kokasu,substitution
焦がす,こなす,kogasu,konasu,substitution
焦がす,凝らす,kogasu,korasu,substitution
焦がす,壊す,kogasu,kowasu,substitution
焦がす,肥やす,kogasu,koyasu,substitution
焦がす,逃す,kogasu,nogasu,substitution
小形,大形,kogata,ogata,insertion
工芸,攻撃,kogei,kogeki,insertion
攻撃,鉱石,kogeki,koseki,substitution
攻撃,好適,kogeki,koteki,substitution
焦げる,痩ける,kogeru,kokeru,substitution
焦げる,捏ねる,kogeru,koneru,substitution
焦げる,もげる,kogeru,mogeru,substitution
焦げる,そげる,kogeru,sogeru,substitution
焦げる,遂げる,kogeru,togeru,substitution
小幅,大幅,kohaba,ohaba,insertion
琥珀,口角,kohaku,kokaku,substitution
琥珀,鼓膜,kohaku,komaku,substitution
琥珀,行楽,kohaku,koraku,substitution
琥珀,工作,kohaku,kosaku,substitution
琥珀,光沢,kohaku,kotaku,substitution
琥珀,膏薬,kohaku,koyaku,substitution
琥珀,空白,kohaku,kuhaku,substitution
琥珀,蒼白,kohaku,sohaku,substitution
琥珀,余白,kohaku,yohaku,substitution
こいつ,交通,koitsu,kotsu,insertion
こいつ,統一,koitsu,toitsu,substitution
麹,孤児院,koji,kojiin,prefix
麹,抉る,koji,kojiru,prefix
孤児院,公人,kojiin,kojin,insertion
公人,巨人,kojin,kyojin,insertion
抉る,懲りる,kojiru,koriru,substitution
抉る,もじる,kojiru,mojiru,substitution
抉る,綴じる,kojiru,tojiru,substitution
抉る,捩る,kojiru,yojiru,substitution
硬貨,木陰,koka,kokage,prefix
硬貨,口角,koka,kokaku,prefix
硬貨,転かす,koka,kokasu,prefix
木陰,お陰,kokage,okage,insertion
公海,国会,kokai,kokkai,insertion
公海,今回,kokai,konkai,insertion
公海,教会,kokai,kyokai,insertion
口角,転かす,kokaku,kokasu,substitution
口角,広告,kokaku,kokoku,substitution
口角,鼓膜,kokaku,komaku,substitution
口角,行楽,kokaku,koraku,substitution
口角,工作,kokaku,kosaku,substitution
口角,光沢,kokaku,kotaku,substitution
口角,膏薬,kokaku,koyaku,substitution
口角,区画,kokaku,kukaku,substitution
口角,楼閣,kokaku,rokaku,substitution
公館,教官,kokan,kyokan,insertion
転かす,こなす,kokasu,konasu,substitution
転かす,凝らす,kokasu,korasu,substitution
転かす,壊す,kokasu,kowasu,substitution
転かす,肥やす,kokasu,koyasu,substitution
転かす,侵す,kokasu,okasu,insertion
転かす,溶かす,kokasu,tokasu,substitution
苔,痩ける,koke,kokeru,prefix
光景,国警,kokei,kokkei,insertion
高検,黒鉛,koken,kokuen,insertion
高検,強肩,koken,kyoken,insertion
痩ける,捏ねる,kokeru,koneru,substitution
痩ける,儲ける,kokeru,mokeru,substitution
痩ける,のける,kokeru,nokeru,substitution
痩ける,溶ける,kokeru,tokeru,substitution
痩ける,よける,kokeru,yokeru,substitution
公金,刻印,kokin,kokuin,insertion
国花,国会,kokka,kokkai,insertion
国会,国警,kokkai,kokkei,substitution
国会,国旗,kokkai,kokki,insertion
国会,今回,kokkai,konkai,substitution
国警,国旗,kokkei,kokki,insertion
国庫,国境,kokko,kokkyo,insertion
国境,皇居,kokkyo,kokyo,insertion
国境,屈強,kokkyo,kukkyo,substitution
国境,即興,kokkyo,sokkyo,substitution
口腔,広告,koko,kokoku,prefix
口腔,心,koko,kokoro,prefix
広告,校則,kokoku,kosoku,substitution
広告,皇族,kokoku,kozoku,substitution
広告,王国,kokoku,okoku,insertion
広告,祖国,kokoku,sokoku,substitution
広告,予告,kokoku,yokoku,substitution
心,所,kokoro,tokoro,substitution
心,溶鉱炉,kokoro,yokoro,substitution
高空,国道,koku,kokudo,prefix
高空,黒鉛,koku,kokuen,prefix
高空,国技,koku,kokugi,prefix
高空,国語,koku,kokugo,prefix
高空,国費,koku,kokuhi,prefix
高空,国宝,koku,kokuho,prefix
高空,刻印,koku,kokuin,prefix
高空,穀倉,koku,kokuso,prefix
国道,国語,kokudo,kokugo,substitution
国道,国宝,kokudo,kokuho,substitution
国道,国王,kokudo,kokuo,insertion
国道,穀倉,kokudo,kokuso,substitution
国道,得度,kokudo,tokudo,substitution
黒鉛,刻印,kokuen,kokuin,substitution
黒鉛,校訓,kokuen,kokun,insertion
国技,国語,kokugi,kokugo,last_char_differs
国技,国費,kokugi,kokuhi,substitution
国技,黒衣,kokugi,kokui,insertion
国技,小麦,kokugi,komugi,substitution
国技,特技,kokugi,tokugi,substitution
国語,国宝,kokugo,kokuho,substitution
国語,国王,kokugo,kokuo,insertion
国語,穀倉,kokugo,kokuso,substitution
国語,俗語,kokugo,zokugo,substitution
国費,国宝,kokuhi,kokuho,last_char_differs
国費,黒衣,kokuhi,kokui,insertion
国宝,国王,kokuho,kokuo,insertion
国宝,穀倉,kokuho,kokuso,substitution
国宝,側方,kokuho,sokuho,substitution
黒衣,刻印,kokui,kokuin,insertion
刻印,校訓,kokuin,kokun,insertion
校訓,教訓,kokun,kyokun,insertion
国王,穀倉,kokuo,kokuso,insertion
穀倉,浴槽,kokuso,yokuso,substitution
好球,困窮,kokyu,konkyu,insertion
駒,細か,koma,komaka,prefix
駒,鼓膜,koma,komaku,prefix
駒,こまめ,koma,komame,prefix
駒,困る,koma,komaru,prefix
細か,鼓膜,komaka,komaku,last_char_differs
細か,大まか,komaka,omaka,insertion
鼓膜,困る,komaku,komaru,substitution
鼓膜,行楽,komaku,koraku,substitution
鼓膜,工作,komaku,kosaku,substitution
鼓膜,光沢,komaku,kotaku,substitution
鼓膜,膏薬,komaku,koyaku,substitution
鼓膜,網膜,komaku,momaku,substitution
こまめ,小雨,komame,kosame,substitution
困る,籠る,komaru,komoru,substitution
困る,被る,komaru,komuru,substitution
困る,染まる,komaru,somaru,substitution
困る,止まる,komaru,tomaru,substitution
校名,共鳴,komei,kyomei,insertion
薦,小物,komo,komono,prefix
薦,蝙蝠,komo,komori,prefix
薦,籠る,komo,komoru,prefix
校門,小物,komon,komono,insertion
校門,経文,komon,kyomon,insertion
小物,大物,komono,omono,insertion
蝙蝠,籠る,komori,komoru,last_char_differs
蝙蝠,小鳥,komori,kotori,substitution
蝙蝠,紙撚り,komori,koyori,substitution
蝙蝠,錘,komori,omori,insertion
籠る,被る,komoru,komuru,substitution
籠る,挙る,komoru,kozoru,substitution
籠る,灯る,komoru,tomoru,substitution
込む,小麦,komu,komugi,prefix
込む,被る,komu,komuru,prefix
小麦,大麦,komugi,omugi,insertion
被る,こする,komuru,kosuru,substitution
粉,こなす,kona,konasu,prefix
構内,今回,konai,konkai,insertion
こなす,凝らす,konasu,korasu,substitution
こなす,壊す,konasu,kowasu,substitution
こなす,肥やす,konasu,koyasu,substitution
今晩,困難,konban,konnan,substitution
今晩,混乱,konban,konran,substitution
今晩,門番,konban,monban,substitution
昆虫,今週,konchu,konshu,substitution
昆虫,門柱,konchu,monchu,substitution
昆虫,御中,konchu,onchu,insertion
後年,凶年,konen,kyonen,insertion
捏ねる,くねる,koneru,kuneru,substitution
懇意,紺色,koni,koniro,prefix
今回,耕運機,konkai,konki,insertion
今回,音階,konkai,onkai,insertion
今回,村会,konkai,sonkai,substitution
困窮,建立,konkyu,konryu,substitution
困窮,今夕,konkyu,konyu,insertion
困窮,恩給,konkyu,onkyu,insertion
困難,混乱,konnan,konran,substitution
婚礼,混声,konrei,konsei,substitution
婚礼,恒例,konrei,korei,insertion
建立,今夕,konryu,konyu,insertion
建立,交流,konryu,koryu,insertion
混声,恒星,konsei,kosei,insertion
混声,燻製,konsei,kunsei,substitution
混声,音声,konsei,onsei,insertion
今週,好手,konshu,koshu,insertion
今週,君主,konshu,kunshu,substitution
今週,門主,konshu,monshu,substitution
骨片,骨粉,koppen,koppun,substitution
甲羅,行楽,kora,koraku,prefix
甲羅,凝らす,kora,korasu,prefix
行楽,凝らす,koraku,korasu,substitution
行楽,工作,koraku,kosaku,substitution
行楽,光沢,koraku,kotaku,substitution
行楽,膏薬,koraku,koyaku,substitution
行楽,当落,koraku,toraku,substitution
凝らす,壊す,korasu,kowasu,substitution
凝らす,肥やす,korasu,koyasu,substitution
凝らす,暮らす,korasu,kurasu,substitution
凝らす,漏らす,korasu,morasu,substitution
凝らす,反らす,korasu,sorasu,substitution
行李,懲りる,kori,koriru,prefix
後輪,杏林,korin,kyorin,insertion
懲りる,下りる,koriru,oriru,insertion
頃,頃合い,koro,koroai,prefix
頃,転ぶ,koro,korobu,prefix
頃,蟋蟀,koro,korogi,prefix
頃,衣,koro,koromo,prefix
頃合い,蟋蟀,koroai,korogi,substitution
香料,橋梁,koryo,kyoryo,insertion
交流,恐竜,koryu,kyoryu,insertion
考査,小匙,kosa,kosaji,prefix
考査,工作,kosa,kosaku,prefix
考査,小雨,kosa,kosame,prefix
高裁,小匙,kosai,kosaji,insertion
小匙,大匙,kosaji,osaji,insertion
工作,校則,kosaku,kosoku,substitution
工作,光沢,kosaku,kotaku,substitution
工作,膏薬,kosaku,koyaku,substitution
工作,創作,kosaku,sosaku,substitution
恒星,鉱石,kosei,koseki,insertion
鉱石,好適,koseki,koteki,substitution
鉱石,空席,koseki,kuseki,substitution
鉱石,礎石,koseki,soseki,substitution
鉱石,投石,koseki,toseki,substitution
鉱泉,胸腺,kosen,kyosen,insertion
公舎,強者,kosha,kyosha,insertion
輿,庚申,koshi,koshin,insertion
輿,教師,koshi,kyoshi,insertion
輿,御腰,koshi,okoshi,insertion
庚申,往信,koshin,oshin,insertion
庚申,炉心,koshin,roshin,substitution
庚申,灯心,koshin,toshin,substitution
鉱床,巨匠,kosho,kyosho,insertion
好手,教主,koshu,kyoshu,insertion
酵素,校則,koso,kosoku,prefix
校則,皇族,kosoku,kozoku,substitution
校則,遅く,kosoku,osoku,insertion
校則,蝋燭,kosoku,rosoku,substitution
校則,予測,kosoku,yosoku,substitution
漉す,こする,kosu,kosuru,prefix
小唄,光沢,kota,kotaku,prefix
抗体,巨体,kotai,kyotai,insertion
光沢,膏薬,kotaku,koyaku,substitution
小手,好適,kote,koteki,prefix
湖底,好適,kotei,koteki,insertion
湖底,教程,kotei,kyotei,insertion
後転,拠点,koten,kyoten,insertion
孤島,言葉,koto,kotoba,prefix
孤島,小鳥,koto,kotori,prefix
言葉,卒塔婆,kotoba,sotoba,substitution
小鳥,紙撚り,kotori,koyori,substitution
小鳥,囮,kotori,otori,insertion
交通,共通,kotsu,kyotsu,insertion
講話,小分け,kowa,kowake,prefix
講話,壊す,kowa,kowasu,prefix
小分け,区分け,kowake,kuwake,substitution
壊す,肥やす,kowasu,koyasu,substitution
荒野,膏薬,koya,koyaku,prefix
荒野,小やみ,koya,koyami,prefix
荒野,肥やす,koya,koyasu,prefix
膏薬,肥やす,koyaku,koyasu,substitution
膏薬,客,koyaku,kyaku,insertion
膏薬,農薬,koyaku,noyaku,substitution
膏薬,要約,koyaku,yoyaku,substitution
小やみ,暦,koyami,koyomi,substitution
肥やす,燃やす,koyasu,moyasu,substitution
紅葉,広葉樹,koyo,koyoju,prefix
紅葉,暦,koyo,koyomi,prefix
紅葉,紙撚り,koyo,koyori,prefix
今宵,暦,koyoi,koyomi,insertion
今宵,紙撚り,koyoi,koyori,insertion
広葉樹,巨樹,koyoju,kyoju,insertion
暦,紙撚り,koyomi,koyori,substitution
暦,興味,koyomi,kyomi,insertion
紙撚り,郷里,koyori,kyori,insertion
紙撚り,最寄り,koyori,moyori,substitution
交友,小指,koyu,koyubi,prefix
交友,小雪,koyu,koyuki,prefix
小指,小雪,koyubi,koyuki,substitution
鋼材,教材,kozai,kyozai,insertion
楮,皇族,kozo,kozoku,prefix
楮,挙る,kozo,kozoru,prefix
皇族,挙る,kozoku,kozoru,substitution
皇族,覗く,kozoku,nozoku,substitution
皇族,王族,kozoku,ozoku,insertion
皇族,相続,kozoku,sozoku,substitution
梢,子連れ,kozue,kozure,insertion
配る,くべる,kubaru,kuberu,substitution
配る,下る,kubaru,kudaru,substitution
配る,腐る,kubaru,kusaru,substitution
配る,昴,kubaru,subaru,substitution
くべる,くねる,kuberu,kuneru,substitution
くべる,くれる,kuberu,kureru,substitution
くべる,滑る,kuberu,suberu,substitution
首,軛,kubi,kubiki,prefix
首,首輪,kubi,kubiwa,prefix
軛,区域,kubiki,kuiki,insertion
首輪,指輪,kubiwa,yubiwa,substitution
空母,凹む,kubo,kubomu,prefix
凹む,窄む,kubomu,subomu,substitution
口,口絵,kuchi,kuchie,insertion
口,旧知,kuchi,kyuchi,insertion
口,奥地,kuchi,okuchi,insertion
空中,宮中,kuchu,kyuchu,insertion
管,砕く,kuda,kudaku,prefix
管,下る,kuda,kudaru,prefix
管,下す,kuda,kudasu,prefix
砕く,下る,kudaku,kudaru,substitution
砕く,下す,kudaku,kudasu,substitution
砕く,功徳,kudaku,kudoku,substitution
砕く,苦学,kudaku,kugaku,substitution
砕く,空白,kudaku,kuhaku,substitution
砕く,孔雀,kudaku,kujaku,substitution
砕く,区画,kudaku,kukaku,substitution
下る,下す,kudaru,kudasu,substitution
下る,腐る,kudaru,kusaru,substitution
下る,うだる,kudaru,udaru,insertion
下る,茹だる,kudaru,yudaru,substitution
下す,暮らす,kudasu,kurasu,substitution
工夫,空腹,kufu,kufuku,prefix
空腹,裕福,kufuku,yufuku,substitution
苦学,空白,kugaku,kuhaku,substitution
苦学,孔雀,kugaku,kujaku,substitution
苦学,区画,kugaku,kukaku,substitution
苦学,数学,kugaku,sugaku,substitution
苦学,遊学,kugaku,yugaku,substitution
くぐる,括る,kuguru,kukuru,substitution
空白,孔雀,kuhaku,kujaku,substitution
空白,区画,kuhaku,kukaku,substitution
孔雀,挫く,kujaku,kujiku,substitution
孔雀,区画,kujaku,kukaku,substitution
くじ,挫く,kuji,kujiku,prefix
くじ,鯨,kuji,kujira,prefix
挫く,狗肉,kujiku,kuniku,substitution
挫く,枢軸,kujiku,sujiku,substitution
苦海,球界,kukai,kyukai,insertion
区画,遊郭,kukaku,yukaku,substitution
空間,急患,kukan,kyukan,insertion
矩形,球形,kukei,kyukei,insertion
屈強,空虚,kukkyo,kukyo,insertion
九々,括る,kuku,kukuru,prefix
空虚,旧居,kukyo,kyukyo,insertion
熊,熊手,kuma,kumade,prefix
組,組合,kumi,kumiai,prefix
組,組員,kumi,kumiin,prefix
組,組中,kumi,kumiju,prefix
組,組み手,kumi,kumite,prefix
組員,区民,kumiin,kumin,insertion
区民,休眠,kumin,kyumin,insertion
雲,雲間,kumo,kumoma,prefix
宮内,屋内,kunai,okunai,insertion
くねる,くれる,kuneru,kureru,substitution
くねる,拗ねる,kuneru,suneru,substitution
くねる,うねる,kuneru,uneru,insertion
国,狗肉,kuni,kuniku,prefix
燻製,君子,kunsei,kunshi,substitution
燻製,運勢,kunsei,unsei,insertion
君子,勲章,kunshi,kunsho,last_char_differs
君子,君主,kunshi,kunshu,last_char_differs
君子,串,kunshi,kushi,insertion
君子,寸志,kunshi,sunshi,substitution
勲章,君主,kunsho,kunshu,last_char_differs
君主,句集,kunshu,kushu,insertion
蔵,くらげ,kura,kurage,prefix
蔵,眩む,kura,kuramu,prefix
蔵,暮らす,kura,kurasu,prefix
くらげ,栗毛,kurage,kurige,substitution
眩む,暮らす,kuramu,kurasu,substitution
眩む,食らう,kuramu,kurau,insertion
眩む,包む,kuramu,kurumu,substitution
眩む,悔やむ,kuramu,kuyamu,substitution
眩む,恨む,kuramu,uramu,insertion
暮らす,食らう,kurasu,kurau,insertion
暮らす,蒸らす,kurasu,murasu,substitution
暮らす,濡らす,kurasu,nurasu,substitution
暮らす,揺らす,kurasu,yurasu,substitution
暮らす,ずらす,kurasu,zurasu,substitution
くれる,群れる,kureru,mureru,substitution
くれる,濡れる,kureru,nureru,substitution
くれる,擦れる,kureru,sureru,substitution
くれる,売れる,kureru,ureru,insertion
くれる,揺れる,kureru,yureru,substitution
くれる,ずれる,kureru,zureru,substitution
栗,栗毛,kuri,kurige,prefix
黒,黒地,kuro,kuroji,prefix
黒,玄人,kuro,kuroto,prefix
黒い,黒地,kuroi,kuroji,insertion
刳る,車,kuru,kuruma,prefix
刳る,胡桃,kuru,kurumi,prefix
刳る,包む,kuru,kurumu,prefix
車,胡桃,kuruma,kurumi,last_char_differs
車,包む,kuruma,kurumu,last_char_differs
胡桃,包む,kurumi,kurumu,last_char_differs
包む,くすむ,kurumu,kusumu,substitution
包む,潤む,kurumu,urumu,insertion
草,楔,kusa,kusabi,prefix
草,草木,kusa,kusaki,prefix
草,鎖,kusa,kusari,prefix
草,腐る,kusa,kusaru,prefix
楔,草木,kusabi,kusaki,substitution
楔,鎖,kusabi,kusari,substitution
草木,鎖,kusaki,kusari,substitution
草木,空席,kusaki,kuseki,substitution
鎖,腐る,kusari,kusaru,last_char_differs
鎖,薬,kusari,kusuri,substitution
鎖,区割り,kusari,kuwari,substitution
癖,空席,kuse,kuseki,prefix
空車,厩舎,kusha,kyusha,insertion
串,臼歯,kushi,kyushi,insertion
句集,吸収,kushu,kyushu,insertion
くすむ,進む,kusumu,susumu,substitution
桑,区分け,kuwa,kuwake,prefix
桑,区割り,kuwa,kuwari,prefix
崩す,葛湯,kuzusu,kuzuyu,substitution
客,凶悪,kyaku,kyoaku,insertion
きゃしゃ,強者,kyasha,kyosha,substitution
きゃしゃ,厩舎,kyasha,kyusha,substitution
凶悪,教育,kyoaku,kyoiku,substitution
凶悪,局,kyoaku,kyoku,insertion
教鞭,饗宴,kyoben,kyoen,insertion
教鞭,強肩,kyoben,kyoken,substitution
教鞭,凶年,kyoben,kyonen,substitution
教鞭,胸腺,kyoben,kyosen,substitution
教鞭,拠点,kyoben,kyoten,substitution
共著,競歩,kyocho,kyoho,insertion
共著,巨匠,kyocho,kyosho,substitution
共著,明朝,kyocho,myocho,substitution
共著,幼鳥,kyocho,yocho,insertion
強打,兄弟,kyoda,kyodai,insertion
強打,凶弾,kyoda,kyodan,insertion
兄弟,凶弾,kyodai,kyodan,last_char_differs
兄弟,教会,kyodai,kyokai,substitution
兄弟,巨体,kyodai,kyotai,substitution
兄弟,教材,kyodai,kyozai,substitution
凶弾,教官,kyodan,kyokan,substitution
凶弾,球団,kyodan,kyudan,substitution
凶弾,旅団,kyodan,ryodan,substitution
凶弾,余談,kyodan,yodan,insertion
競泳,共鳴,kyoei,kyomei,insertion
競泳,教程,kyoei,kyotei,insertion
饗宴,強肩,kyoen,kyoken,insertion
饗宴,凶年,kyoen,kyonen,insertion
饗宴,胸腺,kyoen,kyosen,insertion
饗宴,拠点,kyoen,kyoten,insertion
巨費,教師,kyohi,kyoshi,insertion
競歩,教本,kyoho,kyohon,insertion
競歩,巨匠,kyoho,kyosho,insertion
教本,経文,kyohon,kyomon,substitution
教委,教育,kyoi,kyoiku,prefix
教育,局,kyoiku,kyoku,insertion
教育,養育,kyoiku,yoiku,insertion
教員,巨人,kyoin,kyojin,insertion
教員,杏林,kyoin,kyorin,insertion
巨人,杏林,kyojin,kyorin,substitution
巨人,要人,kyojin,yojin,insertion
教科,教会,kyoka,kyokai,insertion
教科,教官,kyoka,kyokan,insertion
教会,教官,kyokai,kyokan,last_char_differs
教会,凶器,kyokai,kyoki,insertion
教会,巨体,kyokai,kyotai,substitution
教会,教材,kyokai,kyozai,substitution
教会,球界,kyokai,kyukai,substitution
教会,領海,kyokai,ryokai,substitution
教会,妖怪,kyokai,yokai,insertion
教官,強肩,kyokan,kyoken,substitution
教官,教訓,kyokan,kyokun,substitution
教官,急患,kyokan,kyukan,substitution
教官,女官,kyokan,nyokan,substitution
教官,旅館,kyokan,ryokan,substitution
教官,羊羮,kyokan,yokan,insertion
強肩,教訓,kyoken,kyokun,substitution
強肩,凶年,kyoken,kyonen,substitution
強肩,胸腺,kyoken,kyosen,substitution
強肩,拠点,kyoken,kyoten,substitution
強肩,猟犬,kyoken,ryoken,substitution
強肩,用件,kyoken,yoken,insertion
局,教訓,kyoku,kyokun,insertion
共鳴,興味,kyomei,kyomi,insertion
共鳴,教程,kyomei,kyotei,substitution
凶年,胸腺,kyonen,kyosen,substitution
凶年,拠点,kyonen,kyoten,substitution
凶年,明年,kyonen,myonen,substitution
凶年,幼年,kyonen,yonen,insertion
郷里,杏林,kyori,kyorin,insertion
杏林,両輪,kyorin,ryorin,substitution
橋梁,恐竜,kyoryo,kyoryu,last_char_differs
橋梁,丘陵,kyoryo,kyuryo,substitution
橋梁,要領,kyoryo,yoryo,insertion
恐竜,教諭,kyoryu,kyoyu,insertion
恐竜,急流,kyoryu,kyuryu,substitution
胸腺,拠点,kyosen,kyoten,substitution
胸腺,僚船,kyosen,ryosen,substitution
胸腺,予選,kyosen,yosen,insertion
強者,教師,kyosha,kyoshi,last_char_differs
強者,巨匠,kyosha,kyosho,last_char_differs
強者,教主,kyosha,kyoshu,last_char_differs
強者,厩舎,kyosha,kyusha,substitution
強者,両者,kyosha,ryosha,substitution
教師,巨匠,kyoshi,kyosho,last_char_differs
教師,教主,kyoshi,kyoshu,last_char_differs
教師,臼歯,kyoshi,kyushi,substitution
教師,両氏,kyoshi,ryoshi,substitution
教師,洋紙,kyoshi,yoshi,insertion
巨匠,教主,kyosho,kyoshu,last_char_differs
巨匠,教祖,kyosho,kyoso,insertion
巨匠,急所,kyosho,kyusho,substitution
巨匠,良書,kyosho,ryosho,substitution
巨匠,洋書,kyosho,yosho,insertion
教主,吸収,kyoshu,kyushu,substitution
教主,領主,kyoshu,ryoshu,substitution
教主,洋酒,kyoshu,yoshu,insertion
巨体,教程,kyotai,kyotei,substitution
巨体,教材,kyotai,kyozai,substitution
教程,拠点,kyotei,kyoten,last_char_differs
教程,宮廷,kyotei,kyutei,substitution
教程,料亭,kyotei,ryotei,substitution
教程,予定,kyotei,yotei,insertion
拠点,要点,kyoten,yoten,insertion
教材,溶剤,kyozai,yozai,insertion
求愛,球界,kyuai,kyukai,insertion
吸盤,球団,kyuban,kyudan,substitution
吸盤,急坂,kyuban,kyuhan,substitution
吸盤,急患,kyuban,kyukan,substitution
旧知,宮中,kyuchi,kyuchu,last_char_differs
旧知,臼歯,kyuchi,kyushi,substitution
宮中,吸収,kyuchu,kyushu,substitution
球団,宮殿,kyudan,kyuden,substitution
球団,急坂,kyudan,kyuhan,substitution
球団,急患,kyudan,kyukan,substitution
球団,入団,kyudan,nyudan,substitution
球団,勇断,kyudan,yudan,insertion
宮殿,球宴,kyuden,kyuen,insertion
宮殿,油田,kyuden,yuden,insertion
急坂,急患,kyuhan,kyukan,substitution
急坂,夕飯,kyuhan,yuhan,insertion
休暇,球界,kyuka,kyukai,insertion
休暇,急患,kyuka,kyukan,insertion
球界,急患,kyukai,kyukan,last_char_differs
球界,球形,kyukai,kyukei,substitution
球界,入会,kyukai,nyukai,substitution
球界,融解,kyukai,yukai,insertion
急患,給金,kyukan,kyukin,substitution
急患,球根,kyukan,kyukon,substitution
急患,夕刊,kyukan,yukan,insertion
球形,旧制,kyukei,kyusei,substitution
球形,宮廷,kyukei,kyutei,substitution
給金,球根,kyukin,kyukon,substitution
給金,休眠,kyukin,kyumin,substitution
急行,球根,kyuko,kyukon,insertion
急行,旧居,kyuko,kyukyo,insertion
球根,球音,kyukon,kyuon,insertion
旧居,丘陵,kyukyo,kyuryo,substitution
旧居,給与,kyukyo,kyuyo,insertion
旧居,入居,kyukyo,nyukyo,substitution
旧居,遊興,kyukyo,yukyo,insertion
休眠,流民,kyumin,ryumin,substitution
丘陵,急流,kyuryo,kyuryu,last_char_differs
丘陵,給与,kyuryo,kyuyo,insertion
丘陵,入寮,kyuryo,nyuryo,substitution
丘陵,遊漁,kyuryo,yuryo,insertion
急流,旧友,kyuryu,kyuyu,insertion
旧制,臼歯,kyusei,kyushi,substitution
旧制,給水,kyusei,kyusui,substitution
旧制,宮廷,kyusei,kyutei,substitution
旧制,流星,kyusei,ryusei,substitution
旧制,遊星,kyusei,yusei,insertion
厩舎,臼歯,kyusha,kyushi,last_char_differs
厩舎,急所,kyusha,kyusho,last_char_differs
厩舎,吸収,kyusha,kyushu,last_char_differs
厩舎,勇者,kyusha,yusha,insertion
臼歯,急所,kyushi,kyusho,last_char_differs
臼歯,吸収,kyushi,kyushu,last_char_differs
臼歯,給水,kyushi,kyusui,substitution
臼歯,乳歯,kyushi,nyushi,substitution
臼歯,粒子,kyushi,ryushi,substitution
臼歯,油脂,kyushi,yushi,insertion
急所,吸収,kyusho,kyushu,last_char_differs
急所,入賞,kyusho,nyusho,substitution
急所,優勝,kyusho,yusho,insertion
吸収,急須,kyushu,kyusu,insertion
吸収,優秀,kyushu,yushu,insertion
急須,給水,kyusu,kyusui,insertion
給水,流水,kyusui,ryusui,substitution
疎ら,斑,mabara,madara,substitution
目深,目蓋,mabuka,mabuta,substitution
目蓋,丸太,mabuta,maruta,substitution
斑,麻垂れ,madara,madare,last_char_differs
麻垂れ,雪崩,madare,nadare,substitution
窓,間取り,mado,madori,prefix
間取り,緑,madori,midori,substitution
間借り,曲がる,magari,magaru,last_char_differs
間借り,周り,magari,mawari,substitution
曲がる,曲げる,magaru,mageru,substitution
曲がる,勝る,magaru,masaru,substitution
曲がる,回る,magaru,mawaru,substitution
曲がる,交ざる,magaru,mazaru,substitution
曲がる,身軽,magaru,migaru,substitution
曲がる,下がる,magaru,sagaru,substitution
髷,曲げる,mage,mageru,prefix
曲げる,負ける,mageru,makeru,substitution
曲げる,ませる,mageru,maseru,substitution
曲げる,交ぜる,mageru,mazeru,substitution
曲げる,めげる,mageru,megeru,substitution
曲げる,もげる,mageru,mogeru,substitution
曲げる,投げる,mageru,nageru,substitution
曲げる,下げる,mageru,sageru,substitution
まぐれ,鮪,magure,maguro,last_char_differs
毎秒,毎夜,maibyo,maiyo,insertion
毎回,満開,maikai,mankai,substitution
毎回,明快,maikai,meikai,substitution
毎回,内海,maikai,naikai,substitution
毎回,再会,maikai,saikai,substitution
毎回,大海,maikai,taikai,substitution
毎回,財界,maikai,zaikai,substitution
参る,交じる,mairu,majiru,insertion
毎週,枚数,maishu,maisu,insertion
毎週,名手,maishu,meishu,substitution
毎週,来秋,maishu,raishu,substitution
毎週,祭主,maishu,saishu,substitution
毎週,大衆,maishu,taishu,substitution
間近,身近,majika,mijika,substitution
交じる,もじる,majiru,mojiru,substitution
交じる,詰る,majiru,najiru,substitution
任す,回す,makasu,mawasu,substitution
任す,粧す,makasu,mekasu,substitution
任す,中州,makasu,nakasu,substitution
任す,沸かす,makasu,wakasu,substitution
負ける,捲る,makeru,makuru,substitution
負ける,ませる,makeru,maseru,substitution
負ける,交ぜる,makeru,mazeru,substitution
負ける,儲ける,makeru,mokeru,substitution
負ける,剥ける,makeru,mukeru,substitution
負ける,裂ける,makeru,sakeru,substitution
負ける,炊ける,makeru,takeru,substitution
負ける,分ける,makeru,wakeru,substitution
負ける,焼ける,makeru,yakeru,substitution
幕,幕あい,maku,makuai,prefix
幕,枕,maku,makura,prefix
幕,捲る,maku,makuru,prefix
枕,捲る,makura,makuru,last_char_differs
枕,桜,makura,sakura,substitution
捲る,捲る,makuru,mekuru,substitution
魔物,見物,mamono,mimono,substitution
満潮,軟調,mancho,nancho,substitution
満潮,山頂,mancho,sancho,substitution
満潮,丹頂,mancho,tancho,substitution
漫談,面談,mandan,mendan,substitution
満開,満期,mankai,manki,insertion
満開,漫才,mankai,manzai,substitution
満開,面会,mankai,menkai,substitution
満開,南海,mankai,nankai,substitution
満面,満点,manmen,manten,substitution
満面,面々,manmen,menmen,substitution
満塁,丸い,manrui,marui,insertion
満塁,麺類,manrui,menrui,substitution
満塁,残塁,manrui,zanrui,substitution
満点,南天,manten,nanten,substitution
鞠,毬藻,mari,marimo,prefix
丸,丸木,maru,maruki,prefix
丸,丸太,maru,maruta,prefix
丸い,丸木,marui,maruki,insertion
丸木,垂木,maruki,taruki,substitution
勝る,ませる,masaru,maseru,substitution
勝る,回る,masaru,mawaru,substitution
勝る,交ざる,masaru,mazaru,substitution
勝る,為さる,masaru,nasaru,substitution
勝る,刺さる,masaru,sasaru,substitution
ませる,交ぜる,maseru,mazeru,substitution
ませる,見せる,maseru,miseru,substitution
ませる,噎せる,maseru,museru,substitution
ませる,痩せる,maseru,yaseru,substitution
真っ青,末梢,massao,massho,substitution
股,跨ぐ,mata,matagu,prefix
的,まとも,mato,matomo,prefix
周り,回る,mawari,mawaru,last_char_differs
回る,回す,mawaru,mawasu,substitution
回る,交ざる,mawaru,mazaru,substitution
回る,触る,mawaru,sawaru,substitution
繭,眉毛,mayu,mayuge,prefix
交ざる,交ぜる,mazaru,mazeru,substitution
雌花,目鼻,mebana,mehana,substitution
目張り,目減り,mebari,meberi,substitution
目高,目玉,medaka,medama,substitution
目玉,手玉,medama,tedama,substitution
愛でる,めげる,mederu,megeru,substitution
愛でる,詣でる,mederu,moderu,substitution
女神,手紙,megami,tegami,substitution
めげる,巡る,megeru,meguru,substitution
めげる,もげる,megeru,mogeru,substitution
恵む,巡る,megumu,meguru,substitution
巡る,捲る,meguru,mekuru,substitution
巡る,潜る,meguru,moguru,substitution
名案,名産,meian,meisan,insertion
名案,名山,meian,meizan,insertion
明敏,名文,meibin,meibun,substitution
明敏,名品,meibin,meihin,substitution
明敏,名人,meibin,meijin,substitution
名文,名君,meibun,meikun,substitution
名著,命中,meicho,meichu,last_char_differs
名著,名峰,meicho,meiho,insertion
名著,名匠,meicho,meisho,substitution
名著,成鳥,meicho,seicho,substitution
名著,丁重,meicho,teicho,substitution
命中,名手,meichu,meishu,substitution
命中,成虫,meichu,seichu,substitution
名演,名言,meien,meigen,insertion
名演,名店,meien,meiten,insertion
名言,名店,meigen,meiten,substitution
名言,冷厳,meigen,reigen,substitution
名品,名人,meihin,meijin,substitution
名品,製品,meihin,seihin,substitution
名峰,名匠,meiho,meisho,insertion
名人,微塵,meijin,mijin,insertion
名人,聖人,meijin,seijin,substitution
名家,明快,meika,meikai,insertion
明快,明細,meikai,meisai,substitution
明快,面会,meikai,menkai,substitution
明快,例解,meikai,reikai,substitution
明快,政界,meikai,seikai,substitution
名句,名君,meiku,meikun,insertion
名句,迷宮,meiku,meikyu,insertion
迷宮,名優,meikyu,meiyu,insertion
迷宮,性急,meikyu,seikyu,substitution
迷宮,庭球,meikyu,teikyu,substitution
銘々,命令,meimei,meirei,substitution
銘々,酩酊,meimei,meitei,substitution
銘々,未明,meimei,mimei,insertion
銘々,清明,meimei,seimei,substitution
名門,正門,meimon,seimon,substitution
命令,酩酊,meirei,meitei,substitution
命令,精霊,meirei,seirei,substitution
命令,定例,meirei,teirei,substitution
迷路,明瞭,meiro,meiryo,insertion
迷路,目白,meiro,mejiro,insertion
明瞭,名誉,meiryo,meiyo,insertion
明細,名産,meisai,meisan,last_char_differs
明細,名刺,meisai,meishi,substitution
明細,名水,meisai,meisui,substitution
明細,例祭,meisai,reisai,substitution
明細,体裁,meisai,teisai,substitution
名産,名山,meisan,meizan,substitution
名産,青酸,meisan,seisan,substitution
名刺,名匠,meishi,meisho,last_char_differs
名刺,名手,meishi,meishu,last_char_differs
名刺,名水,meishi,meisui,substitution
名刺,綿糸,meishi,menshi,substitution
名刺,飯,meishi,meshi,insertion
名刺,精子,meishi,seishi,substitution
名刺,停止,meishi,teishi,substitution
名匠,名手,meisho,meishu,last_char_differs
名匠,名僧,meisho,meiso,insertion
名匠,聖書,meisho,seisho,substitution
名手,銘す,meishu,meisu,insertion
名手,清酒,meishu,seishu,substitution
名手,亭主,meishu,teishu,substitution
銘す,名水,meisu,meisui,insertion
名水,冷水,meisui,reisui,substitution
酩酊,名店,meitei,meiten,last_char_differs
酩酊,未定,meitei,mitei,insertion
名店,聖典,meiten,seiten,substitution
名店,定点,meiten,teiten,substitution
目白,根城,mejiro,nejiro,substitution
粧す,寝かす,mekasu,nekasu,substitution
目元,根元,memoto,nemoto,substitution
目元,手元,memoto,temoto,substitution
面談,船団,mendan,sendan,substitution
綿花,面会,menka,menkai,insertion
面会,展開,menkai,tenkai,substitution
面会,前回,menkai,zenkai,substitution
面々,面前,menmen,menzen,substitution
面々,洗面,menmen,senmen,substitution
面々,全面,menmen,zenmen,substitution
綿糸,飯,menshi,meshi,insertion
綿糸,門歯,menshi,monshi,substitution
綿糸,年始,menshi,nenshi,substitution
綿糸,天使,menshi,tenshi,substitution
綿糸,全市,menshi,zenshi,substitution
面前,門前,menzen,monzen,substitution
目先,岬,mesaki,misaki,substitution
目先,手先,mesaki,tesaki,substitution
飯,御召し,meshi,omeshi,insertion
身振り,身売り,miburi,miuri,insertion
道,身内,michi,miuchi,insertion
乱す,満たす,midasu,mitasu,substitution
緑,身寄り,midori,miyori,substitution
見える,見せる,mieru,miseru,insertion
磨く,身軽,migaku,migaru,substitution
磨く,味覚,migaku,mikaku,substitution
磨く,もがく,migaku,mogaku,substitution
磨く,理学,migaku,rigaku,substitution
身柄,身軽,migara,migaru,last_char_differs
身軽,苦る,migaru,nigaru,substitution
右,右手,migi,migite,prefix
身頃,見事,migoro,migoto,substitution
蜜柑,民間,mikan,minkan,insertion
幹,見聞き,miki,mikiki,prefix
密航,密教,mikko,mikkyo,insertion
密教,陸橋,mikkyo,rikkyo,substitution
耳,蚯蚓,mimi,mimizu,prefix
見物,煮物,mimono,nimono,substitution
身投げ,土産,minage,miyage,substitution
南,身なり,minami,minari,substitution
民家,民間,minka,minkan,insertion
民間,林間,minkan,rinkan,substitution
蓑,実る,mino,minoru,prefix
民衆,門主,minshu,monshu,substitution
岬,老い先,misaki,oisaki,substitution
店,見せ場,mise,miseba,prefix
店,見せる,mise,miseru,prefix
店,店屋,mise,miseya,prefix
見せ場,店屋,miseba,miseya,substitution
見せる,噎せる,miseru,museru,substitution
見せる,似せる,miseru,niseru,substitution
満たす,蜜,mitasu,mitsu,insertion
身内,鞭,miuchi,muchi,insertion
身内,追い打ち,miuchi,oiuchi,substitution
宮,雅び,miya,miyabi,prefix
宮,土産,miya,miyage,prefix
宮,都,miya,miyako,prefix
御代,身寄り,miyo,miyori,prefix
身寄り,最寄り,miyori,moyori,substitution
水,水辺,mizu,mizube,prefix
水,水着,mizu,mizugi,prefix
水,水気,mizu,mizuke,prefix
水,水子,mizu,mizuko,prefix
水,湖,mizu,mizumi,prefix
水,水菜,mizu,mizuna,prefix
水辺,水気,mizube,mizuke,substitution
水着,湖,mizugi,mizumi,substitution
水気,水子,mizuke,mizuko,last_char_differs
詣でる,戻る,moderu,modoru,substitution
詣でる,燃える,moderu,moeru,insertion
詣でる,もげる,moderu,mogeru,substitution
詣でる,儲ける,moderu,mokeru,substitution
詣でる,揉める,moderu,momeru,substitution
詣でる,漏れる,moderu,moreru,substitution
戻る,戻す,modoru,modosu,substitution
戻る,躍る,modoru,odoru,insertion
戻す,催す,modosu,moyosu,substitution
戻す,脅す,modosu,odosu,insertion
燃える,もげる,moeru,mogeru,insertion
燃える,儲ける,moeru,mokeru,insertion
燃える,揉める,moeru,momeru,insertion
燃える,漏れる,moeru,moreru,insertion
もがく,網膜,mogaku,momaku,substitution
もがく,能楽,mogaku,nogaku,substitution
もがく,奏楽,mogaku,sogaku,substitution
もがく,洋学,mogaku,yogaku,substitution
もげる,潜る,mogeru,moguru,substitution
もげる,儲ける,mogeru,mokeru,substitution
もげる,揉める,mogeru,momeru,substitution
もげる,漏れる,mogeru,moreru,substitution
もげる,そげる,mogeru,sogeru,substitution
もげる,遂げる,mogeru,togeru,substitution
もぐ,土竜,mogu,mogura,prefix
もぐ,潜る,mogu,moguru,prefix
土竜,潜る,mogura,moguru,last_char_differs
土竜,小倉,mogura,ogura,insertion
文字,もじる,moji,mojiru,prefix
もじる,綴じる,mojiru,tojiru,substitution
もじる,捩る,mojiru,yojiru,substitution
猛火,儲かる,moka,mokaru,prefix
儲かる,儲ける,mokaru,mokeru,substitution
儲ける,揉める,mokeru,momeru,substitution
儲ける,漏れる,mokeru,moreru,substitution
儲ける,剥ける,mokeru,mukeru,substitution
儲ける,のける,mokeru,nokeru,substitution
儲ける,溶ける,mokeru,tokeru,substitution
儲ける,よける,mokeru,yokeru,substitution
目下,木管,mokka,mokkan,insertion
木管,木琴,mokkan,mokkin,substitution
木琴,側近,mokkin,sokkin,substitution
木馬,奥歯,mokuba,okuba,insertion
目次,即時,mokuji,sokuji,substitution
目す,即す,mokusu,sokusu,substitution
黙祷,木曜,mokuto,mokuyo,substitution
黙祷,木像,mokuto,mokuzo,substitution
黙祷,即答,mokuto,sokuto,substitution
黙祷,続投,mokuto,zokuto,substitution
木曜,木像,mokuyo,mokuzo,substitution
木曜,徳用,mokuyo,tokuyo,substitution
木曜,浴用,mokuyo,yokuyo,substitution
揉める,漏れる,momeru,moreru,substitution
揉める,のめる,momeru,nomeru,substitution
揉める,染める,momeru,someru,substitution
揉める,止める,momeru,tomeru,substitution
樅,紅葉,momi,momiji,prefix
門柱,門主,monchu,monshu,substitution
門柱,御中,monchu,onchu,insertion
問題,門外,mondai,mongai,substitution
問題,尊大,mondai,sondai,substitution
門衛,門弟,monei,montei,insertion
門外,論外,mongai,rongai,substitution
門外,存外,mongai,zongai,substitution
門限,門前,mongen,monzen,substitution
門限,音源,mongen,ongen,insertion
門限,尊厳,mongen,songen,substitution
門人,恩人,monjin,onjin,insertion
物,物言い,mono,monoii,prefix
物,物怖じ,mono,monoji,prefix
物,物置,mono,monoki,prefix
物,物売り,mono,monori,prefix
物言い,物怖じ,monoii,monoji,substitution
物言い,物置,monoii,monoki,substitution
物言い,物売り,monoii,monori,substitution
物怖じ,物置,monoji,monoki,substitution
物怖じ,物売り,monoji,monori,substitution
物置,物売り,monoki,monori,substitution
物売り,最寄り,monori,moyori,substitution
物売り,其折,monori,sonori,substitution
物売り,遠乗り,monori,tonori,substitution
門歯,紋章,monshi,monsho,last_char_differs
門歯,門主,monshi,monshu,last_char_differs
門歯,模試,monshi,moshi,insertion
門歯,恩師,monshi,onshi,insertion
門歯,尊師,monshi,sonshi,substitution
紋章,門主,monsho,monshu,last_char_differs
紋章,猛暑,monsho,mosho,insertion
紋章,温床,monsho,onsho,insertion
門弟,音程,montei,ontei,insertion
漏らす,貰う,morasu,morau,insertion
漏らす,燃やす,morasu,moyasu,substitution
漏らす,蒸らす,morasu,murasu,substitution
漏らす,反らす,morasu,sorasu,substitution
漏れる,群れる,moreru,mureru,substitution
漏れる,折れる,moreru,oreru,insertion
漏れる,逸れる,moreru,soreru,substitution
漏れる,取れる,moreru,toreru,substitution
漏れる,縒れる,moreru,yoreru,substitution
模試,重し,moshi,omoshi,insertion
元,元手,moto,motode,prefix
もや,燃やす,moya,moyasu,prefix
燃やす,催す,moyasu,moyosu,substitution
模様,最寄り,moyo,moyori,prefix
模様,催す,moyo,moyosu,prefix
無益,霧笛,mueki,muteki,insertion
剥ける,群れる,mukeru,mureru,substitution
剥ける,噎せる,mukeru,museru,substitution
剥ける,抜ける,mukeru,nukeru,substitution
剥ける,透ける,mukeru,sukeru,substitution
剥ける,受ける,mukeru,ukeru,insertion
無期,剥き身,muki,mukimi,prefix
無期,無傷,muki,mukizu,prefix
剥き身,憂き身,mukimi,ukimi,insertion
剥き身,雪見,mukimi,yukimi,substitution
剥く,木槿,muku,mukuge,prefix
棟木,鰻,munagi,unagi,insertion
棟木,夕凪ぎ,munagi,yunagi,substitution
村,斑気,mura,muraki,prefix
村,蒸らす,mura,murasu,prefix
蒸らす,濡らす,murasu,nurasu,substitution
蒸らす,揺らす,murasu,yurasu,substitution
蒸らす,ずらす,murasu,zurasu,substitution
群れる,噎せる,mureru,museru,substitution
群れる,濡れる,mureru,nureru,substitution
群れる,擦れる,mureru,sureru,substitution
群れる,売れる,mureru,ureru,insertion
群れる,揺れる,mureru,yureru,substitution
群れる,ずれる,mureru,zureru,substitution
噎ぶ,噎せる,musebu,museru,substitution
噎ぶ,結ぶ,musebu,musubu,substitution
噎せる,失せる,museru,useru,insertion
虫,無心,mushi,mushin,insertion
蒸す,結ぶ,musu,musubu,prefix
蒸す,息子,musu,musuko,prefix
蒸す,娘,musu,musume,prefix
霧笛,素敵,muteki,suteki,substitution
むやみ,夕闇,muyami,yuyami,substitution
無用,無欲,muyo,muyoku,prefix
無欲,右翼,muyoku,uyoku,insertion
妙案,明晩,myoan,myoban,insertion
明朝,幼鳥,myocho,yocho,insertion
明年,幼年,myonen,yonen,insertion
嬲る,擦る,naburu,nasuru,substitution
嬲る,破る,naburu,yaburu,substitution
灘,雪崩,nada,nadare,prefix
撫でる,萎える,naderu,naeru,insertion
撫でる,投げる,naderu,nageru,substitution
撫でる,嘗める,naderu,nameru,substitution
撫でる,慣れる,naderu,nareru,substitution
萎える,投げる,naeru,nageru,insertion
萎える,嘗める,naeru,nameru,insertion
萎える,慣れる,naeru,nareru,insertion
名札,値札,nafuda,nefuda,substitution
名札,荷札,nafuda,nifuda,substitution
永い,内外,nagai,naigai,insertion
流す,長湯,nagasu,nagayu,substitution
流す,中州,nagasu,nakasu,substitution
流す,なます,nagasu,namasu,substitution
流す,均す,nagasu,narasu,substitution
流す,逃がす,nagasu,nigasu,substitution
流す,逃す,nagasu,nogasu,substitution
流す,捜す,nagasu,sagasu,substitution
長屋,長湯,nagaya,nagayu,last_char_differs
長屋,我が家,nagaya,wagaya,substitution
嘆く,投げる,nageku,nageru,substitution
投げる,嘗める,nageru,nameru,substitution
投げる,慣れる,nageru,nareru,substitution
投げる,逃げる,nageru,nigeru,substitution
投げる,脱げる,nageru,nugeru,substitution
投げる,下げる,nageru,sageru,substitution
凪,渚,nagi,nagisa,prefix
内地,日,naichi,nichi,insertion
内縁,内線,naien,naisen,insertion
内外,内海,naigai,naikai,substitution
内外,苦い,naigai,nigai,insertion
内外,災害,naigai,saigai,substitution
内海,南海,naikai,nankai,substitution
内海,再会,naikai,saikai,substitution
内海,大海,naikai,taikai,substitution
内海,財界,naikai,zaikai,substitution
内線,難船,naisen,nansen,substitution
内線,賽銭,naisen,saisen,substitution
内緒,内装,naisho,naiso,insertion
内緒,難所,naisho,nansho,substitution
内緒,最初,naisho,saisho,substitution
内緒,大暑,naisho,taisho,substitution
詰る,捩じる,najiru,nejiru,substitution
詰る,煮汁,najiru,nijiru,substitution
中,中日,naka,nakabi,prefix
中,仲間,naka,nakama,prefix
中,中州,naka,nakasu,prefix
中州,亡くす,nakasu,nakusu,substitution
中州,なます,nakasu,namasu,substitution
中州,均す,nakasu,narasu,substitution
中州,寝かす,nakasu,nekasu,substitution
中州,抜かす,nakasu,nukasu,substitution
中州,沸かす,nakasu,wakasu,substitution
仲人,若人,nakodo,wakodo,substitution
泣く,亡くす,naku,nakusu,prefix
亡くす,約数,nakusu,yakusu,substitution
生,なまじ,nama,namaji,prefix
生,生木,nama,namaki,prefix
生,なまこ,nama,namako,prefix
生,生身,nama,namami,prefix
生,鉛,nama,namari,prefix
生,なまる,nama,namaru,prefix
生,なます,nama,namasu,prefix
生,鯰,nama,namazu,prefix
なまじ,生木,namaji,namaki,substitution
なまじ,生身,namaji,namami,substitution
なまじ,鉛,namaji,namari,substitution
なまじ,山路,namaji,yamaji,substitution
生木,なまこ,namaki,namako,last_char_differs
生木,生身,namaki,namami,substitution
生木,鉛,namaki,namari,substitution
生木,並木,namaki,namiki,substitution
生木,寝間着,namaki,nemaki,substitution
なまこ,なめこ,namako,nameko,substitution
生身,鉛,namami,namari,substitution
鉛,なまる,namari,namaru,last_char_differs
なまる,なます,namaru,namasu,substitution
なまる,鯰,namaru,namazu,substitution
なまる,嘗める,namaru,nameru,substitution
なまる,為さる,namaru,nasaru,substitution
なまる,堪る,namaru,tamaru,substitution
なます,鯰,namasu,namazu,substitution
なます,鞣す,namasu,namesu,substitution
なます,均す,namasu,narasu,substitution
なます,冷ます,namasu,samasu,substitution
嘗める,鞣す,nameru,namesu,substitution
嘗める,慣れる,nameru,nareru,substitution
嘗める,のめる,nameru,nomeru,substitution
嘗める,冷める,nameru,sameru,substitution
嘗める,溜める,nameru,tameru,substitution
嘗める,止める,nameru,yameru,substitution
鞣す,試す,namesu,tamesu,substitution
波,涙,nami,namida,prefix
波,並木,nami,namiki,prefix
波,波間,nami,namima,prefix
涙,波間,namida,namima,substitution
軟調,難所,nancho,nansho,substitution
軟調,年長,nancho,nencho,substitution
軟調,山頂,nancho,sancho,substitution
軟調,丹頂,nancho,tancho,substitution
難題,南海,nandai,nankai,substitution
難題,年代,nandai,nendai,substitution
難題,短大,nandai,tandai,substitution
南海,難関,nankai,nankan,last_char_differs
難関,南端,nankan,nantan,substitution
難関,難産,nankan,nanzan,substitution
難関,年間,nankan,nenkan,substitution
難関,卵管,nankan,rankan,substitution
難関,山間,nankan,sankan,substitution
軟球,探求,nankyu,tankyu,substitution
難民,難問,nanmin,nanmon,substitution
難問,山門,nanmon,sanmon,substitution
南西,難船,nansei,nansen,last_char_differs
南西,軟水,nansei,nansui,substitution
南西,賛成,nansei,sansei,substitution
南西,端正,nansei,tansei,substitution
難船,南天,nansen,nanten,substitution
難船,単線,nansen,tansen,substitution
難所,年初,nansho,nensho,substitution
難所,山椒,nansho,sansho,substitution
難所,単勝,nansho,tansho,substitution
難所,腕章,nansho,wansho,substitution
軟水,山水,nansui,sansui,substitution
軟水,淡水,nansui,tansui,substitution
南端,南天,nantan,nanten,substitution
南端,難産,nantan,nanzan,substitution
難産,散々,nanzan,sanzan,substitution
治る,なぞる,naoru,nazoru,insertion
楢,並ぶ,nara,narabu,prefix
楢,奈落,nara,naraku,prefix
楢,均す,nara,narasu,prefix
並ぶ,奈落,narabu,naraku,substitution
並ぶ,均す,narabu,narasu,substitution
並ぶ,倣う,narabu,narau,insertion
奈落,均す,naraku,narasu,substitution
奈落,倣う,naraku,narau,insertion
均す,倣う,narasu,narau,insertion
均す,濡らす,narasu,nurasu,substitution
均す,晒す,narasu,sarasu,substitution
均す,垂らす,narasu,tarasu,substitution
慣れる,練れる,nareru,nereru,substitution
慣れる,濡れる,nareru,nureru,substitution
慣れる,垂れる,nareru,tareru,substitution
慣れる,割れる,nareru,wareru,substitution
成る,鳴子,naru,naruko,prefix
為さる,擦る,nasaru,nasuru,substitution
為さる,刺さる,nasaru,sasaru,substitution
茄子,擦る,nasu,nasuru,prefix
擦る,さする,nasuru,sasuru,substitution
鉈,菜種,nata,natane,prefix
納屋,悩む,naya,nayamu,prefix
謎,なぞる,nazo,nazoru,prefix
薺,手綱,nazuna,tazuna,substitution
粘る,ねだる,nebaru,nedaru,substitution
値札,荷札,nefuda,nifuda,substitution
寝言,根元,negoto,nemoto,substitution
音色,根城,neiro,nejiro,insertion
根城,捩じる,nejiro,nejiru,last_char_differs
捩じる,煮汁,nejiru,nijiru,substitution
寝かす,抜かす,nekasu,nukasu,substitution
根っこ,熱狂,nekko,nekkyo,insertion
熱狂,列強,nekkyo,rekkyo,substitution
熱狂,説教,nekkyo,sekkyo,substitution
熱狂,鉄橋,nekkyo,tekkyo,substitution
熱狂,絶叫,nekkyo,zekkyo,substitution
寝間,寝間着,nema,nemaki,prefix
根元,手元,nemoto,temoto,substitution
合歓,眠気,nemu,nemuke,prefix
合歓,眠る,nemu,nemuru,prefix
年長,年初,nencho,nensho,substitution
年長,船長,nencho,sencho,substitution
年長,店長,nencho,tencho,substitution
年長,前兆,nencho,zencho,substitution
年代,年輩,nendai,nenpai,substitution
年代,先代,nendai,sendai,substitution
年代,前代,nendai,zendai,substitution
粘液,年季,neneki,nenki,insertion
年限,人間,nengen,ningen,substitution
念入り,年利,neniri,nenri,insertion
年間,粘菌,nenkan,nenkin,substitution
年間,選管,nenkan,senkan,substitution
年間,転換,nenkan,tenkan,substitution
年間,全巻,nenkan,zenkan,substitution
年季,粘菌,nenki,nenkin,insertion
粘菌,年輪,nenkin,nenrin,substitution
年輩,連敗,nenpai,renpai,substitution
年輩,先輩,nenpai,senpai,substitution
年輩,全敗,nenpai,zenpai,substitution
年利,年輪,nenri,nenrin,insertion
年輪,前輪,nenrin,zenrin,substitution
燃料,染料,nenryo,senryo,substitution
燃料,天領,nenryo,tenryo,substitution
燃料,善良,nenryo,zenryo,substitution
年始,年初,nenshi,nensho,last_char_differs
年始,年収,nenshi,nenshu,last_char_differs
年始,天使,nenshi,tenshi,substitution
年始,全市,nenshi,zenshi,substitution
年初,年収,nensho,nenshu,last_char_differs
年初,熱唱,nensho,nessho,substitution
年初,連勝,nensho,rensho,substitution
年初,選書,nensho,sensho,substitution
年初,全書,nensho,zensho,substitution
年収,年数,nenshu,nensu,insertion
年収,練習,nenshu,renshu,substitution
年収,船首,nenshu,senshu,substitution
年収,天主,nenshu,tenshu,substitution
年収,前週,nenshu,zenshu,substitution
練れる,濡れる,nereru,nureru,substitution
練れる,照れる,nereru,tereru,substitution
熱線,鉄線,nessen,tessen,substitution
熱唱,摂政,nessho,sessho,substitution
熱水,熱意,nessui,netsui,substitution
熱水,節水,nessui,sessui,substitution
熱中,日中,netchu,nitchu,substitution
熱中,鉄柱,netchu,tetchu,substitution
熱帯,撤退,nettai,tettai,substitution
値打ち,手打ち,neuchi,teuchi,substitution
根分け,手分け,newake,tewake,substitution
日,任地,nichi,ninchi,insertion
煮える,逃げる,nieru,nigeru,insertion
煮える,似せる,nieru,niseru,insertion
苦い,にがり,nigai,nigari,insertion
似顔絵,苦手,nigaoe,nigate,substitution
にがり,苦る,nigari,nigaru,last_char_differs
苦る,逃がす,nigaru,nigasu,substitution
苦る,逃げる,nigaru,nigeru,substitution
苦る,握る,nigaru,nigiru,substitution
苦る,濁る,nigaru,nigoru,substitution
逃がす,濁す,nigasu,nigosu,substitution
逃がす,煮やす,nigasu,niyasu,substitution
逃がす,逃す,nigasu,nogasu,substitution
逃げる,握る,nigeru,nigiru,substitution
逃げる,濁る,nigeru,nigoru,substitution
逃げる,似せる,nigeru,niseru,substitution
逃げる,脱げる,nigeru,nugeru,substitution
握る,濁る,nigiru,nigoru,substitution
握る,煮汁,nigiru,nijiru,substitution
濁る,濁す,nigoru,nigosu,substitution
虹,にじむ,niji,nijimu,prefix
虹,煮汁,niji,nijiru,prefix
にじむ,煮汁,nijimu,nijiru,substitution
肉,憎む,niku,nikumu,prefix
肉,肉屋,niku,nikuya,prefix
人偏,人間,ninben,ningen,substitution
人参,隣人,ninjin,rinjin,substitution
にら,睨む,nira,niramu,prefix
似せる,乗せる,niseru,noseru,substitution
西,鰊,nishi,nishin,insertion
西,日誌,nishi,nisshi,insertion
煮炊き,庭木,nitaki,niwaki,substitution
庭,俄か,niwa,niwaka,prefix
庭,庭木,niwa,niwaki,prefix
俄か,庭木,niwaka,niwaki,last_char_differs
野薔薇,野原,nobara,nohara,substitution
伸ばす,逃す,nobasu,nogasu,substitution
伸ばす,飛ばす,nobasu,tobasu,substitution
野辺,延べ棒,nobe,nobebo,prefix
野辺,述べる,nobe,noberu,prefix
述べる,伸びる,noberu,nobiru,substitution
述べる,上る,noberu,noboru,substitution
述べる,のける,noberu,nokeru,substitution
述べる,のめる,noberu,nomeru,substitution
述べる,乗せる,noberu,noseru,substitution
野火,伸びる,nobi,nobiru,prefix
伸びる,上る,nobiru,noboru,substitution
幟,上る,nobori,noboru,last_char_differs
上る,残る,noboru,nokoru,substitution
喉,のどか,nodo,nodoka,prefix
野飼い,能書き,nogai,nogaki,insertion
能書き,能楽,nogaki,nogaku,last_char_differs
能書き,野焼き,nogaki,noyaki,substitution
能書き,ト書き,nogaki,togaki,substitution
能楽,逃す,nogaku,nogasu,substitution
能楽,農薬,nogaku,noyaku,substitution
能楽,奏楽,nogaku,sogaku,substitution
能楽,洋学,nogaku,yogaku,substitution
野宿,早熟,nojuku,sojuku,substitution
脳幹,女官,nokan,nyokan,insertion
のける,残る,nokeru,nokoru,substitution
のける,のめる,nokeru,nomeru,substitution
のける,乗せる,nokeru,noseru,substitution
のける,抜ける,nokeru,nukeru,substitution
のける,溶ける,nokeru,tokeru,substitution
のける,よける,nokeru,yokeru,substitution
軒,軒端,noki,nokiba,prefix
軒端,乗り場,nokiba,noriba,substitution
軒端,置き場,nokiba,okiba,insertion
農高,残る,noko,nokoru,prefix
農高,残す,noko,nokosu,prefix
残る,残す,nokoru,nokosu,substitution
残る,怒る,nokoru,okoru,insertion
残す,興す,nokosu,okosu,insertion
のめる,乗せる,nomeru,noseru,substitution
のめる,染める,nomeru,someru,substitution
のめる,止める,nomeru,tomeru,substitution
蚤,脳味噌,nomi,nomiso,prefix
蚤,飲み屋,nomi,nomiya,prefix
海苔,乗り場,nori,noriba,prefix
海苔,乗り気,nori,noriki,prefix
海苔,乗り手,nori,norite,prefix
海苔,祝詞,nori,norito,prefix
乗り手,祝詞,norite,norito,last_char_differs
乗せる,おおせる,noseru,oseru,insertion
乗せる,寄せる,noseru,yoseru,substitution
野焼き,農薬,noyaki,noyaku,last_char_differs
農薬,要約,noyaku,yoyaku,substitution
野山,女形,noyama,oyama,insertion
覗く,望む,nozoku,nozomu,substitution
覗く,王族,nozoku,ozoku,insertion
覗く,相続,nozoku,sozoku,substitution
脱げる,抜ける,nugeru,nukeru,substitution
脱げる,濡れる,nugeru,nureru,substitution
脱げる,すげる,nugeru,sugeru,substitution
糠,抜かる,nuka,nukaru,prefix
糠,抜かす,nuka,nukasu,prefix
抜かる,抜かす,nukaru,nukasu,substitution
抜かる,抜ける,nukaru,nukeru,substitution
抜かる,受かる,nukaru,ukaru,insertion
抜かす,濡らす,nukasu,nurasu,substitution
抜かす,空かす,nukasu,sukasu,substitution
抜け毛,抜け目,nukege,nukeme,substitution
抜ける,濡れる,nukeru,nureru,substitution
抜ける,透ける,nukeru,sukeru,substitution
抜ける,受ける,nukeru,ukeru,insertion
布,布地,nuno,nunoji,prefix
濡らす,揺らす,nurasu,yurasu,substitution
濡らす,ずらす,nurasu,zurasu,substitution
濡れる,擦れる,nureru,sureru,substitution
濡れる,売れる,nureru,ureru,insertion
濡れる,揺れる,nureru,yureru,substitution
濡れる,ずれる,nureru,zureru,substitution
主,乳歯,nushi,nyushi,insertion
女官,旅館,nyokan,ryokan,substitution
女官,羊羮,nyokan,yokan,insertion
女人,両人,nyonin,ryonin,substitution
入団,入山,nyudan,nyuzan,substitution
入団,勇断,nyudan,yudan,insertion
入園,入念,nyuen,nyunen,insertion
入園,入選,nyuen,nyusen,insertion
入会,融解,nyukai,yukai,insertion
入校,入居,nyuko,nyukyo,insertion
入居,入寮,nyukyo,nyuryo,substitution
入居,遊興,nyukyo,yukyo,insertion
入念,入選,nyunen,nyusen,substitution
入念,留年,nyunen,ryunen,substitution
入寮,遊漁,nyuryo,yuryo,insertion
入選,郵船,nyusen,yusen,insertion
乳歯,入賞,nyushi,nyusho,last_char_differs
乳歯,粒子,nyushi,ryushi,substitution
乳歯,油脂,nyushi,yushi,insertion
入賞,優勝,nyusho,yusho,insertion
入山,流産,nyuzan,ryuzan,substitution
尾花,総花,obana,sobana,insertion
怯える,覚える,obieru,oboeru,substitution
朧ろ,おんぼろ,oboro,onboro,insertion
朧ろ,そぼろ,oboro,soboro,insertion
大振り,素振り,oburi,soburi,insertion
落ち葉,落ち穂,ochiba,ochibo,last_char_differs
落ち葉,押し葉,ochiba,oshiba,substitution
落ち穂,落ち度,ochibo,ochido,substitution
王朝,御猪口,ocho,ochoko,prefix
大店,戸棚,odana,todana,insertion
大通り,雄鶏,odori,ondori,insertion
大通り,頭取,odori,todori,insertion
往復,洋服,ofuku,yofuku,insertion
大切り,夜霧,ogiri,yogiri,insertion
大口,追い打ち,oguchi,oiuchi,substitution
大口,奥地,oguchi,okuchi,substitution
御萩,追い剥ぎ,ohagi,oihagi,insertion
御祓い,おさらい,oharai,osarai,substitution
御祓い,大笑い,oharai,owarai,substitution
おいちゃん,おっちゃん,oichan,otchan,substitution
追い打ち,奥地,oiuchi,okuchi,substitution
伯父さん,御嬢さん,ojisan,ojosan,substitution
大所帯,重たい,ojotai,omotai,substitution
お伺い,御構い,okagai,okamai,substitution
お伺い,屋外,okagai,okugai,substitution
お伺い,御互い,okagai,otagai,substitution
御構い,狼,okamai,okami,insertion
侵す,溶かす,okasu,tokasu,insertion
御方,路肩,okata,rokata,insertion
王国,祖国,okoku,sokoku,insertion
王国,予告,okoku,yokoku,insertion
御腰,重し,okoshi,omoshi,substitution
屋外,屋内,okugai,okunai,substitution
屋上,息女,okujo,sokujo,insertion
屋上,浴場,okujo,yokujo,insertion
屋内,御国,okunai,okuni,insertion
御召し,重し,omeshi,omoshi,substitution
重い,思い出,omoi,omoide,prefix
同じ,おんなじ,onaji,onnaji,insertion
お腹,夜中,onaka,yonaka,insertion
大鉈,其方,onata,sonata,insertion
音引き,音域,onbiki,oniki,insertion
温暖,論壇,ondan,rondan,insertion
おねしょ,温床,onesho,onsho,insertion
音源,尊厳,ongen,songen,insertion
音階,村会,onkai,sonkai,insertion
恩恵,尊敬,onkei,sonkei,insertion
女,女手,onna,onnade,prefix
女,おんなじ,onna,onnaji,prefix
女,女湯,onna,onnayu,prefix
恩師,尊師,onshi,sonshi,insertion
折れる,逸れる,oreru,soreru,insertion
折れる,取れる,oreru,toreru,insertion
折れる,縒れる,oreru,yoreru,insertion
抑える,おおせる,osaeru,oseru,insertion
抑える,冴える,osaeru,saeru,insertion
御産,幼い,osan,osanai,prefix
幼い,おさらい,osanai,osarai,substitution
おさらい,大笑い,osarai,owarai,substitution
おおせる,寄せる,oseru,yoseru,insertion
おしゃれ,洒落,oshare,share,insertion
牡牛,押し葉,oshi,oshiba,prefix
牡牛,雄蘂,oshi,oshibe,prefix
牡牛,惜しむ,oshi,oshimu,prefix
押し葉,雄蘂,oshiba,oshibe,last_char_differs
押し葉,芝,oshiba,shiba,insertion
惜しむ,染む,oshimu,shimu,insertion
往信,炉心,oshin,roshin,insertion
往信,灯心,oshin,toshin,insertion
遅く,蝋燭,osoku,rosoku,insertion
遅く,予測,osoku,yosoku,insertion
御立ち,太刀,otachi,tachi,insertion
御互い,互い,otagai,tagai,insertion
御点前,手前,otemae,temae,insertion
落とす,凹凸,otosu,ototsu,insertion
弟,おととい,ototo,ototoi,insertion
おととい,尊い,ototoi,totoi,insertion
大粒,粒,otsubu,tsubu,insertion
おわび,弱火,owabi,yowabi,insertion
親分,夜分,oyabun,yabun,insertion
おやつ,奴,oyatsu,yatsu,insertion
泳ぐ,そよぐ,oyogu,soyogu,insertion
王族,相続,ozoku,sozoku,insertion
大空,夜空,ozora,yozora,insertion
雷鳥,最長,raicho,saicho,substitution
雷鳥,隊長,raicho,taicho,substitution
来賓,雷神,raihin,raijin,substitution
雷神,祭神,raijin,saijin,substitution
来年,例年,rainen,reinen,substitution
来秋,履修,raishu,rishu,insertion
来秋,祭主,raishu,saishu,substitution
来秋,大衆,raishu,taishu,substitution
羅漢,卵管,rakan,rankan,insertion
らっきょう,落球,rakkyo,rakkyu,last_char_differs
らっきょう,落葉,rakkyo,rakuyo,substitution
らっきょう,列強,rakkyo,rekkyo,substitution
らっきょう,陸橋,rakkyo,rikkyo,substitution
らっきょう,薬莢,rakkyo,yakkyo,substitution
落球,卓球,rakkyu,takkyu,substitution
楽,落馬,raku,rakuba,prefix
楽,駱駝,raku,rakuda,prefix
楽,楽土,raku,rakudo,prefix
楽,楽園,raku,rakuen,prefix
楽,落語,raku,rakugo,prefix
楽,烙印,raku,rakuin,prefix
楽,落葉,raku,rakuyo,prefix
落馬,駱駝,rakuba,rakuda,substitution
落馬,役場,rakuba,yakuba,substitution
駱駝,楽土,rakuda,rakudo,last_char_differs
楽土,落語,rakudo,rakugo,substitution
楽土,落葉,rakudo,rakuyo,substitution
楽土,躍動,rakudo,yakudo,substitution
楽園,烙印,rakuen,rakuin,substitution
落語,落葉,rakugo,rakuyo,substitution
落語,訳語,rakugo,yakugo,substitution
烙印,索引,rakuin,sakuin,substitution
烙印,役員,rakuin,yakuin,substitution
卵管,林間,rankan,rinkan,substitution
卵管,山間,rankan,sankan,substitution
卵形,山系,rankei,sankei,substitution
卵子,蚕糸,ranshi,sanshi,substitution
卵子,端子,ranshi,tanshi,substitution
卵子,残滓,ranshi,zanshi,substitution
乱層雲,隣村,ranson,rinson,substitution
乱層雲,山村,ranson,sanson,substitution
例題,礼拝,reidai,reihai,substitution
例題,例解,reidai,reikai,substitution
例題,例祭,reidai,reisai,substitution
例題,盛大,reidai,seidai,substitution
霊園,冷厳,reien,reigen,insertion
霊園,例年,reien,reinen,insertion
霊園,霊前,reien,reizen,insertion
冷厳,例年,reigen,reinen,substitution
冷厳,霊前,reigen,reizen,substitution
礼拝,例解,reihai,reikai,substitution
礼拝,例祭,reihai,reisai,substitution
冷夏,例解,reika,reikai,insertion
冷夏,霊感,reika,reikan,insertion
例解,霊感,reikai,reikan,last_char_differs
例解,冷気,reikai,reiki,insertion
例解,例祭,reikai,reisai,substitution
例解,理解,reikai,rikai,insertion
例解,政界,reikai,seikai,substitution
霊感,礼金,reikan,reikin,substitution
霊感,霊魂,reikan,reikon,substitution
霊感,冷淡,reikan,reitan,substitution
霊感,精悍,reikan,seikan,substitution
霊感,税関,reikan,zeikan,substitution
冷気,礼金,reiki,reikin,insertion
礼金,霊魂,reikin,reikon,substitution
礼金,精勤,reikin,seikin,substitution
礼金,税金,reikin,zeikin,substitution
霊魂,蓮根,reikon,renkon,substitution
例年,霊前,reinen,reizen,substitution
例年,成年,reinen,seinen,substitution
例年,定年,reinen,teinen,substitution
例祭,冷静,reisai,reisei,substitution
例祭,冷水,reisai,reisui,substitution
例祭,連載,reisai,rensai,substitution
例祭,罹災,reisai,risai,insertion
例祭,体裁,reisai,teisai,substitution
冷静,冷水,reisei,reisui,substitution
冷静,劣勢,reisei,ressei,substitution
冷静,理性,reisei,risei,insertion
冷静,訂正,reisei,teisei,substitution
霊前,生前,reizen,seizen,substitution
歴訪,適法,rekiho,tekiho,substitution
列強,陸橋,rekkyo,rikkyo,substitution
列強,説教,rekkyo,sekkyo,substitution
列強,鉄橋,rekkyo,tekkyo,substitution
列強,絶叫,rekkyo,zekkyo,substitution
恋愛,連敗,renai,renpai,insertion
恋愛,連載,renai,rensai,insertion
恋愛,連隊,renai,rentai,insertion
連中,練習,renchu,renshu,substitution
連中,線虫,renchu,senchu,substitution
連句,連休,renku,renkyu,insertion
連休,練乳,renkyu,rennyu,substitution
連休,天球,renkyu,tenkyu,substitution
連盟,鮮明,renmei,senmei,substitution
連盟,天命,renmei,tenmei,substitution
練乳,転入,rennyu,tennyu,substitution
連破,連敗,renpa,renpai,insertion
連敗,連載,renpai,rensai,substitution
連敗,連隊,renpai,rentai,substitution
連敗,先輩,renpai,senpai,substitution
連敗,全敗,renpai,zenpai,substitution
連載,連隊,rensai,rentai,substitution
連載,繊細,rensai,sensai,substitution
連載,天才,rensai,tensai,substitution
連載,前菜,rensai,zensai,substitution
連勝,練習,rensho,renshu,last_char_differs
連勝,臨床,rensho,rinsho,substitution
連勝,選書,rensho,sensho,substitution
連勝,全書,rensho,zensho,substitution
練習,船首,renshu,senshu,substitution
練習,天主,renshu,tenshu,substitution
練習,前週,renshu,zenshu,substitution
連隊,船体,rentai,sentai,substitution
連隊,天体,rentai,tentai,substitution
連隊,全体,rentai,zentai,substitution
理解,臨海,rikai,rinkai,insertion
理系,力泳,rikei,rikiei,insertion
利器,力泳,riki,rikiei,prefix
利器,力む,riki,rikimu,prefix
利器,力走,riki,rikiso,prefix
利器,力投,riki,rikito,prefix
力走,力投,rikiso,rikito,substitution
力走,陸送,rikiso,rikuso,substitution
力投,陸稲,rikito,rikuto,substitution
陸,陸上,riku,rikujo,prefix
陸,陸送,riku,rikuso,prefix
陸,陸稲,riku,rikuto,prefix
陸上,陸送,rikujo,rikuso,substitution
陸上,陸稲,rikujo,rikuto,substitution
陸送,陸稲,rikuso,rikuto,substitution
離任,隣人,rinin,rinjin,insertion
隣家,臨海,rinka,rinkai,insertion
隣家,林間,rinka,rinkan,insertion
臨海,林間,rinkai,rinkan,last_char_differs
履修,立秋,rishu,risshu,insertion
理想,利息,riso,risoku,prefix
利息,蝋燭,risoku,rosoku,substitution
驢馬,炉端,roba,robata,prefix
炉端,路肩,robata,rokata,substitution
老母,老木,robo,roboku,prefix
老木,朗読,roboku,rodoku,substitution
老木,蝋燭,roboku,rosoku,substitution
老木,素朴,roboku,soboku,substitution
労賃,炉心,rochin,roshin,substitution
朗読,蝋燭,rodoku,rosoku,substitution
朗読,届く,rodoku,todoku,substitution
廊下,楼閣,roka,rokaku,prefix
廊下,路肩,roka,rokata,prefix
禄,轆轤,roku,rokuro,prefix
路面,両面,romen,ryomen,insertion
論外,存外,rongai,zongai,substitution
浪人,両人,ronin,ryonin,insertion
論者,老者,ronsha,rosha,insertion
路線,僚船,rosen,ryosen,insertion
老者,両者,rosha,ryosha,insertion
ろ紙,炉心,roshi,roshin,insertion
ろ紙,両氏,roshi,ryoshi,insertion
炉心,灯心,roshin,toshin,substitution
老僧,蝋燭,roso,rosoku,prefix
蝋燭,予測,rosoku,yosoku,substitution
涙腺,水仙,ruisen,suisen,substitution
類書,水晶,ruisho,suisho,substitution
類書,随所,ruisho,zuisho,substitution
留守居,流水,rusui,ryusui,insertion
領分,両軍,ryobun,ryogun,substitution
領分,余分,ryobun,yobun,insertion
領地,旅費,ryochi,ryohi,insertion
領地,両氏,ryochi,ryoshi,substitution
領地,用地,ryochi,yochi,insertion
旅団,両岸,ryodan,ryogan,substitution
旅団,旅館,ryodan,ryokan,substitution
旅団,両端,ryodan,ryotan,substitution
旅団,余談,ryodan,yodan,insertion
両岸,両軍,ryogan,ryogun,substitution
両岸,旅館,ryogan,ryokan,substitution
両岸,両端,ryogan,ryotan,substitution
両岸,溶岩,ryogan,yogan,insertion
旅費,良品,ryohi,ryohin,insertion
旅費,両氏,ryohi,ryoshi,insertion
良品,両院,ryohin,ryoin,insertion
良品,料金,ryohin,ryokin,substitution
良品,両人,ryohin,ryonin,substitution
良品,両輪,ryohin,ryorin,substitution
良品,洋品,ryohin,yohin,insertion
両方,良書,ryoho,ryosho,insertion
領域,漁期,ryoiki,ryoki,insertion
領域,流域,ryoiki,ryuiki,substitution
両院,料金,ryoin,ryokin,insertion
両院,両人,ryoin,ryonin,insertion
両院,両輪,ryoin,ryorin,insertion
領海,旅館,ryokai,ryokan,last_char_differs
領海,漁期,ryokai,ryoki,insertion
領海,良妻,ryokai,ryosai,substitution
領海,妖怪,ryokai,yokai,insertion
旅館,猟犬,ryokan,ryoken,substitution
旅館,料金,ryokan,ryokin,substitution
旅館,両端,ryokan,ryotan,substitution
旅館,羊羮,ryokan,yokan,insertion
猟犬,料金,ryoken,ryokin,substitution
猟犬,両面,ryoken,ryomen,substitution
猟犬,僚船,ryoken,ryosen,substitution
猟犬,用件,ryoken,yoken,insertion
漁期,料金,ryoki,ryokin,insertion
料金,両人,ryokin,ryonin,substitution
料金,両輪,ryokin,ryorin,substitution
料金,預金,ryokin,yokin,insertion
両目,両面,ryome,ryomen,insertion
両面,僚船,ryomen,ryosen,substitution
両人,両輪,ryonin,ryorin,substitution
料理,両輪,ryori,ryorin,insertion
良妻,寮生,ryosai,ryosei,substitution
良妻,両氏,ryosai,ryoshi,substitution
良妻,要塞,ryosai,yosai,insertion
寮生,僚船,ryosei,ryosen,last_char_differs
寮生,両氏,ryosei,ryoshi,substitution
寮生,料亭,ryosei,ryotei,substitution
寮生,流星,ryosei,ryusei,substitution
寮生,妖精,ryosei,yosei,insertion
僚船,予選,ryosen,yosen,insertion
両者,両氏,ryosha,ryoshi,last_char_differs
両者,良書,ryosha,ryosho,last_char_differs
両者,領主,ryosha,ryoshu,last_char_differs
両氏,良書,ryoshi,ryosho,last_char_differs
両氏,領主,ryoshi,ryoshu,last_char_differs
両氏,粒子,ryoshi,ryushi,substitution
両氏,洋紙,ryoshi,yoshi,insertion
良書,領主,ryosho,ryoshu,last_char_differs
良書,洋書,ryosho,yosho,insertion
領主,洋酒,ryoshu,yoshu,insertion
両手,料亭,ryote,ryotei,insertion
料亭,予定,ryotei,yotei,insertion
留鳥,悠長,ryucho,yucho,insertion
流麗,流星,ryurei,ryusei,substitution
流麗,幽霊,ryurei,yurei,insertion
硫酸,流産,ryusan,ryuzan,substitution
硫酸,遊山,ryusan,yusan,insertion
流星,粒子,ryusei,ryushi,substitution
流星,流水,ryusei,ryusui,substitution
流星,遊星,ryusei,yusei,insertion
粒子,流水,ryushi,ryusui,substitution
粒子,油脂,ryushi,yushi,insertion
鯖,砂漠,saba,sabaku,prefix
砂漠,差額,sabaku,sagaku,substitution
砂漠,最悪,sabaku,saiaku,substitution
定か,さなか,sadaka,sanaka,substitution
定か,さやか,sadaka,sayaka,substitution
冴える,下げる,saeru,sageru,insertion
冴える,裂ける,saeru,sakeru,insertion
冴える,冷める,saeru,sameru,insertion
差額,下がる,sagaku,sagaru,substitution
差額,捜す,sagaku,sagasu,substitution
差額,最悪,sagaku,saiaku,substitution
差額,奏楽,sagaku,sogaku,substitution
差額,数学,sagaku,sugaku,substitution
差額,多額,sagaku,tagaku,substitution
差額,和学,sagaku,wagaku,substitution
差額,夜学,sagaku,yagaku,substitution
下がる,捜す,sagaru,sagasu,substitution
下がる,下げる,sagaru,sageru,substitution
下がる,探る,sagaru,saguru,substitution
下がる,刺さる,sagaru,sasaru,substitution
下がる,触る,sagaru,sawaru,substitution
下がる,すがる,sagaru,sugaru,substitution
捜す,冷ます,sagasu,samasu,substitution
捜す,晒す,sagasu,sarasu,substitution
左舷,際限,sagen,saigen,insertion
下げる,探る,sageru,saguru,substitution
下げる,裂ける,sageru,sakeru,substitution
下げる,冷める,sageru,sameru,substitution
下げる,そげる,sageru,sogeru,substitution
下げる,すげる,sageru,sugeru,substitution
探る,さする,saguru,sasuru,substitution
左辺,斜辺,sahen,shahen,insertion
最愛,栽培,saiai,saibai,insertion
最愛,最大,saiai,saidai,insertion
最愛,災害,saiai,saigai,insertion
最愛,采配,saiai,saihai,insertion
最愛,再会,saiai,saikai,insertion
最愛,臍帯,saiai,saitai,insertion
最愛,幸い,saiai,saiwai,insertion
栽培,最大,saibai,saidai,substitution
栽培,災害,saibai,saigai,substitution
栽培,采配,saibai,saihai,substitution
栽培,再会,saibai,saikai,substitution
栽培,臍帯,saibai,saitai,substitution
栽培,幸い,saibai,saiwai,substitution
栽培,芝居,saibai,shibai,substitution
祭文,妻君,saibun,saikun,substitution
祭文,散文,saibun,sanbun,substitution
祭文,水分,saibun,suibun,substitution
最長,裁縫,saicho,saiho,insertion
最長,最初,saicho,saisho,substitution
最長,山頂,saicho,sancho,substitution
最長,成鳥,saicho,seicho,substitution
最長,士長,saicho,shicho,substitution
最長,隊長,saicho,taicho,substitution
最大,祭壇,saidai,saidan,last_char_differs
最大,災害,saidai,saigai,substitution
最大,采配,saidai,saihai,substitution
最大,再会,saidai,saikai,substitution
最大,臍帯,saidai,saitai,substitution
最大,幸い,saidai,saiwai,substitution
最大,盛大,saidai,seidai,substitution
最大,私大,saidai,shidai,substitution
祭壇,再版,saidan,saihan,substitution
祭壇,細管,saidan,saikan,substitution
祭壇,最短,saidan,saitan,substitution
祭壇,師団,saidan,shidan,substitution
祭壇,退団,saidan,taidan,substitution
菜園,際限,saien,saigen,insertion
菜園,債券,saien,saiken,insertion
菜園,賽銭,saien,saisen,insertion
菜園,採点,saien,saiten,insertion
菜園,最善,saien,saizen,insertion
災害,采配,saigai,saihai,substitution
災害,再会,saigai,saikai,substitution
災害,臍帯,saigai,saitai,substitution
災害,幸い,saigai,saiwai,substitution
災害,市街,saigai,shigai,substitution
際限,債券,saigen,saiken,substitution
際限,賽銭,saigen,saisen,substitution
際限,採点,saigen,saiten,substitution
際限,最善,saigen,saizen,substitution
際限,資源,saigen,shigen,substitution
際限,水源,saigen,suigen,substitution
際限,体言,saigen,taigen,substitution
采配,再版,saihai,saihan,last_char_differs
采配,歳費,saihai,saihi,insertion
采配,再会,saihai,saikai,substitution
采配,臍帯,saihai,saitai,substitution
采配,幸い,saihai,saiwai,substitution
采配,賜杯,saihai,shihai,substitution
采配,大敗,saihai,taihai,substitution
再版,細管,saihan,saikan,substitution
再版,最短,saihan,saitan,substitution
再版,製版,saihan,seihan,substitution
再版,師範,saihan,shihan,substitution
再版,炊飯,saihan,suihan,substitution
歳費,妻子,saihi,saishi,insertion
裁縫,最初,saiho,saisho,insertion
歳時,祭神,saiji,saijin,insertion
祭神,細菌,saijin,saikin,substitution
祭神,聖人,saijin,seijin,substitution
祭神,私人,saijin,shijin,substitution
再会,細管,saikai,saikan,last_char_differs
再会,祭器,saikai,saiki,insertion
再会,臍帯,saikai,saitai,substitution
再会,幸い,saikai,saiwai,substitution
再会,境,saikai,sakai,insertion
再会,政界,saikai,seikai,substitution
再会,司会,saikai,shikai,substitution
再会,大海,saikai,taikai,substitution
再会,財界,saikai,zaikai,substitution
細管,債券,saikan,saiken,substitution
細管,細菌,saikan,saikin,substitution
細管,再婚,saikan,saikon,substitution
細管,妻君,saikan,saikun,substitution
細管,最短,saikan,saitan,substitution
細管,佐官,saikan,sakan,insertion
細管,山間,saikan,sankan,substitution
細管,精悍,saikan,seikan,substitution
細管,士官,saikan,shikan,substitution
細管,退官,saikan,taikan,substitution
債券,細菌,saiken,saikin,substitution
債券,再婚,saiken,saikon,substitution
債券,妻君,saiken,saikun,substitution
債券,賽銭,saiken,saisen,substitution
債券,採点,saiken,saiten,substitution
債券,最善,saiken,saizen,substitution
債券,試験,saiken,shiken,substitution
債券,体験,saiken,taiken,substitution
祭器,細菌,saiki,saikin,insertion
祭器,桟敷,saiki,sajiki,insertion
細菌,再婚,saikin,saikon,substitution
細菌,妻君,saikin,saikun,substitution
細菌,砂金,saikin,sakin,insertion
細菌,精勤,saikin,seikin,substitution
細菌,資金,saikin,shikin,substitution
細菌,大金,saikin,taikin,substitution
最高,再婚,saiko,saikon,insertion
最高,最強,saiko,saikyo,insertion
再婚,妻君,saikon,saikun,substitution
再婚,昨今,saikon,sakkon,substitution
再婚,紫紺,saikon,shikon,substitution
最強,最良,saikyo,sairyo,substitution
最強,生協,saikyo,seikyo,substitution
最強,司教,saikyo,shikyo,substitution
祭礼,最低,sairei,saitei,substitution
祭礼,精霊,sairei,seirei,substitution
最良,飼料,sairyo,shiryo,substitution
最良,大量,sairyo,tairyo,substitution
最良,材料,sairyo,zairyo,substitution
賽銭,採点,saisen,saiten,substitution
賽銭,最善,saisen,saizen,substitution
賽銭,清泉,saisen,seisen,substitution
賽銭,支線,saisen,shisen,substitution
賽銭,水仙,saisen,suisen,substitution
妻子,最初,saishi,saisho,last_char_differs
妻子,祭主,saishi,saishu,last_char_differs
妻子,蚕糸,saishi,sanshi,substitution
妻子,冊子,saishi,sasshi,substitution
妻子,精子,saishi,seishi,substitution
妻子,獅子,saishi,shishi,substitution
妻子,大使,saishi,taishi,substitution
最初,祭主,saisho,saishu,last_char_differs
最初,山椒,saisho,sansho,substitution
最初,査証,saisho,sasho,insertion
最初,聖書,saisho,seisho,substitution
最初,司書,saisho,shisho,substitution
最初,水晶,saisho,suisho,substitution
最初,大暑,saisho,taisho,substitution
祭主,清酒,saishu,seishu,substitution
祭主,詩集,saishu,shishu,substitution
祭主,大衆,saishu,taishu,substitution
最多,臍帯,saita,saitai,insertion
最多,最短,saita,saitan,insertion
臍帯,最短,saitai,saitan,last_char_differs
臍帯,最低,saitai,saitei,substitution
臍帯,幸い,saitai,saiwai,substitution
臍帯,生体,saitai,seitai,substitution
臍帯,肢体,saitai,shitai,substitution
最短,採点,saitan,saiten,substitution
最低,採点,saitei,saiten,last_char_differs
最低,姉弟,saitei,shitei,substitution
最低,水底,saitei,suitei,substitution
最低,大帝,saitei,taitei,substitution
採点,最善,saiten,saizen,substitution
採点,聖典,saiten,seiten,substitution
採点,支店,saiten,shiten,substitution
最善,生前,saizen,seizen,substitution
最善,自然,saizen,shizen,substitution
最善,大全,saizen,taizen,substitution
匙,桟敷,saji,sajiki,prefix
坂,酒場,saka,sakaba,prefix
坂,榊,saka,sakaki,prefix
坂,魚,saka,sakana,prefix
坂,盛り,saka,sakari,prefix
坂,逆さ,saka,sakasa,prefix
坂,逆手,saka,sakate,prefix
坂,酒屋,saka,sakaya,prefix
酒場,魚,sakaba,sakana,substitution
酒場,逆さ,sakaba,sakasa,substitution
酒場,酒屋,sakaba,sakaya,substitution
酒場,若葉,sakaba,wakaba,substitution
境,榊,sakai,sakaki,insertion
境,盛り,sakai,sakari,insertion
境,社会,sakai,shakai,insertion
榊,盛り,sakaki,sakari,substitution
榊,昨季,sakaki,sakuki,substitution
佐官,魚,sakan,sakana,insertion
佐官,山間,sakan,sankan,insertion
魚,逆さ,sakana,sakasa,substitution
魚,酒屋,sakana,sakaya,substitution
魚,若菜,sakana,wakana,substitution
逆さ,酒屋,sakasa,sakaya,substitution
逆さ,更紗,sakasa,sarasa,substitution
逆手,若手,sakate,wakate,substitution
酒屋,昨夜,sakaya,sakuya,substitution
酒,叫ぶ,sake,sakebu,prefix
酒,裂け目,sake,sakeme,prefix
酒,裂ける,sake,sakeru,prefix
叫ぶ,裂ける,sakebu,sakeru,substitution
裂け目,分け目,sakeme,wakeme,substitution
裂ける,冷める,sakeru,sameru,substitution
裂ける,透ける,sakeru,sukeru,substitution
裂ける,炊ける,sakeru,takeru,substitution
裂ける,分ける,sakeru,wakeru,substitution
裂ける,焼ける,sakeru,yakeru,substitution
砂金,索引,sakin,sakuin,insertion
昨今,側根,sakkon,sokkon,substitution
柵,作風,saku,sakufu,prefix
柵,作画,saku,sakuga,prefix
柵,索引,saku,sakuin,prefix
柵,昨季,saku,sakuki,prefix
柵,桜,saku,sakura,prefix
柵,作陶,saku,sakuto,prefix
柵,昨夜,saku,sakuya,prefix
作画,桜,sakuga,sakura,substitution
作画,昨夜,sakuga,sakuya,substitution
索引,役員,sakuin,yakuin,substitution
桜,昨夜,sakura,sakuya,substitution
作陶,即答,sakuto,sokuto,substitution
様,冷ます,sama,samasu,prefix
冷ます,晒す,samasu,sarasu,substitution
冷ます,済ます,samasu,sumasu,substitution
鮫,冷める,same,sameru,prefix
冷める,攻める,sameru,semeru,substitution
冷める,染める,sameru,someru,substitution
冷める,溜める,sameru,tameru,substitution
冷める,止める,sameru,yameru,substitution
蛹,柳,sanagi,yanagi,substitution
さなか,山河,sanaka,sanka,insertion
さなか,さやか,sanaka,sayaka,substitution
さなか,背中,sanaka,senaka,substitution
散文,単文,sanbun,tanbun,substitution
山地,山頂,sanchi,sancho,last_char_differs
山地,山中,sanchi,sanchu,last_char_differs
山地,蚕糸,sanchi,sanshi,substitution
山頂,山中,sancho,sanchu,last_char_differs
山頂,山椒,sancho,sansho,substitution
山頂,船長,sancho,sencho,substitution
山頂,村長,sancho,soncho,substitution
山頂,丹頂,sancho,tancho,substitution
山中,線虫,sanchu,senchu,substitution
産院,産品,sanin,sanpin,insertion
産院,山林,sanin,sanrin,insertion
山河,山間,sanka,sankan,insertion
山間,散漫,sankan,sanman,substitution
山間,三男,sankan,sannan,substitution
山間,産卵,sankan,sanran,substitution
山間,散々,sankan,sanzan,substitution
山間,選管,sankan,senkan,substitution
山系,賛成,sankei,sansei,substitution
山系,線形,sankei,senkei,substitution
山系,尊敬,sankei,sonkei,substitution
秋刀魚,散漫,sanma,sanman,insertion
散漫,山門,sanman,sanmon,substitution
散漫,三男,sanman,sannan,substitution
散漫,産卵,sanman,sanran,substitution
散漫,散々,sanman,sanzan,substitution
山門,山村,sanmon,sanson,substitution
三男,産卵,sannan,sanran,substitution
三男,散々,sannan,sanzan,substitution
参拝,山菜,sanpai,sansai,substitution
参拝,先輩,sanpai,senpai,substitution
参拝,惨敗,sanpai,zanpai,substitution
産品,山林,sanpin,sanrin,substitution
産品,単品,sanpin,tanpin,substitution
産卵,山林,sanran,sanrin,substitution
産卵,散々,sanran,sanzan,substitution
山菜,賛成,sansai,sansei,substitution
山菜,蚕糸,sansai,sanshi,substitution
山菜,山水,sansai,sansui,substitution
山菜,ささい,sansai,sasai,insertion
山菜,繊細,sansai,sensai,substitution
賛成,蚕糸,sansei,sanshi,substitution
賛成,山水,sansei,sansui,substitution
賛成,先生,sansei,sensei,substitution
賛成,端正,sansei,tansei,substitution
蚕糸,山椒,sanshi,sansho,last_char_differs
蚕糸,山水,sanshi,sansui,substitution
蚕糸,冊子,sanshi,sasshi,substitution
蚕糸,尊師,sanshi,sonshi,substitution
蚕糸,寸志,sanshi,sunshi,substitution
蚕糸,端子,sanshi,tanshi,substitution
蚕糸,残滓,sanshi,zanshi,substitution
山椒,酸素,sansho,sanso,insertion
山椒,査証,sansho,sasho,insertion
山椒,選書,sansho,sensho,substitution
山椒,単勝,sansho,tansho,substitution
山椒,腕章,sansho,wansho,substitution
酸素,山村,sanso,sanson,insertion
算数,山水,sansu,sansui,insertion
山水,三水,sansui,sanzui,substitution
山水,泉水,sansui,sensui,substitution
山水,淡水,sansui,tansui,substitution
皿,更紗,sara,sarasa,prefix
皿,晒す,sara,sarasu,prefix
更紗,晒す,sarasa,sarasu,last_char_differs
晒す,さらう,sarasu,sarau,insertion
晒す,反らす,sarasu,sorasu,substitution
晒す,垂らす,sarasu,tarasu,substitution
笹,刺さる,sasa,sasaru,prefix
ささい,社債,sasai,shasai,insertion
刺さる,さする,sasaru,sasuru,substitution
刺さる,触る,sasaru,sawaru,substitution
査証,車掌,sasho,shasho,insertion
蠍,さより,sasori,sayori,substitution
冊子,雑誌,sasshi,zasshi,substitution
砂州,さする,sasu,sasuru,prefix
さする,すする,sasuru,susuru,substitution
里,里子,sato,satogo,prefix
里,悟る,sato,satoru,prefix
里,諭す,sato,satosu,prefix
里,里親,sato,satoya,prefix
悟る,諭す,satoru,satosu,substitution
沢,鰆,sawa,sawara,prefix
沢,触る,sawa,sawaru,prefix
鰆,触る,sawara,sawaru,last_char_differs
鰆,俵,sawara,tawara,substitution
触る,座る,sawaru,suwaru,substitution
莢,さやか,saya,sayaka,prefix
作用,左翼,sayo,sayoku,prefix
作用,さより,sayo,sayori,prefix
さより,便り,sayori,tayori,substitution
背鰭,背広,sebire,sebiro,last_char_differs
背鰭,せびる,sebire,sebiru,last_char_differs
背広,せびる,sebiro,sebiru,last_char_differs
世代,盛大,sedai,seidai,insertion
世代,先代,sedai,sendai,insertion
聖地,成鳥,seichi,seicho,last_char_differs
聖地,成虫,seichi,seichu,last_char_differs
聖地,精子,seichi,seishi,substitution
聖地,質,seichi,shichi,substitution
聖地,低地,seichi,teichi,substitution
成鳥,成虫,seicho,seichu,last_char_differs
成鳥,西方,seicho,seiho,insertion
成鳥,聖書,seicho,seisho,substitution
成鳥,船長,seicho,sencho,substitution
成鳥,士長,seicho,shicho,substitution
成鳥,丁重,seicho,teicho,substitution
成虫,清酒,seichu,seishu,substitution
成虫,線虫,seichu,senchu,substitution
成虫,支柱,seichu,shichu,substitution
成虫,水中,seichu,suichu,substitution
盛大,政界,seidai,seikai,substitution
盛大,精米,seidai,seimai,substitution
盛大,生体,seidai,seitai,substitution
盛大,先代,seidai,sendai,substitution
盛大,私大,seidai,shidai,substitution
青銅,赤道,seido,sekido,insertion
精鋭,政経,seiei,seikei,insertion
精鋭,清明,seiei,seimei,insertion
精鋭,精霊,seiei,seirei,insertion
精鋭,石英,seiei,sekiei,insertion
声援,成年,seien,seinen,insertion
声援,清廉,seien,seiren,insertion
声援,清泉,seien,seisen,insertion
声援,聖典,seien,seiten,insertion
声援,生前,seien,seizen,insertion
政府,台詞,seifu,serifu,insertion
西岸,製版,seigan,seihan,substitution
西岸,精悍,seigan,seikan,substitution
西岸,西南,seigan,seinan,substitution
西岸,青酸,seigan,seisan,substitution
西岸,洗顔,seigan,sengan,substitution
生後,成魚,seigo,seigyo,insertion
成魚,製氷,seigyo,seihyo,substitution
成魚,生協,seigyo,seikyo,substitution
成魚,西洋,seigyo,seiyo,insertion
成魚,鮮魚,seigyo,sengyo,substitution
成魚,始業,seigyo,shigyo,substitution
制覇,製版,seiha,seihan,insertion
製版,製品,seihan,seihin,substitution
製版,製本,seihan,seihon,substitution
製版,精悍,seihan,seikan,substitution
製版,西南,seihan,seinan,substitution
製版,青酸,seihan,seisan,substitution
製版,師範,seihan,shihan,substitution
製版,炊飯,seihan,suihan,substitution
製品,製本,seihin,seihon,substitution
製品,聖人,seihin,seijin,substitution
製品,精勤,seihin,seikin,substitution
西方,製本,seiho,seihon,insertion
西方,製氷,seiho,seihyo,insertion
西方,聖書,seiho,seisho,insertion
製本,正門,seihon,seimon,substitution
製本,静穏,seihon,seion,insertion
製本,整頓,seihon,seiton,substitution
製本,資本,seihon,shihon,substitution
製氷,生協,seihyo,seikyo,substitution
製氷,西洋,seihyo,seiyo,insertion
誠意,聖域,seii,seiiki,prefix
聖域,世紀,seiiki,seiki,insertion
聖域,水域,seiiki,suiiki,substitution
青磁,聖人,seiji,seijin,insertion
青磁,席次,seiji,sekiji,insertion
聖人,清純,seijin,seijun,substitution
聖人,精勤,seijin,seikin,substitution
聖人,先人,seijin,senjin,substitution
聖人,私人,seijin,shijin,substitution
清純,星雲,seijun,seiun,insertion
生花,政界,seika,seikai,insertion
生花,精悍,seika,seikan,insertion
政界,精悍,seikai,seikan,last_char_differs
政界,政経,seikai,seikei,substitution
政界,世紀,seikai,seiki,insertion
政界,精米,seikai,seimai,substitution
政界,生体,seikai,seitai,substitution
政界,世界,seikai,sekai,insertion
政界,石灰,seikai,sekkai,substitution
政界,司会,seikai,shikai,substitution
精悍,精勤,seikan,seikin,substitution
精悍,西南,seikan,seinan,substitution
精悍,青酸,seikan,seisan,substitution
精悍,選管,seikan,senkan,substitution
精悍,士官,seikan,shikan,substitution
精悍,税関,seikan,zeikan,substitution
政経,世紀,seikei,seiki,insertion
政経,清明,seikei,seimei,substitution
政経,精霊,seikei,seirei,substitution
政経,雪渓,seikei,sekkei,substitution
政経,線形,seikei,senkei,substitution
政経,紙型,seikei,shikei,substitution
政経,水系,seikei,suikei,substitution
政経,定形,seikei,teikei,substitution
世紀,精勤,seiki,seikin,insertion
精勤,資金,seikin,shikin,substitution
精勤,税金,seikin,zeikin,substitution
精巧,生協,seiko,seikyo,insertion
生協,性急,seikyo,seikyu,last_char_differs
生協,西洋,seikyo,seiyo,insertion
生協,説教,seikyo,sekkyo,substitution
生協,司教,seikyo,shikyo,substitution
生協,帝京,seikyo,teikyo,substitution
性急,清流,seikyu,seiryu,substitution
性急,声優,seikyu,seiyu,insertion
性急,四球,seikyu,shikyu,substitution
性急,水球,seikyu,suikyu,substitution
性急,庭球,seikyu,teikyu,substitution
精米,清明,seimai,seimei,substitution
精米,生体,seimai,seitai,substitution
精米,狭い,seimai,semai,insertion
精米,姉妹,seimai,shimai,substitution
精米,弟妹,seimai,teimai,substitution
清明,精霊,seimei,seirei,substitution
清明,鮮明,seimei,senmei,substitution
清明,使命,seimei,shimei,substitution
正門,静穏,seimon,seion,insertion
正門,整頓,seimon,seiton,substitution
正門,指紋,seimon,shimon,substitution
正門,水門,seimon,suimon,substitution
西南,成年,seinan,seinen,substitution
西南,青酸,seinan,seisan,substitution
西南,至難,seinan,shinan,substitution
成年,清廉,seinen,seiren,substitution
成年,清泉,seinen,seisen,substitution
成年,聖典,seinen,seiten,substitution
成年,生前,seinen,seizen,substitution
成年,先年,seinen,sennen,substitution
成年,深淵,seinen,shinen,substitution
成年,定年,seinen,teinen,substitution
静穏,整頓,seion,seiton,insertion
精霊,清廉,seirei,seiren,last_char_differs
精霊,洗礼,seirei,senrei,substitution
精霊,定例,seirei,teirei,substitution
清廉,清泉,seiren,seisen,substitution
清廉,聖典,seiren,seiten,substitution
清廉,生前,seiren,seizen,substitution
清廉,洗練,seiren,senren,substitution
清廉,試練,seiren,shiren,substitution
清廉,睡蓮,seiren,suiren,substitution
清流,声優,seiryu,seiyu,insertion
清流,川柳,seiryu,senryu,substitution
清流,支流,seiryu,shiryu,substitution
青酸,清泉,seisan,seisen,substitution
青酸,資産,seisan,shisan,substitution
清泉,聖典,seisen,seiten,substitution
清泉,生前,seisen,seizen,substitution
清泉,支線,seisen,shisen,substitution
清泉,水仙,seisen,suisen,substitution
清泉,停船,seisen,teisen,substitution
精子,聖書,seishi,seisho,last_char_differs
精子,清酒,seishi,seishu,last_char_differs
精子,獅子,seishi,shishi,substitution
精子,停止,seishi,teishi,substitution
聖書,清酒,seisho,seishu,last_char_differs
聖書,清掃,seisho,seiso,insertion
聖書,選書,seisho,sensho,substitution
聖書,摂政,seisho,sessho,substitution
聖書,司書,seisho,shisho,substitution
聖書,水晶,seisho,suisho,substitution
清酒,整数,seishu,seisu,insertion
清酒,船首,seishu,senshu,substitution
清酒,施主,seishu,seshu,insertion
清酒,拙守,seishu,sesshu,substitution
清酒,詩集,seishu,shishu,substitution
清酒,亭主,seishu,teishu,substitution
生体,船体,seitai,sentai,substitution
生体,世帯,seitai,setai,insertion
生体,肢体,seitai,shitai,substitution
聖典,整頓,seiten,seiton,substitution
聖典,生前,seiten,seizen,substitution
聖典,支店,seiten,shiten,substitution
聖典,定点,seiten,teiten,substitution
生徒,整頓,seito,seiton,insertion
星雲,積雲,seiun,sekiun,insertion
声優,石油,seiyu,sekiyu,insertion
生前,自然,seizen,shizen,substitution
世界,石灰,sekai,sekkai,insertion
席,赤道,seki,sekido,prefix
席,石英,seki,sekiei,prefix
席,石碑,seki,sekihi,prefix
席,席次,seki,sekiji,prefix
席,積雲,seki,sekiun,prefix
席,石油,seki,sekiyu,prefix
席,石像,seki,sekizo,prefix
赤道,石像,sekido,sekizo,substitution
赤道,適度,sekido,tekido,substitution
石英,石碑,sekiei,sekihi,substitution
石英,席次,sekiei,sekiji,substitution
石英,雪渓,sekiei,sekkei,substitution
石碑,席次,sekihi,sekiji,substitution
席次,適時,sekiji,tekiji,substitution
石灰,雪渓,sekkai,sekkei,substitution
石灰,石器,sekkai,sekki,insertion
石灰,絶海,sekkai,zekkai,substitution
雪渓,石鹸,sekkei,sekken,last_char_differs
雪渓,石器,sekkei,sekki,insertion
雪渓,線形,sekkei,senkei,substitution
雪渓,絶景,sekkei,zekkei,substitution
石膏,説教,sekko,sekkyo,insertion
石膏,末っ子,sekko,suekko,insertion
説教,即興,sekkyo,sokkyo,substitution
説教,鉄橋,sekkyo,tekkyo,substitution
説教,絶叫,sekkyo,zekkyo,substitution
迫る,攻める,semaru,semeru,substitution
迫る,染まる,semaru,somaru,substitution
攻める,染める,semeru,someru,substitution
背中,専科,senaka,senka,insertion
旋盤,船団,senban,sendan,substitution
旋盤,洗顔,senban,sengan,substitution
旋盤,選管,senban,senkan,substitution
旋盤,先般,senban,senpan,substitution
旋盤,先端,senban,sentan,substitution
煎餅,船尾,senbei,senbi,insertion
煎餅,線形,senbei,senkei,substitution
煎餅,鮮明,senbei,senmei,substitution
煎餅,洗礼,senbei,senrei,substitution
煎餅,先生,senbei,sensei,substitution
煎餅,船艇,senbei,sentei,substitution
船尾,背伸び,senbi,senobi,insertion
船長,線虫,sencho,senchu,last_char_differs
船長,選書,sencho,sensho,substitution
船長,村長,sencho,soncho,substitution
船長,店長,sencho,tencho,substitution
船長,前兆,sencho,zencho,substitution
線虫,船首,senchu,senshu,substitution
先代,船団,sendai,sendan,last_char_differs
先代,先輩,sendai,senpai,substitution
先代,繊細,sendai,sensai,substitution
先代,船体,sendai,sentai,substitution
先代,前栽,sendai,senzai,substitution
先代,尊大,sendai,sondai,substitution
先代,前代,sendai,zendai,substitution
船団,洗顔,sendan,sengan,substitution
船団,選管,sendan,senkan,substitution
船団,先般,sendan,senpan,substitution
船団,先端,sendan,sentan,substitution
洗顔,選管,sengan,senkan,substitution
洗顔,先般,sengan,senpan,substitution
洗顔,先端,sengan,sentan,substitution
鮮魚,染料,sengyo,senryo,substitution
船員,先人,senin,senjin,insertion
船員,仙人,senin,sennin,insertion
先人,仙人,senjin,sennin,substitution
先人,天神,senjin,tenjin,substitution
先人,全人,senjin,zenjin,substitution
専科,選管,senka,senkan,insertion
選管,先般,senkan,senpan,substitution
選管,先端,senkan,sentan,substitution
選管,転換,senkan,tenkan,substitution
選管,全巻,senkan,zenkan,substitution
線形,鮮明,senkei,senmei,substitution
線形,洗礼,senkei,senrei,substitution
線形,先生,senkei,sensei,substitution
線形,船艇,senkei,sentei,substitution
線形,尊敬,senkei,sonkei,substitution
線形,全景,senkei,zenkei,substitution
鮮明,洗面,senmei,senmen,last_char_differs
鮮明,洗礼,senmei,senrei,substitution
鮮明,先生,senmei,sensei,substitution
鮮明,船艇,senmei,sentei,substitution
鮮明,天命,senmei,tenmei,substitution
洗面,先年,senmen,sennen,substitution
洗面,洗練,senmen,senren,substitution
洗面,全面,senmen,zenmen,substitution
先年,仙人,sennen,sennin,substitution
先年,洗練,sennen,senren,substitution
先年,天然,sennen,tennen,substitution
先年,前年,sennen,zennen,substitution
仙人,天人,sennin,tennin,substitution
仙人,善人,sennin,zennin,substitution
先輩,先般,senpai,senpan,last_char_differs
先輩,繊細,senpai,sensai,substitution
先輩,船体,senpai,sentai,substitution
先輩,前栽,senpai,senzai,substitution
先輩,全敗,senpai,zenpai,substitution
先般,先端,senpan,sentan,substitution
先般,典範,senpan,tenpan,substitution
洗礼,洗練,senrei,senren,last_char_differs
洗礼,先生,senrei,sensei,substitution
洗礼,船艇,senrei,sentei,substitution
線路,染料,senro,senryo,insertion
染料,川柳,senryo,senryu,last_char_differs
染料,損料,senryo,sonryo,substitution
染料,天領,senryo,tenryo,substitution
染料,善良,senryo,zenryo,substitution
繊細,先生,sensai,sensei,substitution
繊細,泉水,sensai,sensui,substitution
繊細,船体,sensai,sentai,substitution
繊細,前栽,sensai,senzai,substitution
繊細,天才,sensai,tensai,substitution
繊細,前菜,sensai,zensai,substitution
先生,泉水,sensei,sensui,substitution
先生,船艇,sensei,sentei,substitution
洗車,選書,sensha,sensho,last_char_differs
洗車,船首,sensha,senshu,last_char_differs
洗車,全社,sensha,zensha,substitution
選書,船首,sensho,senshu,last_char_differs
選書,摂政,sensho,sessho,substitution
選書,全書,sensho,zensho,substitution
船首,扇子,senshu,sensu,insertion
船首,施主,senshu,seshu,insertion
船首,拙守,senshu,sesshu,substitution
船首,天主,senshu,tenshu,substitution
船首,前週,senshu,zenshu,substitution
扇子,泉水,sensu,sensui,insertion
泉水,節水,sensui,sessui,substitution
船体,先端,sentai,sentan,last_char_differs
船体,船艇,sentai,sentei,substitution
船体,前栽,sentai,senzai,substitution
船体,世帯,sentai,setai,insertion
船体,天体,sentai,tentai,substitution
船体,全体,sentai,zentai,substitution
先手,船艇,sente,sentei,insertion
船艇,設定,sentei,settei,substitution
船艇,前庭,sentei,zentei,substitution
前栽,存在,senzai,sonzai,substitution
前栽,善哉,senzai,zenzai,substitution
芹,台詞,seri,serifu,prefix
施主,拙守,seshu,sesshu,insertion
摂政,拙守,sessho,sesshu,last_char_differs
拙守,撤収,sesshu,tesshu,substitution
切,右折,setsu,usetsu,insertion
設定,徹底,settei,tettei,substitution
鯱,社長,shachi,shacho,last_char_differs
鯱,車中,shachi,shachu,last_char_differs
鯱,質,shachi,shichi,substitution
社長,車中,shacho,shachu,last_char_differs
社長,車掌,shacho,shasho,substitution
社長,士長,shacho,shicho,substitution
社長,小腸,shacho,shocho,substitution
社長,酋長,shacho,shucho,substitution
車中,社主,shachu,shashu,substitution
車中,支柱,shachu,shichu,substitution
車中,焼酎,shachu,shochu,substitution
車中,主柱,shachu,shuchu,substitution
社団,社殿,shadan,shaden,substitution
社団,師団,shadan,shidan,substitution
社団,初段,shadan,shodan,substitution
社団,集団,shadan,shudan,substitution
社殿,斜辺,shaden,shahen,substitution
社殿,車検,shaden,shaken,substitution
社殿,斜面,shaden,shamen,substitution
社殿,車線,shaden,shasen,substitution
社殿,市電,shaden,shiden,substitution
社殿,終電,shaden,shuden,substitution
斜辺,写本,shahen,shahon,substitution
斜辺,車検,shahen,shaken,substitution
斜辺,斜面,shahen,shamen,substitution
斜辺,車線,shahen,shasen,substitution
斜辺,紙片,shahen,shihen,substitution
斜辺,周辺,shahen,shuhen,substitution
写本,資本,shahon,shihon,substitution
写本,抄本,shahon,shohon,substitution
社員,車輪,shain,sharin,insertion
釈迦,社会,shaka,shakai,insertion
社会,社債,shakai,shasai,substitution
社会,車体,shakai,shatai,substitution
社会,謝罪,shakai,shazai,substitution
社会,司会,shakai,shikai,substitution
社会,初回,shakai,shokai,substitution
社会,集会,shakai,shukai,substitution
車検,斜面,shaken,shamen,substitution
車検,車線,shaken,shasen,substitution
車検,試験,shaken,shiken,substitution
車検,証券,shaken,shoken,substitution
車庫,写経,shako,shakyo,insertion
しゃく,社屋,shaku,shaoku,insertion
しゃく,蒼白,shaku,sohaku,insertion
写経,車両,shakyo,sharyo,substitution
写経,斜陽,shakyo,shayo,insertion
写経,司教,shakyo,shikyo,substitution
写経,消去,shakyo,shokyo,substitution
写経,宗教,shakyo,shukyo,substitution
斜面,車線,shamen,shasen,substitution
斜面,紙面,shamen,shimen,substitution
斜面,正面,shamen,shomen,substitution
社屋,食,shaoku,shoku,insertion
洒落,謝礼,share,sharei,insertion
謝礼,写生,sharei,shasei,substitution
車両,斜陽,sharyo,shayo,insertion
車両,飼料,sharyo,shiryo,substitution
車両,少量,sharyo,shoryo,substitution
車両,首領,sharyo,shuryo,substitution
社債,写生,shasai,shasei,substitution
社債,車体,shasai,shatai,substitution
社債,謝罪,shasai,shazai,substitution
社債,司祭,shasai,shisai,substitution
社債,書斎,shasai,shosai,substitution
社債,秀才,shasai,shusai,substitution
写生,車線,shasei,shasen,last_char_differs
写生,市井,shasei,shisei,substitution
写生,小生,shasei,shosei,substitution
写生,終生,shasei,shusei,substitution
車線,支線,shasen,shisen,substitution
車線,商船,shasen,shosen,substitution
車掌,社主,shasho,shashu,last_char_differs
車掌,車窓,shasho,shaso,insertion
車掌,司書,shasho,shisho,substitution
車掌,小暑,shasho,shosho,substitution
車掌,主将,shasho,shusho,substitution
社主,詩集,shashu,shishu,substitution
社主,初秋,shashu,shoshu,substitution
社主,修習,shashu,shushu,substitution
車体,謝罪,shatai,shazai,substitution
車体,肢体,shatai,shitai,substitution
車体,所帯,shatai,shotai,substitution
謝罪,資材,shazai,shizai,substitution
謝罪,所在,shazai,shozai,substitution
試合,芝居,shiai,shibai,insertion
試合,私大,shiai,shidai,insertion
試合,市街,shiai,shigai,insertion
試合,賜杯,shiai,shihai,insertion
試合,司会,shiai,shikai,insertion
試合,姉妹,shiai,shimai,insertion
試合,竹刀,shiai,shinai,insertion
試合,司祭,shiai,shisai,insertion
試合,肢体,shiai,shitai,insertion
試合,資材,shiai,shizai,insertion
思案,師団,shian,shidan,insertion
思案,師範,shian,shihan,insertion
思案,士官,shian,shikan,insertion
思案,至難,shian,shinan,insertion
思案,資産,shian,shisan,insertion
芝,芝居,shiba,shibai,insertion
芝居,渋い,shibai,shibui,substitution
芝居,私大,shibai,shidai,substitution
芝居,市街,shibai,shigai,substitution
芝居,賜杯,shibai,shihai,substitution
芝居,司会,shibai,shikai,substitution
芝居,姉妹,shibai,shimai,substitution
芝居,竹刀,shibai,shinai,substitution
芝居,司祭,shibai,shisai,substitution
芝居,肢体,shibai,shitai,substitution
芝居,資材,shibai,shizai,substitution
至便,市電,shiben,shiden,substitution
至便,資源,shiben,shigen,substitution
至便,紙片,shiben,shihen,substitution
至便,試験,shiben,shiken,substitution
至便,紙面,shiben,shimen,substitution
至便,深淵,shiben,shinen,substitution
至便,試練,shiben,shiren,substitution
至便,支線,shiben,shisen,substitution
至便,支店,shiben,shiten,substitution
至便,自然,shiben,shizen,substitution
子房,心棒,shibo,shinbo,insertion
支部,渋い,shibu,shibui,insertion
支部,深部,shibu,shinbu,insertion
質,士長,shichi,shicho,last_char_differs
質,支柱,shichi,shichu,last_char_differs
質,私費,shichi,shihi,insertion
質,獅子,shichi,shishi,substitution
士長,支柱,shicho,shichu,last_char_differs
士長,至宝,shicho,shiho,insertion
士長,司書,shicho,shisho,substitution
士長,小腸,shicho,shocho,substitution
士長,酋長,shicho,shucho,substitution
支柱,詩集,shichu,shishu,substitution
支柱,焼酎,shichu,shochu,substitution
支柱,主柱,shichu,shuchu,substitution
支柱,水中,shichu,suichu,substitution
羊歯,私大,shida,shidai,insertion
羊歯,師団,shida,shidan,insertion
私大,師団,shidai,shidan,last_char_differs
私大,市街,shidai,shigai,substitution
私大,賜杯,shidai,shihai,substitution
私大,司会,shidai,shikai,substitution
私大,姉妹,shidai,shimai,substitution
私大,竹刀,shidai,shinai,substitution
私大,司祭,shidai,shisai,substitution
私大,肢体,shidai,shitai,substitution
私大,資材,shidai,shizai,substitution
私大,初代,shidai,shodai,substitution
私大,主題,shidai,shudai,substitution
師団,市電,shidan,shiden,substitution
師団,師範,shidan,shihan,substitution
師団,士官,shidan,shikan,substitution
師団,至難,shidan,shinan,substitution
師団,資産,shidan,shisan,substitution
師団,初段,shidan,shodan,substitution
師団,集団,shidan,shudan,substitution
市電,資源,shiden,shigen,substitution
市電,紙片,shiden,shihen,substitution
市電,試験,shiden,shiken,substitution
市電,紙面,shiden,shimen,substitution
市電,深淵,shiden,shinen,substitution
市電,試練,shiden,shiren,substitution
市電,支線,shiden,shisen,substitution
市電,支店,shiden,shiten,substitution
市電,自然,shiden,shizen,substitution
市電,終電,shiden,shuden,substitution
市電,水田,shiden,suiden,substitution
市道,神童,shido,shindo,insertion
歯牙,市街,shiga,shigai,insertion
市街,市議,shigai,shigi,insertion
市街,賜杯,shigai,shihai,substitution
市街,司会,shigai,shikai,substitution
市街,姉妹,shigai,shimai,substitution
市街,竹刀,shigai,shinai,substitution
市街,司祭,shigai,shisai,substitution
市街,肢体,shigai,shitai,substitution
市街,資材,shigai,shizai,substitution
市街,生涯,shigai,shogai,substitution
資源,詩吟,shigen,shigin,substitution
資源,紙片,shigen,shihen,substitution
資源,試験,shigen,shiken,substitution
資源,紙面,shigen,shimen,substitution
資源,深淵,shigen,shinen,substitution
資源,試練,shigen,shiren,substitution
資源,支線,shigen,shisen,substitution
資源,支店,shigen,shiten,substitution
資源,自然,shigen,shizen,substitution
資源,修験,shigen,shugen,substitution
資源,水源,shigen,suigen,substitution
市議,詩吟,shigi,shigin,insertion
詩吟,子音,shigin,shiin,insertion
詩吟,私人,shigin,shijin,substitution
詩吟,資金,shigin,shikin,substitution
詩吟,市民,shigin,shimin,substitution
詩吟,水銀,shigin,suigin,substitution
始業,司教,shigyo,shikyo,substitution
始業,飼料,shigyo,shiryo,substitution
始業,子葉,shigyo,shiyo,insertion
始業,聖教,shigyo,shogyo,substitution
始業,終業,shigyo,shugyo,substitution
賜杯,師範,shihai,shihan,last_char_differs
賜杯,紙幣,shihai,shihei,substitution
賜杯,私費,shihai,shihi,insertion
賜杯,司会,shihai,shikai,substitution
賜杯,姉妹,shihai,shimai,substitution
賜杯,竹刀,shihai,shinai,substitution
賜杯,司祭,shihai,shisai,substitution
賜杯,肢体,shihai,shitai,substitution
賜杯,資材,shihai,shizai,substitution
賜杯,賞牌,shihai,shohai,substitution
師範,紙片,shihan,shihen,substitution
師範,資本,shihan,shihon,substitution
師範,士官,shihan,shikan,substitution
師範,至難,shihan,shinan,substitution
師範,資産,shihan,shisan,substitution
師範,初版,shihan,shohan,substitution
師範,炊飯,shihan,suihan,substitution
紙幣,紙片,shihei,shihen,last_char_differs
紙幣,私費,shihei,shihi,insertion
紙幣,紙型,shihei,shikei,substitution
紙幣,使命,shihei,shimei,substitution
紙幣,新鋭,shihei,shinei,substitution
紙幣,市井,shihei,shisei,substitution
紙幣,姉弟,shihei,shitei,substitution
紙幣,水平,shihei,suihei,substitution
紙片,資本,shihen,shihon,substitution
紙片,試験,shihen,shiken,substitution
紙片,紙面,shihen,shimen,substitution
紙片,深淵,shihen,shinen,substitution
紙片,試練,shihen,shiren,substitution
紙片,支線,shihen,shisen,substitution
紙片,支店,shihen,shiten,substitution
紙片,自然,shihen,shizen,substitution
紙片,周辺,shihen,shuhen,substitution
私費,獅子,shihi,shishi,insertion
至宝,資本,shiho,shihon,insertion
至宝,司書,shiho,shisho,insertion
資本,紫紺,shihon,shikon,substitution
資本,指紋,shihon,shimon,substitution
資本,紫苑,shihon,shion,insertion
資本,子孫,shihon,shison,substitution
資本,抄本,shihon,shohon,substitution
椎,詩歌,shii,shiika,prefix
椎,飼育,shii,shiiku,prefix
椎,強いる,shii,shiiru,prefix
詩歌,飼育,shiika,shiiku,last_char_differs
詩歌,鹿,shiika,shika,insertion
詩歌,進化,shiika,shinka,substitution
飼育,強いる,shiiku,shiiru,substitution
飼育,市区,shiiku,shiku,insertion
飼育,深紅,shiiku,shinku,substitution
子音,私人,shiin,shijin,insertion
子音,資金,shiin,shikin,insertion
子音,市民,shiin,shimin,insertion
強いる,汁,shiiru,shiru,insertion
師事,私人,shiji,shijin,insertion
師事,神事,shiji,shinji,insertion
私人,資金,shijin,shikin,substitution
私人,市民,shijin,shimin,substitution
私人,主人,shijin,shujin,substitution
紫綬,真珠,shiju,shinju,insertion
鹿,司会,shika,shikai,insertion
鹿,士官,shika,shikan,insertion
鹿,進化,shika,shinka,insertion
司会,士官,shikai,shikan,last_char_differs
司会,紙型,shikai,shikei,substitution
司会,四季,shikai,shiki,insertion
司会,敷居,shikai,shikii,substitution
司会,漆器,shikai,shikki,substitution
司会,姉妹,shikai,shimai,substitution
司会,竹刀,shikai,shinai,substitution
司会,司祭,shikai,shisai,substitution
司会,肢体,shikai,shitai,substitution
司会,資材,shikai,shizai,substitution
司会,初回,shikai,shokai,substitution
司会,集会,shikai,shukai,substitution
士官,試験,shikan,shiken,substitution
士官,資金,shikan,shikin,substitution
士官,紫紺,shikan,shikon,substitution
士官,至難,shikan,shinan,substitution
士官,資産,shikan,shisan,substitution
士官,小寒,shikan,shokan,substitution
士官,週間,shikan,shukan,substitution
紙型,試験,shikei,shiken,last_char_differs
紙型,四季,shikei,shiki,insertion
紙型,敷居,shikei,shikii,substitution
紙型,漆器,shikei,shikki,substitution
紙型,使命,shikei,shimei,substitution
紙型,新鋭,shikei,shinei,substitution
紙型,市井,shikei,shisei,substitution
紙型,姉弟,shikei,shitei,substitution
紙型,小径,shikei,shokei,substitution
紙型,集計,shikei,shukei,substitution
紙型,水系,shikei,suikei,substitution
試験,資金,shiken,shikin,substitution
試験,紫紺,shiken,shikon,substitution
試験,紙面,shiken,shimen,substitution
試験,深淵,shiken,shinen,substitution
試験,試練,shiken,shiren,substitution
試験,支線,shiken,shisen,substitution
試験,支店,shiken,shiten,substitution
試験,自然,shiken,shizen,substitution
試験,証券,shiken,shoken,substitution
四季,敷居,shiki,shikii,insertion
四季,資金,shiki,shikin,insertion
四季,漆器,shiki,shikki,insertion
四季,神器,shiki,shinki,insertion
敷居,資金,shikii,shikin,last_char_differs
敷居,漆器,shikii,shikki,substitution
資金,紫紺,shikin,shikon,substitution
資金,市民,shikin,shimin,substitution
資金,賞金,shikin,shokin,substitution
資金,集金,shikin,shukin,substitution
湿気,漆器,shikke,shikki,last_char_differs
湿気,塩気,shikke,shioke,substitution
湿気,出家,shikke,shukke,substitution
漆器,神器,shikki,shinki,substitution
漆器,織機,shikki,shokki,substitution
歯垢,紫紺,shiko,shikon,insertion
歯垢,司教,shiko,shikyo,insertion
歯垢,信仰,shiko,shinko,insertion
紫紺,指紋,shikon,shimon,substitution
紫紺,紫苑,shikon,shion,insertion
紫紺,子孫,shikon,shison,substitution
紫紺,初婚,shikon,shokon,substitution
紫紺,主根,shikon,shukon,substitution
市区,四球,shiku,shikyu,insertion
市区,深紅,shiku,shinku,insertion
司教,四球,shikyo,shikyu,last_char_differs
司教,飼料,shikyo,shiryo,substitution
司教,子葉,shikyo,shiyo,insertion
司教,消去,shikyo,shokyo,substitution
司教,宗教,shikyo,shukyo,substitution
四球,親友,shikyu,shinyu,substitution
四球,支流,shikyu,shiryu,substitution
四球,初球,shikyu,shokyu,substitution
四球,週給,shikyu,shukyu,substitution
四球,水球,shikyu,suikyu,substitution
島,姉妹,shima,shimai,insertion
姉妹,使命,shimai,shimei,substitution
姉妹,竹刀,shimai,shinai,substitution
姉妹,司祭,shimai,shisai,substitution
姉妹,肢体,shimai,shitai,substitution
姉妹,資材,shimai,shizai,substitution
姉妹,焼売,shimai,shumai,substitution
使命,紙面,shimei,shimen,last_char_differs
使命,新鋭,shimei,shinei,substitution
使命,市井,shimei,shisei,substitution
使命,姉弟,shimei,shitei,substitution
使命,照明,shimei,shomei,substitution
使命,襲名,shimei,shumei,substitution
紙面,市民,shimen,shimin,substitution
紙面,指紋,shimen,shimon,substitution
紙面,深淵,shimen,shinen,substitution
紙面,試練,shimen,shiren,substitution
紙面,支線,shimen,shisen,substitution
紙面,支店,shimen,shiten,substitution
紙面,自然,shimen,shizen,substitution
紙面,正面,shimen,shomen,substitution
紙面,水面,shimen,suimen,substitution
市民,指紋,shimin,shimon,substitution
市民,庶民,shimin,shomin,substitution
市民,州民,shimin,shumin,substitution
市民,睡眠,shimin,suimin,substitution
霜,指紋,shimo,shimon,insertion
指紋,紫苑,shimon,shion,insertion
指紋,子孫,shimon,shison,substitution
指紋,証文,shimon,shomon,substitution
指紋,宗門,shimon,shumon,substitution
指紋,水門,shimon,suimon,substitution
芯,竹刀,shin,shinai,prefix
芯,至難,shin,shinan,prefix
芯,心棒,shin,shinbo,prefix
芯,深部,shin,shinbu,prefix
芯,神童,shin,shindo,prefix
芯,新鋭,shin,shinei,prefix
芯,深淵,shin,shinen,prefix
芯,信号,shin,shingo,prefix
芯,寝具,shin,shingu,prefix
芯,信者,shin,shinja,prefix
芯,神事,shin,shinji,prefix
芯,真珠,shin,shinju,prefix
芯,進化,shin,shinka,prefix
芯,神器,shin,shinki,prefix
芯,信仰,shin,shinko,prefix
芯,深紅,shin,shinku,prefix
芯,新芽,shin,shinme,prefix
芯,親身,shin,shinmi,prefix
芯,親王,shin,shinno,prefix
芯,新派,shin,shinpa,prefix
芯,神秘,shin,shinpi,prefix
芯,信奉,shin,shinpo,prefix
芯,新婦,shin,shinpu,prefix
芯,心理,shin,shinri,prefix
芯,新郎,shin,shinro,prefix
芯,深層,shin,shinso,prefix
芯,信徒,shin,shinto,prefix
芯,神話,shin,shinwa,prefix
芯,深夜,shin,shinya,prefix
芯,親友,shin,shinyu,prefix
芯,心臓,shin,shinzo,prefix
品,竹刀,shina,shinai,insertion
品,至難,shina,shinan,insertion
品,信者,shina,shinja,insertion
品,進化,shina,shinka,insertion
品,新派,shina,shinpa,insertion
品,神話,shina,shinwa,insertion
品,深夜,shina,shinya,insertion
竹刀,至難,shinai,shinan,last_char_differs
竹刀,新鋭,shinai,shinei,substitution
竹刀,神事,shinai,shinji,substitution
竹刀,神器,shinai,shinki,substitution
竹刀,親身,shinai,shinmi,substitution
竹刀,神秘,shinai,shinpi,substitution
竹刀,心理,shinai,shinri,substitution
竹刀,司祭,shinai,shisai,substitution
竹刀,肢体,shinai,shitai,substitution
竹刀,資材,shinai,shizai,substitution
至難,深淵,shinan,shinen,substitution
至難,資産,shinan,shisan,substitution
心棒,深部,shinbo,shinbu,last_char_differs
心棒,神童,shinbo,shindo,substitution
心棒,信号,shinbo,shingo,substitution
心棒,信仰,shinbo,shinko,substitution
心棒,親王,shinbo,shinno,substitution
心棒,篠,shinbo,shino,insertion
心棒,信奉,shinbo,shinpo,substitution
心棒,新郎,shinbo,shinro,substitution
心棒,深層,shinbo,shinso,substitution
心棒,信徒,shinbo,shinto,substitution
心棒,心臓,shinbo,shinzo,substitution
深部,寝具,shinbu,shingu,substitution
深部,真珠,shinbu,shinju,substitution
深部,深紅,shinbu,shinku,substitution
深部,新婦,shinbu,shinpu,substitution
深部,親友,shinbu,shinyu,substitution
神童,信号,shindo,shingo,substitution
神童,信仰,shindo,shinko,substitution
神童,親王,shindo,shinno,substitution
神童,篠,shindo,shino,insertion
神童,信奉,shindo,shinpo,substitution
神童,新郎,shindo,shinro,substitution
神童,深層,shindo,shinso,substitution
神童,信徒,shindo,shinto,substitution
神童,心臓,shindo,shinzo,substitution
新鋭,深淵,shinei,shinen,last_char_differs
新鋭,神事,shinei,shinji,substitution
新鋭,神器,shinei,shinki,substitution
新鋭,親身,shinei,shinmi,substitution
新鋭,神秘,shinei,shinpi,substitution
新鋭,心理,shinei,shinri,substitution
新鋭,市井,shinei,shisei,substitution
新鋭,姉弟,shinei,shitei,substitution
深淵,試練,shinen,shiren,substitution
深淵,支線,shinen,shisen,substitution
深淵,支店,shinen,shiten,substitution
深淵,自然,shinen,shizen,substitution
深淵,少年,shinen,shonen,substitution
深淵,周年,shinen,shunen,substitution
信号,寝具,shingo,shingu,last_char_differs
信号,信仰,shingo,shinko,substitution
信号,親王,shingo,shinno,substitution
信号,篠,shingo,shino,insertion
信号,信奉,shingo,shinpo,substitution
信号,新郎,shingo,shinro,substitution
信号,深層,shingo,shinso,substitution
信号,信徒,shingo,shinto,substitution
信号,心臓,shingo,shinzo,substitution
寝具,真珠,shingu,shinju,substitution
寝具,深紅,shingu,shinku,substitution
寝具,新婦,shingu,shinpu,substitution
寝具,親友,shingu,shinyu,substitution
信者,神事,shinja,shinji,last_char_differs
信者,真珠,shinja,shinju,last_char_differs
信者,進化,shinja,shinka,substitution
信者,新派,shinja,shinpa,substitution
信者,神話,shinja,shinwa,substitution
信者,深夜,shinja,shinya,substitution
神事,真珠,shinji,shinju,last_char_differs
神事,神器,shinji,shinki,substitution
神事,親身,shinji,shinmi,substitution
神事,神秘,shinji,shinpi,substitution
神事,心理,shinji,shinri,substitution
神事,瞬時,shinji,shunji,substitution
真珠,深紅,shinju,shinku,substitution
真珠,新婦,shinju,shinpu,substitution
真珠,親友,shinju,shinyu,substitution
真珠,春秋,shinju,shunju,substitution
進化,神器,shinka,shinki,last_char_differs
進化,信仰,shinka,shinko,last_char_differs
進化,深紅,shinka,shinku,last_char_differs
進化,新派,shinka,shinpa,substitution
進化,神話,shinka,shinwa,substitution
進化,深夜,shinka,shinya,substitution
神器,信仰,shinki,shinko,last_char_differs
神器,深紅,shinki,shinku,last_char_differs
神器,親身,shinki,shinmi,substitution
神器,神秘,shinki,shinpi,substitution
神器,心理,shinki,shinri,substitution
神器,春季,shinki,shunki,substitution
信仰,深紅,shinko,shinku,last_char_differs
信仰,親王,shinko,shinno,substitution
信仰,篠,shinko,shino,insertion
信仰,信奉,shinko,shinpo,substitution
信仰,新郎,shinko,shinro,substitution
信仰,深層,shinko,shinso,substitution
信仰,信徒,shinko,shinto,substitution
信仰,心臓,shinko,shinzo,substitution
深紅,新婦,shinku,shinpu,substitution
深紅,親友,shinku,shinyu,substitution
新芽,親身,shinme,shinmi,last_char_differs
新芽,潮目,shinme,shiome,substitution
親身,神秘,shinmi,shinpi,substitution
親身,心理,shinmi,shinri,substitution
親王,篠,shinno,shino,insertion
親王,信奉,shinno,shinpo,substitution
親王,新郎,shinno,shinro,substitution
親王,深層,shinno,shinso,substitution
親王,信徒,shinno,shinto,substitution
親王,心臓,shinno,shinzo,substitution
篠,信奉,shino,shinpo,insertion
篠,新郎,shino,shinro,insertion
篠,深層,shino,shinso,insertion
篠,信徒,shino,shinto,insertion
篠,心臓,shino,shinzo,insertion
新派,神秘,shinpa,shinpi,last_char_differs
新派,信奉,shinpa,shinpo,last_char_differs
新派,新婦,shinpa,shinpu,last_char_differs
新派,神話,shinpa,shinwa,substitution
新派,深夜,shinpa,shinya,substitution
神秘,信奉,shinpi,shinpo,last_char_differs
神秘,新婦,shinpi,shinpu,last_char_differs
神秘,心理,shinpi,shinri,substitution
信奉,新婦,shinpo,shinpu,last_char_differs
信奉,新郎,shinpo,shinro,substitution
信奉,深層,shinpo,shinso,substitution
信奉,信徒,shinpo,shinto,substitution
信奉,心臓,shinpo,shinzo,substitution
新婦,親友,shinpu,shinyu,substitution
新婦,湿布,shinpu,shippu,substitution
心理,新郎,shinri,shinro,last_char_differs
新郎,深層,shinro,shinso,substitution
新郎,信徒,shinro,shinto,substitution
新郎,心臓,shinro,shinzo,substitution
新郎,白,shinro,shiro,insertion
深層,信徒,shinso,shinto,substitution
深層,心臓,shinso,shinzo,substitution
深層,紫蘇,shinso,shiso,insertion
深層,質素,shinso,shisso,substitution
信徒,心臓,shinto,shinzo,substitution
信徒,使徒,shinto,shito,insertion
信徒,失投,shinto,shitto,substitution
神話,深夜,shinwa,shinya,substitution
神話,皺,shinwa,shiwa,insertion
深夜,親友,shinya,shinyu,last_char_differs
深夜,視野,shinya,shiya,insertion
親友,支流,shinyu,shiryu,substitution
親友,収入,shinyu,shunyu,substitution
塩,塩気,shio,shioke,prefix
塩,潮目,shio,shiome,prefix
塩気,潮目,shioke,shiome,substitution
紫苑,子孫,shion,shison,insertion
試練,支線,shiren,shisen,substitution
試練,支店,shiren,shiten,substitution
試練,自然,shiren,shizen,substitution
試練,睡蓮,shiren,suiren,substitution
白,白い,shiro,shiroi,insertion
白,飼料,shiro,shiryo,insertion
白,朱色,shiro,shuiro,insertion
白,後ろ,shiro,ushiro,insertion
汁,支流,shiru,shiryu,insertion
飼料,支流,shiryo,shiryu,last_char_differs
飼料,子葉,shiryo,shiyo,insertion
飼料,少量,shiryo,shoryo,substitution
飼料,首領,shiryo,shuryo,substitution
司祭,資産,shisai,shisan,last_char_differs
司祭,市井,shisai,shisei,substitution
司祭,獅子,shisai,shishi,substitution
司祭,肢体,shisai,shitai,substitution
司祭,資材,shisai,shizai,substitution
司祭,書斎,shisai,shosai,substitution
司祭,秀才,shisai,shusai,substitution
資産,支線,shisan,shisen,substitution
資産,子孫,shisan,shison,substitution
資産,硝酸,shisan,shosan,substitution
市井,支線,shisei,shisen,last_char_differs
市井,獅子,shisei,shishi,substitution
市井,姉弟,shisei,shitei,substitution
市井,小生,shisei,shosei,substitution
市井,終生,shisei,shusei,substitution
市井,彗星,shisei,suisei,substitution
支線,子孫,shisen,shison,substitution
支線,支店,shisen,shiten,substitution
支線,自然,shisen,shizen,substitution
支線,商船,shisen,shosen,substitution
支線,水仙,shisen,suisen,substitution
使者,獅子,shisha,shishi,last_char_differs
使者,司書,shisha,shisho,last_char_differs
使者,詩集,shisha,shishu,last_char_differs
使者,勝者,shisha,shosha,substitution
使者,水車,shisha,suisha,substitution
獅子,司書,shishi,shisho,last_char_differs
獅子,詩集,shishi,shishu,last_char_differs
獅子,諸氏,shishi,shoshi,substitution
獅子,手指,shishi,shushi,substitution
司書,詩集,shisho,shishu,last_char_differs
司書,紫蘇,shisho,shiso,insertion
司書,質素,shisho,shisso,substitution
司書,小暑,shisho,shosho,substitution
司書,主将,shisho,shusho,substitution
司書,水晶,shisho,suisho,substitution
詩集,初秋,shishu,shoshu,substitution
詩集,修習,shishu,shushu,substitution
紫蘇,子孫,shiso,shison,insertion
紫蘇,質素,shiso,shisso,insertion
質素,出走,shisso,shusso,substitution
舌,下絵,shita,shitae,insertion
舌,肢体,shita,shitai,insertion
舌,慕う,shita,shitau,insertion
下絵,肢体,shitae,shitai,last_char_differs
下絵,慕う,shitae,shitau,last_char_differs
下絵,仕手,shitae,shite,insertion
肢体,慕う,shitai,shitau,last_char_differs
肢体,姉弟,shitai,shitei,substitution
肢体,資材,shitai,shizai,substitution
肢体,所帯,shitai,shotai,substitution
慕う,室,shitau,shitsu,substitution
仕手,姉弟,shite,shitei,insertion
仕手,支店,shite,shiten,insertion
姉弟,支店,shitei,shiten,last_char_differs
姉弟,水底,shitei,suitei,substitution
支店,自然,shiten,shizen,substitution
支店,商店,shiten,shoten,substitution
支店,終点,shiten,shuten,substitution
使徒,失投,shito,shitto,insertion
資材,所在,shizai,shozai,substitution
相伴,初段,shoban,shodan,substitution
相伴,初版,shoban,shohan,substitution
相伴,小寒,shoban,shokan,substitution
相伴,小満,shoban,shoman,substitution
相伴,硝酸,shoban,shosan,substitution
相伴,終盤,shoban,shuban,substitution
相伴,早晩,shoban,soban,insertion
小腸,焼酎,shocho,shochu,last_char_differs
小腸,唱法,shocho,shoho,insertion
小腸,小暑,shocho,shosho,substitution
小腸,酋長,shocho,shucho,substitution
小腸,早朝,shocho,socho,insertion
焼酎,初秋,shochu,shoshu,substitution
焼酎,主柱,shochu,shuchu,substitution
初代,初段,shodai,shodan,last_char_differs
初代,生涯,shodai,shogai,substitution
初代,賞牌,shodai,shohai,substitution
初代,初回,shodai,shokai,substitution
初代,将来,shodai,shorai,substitution
初代,書斎,shodai,shosai,substitution
初代,所帯,shodai,shotai,substitution
初代,所在,shodai,shozai,substitution
初代,主題,shodai,shudai,substitution
初代,総代,shodai,sodai,insertion
初段,初版,shodan,shohan,substitution
初段,小寒,shodan,shokan,substitution
初段,小満,shodan,shoman,substitution
初段,硝酸,shodan,shosan,substitution
初段,集団,shodan,shudan,substitution
初段,相談,shodan,sodan,insertion
硝煙,証券,shoen,shoken,insertion
硝煙,正面,shoen,shomen,insertion
硝煙,少年,shoen,shonen,insertion
硝煙,商船,shoen,shosen,insertion
硝煙,商店,shoen,shoten,insertion
書画,生涯,shoga,shogai,insertion
生涯,書芸,shogai,shogei,substitution
生涯,将棋,shogai,shogi,insertion
生涯,賞牌,shogai,shohai,substitution
生涯,初回,shogai,shokai,substitution
生涯,将来,shogai,shorai,substitution
生涯,書斎,shogai,shosai,substitution
生涯,所帯,shogai,shotai,substitution
生涯,所在,shogai,shozai,substitution
書芸,将棋,shogei,shogi,insertion
書芸,小径,shogei,shokei,substitution
書芸,照明,shogei,shomei,substitution
書芸,小生,shogei,shosei,substitution
書芸,手芸,shogei,shugei,substitution
書芸,送迎,shogei,sogei,insertion
正午,聖教,shogo,shogyo,insertion
将軍,初旬,shogun,shojun,substitution
将軍,諸君,shogun,shokun,substitution
聖教,商標,shogyo,shohyo,substitution
聖教,消去,shogyo,shokyo,substitution
聖教,少量,shogyo,shoryo,substitution
聖教,賞与,shogyo,shoyo,insertion
聖教,終業,shogyo,shugyo,substitution
賞牌,初版,shohai,shohan,last_char_differs
賞牌,消費,shohai,shohi,insertion
賞牌,初回,shohai,shokai,substitution
賞牌,将来,shohai,shorai,substitution
賞牌,書斎,shohai,shosai,substitution
賞牌,所帯,shohai,shotai,substitution
賞牌,所在,shohai,shozai,substitution
初版,商品,shohan,shohin,substitution
初版,抄本,shohan,shohon,substitution
初版,小寒,shohan,shokan,substitution
初版,小満,shohan,shoman,substitution
初版,硝酸,shohan,shosan,substitution
消費,商品,shohi,shohin,insertion
消費,諸氏,shohi,shoshi,insertion
商品,抄本,shohin,shohon,substitution
商品,所員,shohin,shoin,insertion
商品,賞金,shohin,shokin,substitution
商品,庶民,shohin,shomin,substitution
商品,上人,shohin,shonin,substitution
商品,主賓,shohin,shuhin,substitution
唱法,抄本,shoho,shohon,insertion
唱法,商標,shoho,shohyo,insertion
唱法,小暑,shoho,shosho,insertion
抄本,初婚,shohon,shokon,substitution
抄本,証文,shohon,shomon,substitution
商標,消去,shohyo,shokyo,substitution
商標,少量,shohyo,shoryo,substitution
商標,賞与,shohyo,shoyo,insertion
所員,賞金,shoin,shokin,insertion
所員,庶民,shoin,shomin,insertion
所員,上人,shoin,shonin,insertion
初旬,諸君,shojun,shokun,substitution
商家,初回,shoka,shokai,insertion
商家,小寒,shoka,shokan,insertion
初回,小寒,shokai,shokan,last_char_differs
初回,小径,shokai,shokei,substitution
初回,勝機,shokai,shoki,insertion
初回,織機,shokai,shokki,substitution
初回,将来,shokai,shorai,substitution
初回,書斎,shokai,shosai,substitution
初回,所帯,shokai,shotai,substitution
初回,所在,shokai,shozai,substitution
初回,集会,shokai,shukai,substitution
初回,壮快,shokai,sokai,insertion
小寒,証券,shokan,shoken,substitution
小寒,賞金,shokan,shokin,substitution
小寒,初婚,shokan,shokon,substitution
小寒,諸君,shokan,shokun,substitution
小寒,小満,shokan,shoman,substitution
小寒,硝酸,shokan,shosan,substitution
小寒,週間,shokan,shukan,substitution
小寒,総監,shokan,sokan,insertion
小径,証券,shokei,shoken,last_char_differs
小径,勝機,shokei,shoki,insertion
小径,織機,shokei,shokki,substitution
小径,照明,shokei,shomei,substitution
小径,小生,shokei,shosei,substitution
小径,集計,shokei,shukei,substitution
証券,賞金,shoken,shokin,substitution
証券,初婚,shoken,shokon,substitution
証券,諸君,shoken,shokun,substitution
証券,正面,shoken,shomen,substitution
証券,少年,shoken,shonen,substitution
証券,商船,shoken,shosen,substitution
証券,商店,shoken,shoten,substitution
証券,総研,shoken,soken,insertion
勝機,賞金,shoki,shokin,insertion
勝機,織機,shoki,shokki,insertion
賞金,初婚,shokin,shokon,substitution
賞金,諸君,shokin,shokun,substitution
賞金,庶民,shokin,shomin,substitution
賞金,上人,shokin,shonin,substitution
賞金,集金,shokin,shukin,substitution
将校,初婚,shoko,shokon,insertion
将校,消去,shoko,shokyo,insertion
初婚,諸君,shokon,shokun,substitution
初婚,証文,shokon,shomon,substitution
初婚,主根,shokon,shukon,substitution
初婚,早婚,shokon,sokon,insertion
食,諸君,shoku,shokun,insertion
食,初球,shoku,shokyu,insertion
諸君,主君,shokun,shukun,substitution
消去,初球,shokyo,shokyu,last_char_differs
消去,少量,shokyo,shoryo,substitution
消去,賞与,shokyo,shoyo,insertion
消去,宗教,shokyo,shukyo,substitution
初球,醤油,shokyu,shoyu,insertion
初球,週給,shokyu,shukyu,substitution
初球,送球,shokyu,sokyu,insertion
小満,正面,shoman,shomen,substitution
小満,庶民,shoman,shomin,substitution
小満,証文,shoman,shomon,substitution
小満,硝酸,shoman,shosan,substitution
照明,正面,shomei,shomen,last_char_differs
照明,賞味,shomei,shomi,insertion
照明,小生,shomei,shosei,substitution
照明,襲名,shomei,shumei,substitution
照明,聡明,shomei,somei,insertion
正面,庶民,shomen,shomin,substitution
正面,証文,shomen,shomon,substitution
正面,少年,shomen,shonen,substitution
正面,商船,shomen,shosen,substitution
正面,商店,shomen,shoten,substitution
正面,索麺,shomen,somen,insertion
賞味,庶民,shomi,shomin,insertion
庶民,証文,shomin,shomon,substitution
庶民,上人,shomin,shonin,substitution
庶民,州民,shomin,shumin,substitution
消耗,証文,shomo,shomon,insertion
証文,宗門,shomon,shumon,substitution
少年,上人,shonen,shonin,substitution
少年,商船,shonen,shosen,substitution
少年,商店,shonen,shoten,substitution
少年,周年,shonen,shunen,substitution
少年,壮年,shonen,sonen,insertion
小児,上人,shoni,shonin,insertion
上人,主任,shonin,shunin,substitution
将来,勝利,shorai,shori,insertion
将来,書類,shorai,shorui,substitution
将来,書斎,shorai,shosai,substitution
将来,所帯,shorai,shotai,substitution
将来,所在,shorai,shozai,substitution
勝利,書類,shori,shorui,insertion
初老,少量,shoro,shoryo,insertion
書類,小水,shorui,shosui,substitution
書類,酒類,shorui,shurui,substitution
書類,藻類,shorui,sorui,insertion
少量,賞与,shoryo,shoyo,insertion
少量,首領,shoryo,shuryo,substitution
少量,僧侶,shoryo,soryo,insertion
少佐,書斎,shosa,shosai,insertion
少佐,硝酸,shosa,shosan,insertion
少佐,勝者,shosa,shosha,insertion
書斎,硝酸,shosai,shosan,last_char_differs
書斎,小生,shosai,shosei,substitution
書斎,諸氏,shosai,shoshi,substitution
書斎,小水,shosai,shosui,substitution
書斎,所帯,shosai,shotai,substitution
書斎,所在,shosai,shozai,substitution
書斎,秀才,shosai,shusai,substitution
書斎,総裁,shosai,sosai,insertion
硝酸,商船,shosan,shosen,substitution
小生,商船,shosei,shosen,last_char_differs
小生,諸氏,shosei,shoshi,substitution
小生,小水,shosei,shosui,substitution
小生,終生,shosei,shusei,substitution
小生,早世,shosei,sosei,insertion
商船,商店,shosen,shoten,substitution
商船,祖先,shosen,sosen,insertion
勝者,諸氏,shosha,shoshi,last_char_differs
勝者,小暑,shosha,shosho,last_char_differs
勝者,初秋,shosha,shoshu,last_char_differs
勝者,走者,shosha,sosha,insertion
諸氏,小暑,shoshi,shosho,last_char_differs
諸氏,初秋,shoshi,shoshu,last_char_differs
諸氏,小水,shoshi,shosui,substitution
諸氏,手指,shoshi,shushi,substitution
諸氏,素子,shoshi,soshi,insertion
小暑,初秋,shosho,shoshu,last_char_differs
小暑,焦燥,shosho,shoso,insertion
小暑,主将,shosho,shusho,substitution
小暑,叢書,shosho,sosho,insertion
初秋,修習,shoshu,shushu,substitution
小水,秋水,shosui,shusui,substitution
小水,総帥,shosui,sosui,insertion
所帯,所在,shotai,shozai,substitution
所帯,早退,shotai,sotai,insertion
初手,商店,shote,shoten,insertion
商店,終点,shoten,shuten,substitution
所在,総菜,shozai,sozai,insertion
週明け,出家,shuake,shukke,substitution
終盤,秋分,shuban,shubun,substitution
終盤,集団,shuban,shudan,substitution
終盤,週間,shuban,shukan,substitution
終盤,珠算,shuban,shuzan,substitution
秋分,主君,shubun,shukun,substitution
種苗,終業,shubyo,shugyo,substitution
種苗,宗教,shubyo,shukyo,substitution
種苗,首領,shubyo,shuryo,substitution
種苗,主要,shubyo,shuyo,insertion
酋長,主柱,shucho,shuchu,last_char_differs
酋長,主砲,shucho,shuho,insertion
酋長,主将,shucho,shusho,substitution
主柱,修習,shuchu,shushu,substitution
主題,集団,shudai,shudan,last_char_differs
主題,集会,shudai,shukai,substitution
主題,焼売,shudai,shumai,substitution
主題,秀才,shudai,shusai,substitution
集団,終電,shudan,shuden,substitution
集団,週間,shudan,shukan,substitution
集団,珠算,shudan,shuzan,substitution
終電,周縁,shuden,shuen,insertion
終電,修験,shuden,shugen,substitution
終電,周辺,shuden,shuhen,substitution
終電,周年,shuden,shunen,substitution
終電,終点,shuden,shuten,substitution
守衛,手芸,shuei,shugei,insertion
守衛,集計,shuei,shukei,insertion
守衛,襲名,shuei,shumei,insertion
守衛,終生,shuei,shusei,insertion
守衛,酒税,shuei,shuzei,insertion
周縁,修験,shuen,shugen,insertion
周縁,周辺,shuen,shuhen,insertion
周縁,周年,shuen,shunen,insertion
周縁,終点,shuen,shuten,insertion
手芸,修験,shugei,shugen,last_char_differs
手芸,祝儀,shugei,shugi,insertion
手芸,集計,shugei,shukei,substitution
手芸,襲名,shugei,shumei,substitution
手芸,終生,shugei,shusei,substitution
手芸,酒税,shugei,shuzei,substitution
修験,周辺,shugen,shuhen,substitution
修験,周年,shugen,shunen,substitution
修験,終点,shugen,shuten,substitution
主語,終業,shugo,shugyo,insertion
終業,宗教,shugyo,shukyo,substitution
終業,首領,shugyo,shuryo,substitution
終業,主要,shugyo,shuyo,insertion
周辺,主賓,shuhen,shuhin,substitution
周辺,周年,shuhen,shunen,substitution
周辺,終点,shuhen,shuten,substitution
種皮,主賓,shuhi,shuhin,insertion
種皮,手指,shuhi,shushi,insertion
主賓,朱印,shuhin,shuin,insertion
主賓,主人,shuhin,shujin,substitution
主賓,集金,shuhin,shukin,substitution
主賓,州民,shuhin,shumin,substitution
主賓,主任,shuhin,shunin,substitution
主砲,主将,shuho,shusho,insertion
周囲,朱色,shui,shuiro,prefix
朱印,主人,shuin,shujin,insertion
朱印,集金,shuin,shukin,insertion
朱印,州民,shuin,shumin,insertion
朱印,主任,shuin,shunin,insertion
朱色,棕櫚,shuiro,shuro,insertion
朱色,水路,shuiro,suiro,insertion
主事,主治医,shuji,shujii,insertion
主事,主人,shuji,shujin,insertion
主事,瞬時,shuji,shunji,insertion
主治医,主人,shujii,shujin,last_char_differs
主人,集金,shujin,shukin,substitution
主人,州民,shujin,shumin,substitution
主人,主任,shujin,shunin,substitution
種々,春秋,shuju,shunju,insertion
集会,週間,shukai,shukan,last_char_differs
集会,集計,shukai,shukei,substitution
集会,秋季,shukai,shuki,insertion
集会,焼売,shukai,shumai,substitution
集会,秀才,shukai,shusai,substitution
週間,集金,shukan,shukin,substitution
週間,主根,shukan,shukon,substitution
週間,主君,shukan,shukun,substitution
週間,珠算,shukan,shuzan,substitution
集計,秋季,shukei,shuki,insertion
集計,襲名,shukei,shumei,substitution
集計,終生,shukei,shusei,substitution
集計,酒税,shukei,shuzei,substitution
秋季,集金,shuki,shukin,insertion
秋季,春季,shuki,shunki,insertion
集金,主根,shukin,shukon,substitution
集金,主君,shukin,shukun,substitution
集金,州民,shukin,shumin,substitution
集金,主任,shukin,shunin,substitution
出火,出家,shukka,shukke,last_char_differs
出火,出庫,shukka,shukko,last_char_differs
出家,出庫,shukke,shukko,last_char_differs
出庫,周航,shukko,shuko,insertion
出庫,宗教,shukko,shukyo,substitution
周航,主根,shuko,shukon,insertion
周航,宗教,shuko,shukyo,insertion
主根,主君,shukon,shukun,substitution
主根,宗門,shukon,shumon,substitution
宗教,週給,shukyo,shukyu,last_char_differs
宗教,首領,shukyo,shuryo,substitution
宗教,主要,shukyo,shuyo,insertion
週給,収入,shukyu,shunyu,substitution
週給,周遊,shukyu,shuyu,insertion
焼売,襲名,shumai,shumei,substitution
焼売,趣味,shumai,shumi,insertion
焼売,秀才,shumai,shusai,substitution
焼売,住まい,shumai,sumai,insertion
襲名,趣味,shumei,shumi,insertion
襲名,終生,shumei,shusei,substitution
襲名,酒税,shumei,shuzei,substitution
趣味,州民,shumi,shumin,insertion
州民,宗門,shumin,shumon,substitution
州民,主任,shumin,shunin,substitution
旬,周年,shun,shunen,prefix
旬,主任,shun,shunin,prefix
旬,瞬時,shun,shunji,prefix
旬,春秋,shun,shunju,prefix
旬,春季,shun,shunki,prefix
旬,収入,shun,shunyu,prefix
周年,主任,shunen,shunin,substitution
周年,終点,shunen,shuten,substitution
瞬時,春秋,shunji,shunju,last_char_differs
瞬時,春季,shunji,shunki,substitution
春秋,収入,shunju,shunyu,substitution
収入,周遊,shunyu,shuyu,insertion
修理,酒類,shuri,shurui,insertion
棕櫚,首領,shuro,shuryo,insertion
酒類,秋水,shurui,shusui,substitution
首領,主要,shuryo,shuyo,insertion
主査,秀才,shusa,shusai,insertion
秀才,終生,shusai,shusei,substitution
秀才,手指,shusai,shushi,substitution
秀才,秋水,shusai,shusui,substitution
終生,手指,shusei,shushi,substitution
終生,秋水,shusei,shusui,substitution
終生,酒税,shusei,shuzei,substitution
手指,主将,shushi,shusho,last_char_differs
手指,修習,shushi,shushu,last_char_differs
手指,秋水,shushi,shusui,substitution
手指,鮨,shushi,sushi,insertion
主将,修習,shusho,shushu,last_char_differs
主将,宗祖,shusho,shuso,insertion
主将,出走,shusho,shusso,substitution
宗祖,出走,shuso,shusso,insertion
粗悪,奏楽,soaku,sogaku,insertion
粗悪,蒼白,soaku,sohaku,insertion
粗悪,創作,soaku,sosaku,insertion
蕎麦,総花,soba,sobana,prefix
早晩,総花,soban,sobana,insertion
祖母,素朴,sobo,soboku,prefix
祖母,そぼろ,sobo,soboro,prefix
素朴,祖国,soboku,sokoku,substitution
素朴,総督,soboku,sotoku,substitution
素朴,相続,soboku,sozoku,substitution
早朝,村長,socho,soncho,insertion
総代,尊大,sodai,sondai,insertion
添える,そげる,soeru,sogeru,insertion
添える,染める,soeru,someru,insertion
添える,逸れる,soeru,soreru,insertion
祖父,祖父母,sofu,sofubo,prefix
祖父母,養父母,sofubo,yofubo,substitution
装画,奏楽,soga,sogaku,prefix
奏楽,蒼白,sogaku,sohaku,substitution
奏楽,創作,sogaku,sosaku,substitution
奏楽,数学,sogaku,sugaku,substitution
奏楽,洋学,sogaku,yogaku,substitution
草原,尊厳,sogen,songen,insertion
そげる,染める,sogeru,someru,substitution
そげる,逸れる,sogeru,soreru,substitution
そげる,すげる,sogeru,sugeru,substitution
そげる,遂げる,sogeru,togeru,substitution
蒼白,創作,sohaku,sosaku,substitution
蒼白,余白,sohaku,yohaku,substitution
操縦,早熟,soju,sojuku,prefix
早熟,背く,sojuku,somuku,substitution
壮快,村会,sokai,sonkai,insertion
側近,側根,sokkin,sokkon,substitution
側近,損金,sokkin,sonkin,substitution
側溝,側根,sokko,sokkon,insertion
側溝,即興,sokko,sokkyo,insertion
側根,早婚,sokkon,sokon,insertion
側根,促音,sokkon,sokuon,substitution
即興,速球,sokkyo,sokkyu,last_char_differs
速球,送球,sokkyu,sokyu,insertion
速球,特急,sokkyu,tokkyu,substitution
速球,欲求,sokkyu,yokkyu,substitution
倉庫,祖国,soko,sokoku,prefix
倉庫,そこら,soko,sokora,prefix
祖国,総督,sokoku,sotoku,substitution
祖国,相続,sokoku,sozoku,substitution
祖国,予告,sokoku,yokoku,substitution
早婚,促音,sokon,sokuon,insertion
側方,息女,sokuho,sokujo,substitution
側方,即答,sokuho,sokuto,substitution
即時,息女,sokuji,sokujo,last_char_differs
息女,即答,sokujo,sokuto,substitution
息女,浴場,sokujo,yokujo,substitution
即答,続投,sokuto,zokuto,substitution
染まる,染める,somaru,someru,substitution
染まる,止まる,somaru,tomaru,substitution
染める,逸れる,someru,soreru,substitution
染める,止める,someru,tomeru,substitution
総務,背く,somu,somuku,prefix
其方,その他,sonata,sonota,substitution
村長,其方,soncho,sonoho,substitution
尊大,村会,sondai,sonkai,substitution
尊大,存在,sondai,sonzai,substitution
壮年,尊厳,sonen,songen,insertion
村会,尊敬,sonkai,sonkei,substitution
村会,存在,sonkai,sonzai,substitution
損金,村民,sonkin,sonmin,substitution
苑,その後,sono,sonogo,prefix
苑,其方,sono,sonoho,prefix
苑,其折,sono,sonori,prefix
苑,その他,sono,sonota,prefix
その後,其方,sonogo,sonoho,substitution
其折,遠乗り,sonori,tonori,substitution
損料,爪繞,sonryo,sonyo,insertion
損料,僧侶,sonryo,soryo,insertion
尊師,素子,sonshi,soshi,insertion
尊師,寸志,sonshi,sunshi,substitution
存在,総菜,sonzai,sozai,insertion
存在,ぞんざい,sonzai,zonzai,substitution
空,空似,sora,sorani,prefix
空,反らす,sora,sorasu,prefix
逸れる,擦れる,soreru,sureru,substitution
逸れる,取れる,soreru,toreru,substitution
逸れる,縒れる,soreru,yoreru,substitution
操作,創作,sosa,sosaku,prefix
早世,礎石,sosei,soseki,insertion
礎石,投石,soseki,toseki,substitution
祖先,率先,sosen,sossen,insertion
早春,陽春,soshun,yoshun,substitution
早々,注ぐ,soso,sosogu,prefix
早々,そそる,soso,sosoru,prefix
注ぐ,そそる,sosogu,sosoru,substitution
注ぐ,そよぐ,sosogu,soyogu,substitution
総統,卒塔婆,soto,sotoba,prefix
総統,総督,soto,sotoku,prefix
総統,外海,soto,sotomi,prefix
総督,相続,sotoku,sozoku,substitution
塑像,相続,sozo,sozoku,prefix
素足,寸志,suashi,sunshi,substitution
素足,鮨,suashi,sushi,insertion
昴,滑る,subaru,suberu,substitution
昴,すがる,subaru,sugaru,substitution
昴,廃る,subaru,sutaru,substitution
昴,座る,subaru,suwaru,substitution
すべ,滑る,sube,suberu,prefix
滑る,据える,suberu,sueru,insertion
滑る,すげる,suberu,sugeru,substitution
滑る,透ける,suberu,sukeru,substitution
滑る,拗ねる,suberu,suneru,substitution
滑る,擦れる,suberu,sureru,substitution
滑る,捨てる,suberu,suteru,substitution
窄む,凄む,subomu,sugomu,substitution
据える,すげる,sueru,sugeru,insertion
据える,透ける,sueru,sukeru,insertion
据える,拗ねる,sueru,suneru,insertion
据える,擦れる,sueru,sureru,insertion
据える,捨てる,sueru,suteru,insertion
数学,すがる,sugaku,sugaru,substitution
数学,遊学,sugaku,yugaku,substitution
すがる,すげる,sugaru,sugeru,substitution
すがる,過ぎる,sugaru,sugiru,substitution
すがる,廃る,sugaru,sutaru,substitution
すがる,座る,sugaru,suwaru,substitution
姿,夕方,sugata,yugata,substitution
すげる,過ぎる,sugeru,sugiru,substitution
すげる,透ける,sugeru,sukeru,substitution
すげる,拗ねる,sugeru,suneru,substitution
すげる,擦れる,sugeru,sureru,substitution
すげる,捨てる,sugeru,suteru,substitution
杉,杉菜,sugi,sugina,prefix
杉,過ぎる,sugi,sugiru,prefix
凄む,過ごす,sugomu,sugosu,substitution
水分,水運,suibun,suiun,insertion
水分,随分,suibun,zuibun,substitution
水田,水源,suiden,suigen,substitution
水田,水面,suiden,suimen,substitution
水田,睡蓮,suiden,suiren,substitution
水田,水仙,suiden,suisen,substitution
水泳,水平,suiei,suihei,insertion
水泳,水系,suiei,suikei,insertion
水泳,彗星,suiei,suisei,insertion
水泳,水底,suiei,suitei,insertion
水源,水銀,suigen,suigin,substitution
水源,水面,suigen,suimen,substitution
水源,睡蓮,suigen,suiren,substitution
水源,水仙,suigen,suisen,substitution
水銀,睡眠,suigin,suimin,substitution
水郷,対語,suigo,tsuigo,insertion
水牛,水球,suigyu,suikyu,substitution
水平,水系,suihei,suikei,substitution
水平,彗星,suihei,suisei,substitution
水平,水底,suihei,suitei,substitution
水泡,水晶,suiho,suisho,insertion
西瓜,住みか,suika,sumika,insertion
西瓜,追加,suika,tsuika,insertion
水系,彗星,suikei,suisei,substitution
水系,水底,suikei,suitei,substitution
睡魔,隙間,suima,sukima,insertion
水面,睡眠,suimen,suimin,substitution
水面,水門,suimen,suimon,substitution
水面,睡蓮,suimen,suiren,substitution
水面,水仙,suimen,suisen,substitution
睡眠,水門,suimin,suimon,substitution
睡蓮,水仙,suiren,suisen,substitution
彗星,水仙,suisei,suisen,last_char_differs
彗星,水底,suisei,suitei,substitution
水車,水晶,suisha,suisho,last_char_differs
水晶,水素,suisho,suiso,insertion
水晶,随所,suisho,zuisho,substitution
水素,追走,suiso,tsuiso,insertion
水稲,追悼,suito,tsuito,insertion
筋,筋合い,suji,sujiai,prefix
筋,枢軸,suji,sujiku,prefix
空かす,済ます,sukasu,sumasu,substitution
透ける,拗ねる,sukeru,suneru,substitution
透ける,擦れる,sukeru,sureru,substitution
透ける,捨てる,sukeru,suteru,substitution
透ける,受ける,sukeru,ukeru,insertion
鋤,隙間,suki,sukima,prefix
鋤,数寄屋,suki,sukiya,prefix
隙間,数寄屋,sukima,sukiya,substitution
好く,竦む,suku,sukumu,prefix
竦む,掬う,sukumu,sukuu,insertion
竦む,進む,sukumu,susumu,substitution
炭,炭火,sumi,sumibi,prefix
炭,住みか,sumi,sumika,prefix
砂,砂場,suna,sunaba,prefix
砂,砂地,suna,sunaji,prefix
砂地,うなじ,sunaji,unaji,insertion
臑,拗ねる,sune,suneru,prefix
拗ねる,擦れる,suneru,sureru,substitution
拗ねる,捨てる,suneru,suteru,substitution
拗ねる,うねる,suneru,uneru,insertion
寸志,鮨,sunshi,sushi,insertion
擦れる,捨てる,sureru,suteru,substitution
擦れる,売れる,sureru,ureru,insertion
擦れる,揺れる,sureru,yureru,substitution
擦れる,ずれる,sureru,zureru,substitution
すり,摺り身,suri,surimi,prefix
刷る,鯣,suru,surume,prefix
鯣,雀,surume,suzume,substitution
荒ぶ,荒む,susabu,susamu,substitution
荒む,進む,susamu,susumu,substitution
裾,裾野,suso,susono,prefix
煤,すすぐ,susu,susugu,prefix
煤,すすき,susu,susuki,prefix
煤,進む,susu,susumu,prefix
煤,すする,susu,susuru,prefix
すすぐ,進む,susugu,susumu,substitution
すすぐ,すする,susugu,susuru,substitution
すすぐ,濯ぐ,susugu,yusugu,substitution
すすき,すずき,susuki,suzuki,substitution
進む,すする,susumu,susuru,substitution
すする,揺する,susuru,yusuru,substitution
廃る,捨てる,sutaru,suteru,substitution
廃る,座る,sutaru,suwaru,substitution
素敵,捨て身,suteki,sutemi,substitution
座る,植わる,suwaru,uwaru,insertion
錫,すずき,suzu,suzuki,prefix
錫,雀,suzu,suzume,prefix
錫,硯,suzu,suzuri,prefix
すずき,硯,suzuki,suzuri,substitution
すずき,卯月,suzuki,uzuki,insertion
すずき,夕月,suzuki,yuzuki,substitution
束,たばこ,taba,tabako,prefix
たばこ,店子,tabako,tanako,substitution
たばこ,鱈子,tabako,tarako,substitution
食べる,堪える,taberu,taeru,insertion
食べる,炊ける,taberu,takeru,substitution
食べる,溜める,taberu,tameru,substitution
食べる,垂れる,taberu,tareru,substitution
食べる,建てる,taberu,tateru,substitution
足袋,旅路,tabi,tabiji,prefix
多大,短大,tadai,tandai,insertion
糺す,垂らす,tadasu,tarasu,substitution
糺す,絶やす,tadasu,tayasu,substitution
辿る,頼る,tadoru,tayoru,substitution
堪える,炊ける,taeru,takeru,insertion
堪える,溜める,taeru,tameru,insertion
堪える,垂れる,taeru,tareru,insertion
堪える,建てる,taeru,tateru,insertion
箍,多額,taga,tagaku,prefix
多額,たがう,tagaku,tagau,insertion
多額,叩く,tagaku,tataku,substitution
多額,和学,tagaku,wagaku,substitution
多額,夜学,tagaku,yagaku,substitution
たがう,疑う,tagau,utagau,insertion
たぎる,足りる,tagiru,tariru,substitution
大安,退団,taian,taidan,insertion
大安,対岸,taian,taigan,insertion
大安,退官,taian,taikan,insertion
大安,怠慢,taian,taiman,insertion
大安,退散,taian,taisan,insertion
大安,大山,taian,taizan,insertion
隊長,大砲,taicho,taiho,insertion
隊長,大暑,taicho,taisho,substitution
隊長,丹頂,taicho,tancho,substitution
隊長,丁重,taicho,teicho,substitution
怠惰,退団,taida,taidan,insertion
退団,対岸,taidan,taigan,substitution
退団,退官,taidan,taikan,substitution
退団,怠慢,taidan,taiman,substitution
退団,退散,taidan,taisan,substitution
退団,大山,taidan,taizan,substitution
体液,大気,taieki,taiki,insertion
大河,対岸,taiga,taigan,insertion
対岸,体言,taigan,taigen,substitution
対岸,大軍,taigan,taigun,substitution
対岸,退官,taigan,taikan,substitution
対岸,怠慢,taigan,taiman,substitution
対岸,退散,taigan,taisan,substitution
対岸,大山,taigan,taizan,substitution
対岸,嘆願,taigan,tangan,substitution
体言,大軍,taigen,taigun,substitution
体言,大変,taigen,taihen,substitution
体言,体験,taigen,taiken,substitution
体言,体面,taigen,taimen,substitution
体言,大全,taigen,taizen,substitution
体言,単元,taigen,tangen,substitution
大敗,太平,taihai,taihei,substitution
大敗,堆肥,taihai,taihi,insertion
大敗,大海,taihai,taikai,substitution
太平,大変,taihei,taihen,last_char_differs
太平,堆肥,taihei,taihi,insertion
太平,体形,taihei,taikei,substitution
太平,大帝,taihei,taitei,substitution
大変,体験,taihen,taiken,substitution
大変,体面,taihen,taimen,substitution
大変,大全,taihen,taizen,substitution
大変,底辺,taihen,teihen,substitution
堆肥,大使,taihi,taishi,insertion
大砲,大暑,taiho,taisho,insertion
大医,体育,taii,taiiku,prefix
隊員,大金,taiin,taikin,insertion
大家,大海,taika,taikai,insertion
大家,退官,taika,taikan,insertion
大海,退官,taikai,taikan,last_char_differs
大海,体形,taikai,taikei,substitution
大海,大気,taikai,taiki,insertion
大海,他界,taikai,takai,insertion
大海,財界,taikai,zaikai,substitution
退官,体験,taikan,taiken,substitution
退官,大金,taikan,taikin,substitution
退官,怠慢,taikan,taiman,substitution
退官,退散,taikan,taisan,substitution
退官,大山,taikan,taizan,substitution
退官,多感,taikan,takan,insertion
体形,体験,taikei,taiken,last_char_differs
体形,大気,taikei,taiki,insertion
体形,大帝,taikei,taitei,substitution
体形,定形,taikei,teikei,substitution
体験,大金,taiken,taikin,substitution
体験,体面,taiken,taimen,substitution
体験,大全,taiken,taizen,substitution
体験,探検,taiken,tanken,substitution
大気,大金,taiki,taikin,insertion
怠慢,体面,taiman,taimen,substitution
怠慢,退散,taiman,taisan,substitution
怠慢,大山,taiman,taizan,substitution
体面,大全,taimen,taizen,substitution
体面,多面,taimen,tamen,insertion
体面,底面,taimen,teimen,substitution
大老,大量,tairo,tairyo,insertion
大量,太陽,tairyo,taiyo,insertion
大量,多量,tairyo,taryo,insertion
大量,材料,tairyo,zairyo,substitution
大佐,退散,taisa,taisan,insertion
大佐,大社,taisa,taisha,insertion
退散,大山,taisan,taizan,substitution
退散,炭酸,taisan,tansan,substitution
退散,財産,taisan,zaisan,substitution
大社,大使,taisha,taishi,last_char_differs
大社,大暑,taisha,taisho,last_char_differs
大社,大衆,taisha,taishu,last_char_differs
大社,他者,taisha,tasha,insertion
大社,達者,taisha,tassha,substitution
大社,停車,taisha,teisha,substitution
大使,大暑,taishi,taisho,last_char_differs
大使,大衆,taishi,taishu,last_char_differs
大使,端子,taishi,tanshi,substitution
大使,停止,taishi,teishi,substitution
大使,砥石,taishi,toishi,substitution
大暑,大衆,taisho,taishu,last_char_differs
大暑,大宗,taisho,taiso,insertion
大暑,単勝,taisho,tansho,substitution
大衆,亭主,taishu,teishu,substitution
大帝,探偵,taitei,tantei,substitution
大山,大全,taizan,taizen,substitution
鷹,高根,taka,takane,prefix
鷹,宝,taka,takara,prefix
鷹,たかる,taka,takaru,prefix
多感,高根,takan,takane,insertion
多感,沢庵,takan,takuan,insertion
宝,たかる,takara,takaru,last_char_differs
宝,たたら,takara,tatara,substitution
宝,俵,takara,tawara,substitution
たかる,炊ける,takaru,takeru,substitution
たかる,堪る,takaru,tamaru,substitution
たかる,たたる,takaru,tataru,substitution
たかる,分かる,takaru,wakaru,substitution
岳,炊ける,take,takeru,prefix
炊ける,溜める,takeru,tameru,substitution
炊ける,垂れる,takeru,tareru,substitution
炊ける,建てる,takeru,tateru,substitution
炊ける,溶ける,takeru,tokeru,substitution
炊ける,分ける,takeru,wakeru,substitution
炊ける,焼ける,takeru,yakeru,substitution
滝,焚き火,taki,takibi,prefix
卓球,探求,takkyu,tankyu,substitution
卓球,特急,takkyu,tokkyu,substitution
宅,沢庵,taku,takuan,prefix
宅,託児,taku,takuji,prefix
宅,卓上,taku,takujo,prefix
宅,内匠,taku,takumi,prefix
託児,卓上,takuji,takujo,last_char_differs
託児,内匠,takuji,takumi,substitution
内匠,薬味,takumi,yakumi,substitution
弾,卵,tama,tamago,prefix
弾,堪る,tama,tamaru,prefix
卵,たなご,tamago,tanago,substitution
堪る,賜う,tamaru,tamau,insertion
堪る,溜める,tamaru,tameru,substitution
堪る,たたる,tamaru,tataru,substitution
堪る,止まる,tamaru,tomaru,substitution
溜める,試す,tameru,tamesu,substitution
溜める,垂れる,tameru,tareru,substitution
溜める,建てる,tameru,tateru,substitution
溜める,止める,tameru,tomeru,substitution
溜める,止める,tameru,yameru,substitution
たも,袂,tamo,tamoto,prefix
袂,手元,tamoto,temoto,substitution
棚,たなご,tana,tanago,prefix
棚,店子,tana,tanako,prefix
たなご,店子,tanago,tanako,substitution
たなご,端午,tanago,tango,insertion
店子,炭坑,tanako,tanko,insertion
店子,鱈子,tanako,tarako,substitution
多難,嘆願,tanan,tangan,insertion
多難,炭酸,tanan,tansan,insertion
単文,単純,tanbun,tanjun,substitution
丹頂,単勝,tancho,tansho,substitution
丹頂,店長,tancho,tencho,substitution
短大,谷あい,tandai,taniai,substitution
短大,単体,tandai,tantai,substitution
丹田,多年,tanden,tanen,insertion
丹田,単元,tanden,tangen,substitution
丹田,探検,tanden,tanken,substitution
丹田,丹念,tanden,tannen,substitution
丹田,短編,tanden,tanpen,substitution
丹田,鍛錬,tanden,tanren,substitution
丹田,単線,tanden,tansen,substitution
多年,単元,tanen,tangen,insertion
多年,探検,tanen,tanken,insertion
多年,丹念,tanen,tannen,insertion
多年,短編,tanen,tanpen,insertion
多年,鍛錬,tanen,tanren,insertion
多年,単線,tanen,tansen,insertion
嘆願,単元,tangan,tangen,substitution
嘆願,炭酸,tangan,tansan,substitution
嘆願,湾岸,tangan,wangan,substitution
単元,探検,tangen,tanken,substitution
単元,丹念,tangen,tannen,substitution
単元,短編,tangen,tanpen,substitution
単元,鍛錬,tangen,tanren,substitution
単元,単線,tangen,tansen,substitution
谷,谷あい,tani,taniai,prefix
谷,谷間,tani,tanima,prefix
谷あい,単体,taniai,tantai,substitution
他人,担任,tanin,tannin,insertion
他人,単品,tanin,tanpin,insertion
胆汁,単純,tanju,tanjun,insertion
探検,丹念,tanken,tannen,substitution
探検,短編,tanken,tanpen,substitution
探検,鍛錬,tanken,tanren,substitution
探検,単線,tanken,tansen,substitution
探検,点検,tanken,tenken,substitution
短期,狸,tanki,tanuki,insertion
探求,天球,tankyu,tenkyu,substitution
短命,端正,tanmei,tansei,substitution
短命,探偵,tanmei,tantei,substitution
短命,天命,tanmei,tenmei,substitution
丹念,担任,tannen,tannin,substitution
丹念,短編,tannen,tanpen,substitution
丹念,鍛錬,tannen,tanren,substitution
丹念,単線,tannen,tansen,substitution
丹念,天然,tannen,tennen,substitution
丹念,残念,tannen,zannen,substitution
担任,単品,tannin,tanpin,substitution
担任,天人,tannin,tennin,substitution
担任,残忍,tannin,zannin,substitution
短編,単品,tanpen,tanpin,substitution
短編,鍛錬,tanpen,tanren,substitution
短編,単線,tanpen,tansen,substitution
短編,天変,tanpen,tenpen,substitution
鍛錬,単線,tanren,tansen,substitution
炭酸,単線,tansan,tansen,substitution
端正,単線,tansei,tansen,last_char_differs
端正,端子,tansei,tanshi,substitution
端正,淡水,tansei,tansui,substitution
端正,探偵,tansei,tantei,substitution
端正,達成,tansei,tassei,substitution
単線,点線,tansen,tensen,substitution
端子,単勝,tanshi,tansho,last_char_differs
端子,淡水,tanshi,tansui,substitution
端子,天使,tanshi,tenshi,substitution
端子,残滓,tanshi,zanshi,substitution
単勝,炭素,tansho,tanso,insertion
単勝,腕章,tansho,wansho,substitution
箪笥,淡水,tansu,tansui,insertion
単体,探偵,tantai,tantei,substitution
単体,天体,tantai,tentai,substitution
狸,垂木,tanuki,taruki,substitution
狸,襷,tanuki,tasuki,substitution
狸,手抜き,tanuki,tenuki,substitution
鱈,鱈子,tara,tarako,prefix
鱈,垂らす,tara,tarasu,prefix
盥,手洗い,tarai,tearai,insertion
垂らす,絶やす,tarasu,tayasu,substitution
垂らす,照らす,tarasu,terasu,substitution
たれ,垂れる,tare,tareru,prefix
垂れる,足りる,tareru,tariru,substitution
垂れる,建てる,tareru,tateru,substitution
垂れる,照れる,tareru,tereru,substitution
垂れる,取れる,tareru,toreru,substitution
垂れる,割れる,tareru,wareru,substitution
樽,垂木,taru,taruki,prefix
樽,たるむ,taru,tarumu,prefix
垂木,襷,taruki,tasuki,substitution
たるむ,たゆむ,tarumu,tayumu,substitution
他者,達者,tasha,tassha,insertion
足す,襷,tasu,tasuki,prefix
襷,手漉き,tasuki,tesuki,substitution
襷,月,tasuki,tsuki,insertion
三和土,叩く,tataki,tataku,last_char_differs
三和土,畳,tataki,tatami,substitution
叩く,たたる,tataku,tataru,substitution
たたら,たたる,tatara,tataru,last_char_differs
たたら,俵,tatara,tawara,substitution
たたら,やたら,tatara,yatara,substitution
たたる,建てる,tataru,tateru,substitution
たたる,渡る,tataru,wataru,substitution
塔頭,鉄柱,tatchu,tetchu,substitution
盾,建具,tate,tategu,prefix
盾,建てる,tate,tateru,prefix
盾,建屋,tate,tateya,prefix
建具,建てる,tategu,tateru,substitution
俵,たわわ,tawara,tawawa,substitution
多様,便り,tayo,tayori,prefix
多様,頼る,tayo,tayoru,prefix
便り,頼る,tayori,tayoru,last_char_differs
手編み,手紙,teami,tegami,insertion
手編み,手並み,teami,tenami,insertion
手荒,手洗い,teara,tearai,insertion
手足,停止,teashi,teishi,substitution
手足,天使,teashi,tenshi,substitution
手引き,定期,tebiki,teiki,insertion
手ぶら,手振り,tebura,teburi,last_char_differs
手振り,手摺り,teburi,tesuri,substitution
手帳,丁重,techo,teicho,insertion
手帳,店長,techo,tencho,insertion
手拭き,手抜き,tefuki,tenuki,substitution
手拭き,手漉き,tefuki,tesuki,substitution
手書き,手紙,tegaki,tegami,substitution
手書き,手先,tegaki,tesaki,substitution
手書き,ト書き,tegaki,togaki,substitution
手紙,手並み,tegami,tenami,substitution
手軽,尖る,tegaru,togaru,substitution
天蚕糸,手薄,tegusu,teusu,insertion
手偏,底辺,tehen,teihen,insertion
提案,定番,teian,teiban,insertion
低地,丁重,teichi,teicho,last_char_differs
低地,停止,teichi,teishi,substitution
低地,天地,teichi,tenchi,substitution
低地,手落ち,teichi,teochi,substitution
低地,手打ち,teichi,teuchi,substitution
丁重,店長,teicho,tencho,substitution
停電,庭園,teiden,teien,insertion
停電,底辺,teiden,teihen,substitution
停電,底面,teiden,teimen,substitution
停電,定年,teiden,teinen,substitution
停電,停船,teiden,teisen,substitution
停電,定点,teiden,teiten,substitution
程度,適度,teido,tekido,insertion
庭園,底辺,teien,teihen,insertion
庭園,底面,teien,teimen,insertion
庭園,定年,teien,teinen,insertion
庭園,停船,teien,teisen,insertion
庭園,定点,teien,teiten,insertion
底辺,底面,teihen,teimen,substitution
底辺,定年,teihen,teinen,substitution
底辺,停船,teihen,teisen,substitution
底辺,定点,teihen,teiten,substitution
定時,適時,teiji,tekiji,insertion
定形,定期,teikei,teiki,insertion
定形,丁寧,teikei,teinei,substitution
定形,定例,teikei,teirei,substitution
定形,訂正,teikei,teisei,substitution
低空,庭球,teiku,teikyu,insertion
帝京,庭球,teikyo,teikyu,last_char_differs
帝京,鉄橋,teikyo,tekkyo,substitution
帝京,転居,teikyo,tenkyo,substitution
庭球,天球,teikyu,tenkyu,substitution
弟妹,体裁,teimai,teisai,substitution
底面,定年,teimen,teinen,substitution
底面,停船,teimen,teisen,substitution
底面,定点,teimen,teiten,substitution
丁寧,定年,teinei,teinen,last_char_differs
丁寧,定例,teinei,teirei,substitution
丁寧,訂正,teinei,teisei,substitution
定年,停船,teinen,teisen,substitution
定年,定点,teinen,teiten,substitution
定年,天然,teinen,tennen,substitution
手入れ,定例,teire,teirei,insertion
定例,低利,teirei,teiri,insertion
定例,訂正,teirei,teisei,substitution
体裁,訂正,teisai,teisei,substitution
体裁,停止,teisai,teishi,substitution
体裁,天才,teisai,tensai,substitution
訂正,停船,teisei,teisen,last_char_differs
訂正,停止,teisei,teishi,substitution
訂正,手製,teisei,tesei,insertion
停船,定点,teisen,teiten,substitution
停船,点線,teisen,tensen,substitution
停船,鉄線,teisen,tessen,substitution
停車,停止,teisha,teishi,last_char_differs
停車,亭主,teisha,teishu,last_char_differs
停止,亭主,teishi,teishu,last_char_differs
停止,天使,teishi,tenshi,substitution
停止,砥石,teishi,toishi,substitution
亭主,天主,teishu,tenshu,substitution
亭主,撤収,teishu,tesshu,substitution
帝都,適当,teito,tekito,insertion
手近,手品,tejika,tejina,substitution
敵,適度,teki,tekido,prefix
敵,適法,teki,tekiho,prefix
敵,適時,teki,tekiji,prefix
敵,適当,teki,tekito,prefix
適度,適法,tekido,tekiho,substitution
適度,適応,tekido,tekio,insertion
適度,適当,tekido,tekito,substitution
適法,適応,tekiho,tekio,insertion
適法,適当,tekiho,tekito,substitution
適応,適当,tekio,tekito,insertion
鉄管,鉄琴,tekkan,tekkin,substitution
鉄管,転換,tekkan,tenkan,substitution
敵機,鉄琴,tekki,tekkin,insertion
鉄鉱,鉄橋,tekko,tekkyo,insertion
鉄橋,転居,tekkyo,tenkyo,substitution
鉄橋,絶叫,tekkyo,zekkyo,substitution
梃子,手漕ぎ,teko,tekogi,prefix
天秤,店員,tenbin,tenin,insertion
天秤,天神,tenbin,tenjin,substitution
天秤,天人,tenbin,tennin,substitution
天地,店長,tenchi,tencho,last_char_differs
天地,天使,tenchi,tenshi,substitution
天地,手落ち,tenchi,teochi,substitution
天地,手打ち,tenchi,teuchi,substitution
天地,頓知,tenchi,tonchi,substitution
店長,前兆,tencho,zencho,substitution
天丼,天文,tendon,tenmon,substitution
店員,天神,tenin,tenjin,insertion
店員,天人,tenin,tennin,insertion
点字,天神,tenji,tenjin,insertion
天神,天人,tenjin,tennin,substitution
天神,全人,tenjin,zenjin,substitution
天下,展開,tenka,tenkai,insertion
天下,転換,tenka,tenkan,insertion
展開,転換,tenkai,tenkan,last_char_differs
展開,天気,tenkai,tenki,insertion
展開,天才,tenkai,tensai,substitution
展開,天体,tenkai,tentai,substitution
展開,前回,tenkai,zenkai,substitution
転換,点検,tenkan,tenken,substitution
転換,典範,tenkan,tenpan,substitution
転換,展覧,tenkan,tenran,substitution
転換,全巻,tenkan,zenkan,substitution
点検,天然,tenken,tennen,substitution
点検,天変,tenken,tenpen,substitution
点検,点線,tenken,tensen,substitution
点検,全県,tenken,zenken,substitution
天気,手抜き,tenki,tenuki,insertion
転校,転居,tenko,tenkyo,insertion
転校,手の甲,tenko,tenoko,insertion
天空,天球,tenku,tenkyu,insertion
転居,天球,tenkyo,tenkyu,last_char_differs
転居,天女,tenkyo,tennyo,substitution
転居,天領,tenkyo,tenryo,substitution
天球,転入,tenkyu,tennyu,substitution
天然,天人,tennen,tennin,substitution
天然,天変,tennen,tenpen,substitution
天然,点線,tennen,tensen,substitution
天然,前年,tennen,zennen,substitution
天人,善人,tennin,zennin,substitution
天女,転入,tennyo,tennyu,last_char_differs
天女,天領,tennyo,tenryo,substitution
典範,天変,tenpan,tenpen,substitution
典範,展覧,tenpan,tenran,substitution
典範,鉄板,tenpan,teppan,substitution
天変,点線,tenpen,tensen,substitution
天変,鉄片,tenpen,teppen,substitution
天変,全編,tenpen,zenpen,substitution
天領,善良,tenryo,zenryo,substitution
天才,天使,tensai,tenshi,substitution
天才,天体,tensai,tentai,substitution
天才,前菜,tensai,zensai,substitution
点線,鉄線,tensen,tessen,substitution
点線,全線,tensen,zensen,substitution
天使,天主,tenshi,tenshu,last_char_differs
天使,全市,tenshi,zenshi,substitution
天主,撤収,tenshu,tesshu,substitution
天主,前週,tenshu,zenshu,substitution
天体,撤退,tentai,tettai,substitution
天体,全体,tentai,zentai,substitution
手抜き,手漉き,tenuki,tesuki,substitution
手落ち,手打ち,teochi,teuchi,substitution
手落ち,当地,teochi,tochi,insertion
鉄板,鉄片,teppan,teppen,substitution
鉄板,絶版,teppan,zeppan,substitution
寺,照らす,tera,terasu,prefix
照れる,取れる,tereru,toreru,substitution
手先,手漉き,tesaki,tesuki,substitution
手数,手漉き,tesu,tesuki,prefix
手数,手摺り,tesu,tesuri,prefix
手漉き,手摺り,tesuki,tesuri,substitution
手漉き,月,tesuki,tsuki,insertion
撤退,徹底,tettai,tettei,substitution
徹底,突堤,tettei,tottei,substitution
手打ち,土,teuchi,tsuchi,substitution
飛ばす,溶かす,tobasu,tokasu,substitution
飛ばす,閉ざす,tobasu,tozasu,substitution
鳶,飛び火,tobi,tobihi,prefix
鳶,扉,tobi,tobira,prefix
鳶,飛魚,tobi,tobiuo,prefix
当地,頓知,tochi,tonchi,insertion
投打,戸棚,toda,todana,prefix
登壇,戸棚,todan,todana,insertion
海馬,届く,todo,todoku,prefix
海馬,頭取,todo,todori,prefix
届く,東国,todoku,togoku,substitution
届く,東北,todoku,tohoku,substitution
届く,登録,todoku,toroku,substitution
頭取,遠乗り,todori,tonori,substitution
ト書き,遠巻き,togaki,tomaki,substitution
尖る,遂げる,togaru,togeru,substitution
尖る,止まる,togaru,tomaru,substitution
峠,遂げる,toge,togeru,prefix
遂げる,溶ける,togeru,tokeru,substitution
遂げる,止める,togeru,tomeru,substitution
遂げる,取れる,togeru,toreru,substitution
等号,東国,togo,togoku,prefix
東国,東北,togoku,tohoku,substitution
東国,登録,togoku,toroku,substitution
研ぐ,とぐろ,togu,toguro,prefix
当方,東北,toho,tohoku,prefix
東北,登録,tohoku,toroku,substitution
吐息,陶磁器,toiki,tojiki,insertion
砥石,年,toishi,toshi,insertion
冬至,陶磁器,toji,tojiki,prefix
冬至,綴じる,toji,tojiru,prefix
綴じる,捩る,tojiru,yojiru,substitution
灯火,溶かす,toka,tokasu,prefix
溶かす,閉ざす,tokasu,tozasu,substitution
刀剣,特権,token,tokken,insertion
溶ける,止める,tokeru,tomeru,substitution
溶ける,取れる,tokeru,toreru,substitution
溶ける,よける,tokeru,yokeru,substitution
朱鷺,常磐,toki,tokiwa,prefix
特権,特訓,tokken,tokkun,substitution
特急,特有,tokkyu,tokuyu,substitution
特急,投球,tokkyu,tokyu,insertion
特急,欲求,tokkyu,yokkyu,substitution
刀工,所,toko,tokoro,prefix
刀工,床屋,toko,tokoya,prefix
所,薯蕷,tokoro,tororo,substitution
所,溶鉱炉,tokoro,yokoro,substitution
遠く,得度,toku,tokudo,prefix
遠く,特技,toku,tokugi,prefix
遠く,徳利,toku,tokuri,prefix
遠く,徳用,toku,tokuyo,prefix
遠く,特有,toku,tokuyu,prefix
得度,徳用,tokudo,tokuyo,substitution
特技,得意,tokugi,tokui,insertion
特技,徳利,tokugi,tokuri,substitution
得意,徳利,tokui,tokuri,insertion
徳用,特有,tokuyo,tokuyu,last_char_differs
徳用,浴用,tokuyo,yokuyo,substitution
特有,投球,tokuyu,tokyu,insertion
止まる,止める,tomaru,tomeru,substitution
止まる,灯る,tomaru,tomoru,substitution
留め具,止める,tomegu,tomeru,substitution
止める,灯る,tomeru,tomoru,substitution
止める,取れる,tomeru,toreru,substitution
供,灯る,tomo,tomoru,prefix
供,点す,tomo,tomosu,prefix
灯る,点す,tomoru,tomosu,substitution
隣り,遠乗り,tonari,tonori,substitution
殿,遠乗り,tono,tonori,prefix
虎,当落,tora,toraku,prefix
当落,登録,toraku,toroku,substitution
取れる,縒れる,toreru,yoreru,substitution
鳥,砦,tori,toride,prefix
鳥,虜,tori,toriko,prefix
砦,取り柄,toride,torie,insertion
灯籠,とろ火,toro,torobi,prefix
灯籠,登録,toro,toroku,prefix
灯籠,とろみ,toro,toromi,prefix
灯籠,薯蕷,toro,tororo,prefix
とろ火,とろい,torobi,toroi,insertion
とろ火,とろみ,torobi,toromi,substitution
とろい,とろみ,toroi,toromi,insertion
年,灯心,toshi,toshin,insertion
途端,突端,totan,tottan,insertion
徒弟,突堤,totei,tottei,insertion
取っ手,突堤,totte,tottei,insertion
粒,通分,tsubu,tsubun,insertion
土,通帳,tsuchi,tsucho,last_char_differs
土,追肥,tsuchi,tsuihi,substitution
通帳,通称,tsucho,tsusho,substitution
都度,集う,tsudo,tsudou,insertion
つがい,次,tsugai,tsugi,insertion
つがい,辛い,tsugai,tsurai,substitution
対語,追走,tsuigo,tsuiso,substitution
対語,追悼,tsuigo,tsuito,substitution
追加,対句,tsuika,tsuiku,last_char_differs
追加,塚,tsuika,tsuka,insertion
対句,付く,tsuiku,tsuku,insertion
追走,追悼,tsuiso,tsuito,substitution
塚,痛感,tsuka,tsukan,insertion
塚,使う,tsuka,tsukau,insertion
痛感,使う,tsukan,tsukau,last_char_differs
痛感,通算,tsukan,tsusan,substitution
使う,付く,tsukau,tsuku,insertion
使う,伝う,tsukau,tsutau,substitution
付く,机,tsuku,tsukue,insertion
常,通年,tsune,tsunen,insertion
面,辛い,tsura,tsurai,insertion
通路,うつろ,tsuro,utsuro,insertion
鶴,写る,tsuru,utsuru,insertion
蔦,伝う,tsuta,tsutau,insertion
伝う,筒,tsutau,tsutsu,substitution
つて,打つ手,tsute,utsute,insertion
通用,強い,tsuyo,tsuyoi,insertion
産毛,産声,ubuge,ubugoe,insertion
内,内気,uchi,uchiki,prefix
内,打ち身,uchi,uchimi,prefix
内,団扇,uchi,uchiwa,prefix
内気,打ち身,uchiki,uchimi,substitution
うだる,茹だる,udaru,yudaru,insertion
穿つ,うかつ,ugatsu,ukatsu,substitution
伺う,疑う,ukagau,utagau,substitution
憂き身,雪見,ukimi,yukimi,insertion
鰻,夕凪ぎ,unagi,yunagi,insertion
うんち,運賃,unchi,unchin,insertion
運賃,運針,unchin,unshin,substitution
鵜呑み,湯飲み,unomi,yunomi,insertion
裏盆,裏門,urabon,uramon,substitution
憂える,売れる,ureeru,ureru,insertion
売れる,揺れる,ureru,yureru,insertion
売れる,ずれる,ureru,zureru,insertion
粳,漆,uruchi,urushi,substitution
潤す,潤う,uruosu,uruou,insertion
うるさい,漆,urusai,urushi,substitution
牛,後ろ,ushi,ushiro,prefix
謡,歌い手,utai,utaite,prefix
打つ,うつろ,utsu,utsuro,prefix
打つ,写る,utsu,utsuru,prefix
打つ,写す,utsu,utsusu,prefix
打つ,打つ手,utsu,utsute,prefix
打つ,器,utsu,utsuwa,prefix
うつろ,写る,utsuro,utsuru,last_char_differs
写る,写す,utsuru,utsusu,substitution
卯月,夕月,uzuki,yuzuki,insertion
和風,和服,wafu,wafuku,prefix
和学,和訳,wagaku,wayaku,substitution
和学,夜学,wagaku,yagaku,substitution
和歌,若葉,waka,wakaba,prefix
和歌,若木,waka,wakagi,prefix
和歌,若芽,waka,wakame,prefix
和歌,若菜,waka,wakana,prefix
和歌,分かる,waka,wakaru,prefix
和歌,沸かす,waka,wakasu,prefix
和歌,若手,waka,wakate,prefix
若葉,若菜,wakaba,wakana,substitution
若木,若い,wakagi,wakai,insertion
若芽,若手,wakame,wakate,substitution
若芽,分け目,wakame,wakeme,substitution
和漢,若菜,wakan,wakana,insertion
分かる,沸かす,wakaru,wakasu,substitution
分かる,分ける,wakaru,wakeru,substitution
分かる,渡る,wakaru,wataru,substitution
沸かす,渡す,wakasu,watasu,substitution
訳,分け目,wake,wakeme,prefix
訳,分ける,wake,wakeru,prefix
分け目,割れ目,wakeme,wareme,substitution
分ける,割れる,wakeru,wareru,substitution
分ける,焼ける,wakeru,yakeru,substitution
脇,脇見,waki,wakimi,prefix
罠,輪投げ,wana,wanage,prefix
輪投げ,綿毛,wanage,watage,substitution
藁,童,wara,warabe,prefix
藁,わらび,wara,warabi,prefix
藁,わらじ,wara,waraji,prefix
童,わらび,warabe,warabi,last_char_differs
わらび,わらじ,warabi,waraji,substitution
我,割れ目,ware,wareme,prefix
我,割れる,ware,wareru,prefix
割,割り印,wari,wariin,prefix
綿,綿毛,wata,watage,prefix
綿,渡る,wata,wataru,prefix
綿,渡す,wata,watasu,prefix
渡る,渡す,wataru,watasu,substitution
藪,破く,yabu,yabuku,prefix
藪,破る,yabu,yaburu,prefix
破く,破る,yabuku,yaburu,substitution
家賃,野心,yachin,yashin,substitution
野鳥,八百長,yacho,yaocho,insertion
宿,宿す,yado,yadosu,prefix
宿,宿屋,yado,yadoya,prefix
宿屋,八百屋,yadoya,yaoya,insertion
夜学,洋学,yagaku,yogaku,substitution
夜学,遊学,yagaku,yugaku,substitution
夜具,矢倉,yagu,yagura,prefix
夜会,厄介,yakai,yakkai,insertion
屋形,浴衣,yakata,yukata,substitution
やけ,焼ける,yake,yakeru,prefix
焼ける,止める,yakeru,yameru,substitution
焼ける,痩せる,yakeru,yaseru,substitution
焼ける,よける,yakeru,yokeru,substitution
厄介,躍起,yakkai,yakki,insertion
葯,役場,yaku,yakuba,prefix
葯,厄日,yaku,yakubi,prefix
葯,躍動,yaku,yakudo,prefix
葯,訳語,yaku,yakugo,prefix
葯,役員,yaku,yakuin,prefix
葯,役目,yaku,yakume,prefix
葯,薬味,yaku,yakumi,prefix
葯,薬草,yaku,yakuso,prefix
葯,約数,yaku,yakusu,prefix
役場,厄日,yakuba,yakubi,last_char_differs
厄日,薬味,yakubi,yakumi,substitution
躍動,訳語,yakudo,yakugo,substitution
躍動,薬草,yakudo,yakuso,substitution
訳語,薬草,yakugo,yakuso,substitution
役目,薬味,yakume,yakumi,last_char_differs
薬草,約数,yakuso,yakusu,last_char_differs
薬草,浴槽,yakuso,yokuso,substitution
山,山あい,yama,yamaai,prefix
山,山場,yama,yamaba,prefix
山,山路,yama,yamaji,prefix
山,山手,yama,yamate,prefix
山あい,山路,yamaai,yamaji,substitution
止める,痩せる,yameru,yaseru,substitution
闇,闇夜,yami,yamiyo,prefix
柳,夕凪ぎ,yanagi,yunagi,substitution
八百長,幼鳥,yaocho,yocho,insertion
槍,遣り場,yari,yariba,prefix
槍,遺り手,yari,yarite,prefix
野菜,矢先,yasai,yasaki,insertion
痩せる,寄せる,yaseru,yoseru,substitution
椰子,野心,yashi,yashin,insertion
曜日,呼び子,yobi,yobiko,prefix
曜日,呼び名,yobi,yobina,prefix
淀,淀む,yodo,yodomu,prefix
溶液,擁壁,yoeki,yoheki,insertion
養父,養父母,yofu,yofubo,prefix
養父,夜更け,yofu,yofuke,prefix
養父,洋服,yofu,yofuku,prefix
夜更け,洋服,yofuke,yofuku,last_char_differs
洋服,裕福,yofuku,yufuku,substitution
洋画,洋学,yoga,yogaku,prefix
洋学,余白,yogaku,yohaku,substitution
洋学,要約,yogaku,yoyaku,substitution
洋学,遊学,yogaku,yugaku,substitution
夜霧,よぎる,yogiri,yogiru,last_char_differs
夜霧,夕霧,yogiri,yugiri,substitution
よぎる,捩る,yogiru,yojiru,substitution
養護,汚す,yogo,yogosu,prefix
養護,夜毎,yogo,yogoto,prefix
余波,余白,yoha,yohaku,prefix
余白,要約,yohaku,yoyaku,substitution
葉柄,擁壁,yohei,yoheki,insertion
養育,羊肉,yoiku,yoniku,insertion
幼時,捩る,yoji,yojiru,prefix
余暇,夜風,yoka,yokaze,prefix
妖怪,横合い,yokai,yokoai,insertion
よける,縒れる,yokeru,yoreru,substitution
よける,寄せる,yokeru,yoseru,substitution
容器,用聞き,yoki,yokiki,prefix
用聞き,行き来,yokiki,yukiki,substitution
欲求,洋弓,yokkyu,yokyu,insertion
横,横合い,yoko,yokoai,prefix
横,予告,yoko,yokoku,prefix
横,横目,yoko,yokome,prefix
横,溶鉱炉,yoko,yokoro,prefix
横,横手,yoko,yokote,prefix
予告,予測,yokoku,yosoku,substitution
予告,夕刻,yokoku,yukoku,substitution
横目,横手,yokome,yokote,substitution
欲,浴場,yoku,yokujo,prefix
欲,浴槽,yoku,yokuso,prefix
欲,浴用,yoku,yokuyo,prefix
浴場,浴槽,yokujo,yokuso,substitution
浴場,浴用,yokujo,yokuyo,substitution
浴槽,浴用,yokuso,yokuyo,substitution
浴用,余興,yokuyo,yokyo,insertion
読み出,夜店,yomide,yomise,substitution
羊毛,蓬,yomo,yomogi,prefix
詠む,用向き,yomu,yomuki,prefix
夜長,夜中,yonaga,yonaka,substitution
夜中,夜泣き,yonaka,yonaki,last_char_differs
夜泣き,弱気,yonaki,yowaki,substitution
縒れる,寄せる,yoreru,yoseru,substitution
縒れる,揺れる,yoreru,yureru,substitution
夜,寄る辺,yoru,yorube,prefix
寄席,寄せる,yose,yoseru,prefix
洋酒,陽春,yoshu,yoshun,insertion
余所,予測,yoso,yosoku,prefix
予測,装う,yosoku,yosou,insertion
よす,四隅,yosu,yosumi,prefix
用水,四隅,yosui,yosumi,insertion
用水,腰椎,yosui,yotsui,insertion
弱火,齢,yowabi,yowai,insertion
弱火,弱気,yowabi,yowaki,substitution
齢,弱気,yowai,yowaki,insertion
湯浴み,夕闇,yuami,yuyami,insertion
指,指輪,yubi,yubiwa,prefix
油分,湯船,yubun,yubune,insertion
茹だる,茹でる,yudaru,yuderu,substitution
茹でる,揺れる,yuderu,yureru,substitution
誘導,湯豆腐,yudo,yudofu,prefix
輸液,遊撃,yueki,yugeki,insertion
油画,遊学,yuga,yugaku,prefix
油画,歪む,yuga,yugamu,prefix
油画,夕方,yuga,yugata,prefix
油画,誘蛾灯,yuga,yugato,prefix
遊学,歪む,yugaku,yugamu,substitution
遊学,遊郭,yugaku,yukaku,substitution
遊学,遊楽,yugaku,yuraku,substitution
遊学,結わく,yugaku,yuwaku,substitution
夕顔,誘蛾灯,yugao,yugato,insertion
夕方,誘蛾灯,yugata,yugato,last_char_differs
夕方,浴衣,yugata,yukata,substitution
夕げ,遊撃,yuge,yugeki,prefix
遊技,夕霧,yugi,yugiri,prefix
遊具,夕暮れ,yugu,yugure,prefix
床,遊郭,yuka,yukaku,prefix
床,浴衣,yuka,yukata,prefix
遊郭,夕刻,yukaku,yukoku,substitution
遊郭,遊楽,yukaku,yuraku,substitution
遊郭,結わく,yukaku,yuwaku,substitution
雪,行き場,yuki,yukiba,prefix
雪,行き来,yuki,yukiki,prefix
雪,雪見,yuki,yukimi,prefix
行き来,雪見,yukiki,yukimi,substitution
有効,夕刻,yuko,yukoku,prefix
行方,行く手,yukue,yukute,insertion
夢,夢路,yume,yumeji,prefix
有名,夢路,yumei,yumeji,insertion
弓,弓矢,yumi,yumiya,prefix
弓,湯水,yumi,yumizu,prefix
弓矢,夕靄,yumiya,yumoya,substitution
勇猛,夕靄,yumo,yumoya,prefix
有能,湯飲み,yuno,yunomi,prefix
揺らぐ,遊楽,yuragu,yuraku,substitution
揺らぐ,揺らす,yuragu,yurasu,substitution
揺らぐ,揺るぐ,yuragu,yurugu,substitution
遊楽,揺らす,yuraku,yurasu,substitution
遊楽,結わく,yuraku,yuwaku,substitution
揺らす,許す,yurasu,yurusu,substitution
揺らす,ずらす,yurasu,zurasu,substitution
揺れる,ずれる,yureru,zureru,substitution
揺るぐ,許す,yurugu,yurusu,substitution
揺るぐ,濯ぐ,yurugu,yusugu,substitution
濯ぐ,揺する,yusugu,yusuru,substitution
揺する,譲る,yusuru,yuzuru,substitution
友党,ゆとり,yuto,yutori,prefix
柚子,夕月,yuzu,yuzuki,prefix
柚子,譲る,yuzu,yuzuru,prefix
材料,在留,zairyo,zairyu,last_char_differs
雑菌,残金,zakkin,zankin,substitution
雑魚,雑魚寝,zako,zakone,prefix
残金,残忍,zankin,zannin,substitution
残念,残忍,zannen,zannin,substitution
残念,前年,zannen,zennen,substitution
残忍,善人,zannin,zennin,substitution
惨敗,残飯,zanpai,zanpan,last_char_differs
惨敗,全敗,zanpai,zenpai,substitution
残滓,雑誌,zanshi,zasshi,substitution
残滓,全市,zanshi,zenshi,substitution
ざら,粗目,zara,zarame,prefix
税関,税金,zeikan,zeikin,substitution
税関,全巻,zeikan,zenkan,substitution
絶海,絶景,zekkai,zekkei,substitution
絶海,前回,zekkai,zenkai,substitution
絶景,全景,zekkei,zenkei,substitution
絶好,絶叫,zekko,zekkyo,insertion
前兆,全書,zencho,zensho,substitution
前兆,絶頂,zencho,zetcho,substitution
前代,前回,zendai,zenkai,substitution
前代,ぜんまい,zendai,zenmai,substitution
前代,全敗,zendai,zenpai,substitution
前代,前菜,zendai,zensai,substitution
前代,全体,zendai,zentai,substitution
前代,善哉,zendai,zenzai,substitution
前衛,全景,zenei,zenkei,insertion
前衛,前庭,zenei,zentei,insertion
前半,全巻,zenhan,zenkan,substitution
銭,全域,zeni,zeniki,prefix
全域,前期,zeniki,zenki,insertion
全員,全人,zenin,zenjin,insertion
全員,善人,zenin,zennin,insertion
全員,前輪,zenin,zenrin,insertion
禅師,全人,zenji,zenjin,insertion
全人,善人,zenjin,zennin,substitution
全人,前輪,zenjin,zenrin,substitution
全科,前回,zenka,zenkai,insertion
全科,全巻,zenka,zenkan,insertion
前回,全巻,zenkai,zenkan,last_char_differs
前回,全景,zenkai,zenkei,substitution
前回,前期,zenkai,zenki,insertion
前回,ぜんまい,zenkai,zenmai,substitution
前回,全敗,zenkai,zenpai,substitution
前回,前菜,zenkai,zensai,substitution
前回,全体,zenkai,zentai,substitution
前回,善哉,zenkai,zenzai,substitution
全巻,全県,zenkan,zenken,substitution
全景,全県,zenkei,zenken,last_char_differs
全景,前期,zenkei,zenki,insertion
全景,前庭,zenkei,zentei,substitution
全県,全面,zenken,zenmen,substitution
全県,前年,zenken,zennen,substitution
全県,全編,zenken,zenpen,substitution
全県,全線,zenken,zensen,substitution
全県,全店,zenken,zenten,substitution
ぜんまい,全敗,zenmai,zenpai,substitution
ぜんまい,前菜,zenmai,zensai,substitution
ぜんまい,全体,zenmai,zentai,substitution
ぜんまい,善哉,zenmai,zenzai,substitution
全面,前年,zenmen,zennen,substitution
全面,全編,zenmen,zenpen,substitution
全面,全線,zenmen,zensen,substitution
全面,全店,zenmen,zenten,substitution
前年,善人,zennen,zennin,substitution
前年,全編,zennen,zenpen,substitution
前年,全線,zennen,zensen,substitution
前年,全店,zennen,zenten,substitution
善人,前輪,zennin,zenrin,substitution
全敗,前菜,zenpai,zensai,substitution
全敗,全体,zenpai,zentai,substitution
全敗,善哉,zenpai,zenzai,substitution
全編,全線,zenpen,zensen,substitution
全編,全店,zenpen,zenten,substitution
前菜,全市,zensai,zenshi,substitution
前菜,全体,zensai,zentai,substitution
前菜,善哉,zensai,zenzai,substitution
前世,全線,zense,zensen,insertion
全線,全店,zensen,zenten,substitution
全社,全市,zensha,zenshi,last_char_differs
全社,全書,zensha,zensho,last_char_differs
全社,前週,zensha,zenshu,last_char_differs
全市,全書,zenshi,zensho,last_char_differs
全市,前週,zenshi,zenshu,last_char_differs
全書,前週,zensho,zenshu,last_char_differs
全書,前奏,zensho,zenso,insertion
全体,前庭,zentai,zentei,substitution
全体,善哉,zentai,zenzai,substitution
前庭,全店,zentei,zenten,last_char_differs
前座,善哉,zenza,zenzai,insertion
善哉,ぞんざい,zenzai,zonzai,substitution
絶版,絶品,zeppan,zeppin,substitution
賊,俗語,zoku,zokugo,prefix
賊,続投,zoku,zokuto,prefix
俗語,続投,zokugo,zokuto,substitution
存外,ぞんざい,zongai,zonzai,substitution
図画,図柄,zuga,zugara,prefix
随所,随想,zuisho,zuiso,insertion
油,脂身,abura,aburami,prefix
油,油菜,abura,aburana,prefix
仇討ち,枝打ち,adauchi,edauchi,substitution
溢れる,触れる,afureru,fureru,insertion
合い服,回復,aifuku,kaifuku,insertion
合い口,陸地,aikuchi,rikuchi,substitution
赤子,赤米,akago,akagome,prefix
亜寒帯,寒帯,akantai,kantai,insertion
明らむ,絡む,akaramu,karamu,insertion
証,案山子,akashi,kakashi,insertion
空き箱,木箱,akibako,kibako,insertion
秋草,浮き草,akikusa,ukikusa,substitution
悪人,確認,akunin,kakunin,insertion
悪人,役人,akunin,yakunin,insertion
握手,麦酒,akushu,bakushu,insertion
握手,学習,akushu,gakushu,insertion
握手,拍手,akushu,hakushu,insertion
握手,隔週,akushu,kakushu,insertion
握手,昨秋,akushu,sakushu,insertion
雨垂れ,麻垂れ,amadare,madare,insertion
甘える,余せる,amaeru,amaseru,insertion
雨具,雨雲,amagu,amagumo,prefix
雨漏り,泡盛,amamori,awamori,substitution
雨漏り,御守り,amamori,omamori,substitution
余せる,合わせる,amaseru,awaseru,substitution
余せる,ませる,amaseru,maseru,insertion
阿弥陀,網棚,amida,amidana,prefix
編み物,網元,amimono,amimoto,substitution
編み物,見物,amimono,mimono,insertion
穴熊,穴蔵,anaguma,anagura,substitution
安直,鉛直,anchoku,enchoku,substitution
亜熱帯,熱帯,anettai,nettai,insertion
暗黒,万国,ankoku,bankoku,insertion
暗黒,残酷,ankoku,zankoku,insertion
あんまり,だんまり,anmari,danmari,insertion
安楽,段落,anraku,danraku,insertion
安楽,歓楽,anraku,kanraku,insertion
安心,半身,anshin,hanshin,insertion
安心,感心,anshin,kanshin,insertion
安心,南進,anshin,nanshin,insertion
安心,三振,anshin,sanshin,insertion
安心,短針,anshin,tanshin,insertion
安心,斬新,anshin,zanshin,insertion
安息,嘆息,ansoku,tansoku,insertion
荒らす,粗筋,arasu,arasuji,prefix
露わ,現す,arawa,arawasu,prefix
朝駆け,朝焼け,asagake,asayake,substitution
朝凪ぎ,蛹,asanagi,sanagi,insertion
足跡,足音,ashiato,ashioto,substitution
足代,私大,ashidai,shidai,insertion
海驢,確か,ashika,tashika,insertion
与える,湛える,ataeru,tataeru,insertion
宛て先,後先,atesaki,atosaki,substitution
宛て先,手先,atesaki,tesaki,insertion
後足,後押し,atoashi,atoshi,insertion
後書き,後先,atogaki,atosaki,substitution
後書き,ト書き,atogaki,togaki,insertion
厚手,八手,atsude,yatsude,insertion
厚地,末寺,atsuji,matsuji,insertion
扱う,使う,atsukau,tsukau,insertion
合わさる,合わせる,awasaru,awaseru,substitution
合わせる,慌てる,awaseru,awateru,substitution
あやかる,誤る,ayakaru,ayamaru,substitution
妖しい,卑しい,ayashii,iyashii,substitution
嘲る,預ける,azakeru,azukeru,substitution
与る,預ける,azukaru,azukeru,substitution
婆ちゃん,母ちゃん,baachan,kaachan,substitution
売薬,代役,baiyaku,daiyaku,substitution
売薬,配役,baiyaku,haiyaku,substitution
売薬,大役,baiyaku,taiyaku,substitution
馬術,美術,bajutsu,bijutsu,substitution
馬術,武術,bajutsu,bujutsu,substitution
馬術,魔術,bajutsu,majutsu,substitution
馬術,話術,bajutsu,wajutsu,substitution
莫大,落第,bakudai,rakudai,substitution
莫大,薬代,bakudai,yakudai,substitution
幕僚,閣僚,bakuryo,kakuryo,substitution
爆笑,麦酒,bakusho,bakushu,last_char_differs
爆笑,楽章,bakusho,gakusho,substitution
爆笑,白書,bakusho,hakusho,substitution
爆笑,弱小,bakusho,jakusho,substitution
爆笑,各所,bakusho,kakusho,substitution
爆笑,楽勝,bakusho,rakusho,substitution
爆笑,役所,bakusho,yakusho,substitution
麦酒,学習,bakushu,gakushu,substitution
麦酒,拍手,bakushu,hakushu,substitution
麦酒,隔週,bakushu,kakushu,substitution
麦酒,昨秋,bakushu,sakushu,substitution
万国,残酷,bankoku,zankoku,substitution
晩秋,晩春,banshu,banshun,insertion
伴奏,絆創膏,banso,bansoko,prefix
米穀,渓谷,beikoku,keikoku,substitution
米穀,冷酷,beikoku,reikoku,substitution
米穀,定刻,beikoku,teikoku,substitution
勉学,文学,bengaku,bungaku,substitution
勉学,田楽,bengaku,dengaku,substitution
勉学,弦楽,bengaku,gengaku,substitution
勉学,見学,bengaku,kengaku,substitution
弁じる,煎じる,benjiru,senjiru,substitution
別,別院,betsu,betsuin,prefix
別院,欠員,betsuin,ketsuin,substitution
美術,武術,bijutsu,bujutsu,substitution
美術,奇術,bijutsu,kijutsu,substitution
敏速,迅速,binsoku,jinsoku,substitution
微力,尾翼,biryoku,biyoku,insertion
微力,気力,biryoku,kiryoku,substitution
微小,美食,bisho,bishoku,prefix
美食,衣食,bishoku,ishoku,insertion
棒立ち,木立,bodachi,kodachi,substitution
棒立ち,総立ち,bodachi,sodachi,substitution
膨大,菩提樹,bodai,bodaiju,prefix
牧師,国士,bokushi,kokushi,substitution
牧師,特使,bokushi,tokushi,substitution
菩薩,増刷,bosatsu,zosatsu,substitution
坊っちゃん,おっちゃん,botchan,otchan,insertion
棒読み,秒読み,boyomi,byoyomi,insertion
舞楽,文学,bugaku,bungaku,insertion
武術,柔術,bujutsu,jujutsu,substitution
部活,無骨,bukatsu,bukotsu,substitution
部活,うかつ,bukatsu,ukatsu,insertion
分母,文房具,bunbo,bunbogu,prefix
文鎮,分身,bunchin,bunshin,substitution
文鎮,運賃,bunchin,unchin,insertion
文学,文楽,bungaku,bunraku,substitution
文楽,群落,bunraku,gunraku,substitution
分子,分身,bunshi,bunshin,insertion
分身,分針,bunshin,funshin,substitution
分身,純真,bunshin,junshin,substitution
分身,運針,bunshin,unshin,insertion
ぶつ,仏陀,butsu,butsuda,prefix
ぶつ,仏具,butsu,butsugu,prefix
ぶつ,仏間,butsu,butsuma,prefix
ぶつ,物理,butsu,butsuri,prefix
ぶつ,仏像,butsu,butsuzo,prefix
仏陀,仏間,butsuda,butsuma,substitution
秒針,虚心,byoshin,kyoshin,substitution
秒針,両親,byoshin,ryoshin,substitution
着帽,着用,chakubo,chakuyo,substitution
茶托,はたく,chataku,hataku,insertion
茶托,社宅,chataku,shataku,substitution
千鳥,日取り,chidori,hidori,insertion
地学,違う,chigaku,chigau,insertion
地学,地核,chigaku,chikaku,substitution
地学,中学,chigaku,chugaku,substitution
地学,私学,chigaku,shigaku,substitution
千木,契る,chigi,chigiru,prefix
地銀,賃金,chigin,chingin,insertion
小さい,地裁,chiisai,chisai,insertion
知事,地軸,chiji,chijiku,prefix
知事,縮む,chiji,chijimu,prefix
地軸,縮む,chijiku,chijimu,substitution
地軸,中軸,chijiku,chujiku,substitution
地下,近場,chika,chikaba,prefix
地下,地核,chika,chikaku,prefix
地下,力,chika,chikara,prefix
近場,力,chikaba,chikara,substitution
地核,誓う,chikaku,chikau,insertion
地核,遅刻,chikaku,chikoku,substitution
地核,皮革,chikaku,hikaku,insertion
地核,刺客,chikaku,shikaku,substitution
遅刻,彫刻,chikoku,chokoku,substitution
遅刻,被告,chikoku,hikoku,insertion
地区,築港,chiku,chikuko,prefix
地区,竹輪,chiku,chikuwa,prefix
賃金,珍品,chingin,chinpin,substitution
鎮魂,新婚,chinkon,shinkon,substitution
珍妙,神妙,chinmyo,shinmyo,substitution
珍品,新品,chinpin,shinpin,substitution
賃貸,地帯,chintai,chitai,insertion
賃貸,身体,chintai,shintai,substitution
散らす,白洲,chirasu,shirasu,substitution
提灯,長針,chochin,choshin,substitution
貯金,直近,chokin,chokkin,insertion
聴講,彫刻,choko,chokoku,prefix
彫刻,邦国,chokoku,hokoku,insertion
彫刻,小国,chokoku,shokoku,substitution
直後,食後,chokugo,shokugo,substitution
調理,調理場,chori,choriba,prefix
長石,宝石,choseki,hoseki,insertion
長石,書籍,choseki,shoseki,substitution
調子,長針,choshi,choshin,insertion
長針,中心,choshin,chushin,substitution
長針,小心,choshin,shoshin,substitution
中学,修学,chugaku,shugaku,substitution
中軸,主軸,chujiku,shujiku,substitution
中間,右中間,chukan,uchukan,insertion
中期,駐機場,chuki,chukijo,prefix
中心,終身,chushin,shushin,substitution
駄菓子,和菓子,dagashi,wagashi,substitution
大学,代役,daigaku,daiyaku,substitution
大学,開学,daigaku,kaigaku,substitution
大学,退学,daigaku,taigaku,substitution
大学,在学,daigaku,zaigaku,substitution
題目,材木,daimoku,zaimoku,substitution
代数,大好き,daisu,daisuki,prefix
代役,弾薬,daiyaku,danyaku,substitution
代役,配役,daiyaku,haiyaku,substitution
代役,大役,daiyaku,taiyaku,substitution
男児,断食,danji,danjiki,prefix
断食,かんじき,danjiki,kanjiki,substitution
段落,弾薬,danraku,danyaku,substitution
段落,歓楽,danraku,kanraku,substitution
弾薬,丸薬,danyaku,ganyaku,substitution
だれる,うだれる,dareru,udareru,insertion
打力,努力,daryoku,doryoku,substitution
打力,魔力,daryoku,maryoku,substitution
出だし,手出し,dedashi,tedashi,substitution
田楽,電卓,dengaku,dentaku,substitution
田楽,弦楽,dengaku,gengaku,substitution
田楽,見学,dengaku,kengaku,substitution
電子,遺伝子,denshi,idenshi,insertion
電卓,円卓,dentaku,entaku,insertion
電卓,洗濯,dentaku,sentaku,substitution
銅板,銅版画,doban,dobanga,prefix
動物,洞窟,dobutsu,dokutsu,substitution
動物,成仏,dobutsu,jobutsu,substitution
動物,好物,dobutsu,kobutsu,substitution
土着,降着,dochaku,kochaku,substitution
土着,横着,dochaku,ochaku,insertion
土着,到着,dochaku,tochaku,substitution
どちら,こちら,dochira,kochira,substitution
道府県,都府県,dofuken,tofuken,substitution
同一,同日,doitsu,dojitsu,insertion
同日,後日,dojitsu,gojitsu,substitution
同日,当日,dojitsu,tojitsu,substitution
同日,余日,dojitsu,yojitsu,substitution
どける,おどける,dokeru,odokeru,insertion
独文,国文,dokubun,kokubun,substitution
読者,読書,dokusha,dokusho,last_char_differs
読者,独習,dokusha,dokushu,last_char_differs
読書,独習,dokusho,dokushu,last_char_differs
読書,独奏,dokusho,dokuso,insertion
読書,緑青,dokusho,rokusho,substitution
独習,国主,dokushu,kokushu,substitution
独習,特殊,dokushu,tokushu,substitution
独習,翌週,dokushu,yokushu,substitution
動脈,静脈,domyaku,jomyaku,substitution
動脈,鉱脈,domyaku,komyaku,substitution
動脈,葉脈,domyaku,yomyaku,substitution
丼,どんぐり,donburi,donguri,substitution
丼,本降り,donburi,honburi,substitution
貪欲,努力,donyoku,doryoku,substitution
同列,後列,doretsu,koretsu,substitution
同列,猛烈,doretsu,moretsu,substitution
同列,壮烈,doretsu,soretsu,substitution
同僚,度量衡,doryo,doryoko,prefix
同僚,努力,doryo,doryoku,prefix
度量衡,努力,doryoko,doryoku,last_char_differs
努力,能力,doryoku,noryoku,substitution
努力,走力,doryoku,soryoku,substitution
努力,余力,doryoku,yoryoku,substitution
鋭角,計画,eikaku,keikaku,insertion
鋭角,明確,eikaku,meikaku,insertion
鋭角,正確,eikaku,seikaku,insertion
永続,継続,eizoku,keizoku,insertion
永続,低俗,eizoku,teizoku,insertion
益鳥,石彫,ekicho,sekicho,insertion
益虫,劇中,ekichu,gekichu,insertion
益虫,石柱,ekichu,sekichu,insertion
益虫,的中,ekichu,tekichu,insertion
液晶,関所,ekisho,sekisho,insertion
園長,鉛直,encho,enchoku,prefix
煙幕,粘膜,enmaku,nenmaku,insertion
煙幕,天幕,enmaku,tenmaku,insertion
鉛筆,運筆,enpitsu,unpitsu,substitution
縁先,剣先,ensaki,kensaki,insertion
宴席,原石,enseki,genseki,insertion
宴席,船籍,enseki,senseki,insertion
宴席,転籍,enseki,tenseki,insertion
遠足,変速,ensoku,hensoku,insertion
円卓,洗濯,entaku,sentaku,insertion
園遊会,入会,enyukai,nyukai,insertion
普段,普段着,fudan,fudangi,prefix
風月,不潔,fugetsu,fuketsu,substitution
風月,不滅,fugetsu,fumetsu,substitution
風月,敷設,fugetsu,fusetsu,substitution
深井,深入り,fukai,fukairi,prefix
不潔,不吉,fuketsu,fukitsu,substitution
不潔,不屈,fuketsu,fukutsu,substitution
不潔,不滅,fuketsu,fumetsu,substitution
不潔,敷設,fuketsu,fusetsu,substitution
不吉,不屈,fukitsu,fukutsu,substitution
不吉,府立,fukitsu,furitsu,substitution
腹部,複文,fukubu,fukubun,insertion
副題,腹背,fukudai,fukuhai,substitution
副本,古本,fukuhon,furuhon,substitution
梟,御袋,fukuro,ofukuro,insertion
伏射,副詞,fukusha,fukushi,last_char_differs
伏射,副将,fukusha,fukusho,last_char_differs
伏射,復習,fukusha,fukushu,last_char_differs
副詞,副将,fukushi,fukusho,last_char_differs
副詞,復習,fukushi,fukushu,last_char_differs
副詞,腹水,fukushi,fukusui,substitution
副将,復習,fukusho,fukushu,last_char_differs
腹水,熟睡,fukusui,jukusui,substitution
不滅,敷設,fumetsu,fusetsu,substitution
不向き,噴霧器,fumuki,funmuki,insertion
分針,不審,funshin,fushin,insertion
分針,純真,funshin,junshin,substitution
分針,運針,funshin,unshin,insertion
触れる,震える,fureru,furueru,insertion
敷設,右折,fusetsu,usetsu,insertion
節,節目,fushi,fushime,prefix
画伯,外泊,gahaku,gaihaku,insertion
外泊,外郭,gaihaku,gaikaku,substitution
外壁,外敵,gaiheki,gaiteki,substitution
外壁,内壁,gaiheki,naiheki,substitution
外貨,外郭,gaika,gaikaku,prefix
外郭,外国,gaikaku,gaikoku,substitution
外郭,内角,gaikaku,naikaku,substitution
外郭,体格,gaikaku,taikaku,substitution
外航,外国,gaiko,gaikoku,prefix
外国,海国,gaikoku,kaikoku,substitution
外国,内国,gaikoku,naikoku,substitution
外国,大国,gaikoku,taikoku,substitution
外敵,快適,gaiteki,kaiteki,substitution
外敵,最適,gaiteki,saiteki,substitution
外敵,大敵,gaiteki,taiteki,substitution
楽部,医学部,gakubu,igakubu,insertion
学長,楽章,gakucho,gakusho,substitution
学長,白鳥,gakucho,hakucho,substitution
学長,各庁,gakucho,kakucho,substitution
楽団,格段,gakudan,kakudan,substitution
学園,学年,gakuen,gakunen,insertion
学芸,学生,gakugei,gakusei,substitution
学業,学用,gakugyo,gakuyo,insertion
学費,学資,gakuhi,gakushi,insertion
学年,隔年,gakunen,kakunen,substitution
学年,昨年,gakunen,sakunen,substitution
学生,学資,gakusei,gakushi,substitution
学生,剥製,gakusei,hakusei,substitution
学生,作成,gakusei,sakusei,substitution
学生,惑星,gakusei,wakusei,substitution
学者,学資,gakusha,gakushi,last_char_differs
学者,楽章,gakusha,gakusho,last_char_differs
学者,学習,gakusha,gakushu,last_char_differs
学者,拍車,gakusha,hakusha,substitution
学者,弱者,gakusha,jakusha,substitution
学者,各社,gakusha,kakusha,substitution
学者,作者,gakusha,sakusha,substitution
学者,役者,gakusha,yakusha,substitution
学資,楽章,gakushi,gakusho,last_char_differs
学資,学習,gakushi,gakushu,last_char_differs
学資,白紙,gakushi,hakushi,substitution
学資,各氏,gakushi,kakushi,substitution
学資,作詞,gakushi,sakushi,substitution
学資,訳詞,gakushi,yakushi,substitution
楽章,学習,gakusho,gakushu,last_char_differs
楽章,白書,gakusho,hakusho,substitution
楽章,弱小,gakusho,jakusho,substitution
楽章,各所,gakusho,kakusho,substitution
楽章,楽勝,gakusho,rakusho,substitution
楽章,役所,gakusho,yakusho,substitution
学習,拍手,gakushu,hakushu,substitution
学習,隔週,gakushu,kakushu,substitution
学習,昨秋,gakushu,sakushu,substitution
楽隊,弱体,gakutai,jakutai,substitution
楽隊,薬袋,gakutai,yakutai,substitution
岸壁,岩石,ganpeki,ganseki,substitution
岸壁,完璧,ganpeki,kanpeki,substitution
贋作,丸薬,gansaku,ganyaku,substitution
贋作,合作,gansaku,gassaku,substitution
贋作,原作,gansaku,gensaku,substitution
贋作,散策,gansaku,sansaku,substitution
岩石,原石,ganseki,genseki,substitution
伽藍,がらんどう,garan,garando,prefix
解脱,隔つ,gedatsu,hedatsu,substitution
芸談,劇団,geidan,gekidan,insertion
迎春,青春,geishun,seishun,substitution
劇中,石柱,gekichu,sekichu,substitution
劇中,的中,gekichu,tekichu,substitution
激甚,敵陣,gekijin,tekijin,substitution
原簿,原木,genbo,genboku,prefix
原木,原告,genboku,genkoku,substitution
原木,面目,genboku,menboku,substitution
原液,原石,geneki,genseki,insertion
原画,弦楽,genga,gengaku,prefix
弦楽,厳格,gengaku,genkaku,substitution
弦楽,原作,gengaku,gensaku,substitution
弦楽,見学,gengaku,kengaku,substitution
源五郎,懇ろ,gengoro,nengoro,substitution
現下,厳格,genka,genkaku,prefix
厳格,原告,genkaku,genkoku,substitution
厳格,原作,genkaku,gensaku,substitution
原告,軍国,genkoku,gunkoku,substitution
原告,先刻,genkoku,senkoku,substitution
原告,篆刻,genkoku,tenkoku,substitution
原告,全国,genkoku,zenkoku,substitution
原作,検索,gensaku,kensaku,substitution
原作,連作,gensaku,rensaku,substitution
原作,添削,gensaku,tensaku,substitution
原作,前作,gensaku,zensaku,substitution
現世,原石,gense,genseki,prefix
厳正,原石,gensei,genseki,insertion
原石,船籍,genseki,senseki,substitution
原石,転籍,genseki,tenseki,substitution
戯曲,医局,gikyoku,ikyoku,insertion
銀幕,銀箔,ginmaku,ginpaku,substitution
銀箔,金箔,ginpaku,kinpaku,substitution
技師,儀式,gishi,gishiki,prefix
儀式,五色,gishiki,goshiki,substitution
儀式,錦,gishiki,nishiki,substitution
後日,当日,gojitsu,tojitsu,substitution
後日,余日,gojitsu,yojitsu,substitution
豪傑,補欠,goketsu,hoketsu,substitution
豪傑,高潔,goketsu,koketsu,substitution
豪傑,凍結,goketsu,toketsu,substitution
豪傑,増結,goketsu,zoketsu,substitution
語釈,侯爵,goshaku,koshaku,substitution
語釈,咀嚼,goshaku,soshaku,substitution
合祀,五色,goshi,goshiki,prefix
五色,常識,goshiki,joshiki,substitution
五色,公式,goshiki,koshiki,substitution
五色,組織,goshiki,soshiki,substitution
五色,洋式,goshiki,yoshiki,substitution
群読,軍国,gundoku,gunkoku,substitution
群読,軍属,gundoku,gunzoku,substitution
群読,訓読,gundoku,kundoku,substitution
軍港,軍国,gunko,gunkoku,prefix
軍国,軍属,gunkoku,gunzoku,substitution
軍国,訓告,gunkoku,kunkoku,substitution
魚肉,牛肉,gyoniku,gyuniku,substitution
魚肉,羊肉,gyoniku,yoniku,insertion
派閥,放つ,habatsu,hanatsu,substitution
侍る,喋る,haberu,shaberu,insertion
蜂,鉢植え,hachi,hachiue,prefix
延縄,塙,haenawa,hanawa,insertion
敗北,廃屋,haiboku,haioku,insertion
敗北,大木,haiboku,taiboku,substitution
灰石,俳誌,haiishi,haishi,insertion
配役,早く,haiyaku,hayaku,insertion
配役,大役,haiyaku,taiyaku,substitution
弾く,車軸,hajiku,shajiku,insertion
計らう,図る,hakarau,hakaru,insertion
計らう,逆らう,hakarau,sakarau,substitution
白亜紀,幕開き,hakuaki,makuaki,substitution
白鳥,白昼,hakucho,hakuchu,last_char_differs
白鳥,白鳳,hakucho,hakuho,insertion
白鳥,白書,hakucho,hakusho,substitution
白鳥,各庁,hakucho,kakucho,substitution
白昼,拍手,hakuchu,hakushu,substitution
白昼,角柱,hakuchu,kakuchu,substitution
白銅,赤銅,hakudo,shakudo,insertion
白煙,白線,hakuen,hakusen,insertion
白鳳,白票,hakuho,hakuhyo,insertion
白鳳,白書,hakuho,hakusho,insertion
白米,薄命,hakumai,hakumei,substitution
白米,白菜,hakumai,hakusai,substitution
薄命,剥製,hakumei,hakusei,substitution
白菜,剥製,hakusai,hakusei,substitution
白菜,白紙,hakusai,hakushi,substitution
剥製,白線,hakusei,hakusen,last_char_differs
剥製,白紙,hakusei,hakushi,substitution
剥製,北西,hakusei,hokusei,substitution
剥製,作成,hakusei,sakusei,substitution
剥製,惑星,hakusei,wakusei,substitution
白線,落選,hakusen,rakusen,substitution
白線,作戦,hakusen,sakusen,substitution
拍車,白紙,hakusha,hakushi,last_char_differs
拍車,白書,hakusha,hakusho,last_char_differs
拍車,拍手,hakusha,hakushu,last_char_differs
拍車,弱者,hakusha,jakusha,substitution
拍車,各社,hakusha,kakusha,substitution
拍車,作者,hakusha,sakusha,substitution
拍車,役者,hakusha,yakusha,substitution
白紙,白書,hakushi,hakusho,last_char_differs
白紙,拍手,hakushi,hakushu,last_char_differs
白紙,各氏,hakushi,kakushi,substitution
白紙,作詞,hakushi,sakushi,substitution
白紙,訳詞,hakushi,yakushi,substitution
白書,拍手,hakusho,hakushu,last_char_differs
白書,弱小,hakusho,jakusho,substitution
白書,各所,hakusho,kakusho,substitution
白書,楽勝,hakusho,rakusho,substitution
白書,役所,hakusho,yakusho,substitution
拍手,隔週,hakushu,kakushu,substitution
拍手,昨秋,hakushu,sakushu,substitution
はまち,畑地,hamachi,hatachi,substitution
花火,花冷え,hanabi,hanabie,insertion
話,半紙,hanashi,hanshi,insertion
話,林,hanashi,hayashi,substitution
放す,放つ,hanasu,hanatsu,insertion
半紙,半身,hanshi,hanshin,insertion
半身,発進,hanshin,hasshin,substitution
半身,返信,hanshin,henshin,substitution
半身,感心,hanshin,kanshin,substitution
半身,南進,hanshin,nanshin,substitution
半身,三振,hanshin,sanshin,substitution
半身,短針,hanshin,tanshin,substitution
半身,斬新,hanshin,zanshin,substitution
帆走,半袖,hanso,hansode,prefix
半島,半時,hanto,hantoki,prefix
覇者,燥ぐ,hasha,hashagu,prefix
橋,梯子,hashi,hashigo,prefix
橋,艀,hashi,hashike,prefix
橋,柱,hashi,hashira,prefix
橋,走る,hashi,hashiru,prefix
橋,端た,hashi,hashita,prefix
柱,走る,hashira,hashiru,last_char_differs
柱,端た,hashira,hashita,substitution
柱,頭,hashira,kashira,substitution
走る,はしょる,hashiru,hashoru,substitution
畑地,形,hatachi,katachi,substitution
はたく,社宅,hataku,shataku,insertion
初,初午,hatsu,hatsuma,prefix
初,初荷,hatsu,hatsuni,prefix
初,撥音,hatsu,hatsuon,prefix
撥音,雑音,hatsuon,zatsuon,substitution
平地,僻地,heichi,hekichi,insertion
平服,被服,heifuku,hifuku,insertion
平服,冥福,heifuku,meifuku,substitution
平服,礼服,heifuku,reifuku,substitution
平服,制服,heifuku,seifuku,substitution
閉幕,被膜,heimaku,himaku,insertion
平面,壁面,heimen,hekimen,insertion
僻地,敵地,hekichi,tekichi,substitution
壁面,てきめん,hekimen,tekimen,substitution
返信,線審,henshin,senshin,substitution
返信,天心,henshin,tenshin,substitution
返信,全身,henshin,zenshin,substitution
返送,変速,henso,hensoku,prefix
火鉢,火箸,hibachi,hibashi,substitution
火箸,日干し,hibashi,hiboshi,substitution
火箸,干菓子,hibashi,higashi,substitution
火箸,日増し,hibashi,himashi,substitution
火箸,庇,hibashi,hisashi,substitution
火箸,日差し,hibashi,hizashi,substitution
日干し,煮干し,hiboshi,niboshi,substitution
秘仏,卑屈,hibutsu,hikutsu,substitution
秘仏,異物,hibutsu,ibutsu,insertion
秘仏,器物,hibutsu,kibutsu,substitution
被服,私服,hifuku,shifuku,insertion
干菓子,日増し,higashi,himashi,substitution
干菓子,庇,higashi,hisashi,substitution
干菓子,日差し,higashi,hizashi,substitution
日ごと,仕事,higoto,shigoto,insertion
日暮れ,時雨,higure,shigure,insertion
控え目,引け目,hikaeme,hikeme,insertion
皮革,飛脚,hikaku,hikyaku,insertion
皮革,刺客,hikaku,shikaku,insertion
卑屈,理屈,hikutsu,rikutsu,substitution
日増し,庇,himashi,hisashi,substitution
日増し,日差し,himashi,hizashi,substitution
秘める,湿る,himeru,shimeru,insertion
日持ち,気持ち,himochi,kimochi,substitution
頻繁,審判,hinpan,shinpan,insertion
品詞,紳士,hinshi,shinshi,insertion
広間,大広間,hiroma,ohiroma,insertion
庇,必至,hisashi,hisshi,insertion
庇,日差し,hisashi,hizashi,substitution
飛車,柄杓,hisha,hishaku,prefix
柄杓,磁石,hishaku,jishaku,substitution
羊,必需,hitsuji,hitsuju,last_char_differs
ひよっこ,ひよこ,hiyokko,hiyoko,insertion
ひよっこ,秘蔵っ子,hiyokko,hizokko,substitution
ひ弱,ひ弱い,hiyowa,hiyowai,insertion
歪む,沈む,hizumu,shizumu,insertion
庖丁,補聴器,hocho,hochoki,prefix
方角,小学,hogaku,shogaku,insertion
補欠,高潔,hoketsu,koketsu,substitution
補欠,凍結,hoketsu,toketsu,substitution
補欠,増結,hoketsu,zoketsu,substitution
邦国,小国,hokoku,shokoku,insertion
埃,性懲り,hokori,shokori,insertion
北西,木星,hokusei,mokusei,substitution
北西,特製,hokusei,tokusei,substitution
北端,木炭,hokutan,mokutan,substitution
北洋,食用,hokuyo,shokuyo,insertion
本場,本箱,honba,honbako,prefix
本真,本丸,honma,honmaru,prefix
本籍,宝石,honseki,hoseki,insertion
本籍,痕跡,honseki,konseki,substitution
本屋,翻訳,honya,honyaku,prefix
翻訳,邦訳,honyaku,hoyaku,insertion
翻訳,婚約,honyaku,konyaku,substitution
翻訳,老若,honyaku,ronyaku,substitution
宝石,書籍,hoseki,shoseki,insertion
保線,鳳仙花,hosen,hosenka,prefix
補色,常食,hoshoku,joshoku,substitution
補色,粗食,hoshoku,soshoku,substitution
補色,洋食,hoshoku,yoshoku,substitution
邦訳,生薬,hoyaku,shoyaku,insertion
漂白,余白,hyohaku,yohaku,insertion
標的,強敵,hyoteki,kyoteki,substitution
異物,器物,ibutsu,kibutsu,insertion
一団,一男,ichidan,ichinan,substitution
一団,一覧,ichidan,ichiran,substitution
一団,石段,ichidan,ishidan,substitution
一隅,一群,ichigu,ichigun,insertion
一時,日時,ichiji,nichiji,insertion
一女,日常,ichijo,nichijo,insertion
一面,一門,ichimen,ichimon,substitution
一男,一覧,ichinan,ichiran,substitution
一夜,日夜,ichiya,nichiya,insertion
一様,日曜,ichiyo,nichiyo,insertion
医学,医学部,igaku,igakubu,prefix
いじける,苛める,ijikeru,ijimeru,substitution
いじける,おじける,ijikeru,ojikeru,substitution
いかれる,枯れる,ikareru,kareru,insertion
いかれる,浮かれる,ikareru,ukareru,substitution
行き掛け,来掛け,ikigake,kigake,insertion
生き物,着物,ikimono,kimono,insertion
生き物,置物,ikimono,okimono,substitution
行き先,行く先,ikisaki,ikusaki,substitution
行き先,后,ikisaki,kisaki,insertion
行く先,草木,ikusaki,kusaki,insertion
医局,陰極,ikyoku,inkyoku,insertion
否める,諫める,inameru,isameru,substitution
否める,炒める,inameru,itameru,substitution
否める,嘗める,inameru,nameru,insertion
隠居,陰極,inkyo,inkyoku,prefix
陰極,引力,inkyoku,inryoku,substitution
飲料,引力,inryo,inryoku,prefix
隕石,隣席,inseki,rinseki,insertion
印章,飲食,insho,inshoku,prefix
飲食,衣食,inshoku,ishoku,insertion
色々,色白,iroiro,irojiro,insertion
諫める,炒める,isameru,itameru,substitution
諫める,修める,isameru,osameru,substitution
諫める,冷める,isameru,sameru,insertion
慰謝料,車両,isharyo,sharyo,insertion
石段,師団,ishidan,shidan,insertion
異質,石臼,ishitsu,ishiusu,substitution
異質,王室,ishitsu,oshitsu,substitution
異質,室,ishitsu,shitsu,insertion
いたち,生い立ち,itachi,oitachi,insertion
炒める,溜める,itameru,tameru,insertion
岩屋,岩山,iwaya,iwayama,prefix
蛇口,間口,jaguchi,maguchi,substitution
若輩,弱体,jakuhai,jakutai,substitution
弱者,弱小,jakusha,jakusho,last_char_differs
弱者,各社,jakusha,kakusha,substitution
弱者,作者,jakusha,sakusha,substitution
弱者,役者,jakusha,yakusha,substitution
弱小,各所,jakusho,kakusho,substitution
弱小,楽勝,jakusho,rakusho,substitution
弱小,役所,jakusho,yakusho,substitution
弱体,薬袋,jakutai,yakutai,substitution
自動車,自動詞,jidosha,jidoshi,last_char_differs
自動詞,助動詞,jidoshi,jodoshi,substitution
爺ちゃん,兄ちゃん,jiichan,niichan,substitution
時日,期日,jijitsu,kijitsu,substitution
時給,持久走,jikyu,jikyuso,prefix
神宮,神宮寺,jingu,jinguji,prefix
人肉,筋肉,jinniku,kinniku,substitution
人肉,大蒜,jinniku,ninniku,substitution
人士,地主,jinshi,jinushi,insertion
地主,荷主,jinushi,ninushi,substitution
自作,磁石,jisaku,jishaku,insertion
自作,実作,jisaku,jissaku,insertion
時節,除雪,jisetsu,josetsu,substitution
時節,季節,jisetsu,kisetsu,substitution
侍者,磁石,jisha,jishaku,prefix
磁石,実作,jishaku,jissaku,substitution
実母,実像,jitsubo,jitsuzo,substitution
実像,立像,jitsuzo,ritsuzo,substitution
成仏,好物,jobutsu,kobutsu,substitution
城郭,乗客,jokaku,jokyaku,insertion
乗客,序曲,jokyaku,jokyoku,substitution
乗客,静脈,jokyaku,jomyaku,substitution
乗客,助役,jokyaku,joyaku,insertion
乗客,顧客,jokyaku,kokyaku,substitution
上京,助教授,jokyo,jokyoju,prefix
上京,序曲,jokyo,jokyoku,prefix
助教授,序曲,jokyoju,jokyoku,substitution
序曲,浪曲,jokyoku,rokyoku,substitution
序曲,総局,jokyoku,sokyoku,substitution
序曲,当局,jokyoku,tokyoku,substitution
序曲,謡曲,jokyoku,yokyoku,substitution
序幕,静脈,jomaku,jomyaku,insertion
静脈,助役,jomyaku,joyaku,insertion
静脈,鉱脈,jomyaku,komyaku,substitution
静脈,葉脈,jomyaku,yomyaku,substitution
情熱,除雪,jonetsu,josetsu,substitution
情熱,饒舌,jonetsu,jozetsu,substitution
情熱,余熱,jonetsu,yonetsu,substitution
状差し,助数詞,josashi,josushi,substitution
女婿,女生徒,josei,joseito,prefix
除雪,饒舌,josetsu,jozetsu,substitution
除雪,降雪,josetsu,kosetsu,substitution
除雪,夭折,josetsu,yosetsu,substitution
上司,常識,joshi,joshiki,prefix
常識,公式,joshiki,koshiki,substitution
常識,組織,joshiki,soshiki,substitution
常識,洋式,joshiki,yoshiki,substitution
序章,常食,josho,joshoku,prefix
常食,住職,joshoku,jushoku,substitution
常食,粗食,joshoku,soshoku,substitution
常食,洋食,joshoku,yoshoku,substitution
上達,炬燵,jotatsu,kotatsu,substitution
上達,到達,jotatsu,totatsu,substitution
饒舌,壮絶,jozetsu,sozetsu,substitution
塾生,熟睡,jukusei,jukusui,substitution
呪文,十文字,jumon,jumonji,prefix
純白,潤沢,junpaku,juntaku,substitution
純真,重臣,junshin,jushin,insertion
純真,運針,junshin,unshin,insertion
潤沢,住宅,juntaku,jutaku,insertion
重力,無力,juryoku,muryoku,substitution
重力,有力,juryoku,yuryoku,substitution
住所,住職,jusho,jushoku,prefix
住職,無色,jushoku,mushoku,substitution
住職,夕食,jushoku,yushoku,substitution
価値,勝ち気,kachi,kachiki,prefix
価値,家畜,kachi,kachiku,prefix
価値,勝ち目,kachi,kachime,prefix
勝ち気,家畜,kachiki,kachiku,last_char_differs
勝ち気,立ち木,kachiki,tachiki,substitution
化学,開学,kagaku,kaigaku,insertion
化学,官学,kagaku,kangaku,insertion
歌劇,間隙,kageki,kangeki,insertion
快打,買い溜め,kaida,kaidame,prefix
海道,買い時,kaido,kaidoki,prefix
買い時,買い置き,kaidoki,kaioki,insertion
海風,回復,kaifu,kaifuku,prefix
絵画,開学,kaiga,kaigaku,prefix
絵画,貝殻,kaiga,kaigara,prefix
開学,開幕,kaigaku,kaimaku,substitution
開学,改作,kaigaku,kaisaku,substitution
開学,官学,kaigaku,kangaku,substitution
開学,器楽,kaigaku,kigaku,insertion
開学,退学,kaigaku,taigaku,substitution
開学,在学,kaigaku,zaigaku,substitution
蚕,海国,kaiko,kaikoku,prefix
海国,快速,kaikoku,kaisoku,substitution
海国,海賊,kaikoku,kaizoku,substitution
海国,各国,kaikoku,kakkoku,substitution
海国,苛酷,kaikoku,kakoku,insertion
海国,渓谷,kaikoku,keikoku,substitution
海国,貴国,kaikoku,kikoku,insertion
海国,内国,kaikoku,naikoku,substitution
海国,大国,kaikoku,taikoku,substitution
開幕,改作,kaimaku,kaisaku,substitution
開幕,内膜,kaimaku,naimaku,substitution
買い物,着物,kaimono,kimono,insertion
買い物,食い物,kaimono,kuimono,substitution
買い置き,書き置き,kaioki,kakioki,insertion
海王星,改姓,kaiosei,kaisei,insertion
改作,快速,kaisaku,kaisoku,substitution
改作,佳作,kaisaku,kasaku,insertion
改作,気さく,kaisaku,kisaku,insertion
改作,対策,kaisaku,taisaku,substitution
改姓,会席,kaisei,kaiseki,insertion
会席,快適,kaiseki,kaiteki,substitution
会席,化石,kaiseki,kaseki,insertion
会席,軌跡,kaiseki,kiseki,insertion
会席,在籍,kaiseki,zaiseki,substitution
海藻,快速,kaiso,kaisoku,prefix
快速,海賊,kaisoku,kaizoku,substitution
快速,規則,kaisoku,kisoku,insertion
買い手,快適,kaite,kaiteki,prefix
海底,快適,kaitei,kaiteki,insertion
快適,警笛,kaiteki,keiteki,substitution
快適,汽笛,kaiteki,kiteki,insertion
快適,最適,kaiteki,saiteki,substitution
快適,大敵,kaiteki,taiteki,substitution
開通,過日,kaitsu,kajitsu,insertion
開通,過密,kaitsu,kamitsu,insertion
海賊,家族,kaizoku,kazoku,insertion
海賊,継続,kaizoku,keizoku,substitution
海賊,貴族,kaizoku,kizoku,insertion
海図,貝塚,kaizu,kaizuka,prefix
過日,過密,kajitsu,kamitsu,substitution
過日,期日,kajitsu,kijitsu,substitution
過日,他日,kajitsu,tajitsu,substitution
抱える,罹る,kakaeru,kakaru,insertion
抱える,掛ける,kakaeru,kakeru,insertion
抱える,叶える,kakaeru,kanaeru,substitution
抱える,栄える,kakaeru,sakaeru,substitution
価格,間隔,kakaku,kankaku,insertion
案山子,各氏,kakashi,kakushi,substitution
郭公,各国,kakko,kakkoku,prefix
各国,苛酷,kakkoku,kakoku,insertion
各国,歌曲,kakkoku,kakyoku,substitution
各国,雑穀,kakkoku,zakkoku,substitution
花崗岩,火口原,kakogan,kakogen,substitution
火口原,格言,kakogen,kakugen,substitution
苛酷,歌曲,kakoku,kakyoku,insertion
各地,各庁,kakuchi,kakucho,last_char_differs
各地,角柱,kakuchi,kakuchu,last_char_differs
各地,各氏,kakuchi,kakushi,substitution
各地,幕内,kakuchi,makuchi,substitution
各地,宅地,kakuchi,takuchi,substitution
各庁,角柱,kakucho,kakuchu,last_char_differs
各庁,各所,kakucho,kakusho,substitution
各庁,黒鳥,kakucho,kokucho,substitution
角柱,隔週,kakuchu,kakushu,substitution
格段,攪拌,kakudan,kakuhan,substitution
格言,隔年,kakugen,kakunen,substitution
格言,刻限,kakugen,kokugen,substitution
各派,攪拌,kakuha,kakuhan,insertion
各派,各社,kakuha,kakusha,insertion
各界,角材,kakukai,kakuzai,substitution
家訓,隔年,kakun,kakunen,prefix
家訓,確認,kakun,kakunin,prefix
隔年,確認,kakunen,kakunin,substitution
隔年,昨年,kakunen,sakunen,substitution
確認,役人,kakunin,yakunin,substitution
各社,各氏,kakusha,kakushi,last_char_differs
各社,各所,kakusha,kakusho,last_char_differs
各社,隔週,kakusha,kakushu,last_char_differs
各社,作者,kakusha,sakusha,substitution
各社,役者,kakusha,yakusha,substitution
各氏,各所,kakushi,kakusho,last_char_differs
各氏,隔週,kakushi,kakushu,last_char_differs
各氏,角錐,kakushi,kakusui,substitution
各氏,国士,kakushi,kokushi,substitution
各氏,作詞,kakushi,sakushi,substitution
各氏,訳詞,kakushi,yakushi,substitution
各所,隔週,kakusho,kakushu,last_char_differs
各所,楽勝,kakusho,rakusho,substitution
各所,役所,kakusho,yakusho,substitution
隔週,隠す,kakushu,kakusu,insertion
隔週,国主,kakushu,kokushu,substitution
隔週,昨秋,kakushu,sakushu,substitution
隠す,角錐,kakusu,kakusui,insertion
角錐,国粋,kakusui,kokusui,substitution
角材,薬剤,kakuzai,yakuzai,substitution
華僑,歌曲,kakyo,kakyoku,prefix
過密,貨物,kamitsu,kamotsu,substitution
醸す,貨物,kamosu,kamotsu,insertion
貨物,供物,kamotsu,kumotsu,substitution
貨物,保つ,kamotsu,tamotsu,substitution
叶える,兼ねる,kanaeru,kaneru,insertion
官房,灌木,kanbo,kanboku,prefix
灌木,監督,kanboku,kantoku,substitution
灌木,南北,kanboku,nanboku,substitution
灌木,淡墨,kanboku,tanboku,substitution
官学,間隔,kangaku,kankaku,substitution
官学,関白,kangaku,kanpaku,substitution
官学,歓楽,kangaku,kanraku,substitution
官学,見学,kangaku,kengaku,substitution
官学,蘭学,kangaku,rangaku,substitution
官学,山岳,kangaku,sangaku,substitution
歓迎,間隙,kangei,kangeki,insertion
間隙,完璧,kangeki,kanpeki,substitution
間隙,還暦,kangeki,kanreki,substitution
幹事,かんじき,kanji,kanjiki,prefix
間隔,関白,kankaku,kanpaku,substitution
間隔,歓楽,kankaku,kanraku,substitution
間隔,卵殻,kankaku,rankaku,substitution
間隔,三角,kankaku,sankaku,substitution
関白,歓楽,kanpaku,kanraku,substitution
関白,金箔,kanpaku,kinpaku,substitution
関白,卵白,kanpaku,ranpaku,substitution
関白,蛋白,kanpaku,tanpaku,substitution
関白,腕白,kanpaku,wanpaku,substitution
完璧,還暦,kanpeki,kanreki,substitution
完璧,紺碧,kanpeki,konpeki,substitution
寒冷,還暦,kanrei,kanreki,insertion
還暦,枯れ木,kanreki,kareki,insertion
漢詩,感心,kanshi,kanshin,insertion
感心,家臣,kanshin,kashin,insertion
感心,近親,kanshin,kinshin,substitution
感心,南進,kanshin,nanshin,substitution
感心,三振,kanshin,sanshin,substitution
感心,短針,kanshin,tanshin,substitution
感心,斬新,kanshin,zanshin,substitution
巻頭,監督,kanto,kantoku,prefix
顔役,火薬,kaoyaku,kayaku,insertion
顔役,膏薬,kaoyaku,koyaku,insertion
顔役,共訳,kaoyaku,kyoyaku,substitution
割烹,割烹着,kappo,kappogi,prefix
空揚げ,嵩上げ,karaage,kasaage,substitution
枯れる,浮かれる,kareru,ukareru,insertion
下流,狩人,karyu,karyudo,prefix
樫,貸し間,kashi,kashima,prefix
樫,頭,kashi,kashira,prefix
樫,貸し手,kashi,kashite,prefix
樫,柏,kashi,kashiwa,prefix
樫,貸し家,kashi,kashiya,prefix
貸し間,頭,kashima,kashira,substitution
貸し間,柏,kashima,kashiwa,substitution
貸し間,貸し家,kashima,kashiya,substitution
頭,柏,kashira,kashiwa,substitution
頭,貸し家,kashira,kashiya,substitution
貸し手,差し手,kashite,sashite,substitution
柏,貸し家,kashiwa,kashiya,substitution
堅い,肩入れ,katai,kataire,prefix
肩入れ,綿入れ,kataire,wataire,substitution
語らう,語る,katarau,kataru,insertion
勝つ,活動,katsu,katsudo,prefix
勝つ,担ぐ,katsu,katsugu,prefix
勝つ,桂,katsu,katsura,prefix
活動,鰹,katsudo,katsuo,insertion
軽薄,計画,keihaku,keikaku,substitution
軽薄,希薄,keihaku,kihaku,insertion
軽薄,明白,keihaku,meihaku,substitution
軽薄,停泊,keihaku,teihaku,substitution
計画,渓谷,keikaku,keikoku,substitution
計画,企画,keikaku,kikaku,insertion
計画,明確,keikaku,meikaku,substitution
計画,正確,keikaku,seikaku,substitution
稽古,渓谷,keiko,keikoku,prefix
渓谷,継続,keikoku,keizoku,substitution
渓谷,貴国,keikoku,kikoku,insertion
渓谷,冷酷,keikoku,reikoku,substitution
渓谷,定刻,keikoku,teikoku,substitution
警笛,汽笛,keiteki,kiteki,insertion
警笛,政敵,keiteki,seiteki,substitution
継続,貴族,keizoku,kizoku,insertion
継続,低俗,keizoku,teizoku,substitution
煙たい,眠たい,kemutai,nemutai,substitution
険悪,見学,kenaku,kengaku,insertion
険悪,検索,kenaku,kensaku,insertion
険悪,倹約,kenaku,kenyaku,insertion
剣玉,善玉,kendama,zendama,substitution
見学,検索,kengaku,kensaku,substitution
見学,倹約,kengaku,kenyaku,substitution
県債,剣先,kensai,kensaki,insertion
剣先,検索,kensaki,kensaku,last_char_differs
剣先,毛先,kensaki,kesaki,insertion
検索,倹約,kensaku,kenyaku,substitution
検索,傑作,kensaku,kessaku,substitution
検索,近作,kensaku,kinsaku,substitution
検索,連作,kensaku,rensaku,substitution
検索,添削,kensaku,tensaku,substitution
検索,前作,kensaku,zensaku,substitution
倹約,婚約,kenyaku,konyaku,substitution
倹約,点訳,kenyaku,tenyaku,substitution
潔癖,鉄壁,keppeki,teppeki,substitution
潔癖,絶壁,keppeki,zeppeki,substitution
芥子,消印,keshi,keshiin,prefix
芥子,景色,keshi,keshiki,prefix
景色,公式,keshiki,koshiki,substitution
傑作,鉄柵,kessaku,tessaku,substitution
決心,熱心,kesshin,nesshin,substitution
欠場,雪上,ketsujo,setsujo,substitution
奇抜,器物,kibatsu,kibutsu,substitution
奇抜,期末,kibatsu,kimatsu,substitution
木彫り,浮き彫り,kibori,ukibori,insertion
器物,奇術,kibutsu,kijutsu,substitution
器物,好物,kibutsu,kobutsu,substitution
帰着,希薄,kichaku,kihaku,insertion
帰着,降着,kichaku,kochaku,substitution
木太刀,木立,kidachi,kodachi,substitution
期日,奇術,kijitsu,kijutsu,substitution
期日,均一,kijitsu,kinitsu,substitution
期間,聞かん坊,kikan,kikanbo,prefix
期間,聞かん気,kikan,kikanki,prefix
菊花,きっかけ,kikka,kikkake,prefix
貴公子,神輿,kikoshi,mikoshi,substitution
気持ち,気落ち,kimochi,kiochi,insertion
気持ち,子持ち,kimochi,komochi,substitution
着物,食い物,kimono,kuimono,insertion
着物,置物,kimono,okimono,insertion
祈念,記念日,kinen,kinenbi,prefix
筋肉,大蒜,kinniku,ninniku,substitution
気のせい,金星,kinosei,kinsei,insertion
金箔,近作,kinpaku,kinsaku,substitution
近作,気さく,kinsaku,kisaku,insertion
金星,筋線維,kinsei,kinseni,insertion
琴線,筋線維,kinsen,kinseni,insertion
菌糸,近親,kinshi,kinshin,insertion
金的,汽笛,kinteki,kiteki,insertion
金曜,金曜日,kinyo,kinyobi,prefix
金属,貴族,kinzoku,kizoku,insertion
金属,民族,kinzoku,minzoku,substitution
記憶,気後れ,kioku,kiokure,prefix
切れ味,切れ字,kireaji,kireji,insertion
記録,気力,kiroku,kiryoku,insertion
季節,降雪,kisetsu,kosetsu,substitution
岸,岸辺,kishi,kishibe,prefix
岸,軋む,kishi,kishimu,prefix
鍛える,応える,kitaeru,kotaeru,substitution
奇譚,汚い,kitan,kitanai,prefix
汚い,満たない,kitanai,mitanai,substitution
着付,狐,kitsuke,kitsune,substitution
着付,煮付け,kitsuke,nitsuke,substitution
木槌,小槌,kizuchi,kozuchi,substitution
紅梅,公倍数,kobai,kobaisu,prefix
戸別,好物,kobetsu,kobutsu,substitution
戸別,高潔,kobetsu,koketsu,substitution
戸別,後列,kobetsu,koretsu,substitution
戸別,降雪,kobetsu,kosetsu,substitution
戸別,鋼鉄,kobetsu,kotetsu,substitution
戸別,区別,kobetsu,kubetsu,substitution
高木,巨木,koboku,kyoboku,insertion
拳,国士,kobushi,kokushi,substitution
紅茶,降着,kocha,kochaku,prefix
降着,琥珀,kochaku,kohaku,insertion
降着,侯爵,kochaku,koshaku,substitution
降着,横着,kochaku,ochaku,insertion
降着,到着,kochaku,tochaku,substitution
耕地,こちら,kochi,kochira,prefix
木立,小出し,kodachi,kodashi,substitution
木立,総立ち,kodachi,sodachi,substitution
工学,教学,kogaku,kyogaku,insertion
焦げる,凍える,kogeru,kogoeru,insertion
琥珀,侯爵,kohaku,koshaku,insertion
硬筆,こいつ,kohitsu,koitsu,insertion
硬筆,公立,kohitsu,koritsu,substitution
硬筆,毛筆,kohitsu,mohitsu,substitution
こいつ,公立,koitsu,koritsu,insertion
公海,公会堂,kokai,kokaido,prefix
口角,骨格,kokaku,kokkaku,insertion
口角,顧客,kokaku,kokyaku,insertion
小芥子,国士,kokeshi,kokushi,substitution
高潔,後列,koketsu,koretsu,substitution
高潔,降雪,koketsu,kosetsu,substitution
高潔,鋼鉄,koketsu,kotetsu,substitution
高潔,凍結,koketsu,toketsu,substitution
高潔,増結,koketsu,zoketsu,substitution
国花,骨格,kokka,kokkaku,prefix
骨格,顧客,kokkaku,kokyaku,substitution
広告,峡谷,kokoku,kyokoku,insertion
黒板,国文,kokuban,kokubun,substitution
黒板,国産,kokuban,kokusan,substitution
黒板,翌晩,kokuban,yokuban,substitution
国文,国軍,kokubun,kokugun,substitution
黒鳥,国宝,kokucho,kokuho,insertion
黒鳥,木彫,kokucho,mokucho,substitution
黒鳥,特徴,kokucho,tokucho,substitution
黒鳥,族長,kokucho,zokucho,substitution
国道,極度,kokudo,kyokudo,insertion
黒鉛,刻限,kokuen,kokugen,insertion
刻限,国軍,kokugen,kokugun,substitution
国軍,賊軍,kokugun,zokugun,substitution
国費,国賓,kokuhi,kokuhin,insertion
国費,国士,kokuhi,kokushi,insertion
国賓,刻印,kokuhin,kokuin,insertion
国賓,国民,kokuhin,kokumin,substitution
刻印,国民,kokuin,kokumin,insertion
刻印,局員,kokuin,kyokuin,insertion
克明,匿名,kokumei,tokumei,substitution
穀類,国粋,kokurui,kokusui,substitution
国債,国産,kokusai,kokusan,last_char_differs
国債,国士,kokusai,kokushi,substitution
国債,国粋,kokusai,kokusui,substitution
国債,国体,kokusai,kokutai,substitution
国産,奥さん,kokusan,okusan,insertion
国産,特産,kokusan,tokusan,substitution
国士,国主,kokushi,kokushu,last_char_differs
国士,国粋,kokushi,kokusui,substitution
国士,特使,kokushi,tokushi,substitution
国主,特殊,kokushu,tokushu,substitution
国主,翌週,kokushu,yokushu,substitution
顧客,鉱脈,kokyaku,komyaku,substitution
顧客,婚約,kokyaku,konyaku,substitution
顧客,膏薬,kokyaku,koyaku,insertion
好球,公休日,kokyu,kokyubi,prefix
公休日,小指,kokyubi,koyubi,insertion
細か,細かい,komaka,komakai,insertion
鼓膜,鉱脈,komaku,komyaku,insertion
小道,子持ち,komichi,komochi,substitution
小道,野道,komichi,nomichi,substitution
小道,夜道,komichi,yomichi,substitution
校門,古文書,komon,komonjo,prefix
古文書,小物,komonjo,komono,insertion
鉱脈,婚約,komyaku,konyaku,substitution
鉱脈,膏薬,komyaku,koyaku,insertion
鉱脈,葉脈,komyaku,yomyaku,substitution
後年,更年期,konen,konenki,prefix
今昔,婚約,konjaku,konyaku,substitution
今昔,とん着,konjaku,tonjaku,substitution
紺碧,痕跡,konpeki,konseki,substitution
混声,痕跡,konsei,konseki,insertion
痕跡,鉱石,konseki,koseki,insertion
今夜,婚約,konya,konyaku,prefix
婚約,膏薬,konyaku,koyaku,insertion
婚約,老若,konyaku,ronyaku,substitution
こらえる,応える,koraeru,kotaeru,substitution
こらえる,捕らえる,koraeru,toraeru,substitution
後列,公立,koretsu,koritsu,substitution
後列,降雪,koretsu,kosetsu,substitution
後列,鋼鉄,koretsu,kotetsu,substitution
後列,猛烈,koretsu,moretsu,substitution
後列,壮烈,koretsu,soretsu,substitution
公立,創立,koritsu,soritsu,substitution
公立,都立,koritsu,toritsu,substitution
工作,侯爵,kosaku,koshaku,insertion
工作,競作,kosaku,kyosaku,insertion
鉱石,巨石,koseki,kyoseki,insertion
降雪,高卒,kosetsu,kosotsu,substitution
降雪,鋼鉄,kosetsu,kotetsu,substitution
降雪,夭折,kosetsu,yosetsu,substitution
公舎,高射砲,kosha,koshaho,prefix
公舎,侯爵,kosha,koshaku,prefix
侯爵,咀嚼,koshaku,soshaku,substitution
輿,漉し餡,koshi,koshian,prefix
輿,格子戸,koshi,koshido,prefix
輿,公式,koshi,koshiki,prefix
漉し餡,庚申,koshian,koshin,insertion
公式,組織,koshiki,soshiki,substitution
公式,洋式,koshiki,yoshiki,substitution
庚申,虚心,koshin,kyoshin,insertion
答,応える,kotae,kotaeru,prefix
抗体,皇太后,kotai,kotaigo,prefix
炬燵,鋼鉄,kotatsu,kotetsu,substitution
炬燵,到達,kotatsu,totatsu,substitution
好適,強敵,koteki,kyoteki,insertion
交通,小粒,kotsu,kotsubu,prefix
小粒,大粒,kotsubu,otsubu,insertion
怖い,声色,kowai,kowairo,prefix
膏薬,共訳,koyaku,kyoyaku,insertion
口,口火,kuchi,kuchibi,prefix
口,朽ちる,kuchi,kuchiru,prefix
功徳,訓読,kudoku,kundoku,insertion
苦学,休学,kugaku,kyugaku,insertion
食い物,縫い物,kuimono,nuimono,substitution
食い物,吸い物,kuimono,suimono,substitution
訓読,訓告,kundoku,kunkoku,substitution
鞍替え,くらげ,kuragae,kurage,insertion
暮らす,遅らす,kurasu,okurasu,insertion
空席,旧跡,kuseki,kyuseki,insertion
靴,轡,kutsu,kutsuwa,prefix
轡,器,kutsuwa,utsuwa,insertion
加える,結わえる,kuwaeru,yuwaeru,substitution
客,客演,kyaku,kyakuen,prefix
客,客間,kyaku,kyakuma,prefix
凶悪,教学,kyoaku,kyogaku,insertion
凶悪,虚弱,kyoaku,kyojaku,insertion
凶悪,競作,kyoaku,kyosaku,insertion
凶悪,共訳,kyoaku,kyoyaku,insertion
巨木,峡谷,kyoboku,kyokoku,substitution
教学,虚弱,kyogaku,kyojaku,substitution
教学,競作,kyogaku,kyosaku,substitution
教学,共訳,kyogaku,kyoyaku,substitution
教学,休学,kyogaku,kyugaku,substitution
教学,洋学,kyogaku,yogaku,insertion
虚弱,競作,kyojaku,kyosaku,substitution
虚弱,共訳,kyojaku,kyoyaku,substitution
強硬,峡谷,kyoko,kyokoku,prefix
峡谷,予告,kyokoku,yokoku,insertion
局,局部,kyoku,kyokubu,prefix
局,極度,kyoku,kyokudo,prefix
局,局員,kyoku,kyokuin,prefix
局,極東,kyoku,kyokuto,prefix
極度,極東,kyokudo,kyokuto,substitution
局員,教訓,kyokuin,kyokun,insertion
局員,緑陰,kyokuin,ryokuin,substitution
競作,共訳,kyosaku,kyoyaku,substitution
競作,旧作,kyosaku,kyusaku,substitution
巨石,強敵,kyoseki,kyoteki,substitution
巨石,旧跡,kyoseki,kyuseki,substitution
教師,虚心,kyoshi,kyoshin,insertion
虚心,球審,kyoshin,kyushin,substitution
虚心,両親,kyoshin,ryoshin,substitution
教程,強敵,kyotei,kyoteki,insertion
共訳,旧約,kyoyaku,kyuyaku,substitution
共訳,妙薬,kyoyaku,myoyaku,substitution
共訳,良薬,kyoyaku,ryoyaku,substitution
共訳,要約,kyoyaku,yoyaku,insertion
休学,旧作,kyugaku,kyusaku,substitution
休学,旧約,kyugaku,kyuyaku,substitution
休学,入学,kyugaku,nyugaku,substitution
休学,留学,kyugaku,ryugaku,substitution
休学,遊学,kyugaku,yugaku,insertion
急激,旧暦,kyugeki,kyureki,substitution
急激,旧跡,kyugeki,kyuseki,substitution
急激,遊撃,kyugeki,yugeki,insertion
旧暦,旧跡,kyureki,kyuseki,substitution
旧作,急速,kyusaku,kyusoku,substitution
旧作,旧約,kyusaku,kyuyaku,substitution
旧制,旧跡,kyusei,kyuseki,insertion
旧跡,入籍,kyuseki,nyuseki,substitution
臼歯,球審,kyushi,kyushin,insertion
球審,入信,kyushin,nyushin,substitution
斑,曼荼羅,madara,mandara,insertion
前書き,前髪,maegaki,maegami,substitution
前書き,前借り,maegaki,maegari,substitution
前髪,前借り,maegami,maegari,substitution
前髪,女神,maegami,megami,insertion
前借り,間借り,maegari,magari,insertion
間口,幕内,maguchi,makuchi,substitution
交える,交じる,majieru,majiru,insertion
魔術,話術,majutsu,wajutsu,substitution
真っ暗,真っ黒,makkura,makkuro,last_char_differs
真っ暗,枕,makkura,makura,insertion
幕あい,幕開き,makuai,makuaki,insertion
幕開け,幕開き,makuake,makuaki,last_char_differs
幕内,無口,makuchi,mukuchi,substitution
幕内,宅地,makuchi,takuchi,substitution
満腹,山腹,manpuku,sanpuku,substitution
満腹,単複,manpuku,tanpuku,substitution
満足,民族,manzoku,minzoku,substitution
満足,山賊,manzoku,sanzoku,substitution
魔力,無力,maryoku,muryoku,substitution
真っ先,末席,massaki,masseki,substitution
松,まつ毛,matsu,matsuge,prefix
松,末寺,matsu,matsuji,prefix
松,祭,matsu,matsuri,prefix
末寺,祭,matsuji,matsuri,substitution
名簿,名木,meibo,meiboku,prefix
名木,面目,meiboku,menboku,substitution
名木,成木,meiboku,seiboku,substitution
名木,低木,meiboku,teiboku,substitution
冥福,礼服,meifuku,reifuku,substitution
冥福,制服,meifuku,seifuku,substitution
名画,銘柄,meiga,meigara,prefix
銘柄,身柄,meigara,migara,insertion
明白,明確,meihaku,meikaku,substitution
明白,名作,meihaku,meisaku,substitution
明白,迷惑,meihaku,meiwaku,substitution
明白,名訳,meihaku,meiyaku,substitution
明白,停泊,meihaku,teihaku,substitution
名品,迷信,meihin,meishin,insertion
名家,明確,meika,meikaku,prefix
明確,名作,meikaku,meisaku,substitution
明確,迷惑,meikaku,meiwaku,substitution
明確,名訳,meikaku,meiyaku,substitution
明確,味覚,meikaku,mikaku,insertion
明確,正確,meikaku,seikaku,substitution
名作,迷惑,meisaku,meiwaku,substitution
名作,名訳,meisaku,meiyaku,substitution
名作,制作,meisaku,seisaku,substitution
明晰,成績,meiseki,seiseki,substitution
名刺,迷信,meishi,meishin,insertion
迷信,清新,meishin,seishin,substitution
迷惑,名訳,meiwaku,meiyaku,substitution
面倒,雌鶏,mendo,mendori,prefix
飯,雌蘂,meshi,meshibe,prefix
飯,目下,meshi,meshita,prefix
目下,手下,meshita,teshita,substitution
目付き,睦月,metsuki,mutsuki,substitution
目付き,手付き,metsuki,tetsuki,substitution
身振り,身震い,miburi,miburui,insertion
道,満ち干,michi,michihi,prefix
道,満ちる,michi,michiru,prefix
緑,海鳥,midori,umidori,insertion
未払い,見習,miharai,minarai,substitution
身近,短い,mijika,mijikai,insertion
微塵,微塵子,mijin,mijinko,prefix
見習,身なり,minarai,minari,insertion
身なり,海鳴り,minari,uminari,insertion
蜜,三つ葉,mitsu,mitsuba,prefix
蜜,貢ぐ,mitsu,mitsugu,prefix
水入り,水色,mizuiri,mizuiro,last_char_differs
餅,持ち場,mochi,mochiba,prefix
餅,持ち家,mochi,mochiie,prefix
持ち場,落ち葉,mochiba,ochiba,insertion
悶える,詣でる,modaeru,moderu,insertion
毛髪,毛筆,mohatsu,mohitsu,substitution
毛髪,頭髪,mohatsu,tohatsu,substitution
毛髪,増発,mohatsu,zohatsu,substitution
木彫,特徴,mokucho,tokucho,substitution
木彫,族長,mokucho,zokucho,substitution
木魚,目標,mokugyo,mokuhyo,substitution
木魚,木曜,mokugyo,mokuyo,insertion
木版,木片,mokuhan,mokuhen,substitution
木版,木炭,mokuhan,mokutan,substitution
木片,木蓮,mokuhen,mokuren,substitution
木片,目前,mokuhen,mokuzen,substitution
木片,続編,mokuhen,zokuhen,substitution
目標,木曜,mokuhyo,mokuyo,insertion
木蓮,目前,mokuren,mokuzen,substitution
木星,特製,mokusei,tokusei,substitution
物言い,物要り,monoii,monoiri,insertion
物要り,物売り,monoiri,monori,insertion
漏れる,埋もれる,moreru,umoreru,insertion
猛烈,壮烈,moretsu,soretsu,substitution
模試,申し合い,moshi,moshiai,prefix
迎える,剥ける,mukaeru,mukeru,insertion
無力,無欲,muryoku,muyoku,insertion
無力,有力,muryoku,yuryoku,substitution
虫,虫歯,mushi,mushiba,prefix
虫,毟る,mushi,mushiru,prefix
無色,夕食,mushoku,yushoku,substitution
妙薬,良薬,myoyaku,ryoyaku,substitution
妙薬,要約,myoyaku,yoyaku,insertion
苗床,寝床,naedoko,nedoko,insertion
永い,長生き,nagai,nagaiki,prefix
流す,促す,nagasu,unagasu,insertion
内角,内国,naikaku,naikoku,substitution
内角,内膜,naikaku,naimaku,substitution
内角,体格,naikaku,taikaku,substitution
内国,大国,naikoku,taikoku,substitution
内陸,大陸,nairiku,tairiku,substitution
南北,南国,nanboku,nangoku,substitution
南北,淡墨,nanboku,tanboku,substitution
南進,三振,nanshin,sanshin,substitution
南進,短針,nanshin,tanshin,substitution
南進,斬新,nanshin,zanshin,substitution
名主,荷主,nanushi,ninushi,substitution
名主,家主,nanushi,yanushi,substitution
夏,夏場,natsu,natsuba,prefix
夏,捺印,natsu,natsuin,prefix
納豆,納得,natto,nattoku,prefix
粘膜,天幕,nenmaku,tenmaku,substitution
年利,念力,nenri,nenriki,prefix
熱演,絶縁,netsuen,zetsuen,substitution
日,日時,nichi,nichiji,prefix
日,日常,nichi,nichijo,prefix
日,日夜,nichi,nichiya,prefix
日,日曜,nichi,nichiyo,prefix
日時,日常,nichiji,nichijo,last_char_differs
日常,日曜,nichijo,nichiyo,substitution
日夜,日曜,nichiya,nichiyo,last_char_differs
二枚目,煮豆,nimaime,nimame,insertion
煮物,縫い物,nimono,nuimono,insertion
西,西日,nishi,nishibi,prefix
西,錦,nishi,nishiki,prefix
西日,錦,nishibi,nishiki,substitution
農繁期,農閑期,nohanki,nokanki,substitution
脳幹,農閑期,nokan,nokanki,prefix
のける,乗っける,nokeru,nokkeru,insertion
乗っかる,乗っける,nokkaru,nokkeru,substitution
残す,納骨,nokosu,nokotsu,insertion
納骨,露骨,nokotsu,rokotsu,substitution
納骨,粗忽,nokotsu,sokotsu,substitution
納骨,頭骨,nokotsu,tokotsu,substitution
野道,夜道,nomichi,yomichi,substitution
納涼,能力,noryo,noryoku,prefix
能力,走力,noryoku,soryoku,substitution
能力,余力,noryoku,yoryoku,substitution
縫い物,吸い物,nuimono,suimono,substitution
入学,入幕,nyugaku,nyumaku,substitution
入学,留学,nyugaku,ryugaku,substitution
入学,遊学,nyugaku,yugaku,insertion
入校,入国,nyuko,nyukoku,prefix
入国,入浴,nyukoku,nyuyoku,substitution
入国,夕刻,nyukoku,yukoku,insertion
乳歯,入信,nyushi,nyushin,insertion
大当たり,総当たり,oatari,soatari,insertion
怯える,そびえる,obieru,sobieru,insertion
覚える,溺れる,oboeru,oboreru,insertion
溺れる,恐れる,oboreru,osoreru,substitution
朧ろ,朧ろげ,oboro,oboroge,prefix
横着,到着,ochaku,tochaku,insertion
陥る,落ちる,ochiiru,ochiru,insertion
大通り,踊り場,odori,odoriba,prefix
大通り,踊り字,odori,odoriji,prefix
大通り,踊り子,odori,odoriko,prefix
往復,御袋,ofuku,ofukuro,prefix
厳か,疎か,ogosoka,orosoka,substitution
大口,戸口,oguchi,toguchi,insertion
御開き,白木,ohiraki,shiraki,substitution
おいちゃん,伯父ちゃん,oichan,ojichan,insertion
生い立ち,御立ち,oitachi,otachi,insertion
御決まり,置き去り,okimari,okizari,substitution
置物,織物,okimono,orimono,substitution
行う,損なう,okonau,sokonau,insertion
奥さん,特産,okusan,tokusan,insertion
趣,赴く,omomuki,omomuku,last_char_differs
同じ,おなじみ,onaji,onajimi,prefix
織物,売り物,orimono,urimono,substitution
折り詰め,理詰め,orizume,rizume,insertion
抑える,修める,osaeru,osameru,insertion
王様,収まる,osama,osamaru,prefix
収まる,修める,osamaru,osameru,substitution
修める,冷める,osameru,sameru,insertion
惜しい,押し入れ,oshii,oshiire,prefix
おしまい,姉妹,oshimai,shimai,insertion
王室,室,oshitsu,shitsu,insertion
遅蒔き,遅咲き,osomaki,osozaki,substitution
恐れる,逸れる,osoreru,soreru,insertion
御手玉,手玉,otedama,tedama,insertion
男,男手,otoko,otokode,prefix
男,男湯,otoko,otokoyu,prefix
凹凸,唐突,ototsu,tototsu,insertion
親方,屋形,oyakata,yakata,insertion
来賓,来信,raihin,raishin,insertion
来信,来春,raishin,raishun,substitution
来信,塁審,raishin,ruishin,substitution
来信,最新,raishin,saishin,substitution
来秋,来春,raishu,raishun,insertion
駱駝,落第,rakuda,rakudai,insertion
落第,落雷,rakudai,rakurai,substitution
落第,薬代,rakudai,yakudai,substitution
楽園,落選,rakuen,rakusen,insertion
落選,作戦,rakusen,sakusen,substitution
楽勝,陸将,rakusho,rikusho,substitution
楽勝,緑青,rakusho,rokusho,substitution
楽勝,役所,rakusho,yakusho,substitution
蘭学,卵殻,rangaku,rankaku,substitution
蘭学,卵白,rangaku,ranpaku,substitution
蘭学,山岳,rangaku,sangaku,substitution
卵殻,卵白,rankaku,ranpaku,substitution
卵殻,輪郭,rankaku,rinkaku,substitution
卵殻,三角,rankaku,sankaku,substitution
卵白,蛋白,ranpaku,tanpaku,substitution
卵白,腕白,ranpaku,wanpaku,substitution
礼服,制服,reifuku,seifuku,substitution
冷酷,令息,reikoku,reisoku,substitution
冷酷,列国,reikoku,rekkoku,substitution
冷酷,定刻,reikoku,teikoku,substitution
礼装,令息,reiso,reisoku,prefix
令息,利息,reisoku,risoku,insertion
令息,低速,reisoku,teisoku,substitution
歴史,力士,rekishi,rikishi,substitution
連絡,連作,renraku,rensaku,substitution
連絡,転落,renraku,tenraku,substitution
連作,添削,rensaku,tensaku,substitution
連作,前作,rensaku,zensaku,substitution
陸将,陸送,rikusho,rikuso,insertion
陸将,緑青,rikusho,rokusho,substitution
林道,輪読,rindo,rindoku,prefix
輪読,隣国,rindoku,ringoku,substitution
林檎,隣国,ringo,ringoku,prefix
隣家,輪郭,rinka,rinkaku,prefix
立秋,立春,risshu,risshun,insertion
楼閣,旅客,rokaku,ryokaku,insertion
露骨,粗忽,rokotsu,sokotsu,substitution
露骨,頭骨,rokotsu,tokotsu,substitution
浪曲,総局,rokyoku,sokyoku,substitution
浪曲,当局,rokyoku,tokyoku,substitution
浪曲,謡曲,rokyoku,yokyoku,substitution
炉心,両親,roshin,ryoshin,insertion
両足,両氏,ryoashi,ryoshi,insertion
旅費,両膝,ryohi,ryohiza,prefix
良品,両親,ryohin,ryoshin,insertion
旅客,良薬,ryokaku,ryoyaku,substitution
料金,緑陰,ryokin,ryokuin,insertion
領空,緑陰,ryoku,ryokuin,prefix
両氏,両親,ryoshi,ryoshin,insertion
両脇,弱気,ryowaki,yowaki,insertion
良薬,両翼,ryoyaku,ryoyoku,substitution
良薬,要約,ryoyaku,yoyaku,insertion
留学,遊学,ryugaku,yugaku,insertion
差額,山岳,sagaku,sangaku,insertion
最高,最高峰,saiko,saikoho,prefix
最高,さいころ,saiko,saikoro,prefix
最高峰,さいころ,saikoho,saikoro,substitution
再録,山麓,sairoku,sanroku,substitution
妻子,最新,saishi,saishin,insertion
最新,三振,saishin,sanshin,substitution
最新,清新,saishin,seishin,substitution
最新,私信,saishin,shishin,substitution
最低,最適,saitei,saiteki,insertion
最適,政敵,saiteki,seiteki,substitution
最適,指摘,saiteki,shiteki,substitution
最適,水滴,saiteki,suiteki,substitution
最適,大敵,saiteki,taiteki,substitution
栄える,裂ける,sakaeru,sakeru,insertion
栄える,支える,sakaeru,sasaeru,substitution
境,境目,sakai,sakaime,prefix
昨夏,錯覚,sakka,sakkaku,prefix
錯覚,三角,sakkaku,sankaku,substitution
鎖骨,粗忽,sakotsu,sokotsu,substitution
昨晩,作文,sakuban,sakubun,substitution
昨晩,酢酸,sakuban,sakusan,substitution
作文,訳文,sakubun,yakubun,substitution
作品,索引,sakuhin,sakuin,insertion
作品,薬品,sakuhin,yakuhin,substitution
昨年,作戦,sakunen,sakusen,substitution
酢酸,作戦,sakusan,sakusen,substitution
酢酸,沢山,sakusan,takusan,substitution
作成,作戦,sakusei,sakusen,last_char_differs
作成,作詞,sakusei,sakushi,substitution
作成,惑星,sakusei,wakusei,substitution
作戦,側線,sakusen,sokusen,substitution
作者,作詞,sakusha,sakushi,last_char_differs
作者,昨秋,sakusha,sakushu,last_char_differs
作者,役者,sakusha,yakusha,substitution
作詞,昨秋,sakushi,sakushu,last_char_differs
作詞,訳詞,sakushi,yakushi,substitution
昨夜,借家,sakuya,shakuya,insertion
冷ます,瑣末,samasu,samatsu,insertion
瑣末,粗末,samatsu,somatsu,substitution
山岳,三角,sangaku,sankaku,substitution
山岳,散策,sangaku,sansaku,substitution
山河,三角,sanka,sankaku,prefix
三角,散策,sankaku,sansaku,substitution
山腹,船腹,sanpuku,senpuku,substitution
山腹,単複,sanpuku,tanpuku,substitution
山麓,山賊,sanroku,sanzoku,substitution
蚕糸,三振,sanshi,sanshin,insertion
三振,線審,sanshin,senshin,substitution
三振,短針,sanshin,tanshin,substitution
三振,斬新,sanshin,zanshin,substitution
山賊,尊属,sanzoku,sonzoku,substitution
支える,刺さる,sasaeru,sasaru,insertion
左折,砂鉄,sasetsu,satetsu,substitution
挿絵,差し手,sashie,sashite,insertion
挿し木,刺し身,sashiki,sashimi,substitution
挿し木,組織,sashiki,soshiki,substitution
挿し木,数式,sashiki,sushiki,substitution
挿し木,和式,sashiki,washiki,substitution
挿し木,屋敷,sashiki,yashiki,substitution
挿し木,座敷,sashiki,zashiki,substitution
さすらう,さする,sasurau,sasuru,insertion
撮影,五月,satsuei,satsuki,substitution
歳暮,成木,seibo,seiboku,prefix
成木,精読,seiboku,seidoku,substitution
成木,西北,seiboku,seihoku,substitution
成木,水墨,seiboku,suiboku,substitution
成木,低木,seiboku,teiboku,substitution
成鳥,石彫,seicho,sekicho,insertion
成虫,石柱,seichu,sekichu,insertion
青銅,精読,seido,seidoku,prefix
精読,西北,seidoku,seihoku,substitution
政府,制服,seifu,seifuku,prefix
制服,成熟,seifuku,seijuku,substitution
制服,私服,seifuku,shifuku,substitution
声楽,静寂,seigaku,seijaku,substitution
声楽,正確,seigaku,seikaku,substitution
声楽,制作,seigaku,seisaku,substitution
声楽,私学,seigaku,shigaku,substitution
声楽,定額,seigaku,teigaku,substitution
製品,清新,seihin,seishin,insertion
西方,西北,seiho,seihoku,prefix
聖者,静寂,seija,seijaku,prefix
静寂,成熟,seijaku,seijuku,substitution
静寂,正確,seijaku,seikaku,substitution
静寂,制作,seijaku,seisaku,substitution
静寂,脆弱,seijaku,zeijaku,substitution
正常,星条旗,seijo,seijoki,prefix
星条旗,水蒸気,seijoki,suijoki,substitution
成熟,私塾,seijuku,shijuku,substitution
生花,正確,seika,seikaku,prefix
正確,制作,seikaku,seisaku,substitution
正確,刺客,seikaku,shikaku,substitution
成年,積年,seinen,sekinen,insertion
精霊,鶺鴒,seirei,sekirei,insertion
制作,詩作,seisaku,shisaku,substitution
成績,政敵,seiseki,seiteki,substitution
成績,船籍,seiseki,senseki,substitution
成績,歯石,seiseki,shiseki,substitution
精子,清新,seishi,seishin,insertion
清新,青春,seishin,seishun,substitution
清新,線審,seishin,senshin,substitution
清新,私信,seishin,shishin,substitution
聖書,関所,seisho,sekisho,insertion
清酒,青春,seishu,seishun,insertion
政敵,指摘,seiteki,shiteki,substitution
政敵,水滴,seiteki,suiteki,substitution
石彫,石柱,sekicho,sekichu,last_char_differs
石彫,関所,sekicho,sekisho,substitution
石柱,的中,sekichu,tekichu,substitution
石英,鶺鴒,sekiei,sekirei,insertion
惜敗,石碑,sekihai,sekihi,insertion
惜敗,石材,sekihai,sekizai,substitution
石片,積年,sekihen,sekinen,substitution
石材,脊髄,sekizai,sekizui,substitution
石材,適材,sekizai,tekizai,substitution
船尾,線引き,senbi,senbiki,prefix
線引き,天引き,senbiki,tenbiki,substitution
千古,先刻,senko,senkoku,prefix
先刻,篆刻,senkoku,tenkoku,substitution
先刻,全国,senkoku,zenkoku,substitution
船舶,船腹,senpaku,senpuku,substitution
船舶,洗濯,senpaku,sentaku,substitution
扇風機,船腹,senpuki,senpuku,last_char_differs
船腹,転覆,senpuku,tenpuku,substitution
先生,船籍,sensei,senseki,insertion
船籍,転籍,senseki,tenseki,substitution
線審,天心,senshin,tenshin,substitution
線審,全身,senshin,zenshin,substitution
拙速,鉄則,sessoku,tessoku,substitution
切,雪上,setsu,setsujo,prefix
切,刹那,setsu,setsuna,prefix
切,説話,setsu,setsuwa,prefix
刹那,説話,setsuna,setsuwa,substitution
喋る,しゃぶる,shaberu,shaburu,substitution
射撃,刺激,shageki,shigeki,substitution
射撃,衝撃,shageki,shogeki,substitution
社寺,車軸,shaji,shajiku,prefix
車軸,主軸,shajiku,shujiku,substitution
しゃく,赤銅,shaku,shakudo,prefix
しゃく,借家,shaku,shakuya,prefix
赤銅,食堂,shakudo,shokudo,substitution
写真,私信,shashin,shishin,substitution
写真,小心,shashin,shoshin,substitution
写真,終身,shashin,shushin,substitution
社宅,支度,shataku,shitaku,substitution
芝,芝生,shiba,shibafu,prefix
芝,縛る,shiba,shibaru,prefix
芝生,縛る,shibafu,shibaru,substitution
縛る,絞る,shibaru,shiboru,substitution
縛る,叱る,shibaru,shikaru,substitution
縛る,締まる,shibaru,shimaru,substitution
子房,しぼむ,shibo,shibomu,prefix
子房,絞る,shibo,shiboru,prefix
しぼむ,絞る,shibomu,shiboru,substitution
支部,しぶく,shibu,shibuku,prefix
しぶく,私服,shibuku,shifuku,substitution
しぶく,私塾,shibuku,shijuku,substitution
しぶく,滴,shibuku,shizuku,substitution
質,湿地,shichi,shitchi,insertion
質,仕打ち,shichi,shiuchi,insertion
士長,新著,shicho,shincho,insertion
支柱,真鍮,shichu,shinchu,insertion
私大,寝台,shidai,shindai,insertion
師団,焼夷弾,shidan,shoidan,insertion
市電,寝殿,shiden,shinden,insertion
私服,私塾,shifuku,shijuku,substitution
私服,滴,shifuku,shizuku,substitution
歯牙,私学,shiga,shigaku,prefix
市街,心外,shigai,shingai,insertion
私学,扱く,shigaku,shigoku,substitution
私学,刺客,shigaku,shikaku,substitution
私学,詩作,shigaku,shisaku,substitution
私学,支度,shigaku,shitaku,substitution
私学,試薬,shigaku,shiyaku,substitution
私学,小学,shigaku,shogaku,substitution
私学,修学,shigaku,shugaku,substitution
刺激,茂み,shigeki,shigemi,substitution
刺激,歯石,shigeki,shiseki,substitution
刺激,指摘,shigeki,shiteki,substitution
刺激,衝撃,shigeki,shogeki,substitution
資源,震源,shigen,shingen,insertion
茂る,湿る,shigeru,shimeru,substitution
茂る,知れる,shigeru,shireru,substitution
茂る,しょげる,shigeru,shogeru,substitution
扱く,子息,shigoku,shisoku,substitution
扱く,士族,shigoku,shizoku,substitution
仕事,素人,shigoto,shiroto,substitution
紙片,牛偏,shihen,ushihen,insertion
強いる,染みる,shiiru,shimiru,insertion
師事,蜆,shiji,shijimi,prefix
私人,新人,shijin,shinjin,insertion
紫綬,私塾,shiju,shijuku,prefix
私塾,滴,shijuku,shizuku,substitution
私塾,習熟,shijuku,shujuku,substitution
鹿,刺客,shika,shikaku,prefix
鹿,叱る,shika,shikaru,prefix
司会,深海,shikai,shinkai,insertion
司会,牛飼い,shikai,ushikai,insertion
刺客,叱る,shikaku,shikaru,substitution
刺客,詩作,shikaku,shisaku,substitution
刺客,支度,shikaku,shitaku,substitution
刺客,試薬,shikaku,shiyaku,substitution
刺客,昇格,shikaku,shokaku,substitution
刺客,主客,shikaku,shukaku,substitution
士官,新館,shikan,shinkan,insertion
叱る,締まる,shikaru,shimaru,substitution
紙型,失敬,shikei,shikkei,insertion
紙型,神経,shikei,shinkei,insertion
試験,執権,shiken,shikken,insertion
試験,真剣,shiken,shinken,insertion
四季,敷布,shiki,shikifu,prefix
四季,識字,shiki,shikiji,prefix
四季,式場,shiki,shikijo,prefix
四季,頻り,shiki,shikiri,prefix
四季,色素,shiki,shikiso,prefix
敷居,識字,shikii,shikiji,insertion
敷居,頻り,shikii,shikiri,insertion
識字,式場,shikiji,shikijo,last_char_differs
識字,頻り,shikiji,shikiri,substitution
式場,色素,shikijo,shikiso,substitution
資金,心筋,shikin,shinkin,insertion
湿気,失敬,shikke,shikkei,insertion
湿気,執権,shikke,shikken,insertion
失敬,執権,shikkei,shikken,last_char_differs
失敬,漆器,shikkei,shikki,insertion
失敬,しっくい,shikkei,shikkui,substitution
失敬,神経,shikkei,shinkei,substitution
執権,真剣,shikken,shinken,substitution
漆器,しっくい,shikki,shikkui,insertion
紫紺,新婚,shikon,shinkon,insertion
司教,新居,shikyo,shinkyo,insertion
四球,進級,shikyu,shinkyu,insertion
島,締まる,shima,shimaru,prefix
姉妹,新米,shimai,shinmai,insertion
締まる,湿る,shimaru,shimeru,substitution
締まる,染みる,shimaru,shimiru,substitution
使命,しめじ,shimei,shimeji,insertion
湿る,示す,shimeru,shimesu,substitution
湿る,染みる,shimeru,shimiru,substitution
湿る,知れる,shimeru,shireru,substitution
染みる,清水,shimiru,shimizu,substitution
霜,下期,shimo,shimoki,prefix
霜,下手,shimo,shimote,prefix
竹刀,寝台,shinai,shindai,insertion
竹刀,心外,shinai,shingai,insertion
竹刀,深海,shinai,shinkai,insertion
竹刀,新米,shinai,shinmai,insertion
竹刀,心肺,shinai,shinpai,insertion
竹刀,信頼,shinai,shinrai,insertion
竹刀,震災,shinai,shinsai,insertion
竹刀,身体,shinai,shintai,insertion
至難,新館,shinan,shinkan,insertion
至難,審判,shinan,shinpan,insertion
至難,深山,shinan,shinzan,insertion
深部,新聞,shinbu,shinbun,insertion
深部,偲ぶ,shinbu,shinobu,insertion
新聞,春分,shinbun,shunbun,substitution
新茶,新著,shincha,shincho,last_char_differs
新茶,真鍮,shincha,shinchu,last_char_differs
新茶,新車,shincha,shinsha,substitution
新著,真鍮,shincho,shinchu,last_char_differs
新著,新書,shincho,shinsho,substitution
真鍮,新種,shinchu,shinshu,substitution
寝台,しんどい,shindai,shindoi,substitution
寝台,心外,shindai,shingai,substitution
寝台,深海,shindai,shinkai,substitution
寝台,新米,shindai,shinmai,substitution
寝台,心肺,shindai,shinpai,substitution
寝台,信頼,shindai,shinrai,substitution
寝台,震災,shindai,shinsai,substitution
寝台,身体,shindai,shintai,substitution
寝殿,深淵,shinden,shinen,insertion
寝殿,震源,shinden,shingen,substitution
寝殿,真剣,shinden,shinken,substitution
寝殿,新年,shinden,shinnen,substitution
寝殿,新編,shinden,shinpen,substitution
寝殿,新鮮,shinden,shinsen,substitution
寝殿,進展,shinden,shinten,substitution
寝殿,神前,shinden,shinzen,substitution
神童,しんどい,shindo,shindoi,insertion
新鋭,神経,shinei,shinkei,insertion
新鋭,神霊,shinei,shinrei,insertion
新鋭,新星,shinei,shinsei,insertion
深淵,震源,shinen,shingen,insertion
深淵,真剣,shinen,shinken,insertion
深淵,新年,shinen,shinnen,insertion
深淵,新編,shinen,shinpen,insertion
深淵,新鮮,shinen,shinsen,insertion
深淵,進展,shinen,shinten,insertion
深淵,神前,shinen,shinzen,insertion
心外,新顔,shingai,shingao,last_char_differs
心外,深海,shingai,shinkai,substitution
心外,新米,shingai,shinmai,substitution
心外,心肺,shingai,shinpai,substitution
心外,信頼,shingai,shinrai,substitution
心外,震災,shingai,shinsai,substitution
心外,身体,shingai,shintai,substitution
新顔,信号,shingao,shingo,insertion
震源,真剣,shingen,shinken,substitution
震源,新年,shingen,shinnen,substitution
震源,新編,shingen,shinpen,substitution
震源,新鮮,shingen,shinsen,substitution
震源,進展,shingen,shinten,substitution
震源,神前,shingen,shinzen,substitution
寝具,凌ぐ,shingu,shinogu,insertion
神事,新人,shinji,shinjin,insertion
新人,心筋,shinjin,shinkin,substitution
新人,新任,shinjin,shinnin,substitution
新人,新品,shinjin,shinpin,substitution
新人,森林,shinjin,shinrin,substitution
進化,深海,shinka,shinkai,insertion
進化,新館,shinka,shinkan,insertion
深海,新館,shinkai,shinkan,last_char_differs
深海,神経,shinkai,shinkei,substitution
深海,神器,shinkai,shinki,insertion
深海,新米,shinkai,shinmai,substitution
深海,心肺,shinkai,shinpai,substitution
深海,信頼,shinkai,shinrai,substitution
深海,震災,shinkai,shinsai,substitution
深海,身体,shinkai,shintai,substitution
新館,真剣,shinkan,shinken,substitution
新館,心筋,shinkan,shinkin,substitution
新館,新婚,shinkan,shinkon,substitution
新館,審判,shinkan,shinpan,substitution
新館,深山,shinkan,shinzan,substitution
新館,瞬間,shinkan,shunkan,substitution
神経,真剣,shinkei,shinken,last_char_differs
神経,神器,shinkei,shinki,insertion
神経,神霊,shinkei,shinrei,substitution
神経,新星,shinkei,shinsei,substitution
真剣,心筋,shinken,shinkin,substitution
真剣,新婚,shinken,shinkon,substitution
真剣,新年,shinken,shinnen,substitution
真剣,新編,shinken,shinpen,substitution
真剣,新鮮,shinken,shinsen,substitution
真剣,進展,shinken,shinten,substitution
真剣,神前,shinken,shinzen,substitution
神器,心筋,shinki,shinkin,insertion
心筋,新婚,shinkin,shinkon,substitution
心筋,新任,shinkin,shinnin,substitution
心筋,新品,shinkin,shinpin,substitution
心筋,森林,shinkin,shinrin,substitution
信仰,新婚,shinko,shinkon,insertion
信仰,新居,shinko,shinkyo,insertion
深紅,進級,shinku,shinkyu,insertion
新居,進級,shinkyo,shinkyu,last_char_differs
新居,神妙,shinkyo,shinmyo,substitution
新居,之繞,shinkyo,shinnyo,substitution
進級,侵入,shinkyu,shinnyu,substitution
進級,親友,shinkyu,shinyu,insertion
新前,新米,shinmae,shinmai,last_char_differs
新前,新芽,shinmae,shinme,insertion
新米,親身,shinmai,shinmi,insertion
新米,心肺,shinmai,shinpai,substitution
新米,信頼,shinmai,shinrai,substitution
新米,震災,shinmai,shinsai,substitution
新米,身体,shinmai,shintai,substitution
神妙,之繞,shinmyo,shinnyo,substitution
新年,新任,shinnen,shinnin,substitution
新年,新編,shinnen,shinpen,substitution
新年,新鮮,shinnen,shinsen,substitution
新年,進展,shinnen,shinten,substitution
新年,神前,shinnen,shinzen,substitution
新任,新品,shinnin,shinpin,substitution
新任,森林,shinnin,shinrin,substitution
親王,之繞,shinno,shinnyo,insertion
之繞,侵入,shinnyo,shinnyu,last_char_differs
侵入,親友,shinnyu,shinyu,insertion
篠,偲ぶ,shino,shinobu,prefix
篠,鎬,shino,shinogi,prefix
篠,凌ぐ,shino,shinogu,prefix
偲ぶ,凌ぐ,shinobu,shinogu,substitution
鎬,凌ぐ,shinogi,shinogu,last_char_differs
新派,心肺,shinpa,shinpai,insertion
新派,審判,shinpa,shinpan,insertion
心肺,審判,shinpai,shinpan,last_char_differs
心肺,神秘,shinpai,shinpi,insertion
心肺,信頼,shinpai,shinrai,substitution
心肺,震災,shinpai,shinsai,substitution
心肺,身体,shinpai,shintai,substitution
心肺,失敗,shinpai,shippai,substitution
審判,新編,shinpan,shinpen,substitution
審判,新品,shinpan,shinpin,substitution
審判,深山,shinpan,shinzan,substitution
新編,新品,shinpen,shinpin,substitution
新編,新鮮,shinpen,shinsen,substitution
新編,進展,shinpen,shinten,substitution
新編,神前,shinpen,shinzen,substitution
神秘,新品,shinpi,shinpin,insertion
新品,森林,shinpin,shinrin,substitution
信頼,神霊,shinrai,shinrei,substitution
信頼,心理,shinrai,shinri,insertion
信頼,親類,shinrai,shinrui,substitution
信頼,震災,shinrai,shinsai,substitution
信頼,身体,shinrai,shintai,substitution
神霊,心理,shinrei,shinri,insertion
神霊,親類,shinrei,shinrui,substitution
神霊,新星,shinrei,shinsei,substitution
心理,森林,shinri,shinrin,insertion
心理,親類,shinri,shinrui,insertion
親類,進水,shinrui,shinsui,substitution
震災,新星,shinsai,shinsei,substitution
震災,紳士,shinsai,shinshi,substitution
震災,進水,shinsai,shinsui,substitution
震災,身体,shinsai,shintai,substitution
震災,潮騒,shinsai,shiosai,substitution
震災,司祭,shinsai,shisai,insertion
新星,新鮮,shinsei,shinsen,last_char_differs
新星,紳士,shinsei,shinshi,substitution
新星,進水,shinsei,shinsui,substitution
新星,市井,shinsei,shisei,insertion
新鮮,進展,shinsen,shinten,substitution
新鮮,神前,shinsen,shinzen,substitution
新鮮,支線,shinsen,shisen,insertion
新車,紳士,shinsha,shinshi,last_char_differs
新車,新書,shinsha,shinsho,last_char_differs
新車,新種,shinsha,shinshu,last_char_differs
新車,使者,shinsha,shisha,insertion
紳士,新書,shinshi,shinsho,last_char_differs
紳士,新種,shinshi,shinshu,last_char_differs
紳士,進水,shinshi,shinsui,substitution
紳士,獅子,shinshi,shishi,insertion
新書,新種,shinsho,shinshu,last_char_differs
新書,深層,shinsho,shinso,insertion
新書,司書,shinsho,shisho,insertion
新種,詩集,shinshu,shishu,insertion
身体,肢体,shintai,shitai,insertion
進展,神前,shinten,shinzen,substitution
進展,支店,shinten,shiten,insertion
進展,失点,shinten,shitten,substitution
深山,神前,shinzan,shinzen,substitution
神前,自然,shinzen,shizen,insertion
塩味,下地,shioaji,shitaji,substitution
潮騒,司祭,shiosai,shisai,insertion
潮騒,書斎,shiosai,shosai,insertion
失敗,塩っぱい,shippai,shoppai,substitution
白髪,白羽,shiraga,shiraha,substitution
白羽,白帆,shiraha,shiraho,last_char_differs
白帆,白魚,shiraho,shirauo,substitution
白木,虱,shiraki,shirami,substitution
虱,白身,shirami,shiromi,substitution
虱,下見,shirami,shitami,substitution
白洲,記す,shirasu,shirusu,substitution
白洲,師走,shirasu,shiwasu,substitution
白,白地,shiro,shiroji,prefix
白,白身,shiro,shiromi,prefix
白,素人,shiro,shiroto,prefix
白い,白地,shiroi,shiroji,insertion
白い,白身,shiroi,shiromi,insertion
白地,白身,shiroji,shiromi,substitution
汁,汁粉,shiru,shiruko,prefix
汁,記す,shiru,shirusu,prefix
詩作,子息,shisaku,shisoku,substitution
詩作,支度,shisaku,shitaku,substitution
詩作,試薬,shisaku,shiyaku,substitution
詩作,秀作,shisaku,shusaku,substitution
市井,歯石,shisei,shiseki,insertion
歯石,指摘,shiseki,shiteki,substitution
歯石,書籍,shiseki,shoseki,substitution
歯石,首席,shiseki,shuseki,substitution
獅子,私信,shishi,shishin,insertion
私信,小心,shishin,shoshin,substitution
私信,終身,shishin,shushin,substitution
紫蘇,子息,shiso,shisoku,prefix
子息,士族,shisoku,shizoku,substitution
子息,消息,shisoku,shosoku,substitution
子息,推測,shisoku,suisoku,substitution
舌,下着,shita,shitagi,prefix
舌,下地,shita,shitaji,prefix
舌,支度,shita,shitaku,prefix
舌,下見,shita,shitami,prefix
舌,下手,shita,shitate,prefix
下絵,下手,shitae,shitate,insertion
下着,肢体,shitagi,shitai,insertion
下着,下地,shitagi,shitaji,substitution
下着,下見,shitagi,shitami,substitution
肢体,下地,shitai,shitaji,insertion
肢体,下見,shitai,shitami,insertion
下地,下見,shitaji,shitami,substitution
支度,慕う,shitaku,shitau,insertion
支度,試薬,shitaku,shiyaku,substitution
湿地,仕打ち,shitchi,shiuchi,substitution
仕手,指摘,shite,shiteki,prefix
姉弟,指摘,shitei,shiteki,insertion
指摘,水滴,shiteki,suiteki,substitution
支店,失点,shiten,shitten,insertion
室,秀逸,shitsu,shuitsu,insertion
失点,出典,shitten,shutten,substitution
皺,師走,shiwa,shiwasu,prefix
視野,試薬,shiya,shiyaku,prefix
試薬,生薬,shiyaku,shoyaku,substitution
試薬,主役,shiyaku,shuyaku,substitution
士族,滴,shizoku,shizuku,substitution
士族,装束,shizoku,shozoku,substitution
士族,種族,shizoku,shuzoku,substitution
士族,水族,shizoku,suizoku,substitution
静か,滴,shizuka,shizuku,last_char_differs
滴,沈む,shizuku,shizumu,substitution
初段,書棚,shodan,shodana,insertion
初段,焼夷弾,shodan,shoidan,insertion
書風,正札,shofu,shofuda,prefix
書画,小学,shoga,shogaku,prefix
小学,昇格,shogaku,shokaku,substitution
小学,生薬,shogaku,shoyaku,substitution
小学,修学,shogaku,shugaku,substitution
小学,奏楽,shogaku,sogaku,insertion
書芸,衝撃,shogei,shogeki,insertion
衝撃,障壁,shogeki,shoheki,substitution
衝撃,書籍,shogeki,shoseki,substitution
しょげる,そげる,shogeru,sogeru,insertion
障壁,書籍,shoheki,shoseki,substitution
商品,小心,shohin,shoshin,insertion
障子,正直,shoji,shojiki,prefix
商家,昇格,shoka,shokaku,prefix
昇格,小国,shokaku,shokoku,substitution
昇格,生薬,shokaku,shoyaku,substitution
昇格,主客,shokaku,shukaku,substitution
証券,食塩,shoken,shokuen,insertion
賞金,職員,shokin,shokuin,insertion
将校,小国,shoko,shokoku,prefix
将校,性懲り,shoko,shokori,prefix
小国,抄録,shokoku,shoroku,substitution
小国,消息,shokoku,shosoku,substitution
小国,所得,shokoku,shotoku,substitution
小国,装束,shokoku,shozoku,substitution
小国,祖国,shokoku,sokoku,insertion
食,職場,shoku,shokuba,prefix
食,食堂,shoku,shokudo,prefix
食,食塩,shoku,shokuen,prefix
食,食後,shoku,shokugo,prefix
食,食費,shoku,shokuhi,prefix
食,職員,shoku,shokuin,prefix
食,食事,shoku,shokuji,prefix
食,織女,shoku,shokujo,prefix
食,植樹,shoku,shokuju,prefix
食,食味,shoku,shokumi,prefix
食,食用,shoku,shokuyo,prefix
食,食油,shoku,shokuyu,prefix
職場,宿場,shokuba,shukuba,substitution
食堂,食後,shokudo,shokugo,substitution
食堂,織女,shokudo,shokujo,substitution
食堂,食用,shokudo,shokuyo,substitution
食塩,職員,shokuen,shokuin,substitution
食塩,諸君,shokuen,shokun,insertion
食塩,祝宴,shokuen,shukuen,substitution
食後,織女,shokugo,shokujo,substitution
食後,食用,shokugo,shokuyo,substitution
食費,食事,shokuhi,shokuji,substitution
食費,食味,shokuhi,shokumi,substitution
職員,諸君,shokuin,shokun,insertion
食事,織女,shokuji,shokujo,last_char_differs
食事,植樹,shokuji,shokuju,last_char_differs
食事,食味,shokuji,shokumi,substitution
食事,即時,shokuji,sokuji,insertion
織女,植樹,shokujo,shokuju,last_char_differs
織女,食用,shokujo,shokuyo,substitution
織女,淑女,shokujo,shukujo,substitution
織女,息女,shokujo,sokujo,insertion
植樹,食油,shokuju,shokuyu,substitution
食用,食油,shokuyo,shokuyu,last_char_differs
食用,消去,shokuyo,shokyo,insertion
食油,初球,shokuyu,shokyu,insertion
初老,抄録,shoro,shoroku,prefix
抄録,消息,shoroku,shosoku,substitution
抄録,所得,shoroku,shotoku,substitution
抄録,装束,shoroku,shozoku,substitution
抄録,収録,shoroku,shuroku,substitution
小生,書籍,shosei,shoseki,insertion
書籍,首席,shoseki,shuseki,substitution
書籍,礎石,shoseki,soseki,insertion
諸氏,小心,shoshi,shoshin,insertion
小心,初春,shoshin,shoshun,substitution
小心,終身,shoshin,shushin,substitution
初秋,初春,shoshu,shoshun,insertion
初春,早春,shoshun,soshun,insertion
焦燥,消息,shoso,shosoku,prefix
消息,所得,shosoku,shotoku,substitution
消息,装束,shosoku,shozoku,substitution
諸島,所得,shoto,shotoku,prefix
所得,装束,shotoku,shozoku,substitution
所得,修得,shotoku,shutoku,substitution
所得,総督,shotoku,sotoku,insertion
庄屋,生薬,shoya,shoyaku,prefix
生薬,主役,shoyaku,shuyaku,substitution
肖像,装束,shozo,shozoku,prefix
装束,種族,shozoku,shuzoku,substitution
装束,相続,shozoku,sozoku,insertion
秋分,春分,shubun,shunbun,insertion
修道,修道院,shudo,shudoin,prefix
修学,主客,shugaku,shukaku,substitution
修学,終幕,shugaku,shumaku,substitution
修学,集落,shugaku,shuraku,substitution
修学,秀作,shugaku,shusaku,substitution
修学,主役,shugaku,shuyaku,substitution
修学,数学,shugaku,sugaku,insertion
祝儀,衆議院,shugi,shugiin,prefix
主賓,終身,shuhin,shushin,insertion
主事,主軸,shuji,shujiku,prefix
主軸,習熟,shujiku,shujuku,substitution
主軸,朱肉,shujiku,shuniku,substitution
主軸,枢軸,shujiku,sujiku,insertion
種々,習熟,shuju,shujuku,prefix
主客,終幕,shukaku,shumaku,substitution
主客,集落,shukaku,shuraku,substitution
主客,秀作,shukaku,shusaku,substitution
主客,主役,shukaku,shuyaku,substitution
週間,瞬間,shukan,shunkan,insertion
宿場,祝賀,shukuba,shukuga,substitution
祝宴,主君,shukuen,shukun,insertion
祝砲,淑女,shukuho,shukujo,substitution
祝す,縮図,shukusu,shukuzu,substitution
終幕,種目,shumaku,shumoku,substitution
終幕,集落,shumaku,shuraku,substitution
終幕,秀作,shumaku,shusaku,substitution
終幕,主役,shumaku,shuyaku,substitution
種目,収録,shumoku,shuroku,substitution
種目,修得,shumoku,shutoku,substitution
種目,主翼,shumoku,shuyoku,substitution
種目,種族,shumoku,shuzoku,substitution
出帆,出品,shuppan,shuppin,substitution
修羅,集落,shura,shuraku,prefix
集落,収録,shuraku,shuroku,substitution
集落,秀作,shuraku,shusaku,substitution
集落,主役,shuraku,shuyaku,substitution
棕櫚,収録,shuro,shuroku,prefix
収録,修得,shuroku,shutoku,substitution
収録,主翼,shuroku,shuyoku,substitution
収録,種族,shuroku,shuzoku,substitution
主査,秀作,shusa,shusaku,prefix
秀作,主役,shusaku,shuyaku,substitution
終生,首席,shusei,shuseki,insertion
終生,出生,shusei,shussei,insertion
手指,終身,shushi,shushin,insertion
終点,出典,shuten,shutten,insertion
舅,修得,shuto,shutoku,prefix
舅,姑,shuto,shutome,prefix
修得,主翼,shutoku,shuyoku,substitution
修得,種族,shutoku,shuzoku,substitution
終夜,主役,shuya,shuyaku,prefix
主役,主翼,shuyaku,shuyoku,substitution
主要,主翼,shuyo,shuyoku,prefix
主翼,種族,shuyoku,shuzoku,substitution
酒造,種族,shuzo,shuzoku,prefix
育つ,粗末,sodatsu,somatsu,substitution
育つ,粗雑,sodatsu,sozatsu,substitution
育つ,よだつ,sodatsu,yodatsu,substitution
蒼白,咀嚼,sohaku,soshaku,insertion
側溝,測候所,sokko,sokkojo,prefix
底上げ,床上げ,sokoage,tokoage,substitution
祖国,総局,sokoku,sokyoku,insertion
早婚,損なう,sokon,sokonau,prefix
粗忽,頭骨,sokotsu,tokotsu,substitution
側面,側線,sokumen,sokusen,substitution
測定,特定,sokutei,tokutei,substitution
総局,走力,sokyoku,soryoku,substitution
総局,当局,sokyoku,tokyoku,substitution
総局,謡曲,sokyoku,yokyoku,substitution
粗末,粗雑,somatsu,sozatsu,substitution
供える,唱える,sonaeru,tonaeru,substitution
尊属,相続,sonzoku,sozoku,insertion
逸れる,揃える,soreru,soroeru,insertion
壮烈,創立,soretsu,soritsu,substitution
壮烈,壮絶,soretsu,sozetsu,substitution
創立,都立,soritsu,toritsu,substitution
僧侶,走力,soryo,soryoku,prefix
走力,余力,soryoku,yoryoku,substitution
創作,咀嚼,sosaku,soshaku,insertion
早世,双生児,sosei,soseiji,prefix
走者,咀嚼,sosha,soshaku,prefix
咀嚼,粗食,soshaku,soshoku,substitution
素子,組織,soshi,soshiki,prefix
素子,粗品,soshi,soshina,prefix
素子,そしる,soshi,soshiru,prefix
組織,数式,soshiki,sushiki,substitution
組織,洋式,soshiki,yoshiki,substitution
叢書,粗食,sosho,soshoku,prefix
粗食,洋食,soshoku,yoshoku,substitution
そつ,卒園,sotsu,sotsuen,prefix
粗雑,壮絶,sozatsu,sozetsu,substitution
窄む,つぼむ,subomu,tsubomu,insertion
数学,通学,sugaku,tsugaku,insertion
すげる,告げる,sugeru,tsugeru,insertion
水墨,推測,suiboku,suisoku,substitution
水墨,水浴,suiboku,suiyoku,substitution
水墨,水族,suiboku,suizoku,substitution
水上,水蒸気,suijo,suijoki,prefix
水球,追究,suikyu,tsuikyu,insertion
水門,吸い物,suimon,suimono,insertion
水素,推測,suiso,suisoku,prefix
推測,水浴,suisoku,suiyoku,substitution
推測,水族,suisoku,suizoku,substitution
水底,水滴,suitei,suiteki,insertion
水滴,素敵,suiteki,suteki,insertion
水曜,水曜日,suiyo,suiyobi,prefix
水曜,水浴,suiyo,suiyoku,prefix
水浴,水族,suiyoku,suizoku,substitution
膵臓,水族,suizo,suizoku,prefix
筋合い,筋交い,sujiai,sujikai,insertion
空かす,尽かす,sukasu,tsukasu,insertion
透ける,付ける,sukeru,tsukeru,insertion
拗ねる,抓る,suneru,tsuneru,insertion
擦れる,連れる,sureru,tsureru,insertion
鮨,数式,sushi,sushiki,prefix
鮨,鮨屋,sushi,sushiya,prefix
数式,図式,sushiki,zushiki,substitution
太刀,立場,tachi,tachiba,prefix
太刀,立ち木,tachi,tachiki,prefix
太刀,立ち見,tachi,tachimi,prefix
太刀,太刀魚,tachi,tachiuo,prefix
立ち木,立ち見,tachiki,tachimi,substitution
多大,只今,tadai,tadaima,prefix
たがえる,湛える,tagaeru,tataeru,substitution
多額,退学,tagaku,taigaku,insertion
多義語,対義語,tagigo,taigigo,insertion
大木,大国,taiboku,taikoku,substitution
大木,淡墨,taiboku,tanboku,substitution
大木,低木,taiboku,teiboku,substitution
体液,大敵,taieki,taiteki,insertion
大河,退学,taiga,taigaku,prefix
退学,体格,taigaku,taikaku,substitution
退学,対策,taigaku,taisaku,substitution
退学,大役,taigaku,taiyaku,substitution
退学,定額,taigaku,teigaku,substitution
退学,在学,taigaku,zaigaku,substitution
体育,大陸,taiiku,tairiku,insertion
大家,体格,taika,taikaku,prefix
体格,大国,taikaku,taikoku,substitution
体格,対策,taikaku,taisaku,substitution
体格,大役,taikaku,taiyaku,substitution
太古,大国,taiko,taikoku,prefix
大国,定刻,taikoku,teikoku,substitution
大佐,対策,taisa,taisaku,prefix
対策,大役,taisaku,taiyaku,substitution
大帝,大敵,taitei,taiteki,insertion
鯛焼き,大役,taiyaki,taiyaku,last_char_differs
他日,単一,tajitsu,tanitsu,substitution
他日,当日,tajitsu,tojitsu,substitution
沢庵,沢山,takuan,takusan,insertion
拓本,読本,takuhon,tokuhon,substitution
沢山,特産,takusan,tokusan,substitution
溜め池,溜め息,tameike,tameiki,last_char_differs
ためらう,溜める,tamerau,tameru,insertion
田んぼ,淡墨,tanbo,tanboku,prefix
淡墨,嘆息,tanboku,tansoku,substitution
他人,多人数,tanin,taninzu,prefix
誕生,誕生日,tanjo,tanjobi,prefix
蛋白,単複,tanpaku,tanpuku,substitution
蛋白,短冊,tanpaku,tanzaku,substitution
蛋白,腕白,tanpaku,wanpaku,substitution
単複,転覆,tanpuku,tenpuku,substitution
端子,短針,tanshi,tanshin,insertion
短針,天心,tanshin,tenshin,substitution
短針,斬新,tanshin,zanshin,substitution
炭素,嘆息,tanso,tansoku,prefix
倒れる,垂れる,taoreru,tareru,insertion
倒れる,取れる,taoreru,toreru,insertion
湛える,たたる,tataeru,tataru,insertion
湛える,建てる,tataeru,tateru,insertion
湛える,例える,tataeru,tatoeru,substitution
建てる,例える,tateru,tatoeru,insertion
絶やす,たやすい,tayasu,tayasui,insertion
手洗い,手習い,tearai,tenarai,insertion
手足,手出し,teashi,tedashi,insertion
手引き,天引き,tebiki,tenbiki,insertion
堤防,低木,teibo,teiboku,prefix
低木,定刻,teiboku,teikoku,substitution
低木,低速,teiboku,teisoku,substitution
低木,提督,teiboku,teitoku,substitution
低木,低俗,teiboku,teizoku,substitution
低地,敵地,teichi,tekichi,insertion
定額,停泊,teigaku,teihaku,substitution
定額,邸宅,teigaku,teitaku,substitution
停泊,邸宅,teihaku,teitaku,substitution
定刻,低速,teikoku,teisoku,substitution
定刻,提督,teikoku,teitoku,substitution
定刻,低俗,teikoku,teizoku,substitution
定刻,篆刻,teikoku,tenkoku,substitution
底面,てきめん,teimen,tekimen,insertion
訂正,適正,teisei,tekisei,insertion
低速,提督,teisoku,teitoku,substitution
低速,低俗,teisoku,teizoku,substitution
低速,鉄則,teisoku,tessoku,substitution
邸宅,提督,teitaku,teitoku,substitution
邸宅,贅沢,teitaku,zeitaku,substitution
帝都,提督,teito,teitoku,prefix
提督,低俗,teitoku,teizoku,substitution
敵地,的中,tekichi,tekichu,last_char_differs
適時,敵陣,tekiji,tekijin,insertion
敵陣,適任,tekijin,tekinin,substitution
手持ち,手の内,temochi,tenochi,substitution
手持ち,手落ち,temochi,teochi,insertion
天地,手の内,tenchi,tenochi,insertion
天国,篆刻,tengoku,tenkoku,substitution
天狗,天草,tengu,tengusa,prefix
転校,篆刻,tenko,tenkoku,prefix
篆刻,全国,tenkoku,zenkoku,substitution
天幕,転落,tenmaku,tenraku,substitution
天幕,添削,tenmaku,tensaku,substitution
天幕,点訳,tenmaku,tenyaku,substitution
手の内,手落ち,tenochi,teochi,insertion
転落,添削,tenraku,tensaku,substitution
転落,点訳,tenraku,tenyaku,substitution
添削,点訳,tensaku,tenyaku,substitution
添削,鉄柵,tensaku,tessaku,substitution
添削,前作,tensaku,zensaku,substitution
転籍,天敵,tenseki,tenteki,substitution
天使,天心,tenshi,tenshin,insertion
天心,全身,tenshin,zenshin,substitution
手拭い,手ぬるい,tenugui,tenurui,substitution
点訳,手役,tenyaku,teyaku,insertion
鉄壁,絶壁,teppeki,zeppeki,substitution
鉄柵,鉄則,tessaku,tessoku,substitution
手漉き,手付き,tesuki,tetsuki,insertion
鉄,鉄棒,tetsu,tetsubo,prefix
鉄,鉄道,tetsu,tetsudo,prefix
鉄,手付け,tetsu,tetsuke,prefix
鉄,手付き,tetsu,tetsuki,prefix
鉄,徹夜,tetsu,tetsuya,prefix
鉄棒,鉄道,tetsubo,tetsudo,substitution
鉄棒,絶望,tetsubo,zetsubo,substitution
手付け,手付き,tetsuke,tetsuki,last_char_differs
飛び入り,鳶色,tobiiri,tobiiro,last_char_differs
鳶色,鴇色,tobiiro,tokiiro,substitution
到着,当直,tochaku,tochoku,substitution
都庁,当直,tocho,tochoku,prefix
当直,東北,tochoku,tohoku,insertion
尖る,尖んがる,togaru,tongaru,insertion
頭髪,到達,tohatsu,totatsu,substitution
頭髪,増発,tohatsu,zohatsu,substitution
統一,当日,toitsu,tojitsu,insertion
統一,都立,toitsu,toritsu,insertion
綴じる,豚汁,tojiru,tonjiru,insertion
当日,都立,tojitsu,toritsu,substitution
当日,余日,tojitsu,yojitsu,substitution
凍結,頭骨,toketsu,tokotsu,substitution
凍結,増結,toketsu,zoketsu,substitution
頭骨,唐突,tokotsu,tototsu,substitution
特徴,族長,tokucho,zokucho,substitution
匿名,特製,tokumei,tokusei,substitution
匿名,特定,tokumei,tokutei,substitution
特製,特使,tokusei,tokushi,substitution
特製,特定,tokusei,tokutei,substitution
特使,特殊,tokushi,tokushu,last_char_differs
特殊,翌週,tokushu,yokushu,substitution
特定,得点,tokutei,tokuten,last_char_differs
当局,謡曲,tokyoku,yokyoku,substitution
唱える,捕らえる,tonaeru,toraeru,substitution
捕らえる,取れる,toraeru,toreru,insertion
当選,通せん坊,tosen,tosenbo,prefix
年,年子,toshi,toshigo,prefix
年,年上,toshi,toshiue,prefix
灯心,突進,toshin,tosshin,insertion
到達,唐突,totatsu,tototsu,substitution
壺,蕾,tsubo,tsubomi,prefix
壺,つぼむ,tsubo,tsubomu,prefix
蕾,つぼむ,tsubomi,tsubomu,last_char_differs
粒,つぶら,tsubu,tsubura,prefix
粒,瞑る,tsubu,tsuburu,prefix
粒,潰す,tsubu,tsubusu,prefix
つぶら,瞑る,tsubura,tsuburu,last_char_differs
つぶら,葛籠,tsubura,tsuzura,substitution
瞑る,潰す,tsuburu,tsubusu,substitution
瞑る,作る,tsuburu,tsukuru,substitution
潰す,尽くす,tsubusu,tsukusu,substitution
潰す,吊るす,tsubusu,tsurusu,substitution
通帳,追弔,tsucho,tsuicho,insertion
通学,通訳,tsugaku,tsuyaku,substitution
告げる,費える,tsugeru,tsuieru,substitution
告げる,付ける,tsugeru,tsukeru,substitution
告げる,詰める,tsugeru,tsumeru,substitution
告げる,抓る,tsugeru,tsuneru,substitution
告げる,連れる,tsugeru,tsureru,substitution
次,接ぎ木,tsugi,tsugiki,prefix
次,継ぎ目,tsugi,tsugime,prefix
接ぎ木,積み木,tsugiki,tsumiki,substitution
告ぐ,鶇,tsugu,tsugumi,prefix
告ぐ,つぐむ,tsugu,tsugumu,prefix
鶇,つぐむ,tsugumi,tsugumu,last_char_differs
鶇,鼓,tsugumi,tsuzumi,substitution
つぐむ,つるむ,tsugumu,tsurumu,substitution
費える,付ける,tsuieru,tsukeru,substitution
費える,詰める,tsuieru,tsumeru,substitution
費える,抓る,tsuieru,tsuneru,substitution
費える,連れる,tsuieru,tsureru,substitution
追肥,追試,tsuihi,tsuishi,insertion
追肥,月日,tsuihi,tsukihi,insertion
対句,追究,tsuiku,tsuikyu,insertion
塚,掴む,tsuka,tsukamu,prefix
塚,浸かる,tsuka,tsukaru,prefix
塚,尽かす,tsuka,tsukasu,prefix
掴む,浸かる,tsukamu,tsukaru,substitution
掴む,尽かす,tsukamu,tsukasu,substitution
掴む,使う,tsukamu,tsukau,insertion
掴む,摘まむ,tsukamu,tsumamu,substitution
浸かる,尽かす,tsukaru,tsukasu,substitution
浸かる,使う,tsukaru,tsukau,insertion
浸かる,付ける,tsukaru,tsukeru,substitution
浸かる,尽きる,tsukaru,tsukiru,substitution
浸かる,作る,tsukaru,tsukuru,substitution
浸かる,詰まる,tsukaru,tsumaru,substitution
尽かす,使う,tsukasu,tsukau,insertion
尽かす,尽くす,tsukasu,tsukusu,substitution
付け目,付け根,tsukeme,tsukene,substitution
付ける,尽きる,tsukeru,tsukiru,substitution
付ける,作る,tsukeru,tsukuru,substitution
付ける,詰める,tsukeru,tsumeru,substitution
付ける,抓る,tsukeru,tsuneru,substitution
付ける,連れる,tsukeru,tsureru,substitution
月,月日,tsuki,tsukihi,prefix
月,月見,tsuki,tsukimi,prefix
月,尽きる,tsuki,tsukiru,prefix
月,月夜,tsuki,tsukiyo,prefix
月日,月見,tsukihi,tsukimi,substitution
尽きる,作る,tsukiru,tsukuru,substitution
通航,通告,tsuko,tsukoku,prefix
付く,旁,tsuku,tsukuri,prefix
付く,作る,tsuku,tsukuru,prefix
付く,尽くす,tsuku,tsukusu,prefix
旁,作る,tsukuri,tsukuru,last_char_differs
作る,尽くす,tsukuru,tsukusu,substitution
尽くす,吊るす,tsukusu,tsurusu,substitution
妻,摘まむ,tsuma,tsumamu,prefix
妻,詰まる,tsuma,tsumaru,prefix
摘まむ,詰まる,tsumamu,tsumaru,substitution
詰まる,詰める,tsumaru,tsumeru,substitution
詰まる,積もる,tsumaru,tsumoru,substitution
爪,詰める,tsume,tsumeru,prefix
詰める,積もる,tsumeru,tsumoru,substitution
詰める,抓る,tsumeru,tsuneru,substitution
詰める,連れる,tsumeru,tsureru,substitution
積み木,積み荷,tsumiki,tsumini,substitution
積もる,募る,tsumoru,tsunoru,substitution
摘む,紬,tsumu,tsumugi,prefix
摘む,紡ぐ,tsumu,tsumugu,prefix
摘む,つむじ,tsumu,tsumuji,prefix
紬,紡ぐ,tsumugi,tsumugu,last_char_differs
紬,つむじ,tsumugi,tsumuji,substitution
綱,つなぎ,tsuna,tsunagi,prefix
綱,綱具,tsuna,tsunagu,prefix
綱,津波,tsuna,tsunami,prefix
つなぎ,綱具,tsunagi,tsunagu,last_char_differs
つなぎ,津波,tsunagi,tsunami,substitution
常,抓る,tsune,tsuneru,prefix
抓る,募る,tsuneru,tsunoru,substitution
抓る,連れる,tsuneru,tsureru,substitution
角,募る,tsuno,tsunoru,prefix
辛い,連れ合い,tsurai,tsureai,insertion
鶴,釣瓶,tsuru,tsurube,prefix
鶴,つるむ,tsuru,tsurumu,prefix
鶴,吊るす,tsuru,tsurusu,prefix
つるむ,吊るす,tsurumu,tsurusu,substitution
通夜,通訳,tsuya,tsuyaku,prefix
通用,強火,tsuyo,tsuyobi,prefix
通用,強気,tsuyo,tsuyoki,prefix
強火,強い,tsuyobi,tsuyoi,insertion
強火,強気,tsuyobi,tsuyoki,substitution
強い,強気,tsuyoi,tsuyoki,insertion
鼓,薄墨,tsuzumi,usuzumi,substitution
打ち身,内海,uchimi,uchiumi,insertion
うだれる,浮かれる,udareru,ukareru,substitution
うだれる,生まれる,udareru,umareru,substitution
浮かべる,浮かれる,ukaberu,ukareru,substitution
浮かれる,生まれる,ukareru,umareru,substitution
生まれる,埋もれる,umareru,umoreru,substitution
呻く,埋め草,umeku,umekusa,prefix
魚河岸,洋菓子,uogashi,yogashi,substitution
裏書き,上書き,uragaki,uwagaki,substitution
裏地,裏白,uraji,urajiro,prefix
裏方,泡沫,urakata,utakata,substitution
裏打ち,粳,urauchi,uruchi,insertion
裏山,羨む,urayama,urayamu,last_char_differs
薄着,薄切り,usugi,usugiri,prefix
うつろ,映ろう,utsuro,utsurou,insertion
映ろう,写る,utsurou,utsuru,insertion
上履き,上書き,uwabaki,uwagaki,substitution
上役,和訳,uwayaku,wayaku,insertion
和菓子,私,wagashi,watashi,substitution
沸かす,分かつ,wakasu,wakatsu,insertion
分け前,分け目,wakemae,wakeme,insertion
割り勘,割り算,warikan,warizan,substitution
鷲,和式,washi,washiki,prefix
和式,屋敷,washiki,yashiki,substitution
和式,座敷,washiki,zashiki,substitution
和食,夜食,washoku,yashoku,substitution
薬代,薬袋,yakudai,yakutai,substitution
薬代,薬剤,yakudai,yakuzai,substitution
薬品,役員,yakuhin,yakuin,insertion
薬品,役人,yakuhin,yakunin,substitution
役員,役人,yakuin,yakunin,insertion
役者,訳詞,yakusha,yakushi,last_char_differs
役者,役所,yakusha,yakusho,last_char_differs
訳詞,役所,yakushi,yakusho,last_char_differs
訳詞,家主,yakushi,yanushi,substitution
役所,薬草,yakusho,yakuso,insertion
薬袋,薬剤,yakutai,yakuzai,substitution
山場,山姥,yamaba,yamauba,insertion
椰子,屋敷,yashi,yashiki,prefix
椰子,社,yashi,yashiro,prefix
屋敷,洋式,yashiki,yoshiki,substitution
屋敷,座敷,yashiki,zashiki,substitution
夜食,洋食,yashoku,yoshoku,substitution
夜食,夕食,yashoku,yushoku,substitution
奴,八手,yatsu,yatsude,prefix
奴,窶す,yatsu,yatsusu,prefix
用地,幼稚園,yochi,yochien,prefix
洋菓子,用足し,yogashi,yotashi,substitution
要人,用心棒,yojin,yojinbo,prefix
予告,謡曲,yokoku,yokyoku,insertion
余興,謡曲,yokyo,yokyoku,prefix
謡曲,余力,yokyoku,yoryoku,substitution
葉脈,要約,yomyaku,yoyaku,insertion
余熱,夭折,yonetsu,yosetsu,substitution
鎧,鎧戸,yoroi,yoroido,prefix
要領,余力,yoryo,yoryoku,prefix
余力,有力,yoryoku,yuryoku,substitution
洋紙,洋式,yoshi,yoshiki,prefix
洋紙,誼み,yoshi,yoshimi,prefix
洋紙,葦簀,yoshi,yoshizu,prefix
洋式,誼み,yoshiki,yoshimi,substitution
洋式,余所行き,yoshiki,yosoiki,substitution
洋書,洋食,yosho,yoshoku,prefix
洋食,予測,yoshoku,yosoku,insertion
洋食,夕食,yoshoku,yushoku,substitution
世継ぎ,腰椎,yotsugi,yotsui,insertion
融解,床板,yukai,yukaita,prefix
床板,浴衣,yukaita,yukata,insertion
遊漁,有力,yuryo,yuryoku,prefix
優勝,夕食,yusho,yushoku,prefix
在籍,座席,zaiseki,zaseki,insertion
雑穀,残酷,zakkoku,zankoku,substitution
雑穀,属国,zakkoku,zokkoku,substitution
残酷,全国,zankoku,zenkoku,substitution
残滓,斬新,zanshi,zanshin,insertion
斬新,全身,zanshin,zenshin,substitution
座敷,図式,zashiki,zushiki,substitution
雑,雑音,zatsu,zatsuon,prefix
雑,雑用,zatsu,zatsuyo,prefix
脆弱,贅沢,zeijaku,zeitaku,substitution
善悪,前作,zenaku,zensaku,insertion
全戸,全国,zenko,zenkoku,prefix
全市,全身,zenshi,zenshin,insertion
増発,増刷,zohatsu,zosatsu,substitution
続行,属国,zokko,zokkoku,prefix
厨子,図式,zushi,zushiki,prefix
油揚げ,脂汗,aburaage,aburaase,substitution
崇める,眺める,agameru,nagameru,insertion
挨拶,改札,aisatsu,kaisatsu,insertion
赤松,過つ,akamatsu,ayamatsu,substitution
尼寺,山寺,amadera,yamadera,insertion
甘口,幕内,amakuchi,makuchi,insertion
雨水,生水,amamizu,namamizu,insertion
雨漏り,山盛り,amamori,yamamori,insertion
余せる,冷ませる,amaseru,samaseru,insertion
網棚,神棚,amidana,kamidana,insertion
安直,産直,anchoku,sanchoku,insertion
暗室,陰湿,anshitsu,inshitsu,substitution
暗室,温室,anshitsu,onshitsu,substitution
安息,安息日,ansoku,ansokubi,prefix
有り金,針金,arigane,harigane,insertion
足場,足早,ashiba,ashibaya,prefix
足取り,鴛鴦,ashidori,oshidori,substitution
海驢,足枷,ashika,ashikase,prefix
足下,足音,ashimoto,ashioto,insertion
暖か,暖かい,atataka,atatakai,insertion
集まる,集める,atsumaru,atsumeru,substitution
集まる,詰まる,atsumaru,tsumaru,insertion
集める,詰める,atsumeru,tsumeru,insertion
怪しむ,卑しむ,ayashimu,iyashimu,substitution
与る,授かる,azukaru,sazukaru,insertion
預ける,授ける,azukeru,sazukeru,insertion
化け物,掛け物,bakemono,kakemono,substitution
晩酌,男爵,banshaku,danshaku,substitution
米食,美食,beishoku,bishoku,insertion
米食,軽食,beishoku,keishoku,substitution
米食,聖職,beishoku,seishoku,substitution
米食,定食,beishoku,teishoku,substitution
別院,別人,betsuin,betsujin,insertion
別人,鉄人,betsujin,tetsujin,substitution
文教,分教場,bunkyo,bunkyojo,prefix
文筆,運筆,bunpitsu,unpitsu,insertion
仏陀,仏壇,butsuda,butsudan,insertion
茶漉し,嫡子,chakoshi,chakushi,substitution
嫡子,白紙,chakushi,hakushi,insertion
嫡子,杓子,chakushi,shakushi,substitution
父,父上,chichi,chichiue,prefix
地軸,無花果,chijiku,ichijiku,insertion
地球,地球儀,chikyu,chikyugi,prefix
巷,内股,chimata,uchimata,insertion
緻密,秘密,chimitsu,himitsu,insertion
稚拙,使節,chisetsu,shisetsu,substitution
懲罰,長髪,chobatsu,chohatsu,substitution
懲罰,賞罰,chobatsu,shobatsu,substitution
朝刊,鳥瞰図,chokan,chokanzu,prefix
直下,直角,chokka,chokkaku,prefix
直角,触角,chokkaku,shokkaku,substitution
直面,直線,chokumen,chokusen,substitution
直面,直前,chokumen,chokuzen,substitution
直線,直前,chokusen,chokuzen,substitution
直前,食前,chokuzen,shokuzen,substitution
著書,朝食,chosho,choshoku,prefix
朝食,昼食,choshoku,chushoku,substitution
朝食,補色,choshoku,hoshoku,insertion
朝食,少食,choshoku,shoshoku,substitution
忠実,終日,chujitsu,shujitsu,substitution
昼食,主食,chushoku,shushoku,substitution
大仏,廃物,daibutsu,haibutsu,substitution
大仏,怪物,daibutsu,kaibutsu,substitution
台本,大本営,daihon,daihonei,prefix
大隊,大腿部,daitai,daitaibu,prefix
断髪,散髪,danpatsu,sanpatsu,substitution
男爵,暖色,danshaku,danshoku,substitution
暖色,電飾,danshoku,denshoku,substitution
暖色,寒色,danshoku,kanshoku,substitution
暖色,淡色,danshoku,tanshoku,substitution
だらける,曝ける,darakeru,sarakeru,substitution
電極,編曲,denkyoku,henkyoku,substitution
電極,選曲,denkyoku,senkyoku,substitution
電極,全曲,denkyoku,zenkyoku,substitution
伝説,電鉄,densetsu,dentetsu,substitution
伝説,面接,densetsu,mensetsu,substitution
伝説,前節,densetsu,zensetsu,substitution
電飾,原色,denshoku,genshoku,substitution
電飾,偏食,denshoku,henshoku,substitution
電飾,染織,denshoku,senshoku,substitution
電鉄,銑鉄,dentetsu,sentetsu,substitution
独学,国学,dokugaku,kokugaku,substitution
独身,促進,dokushin,sokushin,substitution
同室,上質,doshitsu,joshitsu,substitution
同室,公室,doshitsu,koshitsu,substitution
同室,王室,doshitsu,oshitsu,insertion
同室,糖質,doshitsu,toshitsu,substitution
同室,洋室,doshitsu,yoshitsu,substitution
鉛筆,健筆,enpitsu,kenpitsu,insertion
膨れる,むくれる,fukureru,mukureru,substitution
副詞,腹心,fukushi,fukushin,insertion
複葉,ふくよか,fukuyo,fukuyoka,prefix
ふやける,ふざける,fuyakeru,fuzakeru,substitution
外商,外食,gaisho,gaishoku,prefix
外食,敗色,gaishoku,haishoku,substitution
外食,会食,gaishoku,kaishoku,substitution
外食,内職,gaishoku,naishoku,substitution
外食,菜食,gaishoku,saishoku,substitution
外食,大食,gaishoku,taishoku,substitution
外野手,内野手,gaiyashu,naiyashu,substitution
楽曲,作曲,gakkyoku,sakkyoku,substitution
楽曲,薬局,gakkyoku,yakkyoku,substitution
学歴,学籍,gakureki,gakuseki,substitution
学生,学籍,gakusei,gakuseki,insertion
学籍,落石,gakuseki,rakuseki,substitution
がたがた,方々,gatagata,katagata,substitution
劇作,劇薬,gekisaku,gekiyaku,substitution
劇薬,激安,gekiyaku,gekiyasu,substitution
劇薬,適役,gekiyaku,tekiyaku,substitution
現物,念仏,genbutsu,nenbutsu,substitution
厳密,綿密,genmitsu,menmitsu,substitution
原発,先発,genpatsu,senpatsu,substitution
原初,原色,gensho,genshoku,prefix
原色,厳粛,genshoku,genshuku,substitution
原色,偏食,genshoku,henshoku,substitution
原色,染織,genshoku,senshoku,substitution
元首,厳粛,genshu,genshuku,prefix
厳粛,下宿,genshuku,geshuku,insertion
月面,雪面,getsumen,setsumen,substitution
行列,強烈,gyoretsu,kyoretsu,substitution
剥がれる,はぐれる,hagareru,hagureru,substitution
剥がれる,放れる,hagareru,hanareru,substitution
剥がれる,流れる,hagareru,nagareru,substitution
はぐれる,外れる,hagureru,hazureru,substitution
はぐれる,ほぐれる,hagureru,hogureru,substitution
歯車,矢車,haguruma,yaguruma,substitution
廃物,秘仏,haibutsu,hibutsu,insertion
廃物,怪物,haibutsu,kaibutsu,substitution
敗色,会食,haishoku,kaishoku,substitution
敗色,内職,haishoku,naishoku,substitution
敗色,菜食,haishoku,saishoku,substitution
敗色,大食,haishoku,taishoku,substitution
配水,排水溝,haisui,haisuiko,prefix
弾ける,始める,hajikeru,hajimeru,substitution
始まる,始める,hajimaru,hajimeru,substitution
初め,始める,hajime,hajimeru,prefix
履き物,書き物,hakimono,kakimono,substitution
履き物,巻き物,hakimono,makimono,substitution
履き物,先物,hakimono,sakimono,substitution
履き物,焼き物,hakimono,yakimono,substitution
運ぶ,方舟,hakobu,hakobune,prefix
博学,薄弱,hakugaku,hakujaku,substitution
博学,薄膜,hakugaku,hakumaku,substitution
博学,薬学,hakugaku,yakugaku,substitution
薄弱,薄膜,hakujaku,hakumaku,substitution
薄膜,角膜,hakumaku,kakumaku,substitution
白紙,迫真,hakushi,hakushin,insertion
白紙,杓子,hakushi,shakushi,insertion
迫真,躍進,hakushin,yakushin,substitution
白書,百姓,hakusho,hyakusho,insertion
花火,花びら,hanabi,hanabira,prefix
花房,隼,hanabusa,hayabusa,substitution
花柄,花形,hanagara,hanagata,substitution
花形,雛形,hanagata,hinagata,substitution
花形,金型,hanagata,kanagata,substitution
花丸,挟まる,hanamaru,hasamaru,substitution
花見,鼻水,hanami,hanamizu,prefix
はなむけ,花婿,hanamuke,hanamuko,last_char_differs
放す,鼻筋,hanasu,hanasuji,prefix
放つ,繁雑,hanatsu,hanzatsu,insertion
花屋,華やぐ,hanaya,hanayagu,prefix
花屋,華やか,hanaya,hanayaka,prefix
半月,満月,hangetsu,mangetsu,substitution
繁雑,乱雑,hanzatsu,ranzatsu,substitution
腫れ物,割れ物,haremono,waremono,substitution
林,御囃子,hayashi,ohayashi,insertion
隔たる,隔てる,hedataru,hedateru,substitution
平日,誠実,heijitsu,seijitsu,substitution
辺境,編曲,henkyo,henkyoku,prefix
編曲,本局,henkyoku,honkyoku,substitution
編曲,選曲,henkyoku,senkyoku,substitution
編曲,全曲,henkyoku,zenkyoku,substitution
返書,偏食,hensho,henshoku,prefix
偏食,変速,henshoku,hensoku,insertion
偏食,染織,henshoku,senshoku,substitution
秘仏,私物,hibutsu,shibutsu,insertion
左,左手,hidari,hidarite,prefix
日替わり,ひまわり,higawari,himawari,substitution
日替わり,身代わり,higawari,migawari,substitution
飛脚,賓客,hikyaku,hinkyaku,insertion
平幕,閃く,hiramaku,hirameku,substitution
ひらめ,閃く,hirame,hirameku,prefix
閃く,きらめく,hirameku,kirameku,substitution
卑劣,熾烈,hiretsu,shiretsu,insertion
庇,久しい,hisashi,hisashii,insertion
柄杓,子爵,hishaku,shishaku,insertion
皮質,異質,hishitsu,ishitsu,insertion
皮質,自室,hishitsu,jishitsu,substitution
人魂,人様,hitodama,hitosama,substitution
人通り,鵯,hitodori,hiyodori,substitution
等しい,いとしい,hitoshii,itoshii,insertion
羊,執事,hitsuji,shitsuji,insertion
必需,筆順,hitsuju,hitsujun,insertion
必要,執拗,hitsuyo,shitsuyo,insertion
解ける,おどける,hodokeru,odokeru,insertion
解ける,届ける,hodokeru,todokeru,substitution
方角,法学部,hogaku,hogakubu,prefix
法学部,工学部,hogakubu,kogakubu,substitution
北極,本局,hokkyoku,honkyoku,substitution
本拠,本局,honkyo,honkyoku,prefix
彫り物,乗り物,horimono,norimono,substitution
彫り物,織物,horimono,orimono,insertion
補色,少食,hoshoku,shoshoku,insertion
ほとぼり,外堀,hotobori,sotobori,substitution
放っておく,放っとく,hotteoku,hottoku,insertion
百姓,役所,hyakusho,yakusho,insertion
表札,剽窃,hyosatsu,hyosetsu,substitution
剽窃,夭折,hyosetsu,yosetsu,insertion
表紙,拍子木,hyoshi,hyoshigi,prefix
表紙,標識,hyoshi,hyoshiki,prefix
拍子木,標識,hyoshigi,hyoshiki,substitution
標識,挙式,hyoshiki,kyoshiki,substitution
標識,洋式,hyoshiki,yoshiki,insertion
一時,無花果,ichiji,ichijiku,prefix
医学部,理学部,igakubu,rigakubu,insertion
言い掛かり,気掛かり,iigakari,kigakari,substitution
引力,禁漁区,inryoku,kinryoku,insertion
陰湿,異質,inshitsu,ishitsu,insertion
陰湿,一室,inshitsu,isshitsu,substitution
陰湿,温室,inshitsu,onshitsu,substitution
入れ物,切れ者,iremono,kiremono,insertion
石灯篭,石ころ,ishidoro,ishikoro,substitution
異質,一室,ishitsu,isshitsu,insertion
異質,自室,ishitsu,jishitsu,insertion
石突き,石積み,ishizuki,ishizumi,substitution
衣食,衣食住,ishoku,ishokuju,prefix
衣食住,植樹,ishokuju,shokuju,insertion
磯松,粗末,isomatsu,somatsu,insertion
一節,密接,issetsu,missetsu,insertion
字配り,気配り,jikubari,kikubari,substitution
陣地,人畜,jinchi,jinchiku,prefix
人骨,筋骨,jinkotsu,kinkotsu,substitution
自室,上質,jishitsu,joshitsu,substitution
実直,日直,jitchoku,nitchoku,substitution
実像,実存,jitsuzo,jitsuzon,insertion
上質,公室,joshitsu,koshitsu,substitution
上質,王室,joshitsu,oshitsu,insertion
上質,糖質,joshitsu,toshitsu,substitution
上質,洋室,joshitsu,yoshitsu,substitution
被さる,被せる,kabusaru,kabuseru,substitution
怪物,乾物,kaibutsu,kanbutsu,substitution
怪物,器物,kaibutsu,kibutsu,insertion
快活,解決,kaikatsu,kaiketsu,substitution
快活,改札,kaikatsu,kaisatsu,substitution
解決,解説,kaiketsu,kaisetsu,substitution
解決,簡潔,kaiketsu,kanketsu,substitution
解決,対決,kaiketsu,taiketsu,substitution
買い物,書き物,kaimono,kakimono,insertion
買い物,借り物,kaimono,karimono,insertion
飼い主,神主,kainushi,kannushi,substitution
戒律,対立,kairitsu,tairitsu,substitution
改札,解説,kaisatsu,kaisetsu,substitution
改札,鑑札,kaisatsu,kansatsu,substitution
改札,警察,kaisatsu,keisatsu,substitution
解説,関節,kaisetsu,kansetsu,substitution
解説,季節,kaisetsu,kisetsu,insertion
解説,大雪,kaisetsu,taisetsu,substitution
会所,会食,kaisho,kaishoku,prefix
会食,快速,kaishoku,kaisoku,insertion
会食,寒色,kaishoku,kanshoku,substitution
会食,褐色,kaishoku,kasshoku,substitution
会食,軽食,kaishoku,keishoku,substitution
会食,内職,kaishoku,naishoku,substitution
会食,菜食,kaishoku,saishoku,substitution
会食,大食,kaishoku,taishoku,substitution
抱える,掲げる,kakaeru,kakageru,insertion
係,係員,kakari,kakariin,prefix
案山子,駆け足,kakashi,kakeashi,insertion
掛け物,書き物,kakemono,kakimono,substitution
書き物,借り物,kakimono,karimono,substitution
書き物,巻き物,kakimono,makimono,substitution
書き物,先物,kakimono,sakimono,substitution
書き物,焼き物,kakimono,yakimono,substitution
格上げ,格下げ,kakuage,kakusage,insertion
各駅,隔壁,kakueki,kakuheki,insertion
角膜,かくまう,kakumaku,kakumau,insertion
隠れる,掠れる,kakureru,kasureru,substitution
隠れる,捲れる,kakureru,makureru,substitution
各社,客車,kakusha,kyakusha,insertion
格付け,作付け,kakuzuke,sakuzuke,substitution
蒲鉾,山鉾,kamaboko,yamaboko,substitution
かまける,怠ける,kamakeru,namakeru,substitution
鎌切り,皮切り,kamakiri,kawakiri,substitution
鎌切り,風切り,kamakiri,kazakiri,substitution
かまくら,なまくら,kamakura,namakura,substitution
上期,紙切れ,kamiki,kamikire,prefix
奏でる,叶える,kanaderu,kanaeru,insertion
叶える,考える,kanaeru,kangaeru,insertion
金型,方々,kanagata,katagata,substitution
金具,金繰り,kanagu,kanaguri,prefix
干ばつ,乾物,kanbatsu,kanbutsu,substitution
干ばつ,巻末,kanbatsu,kanmatsu,substitution
干ばつ,鑑札,kanbatsu,kansatsu,substitution
乾物,産物,kanbutsu,sanbutsu,substitution
歓迎,寒げいこ,kangei,kangeiko,prefix
間隔,観客,kankaku,kankyaku,insertion
簡潔,柑橘,kanketsu,kankitsu,substitution
簡潔,関節,kanketsu,kansetsu,substitution
柑橘,満喫,kankitsu,mankitsu,substitution
観客,簡略,kankyaku,kanryaku,substitution
観客,健脚,kankyaku,kenkyaku,substitution
観客,三脚,kankyaku,sankyaku,substitution
巻末,鑑札,kanmatsu,kansatsu,substitution
巻末,端末,kanmatsu,tanmatsu,substitution
冠,おかんむり,kanmuri,okanmuri,insertion
冠,ウ冠,kanmuri,ukanmuri,insertion
歓楽,簡略,kanraku,kanryaku,insertion
簡裁,艦載機,kansai,kansaiki,prefix
鑑札,関節,kansatsu,kansetsu,substitution
鑑札,検察,kansatsu,kensatsu,substitution
閑静,管制塔,kansei,kanseito,prefix
関節,近接,kansetsu,kinsetsu,substitution
関節,今節,kansetsu,konsetsu,substitution
関節,残雪,kansetsu,zansetsu,substitution
環礁,寒色,kansho,kanshoku,prefix
寒色,褐色,kanshoku,kasshoku,substitution
寒色,淡色,kanshoku,tanshoku,substitution
顔立ち,木立,kaodachi,kodachi,insertion
空振り,からくり,karaburi,karakuri,substitution
唐紙,川上,karakami,kawakami,substitution
唐紙,風上,karakami,kazakami,substitution
からから,唐傘,karakara,karakasa,substitution
唐傘,唐草,karakasa,karakusa,substitution
唐傘,かさかさ,karakasa,kasakasa,substitution
絡まる,絡める,karamaru,karameru,substitution
絡める,駆られる,karameru,karareru,substitution
駆られる,やられる,karareru,yarareru,substitution
借り物,鳴り物,karimono,narimono,substitution
軽やか,円やか,karoyaka,maroyaka,substitution
重なる,重ねる,kasanaru,kasaneru,substitution
かすめる,掠れる,kasumeru,kasureru,substitution
かすめる,休める,kasumeru,yasumeru,substitution
掠れる,忘れる,kasureru,wasureru,substitution
型通り,象る,katadori,katadoru,last_char_differs
象る,偏る,katadoru,katayoru,substitution
方々,片側,katagata,katagawa,substitution
家宅,かたくな,kataku,katakuna,prefix
語り部,語り手,kataribe,katarite,substitution
片手,片手間,katate,katatema,prefix
傍ら,片割れ,katawara,kataware,last_char_differs
川床,川底,kawadoko,kawazoko,substitution
川上,風上,kawakami,kazakami,substitution
皮切り,風切り,kawakiri,kazakiri,substitution
為替,川蝉,kawase,kawasemi,prefix
躱す,川筋,kawasu,kawasuji,prefix
汚れる,焦がれる,kegareru,kogareru,substitution
警察,軽率,keisatsu,keisotsu,substitution
警察,検察,keisatsu,kensatsu,substitution
警察,名刹,keisatsu,meisatsu,substitution
警察,偵察,keisatsu,teisatsu,substitution
軽少,軽食,keisho,keishoku,prefix
軽食,慶祝,keishoku,keishuku,substitution
軽食,聖職,keishoku,seishoku,substitution
軽食,定食,keishoku,teishoku,substitution
慶祝,静粛,keishuku,seishuku,substitution
堅実,健筆,kenjitsu,kenpitsu,substitution
堅実,近日,kenjitsu,kinjitsu,substitution
堅実,連日,kenjitsu,renjitsu,substitution
堅実,先日,kenjitsu,senjitsu,substitution
堅実,全日,kenjitsu,zenjitsu,substitution
健脚,倹約,kenkyaku,kenyaku,insertion
健脚,先客,kenkyaku,senkyaku,substitution
険しい,詳しい,kewashii,kuwashii,substitution
険しい,せわしい,kewashii,sewashii,substitution
削れる,崩れる,kezureru,kuzureru,substitution
帰着,巾着,kichaku,kinchaku,insertion
期日,近日,kijitsu,kinjitsu,insertion
均一,近日,kinitsu,kinjitsu,insertion
均一,緊密,kinitsu,kinmitsu,insertion
近日,緊密,kinjitsu,kinmitsu,substitution
禁漁区,気力,kinryoku,kiryoku,insertion
近接,季節,kinsetsu,kisetsu,insertion
近接,今節,kinsetsu,konsetsu,substitution
近接,隣接,kinsetsu,rinsetsu,substitution
錐揉み,切り盛り,kirimomi,kirimori,substitution
窮まる,極める,kiwamaru,kiwameru,substitution
貴族,貴族院,kizoku,kizokuin,prefix
毀れる,溺れる,koboreru,oboreru,insertion
工学,工学部,kogaku,kogakubu,prefix
焦がれる,こなれる,kogareru,konareru,substitution
焦がれる,壊れる,kogareru,kowareru,substitution
焦がれる,逃れる,kogareru,nogareru,substitution
硬筆,公室,kohitsu,koshitsu,insertion
拗れる,捩れる,kojireru,yojireru,substitution
転かせる,凝らせる,kokaseru,koraseru,substitution
黒鳥,局長,kokucho,kyokucho,insertion
国学,告白,kokugaku,kokuhaku,substitution
国劇,目撃,kokugeki,mokugeki,substitution
刻限,極限,kokugen,kyokugen,insertion
克明,曲名,kokumei,kyokumei,insertion
顧客,橋脚,kokyaku,kyokyaku,insertion
駒鳥,隈取り,komadori,kumadori,substitution
細切れ,細切り,komagire,komagiri,last_char_differs
鼓膜,駒草,komaku,komakusa,prefix
小回り,遠回り,komawari,tomawari,substitution
小回り,夜回り,komawari,yomawari,substitution
小麦,小麦粉,komugi,komugiko,prefix
小結,おむすび,komusubi,omusubi,insertion
こなれる,壊れる,konareru,kowareru,substitution
今月,今節,kongetsu,konsetsu,substitution
蒟蒻,婚約,konnyaku,konyaku,insertion
香の物,其の者,konomono,sonomono,substitution
此際,此先,konosai,konosaki,insertion
此先,其先,konosaki,sonosaki,substitution
鸛,物取,konotori,monotori,substitution
今節,降雪,konsetsu,kosetsu,insertion
今節,音節,konsetsu,onsetsu,insertion
こらえる,凝らせる,koraeru,koraseru,insertion
後列,強烈,koretsu,kyoretsu,insertion
転がる,転がす,korogaru,korogasu,substitution
転がる,転げる,korogaru,korogeru,substitution
公式,挙式,koshiki,kyoshiki,insertion
公室,王室,koshitsu,oshitsu,insertion
公室,糖質,koshitsu,toshitsu,substitution
公室,洋室,koshitsu,yoshitsu,substitution
校則,高速道,kosoku,kosokudo,prefix
異なる,断る,kotonaru,kotowaru,substitution
膏薬,公約数,koyaku,koyakusu,prefix
凹める,窄める,kubomeru,subomeru,substitution
雲間,蜘蛛膜,kumoma,kumomaku,prefix
蜘蛛膜,黒幕,kumomaku,kuromaku,substitution
車,包まる,kuruma,kurumaru,prefix
包まる,包める,kurumaru,kurumeru,substitution
包める,潤める,kurumeru,urumeru,insertion
燻る,擽る,kusuburu,kusuguru,substitution
薬,薬屋,kusuri,kusuriya,prefix
詳しい,悔しい,kuwashii,kuyashii,substitution
客演,客船,kyakuen,kyakusen,insertion
客船,曲線,kyakusen,kyokusen,substitution
客車,役者,kyakusha,yakusha,insertion
局地,局長,kyokuchi,kyokucho,last_char_differs
局地,緑地,kyokuchi,ryokuchi,substitution
局長,局所,kyokucho,kyokusho,substitution
曲芸,極限,kyokugei,kyokugen,last_char_differs
曲芸,曲名,kyokugei,kyokumei,substitution
極限,曲線,kyokugen,kyokusen,substitution
極限,極点,kyokugen,kyokuten,substitution
曲線,極点,kyokusen,kyokuten,substitution
極端,極点,kyokutan,kyokuten,substitution
橋脚,共訳,kyokyaku,kyoyaku,insertion
橋梁,強力,kyoryo,kyoryoku,prefix
強力,余力,kyoryoku,yoryoku,insertion
教師,挙式,kyoshi,kyoshiki,prefix
挙式,旧式,kyoshiki,kyushiki,substitution
挙式,洋式,kyoshiki,yoshiki,insertion
巨匠,教職,kyosho,kyoshoku,prefix
教職,恐縮,kyoshoku,kyoshuku,substitution
教職,給食,kyoshoku,kyushoku,substitution
教職,糧食,kyoshoku,ryoshoku,substitution
教職,洋食,kyoshoku,yoshoku,insertion
教主,恐縮,kyoshu,kyoshuku,prefix
旧居,究極,kyukyo,kyukyoku,prefix
臼歯,旧式,kyushi,kyushiki,prefix
急所,給食,kyusho,kyushoku,prefix
給食,急速,kyushoku,kyusoku,insertion
給食,夕食,kyushoku,yushoku,insertion
紛れる,まみれる,magireru,mamireru,substitution
毎日,命日,mainichi,meinichi,substitution
任せる,沸かせる,makaseru,wakaseru,substitution
巻き網,巻き紙,makiami,makigami,insertion
巻き貝,巻き紙,makigai,makigami,insertion
巻き物,先物,makimono,sakimono,substitution
巻き物,焼き物,makimono,yakimono,substitution
枕,枕木,makura,makuragi,prefix
捲れる,捲れる,makureru,mekureru,substitution
捲れる,むくれる,makureru,mukureru,substitution
丸焼け,丸焼き,maruyake,maruyaki,last_char_differs
纏まる,纏める,matomaru,matomeru,substitution
纏まる,まとわる,matomaru,matowaru,substitution
纏める,認める,matomeru,mitomeru,substitution
纏める,求める,matomeru,motomeru,substitution
祭,御祭り,matsuri,omatsuri,insertion
めでたい,おめでたい,medetai,omedetai,insertion
名物,生物,meibutsu,seibutsu,substitution
名門,名文句,meimon,meimonku,prefix
名刹,偵察,meisatsu,teisatsu,substitution
目配り,手配り,mekubari,tekubari,substitution
捲れる,むくれる,mekureru,mukureru,substitution
面接,前節,mensetsu,zensetsu,substitution
目障り,手触り,mezawari,tezawari,substitution
見出し,大見出し,midashi,omidashi,insertion
緑,緑児,midori,midorigo,prefix
三日月,水無月,mikazuki,minazuki,substitution
神輿,御輿,mikoshi,omikoshi,insertion
蚯蚓,みみずく,mimizu,mimizuku,prefix
源,胸元,minamoto,munamoto,substitution
皆様,宮様,minasama,miyasama,substitution
民衆,民宿,minshu,minshuku,prefix
認める,求める,mitomeru,motomeru,substitution
都,都大路,miyako,miyakoji,prefix
水着,水際,mizugi,mizugiwa,prefix
用いる,陥る,mochiiru,ochiiru,insertion
戻れる,戻せる,modoreru,modoseru,substitution
黙読,目録,mokudoku,mokuroku,substitution
目撃,目的,mokugeki,mokuteki,substitution
木曜,木曜日,mokuyo,mokuyobi,prefix
文無し,おんなし,monnashi,onnashi,insertion
擡げる,凭れる,motageru,motareru,substitution
昔,大昔,mukashi,omukashi,insertion
宥める,眺める,nadameru,nagameru,substitution
宥める,定める,nadameru,sadameru,substitution
眺める,流れる,nagameru,nagareru,substitution
流れる,為される,nagareru,nasareru,substitution
流れる,逃れる,nagareru,nogareru,substitution
内緒,内職,naisho,naishoku,prefix
内職,菜食,naishoku,saishoku,substitution
内職,大食,naishoku,taishoku,substitution
生身,生水,namami,namamizu,prefix
生物,賜物,namamono,tamamono,substitution
鯰,生爪,namazu,namazume,prefix
何者,鳴り物,nanimono,narimono,substitution
鳴り物,練り物,narimono,nerimono,substitution
鳴り物,乗り物,narimono,norimono,substitution
鳴り物,塗り物,narimono,nurimono,substitution
寝袋,手袋,nebukuro,tebukuro,substitution
年月,先月,nengetsu,sengetsu,substitution
年月,前月,nengetsu,zengetsu,substitution
練り物,乗り物,nerimono,norimono,substitution
練り物,塗り物,nerimono,nurimono,substitution
賑わす,賑わう,nigiwasu,nigiwau,insertion
肉付け,肉月,nikuzuke,nikuzuki,last_char_differs
錦,錦絵,nishiki,nishikie,insertion
日章旗,日食,nisshoki,nisshoku,last_char_differs
日食,立食,nisshoku,risshoku,substitution
飲み物,乗り物,nomimono,norimono,substitution
飲み物,読み物,nomimono,yomimono,substitution
乗り物,塗り物,norimono,nurimono,substitution
乗り物,織物,norimono,orimono,insertion
縫い物,塗り物,nuimono,nurimono,insertion
抜かる,ぬかるむ,nukaru,nukarumu,prefix
塗り物,刷り物,nurimono,surimono,substitution
塗り物,売り物,nurimono,urimono,insertion
入玉,入浴,nyugyoku,nyuyoku,insertion
煽てる,育てる,odateru,sodateru,insertion
煽てる,よだてる,odateru,yodateru,insertion
おどける,届ける,odokeru,todokeru,insertion
驚く,轟く,odoroku,todoroku,insertion
大掛かり,総掛かり,ogakari,sogakari,insertion
おかんむり,ウ冠,okanmuri,ukanmuri,substitution
おめでた,おめでたい,omedeta,omedetai,insertion
おめかし,大昔,omekashi,omukashi,substitution
御御籤,富籤,omikuji,tomikuji,insertion
温室,王室,onshitsu,oshitsu,insertion
押し葉,押し花,oshiba,oshibana,prefix
王室,糖質,oshitsu,toshitsu,insertion
王室,洋室,oshitsu,yoshitsu,insertion
ぺちゃんこ,ぺしゃんこ,pechanko,peshanko,substitution
来月,歳月,raigetsu,saigetsu,substitution
来客,冷却,raikyaku,reikyaku,substitution
落書き,楽焼き,rakugaki,rakuyaki,substitution
連日,先日,renjitsu,senjitsu,substitution
連日,全日,renjitsu,zenjitsu,substitution
理学,理学部,rigaku,rigakubu,prefix
理化学,力学,rikagaku,rikigaku,substitution
臨月,隣接,ringetsu,rinsetsu,substitution
肋骨,露骨,rokkotsu,rokotsu,insertion
論客,老若,ronkyaku,ronyaku,insertion
両日,両立,ryojitsu,ryoritsu,substitution
両日,余日,ryojitsu,yojitsu,insertion
緑茶,緑地,ryokucha,ryokuchi,last_char_differs
良書,糧食,ryosho,ryoshoku,prefix
糧食,洋食,ryoshoku,yoshoku,insertion
寂しい,侘しい,sabishii,wabishii,substitution
定まる,定める,sadamaru,sadameru,substitution
菜箸,桟橋,saibashi,sanbashi,substitution
祭日,誠実,saijitsu,seijitsu,substitution
最高潮,最高峰,saikocho,saikoho,insertion
歳末,瑣末,saimatsu,samatsu,insertion
歳末,松明,saimatsu,taimatsu,substitution
最初,菜食,saisho,saishoku,prefix
菜食,聖職,saishoku,seishoku,substitution
菜食,試食,saishoku,shishoku,substitution
菜食,大食,saishoku,taishoku,substitution
酒盛り,防人,sakamori,sakimori,substitution
盛り,盛り場,sakari,sakariba,prefix
逆さ,逆様,sakasa,sakasama,prefix
杯,酒好き,sakazuki,sakezuki,substitution
先取り,防人,sakidori,sakimori,substitution
先物,焼き物,sakimono,yakimono,substitution
作曲,薬局,sakkyoku,yakkyoku,substitution
桜,桜草,sakura,sakuraso,prefix
作詞,杓子,sakushi,shakushi,insertion
昨秋,昨春,sakushu,sakushun,insertion
冷ませる,済ませる,samaseru,sumaseru,substitution
山頂,産直,sancho,sanchoku,prefix
三角,三脚,sankaku,sankyaku,insertion
三脚,山脈,sankyaku,sanmyaku,substitution
三脚,先客,sankyaku,senkyaku,substitution
散髪,先発,sanpatsu,senpatsu,substitution
支える,捧げる,sasaeru,sasageru,insertion
ささやか,囁く,sasayaka,sasayaku,last_char_differs
ささやか,さわやか,sasayaka,sawayaka,substitution
刺し網,刺し身,sashiami,sashimi,insertion
授かる,授ける,sazukaru,sazukeru,substitution
生物,私物,seibutsu,shibutsu,substitution
整髪,生活,seihatsu,seikatsu,substitution
整髪,始発,seihatsu,shihatsu,substitution
整髪,剃髪,seihatsu,teihatsu,substitution
西北,聖職,seihoku,seishoku,insertion
誠実,精密,seijitsu,seimitsu,substitution
誠実,先日,seijitsu,senjitsu,substitution
生活,清潔,seikatsu,seiketsu,substitution
精子,正式,seishi,seishiki,prefix
聖書,聖職,seisho,seishoku,prefix
聖職,静粛,seishoku,seishuku,substitution
聖職,染織,seishoku,senshoku,substitution
聖職,試食,seishoku,shishoku,substitution
聖職,定食,seishoku,teishoku,substitution
清酒,静粛,seishu,seishuku,prefix
選抜,餞別,senbatsu,senbetsu,substitution
選抜,先達,senbatsu,sendatsu,substitution
選抜,先発,senbatsu,senpatsu,substitution
餞別,先月,senbetsu,sengetsu,substitution
餞別,鮮烈,senbetsu,senretsu,substitution
餞別,銑鉄,senbetsu,sentetsu,substitution
先達,先発,sendatsu,senpatsu,substitution
先月,鮮烈,sengetsu,senretsu,substitution
先月,銑鉄,sengetsu,sentetsu,substitution
先月,前月,sengetsu,zengetsu,substitution
先日,旋律,senjitsu,senritsu,substitution
先日,全日,senjitsu,zenjitsu,substitution
先刻,選曲,senkoku,senkyoku,insertion
先客,選曲,senkyaku,senkyoku,substitution
選曲,全曲,senkyoku,zenkyoku,substitution
鮮烈,旋律,senretsu,senritsu,substitution
鮮烈,銑鉄,senretsu,sentetsu,substitution
鮮烈,前列,senretsu,zenretsu,substitution
旋律,村立,senritsu,sonritsu,substitution
選書,染織,sensho,senshoku,prefix
節分,鉄分,setsubun,tetsubun,substitution
節電,雪原,setsuden,setsugen,substitution
節電,雪面,setsuden,setsumen,substitution
接岸,雪原,setsugan,setsugen,substitution
雪原,雪面,setsugen,setsumen,substitution
説明,雪面,setsumei,setsumen,last_char_differs
雪面,設問,setsumen,setsumon,substitution
写実,終日,shajitsu,shujitsu,substitution
借地,杓子,shakuchi,shakushi,substitution
杓子,食指,shakushi,shokushi,substitution
試着,司直,shichaku,shichoku,substitution
試着,子爵,shichaku,shishaku,substitution
試着,終着,shichaku,shuchaku,substitution
質,七曜,shichi,shichiyo,prefix
士長,司直,shicho,shichoku,prefix
司直,試食,shichoku,shishoku,substitution
司直,垂直,shichoku,suichoku,substitution
私学,神学,shigaku,shingaku,insertion
刺激,新劇,shigeki,shingeki,insertion
師範,四半期,shihan,shihanki,prefix
指示詞,色紙,shijishi,shikishi,substitution
刺客,失格,shikaku,shikkaku,insertion
刺客,神格,shikaku,shinkaku,insertion
敷地,色紙,shikichi,shikishi,substitution
色彩,色紙,shikisai,shikishi,substitution
識者,色紙,shikisha,shikishi,last_char_differs
失格,漆黒,shikkaku,shikkoku,substitution
失格,神格,shikkaku,shinkaku,substitution
失格,触角,shikkaku,shokkaku,substitution
漆黒,支局,shikkoku,shikyoku,substitution
漆黒,申告,shikkoku,shinkoku,substitution
漆黒,出国,shikkoku,shukkoku,substitution
司教,支局,shikyo,shikyoku,prefix
支局,終局,shikyoku,shukyoku,substitution
心棒,神木,shinbo,shinboku,prefix
神木,申告,shinboku,shinkoku,substitution
神木,親族,shinboku,shinzoku,substitution
心外,しんがり,shingai,shingari,insertion
神学,神格,shingaku,shinkaku,substitution
神学,新作,shingaku,shinsaku,substitution
神学,新薬,shingaku,shinyaku,substitution
新劇,新暦,shingeki,shinreki,substitution
新劇,親戚,shingeki,shinseki,substitution
進化,新株,shinka,shinkabu,prefix
進化,神格,shinka,shinkaku,prefix
新株,神格,shinkabu,shinkaku,substitution
神格,申告,shinkaku,shinkoku,substitution
神格,新作,shinkaku,shinsaku,substitution
神格,新薬,shinkaku,shinyaku,substitution
神器,蜃気楼,shinki,shinkiro,prefix
信仰,申告,shinko,shinkoku,prefix
申告,親族,shinkoku,shinzoku,substitution
神霊,新暦,shinrei,shinreki,insertion
新暦,親戚,shinreki,shinseki,substitution
新作,新薬,shinsaku,shinyaku,substitution
新作,詩作,shinsaku,shisaku,insertion
新作,失策,shinsaku,shissaku,substitution
新星,親戚,shinsei,shinseki,insertion
親戚,歯石,shinseki,shiseki,insertion
新種,新春,shinshu,shinshun,insertion
進展,試運転,shinten,shiunten,insertion
深夜,新薬,shinya,shinyaku,prefix
新薬,試薬,shinyaku,shiyaku,insertion
心臓,親族,shinzo,shinzoku,prefix
親族,士族,shinzoku,shizoku,insertion
萎れる,知れる,shioreru,shireru,insertion
熾烈,市立,shiretsu,shiritsu,substitution
熾烈,使節,shiretsu,shisetsu,substitution
熾烈,私鉄,shiretsu,shitetsu,substitution
城跡,素人,shiroato,shiroto,insertion
詩作,子爵,shisaku,shishaku,insertion
詩作,失策,shisaku,shissaku,insertion
使節,私鉄,shisetsu,shitetsu,substitution
使節,小節,shisetsu,shosetsu,substitution
使者,子爵,shisha,shishaku,prefix
使者,柳葉魚,shisha,shishamo,prefix
子爵,試食,shishaku,shishoku,substitution
子爵,失策,shishaku,shissaku,substitution
司書,試食,shisho,shishoku,prefix
試食,子息,shishoku,shisoku,insertion
試食,少食,shishoku,shoshoku,substitution
試食,主食,shishoku,shushoku,substitution
下味,下地,shitaaji,shitaji,insertion
室,質疑,shitsu,shitsugi,prefix
室,執事,shitsu,shitsuji,prefix
室,執拗,shitsu,shitsuyo,prefix
質疑,執事,shitsugi,shitsuji,substitution
賞罰,正月,shobatsu,shogatsu,substitution
昇格,触角,shokaku,shokkaku,insertion
昇格,焼却,shokaku,shokyaku,insertion
触角,焼却,shokkaku,shokyaku,substitution
職場,触媒,shokuba,shokubai,insertion
触媒,燭台,shokubai,shokudai,substitution
触媒,植栽,shokubai,shokusai,substitution
燭台,植栽,shokudai,shokusai,substitution
燭台,宿題,shokudai,shukudai,substitution
食塩,食偏,shokuen,shokuhen,insertion
食塩,食前,shokuen,shokuzen,insertion
食偏,食品,shokuhen,shokuhin,substitution
食偏,食前,shokuhen,shokuzen,substitution
食費,食品,shokuhi,shokuhin,insertion
食費,食指,shokuhi,shokushi,insertion
食品,職員,shokuhin,shokuin,insertion
食品,職人,shokuhin,shokunin,substitution
食品,植林,shokuhin,shokurin,substitution
職員,職人,shokuin,shokunin,insertion
職員,植林,shokuin,shokurin,insertion
諸君,職人,shokun,shokunin,prefix
職人,植林,shokunin,shokurin,substitution
食料,食用,shokuryo,shokuyo,insertion
食料,測量,shokuryo,sokuryo,insertion
植栽,食指,shokusai,shokushi,substitution
食指,食傷,shokushi,shokusho,last_char_differs
食指,触手,shokushi,shokushu,last_char_differs
食傷,触手,shokusho,shokushu,last_char_differs
食傷,祝勝,shokusho,shukusho,substitution
焼却,生薬,shokyaku,shoyaku,insertion
消滅,書物,shometsu,shomotsu,substitution
消滅,小節,shometsu,shosetsu,substitution
書物,衝突,shomotsu,shototsu,substitution
少年,正念場,shonen,shonenba,prefix
少年,初年度,shonen,shonendo,prefix
少年,少年院,shonen,shonenin,prefix
小暑,少食,shosho,shoshoku,prefix
少食,消息,shoshoku,shosoku,insertion
少食,主食,shoshoku,shushoku,substitution
少食,粗食,shoshoku,soshoku,insertion
主筆,秀逸,shuhitsu,shuitsu,insertion
主筆,終日,shuhitsu,shujitsu,substitution
秀逸,終日,shuitsu,shujitsu,insertion
主人,主人公,shujin,shujinko,prefix
出庫,出国,shukko,shukkoku,prefix
出国,終局,shukkoku,shukyoku,substitution
宿題,祝杯,shukudai,shukuhai,substitution
祝電,祝宴,shukuden,shukuen,insertion
祝砲,祝勝,shukuho,shukusho,insertion
宿舎,祝勝,shukusha,shukusho,last_char_differs
宗教,終局,shukyo,shukyoku,prefix
終局,主翼,shukyoku,shuyoku,insertion
春菊,朱肉,shungiku,shuniku,insertion
首席,出席,shuseki,shusseki,insertion
終身,出身,shushin,shusshin,insertion
主将,主食,shusho,shushoku,prefix
出生,出席,shussei,shusseki,insertion
出動,出場,shutsudo,shutsujo,substitution
育てる,よだてる,sodateru,yodateru,substitution
其の者,酢の物,sonomono,sunomono,substitution
村立,創立,sonritsu,soritsu,insertion
礎石,層積雲,soseki,sosekiun,prefix
窄まる,窄める,subomaru,subomeru,substitution
吸い物,刷り物,suimono,surimono,insertion
空かせる,済ませる,sukaseru,sumaseru,substitution
数寄屋,鋤焼き,sukiya,sukiyaki,prefix
鋤焼き,炭焼き,sukiyaki,sumiyaki,substitution
竦める,勧める,sukumeru,susumeru,substitution
速やか,炭焼き,sumiyaka,sumiyaki,last_char_differs
砂浜,砂山,sunahama,sunayama,substitution
刷り物,売り物,surimono,urimono,insertion
煤ける,勧める,susukeru,susumeru,substitution
涼しい,ずうずうしい,suzushii,zuzushii,substitution
食べ物,建物,tabemono,tatemono,substitution
正しい,魂,tadashii,tamashii,substitution
対決,退屈,taiketsu,taikutsu,substitution
対決,隊列,taiketsu,tairetsu,substitution
対決,大雪,taiketsu,taisetsu,substitution
大国,大曲,taikoku,taikyoku,insertion
大曲,体力,taikyoku,tairyoku,substitution
松明,端末,taimatsu,tanmatsu,substitution
隊列,対立,tairetsu,tairitsu,substitution
隊列,大雪,tairetsu,taisetsu,substitution
対立,低率,tairitsu,teiritsu,substitution
大量,体力,tairyo,tairyoku,prefix
大暑,大食,taisho,taishoku,prefix
大食,淡色,taishoku,tanshoku,substitution
大食,定食,taishoku,teishoku,substitution
宝,高らか,takara,takaraka,prefix
魂,やましい,tamashii,yamashii,substitution
単勝,淡色,tansho,tanshoku,prefix
淡色,短縮,tanshoku,tanshuku,substitution
淡色,嘆息,tanshoku,tansoku,insertion
達筆,鉄筆,tappitsu,teppitsu,substitution
助かる,助ける,tasukaru,tasukeru,substitution
助かる,浸かる,tasukaru,tsukaru,insertion
助ける,付ける,tasukeru,tsukeru,insertion
縦書き,鬣,tategaki,tategami,substitution
達人,鉄人,tatsujin,tetsujin,substitution
剃髪,偵察,teihatsu,teisatsu,substitution
定刻,敵国,teikoku,tekikoku,insertion
庭球,定休日,teikyu,teikyubi,prefix
停車,停車場,teisha,teishaba,prefix
定食,低速,teishoku,teisoku,insertion
適格,敵国,tekikaku,tekikoku,substitution
適格,適役,tekikaku,tekiyaku,substitution
手回り,手触り,temawari,tezawari,substitution
手回り,遠回り,temawari,tomawari,substitution
点滅,全滅,tenmetsu,zenmetsu,substitution
鉄筆,絶筆,teppitsu,zeppitsu,substitution
鉄瓶,鉄分,tetsubin,tetsubun,substitution
鉄瓶,鉄人,tetsubin,tetsujin,substitution
とぼける,届ける,tobokeru,todokeru,substitution
とぼける,蕩ける,tobokeru,torokeru,substitution
届ける,滞る,todokeru,todokoru,substitution
届ける,止める,todokeru,todomeru,substitution
届ける,蕩ける,todokeru,torokeru,substitution
止まる,止める,todomaru,todomeru,substitution
東北,東北東,tohoku,tohokuto,prefix
常磐,常磐木,tokiwa,tokiwagi,prefix
泊まれる,泊めれる,tomareru,tomereru,substitution
遠回り,夜回り,tomawari,yomawari,substitution
蕩ける,よろける,torokeru,yorokeru,substitution
糖質,洋室,toshitsu,yoshitsu,substitution
遠ざかる,遠ざける,tozakaru,tozakeru,substitution
追試,追伸,tsuishi,tsuishin,insertion
追伸,通信,tsuishin,tsushin,insertion
仕える,浸かる,tsukaeru,tsukaru,insertion
仕える,付ける,tsukaeru,tsukeru,insertion
仕える,伝える,tsukaeru,tsutaeru,substitution
繕う,作る,tsukurou,tsukuru,insertion
連れ合い,つれない,tsureai,tsurenai,insertion
筒,つつじ,tsutsu,tsutsuji,prefix
筒,突つく,tsutsu,tsutsuku,prefix
筒,堤,tsutsu,tsutsumi,prefix
筒,包む,tsutsu,tsutsumu,prefix
つつじ,堤,tsutsuji,tsutsumi,substitution
突つく,包む,tsutsuku,tsutsumu,substitution
堤,包む,tsutsumi,tsutsumu,last_char_differs
内掛け,打ち掛け,uchigake,uchikake,substitution
内掛け,内訳,uchigake,uchiwake,substitution
打ち掛け,内訳,uchikake,uchiwake,substitution
打ち身,打ち水,uchimi,uchimizu,prefix
団扇,内訳,uchiwa,uchiwake,prefix
うだれる,茹だれる,udareru,yudareru,insertion
浮き雲,雪雲,ukigumo,yukigumo,insertion
海鳴り,弓なり,uminari,yuminari,insertion
裏口,裏打ち,uraguchi,urauchi,insertion
裏町,裏道,uramachi,uramichi,substitution
後ろ,後ろ手,ushiro,ushirode,prefix
薄墨,夕涼み,usuzumi,yusuzumi,insertion
和学,我が国,wagaku,wagakuni,prefix
別れる,沸かせる,wakareru,wakaseru,substitution
脇見,湧き水,wakimi,wakimizu,prefix
割れ物,悪者,waremono,warumono,substitution
破ける,敗れる,yabukeru,yabureru,substitution
焼き鳥,遣り取り,yakitori,yaritori,substitution
薬莢,薬局,yakkyo,yakkyoku,prefix
薬品,躍進,yakuhin,yakushin,insertion
訳詞,躍進,yakushi,yakushin,insertion
薬草,約束,yakuso,yakusoku,prefix
山彦,山鉾,yamabiko,yamaboko,substitution
山鳥,山盛り,yamadori,yamamori,substitution
山並み,山鳴り,yamanami,yamanari,substitution
山師,やましい,yamashi,yamashii,insertion
やましい,優しい,yamashii,yasashii,substitution
闇市,闇討ち,yamiichi,yamiuchi,substitution
やられる,揺られる,yarareru,yurareru,substitution
野心,養う,yashin,yashinau,prefix
休まる,休める,yasumaru,yasumeru,substitution
呼ばわり,夜回り,yobawari,yomawari,substitution
呼び物,読み物,yobimono,yomimono,substitution
横向き,横好き,yokomuki,yokozuki,substitution
横付け,横好き,yokozuke,yokozuki,last_char_differs
翌週,翌春,yokushu,yokushun,insertion
委ねる,茹だれる,yudaneru,yudareru,substitution
茹だれる,揺られる,yudareru,yurareru,substitution
雪解け,雪除け,yukidoke,yukiyoke,substitution
雪焼け,雪除け,yukiyake,yukiyoke,substitution
夕月,夕月夜,yuzuki,yuzukiyo,prefix
残雪,前節,zansetsu,zensetsu,substitution
前月,全滅,zengetsu,zenmetsu,substitution
前月,前列,zengetsu,zenretsu,substitution
前月,前節,zengetsu,zensetsu,substitution
全国,全曲,zenkoku,zenkyoku,insertion
全曲,全力,zenkyoku,zenryoku,substitution
全滅,前列,zenmetsu,zenretsu,substitution
全滅,前節,zenmetsu,zensetsu,substitution
前列,前節,zenretsu,zensetsu,substitution
善良,全力,zenryo,zenryoku,prefix
憧れる,焦がれる,akogareru,kogareru,insertion
悪筆,悪質,akuhitsu,akushitsu,insertion
改まる,改める,aratamaru,aratameru,substitution
浅ましい,勇ましい,asamashii,isamashii,substitution
ばらつく,ばたつく,baratsuku,batatsuku,substitution
ばらつく,ぶらつく,baratsuku,buratsuku,substitution
ばらつく,ざらつく,baratsuku,zaratsuku,substitution
ばたつく,べたつく,batatsuku,betatsuku,substitution
別室,物質,besshitsu,busshitsu,substitution
べたつく,べとつく,betatsuku,betotsuku,substitution
文学,文学部,bungaku,bungakubu,prefix
分室,部室,bunshitsu,bushitsu,insertion
分室,物質,bunshitsu,busshitsu,substitution
ぶらつく,ふらつく,buratsuku,furatsuku,substitution
ぶらつく,ぐらつく,buratsuku,guratsuku,substitution
部室,物質,bushitsu,busshitsu,insertion
ぶつかる,ぶつける,butsukaru,butsukeru,substitution
縮まる,縮める,chijimaru,chijimeru,substitution
縮める,縮れる,chijimeru,chijireru,substitution
珍客,賓客,chinkyaku,hinkyaku,insertion
散らばる,散らかる,chirabaru,chirakaru,substitution
散らかる,散らかす,chirakaru,chirakasu,substitution
長針,聴診器,choshin,choshinki,prefix
大学,大学院,daigaku,daigakuin,prefix
段違い,勘違い,danchigai,kanchigai,substitution
出し物,指し物,dashimono,sashimono,substitution
絵巻物,巻き物,emakimono,makimono,insertion
演出,捻出,enshutsu,nenshutsu,insertion
演出,転出,enshutsu,tenshutsu,insertion
副将,副食,fukusho,fukushoku,prefix
ふらつく,ぐらつく,furatsuku,guratsuku,substitution
府立,振付,furitsu,furitsuke,prefix
外輪山,内輪山,gairinzan,nairinzan,substitution
玄室,泉質,genshitsu,senshitsu,substitution
月曜,月曜日,getsuyo,getsuyobi,prefix
ぎらつく,ぐらつく,giratsuku,guratsuku,substitution
ごたつく,もたつく,gotatsuku,motatsuku,substitution
博物,薬物,hakubutsu,yakubutsu,substitution
白日,隔日,hakujitsu,kakujitsu,substitution
白日,落日,hakujitsu,rakujitsu,substitution
白日,昨日,hakujitsu,sakujitsu,substitution
拍車,伯爵,hakusha,hakushaku,prefix
伯爵,白色,hakushaku,hakushoku,substitution
白紙,博識,hakushi,hakushiki,prefix
博識,格式,hakushiki,kakushiki,substitution
白書,白色,hakusho,hakushoku,prefix
花道,鼻持ち,hanamichi,hanamochi,substitution
花道,早道,hanamichi,hayamichi,substitution
羽根突,半月,hanetsuki,hantsuki,insertion
羽根突,骨付き,hanetsuki,honetsuki,substitution
端書き,干し柿,hashigaki,hoshigaki,substitution
初午,初孫,hatsuma,hatsumago,prefix
初物,夏物,hatsumono,natsumono,substitution
初役,活躍,hatsuyaku,katsuyaku,substitution
鄙びる,萎びる,hinabiru,shinabiru,insertion
翻る,翻す,hirugaeru,hirugaesu,substitution
皮質,脂質,hishitsu,shishitsu,insertion
膝元,御膝元,hizamoto,ohizamoto,insertion
法学部,商学部,hogakubu,shogakubu,insertion
ほつれる,もつれる,hotsureru,motsureru,substitution
言い掛かり,行き掛かり,iigakari,ikigakari,insertion
行き掛かり,気掛かり,ikigakari,kigakari,insertion
忌まわしい,いたわしい,imawashii,itawashii,substitution
陰湿,均質,inshitsu,kinshitsu,insertion
陰湿,隣室,inshitsu,rinshitsu,insertion
いらっしゃる,らっしゃる,irassharu,rassharu,insertion
一室,密室,isshitsu,misshitsu,insertion
門口,窓口,kadoguchi,madoguchi,substitution
飼い主,借り主,kainushi,karinushi,insertion
駆け足,懸け橋,kakeashi,kakehashi,insertion
掛け持ち,駆け落ち,kakemochi,kakeochi,insertion
掛け持ち,金持ち,kakemochi,kanemochi,substitution
格別,隔月,kakubetsu,kakugetsu,substitution
格別,告別,kakubetsu,kokubetsu,substitution
隔日,落日,kakujitsu,rakujitsu,substitution
隔日,昨日,kakujitsu,sakujitsu,substitution
角膜,横隔膜,kakumaku,okakumaku,insertion
拡声器,格式,kakuseiki,kakushiki,substitution
各氏,格式,kakushi,kakushiki,prefix
悲しい,芳しい,kanashii,kanbashii,insertion
辛口,軽口,karakuchi,karukuchi,substitution
柏,柏手,kashiwa,kashiwade,prefix
片足,形無し,kataashi,katanashi,insertion
川下,風下,kawashimo,kazashimo,substitution
均質,隣室,kinshitsu,rinshitsu,substitution
切り干し,切り通し,kiriboshi,kiridoshi,substitution
小咄,野放し,kobanashi,nobanashi,substitution
香ばしい,小走り,kobashii,kobashiri,insertion
木枯らし,唐辛子,kogarashi,togarashi,substitution
更衣室,公室,koishitsu,koshitsu,insertion
告別,特別,kokubetsu,tokubetsu,substitution
黒色,特色,kokushoku,tokushoku,substitution
小見出し,大見出し,komidashi,omidashi,insertion
公室,教室,koshitsu,kyoshitsu,insertion
口火,唇,kuchibi,kuchibiru,prefix
口止め,打ち止め,kuchidome,uchidome,insertion
黒潮,黒白,kuroshio,kuroshiro,insertion
教室,宮室,kyoshitsu,kyushitsu,substitution
教室,良質,kyoshitsu,ryoshitsu,substitution
教室,洋室,kyoshitsu,yoshitsu,insertion
宮室,救出,kyushitsu,kyushutsu,substitution
鉞,真っ盛り,masakari,massakari,insertion
又貸し,綿菓子,matagashi,watagashi,substitution
目白押し,目印,mejiroshi,mejirushi,substitution
見出し,見出し語,midashi,midashigo,prefix
見出し語,みなし児,midashigo,minashigo,substitution
水菓子,水増し,mizugashi,mizumashi,substitution
水菓子,水差し,mizugashi,mizusashi,substitution
水増し,水差し,mizumashi,mizusashi,substitution
物惜しみ,物知り,monoshimi,monoshiri,substitution
昔,昔風,mukashi,mukashifu,prefix
紫,大紫,murasaki,omurasaki,insertion
虫歯,蝕む,mushiba,mushibamu,prefix
長らえる,流れる,nagaraeru,nagareru,insertion
仲立ち,逆立ち,nakadachi,sakadachi,substitution
為される,魘される,nasareru,unasareru,insertion
根回し,手回し,nemawashi,temawashi,substitution
捻出,転出,nenshutsu,tenshutsu,substitution
日曜,日曜日,nichiyo,nichiyobi,prefix
野荒らし,野晒し,noarashi,nozarashi,insertion
飲み代,糊代,nomishiro,norishiro,substitution
押っ付け,おっつける,ottsuke,ottsukeru,prefix
落日,昨日,rakujitsu,sakujitsu,substitution
良質,洋室,ryoshitsu,yoshitsu,insertion
先払い,咳払い,sakibarai,sekibarai,substitution
昨日,即日,sakujitsu,sokujitsu,substitution
正室,泉質,seishitsu,senshitsu,substitution
正室,脂質,seishitsu,shishitsu,substitution
積雪,適切,sekisetsu,tekisetsu,substitution
雪上,雪辱,setsujo,setsujoku,prefix
雪辱,接続,setsujoku,setsuzoku,substitution
借家,芍薬,shakuya,shakuyaku,prefix
私物,神仏,shibutsu,shinbutsu,insertion
仕事,仕事場,shigoto,shigotoba,prefix
敷布,式服,shikifu,shikifuku,prefix
敷石,色紙,shikiishi,shikishi,insertion
支局,新曲,shikyoku,shinkyoku,insertion
霜解け,霜除け,shimodoke,shimoyoke,substitution
霜焼け,霜除け,shimoyake,shimoyoke,substitution
寝殿,心電図,shinden,shindenzu,prefix
新月,新雪,shingetsu,shinsetsu,substitution
真実,親密,shinjitsu,shinmitsu,substitution
申告,深呼吸,shinkoku,shinkokyu,insertion
申告,新曲,shinkoku,shinkyoku,insertion
新居,新曲,shinkyo,shinkyoku,prefix
新曲,新緑,shinkyoku,shinryoku,substitution
親密,進物,shinmitsu,shinmotsu,substitution
進物,新卒,shinmotsu,shinsotsu,substitution
辛辣,新札,shinratsu,shinsatsu,substitution
新札,新雪,shinsatsu,shinsetsu,substitution
新札,新卒,shinsatsu,shinsotsu,substitution
新雪,新卒,shinsetsu,shinsotsu,substitution
新雪,使節,shinsetsu,shisetsu,insertion
新雪,春節,shinsetsu,shunsetsu,substitution
紳士,神式,shinshi,shinshiki,prefix
新書,神職,shinsho,shinshoku,prefix
神職,試食,shinshoku,shishoku,insertion
調べる,白ける,shiraberu,shirakeru,substitution
調べる,知らせる,shiraberu,shiraseru,substitution
白ける,知らせる,shirakeru,shiraseru,substitution
脂質,支出,shishitsu,shishutsu,substitution
脂質,消失,shishitsu,shoshitsu,substitution
下履き,下書き,shitabaki,shitagaki,substitution
下地,下敷き,shitaji,shitajiki,prefix
支度,下草,shitaku,shitakusa,prefix
湿田,湿原,shitsuden,shitsugen,substitution
湿田,失恋,shitsuden,shitsuren,substitution
湿原,失恋,shitsugen,shitsuren,substitution
湿原,出現,shitsugen,shutsugen,substitution
失礼,失恋,shitsurei,shitsuren,last_char_differs
室料,執拗,shitsuryo,shitsuyo,insertion
鎮まる,沈める,shizumaru,shizumeru,substitution
小学,商学部,shogaku,shogakubu,prefix
食用,食欲,shokuyo,shokuyoku,prefix
宿駅,宿敵,shukueki,shukuteki,insertion
主食,出色,shushoku,shusshoku,insertion
出演,出現,shutsuen,shutsugen,insertion
即日,翌日,sokujitsu,yokujitsu,substitution
窄まる,つぼまる,subomaru,tsubomaru,insertion
窄める,つぼめる,subomeru,tsubomeru,insertion
好き好き,月々,sukizuki,tsukizuki,insertion
立場,橘,tachiba,tachibana,prefix
玉串,玉虫,tamagushi,tamamushi,substitution
楽しい,楽しみ,tanoshii,tanoshimi,insertion
提出,転出,teishutsu,tenshutsu,substitution
手回し,遠回し,temawashi,tomawashi,substitution
通り道,寄り道,torimichi,yorimichi,substitution
年子,年頃,toshigo,toshigoro,prefix
年半,年若,toshinaka,toshiwaka,substitution
つぼまる,つぼめる,tsubomaru,tsubomeru,substitution
つぼまる,勤まる,tsubomaru,tsutomaru,substitution
つぼめる,努める,tsubomeru,tsutomeru,substitution
衝立,積立,tsuitate,tsumitate,insertion
仕える,掴める,tsukaeru,tsukameru,insertion
仕える,疲れる,tsukaeru,tsukareru,insertion
仕える,つっかえる,tsukaeru,tsukkaeru,insertion
捕まる,掴める,tsukamaru,tsukameru,substitution
掴める,疲れる,tsukameru,tsukareru,substitution
漬け物,付き物,tsukemono,tsukimono,substitution
付き人,釣り人,tsukibito,tsuribito,substitution
旁,作り手,tsukuri,tsukurite,prefix
繋がる,繋げる,tsunagaru,tsunageru,substitution
つなぎ,繋ぎ目,tsunagi,tsunagime,prefix
連なる,連ねる,tsuranaru,tsuraneru,substitution
釣り針,釣り堀,tsuribari,tsuribori,substitution
釣り人,釣り糸,tsuribito,tsuriito,insertion
勤まる,努める,tsutomaru,tsutomeru,substitution
うなだれる,魘される,unadareru,unasareru,substitution
私,渡し場,watashi,watashiba,prefix
宿無し,宿主,yadonashi,yadonushi,substitution
柔らか,柔らかい,yawaraka,yawarakai,insertion
余力,葉緑素,yoryoku,yoryokuso,prefix
ざらつく,ざわつく,zaratsuku,zawatsuku,substitution
足型,足固め,ashigata,ashigatame,prefix
後回し,遠回し,atomawashi,tomawashi,insertion
ぶら下がる,ぶら下げる,burasagaru,burasageru,substitution
部室,不躾け,bushitsu,bushitsuke,prefix
着実,白日,chakujitsu,hakujitsu,insertion
劇作,劇作家,gekisaku,gekisakuka,prefix
人使い,人付き合い,hitozukai,hitozukiai,insertion
戒める,卑しめる,imashimeru,iyashimeru,substitution
片側,肩代わり,katagawa,katagawari,prefix
肩車,風車,kataguruma,kazaguruma,substitution
変わり者,飾り物,kawarimono,kazarimono,substitution
くちばし,口出し,kuchibashi,kuchidashi,substitution
くちばし,梔子,kuchibashi,kuchinashi,substitution
口出し,梔子,kuchidashi,kuchinashi,substitution
熊蜂,熊ん蜂,kumabachi,kumanbachi,insertion
覆る,覆す,kutsugaeru,kutsugaesu,substitution
蒔き直し,焼き直し,makinaoshi,yakinaoshi,substitution
水玉,水溜まり,mizutama,mizutamari,prefix
物別れ,物分かり,monowakare,monowakari,last_char_differs
望ましい,おぞましい,nozomashii,ozomashii,insertion
正室,石室,seishitsu,sekishitsu,insertion
寝室,進出,shinshitsu,shinshutsu,substitution
寝室,脂質,shinshitsu,shishitsu,insertion
進出,支出,shinshutsu,shishutsu,insertion
側室,浴室,sokushitsu,yokushitsu,substitution
使い物,付き物,tsukaimono,tsukimono,insertion
捕まえる,捕まる,tsukamaeru,tsukamaru,insertion
捕まえる,掴める,tsukamaeru,tsukameru,insertion
縮かまる,縮かめる,chijikamaru,chijikameru,substitution
縮かまる,縮こまる,chijikamaru,chijikomaru,substitution
花畑,御花畑,hanabatake,ohanabatake,insertion
花祭り,雛祭り,hanamatsuri,hinamatsuri,substitution
独り立ち,独り勝ち,hitoridachi,hitorigachi,substitution
一番鶏,一番乗り,ichibandori,ichibannori,substitution
口直し,梔子,kuchinaoshi,kuchinashi,insertion
忍びない,忍び泣き,shinobinai,shinobinaki,insertion
白玉,白玉粉,shiratama,shiratamako,prefix
確かめる,窘める,tashikameru,tashinameru,substitution
年の功,年のころ,toshinoko,toshinokoro,prefix
捕まえる,掴まれる,tsukamaeru,tsukamareru,insertion
吹き曝し,吹きっさらし,fukisarashi,fukissarashi,insertion
